time,root_dist,x,y,z,rel_vel_mag,Re,alpha_deg,alpha_geom_deg,cl,cd,fx,fy,fz,end_effect_factor,c_ref_t,c_ref_n,f_ref_t,f_ref_n
0.5,0.875,882,24.0658322448,136.659251155,50.9901951359,14396231.76,7.47218247402,7.47218247402,0.456522399808,0.0440044791184,5275.38533072,476.5834991,-245.811457664,0.402045442609,0.0463814667871,0.456287031646,255.353165396,2512.08825273
1,0.875,882,42.776903275,120.436598795,50.9878983765,14395583.3083,7.43195596402,7.47218247402,0.855259927342,0.0437332394529,9795.39912918,832.751073808,-1170.38412789,0.754049346932,0.124251445059,0.847315595248,684.004707146,4664.4757758
1.5,0.875,882,51.9699115095,97.441659606,50.9863799034,14395154.5927,7.38047791904,7.47218247402,0.855024297631,0.0433861328382,9792.64982269,202.828371767,-1416.4814155,0.754929084318,0.123784748316,0.847128232411,681.39495256,4663.16658223
2,0.875,882,49.5993692445,72.7909160457,50.9863531703,14395147.0451,7.33449205488,7.47218247402,0.855200595131,0.0430760589487,9795.08970406,-467.752461076,-1348.13840723,0.756059060389,0.123443156351,0.847340186653,679.513886851,4664.3284305
2.5,0.875,882,36.1927333179,51.969274856,50.9872659571,14395404.7552,7.28695287432,7.47218247402,0.855204573266,0.0427555113438,9795.95122528,-1030.48573286,-980.683254823,0.757072456631,0.123055354826,0.847384372959,677.403421157,4664.73867871
3,0.875,882,14.7330434745,39.6096494358,50.9876556276,14395514.7722,7.24529528677,7.47218247402,0.855390101899,0.0424746221959,9798.61323493,-1362.02248094,-398.225775379,0.758124045322,0.122750536239,0.847601690543,675.73576374,4666.00630235
3.5,0.875,882,-10.004818051,38.4621147527,50.9828287256,14394151.9769,7.19796094768,7.47218247402,0.855293211105,0.0421554557978,9796.1215312,-1388.174283,269.480035082,0.759048854322,0.122344974195,0.847546616243,673.375651883,4664.81977676
4,0.875,882,-32.5165603584,48.7820026874,50.9763550705,14392324.2482,7.15602252372,7.47218247402,0.855469789701,0.0418726730238,9796.04591996,-1107.12136892,873.399513899,0.760103471482,0.122035835285,0.84775535194,671.503615598,4664.78377141
4.5,0.875,882,-47.7932145763,68.2730894865,50.9733725068,14391482.1711,7.1087061094,7.47218247402,0.855382305299,0.0415536274889,9794.36833421,-581.590255554,1279.33825943,0.761041241392,0.121632322279,0.847709366678,669.204964958,4663.98492105
5,0.875,882,-52.4356530676,92.5985163801,50.9720218226,14391100.8279,7.05642703311,7.47218247402,0.855311236785,0.0412011196733,9793.55143052,69.301842992,1398.44698455,0.762103087865,0.121191509368,0.847683586068,666.744334598,4663.5959193
5.5,0.875,882,-45.4109113653,116.34576112,50.971064221,14390830.4651,7.00224104362,7.47218247402,0.855067390678,0.0408777278866,9791.03369971,699.536589891,1205.75731087,0.763281033196,0.120661542522,0.847497506423,663.803739351,4662.39699986
6,0.875,882,-28.2820276403,134.230949713,50.9679598113,14389953.9867,6.94850266774,7.47218247402,0.853958388619,0.0407104905357,9778.19825341,1166.12640658,745.641219025,0.764507207552,0.119823349581,0.846489597354,659.112235966,4656.28488258
6.5,0.875,882,-4.86025933361,142.274543319,50.9638447328,14388792.1629,6.89868939154,7.47218247402,0.853017683061,0.0405554683524,9766.81072052,1369.24146586,127.306107177,0.765728566807,0.119064424512,0.845640335156,654.8318641,4650.86224787
7,0.875,882,19.642939605,138.68680441,50.9619439007,14388255.4946,6.86969166605,7.47218247402,0.852940399065,0.0404652255285,9765.70621702,1271.38375549,-512.946261857,0.766865463263,0.118710738472,0.84560778107,652.837956248,4650.33629382
7.5,0.875,882,39.7754918081,124.266021821,50.9662806841,14389479.9131,6.85452564642,7.47218247402,0.852975434852,0.0404180278805,9768.02750443,893.669855074,-1037.35876273,0.767529393363,0.118539783021,0.845664844533,652.008759397,4651.44166878
8,0.875,882,51.0578094273,102.220887713,50.9757129617,14392142.9595,6.84374676132,7.47218247402,0.85286185873,0.040384483283,9770.53939309,318.447131932,-1330.44451083,0.767877253631,0.118392600613,0.845569304485,651.440262398,4652.63780623
8.5,0.875,882,50.9795235634,77.4565484317,50.9850893213,14394790.2184,6.83232832524,7.47218247402,0.852606732962,0.0403489483609,9771.43248393,-326.473211205,-1326.86355688,0.768124746241,0.11821176844,0.845335588112,650.684561237,4653.06308759
9,0.875,882,39.5580531906,55.4831863033,50.9976302602,14398330.9435,6.82196170295,7.47218247402,0.852416654882,0.0403166867522,9774.25796105,-897.635094432,-1028.7362305,0.768387158701,0.118055363569,0.845164196996,650.143363695,4654.40855288
9.5,0.875,882,19.334729352,41.1899780692,50.997284233,14398233.2484,6.81112959654,7.47218247402,0.8521780596,0.0402829765265,9771.59944335,-1267.48740194,-502.079796409,0.76862560868,0.117884617851,0.844945785442,649.194239116,4653.14259207
10,0.875,882,-5.19066298659,37.7572299953,50.9673462993,14389780.7718,6.79284205923,7.47218247402,0.851604855727,0.0402260645108,9753.93529134,-1351.36332897,134.266839459,0.768874979037,0.11756511676,0.844409503668,646.674807275,4644.73109111
10.5,0.875,882,-28.5611083217,45.9487447235,50.9382111862,14381554.9582,6.77352763351,7.47218247402,0.851173823683,0.0401659567509,9738.22775299,-1135.21882988,736.031419888,0.769296479439,0.117260166916,0.844014357378,644.260204819,4637.25131095
11,0.875,882,-45.5765723069,63.9418715799,50.9317125361,14379720.1727,6.73950632017,7.47218247402,0.850084628065,0.040060080192,9723.96994079,-667.93900317,1168.24853204,0.769742324719,0.116663127635,0.842993712638,640.816362943,4630.46187657
11.5,0.875,882,-52.4510339282,87.7330549494,50.9375549369,14381369.6772,6.69696137758,7.47218247402,0.848972809584,0.0399276775398,9714.30686493,-57.7728617588,1336.70921199,0.770529350685,0.115964026952,0.841962822992,637.122432046,4625.86041187
12,0.875,882,-47.654893042,112.028644288,50.9425327875,14382775.0903,6.65353040085,7.47218247402,0.848035732839,0.0397925174911,9706.30016379,558.234313673,1207.63657368,0.7715166045,0.115288046555,0.841104461374,633.532307276,4622.04769704
12.5,0.875,882,-32.255313623,131.422756343,50.9450696173,14383491.322,6.61007804944,7.47218247402,0.847118864673,0.0396572909231,9697.58393951,1043.69882831,812.713493913,0.772527923204,0.114616850692,0.840265463497,629.906674766,4617.89711405
13,0.875,882,-9.67877474576,141.600109684,50.9412138197,14382402.7018,6.57134441377,7.47218247402,0.846421692321,0.039536749308,9688.84413537,1293.4065722,242.607834434,0.773543294369,0.114041376366,0.839635278115,626.649138983,4613.73530256
13.5,0.875,882,15.0513371759,140.296195176,50.9430998464,14382935.19,6.56176960253,7.47218247402,0.84696726796,0.0395069518673,9695.91193072,1260.67758377,-377.262799241,0.774451407851,0.114028851965,0.840185558767,626.626715673,4617.10091939
14,0.875,882,36.4324555653,127.80113995,50.9514939018,14385305.1116,6.57115953684,7.47218247402,0.847652818652,0.0395361739589,9706.73629723,949.735545472,-915.34800552,0.774676328002,0.114261663152,0.840846408302,628.113032266,4622.25537963
14.5,0.875,882,49.7071807068,106.895152742,50.9656334446,14389297.1759,6.5833957749,7.47218247402,0.847984111434,0.0395742539344,9715.68540816,425.469264344,-1251.77190943,0.774455749117,0.114463707032,0.841154703126,629.572976995,4626.51686103
15,0.875,882,51.9218236278,82.2299143399,50.9881701957,14395660.0519,6.58664472528,7.47218247402,0.847821647374,0.0395843648811,9722.37867518,-195.860827829,-1308.79526983,0.774168558395,0.114472064459,0.840990258064,630.17589637,4629.70413104
15.5,0.875,882,42.5836158298,59.2935566556,51.0079628019,14401248.1644,6.58610915006,7.47218247402,0.84771313736,0.0395826981359,9728.70240431,-774.444497726,-1073.99761681,0.774092351508,0.114446209915,0.84088430731,630.522793734,4632.71543063
16,0.875,882,23.7703526045,43.1895274852,51.0076999881,14401173.9633,6.60349211048,7.47218247402,0.848540039641,0.039636795049,9737.72183851,-1184.2193413,-601.346446456,0.774104912504,0.114797976396,0.841672560448,632.454276616,4637.01039929
16.5,0.875,882,-0.331926221303,37.5010492964,50.9577054818,14387058.8477,6.60318409741,7.47218247402,0.848079053319,0.0396358364921,9713.41292991,-1324.51924815,8.37431345179,0.773697502064,0.114710853611,0.841219650434,630.736057769,4625.43472853
17,0.875,882,-24.3603498969,43.4938353237,50.901628228,14371226.3697,6.60255312584,7.47218247402,0.84805746033,0.0396338728672,9691.81191086,-1170.62883619,613.185977544,0.7737047161,0.114699607876,0.841199322309,629.28691515,4615.14852898
17.5,0.875,882,-42.9684807908,59.8344624027,50.8861941579,14366868.8172,6.57377199379,7.47218247402,0.846727994933,0.0395443040962,9671.35524331,-755.048301173,1075.5080469,0.773719494771,0.114124874661,0.839933070175,625.754056876,4605.40725872
18,0.875,882,-52.0159219879,82.8870639151,50.8968208632,14369869.0904,6.54672113878,7.47218247402,0.846200726733,0.0394601200609,9669.86560779,-177.474301181,1297.84512259,0.774394409617,0.113716070996,0.839453051812,623.773006894,4604.69790847
18.5,0.875,882,-49.489575137,107.522327264,50.9118269917,14374105.8207,6.51736188814,7.47218247402,0.845520429829,0.039368752147,9668.33610331,435.676577427,1230.51284162,0.77503018004,0.113253504664,0.838825571609,621.60204357,4603.969573
19,0.875,882,-35.9515643314,128.258790129,50.9216967124,14376892.3718,6.48229012043,7.47218247402,0.8446309005,0.0392596065052,9662.56633809,946.887161209,889.784401861,0.775721775982,0.112688047411,0.838000046988,618.738306948,4601.22206576
19.5,0.875,882,-14.4141608463,140.482491689,50.9209046706,14376668.752,6.44166849993,7.47218247402,0.843626576725,0.0391331893575,9651.53026943,1242.18383586,354.678166861,0.776550087117,0.112039060709,0.837068967494,615.155767033,4595.96679497
20,0.875,882,10.3304614316,141.473600677,50.9241193544,14377576.3644,6.43153283614,7.47218247402,0.844195799606,0.0391016465068,9659.37138774,1266.5552452,-254.19049648,0.777512404339,0.11202349647,0.837643255253,615.14797321,4599.70066083
20.5,0.875,882,32.776507303,131.011590667,50.9362978314,14381014.7544,6.44908065963,7.47218247402,0.845281765239,0.0391562564847,9676.03576513,1013.18614753,-809.739457161,0.777753007511,0.112420229235,0.838687168809,617.621830231,4607.63607863
21,0.875,882,47.9296256632,111.424308245,50.9546702552,14386201.902,6.4697149381,7.47218247402,0.845798445395,0.0392204717129,9688.55082995,531.227647991,-1188.44174658,0.777336576824,0.112751534345,0.839166459731,619.888915328,4613.59563331
21.5,0.875,882,52.4181761864,87.0700161614,50.9827165099,14394120.2946,6.48626387888,7.47218247402,0.846043337113,0.0392719731022,9701.73376644,-72.882549352,-1303.88784488,0.776847653738,0.112987129608,0.839384015029,621.868185686,4619.87322211
22,0.875,882,45.2434352045,63.367659305,51.0111886176,14402158.9197,6.49800683307,7.47218247402,0.846167911947,0.039308517946,9713.79875328,-664.142317296,-1128.25531347,0.776456118754,0.113145560589,0.839489950453,623.435924111,4625.61845394
22.5,0.875,882,28.0018164359,45.5911239019,51.0122345257,14402454.2144,6.50911236158,7.47218247402,0.84638637415,0.0393430790792,9716.50180236,-1109.1329134,-699.358753766,0.776178606344,0.11331351335,0.839689120991,624.386953046,4626.90562017
23,0.875,882,4.52966140053,37.6957729471,50.956628681,14386754.8309,6.51829779376,7.47218247402,0.846531134855,0.0393716647467,9696.82410265,-1305.00109783,-113.015972772,0.775916399387,0.113446030375,0.839818485422,623.755082217,4617.53528698
23.5,0.875,882,-19.9503646669,41.4383592775,50.882551581,14365840.3964,6.53510664855,7.47218247402,0.84708262947,0.0394239750054,9674.6218252,-1211.23577008,497.606649015,0.775699704208,0.113740245926,0.840337067736,623.555831339,4606.96277391
24,0.875,882,-39.9913404722,55.9861397775,50.8512796872,14357011.2983,6.515630371,7.47218247402,0.845737571803,0.0393633635521,9647.83788195,-843.85439284,992.150497245,0.775303578924,0.113272480088,0.839041631866,620.22833289,4594.20851521
24.5,0.875,882,-51.1340543474,78.1021646508,50.8644588299,14360732.2096,6.48973767386,7.47218247402,0.845024498189,0.03928278378,9645.19040736,-294.21276829,1264.4562008,0.775762615319,0.112844733466,0.838376768387,618.206504911,4592.94781303
25,0.875,882,-50.8991998851,102.865514022,50.8846258839,14366426.0412,6.46630046532,7.47218247402,0.844590898083,0.0392098456496,9648.30890434,317.410099871,1255.7539552,0.776373997799,0.112495983599,0.837983204363,616.784722567,4594.43281159
25.5,0.875,882,-39.3390333113,124.766225825,50.9019144384,14371307.1764,6.43829708356,7.47218247402,0.843879394081,0.0391226972885,9647.25330905,854.874890177,967.316727179,0.776928502517,0.112045229522,0.837322449083,614.730870179,4593.93014717
26,0.875,882,-19.0257462282,138.931288359,50.9083237905,14373116.7502,6.4113810744,7.47218247402,0.843335757852,0.0390389329024,9643.95157676,1199.10720361,466.243790455,0.777592414136,0.111637565056,0.836825126787,612.648493341,4592.35789369
26.5,0.875,882,5.5208591522,142.20890838,50.9110700399,14373892.1079,6.38983898093,7.47218247402,0.843016298644,0.0389718924943,9641.71450224,1276.06614042,-134.938301695,0.778231959679,0.111332179689,0.836540754507,611.038508567,4591.29262011
27,0.875,882,28.8390473244,133.86979997,50.9249452149,14377809.5323,6.41146903436,7.47218247402,0.844589732363,0.0390392066395,9664.47869493,1077.93263708,-708.609347535,0.778744816819,0.111861700224,0.838058969102,614.279434723,4602.13271187
27.5,0.875,882,45.7404114072,115.769454094,50.9464259836,14383874.2694,6.43185776559,7.47218247402,0.844990076616,0.0391026577086,9676.85075831,635.460212396,-1127.93276264,0.778229867422,0.112168855754,0.838424352711,616.485908162,4608.02417062
28,0.875,882,52.4643181535,91.9352831041,50.9754122698,14392058.0642,6.4438376779,7.47218247402,0.845026967407,0.0391399399816,9688.09040193,47.8391587015,-1296.88976098,0.777745291197,0.112314059418,0.838443833899,617.986570027,4613.37638187
28.5,0.875,882,47.5146665893,67.6705024932,51.0062917942,14400776.3832,6.45068600588,7.47218247402,0.845039756978,0.0391612524275,9699.86576633,-553.043292471,-1176.81410624,0.777460937322,0.112395588844,0.838446793884,619.184659555,4618.98369825
29,0.875,882,31.9927775398,48.3741404258,51.014043903,14402965.062,6.46419807393,7.47218247402,0.845497890709,0.0392033028697,9707.81066592,-1033.46352466,-794.298759905,0.777298509445,0.112633874794,0.838878532565,620.685996173,4622.76698377
29.5,0.875,882,9.35234454901,38.3397285002,50.9635815139,14388717.8474,6.47988449313,7.47218247402,0.845886089431,0.0392521200352,9692.76996544,-1282.91051197,-232.252382443,0.776978294559,0.112885039004,0.839238329194,620.839996928,4615.60474545
30,0.875,882,-15.3690292273,39.7999707111,50.8809788364,14365396.3581,6.49701172511,7.47218247402,0.846285626718,0.0393054211047,9665.62106573,-1245.58279608,381.342375077,0.776606988159,0.11315514491,0.839607164868,620.309795494,4602.67669797
30.5,0.875,882,-36.670721491,52.4299562773,50.8374310703,14353101.3722,6.49965462529,7.47218247402,0.845968390692,0.0393136459834,9645.45336433,-930.391425462,908.120445442,0.776202112794,0.11312885598,0.839291333659,619.104566612,4593.07303063
31,0.875,882,-49.8130052144,73.4194538234,50.844088169,14354980.893,6.47849824334,7.47218247402,0.84490809067,0.039247805935,9636.33212285,-409.131893038,1229.15668182,0.776139686327,0.112693837062,0.838278098866,616.88542808,4588.72958231
31.5,0.875,882,-51.8716602649,98.0982011191,50.8663481341,14361265.6232,6.44968488725,7.47218247402,0.844100241372,0.0391581368807,9636.09302459,199.153856518,1275.64641009,0.776639782564,0.112216219513,0.837523789063,614.808935926,4588.61572599
32,0.875,882,-42.3886261813,120.975060459,50.8880355201,14367388.6952,6.41232775102,7.47218247402,0.843087218237,0.0390418790221,9633.43485605,758.241831797,1037.63573296,0.77732224827,0.111604266134,0.836579233339,611.977685074,4587.34993145
32.5,0.875,882,-23.4739227873,136.95982271,50.8998476425,14370723.6511,6.39860821488,7.47218247402,0.843404292436,0.0389991829256,9641.72253001,1149.01758534,574.362263802,0.778209442358,0.111502306659,0.836910372966,611.702471937,4591.29644286
33,0.875,882,0.663839174455,142.495802857,50.9038675958,14371858.6179,6.3750721826,7.47218247402,0.842650861424,0.0389259372493,9635.07904959,1280.00574113,-16.1863979262,0.778535938423,0.111097008258,0.836201624972,609.575276251,4588.13288075
33.5,0.875,882,24.653893788,136.351219197,50.9189841375,14376126.5215,6.39501860817,7.47218247402,0.844197084869,0.0389880118341,9658.02635013,1135.9909254,-604.225737832,0.779096887485,0.111601704697,0.837695554887,612.708222714,4599.06016673
34,0.875,882,43.1583407191,119.893270587,50.939047827,14381791.1698,6.39031357696,7.47218247402,0.84346051349,0.0389733694683,9657.3509225,731.99502644,-1056.8161374,0.778621423072,0.11141653327,0.836977250264,612.173753551,4598.73853452
34.5,0.875,882,52.0598532237,96.7839282371,50.9674694531,14389815.5422,6.42075646743,7.47218247402,0.845014516556,0.0390681097405,9685.30406584,167.240833739,-1283.40586061,0.778733508422,0.1120447536,0.838463966775,616.312657999,4612.04955516
35,0.875,882,49.377802773,72.1651298488,51.0014436654,14399407.5949,6.43576026829,7.47218247402,0.844933774161,0.039114802553,9697.05821923,-440.886220832,-1220.64207214,0.778009035535,0.112203970327,0.838363476983,618.011537363,4617.64677106
35.5,0.875,882,35.708958246,51.5146742123,51.0179119663,14404057.1452,6.45127668732,7.47218247402,0.84527587163,0.0391630906669,9706.96514831,-954.03109781,-885.206398536,0.777652631676,0.112444597319,0.838678281205,619.736924582,4622.36435634
36,0.875,882,14.094702038,39.4273851333,50.9756717643,14392131.3281,6.45863187095,7.47218247402,0.845221208938,0.0391859804808,9690.15701675,-1252.43251525,-349.055772016,0.777284503928,0.112519967726,0.838614148443,619.125844368,4614.36048417
36.5,0.875,882,-10.6556918708,38.5927414585,50.8891762404,14367710.7585,6.47676875406,7.47218247402,0.845883337423,0.0392424236508,9664.50783393,-1272.489734,263.761556226,0.777110162627,0.112848448073,0.839240022944,618.827851409,4602.14658759
37,0.875,882,-33.0351440658,49.1964553433,50.833848801,14352089.9781,6.47962421717,7.47218247402,0.845549888618,0.0392513100394,9639.68850129,-1007.58188391,815.752968844,0.776680702098,0.112821809764,0.838907932209,617.337226696,4590.32785776
37.5,0.875,882,-48.0641208498,68.8791504211,50.8317222224,14351489.5741,6.45774939223,7.47218247402,0.844449757027,0.0391832341492,9626.79963194,-519.424071746,1182.03868947,0.776613145208,0.112371875668,0.83785635973,614.823837705,4584.19030093
38,0.875,882,-52.3986039832,93.2613341763,50.8533508879,14357596.0674,6.4420365641,7.47218247402,0.844275033373,0.0391343347973,9633.27036771,80.1220609855,1287.29039006,0.77713107473,0.112159031322,0.837706499813,614.18162518,4587.27160367
38.5,0.875,882,-45.0741505192,116.917855691,50.881049225,14365416.2312,6.41646311436,7.47218247402,0.84347828488,0.0390547485441,9635.15364675,659.436723674,1104.23172196,0.777503670828,0.111721598657,0.836958287396,612.452874456,4588.16840321
39,0.875,882,-27.7204859094,134.585027318,50.8940697251,14369092.3524,6.38981559799,7.47218247402,0.842884278651,0.0389718197251,9633.78035071,1088.76716831,676.934764054,0.778111100176,0.111308468666,0.836410864786,610.500449259,4587.51445272
39.5,0.875,882,-4.19888240241,142.33182002,50.898245888,14370271.4224,6.35280416946,7.47218247402,0.841829638821,0.0388566377316,9623.99529541,1271.10838913,101.988324592,0.778745373985,0.110694923553,0.8354242114,607.234942646,4582.85490258
40,0.875,882,20.256992249,138.434535871,50.9156112737,14375174.2496,6.38190294725,7.47218247402,0.844155313581,0.0389471950369,9656.48377501,1185.20127282,-495.692021515,0.77962859472,0.111442701729,0.83767272946,611.754222223,4598.32560715
40.5,0.875,882,40.2055905546,123.760338982,50.9365644887,14381090.0406,6.38709503808,7.47218247402,0.843647596826,0.0389633531642,9658.58515819,826.577830479,-984.381401853,0.778933976045,0.111412583325,0.837165841872,612.092365933,4599.3262658
41,0.875,882,51.208255276,101.574307391,50.9615176072,14388135.1378,6.39826004566,7.47218247402,0.844038999927,0.0389980994002,9672.31928455,284.164895559,-1257.23190342,0.778810206359,0.111611076878,0.837535463531,613.783801385,4605.86632598
41.5,0.875,882,50.8168416033,76.8129377999,50.9937210501,14397227.2431,6.41084356501,7.47218247402,0.844342757884,0.0390372601379,9687.80059982,-324.748804685,-1251.43176835,0.778544228812,0.111810525443,0.837816809852,615.657983098,4613.23838087
42,0.875,882,39.1184409252,54.9857517633,51.0184859855,14404219.2099,6.43400990728,7.47218247402,0.845107443043,0.0391093553147,9705.54623892,-866.229661833,-967.764711809,0.778244745455,0.11221468673,0.838536818536,618.483692679,4621.6886852
42.5,0.875,882,18.7160025845,40.9494011529,50.9904805349,14396312.3377,6.45486263921,7.47218247402,0.845489564369,0.0391742503844,9698.90198512,-1215.49229453,-463.789585867,0.77769418797,0.112524288667,0.838883490009,619.509406153,4618.52475482
43,0.875,882,-5.85083463143,37.8270402017,50.9035437838,14371767.1949,6.46354384062,7.47218247402,0.845359459829,0.0392012668527,9664.24186273,-1289.34538043,144.591118327,0.777199492524,0.112601544406,0.838743255021,617.822616069,4602.01993463
43.5,0.875,882,-29.1158335382,46.3134089522,50.8358583864,14352657.3511,6.47441760274,7.47218247402,0.845646273401,0.0392351067137,9641.62485236,-1078.4480959,718.75407274,0.776993790833,0.112778771128,0.83901010846,617.150520349,4591.24992969
44,0.875,882,-45.9024221172,64.5202503197,50.8254808927,14349727.4387,6.46367552805,7.47218247402,0.844861869323,0.0392016766726,9628.99767941,-627.261249377,1130.027218,0.776736339241,0.112514086477,0.838253499864,615.450757216,4585.23699019
44.5,0.875,882,-52.4755052123,88.3964562019,50.8445171,14355101.9946,6.43391446098,7.47218247402,0.843741144285,0.0391090582796,9624.01570637,-39.3146101852,1286.55920349,0.776990671598,0.111969949724,0.837192550945,612.933214405,4582.86462208
45,0.875,882,-47.3725408236,112.629458144,50.8734245935,14363263.5436,6.4025274829,7.47218247402,0.843032516047,0.0390113799448,9627.44139771,553.021677255,1157.69638914,0.777696454182,0.111481458666,0.836539057816,610.953291197,4584.49590367
45.5,0.875,882,-31.728962603,131.827298886,50.8882482345,14367448.7515,6.37855523966,7.47218247402,0.842713714884,0.0389367767513,9629.8237495,1019.7204804,773.530059303,0.778442631279,0.111148321779,0.836258649225,609.482627105,4585.6303569
46,0.875,882,-9.02554050917,141.718368289,50.894995374,14369353.6939,6.36078339387,7.47218247402,0.842495438565,0.0388814696014,9630.18687684,1258.42804212,219.612366896,0.779013806548,0.110904713449,0.836068464431,608.308074936,4585.80327469
46.5,0.875,882,15.6861069295,140.101856746,50.9102269199,14373654.067,6.35802597138,7.47218247402,0.842824280005,0.0388728883217,9639.72601644,1220.11492293,-381.998879691,0.7794379602,0.110931131316,0.836395930477,608.817218651,4590.34572211
47,0.875,882,36.9075215709,127.337445701,50.933657451,14380269.287,6.3865275871,7.47218247402,0.844238059028,0.0389615872195,9664.19520199,914.860381457,-904.32616985,0.779503824925,0.111510838101,0.837747717739,612.562244333,4601.99771523
47.5,0.875,882,49.9168385369,106.265276834,50.9566399839,14386758.0221,6.39705703246,7.47218247402,0.843997039057,0.0389943555442,9670.01045138,399.181701221,-1225.05683306,0.778823730805,0.111589720073,0.837495848393,613.548888993,4604.76688161
48,0.875,882,51.819423426,81.5740071329,50.9860372228,14395057.8426,6.40329772113,7.47218247402,0.844018806532,0.0390137769767,9681.31803422,-207.169968316,-1274.08466617,0.778572876007,0.111665697946,0.837508562628,614.67524238,4610.15144487
48.5,0.875,882,42.1919421241,58.7575605979,51.0141575727,14402997.1547,6.41811931264,7.47218247402,0.844554937299,0.0390599027418,9697.86569072,-770.842492143,-1040.99879644,0.778424297459,0.111932411854,0.838015425452,616.823227391,4618.03128129
49,0.875,882,23.1765546424,42.8927042285,50.9999126568,14398975.3401,6.44206942227,7.47218247402,0.845298499109,0.0391344370541,9700.52428175,-1165.87720298,-573.605770795,0.778071723671,0.112342054373,0.838713490757,618.734945342,4619.29727702
49.5,0.875,882,-0.995725591834,37.5094434155,50.9202569819,14376485.8879,6.4530173016,7.47218247402,0.845194890492,0.0391685075727,9668.8929868,-1296.30232575,24.5903546178,0.777502891175,0.112450279315,0.838596154046,617.397875969,4604.23475562
50,0.875,882,-24.9464521842,43.8055790877,50.8424821425,14354527.4582,6.47068377863,7.47218247402,0.845742388875,0.0392234868082,9645.28510425,-1140.39020892,615.846876229,0.777243236484,0.112752726602,0.83910994089,617.168797874,4592.99290679
50.5,0.875,882,-43.3464754707,60.3801913533,50.8233499619,14349125.8059,6.45921065533,7.47218247402,0.844748405507,0.0391877816958,9626.98017035,-728.654058364,1066.33319763,0.776824717332,0.112442153313,0.838148145019,615.005710414,4584.2762716
51,0.875,882,-52.1017034609,83.545350786,50.8379403804,14353245.1674,6.43496142731,7.47218247402,0.843905172456,0.0391123165075,9623.36419697,-158.268236253,1277.53568616,0.777096447978,0.112011293467,0.837352484642,613.000919981,4582.55437951
51.5,0.875,882,-49.2640566205,108.146700121,50.868481543,14361867.9556,6.40865710818,7.47218247402,0.843293625247,0.0390304557408,9628.42888741,443.851278346,1204.95265594,0.777671596677,0.111598627781,0.836787464734,611.476570645,4584.96613686
52,0.875,882,-35.4649247594,128.710323065,50.8872890038,14367177.9287,6.38477348215,7.47218247402,0.84284825498,0.0389561283299,9630.8859283,944.506798014,865.321182412,0.778296760573,0.111243911935,0.836382420257,609.983799686,4586.13615633
52.5,0.875,882,-13.7746798195,140.660716496,50.8923302121,14368601.2299,6.35912664508,7.47218247402,0.842257114797,0.0388763136905,9626.50326283,1231.88263835,334.949643276,0.778865541492,0.110843421638,0.835836198708,607.908219403,4584.04917278
53,0.875,882,10.9804963678,141.338861494,50.9055288632,14372327.649,6.3552202621,7.47218247402,0.842734912593,0.0388641567704,9636.97820225,1249.46568611,-267.239144553,0.779477532108,0.110882952754,0.83631185952,608.440492126,4589.03723916
53.5,0.875,882,33.2924603084,130.593867599,50.9264298565,14378228.6962,6.372826677,7.47218247402,0.843665227196,0.0389189490885,9655.17108716,992.050867877,-813.615851274,0.779570858055,0.111250926681,0.83720304078,610.961043233,4597.70051769
54,0.875,882,48.19669476,110.816546645,50.9477260437,14384241.3197,6.37774177947,7.47218247402,0.843441685923,0.0389342452098,9660.62973058,509.227873885,-1179.0188267,0.779150461613,0.111268046625,0.836976209221,611.56622491,4600.2998717
54.5,0.875,882,52.3769372405,86.407445852,50.9754457064,14392067.5044,6.4004148777,7.47218247402,0.844382120033,0.0390048053788,9681.47385748,-88.3181900225,-1287.61769633,0.77903320783,0.111696962659,0.837870114044,614.591919733,4610.22564642
55,0.875,882,44.903064076,62.7977053066,51.0086536215,14401443.2058,6.41794590045,7.47218247402,0.844621234987,0.0390593630717,9696.53079698,-671.074212059,-1107.74802947,0.778492923021,0.111942210283,0.83808090659,616.744119956,4617.39561761
55.5,0.875,882,27.4380473066,45.240603668,51.0033398,14399942.9369,6.42951877332,7.47218247402,0.84471286736,0.0390953786112,9695.3661277,-1105.45471738,-677.657013194,0.778075846341,0.112092381291,0.838154863357,617.442820933,4616.84101319
56,0.875,882,3.86793556155,37.6426788835,50.9350130711,14380652.0237,6.44077805207,7.47218247402,0.844943515401,0.0391304182253,9671.84269378,-1291.61557071,-95.419049166,0.777800841297,0.112263764219,0.838366018569,616.731119531,4605.63937799
56.5,0.875,882,-20.5628100944,41.6945050639,50.852487345,14357352.2604,6.46302020741,7.47218247402,0.845698193533,0.0391996372718,9648.70591056,-1191.95230897,507.39339289,0.777533534162,0.112656053156,0.83907726688,616.882360145,4594.62186217
57,0.875,882,-40.4182334912,56.4945317679,50.8198914219,14348149.3448,6.45453170613,7.47218247402,0.844726056399,0.039173220499,9625.49298546,-823.704069059,993.648653414,0.777006194281,0.112384040975,0.83813273346,614.604206806,4583.56808831
57.5,0.875,882,-51.2804092471,78.7496832288,50.8332979368,14351934.4508,6.42401215457,7.47218247402,0.843511352772,0.0390782416525,9617.32992384,-275.32359044,1254.96078735,0.777207336856,0.111814645216,0.836980284321,611.812973892,4579.68091611
58,0.875,882,-50.7324520099,103.508083249,50.8622204317,14360100.2352,6.40230947655,7.47218247402,0.843277236423,0.0390107014948,9625.9750589,330.088249149,1239.71595008,0.77793166256,0.111522447967,0.83678018374,610.908748228,4583.79764709
58.5,0.875,882,-38.89628485,125.260871017,50.8835081704,14366110.4735,6.38218063509,7.47218247402,0.842889874255,0.0389480592197,9629.96790278,860.040392789,948.710997083,0.778447820646,0.111221387879,0.836426980863,609.769673853,4585.69900132
59,0.875,882,-18.4055108024,139.167948626,50.8906373931,14368123.2906,6.36710904724,7.47218247402,0.842699689481,0.0389011554496,9630.75187174,1197.3424119,448.21269368,0.778927355179,0.111013829978,0.836260722562,608.802301784,4586.07231988
59.5,0.875,882,6.1805762341,142.134925697,50.8989435842,14370468.4053,6.34712507683,7.47218247402,0.8421476157,0.0388389640228,9627.95492807,1266.25557982,-150.11413248,0.779286918744,0.11068573816,0.8357450204,607.201200966,4584.74044194
60,0.875,882,29.3914558992,133.501635833,50.9140700433,14374739.1089,6.35151382929,7.47218247402,0.842870358917,0.0388526221083,9641.80816848,1058.9021286,-715.436893772,0.779764350577,0.110864165207,0.836450300412,608.541557304,4591.33722308
60.5,0.875,882,46.0625979608,115.18902676,50.9357258737,14380853.2717,6.36411094871,7.47218247402,0.843350452771,0.0388918251703,9655.26189443,614.939533618,-1124.52588095,0.779659434205,0.111094514887,0.836905352483,610.324824658,4597.74375925
61,0.875,882,52.4845946576,91.2717403934,50.9613091795,14388076.2917,6.3838554816,7.47218247402,0.843954816748,0.0389532714519,9671.51528524,31.1719482046,-1286.46308216,0.779358496568,0.111429688692,0.837472694807,612.781279229,4605.48346916
61.5,0.875,882,47.2285214262,67.0714857896,50.9936213893,14397199.1056,6.38756519598,7.47218247402,0.843619307676,0.0389648163264,9679.90603917,-562.635158874,-1158.92492694,0.778887425225,0.111412991139,0.837137347513,613.466657403,4609.47906627
62,0.875,882,31.4638793582,47.972933772,50.9976538987,14398337.6174,6.39594657338,7.47218247402,0.843917979609,0.0389908997227,9684.70122498,-1032.83858316,-773.242376724,0.778799001233,0.111562843268,0.837419595287,614.388937805,4611.76248809
62.5,0.875,882,8.69837568965,38.2256022694,50.9434717309,14383040.1853,6.40607268362,7.47218247402,0.844178037102,0.039022412842,9666.92354946,-1271.54021654,-213.62555612,0.778599321686,0.111726079174,0.837661381623,613.981172297,4603.29692831
63,0.875,882,-16.0025576079,39.9983185282,50.8633051121,14360406.4767,6.41915953691,7.47218247402,0.84453221164,0.039063139988,9640.32193795,-1226.48998447,392.526332199,0.778358255035,0.111940394195,0.837991607088,613.224369844,4590.62949426
63.5,0.875,882,-37.1428463392,52.8966448172,50.8207797005,14348400.1354,6.42870563531,7.47218247402,0.844643313877,0.0390928480724,9625.31070151,-909.642747493,910.610930662,0.778046994779,0.112070580013,0.838087563171,612.911381606,4583.48128643
64,0.875,882,-50.018676524,74.0506426842,50.8308895595,14351254.4856,6.41170377754,7.47218247402,0.843597922048,0.0390399371757,9617.59485391,-389.841698982,1222.58003572,0.777820155441,0.111687937967,0.837082657383,611.061767665,4579.80707329
64.5,0.875,882,-51.7651151992,98.7534478013,50.8565407347,14358496.6674,6.3802438937,7.47218247402,0.842556752664,0.0389420319534,9616.02361553,213.121073693,1260.33046424,0.778224283782,0.111139952442,0.836101832484,608.677513508,4579.05886454
65,0.875,882,-41.9935715202,121.508569485,50.8788757621,14364802.5902,6.34223524845,7.47218247402,0.841578776933,0.0388237465561,9613.99728821,763.594467237,1017.69326239,0.778973535676,0.110528853077,0.835191890357,605.862531783,4578.09394677
65.5,0.875,882,-22.8782600566,137.252885804,50.8854745385,14366665.6447,6.33270873107,7.47218247402,0.842110525262,0.0387940994091,9622.66883432,1145.28352325,554.507811274,0.779881289202,0.110513060916,0.835728414183,605.933110628,4582.22325444
66,0.875,882,1.32757220688,142.483212097,50.8918228035,14368457.9715,6.31355249561,7.47218247402,0.841453622159,0.0387344839477,9617.92683636,1268.49560807,-32.0868225577,0.780109244931,0.110176542076,0.835108189439,604.238744819,4579.96516017
66.5,0.875,882,25.238013391,136.035776089,50.9041740231,14371945.1325,6.31346427113,7.47218247402,0.841944457689,0.0387342093873,9628.16441115,1114.06792595,-610.761099788,0.78056815522,0.110262034555,0.835591462705,605.001164639,4584.84019578
67,0.875,882,43.5328775252,119.345162708,50.9243166949,14377632.0802,6.32744413382,7.47218247402,0.8426061563,0.0387777156371,9643.07435235,712.50726653,-1056.98822931,0.780570270378,0.110539868863,0.836223524697,607.005721534,4591.94016779
67.5,0.875,882,52.1414710265,96.1251121779,50.9428268695,14382858.1195,6.3421090615,7.47218247402,0.842935991921,0.038823353854,9653.5985075,149.133428232,-1269.53370018,0.780235294102,0.110767272682,0.83652791381,608.6967222,4596.95167024
68,0.875,882,49.1483412263,71.5421952903,50.9744266369,14391779.7872,6.34493465181,7.47218247402,0.842689962968,0.0388321472764,9662.73534224,-449.921655126,-1198.02454187,0.779884307531,0.110756376924,0.836281851004,609.392154434,4601.30254393
68.5,0.875,882,35.2194736265,51.0662270327,50.9867356381,14395255.0285,6.3455505457,7.47218247402,0.842645964407,0.0388340639786,9666.89204892,-949.490028686,-858.908255617,0.779816728174,0.110755701065,0.836237693804,609.682774312,4603.28192806
69,0.875,882,13.454106983,39.2532069457,50.9463875336,14383863.4136,6.33803528696,7.47218247402,0.842275910662,0.0388106760004,9647.51444045,-1233.9236553,-327.140689451,0.779801999943,0.110603657303,0.835883849135,607.88257791,4594.05449545
69.5,0.875,882,-11.3048619394,38.7315877315,50.8734758243,14363278.0077,6.34686606088,7.47218247402,0.842886304741,0.0388381579481,9626.69396479,-1245.39826924,274.614618833,0.77998176664,0.110813368744,0.836472427842,607.293172409,4584.13998323
70,0.875,882,-33.5484457451,49.6174321261,50.8286186371,14350613.3285,6.34950708691,7.47218247402,0.842782494056,0.0388463769944,9608.50915582,-979.340149365,813.602046544,0.779770543704,0.110825475451,0.836366598618,606.288926712,4575.48055039
70.5,0.875,882,-48.3273420943,69.4885883934,50.8318339912,14351521.1302,6.33551080868,7.47218247402,0.842054788619,0.0388028196584,9601.71744567,-496.194924294,1169.09466358,0.779707402266,0.110535504825,0.835669688348,604.779102739,4572.2464027
71,0.875,882,-52.3531768242,93.9236305139,50.8546010061,14357949.0174,6.32302296605,7.47218247402,0.841827691517,0.038763956673,9607.94767377,94.8441342448,1265.50951047,0.780042177137,0.110351555757,0.835463368847,604.313619171,4575.21317799
71.5,0.875,882,-44.7301827139,117.485646334,50.8786452058,14364737.4965,6.29472514362,7.47218247402,0.840815998811,0.0386758919932,9606.01902438,661.989515446,1077.32274588,0.780341190477,0.109847624609,0.834506361777,602.122929372,4574.29477351
72,0.875,882,-27.1545119173,134.93197617,50.880204467,14365177.7278,6.25477179935,7.47218247402,0.839661633898,0.0385515545649,9594.15333777,1075.72884279,650.113664504,0.781019876459,0.109185806716,0.83342446653,598.531900043,4568.64444656
72.5,0.875,882,-3.53683410696,142.380729324,50.8834299852,14366088.3992,6.23237425469,7.47218247402,0.839636260823,0.0384818519367,9595.4325343,1251.2153732,84.4841464449,0.781980738802,0.108924195931,0.833429914844,597.173516555,4569.25358776
73,0.875,882,20.8678059786,138.174523076,50.8944115892,14369188.872,6.22993409192,7.47218247402,0.840100691388,0.0384742579901,9604.87987794,1151.80069267,-498.926649311,0.782520742649,0.108977365771,0.833890504772,597.722934819,4573.75232283
73.5,0.875,882,40.6292607818,123.249258162,50.910204912,14373647.8535,6.24372491682,7.47218247402,0.840816090639,0.0385171759419,9618.74377056,797.517885676,-974.534890293,0.782579633612,0.109261050344,0.834576116359,599.650886788,4580.35417646
74,0.875,882,51.3505133764,100.92587644,50.9228887159,14377228.9141,6.25025836363,7.47218247402,0.840767496335,0.0385375084569,9622.88286719,262.358969973,-1233.06060351,0.782246957174,0.109327686497,0.834519370307,600.315616355,4582.32517485
74.5,0.875,882,50.6460344783,76.171435663,50.9494261138,14384721.3061,6.24656819988,7.47218247402,0.840423837091,0.0385260244252,9629.06745716,-332.094310679,-1216.26941878,0.782089479345,0.109225071451,0.834186048957,600.377419133,4585.27021769
75,0.875,882,38.6725739661,54.4939156927,50.9667682565,14389617.5711,6.23740538889,7.47218247402,0.840086313927,0.0384975091564,9631.92908371,-851.978519272,-927.959332796,0.782178414418,0.109060695305,0.833866198978,599.882059577,4586.63289701
75.5,0.875,882,18.0942832932,40.7166669947,50.9428186773,14382855.8066,6.22865387806,7.47218247402,0.839909846449,0.0384702738806,9621.01110264,-1180.03293829,-433.246880409,0.782399357547,0.10892929844,0.833704336127,598.596354148,4581.4338584
76,0.875,882,-6.51007077941,37.9051924042,50.8842249283,14366312.8381,6.22036000234,7.47218247402,0.839744309534,0.0384444627953,9597.14483419,-1243.06403159,155.340526291,0.782610534951,0.108805117952,0.833552594874,596.539314067,4570.06896866
76.5,0.875,882,-29.6659033897,46.6850582816,50.8382735077,14353339.2203,6.22678571794,7.47218247402,0.840263166816,0.0384644600437,9585.59030025,-1033.25621674,707.665250988,0.782810806551,0.108969584687,0.834054754681,596.362465093,4564.56680964
77,0.875,882,-46.2209325352,65.1027030467,50.839173018,14353593.1821,6.22307647845,7.47218247402,0.839921176576,0.0384529166471,9582.11728203,-593.375571974,1101.5803174,0.782655633629,0.108867211449,0.833723059493,595.823286648,4562.91299144
77.5,0.875,882,-52.491586126,89.0601138469,50.8571997739,14358682.7362,6.20476927983,7.47218247402,0.839151353826,0.0383959434441,9580.48081938,-22.3451890557,1247.95371429,0.782745197305,0.108522673366,0.832989839354,594.358927972,4562.13372351
78,0.875,882,-47.0826141539,113.22665375,50.8780120034,14364558.7223,6.17415703143,7.47218247402,0.838176882394,0.0383006761189,9577.75297493,549.999311768,1114.90039242,0.783187635973,0.108002006257,0.832071508114,591.991551688,4560.83474997
78.5,0.875,882,-31.1975384016,132.225153613,50.876761746,14364205.733,6.12835063875,7.47218247402,0.836800262673,0.03815812362,9562.38304882,992.763863805,733.491440867,0.783928911563,0.107238909706,0.830777068925,587.779900633,4553.51573753
79,0.875,882,-8.37086316826,141.828357584,50.8760219646,14363996.868,6.09042078963,7.47218247402,0.836188547042,0.0380400834414,9555.7504258,1212.38460037,195.813760462,0.785041521155,0.106699715701,0.830224972415,584.807553671,4550.35734562
79.5,0.875,882,16.3183686129,139.899507471,50.8860447192,14366826.6257,6.09065448611,7.47218247402,0.83718426493,0.0380408107201,9570.80562305,1169.63239166,-382.498615239,0.785965913584,0.10687406475,0.831205468588,585.993956125,4557.52648717
80,0.875,882,37.3766863893,126.867781525,50.9004723689,14370900.0322,6.11420658555,7.47218247402,0.838296790939,0.0381141063986,9588.4970176,868.397720653,-880.384659009,0.785960209531,0.107335808977,0.832269919507,588.859489735,4565.95096076
80.5,0.875,882,50.1185151048,105.632800251,50.9068724224,14372706.9806,6.12220469973,7.47218247402,0.838063828218,0.0381389970546,9588.14111716,368.489785169,-1181.37253513,0.785385898701,0.107387178622,0.832029781397,589.289473493,4565.78148436
81,0.875,882,51.7087377554,80.9194471678,50.9278081599,14378617.8372,6.10826261885,7.47218247402,0.837194450349,0.0380956083843,9586.36767222,-213.600883629,-1216.33916789,0.785191113674,0.107077290794,0.831192081813,588.072355218,4564.93698677
81.5,0.875,882,41.7935222991,58.2265599307,50.9431060032,14382936.9282,6.08195880767,7.47218247402,0.836307957234,0.0380137491984,9582.45387301,-744.683741665,-979.527444783,0.785530738235,0.10662361017,0.830353810262,585.932574535,4563.07327286
82,0.875,882,22.5790509536,42.6034130128,50.9329548295,14380070.9135,6.0585312216,7.47218247402,0.835878241164,0.0379408410137,9574.10965587,-1106.84840489,-527.286628015,0.786172525248,0.106282049256,0.829961485537,583.822842131,4559.09983613
82.5,0.875,882,-1.65936575462,37.5262303118,50.8939050124,14369045.8485,6.03651478782,7.47218247402,0.835440493311,0.0378723244275,9554.80161897,-1219.77844514,38.5727686826,0.786745275442,0.10595555475,0.829559251193,581.137229317,4549.90553284
83,0.875,882,-25.5285657538,44.1247089322,50.8544295019,14357900.596,6.05003949598,7.47218247402,0.836656535489,0.0379144142066,9553.55719576,-1068.38939373,594.534623184,0.787284506795,0.10631872299,0.83073942384,582.22485834,4549.31295036
83.5,0.875,882,-43.7175394315,60.9306562501,50.8489867929,14356363.9379,6.05437376451,7.47218247402,0.836510507563,0.0379279027345,9549.79249475,-677.006648748,1018.15387085,0.786953144031,0.106343191176,0.830589839066,582.234203988,4547.5202356
84,0.875,882,-52.179154331,84.2046696984,50.8639289103,14360582.5957,6.04660076586,7.47218247402,0.836028115593,0.0379037126528,9550.05666524,-134.830919459,1213.97107481,0.786847027991,0.106171532299,0.830124874476,581.636043345,4547.64603107
84.5,0.875,882,-49.0306612159,108.768171481,50.8796306224,14365015.7124,6.01681418243,7.47218247402,0.834813698886,0.0378110148512,9542.63180017,434.663920121,1135.53200599,0.787037360783,0.105623442941,0.828967594658,578.990767119,4544.11038103
85,0.875,882,-34.9726146587,129.155666562,50.8800622154,14365137.5655,5.9707197628,7.47218247402,0.833394225764,0.0376675659936,9527.38584471,900.257526841,804.081818651,0.787767824855,0.104856042356,0.827629138833,574.793896951,4536.85040224
85.5,0.875,882,-13.1329963428,140.830841101,50.871676192,14362769.9116,5.91843791318,7.47218247402,0.832101310044,0.0375048614479,9510.36180737,1159.23562893,299.507876425,0.788901647647,0.104042054373,0.826422685876,570.143835815,4528.74371779
86,0.875,882,11.6287756195,141.195913681,50.8797989178,14365063.2278,5.90505781801,7.47218247402,0.832824189244,0.037463221714,9521.79885754,1167.60169963,-265.212146866,0.790192734747,0.104012428743,0.827152366761,570.163522678,4534.18993216
86.5,0.875,882,33.8030901431,130.169653929,50.891558233,14368383.2744,5.91577346429,7.47218247402,0.833685240201,0.0374965695081,9535.81484419,918.913339536,-773.273041011,0.790524020135,0.104280128661,0.827987154019,571.89523039,4540.86421152
87,0.875,882,48.4560576304,110.205456662,50.895868154,14369600.1088,5.93055017835,7.47218247402,0.834111065004,0.0375425556116,9542.04370766,463.36048907,-1111.21579372,0.790258677139,0.104520592858,0.828387685756,573.311082277,4543.83033698
87.5,0.875,882,52.3273236843,85.7454499603,50.9119983673,14374154.2057,5.93171575447,7.47218247402,0.83378088519,0.037546182961,9544.32498764,-97.5891499944,-1200.26301071,0.789893145322,0.104477843756,0.828060783111,573.439900132,4544.91666078
88,0.875,882,44.5555133435,62.2321007151,50.925723913,14378029.3848,5.89182279625,7.47218247402,0.831846350792,0.0374220334581,9528.07769351,-632.507673582,-1014.90227262,0.789864330796,0.10369670111,0.826205636686,569.459420653,4537.17985405
88.5,0.875,882,26.8698910755,44.8972400668,50.9218996536,14376949.6689,5.83713536837,7.47218247402,0.830273047149,0.037251842595,9509.57072704,-1018.44388403,-606.736179135,0.790852061805,0.102811425931,0.824724707582,564.513061693,4528.36701287
89,0.875,882,3.2055912738,37.5979562938,50.899586722,14370649.9845,5.79898178727,7.47218247402,0.829873441199,0.0371331061478,9497.2576884,-1176.49026787,-71.9694628236,0.792211215326,0.102312380948,0.824379143771,561.280717631,4522.50366114
89.5,0.875,882,-21.1719677099,41.9583744729,50.8699452806,14362281.2176,5.82241356338,7.47218247402,0.8319935229,0.0372060273722,9509.90799464,-1083.87672545,477.664999489,0.793162964424,0.102933382796,0.82643948921,564.030001879,4528.52761649
90,0.875,882,-40.8386639911,57.0082809871,50.8574904652,14358764.808,5.83938382369,7.47218247402,0.832192822754,0.0372588399355,9507.26247849,-745.603356181,922.942054697,0.792578111292,0.103159599273,0.826614306962,564.992806142,4527.2678469
90.5,0.875,882,-51.4185648616,79.3990006333,50.8690232824,14362020.9067,5.83664414679,7.47218247402,0.831617645684,0.0372503138813,9505.09085354,-239.391314826,1161.13183511,0.792155217318,0.103031820409,0.826050808655,564.548932003,4526.23373978
91,0.875,882,-50.557592463,104.148492653,50.8802699839,14365196.2255,5.81512190605,7.47218247402,0.830658938248,0.0371833352562,9498.72972948,318.385418039,1137.70424922,0.792223450585,0.102626796067,0.825133087957,562.578335814,4523.20463309
91.5,0.875,882,-38.4473172158,125.749878306,50.8811650798,14365448.9409,5.76650632088,7.47218247402,0.828892548592,0.037032040366,9479.72245603,797.882989309,858.085729085,0.792759992903,0.101781098425,0.823452996308,557.9620317,4514.15355049
92,0.875,882,-17.7823324977,139.396747372,50.8706243858,14362472.9516,5.7067314557,7.47218247402,0.827295355302,0.0368460170644,9458.53187363,1091.8204022,393.044369368,0.793975351601,0.100840573252,0.821952804402,552.577072522,4504.06279697
92.5,0.875,882,6.83930509638,142.052607099,50.8735983943,14363312.6133,5.68086108542,7.47218247402,0.827615538832,0.036765506775,9463.64183726,1147.93285418,-150.829390831,0.795476137081,0.100601782192,0.822300713866,551.333025452,4506.49611298
93,0.875,882,29.9391650394,133.126516167,50.8843586298,14366350.5865,5.69678715276,7.47218247402,0.829059807786,0.0368150697413,9483.81678431,955.447374934,-663.287906992,0.796127883324,0.101020700347,0.823705246037,553.863063749,4516.10323062
93.5,0.875,882,46.3774195112,114.604571922,50.8895467597,14367815.3685,5.72476893293,7.47218247402,0.82998732713,0.0369021508768,9495.88097157,547.752888545,-1032.46524998,0.795726503384,0.101491176482,0.824584909535,556.556003366,4521.8480817
94,0.875,882,52.4964793379,90.6079943426,50.9024783488,14371466.3872,5.71540399176,7.47218247402,0.828803112415,0.0368730065655,9487.3877991,13.5018227297,-1165.79729164,0.795022513959,0.101188602378,0.823428858196,555.178797866,4517.80371386
94.5,0.875,882,46.934824839,66.4761351532,50.9145343004,14374870.1841,5.6719576175,7.47218247402,0.826960666836,0.0367377985988,9471.56015511,-518.536871768,-1034.5849803,0.795257951082,0.100393132611,0.821665886637,551.075338965,4510.26674053
95,0.875,882,30.9299503798,47.5784468754,50.9146546199,14374904.1543,5.59227762489,7.47218247402,0.824264422834,0.0364898292348,9442.07635331,-922.622795752,-672.69289288,0.796352495745,0.0990532207997,0.81910427043,543.72290015,4496.22683491
95.5,0.875,882,8.04301603673,38.1197543083,50.9007581518,14370980.7182,5.5392745184,7.47218247402,0.823795202006,0.0363248800905,9432.33123877,-1120.07840469,-173.646220276,0.798369690312,0.0983817373095,0.818705725841,539.742241849,4491.58630418
96,0.875,882,-16.6335273206,40.2046611732,50.876805709,14364218.1452,5.5643834105,7.47218247402,0.826400468311,0.0364030206098,9452.69018871,-1081.77596064,361.354103015,0.799718581811,0.0990890241299,0.82124556573,543.111055234,4501.28104224
96.5,0.875,882,-37.6090323739,53.3692658564,50.8616038162,14359926.1441,5.61027930705,7.47218247402,0.827955617321,0.0365458516506,9464.04244759,-801.504624473,822.91043503,0.799078874711,0.0998612270309,0.822723427928,547.016489848,4506.6868798
97,0.875,882,-50.2163502884,74.6843817065,50.8677593038,14361664.0434,5.62433724542,7.47218247402,0.827425281148,0.036589600877,9460.114817,-335.437014257,1099.81995404,0.797912843503,0.0999327466456,0.822182972898,547.540764971,4504.81657952
97.5,0.875,882,-51.6502933482,99.4072948844,50.8742819735,14363505.6105,5.59467346917,7.47218247402,0.825626130235,0.0364972852594,9442.53459495,204.789809909,1124.38845455,0.797556532991,0.09930327902,0.820444646234,544.231398148,4496.44504522
98,0.875,882,-41.5918024573,122.037040568,50.8786840672,14364748.4683,5.54114605241,7.47218247402,0.823822709873,0.0363307044271,9424.43833226,691.248954875,897.407796425,0.798308851052,0.0984072160875,0.818730601119,539.413864875,4487.82777727
98.5,0.875,882,-22.2789392939,137.538393578,50.8681676603,14361779.3361,5.48280623998,7.47218247402,0.822409072525,0.0361491471037,9405.30150371,1016.08581447,476.19013758,0.799670856436,0.0975237265143,0.817405998372,534.350099996,4478.71500177
99,0.875,882,1.99109297222,142.462229735,50.866767601,14361384.0527,5.44608832736,7.47218247402,0.822164849369,0.036034878551,9402.51569062,1116.08683785,-42.3587154119,0.801161875957,0.09707324551,0.817208869884,531.852555392,4477.3884241
99.5,0.875,882,25.8180976582,135.712972265,50.8759556402,14363978.1424,5.46448112563,7.47218247402,0.824022981868,0.0360921181458,9426.76557118,977.92683415,-552.32047394,0.802103810207,0.0975794425742,0.819020615141,534.819103688,4488.93598628
100,0.875,882,43.9004538081,118.792362797,50.8865689256,14366974.6266,5.50076181628,7.47218247402,0.825295405057,0.036205026035,9444.65390409,620.080444197,-945.452552458,0.801631635048,0.0981931020925,0.820232542771,538.407049612,4497.45424004
100.5,0.875,882,52.214751868,95.4653167673,50.8973057415,14370005.9877,5.50576622721,7.47218247402,0.824580722816,0.0362206000901,9440.44663924,117.680617708,-1124.30157571,0.800702246347,0.0981333452116,0.819521291284,538.30648212,4495.45078059
101,0.875,882,48.9110212934,70.922211972,50.908441857,14373150.0843,5.45601687851,7.47218247402,0.82204214941,0.0360657768535,9416.39664859,-406.910472476,-1043.22402338,0.800574258396,0.0971645465137,0.817075936842,533.225434573,4483.99840409
101.5,0.875,882,34.7243577239,50.62400502,50.9151558309,14375045.6629,5.36417704274,7.47218247402,0.818900820694,0.0357799652599,9384.39114072,-826.844353823,-729.166060151,0.801848842241,0.0956345148813,0.814084024908,524.967276537,4468.75768606
102,0.875,882,12.8113607349,39.0871427229,50.9008576021,14371008.7963,5.2976582532,7.47218247402,0.818084533474,0.0355729544233,9370.73012001,-1058.77810737,-266.423630437,0.804214911604,0.0947641065651,0.813355705151,519.897214572,4462.2524381
102.5,0.875,882,-11.9522244603,38.8786313715,50.8737914619,14363367.1227,5.32061131008,7.47218247402,0.820956511748,0.035644385842,9393.09206367,-1069.96781291,250.159489237,0.805939289022,0.0954765285071,0.816164412926,523.248810437,4472.9009827
103,0.875,882,-34.0563833237,50.0448657253,50.854236242,14357846.0323,5.37871941337,7.47218247402,0.823177270727,0.0358252220713,9410.29597814,-844.41099331,719.746910953,0.805343260442,0.096481401053,0.818288216234,528.349490397,4481.09332292
103.5,0.875,882,-48.5828362231,70.1013059594,50.8559140413,14358319.731,5.40215629427,7.47218247402,0.822778273085,0.0358981591821,9406.0677145,-421.432293627,1028.93064533,0.803839120582,0.0966800571165,0.81786657289,529.472302011,4479.07986405
104,0.875,882,-52.299378854,94.5852994975,50.8617677642,14359972.4321,5.39148879918,7.47218247402,0.821641504282,0.0358649612376,9395.47143889,96.8306766105,1104.43914154,0.803234385575,0.0963782302747,0.816757181623,527.940850225,4474.03401852
104.5,0.875,882,-44.3790629469,118.049042264,50.8679021407,14361704.3711,5.32979900962,7.47218247402,0.818927557295,0.0356729785657,9367.74629846,585.573039656,926.490913375,0.803509498143,0.0952559190947,0.814150609761,521.918925194,4460.83157069
105,0.875,882,-26.5841961583,135.271740795,50.8616948653,14359951.8503,5.26748996815,7.47218247402,0.817522214418,0.0354790687412,9350.33085736,935.806498738,549.518597953,0.805104979996,0.0943395490537,0.812835398387,516.77187706,4452.5385035
105.5,0.875,882,-2.87422030292,142.421263411,50.8576430629,14358807.8914,5.22307799415,7.47218247402,0.817001448432,0.0353408557647,9343.51420978,1076.81030063,59.0407370418,0.806724301985,0.0937639400159,0.812372246189,513.536984116,4449.29248085
106,0.875,882,21.4752831301,137.906807601,50.8660193198,14361172.788,5.24016572563,7.47218247402,0.819009439399,0.035394033906,9369.17978857,989.719310849,-443.663510142,0.807883312198,0.0942705190996,0.814335476747,516.481560982,4461.51418503
106.5,0.875,882,41.0464347485,122.732861079,50.8804539037,14365248.1521,5.28526075418,7.47218247402,0.820757185977,0.0355343725931,9393.76242992,682.215066074,-855.48574951,0.807436903255,0.0950499678987,0.816008917581,521.047537229,4473.22020472
107,0.875,882,51.4845609825,100.275698538,50.8931072529,14368820.6144,5.29167004008,7.47218247402,0.819874827892,0.0355543187112,9388.31528867,214.117408602,-1072.79721571,0.8062616626,0.0949815557762,0.815130263855,520.931515797,4470.62632794
107.5,0.875,882,50.4671294991,75.5321445916,50.9054512615,14372305.7395,5.26639792207,7.47218247402,0.818474270138,0.0354756702221,9377.27298606,-300.017853999,-1046.5296661,0.8060949623,0.094478055611,0.813776720645,518.421434155,4465.3680886
108,0.875,882,38.2205236035,54.0077567318,50.9166560398,14375469.2219,5.16861802495,7.47218247402,0.814375270094,0.035171372768,9336.02582517,-733.021461285,-778.402831247,0.806752752882,0.0927480136096,0.809840670734,509.152385851,4445.72658341
108.5,0.875,882,17.4696708856,40.4918128069,50.9039721997,14371888.1511,5.10114974622,7.47218247402,0.813657101143,0.0349614070587,9324.0764664,-998.464787146,-352.322559382,0.809310011051,0.0918901525318,0.809207252866,504.191752796,4440.03641257
109,0.875,882,-7.16826602449,37.9916741069,50.8691964263,14362069.791,5.12397641961,7.47218247402,0.816561289388,0.0350324451637,9344.05621805,-1055.48595429,145.476786179,0.811085854657,0.0925947618965,0.812050381202,507.363934604,4449.55058002
109.5,0.875,882,-30.2112299249,47.0636332881,50.834433483,14352255.0534,5.18388634286,7.47218247402,0.818889557101,0.0352188887749,9356.93101747,-879.863728215,619.096757163,0.810483993422,0.0936247641632,0.814281818777,512.306813312,4455.68143689
110,0.875,882,-46.5320526336,65.689136632,50.831874828,14351532.6598,5.21304532873,7.47218247402,0.818723986664,0.0353096334518,9353.72576114,-499.724103618,956.493726274,0.808909415785,0.0939234958465,0.814084831871,513.889712648,4454.15512435
110.5,0.875,882,-52.499274098,89.7239217714,50.8429150851,14354649.6924,5.19572238621,7.47218247402,0.817105018362,0.0352557233183,9339.63900935,-5.65039037472,1074.48310763,0.808145687142,0.0934764041245,0.812505839321,511.665697334,4447.44714731
111,0.875,882,-46.7851593893,113.820135619,50.8475024891,14355944.8694,5.14191034586,7.47218247402,0.814934149601,0.0350882567187,9317.37673523,482.720363221,948.111694023,0.808599199245,0.0925398363167,0.810422872728,506.630578157,4436.84606439
111.5,0.875,882,-30.661125989,132.616256911,50.8483394513,14356181.1718,5.07129739515,7.47218247402,0.81290152222,0.0348685045839,9295.50856626,853.422562701,614.012083972,0.810011880922,0.091443293312,0.808494169149,500.643782775,4426.4326506
112,0.875,882,-7.71484740016,141.930059981,50.8446437145,14355137.742,5.02338666951,7.47218247402,0.811489372773,0.0347364938196,9278.75958448,1031.10922079,153.18392265,0.811874559549,0.0906801060121,0.807154721538,496.393236006,4418.45694499
112.5,0.875,882,16.9480211331,139.689179704,50.8522989184,14357299.0613,5.0343118526,7.47218247402,0.813603193727,0.0347648484419,9305.42132719,991.830286427,-338.294187082,0.813144163912,0.0911320092981,0.809230318519,499.017236917,4431.15301295
113,0.875,882,37.8398750052,126.392222515,50.8686117092,14361904.7059,5.0897237932,7.47218247402,0.816659126875,0.0349258487434,9345.39846711,735.63586889,-764.898854876,0.812854241809,0.0922297724082,0.812185701364,505.352392661,4450.18974624
113.5,0.875,882,50.3121781641,104.997824122,50.8871289731,14367132.7468,5.11725082192,7.47218247402,0.816535222423,0.0350115146625,9350.43644095,304.329941034,-1020.91490671,0.811387516224,0.0925160575071,0.812032237488,507.290155167,4452.58878141
114,0.875,882,51.5897843138,80.266339103,50.9040971549,14371923.4301,5.08267589915,7.47218247402,0.814110575692,0.0349039152348,9329.52240508,-196.020379078,-1038.93583152,0.810661214218,0.09175634888,0.809675913679,503.460057714,4442.6297167
114.5,0.875,882,41.3884200584,57.7006395563,50.9160881928,14375308.8998,5.00930794331,7.47218247402,0.810102106734,0.0346999546641,9289.24376277,-640.467152052,-820.69499701,0.811573723283,0.0903045155884,0.805800598568,495.727425601,4423.44941084
115,0.875,882,21.9779370737,42.3217000934,50.9089684314,14373298.7538,4.95558133643,7.47218247402,0.807886524082,0.0345605155689,9262.13831125,-935.141810157,-431.065870614,0.813518130364,0.0893479740183,0.803674066129,490.339322076,4410.54205297
115.5,0.875,882,-2.32274059947,37.551407301,50.8663400596,14361263.3435,4.98141825239,7.47218247402,0.811309788212,0.0346275712866,9285.20792297,-1036.41873944,45.8988842266,0.814948956543,0.0901689528412,0.807026766027,494.016467413,4421.52758237
116,0.875,882,-26.1065975308,44.4511738311,50.8158555661,14347009.8882,5.04172723079,7.47218247402,0.815294004148,0.0347840939086,9311.1694864,-911.337277249,522.338718978,0.814260143471,0.091478714123,0.810892034275,500.198003934,4433.89023162
116.5,0.875,882,-44.0816133434,61.4857690785,50.8038120701,14343609.6078,5.05445630429,7.47218247402,0.814673144634,0.0348171302494,9299.5415165,-570.561339583,882.060064303,0.812657598102,0.0915302538271,0.810263400248,500.242616707,4428.35310309
117,0.875,882,-52.2482622145,84.8649152331,50.8151200923,14346802.2394,5.04205405642,7.47218247402,0.813376949791,0.034784942134,9289.14712375,-102.411298336,1042.01052408,0.812320305055,0.0911865809362,0.808997566194,498.586211253,4423.40339226
117.5,0.875,882,-48.789426241,109.386641975,50.8222743315,14348822.1196,4.98435472646,7.47218247402,0.809246968659,0.0346351924507,9245.675327,381.231034831,959.425746788,0.812648933798,0.089886414146,0.804984897617,491.615612596,4402.70253667
118,0.875,882,-34.4747127455,129.594749414,50.8309049582,14351258.8332,4.9087416371,7.47218247402,0.804919114161,0.0344389503766,9200.6814719,765.652457092,666.645171698,0.81418194308,0.088359853713,0.80079545322,483.430548516,4381.27689138
118.5,0.875,882,-12.4892130159,140.992838303,50.8276976406,14350353.3005,4.84796193987,7.47218247402,0.802197751136,0.0342812060767,9169.41396165,973.61043215,238.457565536,0.81620117431,0.0872552861256,0.798174760351,477.327044612,4366.38760079
119,0.875,882,12.2751955325,141.044780092,50.8344488413,14352259.3895,4.85582498502,7.47218247402,0.80441285475,0.0343016133937,9196.90911957,979.600211652,-235.573238244,0.817832733458,0.0876794636313,0.800355516771,479.774920123,4379.48053313
119.5,0.875,882,34.3083151618,129.739017486,50.8556584751,14358247.5761,4.91170947722,7.47218247402,0.808550037639,0.0344466529464,9250.8774671,774.293643049,-668.479293502,0.817621235145,0.0889460352479,0.804380717123,487.111717924,4405.17974624
120,0.875,882,48.7076728046,109.591136005,50.8784365902,14364678.5973,4.94405163207,7.47218247402,0.809577239584,0.0345305920052,9270.4197391,384.332520101,-955.531248039,0.816121699014,0.0894739454244,0.805358356092,490.441850852,4414.48559005
120.5,0.875,882,52.2693434505,85.0841343337,50.9007795919,14370986.7715,4.94544674613,7.47218247402,0.808827415519,0.0345342128078,9270.00746123,-96.4163488138,-1025.17432177,0.815256777967,0.0893754818521,0.804615699072,490.332503766,4414.28926725
121,0.875,882,44.2008385774,61.6709359658,50.9134063307,14374551.7207,4.89016703337,7.47218247402,0.804504886697,0.0343907428666,9226.09811412,-547.875742305,-854.831180333,0.815219516634,0.0880850341882,0.800407310478,483.492625845,4393.38005434
121.5,0.875,882,26.2974385858,44.5610879991,50.9114983529,14374013.035,4.85528709403,7.47218247402,0.803255937744,0.0343002173809,9211.63540329,-872.857934251,-505.160156996,0.816698988437,0.0874984726541,0.799212502227,480.237034633,4386.49304918
122,0.875,882,2.54273444027,37.5616123287,50.8670155198,14361454.0484,4.89173378651,7.47218247402,0.807011135354,0.034394809132,9237.77430249,-1016.87235234,-49.308082618,0.817635699192,0.0884832741589,0.802882734697,484.793868336,4398.94014404
122.5,0.875,882,-21.7777401146,42.229925314,50.8029338584,14343361.6594,4.94771107092,7.47218247402,0.810392417622,0.0345400895125,9252.1227651,-936.097752765,426.754484174,0.816656971044,0.0896405030784,0.80615970411,489.897576526,4405.77274529
123,0.875,882,-41.2525647488,57.5273052913,50.7760860256,14335781.6212,4.94032395683,7.47218247402,0.80833334182,0.0345209174008,9219.11519325,-632.828427189,803.930683969,0.815159048476,0.089241281426,0.804133371354,487.200425516,4390.05485393
123.5,0.875,882,-51.5484991011,80.050013044,50.7871593846,14338907.9996,4.91122868758,7.47218247402,0.806273008819,0.0344454051313,9200.16717782,-192.583425924,997.728600253,0.815356357858,0.0885941694723,0.802130739855,483.878588927,4381.03198944
124,0.875,882,-50.3746492029,104.786639837,50.7962159362,14341464.966,4.87258159856,7.47218247402,0.804043074419,0.0343451025915,9178.66733935,283.78018964,966.773226437,0.816134572781,0.0878145435081,0.799970910435,479.791542837,4370.79397112
124.5,0.875,882,-37.9922021947,126.233169505,50.8068926342,14344479.3537,4.78354014928,7.47218247402,0.798144622754,0.034114009287,9116.74317274,680.622994697,713.665593874,0.817170940289,0.0859155180721,0.794239968911,469.613205242,4341.30627273
125,0.875,882,-17.1563109549,139.617648014,50.8098052636,14345301.6861,4.71531518813,7.47218247402,0.795170730237,0.0339369419565,9084.89386284,918.990413341,317.759626403,0.819570281869,0.0847025208989,0.791374556836,463.036061829,4326.13993468
125.5,0.875,882,7.4969404141,141.961965748,50.8149267342,14346747.648,4.71302239143,7.47218247402,0.796785918673,0.0339309913574,9105.09394469,965.040818242,-139.233637668,0.821419628478,0.0849168924963,0.792974295762,464.301534952,4335.75902128
126,0.875,882,30.4820871711,132.744500953,50.8362293658,14352762.0909,4.76423487824,7.47218247402,0.800847113052,0.034063905443,9158.22778121,805.604358903,-574.495005118,0.821481943068,0.0861016521733,0.796933468761,471.174268589,4361.06084819
126.5,0.875,882,46.6848257213,114.016183031,50.8653749513,14360990.8613,4.80736770126,7.47218247402,0.802856550361,0.0341758500114,9191.03324134,457.315994158,-888.972134305,0.820092620036,0.0868929406856,0.798871858335,476.049830202,4376.68249587
127,0.875,882,52.4999702943,89.9441510789,50.8906238497,14368119.4669,4.81496391753,7.47218247402,0.802306643648,0.0341955648154,9193.80063726,-1.06457605557,-1000.73931951,0.818926632679,0.0868966324264,0.798319649243,476.54280274,4378.00030346
127.5,0.875,882,46.6336237873,65.8845457753,50.9070293537,14372751.2875,4.80186973511,7.47218247402,0.801086363381,0.0341615808909,9185.99617049,-458.220020342,-886.089884163,0.81872168078,0.0865644738886,0.797127948992,475.027358051,4374.28389071
128,0.875,882,30.3910759751,47.190742811,50.9115920183,14374039.4798,4.78734104879,7.47218247402,0.80030045284,0.0341238739335,9178.87449568,-810.911483872,-575.680918887,0.819075045507,0.0862817594868,0.796367196441,473.560823709,4370.89261699
128.5,0.875,882,7.38637037649,38.0222015408,50.870324511,14362388.2869,4.84247700672,7.47218247402,0.804980632443,0.0342669707814,9216.52823454,-998.156322658,-141.844258729,0.819467531314,0.0876129401382,0.800931967532,480.087822228,4388.82296883
129,0.875,882,-17.261837479,40.4189656537,50.7993450553,14342348.4206,4.89622136333,7.47218247402,0.807700376038,0.0344064559432,9220.97005223,-960.597745586,334.435987181,0.817980340511,0.0886393053593,0.803558818761,484.357455553,4390.93812011
129.5,0.875,882,-38.0692050559,53.8477438268,50.7537866203,14329485.7558,4.87638007747,7.47218247402,0.804734147914,0.0343549609558,9171.11512724,-693.830598872,730.62049616,0.816536650314,0.0879625344021,0.800649676639,479.797578572,4367.19767964
130,0.875,882,-50.4059949013,75.3205695611,50.7588873822,14330925.8709,4.83637891382,7.47218247402,0.802150621672,0.0342511441248,9144.21994727,-279.072724498,958.275485323,0.817068944632,0.0871165340852,0.79814125956,475.278529468,4354.39045108
130.5,0.875,882,-51.5272130709,100.059637824,50.7703637579,14334166.0343,4.77511617654,7.47218247402,0.798440123039,0.0340921461691,9107.09447776,188.582123964,965.950410224,0.818144520533,0.0858646130789,0.794541485846,468.660321729,4336.71165608
131,0.875,882,-41.1833832321,122.560389211,50.7838763458,14337981.0883,4.68919604353,7.47218247402,0.793355519442,0.033869153758,9055.36350028,598.446525903,756.933599922,0.819798113917,0.0841396414553,0.789607890374,459.489690087,4312.07785728
131.5,0.875,882,-21.6760563253,137.816300382,50.7896791434,14339619.4115,4.60921156062,7.47218247402,0.789358961553,0.0336615664084,9013.07535505,863.539646885,391.459269654,0.822130139115,0.082655538914,0.785740881667,451.488111791,4291.94064526
132,0.875,882,2.65429537935,142.432859125,50.7954741743,14341255.5419,4.59697343497,7.47218247402,0.790496968333,0.0336298042468,9028.19673051,947.478222912,-47.9639506804,0.824314565955,0.0826860505785,0.786879557313,451.757847427,4299.14130024
132.5,0.875,882,26.3940538394,135.382859341,50.8172657655,14347408.0344,4.64745361287,7.47218247402,0.794777336017,0.0337608177379,9083.94119082,832.65100509,-484.258501493,0.824649944359,0.0838813008845,0.791059248111,458.681436774,4325.68628134
133,0.875,882,44.2610107957,118.234959241,50.848609502,14356257.4161,4.69201328964,7.47218247402,0.796934558611,0.0338764654844,9119.12307593,523.748587749,-821.026221384,0.823268527799,0.0847020900696,0.793144287983,463.741228806,4342.43955996
133.5,0.875,882,52.2796840311,94.8046475008,50.8772693478,14364349.0459,4.72681158033,7.47218247402,0.798478687159,0.0339667790637,9146.54194123,89.8805999002,-977.996692273,0.822053435655,0.085324437388,0.794633057651,467.67530753,4355.49616249
134,0.875,882,48.6658809195,70.3052790238,50.8956217363,14369530.5369,4.7320396912,7.47218247402,0.7979679565,0.0339803478165,9147.25809032,-368.621710227,-910.868464495,0.821107336125,0.0853074222419,0.794122262217,467.919437235,4355.83718587
134.5,0.875,882,34.2236897027,50.1880788816,50.9064757883,14372594.9976,4.74604887624,7.47218247402,0.79892374417,0.0340167064887,9161.87267024,-748.097920531,-643.090571372,0.820965406782,0.0856082930732,0.795051888543,469.770045953,4362.79650964
135,0.875,882,12.1665660632,38.9292190168,50.874033438,14363435.4407,4.81641395553,7.47218247402,0.804044870372,0.0341993281646,9207.56580346,-975.974671926,-232.505947499,0.820585369041,0.0871746666726,0.800036452363,477.755897373,4384.55514451
135.5,0.875,882,-12.597675926,39.0338488675,50.8009494649,14342801.3989,4.87783497961,7.47218247402,0.806962321173,0.0343587369292,9213.42345762,-983.902513469,243.198372488,0.818682570982,0.0883167671783,0.802850458822,482.625473773,4387.34450363
136,0.875,882,-34.558875587,50.4786877981,50.7425476085,14326312.6081,4.84210157477,7.47218247402,0.802556910677,0.0342659964058,9142.85820048,-751.950605873,657.533011637,0.817029885812,0.0872428836173,0.798536431632,475.661462119,4353.74200023
136.5,0.875,882,-48.8305623848,70.7172051511,50.7352988509,14324266.0422,4.77143350151,7.47218247402,0.798003289513,0.0340825883559,9089.62207468,-360.534201107,912.99461188,0.817990446142,0.0857576027425,0.794113660929,467.429908284,4328.39146414
137,0.875,882,-52.2372186744,95.2462353323,50.7483200315,14327942.3556,4.72434086457,7.47218247402,0.796192189999,0.0339603667032,9074.37433733,97.2230102562,968.057916828,0.819897759786,0.0849560957012,0.792374767219,463.298937709,4321.13063683
137.5,0.875,882,-44.0208473592,118.607953401,50.7609454913,14331506.9437,4.625685279,7.47218247402,0.789727801651,0.0337043213955,9006.85967372,517.54701805,796.381969853,0.821174428876,0.0828934480471,0.786088200046,452.275465846,4288.98079701
138,0.875,882,-26.0096298207,135.604266868,50.7695858623,14333946.4084,4.52931815302,7.47218247402,0.78476390573,0.0334542154306,8954.80506458,807.415829286,460.496095503,0.823863594359,0.0810963166249,0.781279053665,442.620770343,4264.19288789
138.5,0.875,882,-2.21114693641,142.453415801,50.7769834171,14336034.9848,4.50647114373,7.47218247402,0.785488480209,0.033394919553,8965.9055717,927.257302777,39.088057717,0.826509484572,0.0809485891742,0.782019628336,441.943240784,4269.47884366
139,0.875,882,22.0793265732,137.631432249,50.7970370201,14341696.7853,4.5510634041,7.47218247402,0.789594832885,0.0335106518652,9019.06968533,854.060965766,-395.895946989,0.827139543808,0.0820417774277,0.786035692996,448.265423399,4294.79508825
139.5,0.875,882,41.4570457523,122.211230301,50.8301909799,14351057.2533,4.59971415681,7.47218247402,0.792242970116,0.0336369173663,9060.35123591,584.884601755,-752.768132989,0.825910792033,0.0829728450267,0.788603748975,453.944630718,4314.45296948
140,0.875,882,51.6103766615,99.6238776416,50.8600141687,14359477.3336,4.63913051496,7.47218247402,0.794052270314,0.0337392164251,9091.08518524,176.446334701,-946.236240072,0.824574810094,0.0836808695726,0.790351095895,458.355616293,4329.08818345
140.5,0.875,882,50.280155271,74.8951668027,50.8828966054,14365937.8083,4.69719891581,7.47218247402,0.797560790929,0.0338899239748,9138.48986298,-281.068894864,-935.607000155,0.82349593704,0.0848535055958,0.793757913196,465.196952511,4351.66183951
141,0.875,882,37.7623621162,53.5273526132,50.898992189,14370482.128,4.73421025919,7.47218247402,0.798919882971,0.0339859811899,9159.28599055,-684.072589172,-708.262182126,0.821912291981,0.0854738219255,0.795061162483,468.894252395,4361.5647574
141.5,0.875,882,16.8422652316,40.2748745415,50.8780534156,14364570.4143,4.8092999578,7.47218247402,0.803804166082,0.0341808648842,9206.3743658,-949.130527318,-321.477481115,0.820906497973,0.0870573955163,0.799806525868,477.188603631,4383.98779324
142,0.875,882,-7.82531512705,38.0864714823,50.8072016665,14344566.6038,4.87173893313,7.47218247402,0.806676775406,0.0343429155838,9212.53184147,-1001.15551529,150.911672198,0.818874487721,0.0882037468094,0.802575202009,482.126501449,4386.91992451
142.5,0.875,882,-30.7517259509,47.4490734409,50.7373022836,14324831.6781,4.83391905572,7.47218247402,0.802081810496,0.0342447599437,9135.69758389,-807.898197621,583.871280335,0.817193571284,0.0870782041075,0.798076011844,474.66545558,4350.3321828
143,0.875,882,-46.8357326673,66.2794573098,50.719991786,14319944.3476,4.7497940461,7.47218247402,0.796534474116,0.0340264264976,9067.79816201,-440.843327748,870.436250817,0.818210769181,0.085293884125,0.79268525878,464.621882292,4317.99912476
143.5,0.875,882,-52.498567899,90.3877738384,50.7325333525,14323485.2499,4.68067676436,7.47218247402,0.793354403881,0.0338470432871,9037.15560862,7.10462885741,961.856638003,0.820483838718,0.0840439354549,0.789616013902,458.03946493,4303.40743268
144,0.875,882,-46.4802240904,114.409808858,50.7434562602,14326569.1508,4.59089031356,7.47218247402,0.788148959532,0.0336140164464,8983.19507081,437.996129631,834.01547198,0.822362186683,0.0822739587011,0.784563369163,448.586193538,4277.71193848
144.5,0.875,882,-30.1198111328,133.000546244,50.7536920214,14329459.0474,4.47231213135,7.47218247402,0.78120041569,0.0333062651217,8909.48445103,750.08907315,525.401260896,0.824816761832,0.0799503144281,0.777811894994,436.0927585,4242.61164335
145,0.875,882,-7.057598096,142.023459219,50.7606514333,14331423.9213,4.43886036296,7.47218247402,0.781660165501,0.0332194462327,8917.53089787,904.301802366,122.679244602,0.8280835304,0.0796482770622,0.778300904471,434.564433018,4246.4432847
145.5,0.875,882,17.5749638142,139.470907076,50.7799046231,14336859.7386,4.4718434814,7.47218247402,0.785135215675,0.0333050488132,8963.3394787,869.936355585,-309.052347606,0.829010260949,0.0805138205672,0.781705864035,439.620176282,4268.25689462
146,0.875,882,38.2970133589,125.91084471,50.8108866029,14345606.9842,4.53276327519,7.47218247402,0.789067222243,0.0334631567121,9018.21672206,642.049085222,-684.711334203,0.828096498002,0.0817608982817,0.78553295258,446.974368332,4294.38891527
146.5,0.875,882,50.4977967499,104.360449972,50.8417415301,14354318.3587,4.59130072236,7.47218247402,0.792065002198,0.0336150815989,9062.54904795,260.494290388,-916.015010377,0.826414569165,0.0828525564204,0.788436678061,453.492562712,4315.49954664
147,0.875,882,51.4625821206,79.6147873648,50.8668037596,14361394.2615,4.64305294712,7.47218247402,0.794582087982,0.0337493964909,9099.49317399,-190.733727462,-945.156392792,0.824805504825,0.0838030440199,0.790870890929,459.147381381,4333.09198761
147.5,0.875,882,40.9767001744,57.1798835648,50.8899600181,14367932.0451,4.70510550072,7.47218247402,0.798076078483,0.0339104442926,9146.79564959,-612.075838797,-764.191320891,0.823388748175,0.0850192930255,0.794258814929,466.235273728,4355.616976
148,0.875,882,21.3733091155,42.0476105136,50.8813701804,14365506.8476,4.79798727433,7.47218247402,0.803694404285,0.0341515045647,9206.47241277,-913.8840999,-407.335850667,0.821697193942,0.0869120236636,0.799710773271,476.453889832,4384.03448227
148.5,0.875,882,-2.98574405857,37.5849703576,50.8184496043,14347742.2716,4.87348432792,7.47218247402,0.807113593976,0.0343474454859,9221.54680733,-1012.26209769,57.6620019968,0.819179886285,0.0882898760771,0.803004980292,482.810991713,4391.2127654
149,0.875,882,-26.6804550932,44.7849215856,50.7420991538,14326185.9944,4.84852490113,7.47218247402,0.8031707992,0.0342826671555,9149.5613683,-861.902044039,508.590045339,0.817146697796,0.0874086379233,0.799136010934,476.556756211,4356.9339849
149.5,0.875,882,-44.438638994,62.0454410809,50.713220245,14318032.5158,4.74831860678,7.47218247402,0.796036960104,0.0340225972231,9059.76970113,-518.839729361,824.786092872,0.817817586871,0.0852029814834,0.792194945023,464.002786507,4314.17604816
150,0.875,882,-52.3090160617,85.5259818225,50.7206405893,14320127.5264,4.67050717512,7.47218247402,0.792599549193,0.0338206496917,9024.50471609,-81.7125877994,955.361578345,0.820523833982,0.0838182038673,0.788880466501,456.595081629,4297.38319814
150.5,0.875,882,-48.5403902672,110.002012716,50.7314213149,14323171.2846,4.57064823467,7.47218247402,0.786831068644,0.0335614812626,8964.25814351,356.912582893,866.146637866,0.822639378701,0.0818560323429,0.783280979967,446.095835395,4268.69435405
151,0.875,882,-33.9712986297,130.027501414,50.7425647669,14326317.4525,4.44332565333,7.47218247402,0.77945150897,0.0332310352029,8886.10077939,692.937840573,588.095621325,0.825372401663,0.0793793534131,0.776110736164,432.788592906,4231.47656161
151.5,0.875,882,-11.843432774,141.146682201,50.7477663666,14327786.0375,4.39044764723,7.47218247402,0.77860193136,0.0330937985198,8878.90383375,877.776832687,203.256408064,0.828886425974,0.0786772865381,0.775323191708,429.04876471,4228.04944464
152,0.875,882,12.91965275,140.885484893,50.7637691512,14332304.157,4.40895152115,7.47218247402,0.781442999738,0.0331418224615,8916.5112032,880.624255854,-223.587524277,0.830355466292,0.0792876589153,0.77811632124,432.650026674,4245.95771581
152.5,0.875,882,34.8080545836,129.302027125,50.7943547523,14340939.4917,4.47756956744,7.47218247402,0.786373633189,0.0333199099836,8982.43267169,693.594881916,-614.2860884,0.8298407553,0.0807563390699,0.782925361114,441.195361066,4277.34889128
153,0.875,882,48.9515000515,108.973682898,50.8245721591,14349470.8729,4.53839809305,7.47218247402,0.789359932056,0.03347778101,9026.33379353,339.85040858,-876.803274437,0.827938086967,0.0818663230923,0.785816625747,447.791831464,4298.2541874
153.5,0.875,882,52.2030058098,84.4236047106,50.8529937842,14357495.2451,4.6245809652,7.47218247402,0.794531252914,0.0337014553199,9094.20382871,-102.097231647,-955.775568309,0.826259378069,0.0835880037241,0.790840531069,457.720562965,4330.57325177
154,0.875,882,43.8390964871,61.114300784,50.8769830454,14364268.2132,4.68110471573,7.47218247402,0.796685151858,0.0338481539687,9126.60097893,-535.404731647,-812.570245046,0.823893807936,0.0845421346967,0.792909551071,463.38218061,4346.00046616
154.5,0.875,882,25.7207813676,44.2322012127,50.8828650636,14365928.9029,4.7781762095,7.47218247402,0.80278413492,0.0341000880112,9196.90853854,-868.667322284,-488.177340175,0.822350526648,0.0865499725228,0.798833077393,474.496996415,4379.48025645
155,0.875,882,1.87947104594,37.5336527993,50.8311346733,14351323.6894,4.86909911232,7.47218247402,0.807299318366,0.0343360643373,9228.31817483,-1013.50538086,-36.3062061656,0.819715336529,0.0882677814268,0.803193596532,482.931171567,4394.43722611
155.5,0.875,882,-22.3800304506,42.5091141688,50.7537493541,14329475.2343,4.86367499939,7.47218247402,0.804464021891,0.0343219868914,9168.2091525,-909.513796682,428.607428747,0.81726447685,0.087776720235,0.800397156845,478.783339563,4365.81388214
156,0.875,882,-41.6598695853,58.0515216929,50.7136320146,14318148.7721,4.75416478327,7.47218247402,0.796094878664,0.0340377700696,9060.49822655,-593.495307014,773.900304485,0.817410213068,0.0852774628951,0.792245782537,464.415942842,4314.52296502
156.5,0.875,882,-51.6701911902,80.7026163699,50.7144043988,14318366.8419,4.65844924518,7.47218247402,0.791505801167,0.0337893552002,9010.06263388,-169.162971205,940.122878892,0.820365385605,0.0835215382235,0.787811720184,454.867137723,4290.50601613
157,0.875,882,-50.1836514808,105.422422769,50.7252406627,14321426.2804,4.57668949647,7.47218247402,0.787618486432,0.0335771604229,8970.91390397,275.740834647,897.244366364,0.82296831383,0.0820383352668,0.784053580707,446.980410895,4271.86376379
157.5,0.875,882,-37.5310125555,126.71066734,50.7357218585,14324385.4714,4.44665856412,7.47218247402,0.779556371281,0.0332396852572,8884.85343598,635.760698629,649.967556882,0.825206483476,0.079431049344,0.776211131768,432.953651277,4230.88258856
158,0.875,882,-16.5275462693,139.830615231,50.7396240946,14325487.2027,4.36471916495,7.47218247402,0.776487318302,0.0330270242249,8852.38853538,848.572863759,281.450012278,0.828794021319,0.0780935182719,0.773255935778,425.72867093,4215.42311209
158.5,0.875,882,8.15337703716,141.863016138,50.7511488498,14328741.0253,4.37295632408,7.47218247402,0.779272802751,0.0330484024969,8887.89290632,889.103501235,-139.775828914,0.83107228734,0.078581331738,0.776004685757,428.582623731,4232.32995539
159,0.875,882,31.020135486,132.355651269,50.7785726137,14336483.6679,4.43252819105,7.47218247402,0.783764292802,0.0332030120603,8947.77706696,738.924839777,-541.168603412,0.830842646714,0.0798811878806,0.780389583801,436.14300432,4260.84622236
159.5,0.875,882,46.9847674395,113.423954164,50.8115139722,14345784.1115,4.50505467367,7.47218247402,0.787920404543,0.0333912433241,9005.7456224,416.372781002,-835.178302811,0.829185938859,0.0812857544121,0.784427284811,444.387802859,4288.45029638
160,0.875,882,52.4950669684,89.2803167449,50.8394503562,14353671.4839,4.58330056607,7.47218247402,0.792168005041,0.0335943184311,9063.00126596,-13.0419312449,-951.303298058,0.827178641083,0.08277809065,0.788547090636,453.044139667,4315.71488855
160.5,0.875,882,46.3249664305,65.2968122459,50.8664593895,14361297.0343,4.66549121356,7.47218247402,0.796553991413,0.0338076315396,9121.52909412,-456.633463795,-856.307699715,0.825025000925,0.0843467410408,0.792796849427,462.119978543,4343.58528291
161,0.875,882,29.8473423054,46.8098835693,50.8823063831,14365771.1688,4.75013485891,7.47218247402,0.801005599223,0.0340273110245,9176.82189585,-814.188483777,-562.660265466,0.822776176034,0.0859653810761,0.797105878248,471.281713886,4369.9151885
161.5,0.875,882,6.72854370076,37.9329595649,50.8432653849,14354748.5937,4.85634604493,7.47218247402,0.807052027087,0.0343029657241,9230.08147375,-1004.18071728,-129.768732449,0.820474600813,0.0880843399884,0.802963770622,482.157574583,4395.27689226
162,0.875,882,-17.8873876219,40.6411977043,50.7675306797,14333366.1619,4.87290328,7.47218247402,0.805518919126,0.0343459374659,9185.0187102,-948.655684405,343.788162545,0.817607224253,0.0880417183495,0.801429365771,480.489619016,4373.81843343
162.5,0.875,882,-38.5232908079,54.3320022242,50.714345379,14318350.1787,4.77230828011,7.47218247402,0.797263358947,0.0340848587084,9073.73751891,-665.556867575,718.835997466,0.817162301452,0.0856567081048,0.793381099768,466.494413114,4320.82738996
163,0.875,882,-50.5875800402,75.9591045272,50.7106236979,14317299.4241,4.67297559281,7.47218247402,0.792164371834,0.0338270560879,9015.98857819,-256.226471704,923.151744189,0.819874087513,0.0837814506232,0.788447417561,456.214619999,4293.32789437
163.5,0.875,882,-51.3958940466,100.710372316,50.71983351,14319899.661,4.56835712051,7.47218247402,0.786587476611,0.0335555350303,8957.43438674,190.88433209,915.997186424,0.822572077812,0.0817949828434,0.783042408222,445.559515705,4265.44494607
164,0.875,882,-40.7683791471,123.078531735,50.7314047904,14323166.6191,4.45585094047,7.47218247402,0.780494141466,0.0332635426477,8893.85497601,574.464503908,708.011676267,0.825435344571,0.0796672429031,0.777129782302,434.167172622,4235.16903619
164.5,0.875,882,-21.0697075464,138.086561781,50.7330133196,14323620.7606,4.35086025293,7.47218247402,0.775156686842,0.0329910555631,8835.16516721,815.085417245,357.139515296,0.828539279906,0.0777525552376,0.771952614515,423.759459534,4207.22150819
165,0.875,882,3.31707338806,142.395104964,50.7430126985,14326443.9186,4.35101587498,7.47218247402,0.777900560446,0.032991459456,8869.74283029,892.952251629,-56.5317724386,0.831458963083,0.0781450754373,0.774668358412,426.06663936,4223.68706204
165.5,0.875,882,26.9657898441,135.045490097,50.7657822014,14332872.5082,4.40281652232,7.47218247402,0.781992318445,0.0331259000213,8923.51967701,779.728996988,-466.772771765,0.831454618945,0.0792988326475,0.778666171411,432.745317738,4249.29508429
166,0.875,882,44.614490838,117.673041164,50.7980083383,14341971.0208,4.48040546837,7.47218247402,0.786759117768,0.0333272701256,8988.06798817,488.966587735,-788.31217788,0.830011332265,0.0808435757381,0.783303857125,441.73550066,4280.03237532
166.5,0.875,882,52.3362571339,94.1432100135,50.82897832,14350714.879,4.56525296531,7.47218247402,0.79139936189,0.0335474786758,9050.75267845,74.7663201559,-944.434229471,0.827859656904,0.0824637133981,0.787805889352,451.137643955,4309.88222783
167,0.875,882,48.4129593005,69.6914950877,50.855952804,14358330.675,4.63110941344,7.47218247402,0.794333396447,0.0337183988972,9092.93061765,-372.064778635,-886.956330019,0.825520640848,0.0836322163442,0.790637797936,458.015964545,4329.96696078
167.5,0.875,882,33.7175496153,49.7585183183,50.8794714314,14364970.7675,4.72316093141,7.47218247402,0.799806856971,0.0339573043692,9162.49878885,-754.243506921,-631.965867157,0.823715228241,0.085480887978,0.795950453715,468.573394543,4363.09466136
168,0.875,882,11.5198260649,38.7794610783,50.8540484358,14357793.0084,4.83680568831,7.47218247402,0.806245935865,0.0342522517519,9225.09004062,-984.399832881,-221.397804315,0.821206474569,0.0877390469496,0.802189245433,480.471239469,4392.90001934
168.5,0.875,882,-13.2411131343,39.1972154015,50.7801702606,14336934.7369,4.86769287765,7.47218247402,0.805631568597,0.0343324146728,9190.93797676,-976.423502009,254.492625932,0.818133027942,0.0879992540932,0.80154667381,480.497038561,4376.63713179
169,0.875,882,-35.055842191,50.9188289802,50.7197537993,14319877.156,4.7909844875,7.47218247402,0.798851476149,0.034133329915,9093.39748985,-733.224470076,657.702946017,0.817302254102,0.0861056596442,0.794930550761,469.03947025,4330.18928088
169.5,0.875,882,-49.0704809703,71.3361874917,50.7071112471,14316307.7421,4.6787598188,7.47218247402,0.792127122703,0.0338420681515,9014.24711853,-340.78174765,895.975795708,0.81936906507,0.0838406840333,0.788404340297,456.473921792,4292.49862787
170,0.875,882,-52.1667062242,95.9063323402,50.7169290353,14319079.631,4.58762726749,7.47218247402,0.787943820041,0.0336055477152,8971.52354368,105.78379464,934.317918527,0.822414420681,0.0822075970321,0.784363887088,447.755851458,4272.15406842
170.5,0.875,882,-43.6555932262,119.162290378,50.7260959707,14321667.7624,4.46284448802,7.47218247402,0.780542494964,0.0332816933183,8892.45978747,506.879474051,758.792394128,0.824906275341,0.0797511192,0.777170519604,434.533319818,4234.5046607
171,0.875,882,-25.4309047728,135.929501221,50.7297046732,14322686.6194,4.34913966077,7.47218247402,0.77483993726,0.0329865900323,8830.44438684,777.781470249,430.653196267,0.828345587454,0.0776886875719,0.771640791637,423.356148862,4204.97351754
171.5,0.875,882,-1.547720027,142.477181353,50.7369267029,14324725.6391,4.33452899814,7.47218247402,0.776641817404,0.0329486703181,8853.54024298,890.023244729,26.2496339334,0.831506996092,0.0777855854096,0.77343876947,424.004882593,4215.97154428
172,0.875,882,22.6798397267,137.348441051,50.7572017361,14330449.9568,4.37799497811,7.47218247402,0.780461720463,0.0330614795438,8903.4358991,814.229129503,-390.01466042,0.831915115578,0.0788065287401,0.777176356797,429.913378048,4239.73138052
172.5,0.875,882,41.8610281402,121.684449231,50.7874245159,14338982.855,4.45028283356,7.47218247402,0.785034415661,0.0332490914878,8965.10467698,555.576418268,-734.019389444,0.830702243394,0.0802604982296,0.781628292912,438.366794878,4269.09746523
173,0.875,882,51.7279402964,98.9705179724,50.8195661806,14348057.5183,4.52965476203,7.47218247402,0.789391177341,0.0334550890472,9025.01623309,160.463002201,-925.300035421,0.828693564261,0.0817734038238,0.785856719939,447.195476042,4297.62677766
173.5,0.875,882,50.0851416896,74.2606041433,50.8509238008,14356910.8198,4.62279490008,7.47218247402,0.794622455914,0.0336968198642,9094.52287826,-288.123424685,-916.852379904,0.826500209708,0.0835813545894,0.790932664819,457.646893357,4330.72518012
174,0.875,882,37.2981627604,53.0527801492,50.879175629,14364887.2526,4.70897850998,7.47218247402,0.798916448527,0.0339204960888,9152.43666909,-690.118063458,-696.673145061,0.8239426792,0.0851879343948,0.795085597666,466.96210584,4358.30317576
174.5,0.875,882,16.2121666481,40.0658868851,50.8635845533,14360485.3722,4.81988287175,7.47218247402,0.805302118667,0.0342083312,9218.03764854,-956.36414871,-310.503861747,0.821591875466,0.0874034568637,0.801275450754,478.813024329,4389.5417374
175,0.875,882,-8.48111303074,38.189569373,50.79558022,14341285.4821,4.87363726657,7.47218247402,0.806543342738,0.0343478424145,9206.77959718,-998.72734333,163.486760931,0.818589026264,0.0882052584758,0.802441132028,481.914226172,4384.18076056
175.5,0.875,882,-31.2873050472,47.8413171116,50.7250906579,14321383.9291,4.80317131643,7.47218247402,0.799642430305,0.0341649589438,9104.10295826,-793.487934265,588.872738656,0.817142590845,0.0863623037641,0.795698946369,470.536482583,4335.28712298
176,0.875,882,-47.1319240804,66.8735706932,50.7041928475,14315483.7806,4.69160392038,7.47218247402,0.792809311969,0.0338754030298,9020.76364531,-423.44941888,862.994697444,0.819039904882,0.084085633442,0.789065114122,457.754862698,4295.60173586
176.5,0.875,882,-52.4894676422,91.0515639037,50.7136480992,14318153.3133,4.59012197708,7.47218247402,0.787803669193,0.033612022348,8968.74720971,18.8329696505,940.059417761,0.822064580301,0.0822148030428,0.784222618522,447.737165182,4270.83200462
177,0.875,882,-46.1678570137,114.995579184,50.7229094158,14320768.0917,4.48259193694,7.47218247402,0.782026721568,0.0333329447665,8907.91424867,436.754552889,806.703521412,0.824837837275,0.0801830392285,0.778619007393,436.831799001,4241.86392794
177.5,0.875,882,-29.5736803845,133.37796017,50.727021214,14321928.9894,4.34939788221,7.47218247402,0.774349169185,0.0329872602061,8823.94889858,733.86118998,500.322656804,0.827799198747,0.0776216131035,0.771154770674,422.945884905,4201.88042789
178,0.875,882,-6.39922034415,142.108540365,50.7329325844,14323597.9663,4.32336528668,7.47218247402,0.775752333252,0.0329196966324,8842.19537125,880.811354278,108.168563121,0.831499787059,0.0775372960079,0.772569321614,422.584929508,4210.5692244
178.5,0.875,882,18.1990964136,139.244724486,50.7512283573,14328763.4729,4.35401524815,7.47218247402,0.778856727207,0.032999243865,8883.42070655,841.349725369,-310.932895438,0.832227240794,0.0783141644386,0.775611786437,427.126831425,4230.20033645
179,0.875,882,38.7480283579,125.423725078,50.780389754,14336996.7072,4.43720869374,7.47218247402,0.784632660448,0.0332151595808,8958.2162332,619.403803555,-677.531120527,0.831370901962,0.0800578954261,0.781244130888,437.139094065,4265.81725391
179.5,0.875,882,50.6753411833,103.720779714,50.8120424984,14345933.332,4.51269618521,7.47218247402,0.788399468251,0.033411075685,9011.28326917,244.36274628,-902.511795867,0.829056076561,0.0814403234525,0.784893301814,445.242091515,4291.08727103
180,0.875,882,51.3271515145,78.9648961304,50.8431779816,14354723.9168,4.58761901672,7.47218247402,0.792305670881,0.0336055263016,9065.84286058,-200.170440761,-931.045023511,0.826967768992,0.0828466081729,0.788678671591,453.48562897,4317.06802885
180.5,0.875,882,40.5584284775,56.6643752205,50.8761704887,14364038.8013,4.68686778257,7.47218247402,0.798116492842,0.0338631111169,9142.5296408,-619.8910573,-754.202366916,0.824906501707,0.0848192706522,0.794318788501,464.886335115,4353.58554324
181,0.875,882,20.7652637537,41.781188098,50.8713862539,14362688.0524,4.80186347615,7.47218247402,0.804482950587,0.0341615646467,9211.78090405,-920.319704757,-396.332482142,0.822193541464,0.0870746345308,0.800486001317,477.158015956,4386.56233526
181.5,0.875,882,-3.64827012354,37.6269141151,50.8102339221,14345422.7107,4.86586073573,7.47218247402,0.806416649458,0.0343276596319,9210.7569666,-1008.91759202,70.2804474072,0.819075214498,0.0880971242275,0.802324807943,481.60117691,4386.074746
182,0.875,882,-27.2500466862,45.1258988324,50.7343344544,14323993.761,4.82330877755,7.47218247402,0.801412084875,0.0342172226084,9127.1876571,-849.741522781,516.01025011,0.817351479024,0.086856781509,0.797425888476,473.403088123,4346.27983671
182.5,0.875,882,-44.7885592982,62.6095827708,50.7044828652,14315565.6623,4.71342113386,7.47218247402,0.79398164974,0.0339320262317,9033.84997805,-504.027422546,824.181023375,0.818496665464,0.084504413554,0.790200763488,460.039927768,4301.83332288
183,0.875,882,-52.3614061586,86.1877637679,50.7104252417,14317243.3932,4.60883271801,7.47218247402,0.788696602493,0.033660583181,8977.48135542,-68.5481860948,941.515476746,0.821471105111,0.0825540239953,0.785086109141,449.527402823,4274.99112163
183.5,0.875,882,-48.2835931131,110.614185312,50.7183937966,14319493.1819,4.49165320071,7.47218247402,0.782250768978,0.0333564618746,8908.75782697,360.727454571,844.914187842,0.824324943342,0.0803153633167,0.778831407643,437.474788726,4242.26563189
184,0.875,882,-33.4624528028,130.453853369,50.7264676265,14321772.6932,4.35894231663,7.47218247402,0.774866013335,0.0330120313089,8829.50209597,685.942816549,567.39537059,0.827548748451,0.0777992417252,0.771656925596,423.904498225,4204.5248076
184.5,0.875,882,-11.1957588716,141.292348194,50.7301992966,14322826.2681,4.31460920289,7.47218247402,0.774811674025,0.0328969715717,8830.68518481,864.361552084,188.667196096,0.831233419441,0.0773083335213,0.771646786109,421.291665576,4205.08818324
185,0.875,882,13.562044229,140.718053554,50.7442377015,14326789.7777,4.32939437567,7.47218247402,0.777136873298,0.0329353442,8861.7610941,860.593157413,-230.123233171,0.832472226669,0.0777997918196,0.773933879043,424.204547052,4219.88623528
185.5,0.875,882,35.3022285044,128.858752716,50.7744525193,14335320.4279,4.41741801261,7.47218247402,0.783715772794,0.0331637959301,8945.95128516,676.332783395,-614.431827986,0.832058642908,0.0797072221145,0.780356975127,435.122550344,4259.97680246
186,0.875,882,49.1875003852,108.353196066,50.80542159,14344064.0289,4.4890374979,7.47218247402,0.787055420706,0.0333496732227,8993.95396877,324.941734342,-870.860400838,0.829605478499,0.0809823286064,0.783588092316,442.622817798,4282.83522322
186.5,0.875,882,52.1283213688,83.7639667039,50.8378497401,14353219.5766,4.57826072824,7.47218247402,0.792195010981,0.0335812383118,9062.79927042,-112.929190144,-943.998987216,0.82762102853,0.0827256201774,0.788579169618,452.728460474,4315.6187002
187,0.875,882,43.4703449118,60.5622841707,50.8689813996,14362009.0818,4.65726072983,7.47218247402,0.796041707983,0.0337862705926,9116.70664781,-543.117484079,-802.01549935,0.825163343058,0.0841783060623,0.792299139036,461.242889248,4341.28887991
187.5,0.875,882,25.1400116234,43.9106322936,50.8753617392,14363810.4644,4.7772176915,7.47218247402,0.803343870916,0.034097600326,9200.57832515,-875.249690231,-477.415692182,0.823000752032,0.0866229131043,0.799387573216,474.756833184,4381.22777388
188,0.875,882,1.21590714075,37.514082176,50.8255069296,14349734.7898,4.85833161464,7.47218247402,0.806485471961,0.0343081189631,9217.17554608,-1010.82967026,-23.4172339002,0.819741263483,0.0880214131361,0.802401454598,481.476609425,4389.13121242
188.5,0.875,882,-22.9787424172,42.7958963974,50.7460663173,14327306.0569,4.84458545869,7.47218247402,0.80326469697,0.0342724429422,9152.10613864,-899.642366546,437.941802317,0.817553838915,0.0873779736139,0.799233297273,476.46406662,4358.14578031
189,0.875,882,-42.060513376,58.5808463745,50.707227208,14316340.4817,4.72993693789,7.47218247402,0.79471037571,0.0339748904456,9042.8610047,-580.236586598,776.757038166,0.817923591928,0.0847983675263,0.790903351432,461.690179113,4306.12428795
189.5,0.875,882,-51.7836216715,81.3567062655,50.707770225,14316493.7935,4.61813153722,7.47218247402,0.788991903161,0.0336847168275,8979.76830279,-155.676271347,932.686240488,0.821022484264,0.0827009904853,0.785368340064,450.280518425,4276.08014419
190,0.875,882,-49.9846298353,106.055739791,50.7170426512,14319111.7085,4.52156220938,7.47218247402,0.78435300418,0.0334340860789,8931.72142219,283.16682509,881.553208905,0.824070311188,0.0809507351053,0.780880561779,440.912142297,4253.20067723
190.5,0.875,882,-37.0638220385,127.182295463,50.7263115572,14321728.6296,4.3910848798,7.47218247402,0.776620087115,0.0330954523583,8848.94741259,635.339210873,633.31483849,0.826723254058,0.0784006172281,0.773361113514,427.178582549,4213.78448219
191,0.875,882,-15.8961389748,140.035614973,50.7287067247,14322404.8653,4.31228318596,7.47218247402,0.773793112124,0.0328909347546,8818.6537142,841.282599607,267.272524335,0.830337729297,0.0771385858755,0.770640793449,420.341890504,4199.35891152
191.5,0.875,882,8.80851000714,141.755774088,50.7392183562,14325372.6492,4.31707409761,7.47218247402,0.776222231173,0.0329033688245,8849.78249217,875.042486223,-148.926774498,0.832537332037,0.0775352829267,0.773040661123,422.678677714,4214.18213913
192,0.875,882,31.5532239548,131.96002929,50.7667854938,14333155.7711,4.39217632997,7.47218247402,0.782042244103,0.0330982850483,8924.56198645,725.340229614,-545.443439756,0.832403245965,0.079188705233,0.778726342818,432.161417592,4249.79142212
192.5,0.875,882,47.2771967077,112.827980013,50.7981946055,14342023.6103,4.46755563636,7.47218247402,0.786025090493,0.0332939203749,8979.95207804,402.11924547,-832.796885994,0.830307351324,0.0805948720248,0.782590821964,440.379794059,4276.16765621
193,0.875,882,52.4817701442,88.616597482,50.8310912008,14351311.4157,4.54899750177,7.47218247402,0.790458917136,0.0335052901353,9041.01318817,-24.8697120407,-943.475592877,0.828215163835,0.0821447701591,0.786892712435,449.430149881,4305.24437532
193.5,0.875,882,46.0089021201,64.7130285383,50.8637535654,14360533.09,4.64535784478,7.47218247402,0.79588267189,0.0337553784961,9113.17186544,-465.568794908,-847.088752702,0.825967629434,0.0840208018919,0.792154756245,460.285245718,4339.60565021
194,0.875,882,29.298836309,46.4359300462,50.8778392279,14364509.942,4.74763596362,7.47218247402,0.801345004034,0.0340208255284,9179.10562693,-821.306931718,-552.366603427,0.823325776502,0.085987696298,0.797444260212,471.321281843,4371.00267949
194.5,0.875,882,6.06964119025,37.8520426496,50.8394559284,14353673.0571,4.84623612226,7.47218247402,0.806329768682,0.0342767269841,9220.62538381,-1003.02426229,-116.744695028,0.820542340135,0.0878595425988,0.802261360562,480.855010077,4390.77399229
195,0.875,882,-18.5100777293,40.8713217921,50.7619317977,14331785.4109,4.85967791006,7.47218247402,0.804758202882,0.0343116130645,9174.54977155,-941.171327478,354.6025471,0.817879170958,0.087775621958,0.800692507825,478.931736925,4368.83322455
195.5,0.875,882,-38.9712170254,54.8219636199,50.7090705789,14316860.9268,4.75200317913,7.47218247402,0.796031459368,0.0340321599605,9058.178579,-653.113011183,723.536942935,0.817517646101,0.0852436486606,0.7921854534,464.148285685,4313.41837095
196,0.875,882,-50.7610766712,76.5998845086,50.7046533231,14315613.7882,4.6371071633,7.47218247402,0.789897209799,0.0337339651289,8988.67059277,-242.328925299,917.967995472,0.820423963247,0.0830457992288,0.786243586735,452.102307354,4280.31932989
196.5,0.875,882,-51.2563572721,101.359394314,50.7135759249,14318132.9361,4.52986375817,7.47218247402,0.78450910734,0.0334556314643,8932.16830926,200.595839843,905.137347084,0.823551241694,0.0810652762387,0.781026401452,441.475650659,4253.4134806
197,0.875,882,-40.3468565579,123.591385293,50.7247321525,14321282.7111,4.4159995513,7.47218247402,0.778363375218,0.0331601145332,8867.85089082,577.770508557,693.964349156,0.826494451183,0.0789231699904,0.775061462283,429.999018735,4222.78613849
197.5,0.875,882,-20.4599899072,138.349134563,50.7275954818,14322091.1244,4.31955258737,7.47218247402,0.773720983359,0.0329098013612,8817.36893174,813.616745839,344.299656211,0.829644886274,0.0772074501334,0.770562278313,420.698712186,4198.74711035
198,0.875,882,3.979321026,142.348973287,50.7343315413,14323992.9385,4.30627317216,7.47218247402,0.77517763627,0.0328753366937,8836.36391383,881.865960595,-67.0352738322,0.832333897111,0.0772693244899,0.772017232339,421.147686969,4207.79233992
198.5,0.875,882,27.5332142568,134.700918477,50.7598278279,14331191.3901,4.37602306876,7.47218247402,0.78104716543,0.0330563617582,8911.018735,769.384881101,-473.897170328,0.832705603039,0.0788684871201,0.777757776829,430.295901804,4243.34225476
199,0.875,882,44.9608374167,117.106698412,50.7913193317,14340082.4913,4.45436523155,7.47218247402,0.785408857009,0.0332596867201,8970.68218938,475.967577122,-789.469101898,0.830757185033,0.0803597075221,0.781994627115,438.97597735,4271.75342351
199.5,0.875,882,52.3844621307,93.4811100635,50.8251578979,14349636.2465,4.53496895198,7.47218247402,0.789702153709,0.0334688812049,9030.47237024,62.3627825527,-938.448012686,0.828580440662,0.0818779284959,0.786158802283,447.865633489,4300.22493821
200,0.875,882,48.1522968762,69.0809583024,50.8559141584,14358319.7641,4.61043765884,7.47218247402,0.793510626744,0.0336647485566,9083.81279526,-381.631661099,-878.455204033,0.826353813941,0.0832791475403,0.789846196191,456.081672641,4325.6251406
200.5,0.875,882,33.2060183892,49.335392013,50.8792971025,14364921.5486,4.71436109033,7.47218247402,0.799666399017,0.0339344657433,9160.94904832,-761.094053339,-621.496293268,0.824280982251,0.0853603373045,0.7958212805,467.909375631,4362.35668967
201,0.875,882,10.871244148,38.6378928521,50.8514134788,14357049.0722,4.82980476211,7.47218247402,0.805933771672,0.0342340819312,9220.67731742,-985.58850431,-208.608522018,0.821445558048,0.0876119462655,0.801888622914,479.725501463,4390.79872258
201.5,0.875,882,-13.8824332055,39.3687048527,50.7762336979,14335823.314,4.85916990924,7.47218247402,0.805154003989,0.034310294627,9184.21247224,-971.101639462,266.263258847,0.818321602487,0.0878296742307,0.801084336872,479.496740424,4373.43451059
202,0.875,882,-35.5472036749,51.3652188968,50.7152570964,14318607.5869,4.77658736778,7.47218247402,0.797956051369,0.0340959644184,9081.84269455,-722.221849168,664.504015235,0.817531302387,0.0858087338306,0.794061241911,467.339162113,4324.6869974
202.5,0.875,882,-49.3025536186,71.9581540112,50.7021534176,14314907.9816,4.65688968085,7.47218247402,0.790798507405,0.0337853075923,8997.73263538,-327.628184018,895.302294431,0.819758314131,0.0833996183004,0.787113860881,453.983733458,4284.63458828
203,0.875,882,-52.0878527779,96.5654849777,50.7112028414,14317462.9355,4.55783119337,7.47218247402,0.786183260607,0.0335282166151,8949.93943326,116.721277256,926.018523591,0.823010879678,0.0816191345123,0.7826535488,444.450324887,4261.8759206
203.5,0.875,882,-43.2833589489,119.711964561,50.7205869214,14320112.3741,4.42874039858,7.47218247402,0.778638872279,0.033193181431,8869.37382208,512.121499407,746.040829392,0.825724656307,0.0791024051798,0.775321281929,430.905114291,4223.51134385
204,0.875,882,-24.8481135474,136.247391852,50.7255958367,14321526.5579,4.32435544891,7.47218247402,0.773769781111,0.0329222664452,8817.17264511,778.783877642,418.430303754,0.829291064985,0.0772666320297,0.770605876803,420.987998702,4198.65364053
204.5,0.875,882,-0.884045650814,142.492556266,50.7318946947,14323304.9355,4.30557396364,7.47218247402,0.774997176577,0.0328735220062,8833.47845131,883.820039336,14.8847249489,0.832199546809,0.0772361374903,0.771839278099,420.926366619,4206.41831015
205,0.875,882,23.2767265739,137.057879255,50.753122784,14329298.3327,4.35861419826,7.47218247402,0.779686927703,0.0330111797284,8893.44359833,805.780399795,-398.571511116,0.832725184497,0.0784829646052,0.776428919789,428.079427158,4234.97314206
205.5,0.875,882,42.2583173188,121.152602097,50.7863273018,14338673.0749,4.42530418434,7.47218247402,0.78357050957,0.0331842632686,8948.39526561,542.912682096,-736.457786908,0.831242573577,0.0797734976147,0.780205183188,435.688069021,4261.14060267
206,0.875,882,51.8372330899,98.3157239965,50.8185401453,14347767.8343,4.50998550305,7.47218247402,0.788499850749,0.0334040405288,9014.76114293,148.109918151,-923.263969958,0.829386458511,0.081424724009,0.7849954515,445.270664986,4292.74340139
206.5,0.875,882,49.8821199357,73.6285580746,50.8507361069,14356857.8275,4.60305255037,7.47218247402,0.793591163107,0.0336455816502,9082.97010528,-298.353093793,-909.051559147,0.827042558348,0.083208121073,0.789933774384,455.599902489,4325.22385966
207,0.875,882,36.8279997572,52.5841152198,50.8795012969,14364979.1995,4.70155795622,7.47218247402,0.798858844276,0.0339012371897,9151.99208926,-698.122232333,-687.153211903,0.82448331185,0.0850954515491,0.795036798574,466.461127697,4358.09147107
207.5,0.875,882,15.579475882,39.8648832529,50.8614358576,14359878.7238,4.81473745191,7.47218247402,0.805097815048,0.0341949770589,9215.00258522,-959.14967404,-298.055538384,0.821793688877,0.0873139648605,0.801079309302,478.282357893,4388.09646915
208,0.875,882,-9.13555487926,38.3009512946,50.7911876979,14340045.3267,4.86059613068,7.47218247402,0.805664698541,0.0343139961641,9195.39529353,-993.221549113,175.508644673,0.8187277893,0.0879231895451,0.801587530808,480.290050776,4378.75966358
208.5,0.875,882,-31.8178815793,48.2403015839,50.7213037258,14320314.7519,4.79183507439,7.47218247402,0.799104005864,0.0341355374816,9096.79864477,-783.95807561,597.319572674,0.817492963454,0.0861531692765,0.79517927446,469.326949993,4331.80887846
209,0.875,882,-47.4205795145,67.4713817887,50.7001131955,14314331.9589,4.67294671067,7.47218247402,0.791651960516,0.0338269811288,9006.45937777,-410.571450386,864.213505099,0.819346081315,0.0837052934832,0.787940679927,455.610999458,4288.79017989
209.5,0.875,882,-52.4719747823,91.7151858333,50.7087337782,14316765.8367,4.5724219715,7.47218247402,0.786906199728,0.0335660847221,8957.07069634,30.5895842679,935.814570729,0.822572865206,0.0818867153778,0.783353441978,445.863994356,4265.27176016
210,0.875,882,-45.8481081037,115.577352938,50.7187065948,14319581.4953,4.46166877931,7.47218247402,0.780845174671,0.0332786419482,8893.30891103,444.610404498,796.976369641,0.825323679784,0.0797818817215,0.777471225298,434.574294668,4234.90900525
210.5,0.875,882,-29.0228210654,133.748438342,50.7240014825,14321076.4186,4.33236945897,7.47218247402,0.773549294034,0.0329430655684,8814.03145008,737.188980846,489.052974075,0.828378142823,0.0773224945387,0.770379768496,421.265883296,4197.15783337
211,0.875,882,-5.7398194134,142.185289815,50.7297152626,14322689.6092,4.30294273971,7.47218247402,0.774580327664,0.0328666930716,8828.02677639,877.573337519,96.5236084194,0.831975474391,0.0771484243409,0.771429208767,420.412217996,4203.82227447
211.5,0.875,882,18.820319138,139.010668099,50.7487290688,14328057.8404,4.3402389489,7.47218247402,0.778300669963,0.0329634896119,8876.39954686,834.807287774,-320.569789883,0.832798881184,0.078083964952,0.775075105348,425.829375597,4226.85692708
212,0.875,882,39.1928478888,124.930941504,50.7791717416,14336652.8217,4.42011676502,7.47218247402,0.783643771794,0.0331708001244,8946.7657916,608.231272627,-682.441260466,0.831755568455,0.079726705522,0.780282971414,435.309818772,4260.36466267
212.5,0.875,882,50.8447830766,103.078915624,50.8120080574,14345923.6082,4.4937047178,7.47218247402,0.78735247812,0.0333617862698,8999.60496581,231.89249565,-901.490916964,0.829530512821,0.0810772163696,0.783877170589,443.256349233,4285.5261742
213,0.875,882,51.1835141495,78.3167693119,50.8431711842,14354721.9977,4.57415231616,7.47218247402,0.791748271207,0.033570575564,9059.66688048,-211.33269523,-925.835523177,0.82749206829,0.082614269777,0.788141605888,452.213734521,4314.12708594
213.5,0.875,882,40.1336718455,56.1541969486,50.876907967,14364247.016,4.68134598092,7.47218247402,0.798040783416,0.0338487801351,9142.00248669,-628.850197043,-745.677903099,0.825276155978,0.0847456762226,0.794249962086,464.496437038,4353.33451747
214,0.875,882,20.1538982094,41.5224754452,50.870497403,14362437.1001,4.79863937682,7.47218247402,0.804377989647,0.0341531969958,9210.30678549,-924.6670478,-384.41825836,0.82234395326,0.0870221016184,0.800385872517,476.853478128,4385.86037404
214.5,0.875,882,-4.31021286228,37.6772318672,50.8073522059,14344609.1061,4.86435519245,7.47218247402,0.806385082647,0.0343237522273,9209.37382077,-1007.5823045,83.0019963329,0.819162274963,0.0880751282147,0.802295327964,481.426318055,4385.41610513
215,0.875,882,-27.815281237,45.4740510521,50.7306950907,14322966.2473,4.81589014482,7.47218247402,0.800875088792,0.034197968695,9119.8982081,-841.426297755,525.637513973,0.817391934207,0.0866917682082,0.796903348114,472.435915257,4342.80867052
215.5,0.875,882,-45.1313183068,63.1781039468,50.701360767,14314684.1899,4.70265986418,7.47218247402,0.793337865341,0.0339040970213,9025.59390148,-492.241149915,828.259567351,0.818696698483,0.0842880099632,0.789575827743,458.80532545,4297.90185785
216,0.875,882,-52.4054241285,86.8501552563,50.7066227249,14316169.816,4.59295034991,7.47218247402,0.787736371589,0.033619362952,8965.46726828,-56.4112800517,938.540562239,0.821763713701,0.082236387646,0.784153064929,447.730639455,4269.27012775
216.5,0.875,882,-48.0190758383,111.223061882,50.7150077885,14318537.1989,4.47269892909,7.47218247402,0.781177240095,0.0333072689953,8895.64129806,369.649013389,836.363956638,0.824760261025,0.0799512222963,0.777788568097,435.43318048,4236.01966574
217,0.875,882,-32.9482566249,130.87373711,50.7238319344,14321028.5495,4.34095241752,7.47218247402,0.773940072614,0.0329653413092,8818.30161705,690.070559452,556.264816713,0.828072827994,0.0774714406203,0.770758149885,422.074544827,4199.19124621
217.5,0.875,882,-10.5462948661,141.429812994,50.7277740129,14322141.5296,4.29982123261,7.47218247402,0.774110138496,0.0328585916829,8822.05998208,863.675402149,177.106913858,0.831735637365,0.0770478606691,0.770966809101,419.832073981,4200.98094385
218,0.875,882,14.2022672568,140.542512846,50.7429501398,14326426.2561,4.31703215848,7.47218247402,0.776544298307,0.032903259978,8854.73507151,855.153924224,-240.295226606,0.832886328005,0.0775805093263,0.773359512984,422.987439719,4216.54051024
218.5,0.875,882,35.7907579102,128.409265135,50.7736864745,14335104.148,4.40555668974,7.47218247402,0.783102526107,0.0331330117018,8938.86235186,666.652530446,-621.204265259,0.83240441954,0.0794882122735,0.779762134865,433.913879959,4256.60111993
219,0.875,882,49.4156360715,107.729774721,50.8053904575,14344055.2392,4.47893552641,7.47218247402,0.786570877301,0.0333234551187,8988.56011031,313.197090649,-872.928939811,0.829935135505,0.0808000267599,0.783119118241,441.625874525,4280.2667192
219.5,0.875,882,52.045302069,83.105325784,50.8375189287,14353126.1775,4.56506075475,7.47218247402,0.791423089524,0.033546979823,9054.0665663,-124.461686955,-939.514455745,0.827900307787,0.0824650313935,0.787829566013,451.296475568,4311.46026966
220,0.875,882,43.0946428119,60.0149743886,50.8683346058,14361826.4704,4.648381966,7.47218247402,0.79569446325,0.0337632271348,9112.63389527,-552.207273694,-793.635314051,0.825525923072,0.0840270757316,0.791965330615,460.402536294,4339.34947394
220.5,0.875,882,24.555222213,43.5964326579,50.8758054995,14363935.7527,4.7730743516,7.47218247402,0.803256126266,0.0340868469284,9199.79383944,-880.618224081,-465.993832278,0.823243171449,0.0865626000968,0.79930546963,474.434550252,4380.85420926
221,0.875,882,0.552148822745,37.5029035881,50.8221568319,14348788.9455,4.85328193831,7.47218247402,0.806202052536,0.0342950133095,9212.80900026,-1009.75642039,-10.6203172535,0.819853358229,0.0879208231286,0.802127063694,480.862985484,4387.05190489
221.5,0.875,882,-23.5737802855,43.0902261458,50.7421645286,14326204.4519,4.83657548817,7.47218247402,0.802775253697,0.0342516543031,9145.26297527,-892.207403969,448.365011856,0.817689623618,0.0872129737234,0.798758524828,475.491209328,4354.88713108
222,0.875,882,-42.4544320617,59.1151947016,50.7046768229,14315620.423,4.71280316091,7.47218247402,0.793586837004,0.0339304223785,9029.46328308,-567.892641463,780.628510762,0.818139226945,0.084438775197,0.789811011997,459.686110998,4299.74442051
222.5,0.875,882,-51.8887724084,82.0121781475,50.7048463591,14315668.2887,4.6095345333,7.47218247402,0.788767555807,0.033662404634,8976.30002991,-143.629915148,933.017800816,0.821487901968,0.0825722618051,0.785155549022,449.527786798,4274.42858567
223,0.875,882,-49.7776160885,106.686489641,50.7144514384,14318380.1228,4.50539495202,7.47218247402,0.783309729587,0.0333921264639,8919.19453539,293.060628552,874.231775063,0.824305719207,0.0806205244102,0.779865050903,439.068723937,4247.23549304
223.5,0.875,882,-36.5907053432,127.647978465,50.7236879548,14320987.8992,4.37373534208,7.47218247402,0.775674312993,0.0330504243176,8837.52004066,640.565906274,622.576809834,0.827169248381,0.0780759188167,0.772442309357,425.365406321,4208.34287651
224,0.875,882,-15.2621900279,140.232614461,50.72647179,14321773.8687,4.30063467121,7.47218247402,0.773323079344,0.0328607028369,8812.68290817,842.404319026,255.947952049,0.830820935844,0.0769452967244,0.770186881315,419.251679447,4196.51567056
224.5,0.875,882,9.46223457407,141.640256747,50.7382269229,14325092.7346,4.30665436244,7.47218247402,0.775701098369,0.0328763260141,8843.64852784,870.942413157,-159.585988393,0.832863538211,0.0773476394657,0.772535040948,421.639273324,4211.26120373
225,0.875,882,32.0812673414,131.557698273,50.766643266,14333115.6154,4.38247744095,7.47218247402,0.781548254443,0.0330731130825,8919.02107975,716.770739091,-553.325007369,0.832694928152,0.0790111667312,0.778247223165,431.190109699,4247.15289512
225.5,0.875,882,47.5620667692,112.228355869,50.7986155745,14342142.4639,4.45800202368,7.47218247402,0.785526122265,0.0332691254514,8974.54827455,390.698691332,-835.978933993,0.83057738149,0.0804169230793,0.782106924884,439.414743081,4273.59441645
226,0.875,882,52.460081948,87.9530994129,50.8310845327,14351309.5331,4.54335257861,7.47218247402,0.790266646193,0.0334906396107,9038.89371671,-36.7567536512,-942.040038886,0.828479693229,0.0820537124056,0.786708448732,448.931837268,4304.2351032
226.5,0.875,882,45.685481392,64.1332879944,50.8649052775,14360858.2567,4.64038498828,7.47218247402,0.795641684461,0.0337424722165,9110.90432713,-475.745444031,-840.255987152,0.826122977526,0.0839292842997,0.791921788891,459.804713418,4338.52587006
227,0.875,882,28.745645687,46.0689420337,50.8793480597,14364935.9355,4.74596034617,7.47218247402,0.801346036795,0.0340164767226,9179.68329293,-828.093089668,-541.850609874,0.823461652464,0.0859688292089,0.7974471467,471.245815605,4371.27775854
227.5,0.875,882,5.40976819764,37.7794637327,50.8364530637,14352825.2483,4.84308041379,7.47218247402,0.80612815368,0.0342685368311,9217.28715784,-1003.54123399,-103.961503285,0.820587769408,0.0877930224732,0.8020656569,480.434186302,4389.18436088
228,0.875,882,-19.1298082384,41.1093011222,50.7588599994,14330918.1398,4.85337256073,7.47218247402,0.804351300352,0.034295248506,9168.91341028,-935.07539282,365.873537579,0.817964098999,0.0876421964919,0.8002974596,478.145850991,4366.14924299
228.5,0.875,882,-39.412912089,55.3175496733,50.7066477109,14316176.8704,4.74375663244,7.47218247402,0.795555294738,0.0340107573246,9052.03347781,-642.612456162,730.260636242,0.817687186342,0.0850797405584,0.791723686867,463.211545111,4310.49213229
229,0.875,882,-50.9264570537,77.2428070503,50.7026594579,14315050.8536,4.62690641241,7.47218247402,0.789316374246,0.0337074906583,8981.52049974,-230.130513489,918.676370118,0.820647525114,0.0828465052036,0.785679954024,450.981878215,4276.91452369
229.5,0.875,882,-51.1086250582,102.006600046,50.7119305087,14317668.3803,4.52007330506,7.47218247402,0.784007807103,0.0334302218581,8926.03290792,211.537245801,900.452895938,0.823830187531,0.0808840900367,0.780540572495,440.460340555,4250.49186091
230,0.875,882,-39.9188828621,124.098867885,50.7227129902,14320712.6342,4.40257078519,7.47218247402,0.777561705648,0.0331252622486,8858.22227928,584.505175181,684.268864848,0.826764305224,0.0786611046943,0.774281550663,428.537083072,4218.20108537
230.5,0.875,882,-19.847000896,138.603976745,50.7260657398,14321659.2272,4.31201422481,7.47218247402,0.773474081103,0.0328902367076,8814.12502024,816.616330821,333.458003539,0.830018166301,0.0770904331089,0.770325247498,420.035759165,4197.20239059
231,0.875,882,4.64093240559,142.294471471,50.7338249848,14323849.9207,4.3017206378,7.47218247402,0.775013677205,0.0328635212952,8834.38085481,880.099579703,-78.1054391548,0.832544860978,0.077196464816,0.771859389207,420.742171663,4206.8480261
231.5,0.875,882,28.0962363515,134.349199574,50.7594001746,14331070.6493,4.36983576028,7.47218247402,0.780676732089,0.0330403035564,8906.73921626,762.147411499,-482.8378869,0.832833115177,0.0787475081183,0.777397357629,429.62861721,4241.3043887
232,0.875,882,45.299995154,116.536021538,50.7919882066,14340271.337,4.4503020532,7.47218247402,0.785250818183,0.0332491413694,8969.17231539,465.566167,-794.774193224,0.83092962764,0.0802919054543,0.781842415565,438.61715135,4271.0344359
232.5,0.875,882,52.4242913141,92.8184535146,50.8252540533,14349663.3944,4.52804560118,7.47218247402,0.789263857898,0.0334509127192,9025.60901528,50.4047867757,-937.547918328,0.828693031604,0.0817369407582,0.785732443941,447.096133694,4297.9090549
233,0.875,882,47.8839353244,68.4737662875,50.8567372991,14358552.1641,4.61052027408,7.47218247402,0.793700276074,0.0336649629716,9086.26334474,-392.857302631,-873.889688374,0.826544550308,0.0833079369367,0.790033699038,456.254108217,4326.79206892
233.5,0.875,882,32.6891778136,48.9187676199,50.8797429018,14365047.4126,4.71556620013,7.47218247402,0.799758668187,0.0339375934193,9162.14461343,-769.151757838,-612.029803414,0.824278719471,0.0853877061746,0.79591119305,468.067602452,4362.92600639
234,0.875,882,10.2209240151,38.5045369738,50.8492725571,14356444.6186,4.82895066576,7.47218247402,0.805834922221,0.0342318652563,9218.78853233,-987.786189023,-196.057807579,0.821412807018,0.087587288774,0.801791874064,479.550105473,4389.89930111
234.5,0.875,882,-14.521533598,39.5482898014,50.7736308725,14335088.4497,4.85656828986,7.47218247402,0.804974182392,0.0343035425265,9181.26721922,-966.931384643,278.312202576,0.818344614972,0.0877727916207,0.800909548201,479.137070298,4372.03200915
235,0.875,882,-36.0328814745,51.8177861741,50.712622808,14317863.8395,4.77161746023,7.47218247402,0.797637904708,0.0340830657923,9077.36491795,-712.824692425,672.698753702,0.817601248429,0.0857049833268,0.793752189436,466.725617113,4322.55472283
235.5,0.875,882,-49.5267432235,72.5830052628,50.7009738861,14314574.9605,4.652082551,7.47218247402,0.790553415244,0.0337728314306,8994.6020014,-315.925720352,898.362333208,0.819892781573,0.0833097344992,0.786876606994,453.473353353,4283.14381019
236,0.875,882,-52.0006709432,97.2235878521,50.709881815,14317089.9658,4.54685542686,7.47218247402,0.785449456433,0.0334997307113,8941.30306627,128.054448929,921.829622331,0.823142113833,0.0813903854966,0.781939054989,443.181600165,4257.76336489
236.5,0.875,882,-42.9042040443,120.256888064,50.7193303187,14319757.5933,4.41557315456,7.47218247402,0.777889248112,0.0331590078864,8860.59977344,519.826948696,737.113526918,0.82602657165,0.0788504361889,0.774592674149,429.511246822,4219.33322545
237,0.875,882,-24.2613493279,136.557887933,50.7244859281,14321213.1937,4.32092162245,7.47218247402,0.773840045847,0.0329133544799,8817.62108221,783.700259795,408.386776448,0.829656733247,0.0772392416478,0.770678794966,420.820345696,4198.867182
237.5,0.875,882,-0.220229923523,142.499538082,50.7302450995,14322839.1998,4.29487940592,7.47218247402,0.774240161434,0.0328457659364,8824.4477636,881.320305983,3.69704402512,0.832295596409,0.0770124540699,0.771100352637,419.680028715,4202.11798267
238,0.875,882,23.8698916778,136.75979332,50.7533808082,14329371.1815,4.35115033276,7.47218247402,0.779376194698,0.0329918084204,8890.09648179,799.396547606,-408.075135589,0.833024809789,0.0783567331593,0.776128813183,427.395252874,4233.37927704
238.5,0.875,882,42.6488497652,120.615773936,50.786979341,14338857.1673,4.42040995613,7.47218247402,0.783379876314,0.0331715610565,8946.51842879,533.025969668,-742.5239208,0.83145086564,0.0796920410557,0.780021513594,435.25436494,4260.24687085
239,0.875,882,51.938237567,97.6596004097,50.8187934769,14347839.3583,4.50872672425,7.47218247402,0.788529762648,0.0334007735632,9015.20598461,136.408969836,-924.962282969,0.829522369473,0.0814150521084,0.785026361052,445.222213103,4292.95523076
239.5,0.875,882,49.6711224708,72.999129655,50.85105618,14356948.1948,4.60054371849,7.47218247402,0.793427167363,0.0336390703653,9081.25005009,-309.633275541,-904.649705477,0.827077293877,0.0831559072419,0.789774241195,455.319741369,4324.40478575
240,0.875,882,36.3519482817,52.1214327604,50.8798815928,14365086.5697,4.70238930288,7.47218247402,0.798990654874,0.0339033948213,9153.61889971,-707.006396758,-678.51193545,0.824552071464,0.0851244277761,0.795166233282,466.626939904,4358.86614272
240.5,0.875,882,14.9442940952,39.6718957838,50.8601055668,14359503.1384,4.81414013373,7.47218247402,0.805028979919,0.034193426812,9213.74556351,-962.602037554,-285.832501937,0.821771073545,0.0872967911543,0.801011934493,478.163271072,4387.49788738
241,0.875,882,-9.78853603313,38.4205994381,50.7882801199,14339224.4205,4.85918078849,7.47218247402,0.805570354787,0.0343103228624,9193.29137203,-990.466487834,187.966839477,0.81874390143,0.0878927539457,0.801495888056,480.068824493,4377.7577962
241.5,0.875,882,-32.3433707128,48.6459630636,50.7190499459,14319678.4347,4.78872664861,7.47218247402,0.798899532419,0.0341274700435,9093.71735361,-775.680382745,606.666725485,0.817531009921,0.0860873356169,0.794980576968,468.926639459,4330.34159696
242,0.875,882,-47.7016528162,68.0727950116,50.699161748,14314063.3335,4.66660267362,7.47218247402,0.791238759497,0.0338105161622,9001.52845959,-398.96556649,867.931729028,0.819430081411,0.0835732266464,0.787538850674,454.875081778,4286.44212361
242.5,0.875,882,-52.4460921165,92.3785335198,50.7078413011,14316513.8607,4.56710715036,7.47218247402,0.786655857284,0.0335522909262,8953.9875292,42.3690769353,934.227957421,0.82274585943,0.0817911041494,0.783111364563,445.327725918,4263.80358534
243,0.875,882,-45.5210284857,116.155037098,50.7179246298,14319360.7205,4.45417068238,7.47218247402,0.780394716106,0.0332591817978,8888.02326683,453.797992291,789.803939346,0.825469689019,0.0796344292011,0.777033103404,433.757740993,4232.39203182
243.5,0.875,882,-28.4673212533,134.111921525,50.7232421656,14320862.0381,4.33256448842,7.47218247402,0.773758603153,0.0329435717371,8816.13573885,743.597987414,479.875780946,0.828585830872,0.0773543620035,0.770586761858,421.426885126,4198.15987564
244,0.875,882,-5.07950073616,142.253695298,50.7284670465,14322337.1961,4.29629726564,7.47218247402,0.774049475996,0.0328494457719,8821.6532493,877.000359779,85.2518457829,0.83197002296,0.0770009131369,0.770910200187,419.587722352,4200.78726157
244.5,0.875,882,19.4385326593,138.768775339,50.748701256,14328049.9879,4.33433958131,7.47218247402,0.778007362032,0.0329481787161,8873.13197954,829.554868575,-330.648643388,0.83298507296,0.0779776228274,0.774790635072,425.248974785,4225.30094264
245,0.875,882,39.6314008291,124.432572781,50.7787309216,14336528.3635,4.41540178267,7.47218247402,0.783426060199,0.0331585631172,8944.19511443,598.916259357,-689.34408383,0.831920409376,0.079643352647,0.78007231619,434.847159959,4259.14053068
245.5,0.875,882,51.0060953376,102.43496033,50.8122571236,14345993.9279,4.48913077668,7.47218247402,0.787115923444,0.0333499153133,8997.06048359,220.245778016,-903.410775184,0.829661494733,0.0809921267988,0.783647860449,442.795497874,4284.31451599
246,0.875,882,51.031692992,77.6705105389,50.8440380493,14354966.7426,4.57526627643,7.47218247402,0.791956867769,0.0335734666755,9062.33430091,-223.146222124,-923.601057095,0.827618450706,0.0826572523227,0.788346774401,452.464440696,4315.39728615
246.5,0.875,882,39.7024981934,55.649430322,50.877491275,14364411.7033,4.68239463837,7.47218247402,0.798093498395,0.0338515017633,9142.79898106,-638.391353151,-737.854765808,0.825245564348,0.0847653314965,0.79430094733,464.614822356,4353.7138005
247,0.875,882,19.5393102345,41.2715139209,50.8699119819,14362271.8162,4.80016193329,7.47218247402,0.804469107663,0.0341571485555,9211.11162535,-929.764129325,-372.819909453,0.822315383452,0.0870531489771,0.800474237709,477.012628617,4386.24363112
247.5,0.875,882,-4.97146643601,37.7359155684,50.8041706334,14343710.8422,4.85963845994,7.47218247402,0.80597719279,0.0343115106779,9203.65475004,-1005.00507008,95.5981345177,0.819121158678,0.087959502354,0.801897525254,480.734083938,4382.69273812
248,0.875,882,-28.3760683696,45.8293225784,50.7286931025,14322401.0193,4.81430237672,7.47218247402,0.800875860593,0.0341938478885,9119.20754948,-834.474421913,536.08195824,0.817518706597,0.0866738745807,0.796905893302,472.301122954,4342.47978547
248.5,0.875,882,-45.4668612157,63.7509137075,50.7001212928,14314334.245,4.69836150146,7.47218247402,0.793044695778,0.0338929412859,9021.89202402,-481.181099914,833.468793755,0.818739524997,0.0841962914892,0.789290571001,458.283666097,4296.13905906
249,0.875,882,-52.4410629333,87.513050377,50.7060730777,14316014.6323,4.58521983468,7.47218247402,0.787244266172,0.0335992995958,8959.8004905,-44.4527847646,937.353640736,0.821880655946,0.0820783501923,0.783674417079,446.860526992,4266.57166214
249.5,0.875,882,-47.7468807367,111.828545071,50.714734382,14318460.0072,4.46837117236,7.47218247402,0.781038580391,0.0332960369724,8894.02665772,379.86904069,830.910247223,0.824972331104,0.0798835560512,0.77765577707,435.059963291,4235.25078939
250,0.875,882,-32.4287923114,131.287085502,50.7228881485,14320762.0872,4.34303954316,7.47218247402,0.774216385903,0.0329707581209,8821.07902828,697.581298581,547.912713555,0.828192591064,0.0775334740219,0.771029599625,422.396791942,4200.51382299
250.5,0.875,882,-9.8951446011,141.55905462,50.7266444564,14321822.6182,4.29446301864,7.47218247402,0.773632096879,0.0328446852676,8816.31209096,864.391831758,165.892920851,0.831677338383,0.0769219045409,0.770498809391,419.1270758,4198.24385284
251,0.875,882,14.8402194672,140.358890835,50.7429070455,14326414.0892,4.31336472787,7.47218247402,0.776393761647,0.0328937417293,8853.05523442,851.371086267,-250.889834122,0.833036480194,0.0775190857419,0.773214111819,422.651825797,4215.74058782
251.5,0.875,882,36.2735646894,127.953636252,50.7731126402,14334942.1354,4.40317563327,7.47218247402,0.783010579787,0.0331268320382,8937.64488163,658.402414289,-629.257297195,0.832507058255,0.0794487440615,0.779673554846,433.688625988,4256.02137221
252,0.875,882,49.6358706334,107.103518541,50.8061116449,14344258.8544,4.47885629267,7.47218247402,0.786627373819,0.0333232494798,8989.45790035,302.170099914,-876.923420932,0.830001345483,0.0808073190944,0.783175102629,441.678271048,4280.69423826
252.5,0.875,882,51.9539611844,82.4477872617,50.8381535425,14353305.3502,4.56257972124,7.47218247402,0.791229849681,0.0335405406844,9052.12581267,-136.242343108,-937.252385589,0.827902499101,0.0824090564546,0.787641028839,451.001407892,4310.53610127
253,0.875,882,42.7120502586,59.4724589476,50.8708009332,14362522.7968,4.64769691303,7.47218247402,0.795706403638,0.0337614491858,9113.66200133,-562.213005582,-786.610035483,0.825594112184,0.0840211270364,0.791977882553,460.414584831,4339.83904825
253.5,0.875,882,23.9665066391,43.2896525434,50.8754611924,14363838.5433,4.77539968095,7.47218247402,0.803456432506,0.034092881961,9201.91871917,-887.006388174,-455.112103606,0.823261882309,0.0866190709073,0.799500906873,474.737631206,4381.86605675
254,0.875,882,-0.111697778992,37.5001188229,50.8206297245,14348357.7922,4.85918835043,7.47218247402,0.806600648066,0.0343103424883,9216.70298214,-1011.21711764,2.15144689068,0.819790443997,0.0880486289125,0.802514326357,481.533050634,4388.90618197
254.5,0.875,882,-24.1650489143,43.3920563534,50.7398293716,14325545.1592,4.83393256037,7.47218247402,0.802413859517,0.0342447949929,9140.36541969,-885.525766681,459.122883193,0.817530806634,0.0871284213459,0.798404249815,474.986503049,4352.55496176
255,0.875,882,-42.841562658,59.6544812366,50.7036585325,14315332.9257,4.7111197201,7.47218247402,0.79352489182,0.0339260532684,9028.42125895,-557.768491631,787.453131687,0.818210405441,0.0844106814953,0.789751586183,459.5147112,4299.24821855
255.5,0.875,882,-51.9856265883,82.6689272118,50.704277428,14315507.6605,4.60576794612,7.47218247402,0.7885172275,0.0336526290398,8973.31342463,-131.692237915,933.847433051,0.821533662796,0.0824935588513,0.784911925157,449.089245594,4273.00639268
256,0.875,882,-49.5626433398,107.31457147,50.7139052862,14318225.9258,4.49804655388,7.47218247402,0.782831677443,0.0333730548335,8913.6794605,303.517430006,868.813077891,0.824408905349,0.0804700679614,0.779399617757,438.239881565,4244.60926691
256.5,0.875,882,-36.1117381168,128.107641887,50.7232836105,14320873.7394,4.37503631187,7.47218247402,0.775966933404,0.0330538007834,8840.6778637,648.8415989,614.858247285,0.827372138364,0.0781319169636,0.772730638084,425.663703375,4209.84660176
257,0.875,882,-14.6258007914,140.421582197,50.7253797493,14321465.5492,4.29459569052,7.47218247402,0.772812222625,0.032845029597,8806.58452132,844.02124539,244.825450947,0.830784681147,0.0768073683039,0.769687050419,418.48213038,4193.61167682
257.5,0.875,882,10.1144462131,141.516482584,50.7379009148,14325000.6916,4.3052529602,7.47218247402,0.775747689692,0.0328726888914,8844.07861194,868.746047687,-170.564540347,0.83303276166,0.0773389437885,0.772582538963,421.586453556,4211.46600569
258,0.875,882,32.6041812163,131.148722547,50.7674289209,14333337.432,4.37981279263,7.47218247402,0.781374075078,0.0330661974001,8917.3521851,709.251583311,-561.975335299,0.832734174583,0.0789569216048,0.77807751744,430.907413048,4246.35818338
258.5,0.875,882,47.8393320757,111.625177607,50.7993702061,14342355.5215,4.45556650011,7.47218247402,0.785403928813,0.0332628044268,8973.45614423,379.897279522,-840.410767473,0.830651602111,0.0803723069248,0.781988515154,439.183999341,4273.0743544
259,0.875,882,52.4300058473,87.2899286251,50.8319703635,14351559.6326,4.54535987294,7.47218247402,0.790489160578,0.0334958492325,9041.71380482,-48.6997202406,-942.162129255,0.828547159826,0.0821085605406,0.786926470004,449.247579716,4305.5780023
259.5,0.875,882,45.3547559584,63.5576833097,50.8660011207,14361167.6497,4.64152627802,7.47218247402,0.795678130773,0.0337454342574,9111.69743619,-486.458604133,-834.390251532,0.826067729448,0.0839475031881,0.791956601609,459.924341946,4338.90354104
260,0.875,882,28.1878588898,45.7089782099,50.8794047703,14364951.9468,4.74951854218,7.47218247402,0.80159431354,0.0340257114698,9182.48411857,-835.632489565,-531.816376042,0.82343046396,0.0860462926711,0.797688678657,471.67148995,4372.61148503
260.5,0.875,882,4.74903023081,37.7152344189,50.8350006001,14352415.1694,4.84503099358,7.47218247402,0.806185587257,0.0342735992591,9217.38731827,-1005.07258051,-91.2908380857,0.820491306565,0.0878239939559,0.802120207196,480.576210557,4389.23205632
261,0.875,882,-19.74648006,41.3550976438,50.7561247684,14330145.8929,4.85034684511,7.47218247402,0.804064333327,0.0342873957292,9164.71501786,-929.447747681,377.291772157,0.817911601601,0.0875643484344,0.800017226389,477.669654302,4364.15000851
261.5,0.875,882,-39.8483053756,55.8186811446,50.7051836773,14315763.5249,4.73829417258,7.47218247402,0.795209675613,0.0339965803552,9047.67213017,-632.449555337,737.304582141,0.817768571528,0.0849667379557,0.791387925802,462.56959687,4308.41530008
262,0.875,882,-51.0836947449,77.8877693546,50.7020801939,14314887.3081,4.61880424889,7.47218247402,0.788826462993,0.0336864627465,8975.8743426,-218.062702902,919.685966726,0.820795687343,0.0826841550427,0.785203984322,450.087827103,4274.22587743
262.5,0.875,882,-50.9527210259,102.651886027,50.7116992141,14317603.0781,4.51643955435,7.47218247402,0.783934040775,0.0334207910204,8925.15984891,222.763883744,897.133122954,0.824051896955,0.0808332003843,0.780471346863,440.179201861,4250.07611853
263,0.875,882,-39.484526489,124.600898369,50.7222653658,14320586.2549,4.40218069415,7.47218247402,0.777625274768,0.0331242498276,8858.79014673,593.136755038,676.853059311,0.826864511663,0.0786659457075,0.774344853971,428.555892331,4218.47149844
263.5,0.875,882,-19.2308385244,138.85104758,50.7255070173,14321501.4812,4.30488190483,7.47218247402,0.772921212808,0.0328717258746,8807.74853669,819.089853484,322.445177528,0.83002901512,0.076934557672,0.769784921524,419.177220378,4194.16596985
264,0.875,882,5.30180174103,142.23160823,50.7341572446,14323943.7287,4.30059606165,7.47218247402,0.775110525697,0.0328606026318,8835.60651919,879.069633877,-89.2305076047,0.832744566692,0.0771979145966,0.771956364203,420.755584437,4207.43167581
264.5,0.875,882,28.6547661057,133.990389626,50.7604231423,14331359.4672,4.36877148974,7.47218247402,0.780621970362,0.0330375414069,8906.48944784,755.824251322,-492.334060301,0.83286461989,0.0787279850184,0.777344224992,429.539416309,4241.18545135
265,0.875,882,45.6319098217,115.961101788,50.7930784836,14340579.1585,4.45162288864,7.47218247402,0.785383231401,0.0332525693934,8971.04502638,455.690240434,-800.968161067,0.830959297035,0.0803256273457,0.781972088458,438.820205092,4271.92620304
265.5,0.875,882,52.4557383157,92.1553463199,50.8260205129,14349879.7915,4.52609371233,7.47218247402,0.789075181033,0.0334458468937,9023.76043043,38.5238400509,-937.573908155,0.828656427504,0.0816877405035,0.785547820981,446.840487934,4297.0287764
266,0.875,882,47.6079175537,67.8700161274,50.8580831205,14358932.1344,4.61358307737,7.47218247402,0.793992688276,0.0336729120037,9090.03317507,-404.272204663,-869.705007451,0.826598341862,0.0833852817601,0.790319649777,456.701874468,4328.58722622
266.5,0.875,882,32.1671105268,48.5087117534,50.8797465821,14365048.4517,4.71859891675,7.47218247402,0.799914984796,0.0339454643661,9163.88679238,-777.353268208,-602.661656302,0.824194840971,0.0854453080992,0.796062420151,468.383425207,4363.75561542
267,0.875,882,9.56896964656,38.379414766,50.84797955,14356079.5596,4.83161354112,7.47218247402,0.805962065549,0.0342387763373,9219.72995291,-990.696592789,-183.64661273,0.821330400569,0.0876368851923,0.801914534887,479.797249633,4390.34759662
267.5,0.875,882,-15.1583121254,39.7359415337,50.7715148337,14334491.0214,4.85602062094,7.47218247402,0.804860994771,0.0343021211365,9179.22659622,-962.998300731,290.414846396,0.818272872264,0.0877494323928,0.800798285171,478.969630643,4371.06028392
268,0.875,882,-36.5127979341,52.2764584507,50.7106499735,14317306.8425,4.76636994251,7.47218247402,0.797244261441,0.034069446672,9072.27439238,-703.236360337,680.665867265,0.817615974583,0.0855868602902,0.793368784956,466.046089163,4320.13066304
268.5,0.875,882,-49.7430139389,73.2106413383,50.7005789759,14314463.4642,4.64763750581,7.47218247402,0.790343728116,0.0337612950036,8992.1456672,-304.241778569,901.39851897,0.820034814754,0.0832291571354,0.786673973776,453.027695546,4281.97412724
269,0.875,882,-51.9051746599,97.8805357385,50.7095437545,14316994.52,4.54045721408,7.47218247402,0.785064372891,0.03348312514,8936.90376136,139.480491295,918.688716422,0.823263504944,0.0812633850348,0.781564745561,442.484165809,4255.66845779
269.5,0.875,882,-42.5181891358,120.796973757,50.7195977105,14319833.0869,4.41238880885,7.47218247402,0.777804903945,0.0331507434098,8859.77490809,528.796232834,730.054141652,0.826202682942,0.0788034622643,0.774512398045,429.259898229,4218.94043242
270,0.875,882,-23.6707059326,136.860939818,50.7243219194,14321166.8886,4.31522251702,7.47218247402,0.773472882271,0.0328985633336,8813.46955115,787.631279541,397.853488931,0.829745218464,0.0771251550697,0.770320923728,420.19605379,4196.89026245
270.5,0.875,882,0.443621016589,142.498125685,50.7309844681,14323047.9482,4.29646876749,7.47218247402,0.774514323899,0.0328498908784,8827.79324878,881.964269738,-7.45279723485,0.832455061776,0.0770685525341,0.771370203901,419.997980041,4203.71107085
271,0.875,882,24.4592401966,136.454230905,50.7536885748,14329458.0743,4.35167174506,7.47218247402,0.779375823481,0.0329931616653,8890.19413151,794.239817763,-418.185859453,0.832980266735,0.078362403885,0.77612792541,427.431367544,4233.42577691
271.5,0.875,882,43.0325630367,120.074050583,50.7864464568,14338706.7163,4.42125086279,7.47218247402,0.783432651377,0.0331737434997,8946.91988397,523.694316478,-749.347302697,0.831436311085,0.0797089103312,0.78007288513,435.337364206,4260.43803998
272,0.875,882,52.030937578,97.0022521204,50.8195461977,14348051.8765,4.51084089855,7.47218247402,0.788674334017,0.0334062605755,9017.09039896,124.774228228,-927.147433237,0.829499014354,0.0814595812004,0.785167192395,445.478919079,4293.85257093
272.5,0.875,882,49.4521830316,72.3724195247,50.8517510552,14357144.3813,4.60053545388,7.47218247402,0.793370552876,0.0336390489157,9080.85438822,-321.023755943,-900.595833819,0.827018955862,0.0831475067002,0.789718248435,455.286186883,4324.21637534
273,0.875,882,35.8700844503,51.6648067499,50.8802065615,14365178.3192,4.70348845706,7.47218247402,0.799077061863,0.0339062475059,9154.70556652,-715.750882428,-669.72519039,0.824552297994,0.0851496943424,0.795250472473,466.77140621,4359.3836031
273.5,0.875,882,14.3067228476,39.4869553347,50.8586747426,14359099.169,4.81568571895,7.47218247402,0.805120470734,0.0341974381393,9214.24735808,-966.432524264,-273.721023295,0.821741175138,0.0873281986686,0.801100632186,478.308390767,4387.73683718
274,0.875,882,-10.4399520864,38.5484946728,50.78601235,14338584.1535,4.85884012825,7.47218247402,0.805502813745,0.0343094387315,9191.70913135,-987.763789236,200.42575172,0.818702212128,0.0878786501617,0.801429512423,479.948926156,4377.00434826
274.5,0.875,882,-32.8636884266,49.0582366892,50.7177072939,14319299.3593,4.78433473218,7.47218247402,0.798567029072,0.0341160715039,9089.53150838,-767.018987611,615.681177059,0.817540167976,0.0859878193977,0.794656719075,468.359766156,4328.34833732
275,0.875,882,-47.9750990443,68.6777142012,50.6986758998,14313926.1624,4.65926924958,7.47218247402,0.790781849966,0.0337914833948,8996.28095232,-387.257693365,871.329010882,0.8195487993,0.0834237388142,0.787094834431,454.052742068,4283.94331063
275.5,0.875,882,-52.4118237832,93.0415008997,50.7076548828,14316461.2286,4.56541532408,7.47218247402,0.786714754594,0.0335479000529,8954.60815632,54.171450341,933.494548563,0.822945935089,0.0817809312996,0.783171402676,445.269063916,4264.09912206
276,0.875,882,-45.1866704567,116.728539299,50.7175365172,14319251.1434,4.45061268724,7.47218247402,0.780159349936,0.033249947572,8885.26450535,463.315970365,783.271612275,0.825516179053,0.0795613847928,0.776803808149,433.353245746,4231.07833588
276.5,0.875,882,-27.9072697676,134.468351601,50.7237027461,14320992.0753,4.32833439348,7.47218247402,0.773517316469,0.0329325931802,8813.61074533,748.841825599,469.955149849,0.828684422736,0.0772740642277,0.770352071178,420.997067935,4196.95749778
277,0.875,882,-4.41836989155,142.313745875,50.7278219161,14322155.0543,4.29005405517,7.47218247402,0.773665479002,0.0328332424851,8817.14872657,876.591936525,74.036132468,0.832088279032,0.0768786611751,0.770536155328,418.910900882,4198.64225075
277.5,0.875,882,20.0536381307,138.519084881,50.7488284818,14328085.908,4.33433113017,7.47218247402,0.778170144135,0.0329481567824,8875.02187312,825.555703816,-341.214088881,0.833160074932,0.0780006691826,0.774951772606,425.376790306,4226.20089196
278,0.875,882,40.063617058,123.928698593,50.7802686946,14336962.5281,4.41700746682,7.47218247402,0.783553313529,0.033162730422,8946.16215413,590.454501659,-697.219287076,0.831920645569,0.0796793599746,0.780196617159,435.070107417,4260.07721625
278.5,0.875,882,51.1592521738,101.789016796,50.8128206511,14346153.0305,4.48708714955,7.47218247402,0.786912369989,0.0333446113953,8994.97196761,208.675059912,-905.559827173,0.829616883888,0.0809399520946,0.783448572215,442.520066604,4283.31998458
279,0.875,882,50.8717123169,77.0262231425,50.8450864644,14355262.7451,4.57859573472,7.47218247402,0.792272975129,0.0335821077693,9066.26213094,-235.053886577,-921.674068256,0.827674931794,0.0827407821197,0.788655937692,452.94036031,4317.2676814
279.5,0.875,882,39.264976462,55.1501560486,50.877888609,14364523.8839,4.683706704,7.47218247402,0.798108045018,0.0338549070266,9143.09084047,-647.809998935,-729.881155149,0.825154145623,0.0847823087036,0.794313896633,464.715136055,4353.85278117
280,0.875,882,18.9215980962,41.0283436518,50.8688464477,14361970.9804,4.80352192487,7.47218247402,0.804696879716,0.0341658688938,9213.27319886,-935.143418479,-361.319368105,0.822279640458,0.087125691812,0.800695627968,477.390131462,4387.27295184
280.5,0.875,882,-5.6319251161,37.8029558357,50.8020124499,14343101.515,4.86059856622,7.47218247402,0.805962709648,0.0343140024851,9202.69592191,-1003.73087956,108.299947649,0.819030439602,0.0879682862846,0.801882111484,480.741244852,4382.23615329
281,0.875,882,-28.9323184193,46.1916566065,50.7272765528,14322001.0801,4.81189712383,7.47218247402,0.800663590092,0.0341876054268,9116.32784342,-827.017655456,546.186782984,0.817492897987,0.0866146683947,0.796698736087,471.95213936,4341.10849687
281.5,0.875,882,-45.7951343744,64.3279204655,50.6996303501,14314195.6355,4.6943616623,7.47218247402,0.792796094322,0.0338825603223,9018.9567533,-470.13793101,838.655462101,0.818804411132,0.0841145732706,0.789049056542,457.830003972,4294.74131109
282,0.875,882,-52.4683168746,88.1763431391,50.7060287445,14316002.1155,4.58025445546,7.47218247402,0.786960395157,0.0335864127223,8956.63400043,-32.5583403951,936.733964278,0.821989510276,0.0819816259763,0.783398827971,446.333149259,4265.06380973
282.5,0.875,882,-47.4670513301,112.430538068,50.7145836838,14318417.4601,4.46574731315,7.47218247402,0.780961719135,0.0332892271518,8893.13454352,390.147511989,825.622279839,0.825108609639,0.0798435816267,0.777582395552,434.839671259,4234.8259731
283,0.875,882,-31.90414292,131.693832452,50.7231903107,14320847.3977,4.33743133551,7.47218247402,0.773842547506,0.0329562028857,8817.0136869,703.424219711,538.260589617,0.828265220217,0.0774192514074,0.770665075861,421.779540487,4198.57794614
283.5,0.875,882,-9.24241218974,141.680052408,50.726844661,14321879.1426,4.2921550619,7.47218247402,0.773595263357,0.032838695323,8815.99020778,866.085737219,154.889962413,0.831834010434,0.0768915884982,0.770464596861,418.965198786,4198.09057513
284,0.875,882,15.4757988575,140.167216882,50.7430963697,14326467.5417,4.31446533337,7.47218247402,0.776541252028,0.0328965981806,8854.78054902,848.497356494,-261.748114331,0.833101173372,0.0775520255969,0.773359027619,422.834576653,4216.5621662
284.5,0.875,882,36.7505716457,127.491938916,50.7738179251,14335141.2609,4.40396249086,7.47218247402,0.783043898748,0.0331288742053,8938.26204629,650.521380697,-637.657941927,0.832476253271,0.0794622066898,0.779705731273,433.774165525,4256.31526014
285,0.875,882,49.8481688573,106.474527659,50.806998311,14344509.1898,4.48026015665,7.47218247402,0.786717440995,0.0333268929916,8990.7779624,291.170862253,-881.016719188,0.829979464088,0.0808359330509,0.783262769248,441.85009168,4281.32283924
285.5,0.875,882,51.8543133197,81.7914562715,50.8389013999,14353516.4953,4.56238770482,7.47218247402,0.791177628621,0.0335400423355,9051.80073545,-148.069381832,-935.371287839,0.827863675269,0.0823992810859,0.78758957138,450.961177555,4310.38130259
286,0.875,882,42.3226284252,58.9348245911,50.8724070326,14362976.2522,4.65006686857,7.47218247402,0.795897560745,0.0337676000387,9116.38370916,-572.524299374,-779.996664042,0.825599390114,0.0840760170974,0.792164377741,460.744460508,4341.1350996
286.5,0.875,882,23.3739590323,42.9903410015,50.8749850464,14363704.1114,4.77992269894,7.47218247402,0.803747341581,0.0341046207543,9204.99837197,-893.653503905,-444.338904691,0.823197155746,0.0867141681256,0.799783450255,475.249939557,4383.33255808
287,0.875,882,-0.775526521238,37.5057283257,50.8180337615,14347624.8653,4.85629706825,7.47218247402,0.806254903142,0.0343028386127,9211.87461917,-1010.02585668,14.9216631455,0.819668100546,0.0879632875081,0.802175862033,481.017177907,4386.60696151
287.5,0.875,882,-24.7524537649,43.70133876,50.7383070171,14325115.3478,4.83327324687,7.47218247402,0.802438893581,0.0342430838467,9140.10877666,-879.55921264,470.234951968,0.817608541174,0.0871246996954,0.798429742323,474.937713685,4352.43275079
288,0.875,882,-43.2218432664,60.1986197525,50.7029781253,14315140.824,4.71061312665,7.47218247402,0.793502696067,0.0339247384835,9027.93433217,-547.693919833,794.337059706,0.818228164083,0.0844016996357,0.789730187877,459.45348444,4299.01634865
288.5,0.875,882,-52.0741687249,83.3268484499,50.7040129286,14315432.9835,4.60399194808,7.47218247402,0.788391692806,0.0336480197116,8971.82171766,-119.816864975,934.995046338,0.821547434612,0.0824553593167,0.784789630561,448.876606786,4272.29605603
289,0.875,882,-49.3397459616,107.93988485,50.7134917464,14318109.1697,4.49154049812,7.47218247402,0.782367789084,0.0333561693725,8908.36130173,313.930603151,863.397749661,0.824457569047,0.0803310725192,0.778947309013,437.475777811,4242.07681035
289.5,0.875,882,-35.626996942,128.561212233,50.7238185038,14321024.7576,4.36584317337,7.47218247402,0.775412011374,0.0330299414148,8834.68474932,655.069316042,605.223517826,0.827551862492,0.0779523637541,0.772190516258,424.694452083,4206.99273777
290,0.875,882,-13.9870730183,140.602487966,50.7255338106,14321509.0459,4.29177293045,7.47218247402,0.772827521278,0.0328377035599,8806.84273318,846.740272994,234.0481368,0.831040943483,0.0767788642768,0.769704942443,418.32936829,4193.73463485
290.5,0.875,882,10.7650406415,141.38447139,50.7385487563,14325183.5989,4.30584328571,7.47218247402,0.775868142102,0.03287422099,8845.662825,866.805382801,-181.595624549,0.833111885739,0.0773624497683,0.772701196907,421.725357564,4212.22039286
291,0.875,882,33.1218819702,130.733167502,50.7682536774,14333570.2883,4.38055390573,7.47218247402,0.78141725018,0.0330681208445,8918.12312487,702.239213162,-571.020761692,0.832717641969,0.0789712539034,0.778119502745,430.99963508,4246.72529756
291.5,0.875,882,48.108948295,111.01854167,50.8002049293,14342591.1917,4.45335825756,7.47218247402,0.785209978661,0.0332570732749,8971.57467967,369.011518609,-844.623587465,0.830630957847,0.0803198712931,0.781798862744,438.9118955,4272.17841889
292,0.875,882,52.391546651,86.6271911539,50.8329557154,14351837.8303,4.54967316309,7.47218247402,0.790887411157,0.0335070437097,9046.53915553,-60.6898355729,-942.725928669,0.828608340867,0.0822148174327,0.787315910483,449.846391704,4307.87578835
292.5,0.875,882,45.0167786994,62.9863065181,50.8668275049,14361400.9655,4.64363866834,7.47218247402,0.795729725801,0.0337509166397,9112.55433189,-497.172162461,-828.5090385,0.82594903959,0.0839788883475,0.792005345442,460.111242095,4339.31158661
293,0.875,882,27.6255651026,45.3560961299,50.8796577203,14365023.363,4.75518069934,7.47218247402,0.801981474022,0.0340404067226,9186.90952643,-843.494320676,-521.952724773,0.823372744772,0.0861684391141,0.79806518159,472.345744634,4374.71882211
293.5,0.875,882,4.08753293593,37.6593649781,50.8331870446,14351903.1422,4.85076325285,7.47218247402,0.806481998256,0.0342884764511,9220.02129278,-1007.33854489,-78.6679312955,0.820337858428,0.087934313239,0.802406673504,481.145549948,4390.4863299
294,0.875,882,-20.3599945935,41.6086720563,50.753763559,14329479.2448,4.84803557228,7.47218247402,0.803732973526,0.0342813971782,9160.14035952,-923.710269251,388.638561641,0.817757369955,0.0874879654745,0.799692292587,477.208576672,4361.97159977
294.5,0.875,882,-40.2773272696,56.3252779073,50.7048322553,14315664.3067,4.73620595823,7.47218247402,0.795107733671,0.033991160718,9046.4204502,-622.783808874,744.893074966,0.817830752326,0.0849280557684,0.791289411337,462.352597269,4307.819262
295,0.875,882,-51.2327646039,78.5346682978,50.7020457735,14314877.59,4.61378627261,7.47218247402,0.788489205773,0.0336734393655,8972.10961512,-206.15270873,921.19211839,0.820852343543,0.0825787007143,0.784875713936,449.513180439,4272.43315006
295.5,0.875,882,-50.788670103,103.295149084,50.7116877906,14317599.8529,4.51358360384,7.47218247402,0.783840888799,0.0334133788427,8924.13562922,233.959213104,893.745321437,0.824189276903,0.0807881010472,0.780382134321,439.933414099,4249.58839487
296,0.875,882,-39.0438568884,125.097396474,50.7223554742,14320611.6956,4.39234433611,7.47218247402,0.776925829381,0.0330987210823,8851.01465722,600.060713663,667.533406523,0.826943287812,0.0784581485449,0.773662451346,427.425374772,4214.76888439
296.5,0.875,882,-18.6116013113,139.090307563,50.7260460416,14321653.6658,4.30163688085,7.47218247402,0.77291981961,0.032863303917,8807.95614358,822.739675914,311.925176095,0.830302675477,0.0768990996065,0.769786706023,418.992931985,4194.26483028
297,0.875,882,5.96182336513,142.160393616,50.7349085699,14324155.8529,4.30040847844,7.47218247402,0.775180273078,0.0328601157886,8836.66061328,877.986098216,-100.351965768,0.832835461519,0.0772057426719,0.77202559302,420.810713528,4207.93362537
297.5,0.875,882,29.2087142156,133.624546002,50.7598439446,14331195.9404,4.36854196108,7.47218247402,0.780608716576,0.0330369457007,8906.13853658,749.479331399,-501.812158696,0.832869875233,0.0787235687453,0.777331337268,429.505519305,4241.01835075
298,0.875,882,45.9565283494,115.382031086,50.7932997137,14340641.6192,4.44986539656,7.47218247402,0.785250398134,0.0332480080946,8969.63588704,445.315599654,-806.285316974,0.830965696061,0.0802870078489,0.78184244844,438.613046901,4271.2551843
298.5,0.875,882,52.4787981073,91.4918945044,50.8268916043,14350125.7296,4.52627537795,7.47218247402,0.789135877049,0.0334463183787,9024.75739273,26.6700117238,-938.142849008,0.828705133375,0.0816985936958,0.785607681001,446.915174719,4297.50352035
299,0.875,882,47.3242876968,67.2698043565,50.8592810141,14359270.3396,4.61770276486,7.47218247402,0.794311713792,0.0336836040151,9094.04011257,-415.720409967,-865.530266053,0.826593335065,0.0834784410441,0.790630782178,457.233646916,4330.4952917
299.5,0.875,882,31.6399000027,48.1052899781,50.8798784427,14365085.6803,4.72304494881,7.47218247402,0.800153940967,0.0339570033544,9166.59782523,-785.704973293,-593.383431311,0.824082048516,0.0855312409018,0.79629379889,468.8569111,4365.04658344
300,0.875,882,8.91548528418,38.2625462344,50.845991299,14355518.2101,4.83186757509,7.47218247402,0.805863388262,0.0342394356431,9217.88416842,-992.72625277,-171.068262035,0.821209624683,0.0876249146092,0.801816695906,479.69419662,4389.46865163
300.5,0.875,882,-15.7926669724,39.9316300455,50.7695834163,14333945.7179,4.85583491362,7.47218247402,0.804839812788,0.0343016391619,9178.29066117,-959.118005068,302.52694975,0.818266028882,0.0877441116188,0.80077755811,478.904149436,4370.61460056
301,0.875,882,-36.9868763194,52.7411623889,50.7094355708,14316963.9761,4.76307422455,7.47218247402,0.796992877327,0.034060893146,9069.03938237,-693.933373188,688.868185205,0.817620968167,0.0855120876295,0.793123870414,465.616627947,4318.59018208
301.5,0.875,882,-49.9513311851,73.8409618841,50.7007786635,14314519.8427,4.64672995051,7.47218247402,0.790358948723,0.0337589395842,8992.39967336,-292.794235401,905.094827841,0.820124047771,0.0832212716569,0.786689998521,452.988342035,4282.09508255
302,0.875,882,-51.801379197,98.5362235967,50.7094240527,14316960.7242,4.53417812287,7.47218247402,0.784596407523,0.0334668287304,8931.64225354,150.829090734,915.294079931,0.823288294593,0.0811257200092,0.781108295229,441.732485756,4253.16297788
302.5,0.875,882,-42.1253759439,121.332135286,50.7188761625,14319629.3699,4.40338754513,7.47218247402,0.777260315364,0.0331273820226,8853.46089563,536.764130547,721.667725038,0.826375596143,0.0786268431564,0.773982455108,428.285628833,4215.93375983
303,0.875,882,-23.0762778002,137.156499053,50.7246937766,14321271.8763,4.31138790807,7.47218247402,0.773403479262,0.0328886111994,8812.85561717,792.080926193,387.608916274,0.829995452391,0.0770736137226,0.770255970797,419.921401136,4196.59791294
303.5,0.875,882,1.10740102561,142.4883193,50.7316236243,14323228.4033,4.29644544806,7.47218247402,0.774612339093,0.0328498303564,8829.12641099,881.97751873,-18.6080031106,0.832562393821,0.0770821668721,0.771467255806,420.082758644,4204.34590999
304,0.875,882,25.0446778986,136.141240869,50.7532035376,14329321.1321,4.35264675361,7.47218247402,0.779453669346,0.0329956921491,8890.89564148,789.092858311,-428.306133432,0.832980920243,0.0783841968127,0.776204004143,427.542066189,4233.75982928
304.5,0.875,882,43.4093957809,119.527518655,50.7873173864,14338952.6088,4.42581114701,7.47218247402,0.783767565094,0.0331855790118,8950.97494905,514.830404886,-756.869450043,0.831409096441,0.0798074210865,0.780399675991,435.890339192,4262.36902336
305,0.875,882,52.115318301,96.3437842327,50.8204279283,14348300.8184,4.51476164396,7.47218247402,0.788863167881,0.0334164362636,9019.50193051,113.143464998,-929.493733674,0.829372383105,0.0815306727613,0.785349925352,445.883170235,4295.00091929
305.5,0.875,882,49.2253366244,71.748527889,50.8525068191,14357357.7586,4.60141433852,7.47218247402,0.793335902264,0.0336413299248,9080.71935348,-332.414683357,-896.54273297,0.826910791736,0.0831522789116,0.789683032243,455.325851711,4324.15207309
306,0.875,882,35.3824853088,51.2143101986,50.8806055126,14365290.9564,4.70545580766,7.47218247402,0.799207977503,0.03391135346,9156.31456558,-724.528085366,-660.955225175,0.824528208912,0.0851913995012,0.795377769773,467.007347991,4360.14979313
306.5,0.875,882,13.6668640811,39.3100914758,50.8572461345,14358695.8253,4.81516078464,7.47218247402,0.805027026245,0.0341960757535,9212.67405365,-969.539194927,-261.404306778,0.821687666813,0.0873081474238,0.801008846377,478.171702788,4386.98764459
307,0.875,882,-11.0896988834,38.6846165495,50.7837377513,14337941.9585,4.85800251914,7.47218247402,0.805451529851,0.0343072648466,9190.31538902,-984.868129599,212.838534232,0.818716370714,0.0878613294353,0.801379773984,479.811346703,4376.34066144
307.5,0.875,882,-33.3787515264,49.4770565415,50.7168035908,14319044.2138,4.77989874387,7.47218247402,0.798244136543,0.0341045585826,9085.61246085,-758.275778198,624.591814632,0.817562686638,0.0858892955082,0.794342401838,467.806453259,4326.48212421
308,0.875,882,-48.2408744772,69.2860426361,50.6992119644,14314077.5113,4.65659702553,7.47218247402,0.790689293847,0.0337845480507,8995.45764234,-376.02085028,875.717484619,0.819668748399,0.0833802169552,0.787006159132,453.825461348,4283.55125826
308.5,0.875,882,-52.3691752614,93.7039819705,50.7075522617,14316432.2552,4.56314044901,7.47218247402,0.786606429327,0.0335419959666,8953.37389589,65.9373377876,932.262636901,0.823018867794,0.0817398507381,0.783066623573,445.043593033,4263.511379
309,0.875,882,-44.8450874776,117.297767841,50.7168712788,14319063.3244,4.43917449572,7.47218247402,0.7793204215,0.0332202615157,8875.66837269,471.704814023,774.922102472,0.825578699962,0.0793149133411,0.775985212271,431.999437429,4226.5087489
309.5,0.875,882,-27.3427561555,134.81767158,50.7238778011,14321041.4992,4.32329663342,7.47218247402,0.773416174818,0.0329195184534,8812.58259281,754.054167428,460.039946328,0.829001547852,0.0772049149936,0.770256889139,420.623239032,4196.46790134
310,0.875,882,-3.75653258856,142.365431946,50.7288489409,14322445.0177,4.29321929903,7.47218247402,0.774046974985,0.0328414573858,8821.79213393,878.502452324,63.0210230039,0.832229161039,0.0769670535755,0.770910729898,419.409532049,4200.85339711
310.5,0.875,882,20.6655372023,138.26163665,50.750000146,14328416.7079,4.33737268376,7.47218247402,0.778328226783,0.0329560506642,8877.18920676,821.800640759,-351.893406302,0.833071340947,0.0780564730405,0.775105229565,425.70077281,4227.2329556
311,0.875,882,40.4894274678,123.419399506,50.7815764451,14337331.7497,4.41851790142,7.47218247402,0.78359274206,0.0331666505213,8947.05275491,581.784370044,-704.863534387,0.831835649276,0.0797017100364,0.780234099187,435.214559991,4260.50131186
311.5,0.875,882,51.3042290968,101.141188302,50.8137971631,14346428.7324,4.4872471216,7.47218247402,0.786885190324,0.033345026578,8995.00701372,197.210295717,-908.136719095,0.82957492412,0.0809377934187,0.783421513073,442.525272811,4283.3366732
312,0.875,882,50.7035977037,76.3840101386,50.8461761349,14355570.3954,4.58347064491,7.47218247402,0.792652442402,0.0335947598444,9070.90651899,-247.02827551,-919.890689578,0.827670510235,0.0828509403152,0.78902612379,453.562829483,4319.47929476
312.5,0.875,882,38.8211766072,54.6564539578,50.878357,14364656.1263,4.68545330801,7.47218247402,0.798115651989,0.0338594400671,9143.3237624,-657.160964998,-721.822361884,0.825020333208,0.084803166973,0.794319506561,464.838024609,4353.96369638
313,0.875,882,18.3008605613,40.7930035186,50.8678592347,14361692.2573,4.80424553329,7.47218247402,0.804706902178,0.0341677469075,9213.02019399,-939.706182648,-349.491597678,0.822232065306,0.0871354533536,0.800704718427,477.425086798,4387.15247333
313.5,0.875,882,-6.29148330104,37.8783419501,50.799724778,14342455.629,4.86140741411,7.47218247402,0.806006484641,0.0343161017247,9202.35307088,-1002.37172005,120.993943288,0.819010905336,0.0879841522076,0.801924458463,480.784647666,4382.07289089
314,0.875,882,-29.4839424463,46.5609952022,50.7250683916,14321377.6426,4.81045214036,7.47218247402,0.800529964699,0.0341838551958,9114.04122076,-819.628525678,556.317539754,0.817471156811,0.0865781905753,0.796568250217,471.712306425,4340.01962893
314.5,0.875,882,-46.1160852951,64.9090319626,50.7005245967,14314448.1111,4.69402734,7.47218247402,0.792807809161,0.0338816926405,9019.41147516,-459.501159431,844.542730672,0.818843397899,0.0841125652173,0.789061003811,457.835224557,4294.95784531
315,0.875,882,-52.4871815948,88.8399274879,50.706011966,14315997.3784,4.57498240569,7.47218247402,0.786556992754,0.0335727299329,8952.12890561,-20.6814376591,935.726312541,0.821998610225,0.0818640581125,0.783005304602,445.692778746,4262.91852648
315.5,0.875,882,-47.1796323606,113.02894462,50.7142104192,14318312.075,4.45792849108,7.47218247402,0.780485109468,0.0332689346089,8887.70085548,399.773476014,819.019974077,0.82525335978,0.0796887829591,0.777118733517,433.990226872,4232.23850261
316,0.875,882,-31.3743923375,132.093912926,50.7226469264,14320693.9822,4.33086112446,7.47218247402,0.773527188963,0.0329391509195,8813.32730188,709.09199557,528.516569873,0.828481729984,0.0773029480494,0.770359366758,421.1368974,4196.82252471
316.5,0.875,882,-8.58820199819,141.792787012,50.7263367649,14321735.7466,4.28641109931,7.47218247402,0.773311557838,0.0328237877568,8812.66408461,866.799755108,143.731430926,0.83201763769,0.0767890132802,0.770189336442,418.397910752,4196.50670696
317,0.875,882,16.108903804,139.967521634,50.7439192629,14326699.8719,4.31659926708,7.47218247402,0.776860465271,0.0329021364754,8858.66174277,845.894813426,-272.705904399,0.833262225906,0.0776206236527,0.77367291013,423.222318101,4218.4103537
317.5,0.875,882,37.2217025096,127.024246951,50.7750111144,14335478.138,4.40768937816,7.47218247402,0.783282746863,0.0331385467646,8941.34867089,643.046248805,-646.475705627,0.832416533269,0.0795376051698,0.779938327163,434.206163367,4257.78508138
318,0.875,882,50.0524967987,105.842902645,50.807993294,14344790.1067,4.48314806099,7.47218247402,0.786847129707,0.0333343881004,8992.56881291,280.194567014,-885.218951528,0.829875841605,0.0808867640528,0.783388102002,442.145251559,4282.17562519
318.5,0.875,882,51.7463744076,81.1364377551,50.8396999948,14353741.9652,4.56155991246,7.47218247402,0.791036151119,0.0335378939285,9050.48657296,-159.831865555,-933.11462466,0.827783822876,0.0823693618048,0.787450487931,450.811595664,4309.75551093
319,0.875,882,41.9264395768,58.4021572822,50.8719826581,14362856.4371,4.6612003189,7.47218247402,0.796793631351,0.0337964951864,9126.29132082,-584.11698483,-775.051185898,0.825622144391,0.0843337988143,0.793038526445,462.149417958,4345.85300991
319.5,0.875,882,22.7776741355,42.6985458894,50.8745001538,14363567.2101,4.78216809909,7.47218247402,0.803626319477,0.034110448343,9203.41671242,-899.260564902,-433.032440448,0.822893239678,0.0867216108315,0.7996612697,475.281670411,4382.57938687
320,0.875,882,-1.43923126363,37.5197311995,50.8160354666,14347060.6801,4.85873284256,7.47218247402,0.806385026131,0.0343091602881,9212.59517798,-1010.22256435,27.7045817612,0.819607380036,0.0880108153727,0.802301704613,481.239229255,4386.95008475
320.5,0.875,882,-25.3359009165,44.0180239142,50.7371676684,14324793.6717,4.83285136472,7.47218247402,0.802341820036,0.0342419889169,9138.60523543,-873.308941383,481.190037746,0.817543052213,0.0871052688991,0.798334254629,474.810466907,4351.71677878
321,0.875,882,-43.5952130832,60.7475232462,50.7018414741,14314819.9095,4.70957127787,7.47218247402,0.793432647981,0.0339220345262,9026.75067422,-537.441246469,800.9532272,0.818239527965,0.0843796023564,0.789662050509,459.312600257,4298.45270201
321.5,0.875,882,-52.1543846612,83.9858366661,50.7039877669,14315425.8795,4.60274376462,7.47218247402,0.788321354213,0.0336447802446,8971.03250044,-107.952867577,936.159373852,0.821575759064,0.0824311426542,0.784721374417,448.744328944,4271.9202383
322,0.875,882,-49.1089595932,108.562329802,50.7130696109,14317989.9868,4.48220491179,7.47218247402,0.781668274483,0.0333319403026,8900.40686254,323.991835425,857.160826476,0.824491774058,0.080126906066,0.778264729062,436.356641221,4238.28898216
322.5,0.875,882,-35.1365593246,129.008616982,50.7233059709,14320880.0524,4.35533206469,7.47218247402,0.774826331906,0.0330026614586,8827.99292375,660.972113249,595.362965059,0.827809899695,0.0777542381022,0.771621214545,423.606477486,4203.80615417
323,0.875,882,-13.3461088357,140.775302844,50.7255513934,14321514.0101,4.28907592847,7.47218247402,0.77288697397,0.0328307039086,8807.55227649,849.401353241,223.262142626,0.831334153368,0.0767579668484,0.76976642183,418.215798655,4194.07251261
323.5,0.875,882,11.4139138347,141.244244272,50.7391287506,14325347.3506,4.30623621357,7.47218247402,0.775969693675,0.0328752407734,8847.01147217,864.668335575,-192.592358774,0.833187499659,0.0773811252845,0.772801338254,421.836807169,4212.86260579
324,0.875,882,33.6342868273,130.311099583,50.767475088,14333350.4665,4.37998824742,7.47218247402,0.781362130813,0.0330666527659,8917.23089366,694.817306863,-579.733245511,0.832706638046,0.0789571463352,0.778065519115,430.909423238,4246.30042555
324.5,0.875,882,48.3708723177,110.408545054,50.8003823945,14342641.296,4.45385793771,7.47218247402,0.785264344572,0.0332583701174,8972.2488315,358.364296664,-849.369398509,0.830646714586,0.0803332462982,0.781852146878,438.988050976,4272.49944357
325,0.875,882,52.3447105086,85.9649929651,50.8339325554,14352113.6248,4.55274320183,7.47218247402,0.791116106231,0.0335150115203,9049.44933555,-72.6678914953,-942.694699326,0.828594495984,0.0822824919013,0.787538913998,450.233982654,4309.26158836
325.5,0.875,882,44.6716036544,62.4192489779,50.8677640388,14361665.3803,4.6452243041,7.47218247402,0.795772891438,0.0337550319119,9113.36136105,-507.773613046,-822.423637777,0.825864583582,0.0840031040697,0.792046321521,460.260865123,4339.69588622
326,0.875,882,27.0588542312,45.0103522164,50.879147467,14364879.3015,4.75714981665,7.47218247402,0.802093453874,0.0340455172619,9187.9745116,-850.395494006,-511.467167331,0.823329424647,0.086207548576,0.798173705757,472.550651038,4375.2259579
326.5,0.875,882,3.42538208059,37.6118643431,50.8313682953,14351389.6487,4.85001663074,7.47218247402,0.806371308771,0.0342865387089,9218.11415452,-1007.89097367,-65.9006402328,0.820284509377,0.0879090529474,0.802298107161,480.972915447,4389.57816882
327,0.875,882,-20.9702537435,41.8699838154,50.7522864889,14329062.2187,4.85251621913,7.47218247402,0.804101166035,0.0342930260038,9163.71776013,-919.78891114,400.752137358,0.817777454708,0.0875946387228,0.800051170937,477.762623023,4363.67512387
327.5,0.875,882,-40.6999091742,56.8372589611,50.7045448153,14315583.1528,4.73278988255,7.47218247402,0.794724908012,0.0339822948221,9042.03291773,-612.618840524,751.853748715,0.81771021818,0.084832593103,0.790914601537,461.827657585,4305.72996082
328,0.875,882,-51.3736427957,79.1834004464,50.7027073172,14315064.3659,4.61120292957,7.47218247402,0.788376572649,0.0336667346983,8971.10144253,-194.386532264,923.242487006,0.820945045644,0.0825333951988,0.784767040595,449.27828589,4271.95306787
328.5,0.875,882,-50.6164985196,103.936286364,50.7120580395,14317704.3865,4.5104509366,7.47218247402,0.783662617663,0.0334052484896,8922.28587661,245.061425491,890.061452286,0.82426002249,0.0807275945207,0.780208987664,439.610343622,4248.70756029
329,0.875,882,-38.5969445195,125.588282816,50.7217568254,14320442.677,4.38211377691,7.47218247402,0.776202415192,0.0330721692488,8842.73149137,606.769455745,658.066227608,0.827029715696,0.078242855529,0.772956669735,426.242436935,4210.8245197
329.5,0.875,882,-17.9893882674,139.321718439,50.7260024067,14321641.3461,4.29833131549,7.47218247402,0.772923874096,0.0328547248336,8808.02377101,826.236699459,301.35796679,0.830587510077,0.0768637547172,0.769793940806,418.799631081,4194.29703381
330,0.875,882,6.62089174626,142.080839015,50.7350565943,14324197.6451,4.30030969873,7.47218247402,0.775258649859,0.0328598594211,8837.60136272,876.765865189,-111.46079806,0.832928073878,0.0772157603875,0.772103277347,420.867771034,4208.38160129
330.5,0.875,882,29.7579921097,133.251727198,50.7614008809,14331635.5154,4.36961503648,7.47218247402,0.780696302009,0.0330397307019,8907.66583193,743.349239086,-511.438091021,0.83287264268,0.0787478740194,0.777416948692,429.664482348,4241.74563425
331,0.875,882,46.2737988336,114.798902022,50.7934227411,14340676.3539,4.44893176699,7.47218247402,0.78514835354,0.0332455850035,8968.53185694,434.95123943,-811.602309558,0.83093578072,0.0802619582803,0.781742428196,438.478323596,4270.72945569
331.5,0.875,882,52.493467002,90.8282041481,50.8276290552,14350333.9366,4.52494182719,7.47218247402,0.789055420924,0.033442857354,9024.12088767,14.8010959407,-938.127203504,0.828731009854,0.0816720315512,0.785529478289,446.782836552,4297.2004227
332,0.875,882,47.0330911037,66.6732269435,50.8604926073,14359612.4128,4.62082476266,7.47218247402,0.794592453963,0.0336917066774,9097.62894951,-427.042024911,-861.032360289,0.826630089964,0.0835548024679,0.790905110603,457.673703813,4332.20426167
332.5,0.875,882,31.1076305376,47.7085667973,50.8796027817,14365007.852,4.72546795026,7.47218247402,0.800260834042,0.0339632918797,9167.68440881,-793.538832902,-583.690619159,0.823996594671,0.0855746135919,0.796396818932,469.089584349,4365.5640042
333,0.875,882,8.26057541433,38.1539500654,50.8449166716,14355214.807,4.83948641522,7.47218247402,0.806393757522,0.0342592091638,9223.42201192,-996.664804289,-158.797532098,0.82114382111,0.0877920030846,0.802332318792,480.58859139,4392.10571996
333.5,0.875,882,-16.4244967112,40.1353240481,50.7675783449,14333379.6194,4.85572857521,7.47218247402,0.804629725189,0.034301363177,9175.18698408,-954.781689161,314.487328238,0.818060847257,0.0877111438403,0.800570005321,478.68640021,4369.13665909
334,0.875,882,-37.4550408294,53.2118236866,50.70885681,14316800.5727,4.76140208524,7.47218247402,0.796865649635,0.0340565533671,9067.41507226,-684.848324736,697.26266794,0.817623827589,0.0854742086178,0.792999919329,465.399751608,4317.81670108
334.5,0.875,882,-50.1516616541,74.4738661176,50.7017466312,14314793.1322,4.64808748934,7.47218247402,0.790508469893,0.0337624628662,8994.41692099,-281.462869508,909.165842999,0.820169330144,0.0832584904625,0.786836430675,453.208235287,4283.05567666
335,0.875,882,-51.6893011504,99.1905465881,50.7095205943,14316987.9811,4.52707974984,7.47218247402,0.784005346705,0.0334484060014,8925.07381667,162.061793828,911.464926034,0.823251214377,0.080961189624,0.780530886833,440.838290395,4250.03515079
335.5,0.875,882,-41.7258272759,121.862287083,50.7191698526,14319712.2884,4.40040025496,7.47218247402,0.777209447955,0.0331196289732,8853.02173589,545.575225564,714.467783459,0.826571166967,0.078586873474,0.773935100077,428.072868834,4215.72463614
336,0.875,882,-22.4781599744,137.444518378,50.724940187,14321341.4461,4.30849002696,7.47218247402,0.773252143655,0.0328810901974,8811.25959019,796.378923226,377.306661515,0.830078534799,0.0770206567816,0.770108993707,419.636951983,4195.83790009
336.5,0.875,882,1.77100397098,142.470120497,50.7317797171,14323272.4735,4.29625855204,7.47218247402,0.774673025423,0.0328493452967,8829.87038201,881.752065456,-29.7614412653,0.832643526121,0.077088717002,0.771527514425,420.121040846,4204.70018191
337,0.875,882,25.6261111774,135.820873256,50.7555603935,14329986.5511,4.35605156552,7.47218247402,0.779728281188,0.0330045288116,8894.79612937,784.451838134,-438.718177743,0.832986157891,0.07846071447,0.776472412704,427.999175046,4235.61720446
337.5,0.875,882,43.7792877456,118.976265537,50.7882040505,14339202.9436,4.43039597572,7.47218247402,0.784040445448,0.0331974782253,8954.33127925,505.805827079,-764.205408684,0.831314075626,0.0798973350038,0.780665042459,436.396666116,4263.96727583
338,0.875,882,52.1913662442,95.6843020298,50.8212661831,14348537.4857,4.51738129944,7.47218247402,0.78894869667,0.033423235174,9020.7398788,101.436469938,-931.355850774,0.829245112647,0.081572281433,0.785431805778,446.125440756,4295.59041848
338.5,0.875,882,48.99061952,71.1275545027,50.8531501218,14357539.3844,4.60110624834,7.47218247402,0.79324235805,0.0336405303244,9079.88883222,-343.662157319,-892.106006879,0.826838538979,0.0831350956022,0.789590830598,455.243276989,4323.75658677
339,0.875,882,34.8892288199,50.770015137,50.8802486049,14365190.1895,4.7056296777,7.47218247402,0.799229795699,0.0339118047128,9156.43228417,-732.862171881,-651.771753099,0.824536653083,0.0851966081838,0.795399154379,467.029349132,4360.20584961
339.5,0.875,882,13.0248201036,39.1413324863,50.8558723609,14358307.9632,4.81626750948,7.47218247402,0.805108872681,0.0341989480866,9213.09249804,-972.992421336,-249.181739705,0.821682938246,0.0873330952822,0.801088506589,478.282497804,4387.18690383
340,0.875,882,-11.7376725354,38.8289433034,50.7818950294,14337421.6966,4.85814262913,7.47218247402,0.80543307166,0.0343076284804,9189.43738211,-982.013568271,225.255338346,0.818686520667,0.0878601389667,0.801361368095,479.770026097,4375.92256291
340.5,0.875,882,-33.8884776583,49.9023556552,50.7166212287,14318992.7269,4.77710991404,7.47218247402,0.798023634126,0.0340973206063,9083.08891584,-749.748290653,633.648899137,0.817558919758,0.0858247582412,0.794127482693,467.451581572,4325.28043612
341,0.875,882,-48.4989366198,69.8976830502,50.7007064592,14314499.457,4.6584849704,7.47218247402,0.790909232801,0.0337894479195,8998.45129934,-365.173759104,881.019787035,0.819744178873,0.0834337980928,0.787221660434,454.143868113,4284.97680921
341.5,0.875,882,-52.3181533705,94.3658708073,50.7076902368,14316471.2102,4.5601172743,7.47218247402,0.786320580961,0.0335341497844,8950.22553146,77.6489358597,930.501408473,0.822967338825,0.0816645476055,0.782787006093,444.636014714,4262.01215784
342,0.875,882,-44.4963341646,117.862631712,50.716652862,14319001.658,4.43054328749,7.47218247402,0.778721162259,0.0331978605502,8868.90865691,480.363344026,767.135283457,0.825661802815,0.0791340051931,0.775400899998,431.01038426,4223.28983662
342.5,0.875,882,-26.7738706779,135.159825608,50.7236517198,14320977.6689,4.31903870772,7.47218247402,0.77330382061,0.0329084676661,8811.27927583,759.191545778,450.101301166,0.829241024118,0.0771426711813,0.770149838991,420.280379497,4195.8472742
343,0.875,882,-3.09409464915,142.408745246,50.7292969003,14322571.4915,4.29392498152,7.47218247402,0.774213618703,0.0328432888755,8823.82787195,879.601647986,51.9297063804,0.832348274596,0.0769983069118,0.771075009154,419.587248202,4201.82279617
343.5,0.875,882,21.2741320367,137.996471809,50.7498216759,14328366.3198,4.33738272602,7.47218247402,0.778310541888,0.0329560767273,8876.92617325,817.254479083,-362.242869953,0.833051560687,0.0780540683148,0.775087714408,425.684664042,4227.10770155
344,0.875,882,40.9087639752,122.904756951,50.7825094736,14337595.1747,4.41883149481,7.47218247402,0.783617284585,0.0331674644044,8947.65639632,572.896457961,-712.252213738,0.831835368676,0.0797086994555,0.780258067967,435.268720273,4260.78876015
344.5,0.875,882,51.441002926,100.491578431,50.8142695665,14346562.1076,4.48695954385,7.47218247402,0.786854240744,0.0333442802145,8994.82607084,185.69738765,-910.488343052,0.829566213095,0.0809301188137,0.783391187765,442.491539464,4283.25050993
345,0.875,882,50.5273760323,75.7439742114,50.846898544,14355774.3556,4.58958218609,7.47218247402,0.793141093089,0.033610621404,9076.64653929,-259.084811662,-918.26964241,0.827678458799,0.0829910263842,0.789502980967,454.342632904,4322.21263776
345.5,0.875,882,38.3711695886,54.1684029884,50.8785258929,14364703.8104,4.68608325438,7.47218247402,0.798002845403,0.0338610749954,9142.09235238,-666.164522917,-713.379084791,0.824852644441,0.084793563072,0.794207255905,464.788467774,4353.37731066
346,0.875,882,17.6771968802,40.5655311502,50.8662163687,14361228.4214,4.8061484068,7.47218247402,0.804838896696,0.0341726855213,9213.90174156,-944.439356305,-337.720639692,0.822214907934,0.0871770011512,0.800833061593,477.621879166,4387.57225789
346.5,0.875,882,-6.95003553329,37.9620618579,50.7977798127,14341906.5005,4.86238007233,7.47218247402,0.806031687332,0.0343186261086,9201.92152603,-1000.85485024,133.67126026,0.818959541158,0.0879990826345,0.801948259264,480.829413102,4381.86739335
347,0.875,882,-30.030852251,46.9372793117,50.7223512208,14320610.4947,4.80031392157,7.47218247402,0.799716252631,0.0341575430176,9103.99113752,-810.216173689,565.024267267,0.817445014313,0.0863410407381,0.795775123482,470.369823794,4335.23387501
347.5,0.875,882,-46.4296626605,65.4941552842,50.6994950018,14314157.4222,4.68802701607,7.47218247402,0.792605365448,0.0338661197281,9016.83102269,-448.24848301,849.267841838,0.819117054529,0.0840153176795,0.788867292894,457.28732085,4293.72905843
348,0.875,882,-52.4976540776,89.503697322,50.7065447425,14316147.799,4.57136477952,7.47218247402,0.786430466252,0.0335633409439,8950.92935004,-8.84178721617,935.262103644,0.822161972263,0.0818054041575,0.78288393262,445.382808088,4262.34730954
348.5,0.875,882,-46.884669784,113.623669047,50.7144554487,14318381.255,4.45300678989,7.47218247402,0.780192780407,0.033256161095,8884.53554732,409.606201717,812.924168159,0.825352718486,0.0795925154234,0.776834460061,433.47013635,4230.73121301
349,0.875,882,-30.8396252664,132.487262955,50.72249023,14320649.7416,4.32732695007,7.47218247402,0.77337600406,0.0329299785167,8811.60038615,715.159053285,519.102330325,0.828618079456,0.0772430371342,0.770213178513,420.807910148,4196.00018388
349.5,0.875,882,-7.93261862888,141.897240405,50.7273769916,14322029.4373,4.29185819184,7.47218247402,0.77383443518,0.0328379248427,8818.88781443,870.089802258,132.995329237,0.832116448315,0.0769221811418,0.770701654615,419.140688148,4199.47038783
350,0.875,882,16.7394330788,139.759837019,50.7443570296,14326823.468,4.31747235284,7.47218247402,0.77678724429,0.0329044024344,8857.97480014,842.384356223,-283.38188793,0.833109495564,0.0776197832095,0.773599568152,423.225037842,4218.08323816
350.5,0.875,882,37.6868819516,126.550635135,50.7740632296,14335210.5185,4.40567633066,7.47218247402,0.783100408508,0.0331333222113,8938.96959293,634.410650384,-654.132526059,0.832392101837,0.0794892295958,0.779759917683,433.925872999,4256.65218711
351,0.875,882,50.2488217873,105.208744491,50.8081309726,14344828.9779,4.48526342164,7.47218247402,0.787067148163,0.0333398781917,8995.09140558,269.164447608,-889.303937449,0.829931808954,0.0809421028977,0.783603611001,442.450144012,4283.3768598
351.5,0.875,882,51.6301617066,80.4828364442,50.8397614176,14353759.3069,4.55993507188,7.47218247402,0.790852368688,0.0335336769062,9048.43856403,-171.52456474,-930.512643,0.827725342522,0.0823243622667,0.787270395686,450.566399679,4308.78026859
352,0.875,882,41.5235470604,57.8745421897,50.8745304783,14363575.7717,4.66221146174,7.47218247402,0.796916132645,0.0337991194512,9128.58722155,-594.137756187,-767.948809481,0.825666811898,0.084363305487,0.793158581642,462.357423586,4346.94629598
352.5,0.875,882,22.1777472895,42.4143138626,50.874053288,14363441.045,4.78659536288,7.47218247402,0.803945819127,0.0341219386211,9206.83323947,-905.674132399,-422.097770683,0.822865650433,0.0868199510247,0.799972176323,475.812269358,4384.20630451
353,0.875,882,-2.10270588564,37.5421252055,50.8139359922,14346467.9285,4.85995306114,7.47218247402,0.806362357084,0.0343123271766,9211.56064179,-1009.82883408,40.4776793042,0.819487687284,0.0880213433278,0.802277900629,481.257026726,4386.45744847
353.5,0.875,882,-25.9152970809,44.3420611809,50.735068626,14324201.0421,4.8248730583,7.47218247402,0.801689370896,0.034221282457,9130.56931872,-865.201892848,491.085771019,0.817510249597,0.0869163028386,0.797698251146,473.741213043,4347.89015177
354,0.875,882,-43.96161241,61.301103953,50.7011173723,14314615.4714,4.70822216526,7.47218247402,0.793536098711,0.0339185331131,9027.67900287,-527.257033546,807.664145382,0.818454501152,0.0843798442063,0.789765818922,459.300797392,4298.89476327
354.5,0.875,882,-52.2262615715,84.645786494,50.7042288287,14315493.9393,4.60019843172,7.47218247402,0.788157676282,0.0336381742269,8969.29762697,-96.0468027627,936.863171138,0.821612440296,0.0823787984677,0.784562160068,448.463638287,4271.09410808
355,0.875,882,-48.8703211352,109.181806801,50.7131501121,14318012.715,4.47529758555,7.47218247402,0.781192785672,0.0333140134061,8895.13520801,334.2002381,851.456441468,0.824561535748,0.0799820729582,0.777801298456,435.569289135,4235.77867048
355.5,0.875,882,-34.6405036813,129.449784596,50.7225680498,14320671.7127,4.3475419833,7.47218247402,0.774391743231,0.0329824435076,8822.90273475,667.166147115,585.832637911,0.828000932953,0.0776074632704,0.771198739112,422.794543709,4201.38225464
356,0.875,882,-12.7030107279,140.9399992,50.7249466197,14321343.2623,4.28311014767,7.47218247402,0.772617372832,0.0328152206476,8804.35490309,850.99374907,212.214034035,0.831551603082,0.0766550601076,0.769505325042,417.645152357,4192.54995385
356.5,0.875,882,12.0609620439,141.095823651,50.7396293107,14325488.6754,4.30554916536,7.47218247402,0.77607106577,0.0328734576461,8848.34258813,862.257382741,-203.532359833,0.833354809837,0.0773879828631,0.772902363466,421.882514621,4213.49647054
357,0.875,882,34.1413138585,129.882586275,50.7686501279,14333682.2194,4.38132685086,7.47218247402,0.781486189152,0.033070126904,8919.0354995,687.745862477,-588.741842959,0.832725878995,0.0789896210244,0.778186954979,431.106609867,4247.15976167
357.5,0.875,882,48.6250622645,109.795285292,50.8008746591,14342780.2787,4.45654708129,7.47218247402,0.785441506786,0.0332653493735,8974.4028156,347.841969321,-854.437668733,0.830609428057,0.0803885927393,0.78202469156,439.299010089,4273.52515029
358,0.875,882,52.2895049086,85.3034399382,50.8347556237,14352346.0044,4.55555305497,7.47218247402,0.791266363204,0.0335223040593,9051.41636951,-84.6396090644,-942.341457457,0.82851999524,0.0823358318346,0.787684589924,450.540437849,4310.1982712
358.5,0.875,882,44.3192860141,61.8566013566,50.8684986156,14361872.7758,4.64649599282,7.47218247402,0.795798291423,0.0337583323832,9113.89778557,-518.25857897,-816.136333838,0.825787301979,0.0840211667368,0.792070065825,460.373128292,4339.95132646
359,0.875,882,26.4878168876,44.6718017507,50.8787497797,14364767.0211,4.76012313736,7.47218247402,0.802292400674,0.0340532340558,9190.0570043,-857.412815238,-501.034555183,0.823294685361,0.0862710812785,0.798367095679,472.891515852,4376.2176211
359.5,0.875,882,2.76268353686,37.572740109,50.8292655257,14350795.9667,4.85138334588,7.47218247402,0.806398736485,0.0342900858066,9217.64506291,-1008.78710642,-53.1585960602,0.82020396854,0.0879288278945,0.802323658766,481.041307763,4389.35479186
360,0.875,882,-21.5771599349,42.1389911395,50.7486452496,14328034.1755,4.84324899149,7.47218247402,0.803344352009,0.0342689743484,9153.95551261,-912.22143336,411.25643258,0.817740689804,0.0873747823032,0.799313554198,476.495092288,4359.02643458
360.5,0.875,882,-41.1159835223,57.3545424447,50.7044925914,14315568.4083,4.73012785829,7.47218247402,0.794760175431,0.03397538595,9042.44626445,-602.886454956,759.31757139,0.817959561637,0.0848079322028,0.790952386644,461.692452874,4305.92679259
361,0.875,882,-51.5063067951,79.8338620739,50.703861422,14315390.2082,4.61048868393,7.47218247402,0.788390196278,0.0336648809843,8971.67255516,-182.692151538,925.602040279,0.821017301518,0.0825274474616,0.784781272849,449.266360701,4272.22502627
361.5,0.875,882,-50.4362338045,104.575195354,50.7126277588,14317865.2372,4.50841654344,7.47218247402,0.783521747182,0.0333999685369,8920.91642455,256.165736483,886.439918217,0.824279584704,0.0806846678934,0.780071708609,439.386454614,4248.05544026
362,0.875,882,-38.1438608395,126.073478904,50.7215931577,14320396.4682,4.37536784821,7.47218247402,0.775724512287,0.0330546612346,8837.33997274,613.922116525,649.157233799,0.827085853694,0.078100905466,0.772490374152,425.466391912,4208.25712988
362.5,0.875,882,-17.3642988789,139.545243207,50.7256806294,14321550.4977,4.29524107248,7.47218247402,0.772854616753,0.032846704586,8807.16199772,829.502268329,290.718631611,0.830775442623,0.0768203774932,0.769728389915,418.55797582,4193.88666558
363,0.875,882,7.27890150519,141.992957147,50.7355056534,14324324.4295,4.3003241487,7.47218247402,0.775340398148,0.0328598969238,8838.68394153,875.434860579,-122.558986333,0.833014673366,0.0772274902001,0.77218418825,420.939156291,4208.89711502
363.5,0.875,882,30.3025119633,132.871992824,50.7622597276,14331877.9964,4.36973581394,7.47218247402,0.780705488562,0.0330400441611,8908.07005306,736.872539786,-520.831607802,0.832872237843,0.0787505139941,0.777425919902,429.693426434,4241.9381205
364,0.875,882,46.5836705454,114.211807832,50.7956316813,14341300.0114,4.45000150276,7.47218247402,0.785229701914,0.0332483613372,8970.22293257,424.815790063,-817.348251884,0.830932413815,0.0802855323134,0.781821828552,438.645260407,4271.5347298
364.5,0.875,882,52.4997426543,90.1643813692,50.8273799543,14350263.6071,4.52402983168,7.47218247402,0.788955319971,0.0334404904108,9022.90569545,2.93679306664,-937.94619779,0.828701361203,0.0816473128054,0.785431397145,446.643235933,4296.62175974
365,0.875,882,46.7343743342,66.0803792758,50.8615664338,14359915.5898,4.62386386414,7.47218247402,0.794855529352,0.033699594195,9100.96876118,-438.295611153,-856.345984612,0.826655228169,0.0836276628329,0.791162049898,458.092141391,4333.79464818
365.5,0.875,882,30.5703872368,47.3186056438,50.8796156106,14365011.4741,4.72935553423,7.47218247402,0.800484663058,0.0339733815024,9170.18732245,-801.580682137,-574.129131067,0.823913428858,0.0856520160679,0.796613845339,469.514113953,4366.75586783
366,0.875,882,7.60434475133,38.0536436225,50.8428992451,14354645.2202,4.83750115977,7.47218247402,0.806135094502,0.0342540567405,9219.77684379,-997.811804416,-146.06808806,0.82103826757,0.0877302811654,0.802078879386,480.212604886,4390.36992561
366.5,0.875,882,-17.0537003179,40.3469909727,50.7654992688,14332792.6269,4.85261673163,7.47218247402,0.804440198332,0.0342932868685,9172.32907464,-949.955830982,326.269492506,0.818114300417,0.0876470103183,0.800386196657,478.297211786,4367.77574983
367,0.875,882,-37.9172166087,53.6883670892,50.708995128,14316839.6245,4.76210903782,7.47218247402,0.797002185902,0.0340583881531,9068.99927071,-676.205186816,706.104806783,0.817707514756,0.0855025956684,0.793134140149,465.556856447,4318.57108129
367.5,0.875,882,-50.3439733146,75.1092528429,50.7024394068,14314988.7258,4.64560637277,7.47218247402,0.790296504934,0.0337560235121,8992.29651406,-269.760534589,912.030606082,0.820150184817,0.0831995168743,0.786629439587,452.89959554,4282.04595908
368,0.875,882,-51.5689584404,99.8434000921,50.7101279586,14317159.4603,4.52318551392,7.47218247402,0.783764988404,0.0334382991147,8922.61445214,173.410832305,908.488522315,0.823318987162,0.0808831882346,0.78029711441,440.424118399,4248.86402483
368.5,0.875,882,-41.3196070162,122.387344381,50.7198943215,14319916.8301,4.39977773841,7.47218247402,0.777261434489,0.0331180133278,8853.87032215,554.586086893,707.538070974,0.82667850241,0.0785875121533,0.773987172558,428.088577111,4216.12872483
369,0.875,882,-21.8764480892,137.724951744,50.7249302062,14321338.6282,4.30558197881,7.47218247402,0.773038713392,0.0328735428083,8808.87125212,800.442538977,366.911626147,0.830095850475,0.0769588086938,0.769900554607,419.299815778,4194.70059625
369.5,0.875,882,2.43432374843,142.443532184,50.7322297814,14323399.5416,4.29680643149,7.47218247402,0.774792176151,0.0328507672331,8831.37085927,881.581890344,-40.9212660266,0.832724960025,0.0771115465739,0.771644930339,420.252914725,4205.41469489
370,0.875,882,26.2034470671,135.493179289,50.7561913468,14330164.6902,4.35783463104,7.47218247402,0.779855151252,0.0330091564823,8896.43539765,779.235026766,-448.828683683,0.832970804101,0.0784983837918,0.776596204657,428.215305541,4236.3978084
370.5,0.875,882,44.1421797883,118.42037937,50.7890161148,14339432.2164,4.43462003472,7.47218247402,0.784327437963,0.0332084411168,8957.82582626,496.664627767,-771.413323089,0.831264323501,0.0799853317018,0.780944733778,436.891272016,4265.63134584
371,0.875,882,52.2590692483,95.0239109572,50.8220937559,14348771.1371,4.52001385106,7.47218247402,0.789044745116,0.0334300675545,9022.09346137,89.7022777031,-933.089296797,0.829127894402,0.0816155705231,0.785524078472,446.376729542,4296.2349816
371.5,0.875,882,48.7480692476,70.509598654,50.8532136028,14357557.3072,4.60048578822,7.47218247402,0.793123930809,0.0336389200162,9078.57202306,-354.81195907,-887.431594845,0.826765944547,0.0831107595476,0.789474349304,455.111150319,4323.12953479
372,0.875,882,34.3903938511,50.331992604,50.8787287036,14364761.0707,4.7057647708,7.47218247402,0.799256872981,0.033912155326,9156.19176478,-741.048957136,-642.456406857,0.824553659312,0.0852021594831,0.795425782399,467.03187643,4360.09131656
372.5,0.875,882,12.3806935723,38.9807053492,50.8545091798,14357923.0918,4.82119922676,7.47218247402,0.805490633938,0.0342117475957,9216.87452534,-977.284618835,-237.154619278,0.821679264299,0.0874468699268,0.801460323394,478.879914708,4388.98786921
373,0.875,882,-12.3837694371,38.9814518579,50.7799435538,14336870.73,4.85759089612,7.47218247402,0.805259290929,0.0343061965428,9186.76860373,-978.64859694,237.548088407,0.818553535125,0.0878275654393,0.801190214305,479.555295367,4374.65171606
373.5,0.875,882,-34.3927853214,50.3340660285,50.7157010978,14318732.9433,4.77843519279,7.47218247402,0.798141152323,0.0341007601623,9084.07145739,-741.930715043,643.299205413,0.817573753422,0.0858573319759,0.794242204508,467.612029239,4325.74831304
374,0.875,882,-48.7492442101,70.5125376475,50.700403008,14314413.7826,4.65619024926,7.47218247402,0.790695768606,0.0337834923259,8995.95847798,-353.757666129,884.949438021,0.81970833161,0.0833766300341,0.787012998883,453.827260483,4283.78975142
374.5,0.875,882,-52.2587662682,95.0270615798,50.7079928506,14316556.6482,4.55722625256,7.47218247402,0.786154150426,0.0335266465848,8948.48437124,89.3478525082,928.814669706,0.823029971166,0.0816081743174,0.782625383021,444.334384465,4261.18303393
375,0.875,882,-44.1404662801,118.423040593,50.7168199693,14319048.838,4.4249705762,7.47218247402,0.778358530123,0.0331833974403,8864.92662176,489.327157718,759.916196659,0.82574129032,0.0790207859162,0.775047646712,430.396561647,4221.39362941
375.5,0.875,882,-26.2007042946,135.494758978,50.7233445918,14320890.9564,4.31547556905,7.47218247402,0.773167046462,0.032899220091,8809.66344079,764.236525933,440.128394499,0.829395721153,0.0770845332435,0.770017931708,419.958552974,4195.07782895
376,0.875,882,-2.43116199128,142.44367885,50.7296825868,14322680.3837,4.29496683367,7.47218247402,0.774388836647,0.0328459928416,8825.93537657,880.614377234,40.8231506606,0.832447979801,0.0770344386365,0.771247447213,419.790524109,4202.82636979
376.5,0.875,882,21.879325325,137.723632755,50.750622891,14328592.5296,4.34137663874,7.47218247402,0.778599649378,0.0329664423098,8880.4385323,813.51830472,-372.964726686,0.833022359429,0.0781389678055,0.775369913035,426.161137449,4228.78025348
377,0.875,882,41.3215595322,122.384853216,50.7839962608,14338014.9443,4.42045242972,7.47218247402,0.783640377963,0.0331716712902,8948.42349398,564.027730777,-719.673030462,0.831723787026,0.0797299271697,0.780279270815,435.410133723,4261.15404475
377.5,0.875,882,51.5695517925,99.8402910484,50.8146364114,14346665.6801,4.48819630396,7.47218247402,0.786909097473,0.033347490034,8995.56445139,174.218988816,-913.021283903,0.829521189788,0.0809517962143,0.783444184015,442.616453007,4283.60211971
378,0.875,882,50.3430754793,75.106217697,50.847745657,14356013.5238,4.59455982842,7.47218247402,0.793500110205,0.0336235401044,9080.97084406,-271.03797154,-916.146401321,0.827644276303,0.0830994826625,0.789852798517,454.951546265,4324.27183051
378.5,0.875,882,37.9150273584,53.6860811753,50.8772417994,14364341.268,4.69415199643,7.47218247402,0.798503584904,0.033882016167,9147.22903695,-676.414604004,-706.238242703,0.824716123708,0.0849589876752,0.794693611738,465.671721681,4355.82335093
379,0.875,882,17.0507067712,40.3459629174,50.8646508614,14360786.4265,4.80555889904,7.47218247402,0.804577767234,0.0341711555451,9210.37217759,-948.075584478,-325.559808177,0.821995217164,0.087131030858,0.800575564741,477.340635415,4385.89151314
379.5,0.875,882,-7.60747651615,38.054102173,50.7953855085,14341230.5086,4.86120420202,7.47218247402,0.805955768544,0.0343155743192,9200.20849743,-998.707501789,146.260709395,0.818975452925,0.0879741589007,0.801874558055,480.647916181,4381.05166544
380,0.875,882,-30.5729603873,47.3204487705,50.7207444703,14320156.8555,4.79597161389,7.47218247402,0.79940960216,0.0341462732299,9100.00161041,-802.070688966,574.553262515,0.817476618862,0.0862458391846,0.795476797415,469.821416732,4333.3341002
380.5,0.875,882,-46.7358163323,66.0831968742,50.6985927532,14313902.6873,4.68055011262,7.47218247402,0.792136342061,0.0338467145821,9011.30082424,-436.660619492,853.278358517,0.819234328676,0.0838620893319,0.788411526092,456.437067693,4291.09563059
381,0.875,882,-52.4997326485,90.1675465105,50.7069140637,14316252.0706,4.56915588438,7.47218247402,0.786452534368,0.0335576080983,8951.33581128,2.98416025844,935.069404283,0.822365637529,0.0817841196224,0.782908078674,445.273412411,4262.54086251
381.5,0.875,882,-46.5822107622,114.214616258,50.7147958425,14318477.3595,4.44950355076,7.47218247402,0.779975156156,0.0332470689798,8882.23248865,419.48959343,806.981719047,0.825413399225,0.0795226469129,0.776622662845,433.095438067,4229.63451841
382,0.875,882,-30.2999272112,132.873819646,50.722390795,14320621.6678,4.3248989925,7.47218247402,0.773275270897,0.0329236771285,8810.45228692,721.282586156,509.747207968,0.828715162085,0.0772023337086,0.770115843731,420.584515282,4195.45346996
382.5,0.875,882,-7.27576690382,141.993395888,50.7279643692,14322195.2736,4.29368803537,7.47218247402,0.774042387293,0.0328426739184,8821.42727555,872.281084739,122.063845586,0.832184345201,0.0769715071824,0.770905730708,419.419173263,4200.67965502
383,0.875,882,17.367285866,139.544196246,50.745540474,14327157.5938,4.32077834318,7.47218247402,0.777001323883,0.0329129826208,8860.7772017,839.491766156,-294.276516519,0.83305820217,0.0776863073154,0.773808218745,423.607521045,4219.4177151
383.5,0.875,882,38.1460355936,126.071179195,50.776494783,14335897.0271,4.40848092414,7.47218247402,0.783235370341,0.0331406010997,8941.3244499,626.545080964,-662.584686529,0.832299604674,0.0795395518833,0.779890636231,434.242167121,4257.77354757
384,0.875,882,50.4371124325,104.572154593,50.8083818319,14344899.8039,4.48634619285,7.47218247402,0.787078652124,0.0333426883568,8995.29800533,257.944252891,-892.796134003,0.829853837048,0.0809557962589,0.783613870824,442.529365255,4283.47524063
384.5,0.875,882,51.5056937982,79.8307568437,50.8399165565,14353803.1078,4.55977792039,7.47218247402,0.790811402061,0.0335332690438,9048.02989596,-183.260661183,-928.187806614,0.827695412199,0.0823166236417,0.78723003451,450.526795276,4308.58566475
385,0.875,882,41.1140152952,57.3520636746,50.8755120446,14363852.9006,4.66835255913,7.47218247402,0.797402495147,0.0338150577193,9134.39874826,-604.834480667,-761.676751673,0.825671132338,0.0845044948572,0.793632904903,463.149090526,4349.71368965
385.5,0.875,882,21.5742744173,42.1376903674,50.8727606892,14363076.1013,4.78635379378,7.47218247402,0.803763254868,0.0341213116659,9204.29126556,-910.576574514,-410.448828053,0.822698133987,0.0867898223204,0.799791948276,475.622980538,4382.99584074
386,0.875,882,-2.76584430353,37.5729067629,50.811766498,14345855.4079,4.86094087453,7.47218247402,0.806445764199,0.0343148908934,9211.70767727,-1009.42424931,53.2531967234,0.819494217166,0.0880452551815,0.802359218413,481.346660181,4386.52746536
386.5,0.875,882,-26.4905496179,44.6733987493,50.7330356518,14323627.0657,4.82145369316,7.47218247402,0.801397509386,0.0342124080239,9126.57931657,-858.036400129,501.468347602,0.817483696854,0.0868335282055,0.797413566032,473.252117109,4345.99015075
387,0.875,882,-44.3209826626,61.8592733601,50.7007447753,14314510.2749,4.70551189815,7.47218247402,0.793414494891,0.0339114990342,9026.20539792,-516.69776909,813.786834958,0.818546674692,0.0843313767873,0.789648510009,459.030230192,4298.19304663
387.5,0.875,882,-52.2897879631,85.3065924134,50.7042081652,14315488.1053,4.59625655338,7.47218247402,0.787920358045,0.0336279436915,8966.65419926,-84.1124401133,937.106266061,0.82168614137,0.0823001337648,0.784331573507,448.035028715,4269.83533298
388,0.875,882,-48.623868744,109.798216798,50.7131149986,14318002.8013,4.47074989881,7.47218247402,0.780938519244,0.0333022105888,8892.29862601,344.564990954,846.24201589,0.824669599499,0.0798952736569,0.77755434107,435.095991819,4234.42791715
388.5,0.875,882,-34.1389093269,129.884644539,50.7216852583,14320422.4713,4.34106167663,7.47218247402,0.773999082744,0.0329656248744,8818.2222239,673.398029739,576.389097714,0.828126759294,0.0774810246742,0.770816452424,422.091031229,4199.15343995
389,0.875,882,-12.0578815208,141.096550698,50.7263665319,14321744.1508,4.29082967552,7.47218247402,0.773396107266,0.0328352554877,8813.5829087,855.816765557,201.957608129,0.831732585249,0.0768490114074,0.770268733744,418.725312113,4196.94424224
389.5,0.875,882,12.7060818115,140.939233259,50.7384609879,14325158.8189,4.29875432267,7.47218247402,0.775331116987,0.0328558226832,8839.626115,857.587850518,-213.913337366,0.833138329445,0.0772090530271,0.772176539519,420.887690908,4209.34576905
390,0.875,882,34.6428819948,129.447696094,50.7704769049,14334197.9795,4.38855910595,7.47218247402,0.782237671137,0.033088897103,8928.11874927,681.907492955,-598.849695906,0.83291622122,0.0791767958732,0.778923413599,432.159264344,4251.4851187
390.5,0.875,882,48.8714774927,109.178860437,50.8026106975,14343270.4203,4.46244754323,7.47218247402,0.785717023758,0.0332806631095,8978.07539876,337.474076157,-859.949774969,0.830408037543,0.0804937473557,0.782291250492,439.903712292,4275.27399941
391,0.875,882,52.225938678,84.64263785,50.8356344753,14352594.1335,4.5582061204,7.47218247402,0.791319287826,0.0335291896802,9052.29874164,-96.5955147287,-941.655853665,0.828356578541,0.0823732211349,0.787734139343,450.760616995,4310.6184484
391.5,0.875,882,43.9598821107,61.2984536164,50.8692639849,14362088.8651,4.6476746082,7.47218247402,0.795820534662,0.0337613912971,9114.41049372,-528.656844998,-809.701758663,0.825714347339,0.0840377169044,0.792090788401,460.477667242,4340.1954732
392,0.875,882,25.9125443757,44.3404988641,50.8776392123,14364453.4709,4.7601548791,7.47218247402,0.802263513174,0.0340533164365,9189.32662962,-863.602303389,-490.109012425,0.823262491537,0.0862671234594,0.798338497343,472.849178104,4375.86982363
392.5,0.875,882,2.0995432644,37.5419985314,50.8275189078,14350302.8383,4.85414477539,7.47218247402,0.806613279851,0.0342972526696,9219.41168615,-1010.04396499,-40.4253106116,0.820203108821,0.0879928340639,0.802532582471,481.358389907,4390.19604102
393,0.875,882,-22.1806161287,42.4156510168,50.7463162099,14327376.6099,4.8409972264,7.47218247402,0.803096296061,0.0342631302405,9150.33651359,-906.210535533,422.414269607,0.817666418433,0.0873117156435,0.799070889942,476.10745702,4357.30310171
393.5,0.875,882,-41.5254837873,57.8770456491,50.7046002686,14315598.8092,4.72614994543,7.47218247402,0.794509621342,0.0339650618927,9039.70188895,-592.66583457,766.141720211,0.81802017393,0.084725916366,0.790708974864,461.247919552,4304.61994712
394,0.875,882,-51.6307353903,80.4859491772,50.7035523949,14315302.9595,4.60834293634,7.47218247402,0.788326350328,0.0336593120284,8970.86720428,-170.902732042,927.452869426,0.821125301726,0.0824941880019,0.784720391511,449.079827362,4271.84152585
394.5,0.875,882,-50.2479047805,105.2117739,50.7126689373,14317876.8633,4.5059209181,7.47218247402,0.783381978705,0.0333934915275,8919.37886603,267.195772712,882.607632321,0.824338360042,0.0806368169248,0.779935993266,439.12658457,4247.32326954
395,0.875,882,-37.6846782926,126.552907162,50.7207728659,14320164.8725,4.37197338641,7.47218247402,0.775522103517,0.0330458514342,8834.80089226,621.535940393,640.78027658,0.827154730602,0.0780349556685,0.772293407349,425.093370577,4207.04804394
395.5,0.875,882,-16.7364330922,139.760846128,50.7249542558,14321345.4182,4.29211692223,7.47218247402,0.772695771625,0.0328385963374,8805.14538797,832.47638293,279.99293356,0.830870042476,0.0767639699378,0.76957418214,418.238659363,4192.92637522
396,0.875,882,7.93574743197,141.896762064,50.7358049089,14324408.9193,4.29991809851,7.47218247402,0.775389734833,0.0328588430834,8839.35181085,873.854382099,-133.624669303,0.833102242536,0.0772300447355,0.772233426267,420.958046008,4209.21514802
396.5,0.875,882,30.8421867125,132.485403597,50.7632827576,14332166.8319,4.37161780866,7.47218247402,0.780865215331,0.0330449285872,8910.2189925,730.660842149,-530.421655655,0.832883614081,0.0787940231959,0.777582120247,429.948158832,4242.961425
397,0.875,882,46.8860939392,113.620842388,50.7962623084,14341478.0584,4.45116161869,7.47218247402,0.785271792625,0.0332513722386,8970.90988533,414.554777156,-822.86879974,0.830879953374,0.0803044510483,0.781862287868,438.759518337,4271.86185016
397.5,0.875,882,52.4976240608,89.5005323072,50.8284106671,14350554.6117,4.52783231402,7.47218247402,0.789224362025,0.0334503591654,9026.28381824,-8.93262467854,-938.882692536,0.828669210203,0.081728817278,0.785693592037,447.107230724,4298.23038964
398,0.875,882,46.4281851504,65.4913561444,50.8623356472,14360132.7644,4.62987211372,7.47218247402,0.79522702432,0.0337151876772,9105.39648583,-449.758746709,-852.004806477,0.826550427853,0.0837499058988,0.791523017575,458.775635811,4335.90308849
398.5,0.875,882,30.0282560007,46.9354688687,50.8790701634,14364857.4761,4.73095628234,7.47218247402,0.800450371241,0.0339775359964,9169.57994987,-808.881981692,-564.021355454,0.823749066781,0.0856650546509,0.796578162006,469.575518672,4366.4666428
399,0.875,882,6.94689822067,37.9616429438,50.841566952,14354269.0694,4.84167721781,7.47218247402,0.806418472143,0.034264895053,9222.45884707,-1000.55780188,-133.570189505,0.820994813886,0.087820790382,0.802354250954,480.68283593,4391.64707003
399.5,0.875,882,-17.6801771882,40.5665969754,50.7632043922,14332144.7067,4.85262129099,7.47218247402,0.804330000832,0.0342932987016,9170.25151688,-945.489761642,338.160545151,0.818001869049,0.0876304120543,0.800277259116,478.16339954,4366.78643661
400,0.875,882,-38.3733297595,54.1707164017,50.7076507535,14316460.0628,4.75352252729,7.47218247402,0.796334365418,0.0340361031936,9061.07672292,-665.65335477,712.917846041,0.817707392126,0.0853060060619,0.792483288906,464.461808832,4314.79843949
400.5,0.875,882,-50.5282354179,75.7470204674,50.7021317948,14314901.8767,4.63992736603,7.47218247402,0.790077588834,0.0337412845287,8989.78163796,-257.906725415,914.305090236,0.820382789204,0.0831038522599,0.786418985273,452.373352579,4280.84839903
401,0.875,882,-51.4403703088,100.494679723,50.7100367853,14317133.719,4.51892055586,7.47218247402,0.783578716349,0.0334272300759,8920.52541555,184.714121532,905.388545759,0.823474158844,0.0808089842876,0.780117229962,440.018481751,4247.8692455
401.5,0.875,882,-40.9067801157,122.907223228,50.7203956422,14320058.3697,4.39865567114,7.47218247402,0.777283770505,0.0331151011758,8854.31105781,563.434318223,700.401963592,0.826796091213,0.0785784364757,0.774010399889,428.047600918,4216.33859896
402,0.875,882,-21.2712383528,137.997754311,50.7242133307,14321136.2304,4.30103082221,7.47218247402,0.772708500345,0.0328617309856,8804.93305337,803.988849621,356.304970903,0.830127063431,0.0768625973608,0.769578105845,418.76378445,4192.82526351
402.5,0.875,882,3.09725429899,142.408558612,50.7324420467,14323459.4712,4.29647046894,7.47218247402,0.774884178357,0.0328498952942,8832.49089165,881.108246784,-52.0719588077,0.832852439883,0.0771209027041,0.77173633571,420.307422163,4205.94804364
403,0.875,882,26.7765932568,135.158211364,50.7568890572,14330361.6771,4.35924952862,7.47218247402,0.779976045573,0.0330128286301,8898.03458877,773.841767579,-458.85002151,0.832980219054,0.0785311636469,0.776714448725,428.405900174,4237.15932798
403.5,0.875,882,44.4980138857,117.859949035,50.7896879579,14339621.9001,4.43823285,7.47218247402,0.784575774683,0.0332178176199,8960.83938549,487.344481486,-778.388412597,0.831224848766,0.0800610414977,0.78118678897,437.316379219,4267.06637404
404,0.875,882,52.3184164881,94.3627166055,50.8229429049,14349010.8802,4.52214776569,7.47218247402,0.789117596824,0.0334356057997,9023.19715104,77.9320133313,-934.57354669,0.829027666866,0.0816499389514,0.78559392107,446.57962216,4296.76054811
404.5,0.875,882,48.497724589,69.8947591486,50.8531496153,14357539.2414,4.59983037478,7.47218247402,0.793015964017,0.033637218992,9077.32911397,-365.901724267,-882.625638821,0.826707110685,0.083087569093,0.78936825218,454.983015338,4322.53767332
405,0.875,882,33.8860601616,49.9003126355,50.8776224826,14364448.7476,4.70520164953,7.47218247402,0.799230130128,0.0339106938319,9155.4963453,-748.989762747,-632.930424873,0.824571624427,0.0851918143865,0.795399956514,466.954864224,4359.76016443
405.5,0.875,882,11.7345874773,38.8282357473,50.8532871779,14357578.0799,4.82382860254,7.47218247402,0.805711108412,0.0342185717337,9218.90368077,-980.866891999,-224.930066723,0.821694579004,0.0875101065509,0.801675297188,479.203182811,4389.9541337
406,0.875,882,-13.0278862833,39.1421178283,50.7771927491,14336094.0862,4.85231916461,7.47218247402,0.804779233289,0.0342925145793,9180.40147321,-973.986871822,249.498989452,0.818482653319,0.0876948415328,0.800721678024,478.778721327,4371.61974915
406.5,0.875,882,-34.8915938816,50.7721186348,50.7144343294,14318375.2923,4.77747345682,7.47218247402,0.798204760751,0.0340982641254,9084.3491376,-733.689102331,652.586408007,0.817715518295,0.0858559965354,0.794306162358,467.581396699,4325.88054172
407,0.875,882,-48.9917572263,71.1305081181,50.7002620912,14314373.9971,4.65541863216,7.47218247402,0.790660710455,0.0337814897131,8995.52158878,-342.481009614,889.199697726,0.819734345104,0.0833628339791,0.786979152211,453.749644873,4283.58170894
407.5,0.875,882,-52.1910234501,95.6874485694,50.7081106314,14316589.9016,4.55324479739,7.47218247402,0.785862642062,0.0335163133339,8945.27609718,100.978234112,926.629457854,0.823051034165,0.0815214734095,0.782341156288,443.86438347,4259.65528437
408,0.875,882,-43.7775407244,118.978904881,50.7169877721,14319096.2143,4.41903486183,7.47218247402,0.77799557585,0.033167992212,8860.94513267,498.160373969,752.555562333,0.825850786629,0.0789036140411,0.774694424558,429.761214244,4219.49768223
408.5,0.875,882,-25.6233486497,135.822418138,50.7232534741,14320865.2309,4.31183342815,7.47218247402,0.773033389677,0.0328897674778,8808.15880229,769.153352999,430.101363699,0.829560564054,0.0770259953321,0.769889183197,419.63812925,4194.36133442
409,0.875,882,-1.76784061206,142.470227173,50.7297870945,14322709.8897,4.29484146539,7.47218247402,0.774473743123,0.0328456674676,8826.93502111,881.18555545,29.689134117,0.832549922041,0.0770450844203,0.771331622343,419.850266965,4203.30239101
409.5,0.875,882,22.4810203022,137.443163113,50.7512833444,14328778.9976,4.34374373309,7.47218247402,0.778790450892,0.0329725857369,8882.80579627,809.307995786,-383.491915172,0.833025873163,0.0781920729699,0.775556418022,426.461866517,4229.90752203
410,0.875,882,41.7277481362,121.859771429,50.7842651703,14338090.8664,4.41996943635,7.47218247402,0.783539884611,0.0331704177556,8947.38335959,554.750974864,-726.574859749,0.831657670459,0.0797101566336,0.780180311415,435.306775589,4260.65874266
410.5,0.875,882,51.6898551426,99.1874302903,50.8162397963,14347118.3692,4.4939906735,7.47218247402,0.787378920159,0.0333625284236,9001.40105546,162.936691466,-916.706164094,0.829534604922,0.0810842258422,0.783903036435,443.368510883,4286.38145498
411,0.875,882,50.1507255124,74.470842567,50.8489936462,14356365.8728,4.59565070028,7.47218247402,0.79343244975,0.0336263712936,9080.63366973,-282.622311471,-912.716226066,0.827484168465,0.0831017972586,0.789784702596,454.986551411,4324.1112713
411.5,0.875,882,37.4528228498,53.2095656375,50.8788940203,14364807.7451,4.6937928621,7.47218247402,0.798446458034,0.0338810840894,9147.1773727,-685.233995347,-697.571199772,0.824686211324,0.0849464532445,0.794637511251,465.633259854,4355.79874891
412,0.875,882,16.4214904045,40.1343339271,50.8631490753,14360362.4223,4.80914041851,7.47218247402,0.804867304052,0.0341804508247,9213.07468747,-952.98217001,-313.830913993,0.822004992635,0.0872154147485,0.800857760018,477.774712072,4387.17842261
412.5,0.875,882,-8.26370113061,38.154448179,50.7938249496,14340789.9108,4.86373469209,7.47218247402,0.806057702018,0.0343221418146,9200.76600288,-997.219417072,158.947545833,0.818878792849,0.0880185031608,0.80197242565,480.8606438,4381.31714423
413,0.875,882,-31.1101801769,47.710442313,50.7198396136,14319901.3842,4.79407202465,7.47218247402,0.799195434128,0.0341413431399,9097.27898908,-794.218951617,584.264675162,0.817408608906,0.0861921967816,0.795267174261,469.512448851,4332.03761385
413.5,0.875,882,-47.0344973592,66.6760625501,50.6984660227,14313866.9071,4.67661682733,7.47218247402,0.791879510661,0.0338365063487,9008.4011418,-425.417603874,857.88701882,0.819285643597,0.0837800355826,0.788161769057,455.988193234,4289.71482943
414,0.875,882,-52.4934169752,90.8313689098,50.70626023,14316067.4716,4.56602513714,7.47218247402,0.786310168194,0.0335494827283,8949.53225495,14.7970199682,934.297794916,0.822472822956,0.0817285715207,0.782770521286,444.959505759,4261.68202616
414.5,0.875,882,-46.2723036557,114.801691765,50.7154349972,14318657.8142,4.4466260537,7.47218247402,0.779830551655,0.0332396008814,8880.85310871,429.387424677,801.104436306,0.825499421208,0.0794701980591,0.776482484014,432.820701054,4228.97767082
415,0.875,882,-29.7553844649,133.25352119,50.7223208097,14320601.9086,4.32189914413,7.47218247402,0.773113259423,0.0329158914862,8808.6268521,727.144300623,500.224204439,0.828794922559,0.0771467247062,0.769958408406,420.280407592,4194.58421529
415.5,0.875,882,-6.6177518478,142.081238085,50.7279746289,14322198.1702,4.29392674256,7.47218247402,0.774139323812,0.032843293446,8822.52626337,873.940291972,111.048050982,0.832268251157,0.0769878171818,0.771001459533,419.508216444,4201.20298256
416,0.875,882,17.9923617773,139.320633792,50.7468138445,14327517.1088,4.32556835204,7.47218247402,0.777374551607,0.0329254143476,8865.3983984,836.879292758,-305.296867486,0.833051511327,0.077791689312,0.774172932535,424.203435971,4221.61828495
416.5,0.875,882,38.5990900209,125.585955791,50.7772289811,14336104.3157,4.41070077243,7.47218247402,0.783284960546,0.0331463623725,8942.11984116,618.380576648,-670.74009998,0.83216562564,0.0795711804702,0.779937457746,434.427404647,4258.15230532
417,0.875,882,50.6173386283,103.933234735,50.8097231861,14345278.5129,4.48647946111,7.47218247402,0.787030645131,0.033343034234,8995.22607394,246.63097883,-895.973118139,0.829792133191,0.0809503264925,0.783566231372,442.522830329,4283.44098759
417.5,0.875,882,51.3729905835,79.1803032156,50.8414556595,14354237.6479,4.56325687266,7.47218247402,0.791081714695,0.0335422981262,9051.60911904,-195.179961207,-926.733762414,0.827691728517,0.0823949840348,0.78749376613,450.982973683,4310.29005669
418,0.875,882,40.6979097615,56.8348052765,50.8763835121,14364098.9449,4.67335965506,7.47218247402,0.797703243364,0.0338280528621,9138.0722758,-615.172724456,-754.895131368,0.825575500009,0.084605509421,0.793924876427,463.718613433,4351.46298848
418.5,0.875,882,20.967352009,41.8687196334,50.8706474388,14362479.4602,4.79621678741,7.47218247402,0.804401385994,0.0341469095398,9210.65876623,-917.813758822,-399.825726914,0.822561607551,0.0869979879938,0.80041173861,476.724155181,4386.02798392
419,0.875,882,-3.4285404873,37.6120709502,50.8095134152,14345219.2876,4.86019410427,7.47218247402,0.806125318712,0.0343129527667,9207.26424675,-1007.92777272,65.964073017,0.819227706169,0.0879882539007,0.802043312653,480.992373149,4384.41154607
419.5,0.875,882,-27.0615665497,45.0119836414,50.7311426478,14323092.6076,4.81763770589,7.47218247402,0.801120524178,0.0342025042194,9122.81353575,-850.729805543,511.738082982,0.817503770096,0.0867485262443,0.797144026352,472.753565507,4344.19692179
420,0.875,882,-44.6732663811,62.4219422213,50.7000028797,14314300.813,4.70222917371,7.47218247402,0.793258664786,0.0339029792308,9024.22055343,-505.991663679,819.648017256,0.818649567851,0.0842714189014,0.789497972901,458.690444899,4297.24788259
420.5,0.875,882,-52.3449536788,85.9681487673,50.7044601062,14315559.2366,4.59270830426,7.47218247402,0.787728686736,0.03361873476,8964.61854902,-72.1978221052,937.334101799,0.821775429469,0.0822325697318,0.784145718415,447.671664565,4268.86597572
421,0.875,882,-48.369641825,110.411461234,50.7128404959,14317925.3,4.46574844884,7.47218247402,0.780638380751,0.0332892300993,8888.86420983,354.796553908,840.771860288,0.824766899187,0.0797968986861,0.777262445575,434.555554148,4232.79248087
421.5,0.875,882,-33.6318564621,130.313127278,50.7212665645,14320304.26,4.33439840864,7.47218247402,0.773603627722,0.0329483313933,8813.67350695,679.490256122,566.875365531,0.828265188778,0.0773522861251,0.770431560359,421.382749247,4196.98738426
422,0.875,882,-11.4108243648,141.244932309,50.7264483855,14321767.2609,4.29169261376,7.47218247402,0.7736374986,0.0328374951104,8816.33603726,858.790833634,191.228886979,0.831918765269,0.0768925305247,0.770506858551,418.963785756,4198.25525584
422.5,0.875,882,13.3491699888,140.774498133,50.7408502618,14325833.3906,4.30617082006,7.47218247402,0.775896188451,0.0328750710547,8846.7794964,856.67702347,-225.229743914,0.83311413731,0.077369998511,0.772728638579,421.804771577,4212.75214114
423,0.875,882,35.1389110398,129.006498573,50.7716500993,14334529.2114,4.39426665412,7.47218247402,0.782494530228,0.0331037101612,8931.37918206,675.161132293,-608.217292837,0.832708469366,0.0792765054985,0.779171855972,432.723492873,4253.03770574
423.5,0.875,882,49.1100786028,108.559369053,50.8035960466,14343548.6171,4.46741728714,7.47218247402,0.785959097113,0.0332935613109,8981.11405031,326.951472424,-865.148619252,0.830249178728,0.0805838051976,0.782525663413,440.412968105,4276.72097634
424,0.875,882,52.1540219803,83.9826923566,50.8364739139,14352831.135,4.56002888551,7.47218247402,0.791331417471,0.033533920385,9052.71342015,-108.527372735,-940.643111269,0.828218993261,0.0823953729664,0.787744208869,450.896726442,4310.81591436
424.5,0.875,882,43.59344941,60.7448950004,50.8696523223,14362198.5057,4.64758953314,7.47218247402,0.79576555448,0.0337611704979,9113.92498554,-538.802966718,-802.877989051,0.825664232779,0.0840286464838,0.792036502252,460.434996495,4339.96427883
425,0.875,882,25.3331286765,44.0164965291,50.8760781395,14364012.728,4.76837956948,7.47218247402,0.802909689576,0.0340746623478,9196.01052293,-871.594426892,-480.176848295,0.823264815264,0.0864573114034,0.798968200577,473.862559996,4379.05262997
425.5,0.875,882,1.43606729349,37.5196445255,50.8251970005,14349647.2865,4.85416373836,7.47218247402,0.806395753598,0.0342973018851,9216.09913831,-1010.00708458,-27.6377346769,0.81998041408,0.0879601781725,0.802317532772,481.135786642,4388.61863729
426,0.875,882,-22.7805258376,42.6999192119,50.7441916188,14326776.767,4.83909497642,7.47218247402,0.80294788064,0.034258193245,9147.91505022,-900.267105536,433.583996405,0.817665908459,0.087267676366,0.798926326698,475.827467171,4356.15002392
426.5,0.875,882,-41.9283444936,58.4046850305,50.7039340524,14315410.7141,4.72343890647,7.47218247402,0.794348453053,0.0339580258105,9037.67622636,-582.541007409,773.057020127,0.818071386141,0.0846714679229,0.790552563025,460.93938925,4303.65534589
427,0.875,882,-51.7469086863,81.1395574932,50.7034663286,14315278.6601,4.60708895719,7.47218247402,0.788299104811,0.0336560575196,8970.54383251,-159.126654814,929.334225682,0.821198924816,0.0824762315635,0.784694768735,448.980552305,4271.68753929
427.5,0.875,882,-50.0515415596,105.845920216,50.712766256,14317904.3396,4.50300754079,7.47218247402,0.783186229092,0.0333859303075,8917.23250373,278.126581888,878.501468017,0.824372712797,0.0805762444065,0.77974531651,438.798406924,4246.30119225
428,0.875,882,-37.219470298,127.026490932,50.7222585208,14320584.3224,4.37206113268,7.47218247402,0.775604408622,0.0330460791661,8836.24941317,629.728069921,633.010166621,0.827235153037,0.0780476660466,0.772374781985,425.187517147,4207.73781579
428.5,0.875,882,-16.1058912974,139.968492728,50.7256519724,14321542.4069,4.29318349013,7.47218247402,0.772777770033,0.0328413644493,8806.30453112,836.225679459,269.533042888,0.830867596793,0.0767871528596,0.76965431866,418.376477759,4193.47834815
429,0.875,882,8.59132450272,141.792269146,50.73518952,14324235.1745,4.29580097495,7.47218247402,0.775035738161,0.0328481577262,8835.17241849,871.00104735,-144.482038794,0.833072344696,0.0771350479701,0.771887026233,420.430047627,4207.22496119
429.5,0.875,882,31.376930068,132.092021328,50.7643545412,14332469.4321,4.37406329804,7.47218247402,0.781167098805,0.0330512754765,8913.99100972,724.56941711,-540.120507703,0.832998981506,0.0788640488709,0.777878451213,430.348433173,4244.75762368
430,0.875,882,47.1810206601,113.026100179,50.796875284,14341651.1218,4.45172927915,7.47218247402,0.785252226331,0.0332528455135,8970.89754533,404.144028134,-828.100615933,0.83081179623,0.0803079185362,0.781842342748,438.789053494,4271.85597397
430.5,0.875,882,52.4871115602,88.8367631057,50.8297453642,14350931.4411,4.53307080779,7.47218247402,0.789622186613,0.0334639548654,9031.21659308,-20.8343625077,-940.079801947,0.828653479274,0.0818451162131,0.786081682028,447.766972693,4300.57933004
431,0.875,882,46.1145725093,64.906251729,50.8630460183,14360333.3258,4.63678998135,7.47218247402,0.79563183089,0.0337331419322,9110.17090745,-461.264747069,-847.662389652,0.826406097607,0.0838873715245,0.791915932463,459.541498233,4338.17662259
431.5,0.875,882,29.4813235113,46.5592177324,50.8779053989,14364528.6243,4.74153150189,7.47218247402,0.801094798418,0.0340049823425,9176.35988865,-817.96922485,-555.119269988,0.823559912043,0.0858810745263,0.797203647706,470.738084211,4369.69518507
432,0.875,882,6.28834094225,37.8779627394,50.8393788181,14353651.2863,4.84240628406,7.47218247402,0.806193525766,0.0342667872316,9219.0997096,-1001.78826936,-120.862240249,0.820707871594,0.0877951809505,0.802131049079,480.501301374,4390.04748076
432.5,0.875,882,-18.3038271542,40.7941069433,50.7610811297,14331545.2389,4.85316528768,7.47218247402,0.804353020226,0.0342947105608,9169.73804434,-941.163519237,350.098195761,0.817982244156,0.0876400929859,0.80029939549,478.176220759,4366.54192588
433,0.875,882,-38.8233073533,54.6587945006,50.7064731205,14316127.5777,4.74848242752,7.47218247402,0.795928197354,0.0340230223945,9056.12751921,-655.651408755,720.251496773,0.817692760942,0.0851885880956,0.792087221115,463.800965113,4312.44167581
433.5,0.875,882,-50.7044185019,76.3870670177,50.7016895854,14314777.0263,4.63240887981,7.47218247402,0.789622486254,0.0337217714611,8984.57097625,-245.873469493,915.810818423,0.820519393015,0.0829529220292,0.785976870776,451.543891776,4278.36713155
434,0.875,882,-51.3035573157,101.144281348,50.7101715857,14317171.7777,4.51625050293,7.47218247402,0.783565148635,0.0334203003667,8920.45088141,196.072246743,902.633685828,0.823679692876,0.0807775147332,0.780106564352,439.849463203,4247.83375305
434.5,0.875,882,-40.4874125818,123.4218405,50.7207079814,14320146.5534,4.39667428634,7.47218247402,0.777197193413,0.0331099587981,8853.46256185,572.00442455,692.92949726,0.826869725788,0.0785443593226,0.773926695779,427.867238898,4215.93455326
435,0.875,882,-20.6626275331,138.262882461,50.7246984054,14321273.1831,4.30240236317,7.47218247402,0.772868091007,0.0328652906079,8806.89372376,808.839734771,346.285868588,0.830182186542,0.0769000929081,0.769734752453,418.976081374,4193.75891608
435.5,0.875,882,3.7596896259,142.365205375,50.7328471212,14323573.8372,4.2960663241,7.47218247402,0.774816423215,0.0328488463989,8831.86879969,880.23371353,-63.1985597584,0.832814018052,0.0771069111099,0.771669657724,420.237878967,4205.65180938
436,0.875,882,27.3454581053,134.816023039,50.7575606171,14330551.2809,4.36095005434,7.47218247402,0.78012135817,0.0330172420815,8899.89828234,768.383650569,-468.84577213,0.832991545035,0.0785705704948,0.776856574408,428.632215929,4238.04680111
436.5,0.875,882,44.8467331432,117.29506414,50.7902207145,14339772.3151,4.4406385189,7.47218247402,0.784721148991,0.0332240611613,8962.64933832,477.756757764,-784.970854558,0.831177410524,0.080108593931,0.781328185266,437.58530418,4267.92825634
437,0.875,882,52.3693984745,93.7008246939,50.8239402079,14349292.452,4.52379696905,7.47218247402,0.789184094662,0.0334398860518,9024.28712444,66.1338203041,-935.842325582,0.828960942889,0.0816779867751,0.785657983936,446.750560844,4297.27958307
437.5,0.875,882,48.2396255719,69.2831342939,50.8550357656,14358071.7645,4.60254369079,7.47218247402,0.793185655484,0.0336442609839,9079.89948461,-377.311911344,-878.578139436,0.826661647055,0.0831428919292,0.789533203788,455.319734047,4323.76165934
438,0.875,882,33.3763083899,49.4750442534,50.8791783135,14364888.0105,4.70998730593,7.47218247402,0.799533278839,0.0339231142626,9159.44647235,-757.860854412,-624.173355096,0.824497257143,0.085291025786,0.795694465591,467.527256014,4361.64117731
438.5,0.875,882,11.0866051252,38.6839480591,50.8516352778,14357111.6934,4.82561122471,7.47218247402,0.805722782492,0.0342231982537,9218.41417108,-983.817408865,-212.549382013,0.82156444836,0.0875322334503,0.801684811901,479.293209267,4389.72103385
439,0.875,882,-13.6699200853,39.3109155255,50.7753116672,14335562.994,4.85367216709,7.47218247402,0.804837295653,0.0342960260879,9180.36163596,-970.950269954,261.84755031,0.818434606021,0.0877190528126,0.800777533185,478.875422599,4371.60077903
439.5,0.875,882,-35.3848235836,51.2164434333,50.7130940442,14317996.8851,4.77487765842,7.47218247402,0.797967392805,0.0340915271322,9081.2179334,-724.792381903,661.276397492,0.817679128597,0.0857911246247,0.794074351139,467.203401432,4324.3894921
440,0.875,882,-49.2264368925,71.751495654,50.700074185,14314320.9449,4.65317932633,7.47218247402,0.790553863048,0.0337756779413,8994.27441791,-331.045593233,893.015377857,0.819804566907,0.0833220479527,0.786875875297,453.524281986,4282.98781805
440.5,0.875,882,-52.1149357477,96.3469261863,50.7084570105,14316687.696,4.54975956197,7.47218247402,0.785648204612,0.0335072679447,8943.01421973,112.591867266,924.497584515,0.823112167839,0.0814515535745,0.782132650409,443.48974591,4258.57819987
441,0.875,882,-43.4076155261,119.530135698,50.7171118935,14319131.2579,4.41335772768,7.47218247402,0.777639984707,0.0331532580887,8857.02853376,506.910405275,745.129389294,0.825946662517,0.0787904033979,0.774348214093,429.146694804,4217.63263512
441.5,0.875,882,-25.0418960573,136.142750697,50.7222089146,14320570.3169,4.31007877034,7.47218247402,0.773041921034,0.032885213535,8807.91224274,774.31881601,420.226601427,0.829718292401,0.0770081348844,0.769899341542,419.523546126,4194.24392512
442,0.875,882,-1.10423657072,142.488385969,50.7300649073,14322788.3255,4.29453256785,7.47218247402,0.774494980484,0.0328448657718,8827.27574923,881.496043224,18.544677073,0.832599043807,0.0770447238055,0.771352948095,419.852900292,4203.46464249
442.5,0.875,882,23.0791207626,137.155107728,50.752017332,14328986.2267,4.34616154001,7.47218247402,0.778990081612,0.0329788607807,8885.2984061,804.982621473,-393.982582755,0.833034530861,0.0782470068591,0.775751608717,426.773821682,4231.0944791
443,0.875,882,42.1272648412,121.329595545,50.7838680481,14337978.7456,4.41553885907,7.47218247402,0.783125891681,0.0331589188778,8942.59658683,544.769167027,-732.52254227,0.831590149053,0.0796017778232,0.779775116998,434.708107107,4258.37932706
443.5,0.875,882,51.8018937407,98.5331005431,50.8173561939,14347433.5654,4.49959471619,7.47218247402,0.787937894645,0.0333770728493,9008.08070806,151.606496443,-920.357562823,0.829657686126,0.0812275594437,0.784450277836,444.171774603,4289.56224193
444,0.875,882,49.9503568869,73.8379504123,50.8501222985,14356684.5289,4.5969066555,7.47218247402,0.793382849487,0.033629630931,9080.45719354,-294.177780661,-909.184509827,0.827329384356,0.083108609941,0.789734295121,455.04405098,4324.02723502
444.5,0.875,882,36.9846299651,52.7389325657,50.8795333922,14364988.2611,4.69725031391,7.47218247402,0.798684257957,0.0338900573706,9150.07067648,-694.624742921,-689.471366509,0.824651775244,0.0850208234542,0.794868881939,466.052632647,4357.17651261
445,0.875,882,15.7896483864,39.930678017,50.8617253729,14359960.4636,4.81030699127,7.47218247402,0.804866347462,0.0341834784838,9212.53286025,-956.965141029,-301.78445596,0.821910893288,0.0872285835495,0.800855493638,477.820101775,4386.92040964
445.5,0.875,882,-8.91860445215,38.2630838315,50.7906895081,14339904.6711,4.85850240377,7.47218247402,0.805619277984,0.0343085622198,9194.72729133,-993.581502306,171.27732123,0.818847314368,0.0878924015921,0.801545023217,480.112449624,4378.4415673
446,0.875,882,-31.6424257231,48.1071975829,50.7189926079,14319662.2463,4.79181225762,7.47218247402,0.799157249757,0.0341354782643,9096.57211874,-786.455744858,594.024893426,0.817549247342,0.0861609001667,0.795231941007,469.326292037,4331.70100893
446.5,0.875,882,-47.3256579849,67.272657518,50.6981233309,14313770.1537,4.67089794606,7.47218247402,0.79149292155,0.0338216638772,9003.97991141,-413.93076259,861.937365322,0.819346697829,0.0836588460235,0.787785597287,455.322441368,4287.60948162
447,0.875,882,-52.4787080675,91.4950583805,50.7066446406,14316176.0035,4.56638717286,7.47218247402,0.786487536073,0.033550422336,8951.6697442,26.6197690566,934.392333652,0.822628723588,0.0817585112119,0.782945605442,445.129257207,4262.69987819
447.5,0.875,882,-45.954998016,115.3848017,50.7157055853,14318734.2103,4.44610668624,7.47218247402,0.779780382325,0.0332382529436,8880.38607243,439.41587434,795.489989333,0.825489472715,0.0794572651045,0.776433364262,432.754881773,4228.75527259
448,0.875,882,-29.2060840951,133.626306878,50.7216818252,14320421.502,4.32161692729,7.47218247402,0.773104446493,0.0329151590361,8808.30827424,733.351751451,490.949944122,0.828809320533,0.0771424064312,0.769949960719,420.246293995,4194.43251154
448.5,0.875,882,-5.95867867163,142.160752952,50.7281058177,14322235.2092,4.29383498783,7.47218247402,0.774139404862,0.0328430553108,8822.57383918,875.267877831,99.9878211195,0.832276145711,0.076986829688,0.771001629373,419.505005344,4201.2256377
449,0.875,882,18.6145608687,139.089185404,50.7478576892,14327811.8209,4.32994300179,7.47218247402,0.777723515869,0.0329367680742,8869.66931855,834.029782142,-316.263103942,0.833054083152,0.0778891378455,0.7745140283,424.752303013,4223.65205645
449.5,0.875,882,39.0459727941,125.095042507,50.7778240384,14336272.3202,4.41158841581,7.47218247402,0.783240059357,0.0331486661135,8941.80959694,609.889980212,-678.55018469,0.832043304714,0.0795745411046,0.779892118856,434.455934974,4258.00456997
450,0.875,882,50.789471558,103.292087077,50.8110551925,14345654.5827,4.48630249156,7.47218247402,0.786993281539,0.0333425749369,8995.2753852,235.272979688,-898.985256502,0.829767462659,0.0809429515621,0.783529444937,442.50571473,4283.46446914
450.5,0.875,882,51.2320732808,78.5315795615,50.8426606347,14354577.8525,4.56827267996,7.47218247402,0.791481192017,0.0335553158779,9056.51966822,-207.179705778,-925.519423152,0.827696620158,0.0825094432713,0.787883638814,451.630865142,4312.62841344
451,0.875,882,40.2752969909,56.3228497006,50.8769775842,14364266.6713,4.67734700082,7.47218247402,0.797883055062,0.033838401401,9140.28239335,-625.212407018,-747.706238538,0.825437664578,0.0846771505367,0.794098348532,464.122113554,4352.5154254
451.5,0.875,882,20.357077106,41.6074446665,50.8705456893,14362450.7329,4.79322655701,7.47218247402,0.804061226057,0.0341391488595,9206.79074107,-921.88914074,-387.806930051,0.822452922717,0.0869128399251,0.800078805487,476.255662874,4384.18606718
452,0.875,882,-4.09068847769,37.6596115053,50.8078174649,14344740.4643,4.8649531139,7.47218247402,0.80657559866,0.0343253040399,9211.69638528,-1008.34823478,78.8079459126,0.819308485166,0.0881107932685,0.80248296615,481.630087101,4386.52208823
452.5,0.875,882,-27.6282565756,45.3577617206,50.7296642047,14322675.1938,4.81571368639,7.47218247402,0.800845630134,0.0341975107244,9119.19655364,-843.526975335,522.043262194,0.817375867014,0.0866853343896,0.796874422884,472.381654598,4342.47454935
453,0.875,882,-45.0184072382,62.9890205706,50.6994904491,14314156.1368,4.69894276704,7.47218247402,0.793053078365,0.0338944498708,9021.75506116,-495.18093861,825.303547738,0.818701457803,0.0842040512993,0.789298230443,458.31449754,4296.07383865
453.5,0.875,882,-52.3917498981,86.6303497786,50.7049120036,14315686.8224,4.58947540528,7.47218247402,0.787561719016,0.0336103442709,8962.92906105,-60.2966208662,937.499524454,0.821864839701,0.0821721546498,0.783983962528,447.350740468,4268.06145764
454,0.875,882,-48.1076810268,111.021442059,50.7127675526,14317904.7057,4.46179817011,7.47218247402,0.780412445395,0.033278977762,8886.32785544,365.050050741,835.418966546,0.824855573646,0.0797208414066,0.777042896328,434.140114798,4231.58469307
454.5,0.875,882,-33.11942616,130.735164303,50.7222666767,14320586.6251,4.33348696565,7.47218247402,0.773633980963,0.032945965884,8814.37503967,686.581187425,558.219791882,0.828374559855,0.0773466859977,0.770462499629,421.368858555,4197.32144746
455,0.875,882,-10.7619427186,141.385120307,50.7266081503,14321812.3678,4.29223378177,7.47218247402,0.773704002573,0.0328388996282,8817.13884669,861.31686727,180.391575086,0.831944239067,0.0769078226284,0.770572166475,419.049747345,4198.63754604
455.5,0.875,882,13.9901237515,140.601644612,50.7415650044,14326035.1862,4.30901237089,7.47218247402,0.776107182451,0.0328824458602,8849.38806286,854.456941756,-236.236558064,0.833098966639,0.0774309208522,0.772934710304,422.148799862,4213.99431565
456,0.875,882,35.6293216829,128.559064258,50.7722305053,14334693.0793,4.39716676223,7.47218247402,0.782649392091,0.0331112369431,8933.30659946,667.887844241,-617.141295017,0.832628900754,0.0793306763128,0.779322185459,433.029079609,4253.95552355
456.5,0.875,882,49.3408274444,107.936910188,50.8043949533,14343774.1751,4.47147286134,7.47218247402,0.786202881848,0.0333040869262,8984.11713875,316.310362522,-870.106102568,0.830168484878,0.0806640101512,0.782762704207,440.865175776,4278.15101845
457,0.875,882,52.0737663146,83.3237089777,50.8372587847,14353052.7302,4.56118159548,7.47218247402,0.791314953182,0.0335369120653,9052.79174056,-120.431750399,-939.344136769,0.828106753419,0.0824058568036,0.787726700299,450.968022504,4310.85320979
457.5,0.875,882,43.2200465012,60.1960140176,50.8688866189,14361982.3221,4.64630282139,7.47218247402,0.795633986669,0.0337578310367,9112.16932737,-548.673993023,-795.655839674,0.825632543995,0.0839947515911,0.79190776837,460.235413937,4339.12825113
458,0.875,882,24.7496624335,43.6998465507,50.8756796699,14363900.2268,4.76769648577,7.47218247402,0.802890486425,0.0340728895098,9195.65675016,-877.47456258,-469.052424235,0.823299962099,0.0864466655756,0.798949979036,473.796789648,4378.88416674
458.5,0.875,882,0.772361708083,37.5056816656,50.82326232,14349101.0617,4.85566707944,7.47218247402,0.806531167286,0.0343012035742,9216.91527359,-1010.63143124,-14.8696667228,0.819998904257,0.087997840094,0.80244967226,481.305150397,4389.00727314
459,0.875,882,-23.3767931413,42.9917502727,50.7420786416,14326180.2032,4.83640304963,7.47218247402,0.802698873468,0.0342512067655,9144.36975063,-893.939153096,444.548154506,0.817625481211,0.0871994929067,0.798683213214,475.416101578,4354.46178601
459.5,0.875,882,-42.3245012275,58.9373762241,50.703191796,14315201.1504,4.71099932259,7.47218247402,0.793450997014,0.0339257407953,9027.42117709,-570.855360287,777.821235306,0.818143870571,0.0843983464399,0.78967864329,459.439103089,4298.77198909
460,0.875,882,-51.8548081079,81.7945825159,50.7035070926,14315290.1692,4.6064671376,7.47218247402,0.78857499383,0.033654443683,8973.68552651,-147.423174622,931.652831256,0.821536935772,0.082509825086,0.784968324991,449.164149502,4273.18358405
460.5,0.875,882,-49.8471755388,106.47753291,50.7128947148,14317940.6078,4.49915667153,7.47218247402,0.78290051694,0.0333759359722,8914.09010417,288.912767792,874.007385083,0.824389748729,0.0804922995679,0.779466588275,438.343484679,4244.80481151
461,0.875,882,-36.7483112384,127.494154493,50.722513143,14320656.2107,4.36868900332,7.47218247402,0.775438788474,0.0330373273261,8834.50100063,637.194464296,624.51923,0.827341480893,0.0779872295545,0.772214200655,424.862537185,4206.90523839
461.5,0.875,882,-15.4727743127,140.168149807,50.7255930191,14321525.7624,4.29300214451,7.47218247402,0.772850867628,0.0328408937948,8807.1140467,839.656497057,258.965409909,0.83096159666,0.0767955211483,0.769726857937,418.421099983,4193.86383176
462,0.875,882,9.24552789646,141.679495101,50.7367637234,14324679.6246,4.30055001863,7.47218247402,0.775416702064,0.0328604831343,8839.98439896,870.349553853,-155.706650463,0.833077427983,0.0772407557878,0.772259502264,421.032341816,4209.51638046
462.5,0.875,882,31.9066565292,131.691908917,50.7656125447,14332824.6084,4.37606677144,7.47218247402,0.78120098868,0.0330564751817,8914.79411147,717.962246155,-549.453728174,0.832865909828,0.0788909444596,0.777909978177,430.516534748,4245.14005308
463,0.875,882,47.4684035519,112.4276763,50.7976742872,14341876.7071,4.452313805,7.47218247402,0.785245637918,0.0332543625599,8971.09806106,393.680220854,-833.228166115,0.830755967298,0.0803134436676,0.781835222578,438.833046704,4271.95145765
463.5,0.875,882,52.4682068333,88.1731798955,50.8307343246,14351210.6577,4.53843175186,7.47218247402,0.790029199797,0.0334778683663,9036.12972247,-32.7684667323,-941.145045355,0.828637281655,0.0819641917169,0.786478719024,448.435872959,4302.91891546
464,0.875,882,45.7935865547,64.3251595827,50.8648293563,14360836.8216,4.63699339246,7.47218247402,0.795505665674,0.0337336698543,9109.37156848,-471.887547705,-841.65754913,0.82625845125,0.0838710674209,0.791790924835,459.484401885,4337.79598499
464.5,0.875,882,28.9296772183,46.189912394,50.8791184529,14364871.1099,4.74109770706,7.47218247402,0.801055415922,0.0340038564951,9176.3547501,-824.858688723,-544.689520598,0.823554351661,0.0858702773287,0.797165188092,470.701346309,4369.69273814
465,0.875,882,5.62877821358,37.8026163891,50.8378591573,14353222.2354,4.84514881826,7.47218247402,0.806419133073,0.0342739050548,9221.07570806,-1003.92393811,-108.259548659,0.820719637468,0.0878605985929,0.8023509419,480.830584149,4390.98843241
465.5,0.875,882,-18.9245504997,41.0294844995,50.7588849555,14330925.1858,4.85197653265,7.47218247402,0.804187974454,0.0342916253311,9167.09088963,-936.169061126,361.780522268,0.817908430747,0.0876016027129,0.800137596309,477.924855169,4365.28137601
466,0.875,882,-39.2670774427,55.1525233466,50.7055148456,14315857.0247,4.74270510715,7.47218247402,0.795510056217,0.0340080282534,9051.13078957,-645.500283815,727.36714586,0.81772473415,0.0850611593995,0.791680108812,463.089688125,4310.06228075
466.5,0.875,882,-50.8724943967,77.0292901558,50.7015050681,14314724.9309,4.62660453366,7.47218247402,0.789320242275,0.0337067071787,8981.15892993,-233.963654774,917.630172864,0.820676041667,0.0828437099257,0.785684101086,450.946127051,4276.74234758
467,0.875,882,-51.1585413362,101.7921011,50.710602502,14317293.4397,4.51558841547,7.47218247402,0.783664299027,0.0334185820211,8921.73207311,207.491709438,900.176576194,0.823838445815,0.0807846045424,0.7802053466,439.895544655,4248.44384434
467.5,0.875,882,-40.0615714678,123.931113915,50.7209816092,14320223.8077,4.39388847833,7.47218247402,0.776995296568,0.0331027286645,8851.30406096,580.287709284,685.130396703,0.826887987036,0.0784849787057,0.773729661866,427.548378409,4214.90669569
468,0.875,882,-20.0507129414,138.520293801,50.7251561608,14321402.4227,4.3025639213,7.47218247402,0.772953011295,0.032865709907,8808.01271528,813.31409226,336.097045537,0.830259702503,0.0769138727959,0.76981865964,419.0587219,4194.29176918
468.5,0.875,882,4.4215238116,142.313479402,50.7323304932,14323427.9759,4.29235817075,7.47218247402,0.774518535265,0.0328392224606,8828.35540859,878.404977366,-74.2425961343,0.832809492472,0.0770243683504,0.771378391376,419.779465732,4203.978766
469,0.875,882,27.9099506563,134.466669027,50.7587537803,14330888.1506,4.36449575397,7.47218247402,0.780499604066,0.0330264443962,8904.56519845,763.331491495,-479.112664117,0.833095479701,0.0786635007416,0.777227400204,429.159361493,4240.26914212
469.5,0.875,882,45.1882818036,116.725815004,50.7911863951,14340044.9589,4.44396117224,7.47218247402,0.784890383275,0.0332326845939,8964.87222213,468.167860384,-791.583014518,0.831078517634,0.0801697470445,0.781492249956,437.935999624,4268.98677244
470,0.875,882,52.4120070561,93.0383410531,50.8248337791,14349544.737,4.52484004379,7.47218247402,0.789178595793,0.0334425931909,9024.52940048,54.304328055,-936.760809736,0.828868804536,0.0816888116399,0.785651450167,446.825480626,4297.39495261
470.5,0.875,882,47.9738134641,68.6748218832,50.8564682538,14358476.2037,4.60697821603,7.47218247402,0.793506668013,0.033655770108,9084.0083534,-388.865376976,-874.804184779,0.826632895434,0.0832397572714,0.789845988691,455.875883951,4325.71826352
471,0.875,882,32.8612200409,49.0562554543,50.8796813933,14365030.0467,4.71172214809,7.47218247402,0.799551451742,0.033927616777,9159.8124508,-765.908378359,-614.713774513,0.824375746705,0.0853133675094,0.795710523046,467.658971387,4361.81545276
471.5,0.875,882,10.4368501227,38.5478653551,50.8502012856,14356706.8296,4.82912223205,7.47218247402,0.805950823596,0.03423231053,9220.44047581,-987.210018843,-200.251419643,0.821517286384,0.0876067145594,0.801906256805,479.673985179,4390.68594086
472,0.875,882,-14.3097681877,39.4878179603,50.7735808708,14335074.3325,4.85432082492,7.47218247402,0.80479473346,0.0342977095789,9179.24500052,-967.506431156,274.088193994,0.818339992228,0.0877200222559,0.800734721105,478.848067974,4371.06904787
472.5,0.875,882,-35.8723955644,51.6669693805,50.7116979189,14317602.7124,4.77066657134,7.47218247402,0.797622926035,0.0340805979073,9076.87649748,-715.505852355,669.576825769,0.817661683934,0.0856920081572,0.793738432375,466.637936521,4322.32214166
473,0.875,882,-49.4532456857,72.3754009649,50.7000606196,14314317.1149,4.65236417056,7.47218247402,0.7906001861,0.0337735623306,8994.80327006,-319.718488183,897.105058384,0.81991851487,0.0833197844462,0.786922563722,453.51171897,4283.23965241
473.5,0.875,882,-52.0305153267,97.0053889856,50.7087205348,14316762.0977,4.54520562335,7.47218247402,0.785312976214,0.0334954489016,8939.36932989,124.122444304,921.883817447,0.823134424351,0.0813522086999,0.781805751991,442.953433989,4256.84253804
474,0.875,882,-43.0307498329,120.076644906,50.7172638929,14319174.1724,4.40743450482,7.47218247402,0.777292656786,0.0331378852803,8853.21781545,515.543540117,737.589753506,0.82607197467,0.0786757548612,0.774010412935,428.524808637,4215.81800736
474.5,0.875,882,-24.4564394867,136.455705437,50.7234624735,14320924.2383,4.31178296922,7.47218247402,0.773329804466,0.0328896365195,8811.58895986,780.20967484,410.738584641,0.829882927218,0.0770674658375,0.770182653904,419.867520848,4195.99474279
475,0.875,882,-0.440455971684,142.498152335,50.7301918596,14322824.1684,4.29329515576,7.47218247402,0.774352630769,0.0328416542602,8825.7211059,881.279818887,7.39387848319,0.832551334556,0.0770111105617,0.771213238919,419.671826387,4202.72433614
475.5,0.875,882,23.673531075,136.859512657,50.7525258909,14329129.8099,4.34791783068,7.47218247402,0.779161652932,0.0329834189614,8887.40159384,800.39928569,-404.363517413,0.833069214637,0.0782907027925,0.775919682173,427.020705246,4232.09599707
476,0.875,882,42.5200457682,120.794410335,50.7871245426,14338898.1625,4.41614441117,7.47218247402,0.783127594978,0.0331604904946,8943.75577594,535.578494058,-739.511548761,0.831541109,0.0796087083546,0.779776186928,434.80171258,4258.93132187
476.5,0.875,882,51.9056496729,97.8774064283,50.8182688883,14347691.2495,4.50444293838,7.47218247402,0.788304423689,0.0333896556598,9012.51086764,140.146443728,-923.450158023,0.829640861582,0.0813346654654,0.784807878213,444.773432104,4291.67184173
477,0.875,882,49.7420016398,73.2076424268,50.8508635431,14356893.807,4.598657752,7.47218247402,0.793392232981,0.033634175631,9080.80711252,-305.736705654,-905.647443945,0.8271955274,0.0831296272214,0.789741703472,455.172396611,4324.1938631
477.5,0.875,882,36.5105235643,52.2742572099,50.8798325351,14365072.7191,4.69975284351,7.47218247402,0.798834004985,0.0338965522989,9151.85133374,-703.713490332,-681.045516167,0.824603768613,0.0850713491621,0.795014219577,466.33507937,4358.02444464
478,0.875,882,15.1552817428,39.73502775,50.8603806613,14359580.8067,4.81316074877,7.47218247402,0.805022700044,0.0341908849699,9213.7865865,-961.271422434,-289.830842158,0.821842798657,0.0872846673939,0.801006835825,478.102035774,4387.51742214
478.5,0.875,882,-9.57208176749,38.3799917606,50.7886487758,14339328.5044,4.85841627571,7.47218247402,0.805536822284,0.0343083386878,9193.05463782,-991.104984453,183.784123152,0.818770321047,0.0878789507942,0.801463613751,480.000400163,4377.64506563
479,0.875,882,-32.1696119244,48.5106511423,50.718090562,14319407.5687,4.78821000294,7.47218247402,0.798879449391,0.0341261291696,9093.15278729,-778.108952555,603.322629248,0.817551562841,0.0860784807273,0.794961296232,468.860667845,4330.07275585
479.5,0.875,882,-47.6092516553,67.8728863874,50.6986176753,14313909.7237,4.66911298866,7.47218247402,0.791447863256,0.0338170312965,9003.66811808,-402.878450318,866.843360751,0.81944404482,0.083632220032,0.787742955304,455.186403174,4287.46100861
480,0.875,882,-52.4556082773,92.1585088047,50.7068137551,14316223.7502,4.56537930273,7.47218247402,0.78645522052,0.033547806565,8951.37601608,38.4253955002,933.805546642,0.822677396381,0.0817426038646,0.782914692621,445.045619196,4262.56000766
480.5,0.875,882,-45.6303445775,115.963852829,50.7159302478,14318797.6399,4.44395384457,7.47218247402,0.779637537623,0.0332326655761,8878.87293552,449.193216631,789.437584302,0.825517168955,0.0794130449256,0.776294189356,432.517873584,4228.0347312
481,0.875,882,-28.6521139299,133.992117105,50.722776834,14320730.6595,4.32310223444,7.47218247402,0.773277198502,0.032919013921,8810.62834697,739.922750469,481.912495718,0.82886900771,0.0771830729568,0.770119510498,420.485986563,4195.53730808
481.5,0.875,882,-5.29865275529,142.231927774,50.7281429742,14322245.6997,4.29301144353,7.47218247402,0.774035581946,0.032840917929,8821.41986086,876.194242759,88.8852706847,0.832234598469,0.076963179579,0.770899654299,419.376749099,4200.67612422
482,0.875,882,19.2337836559,138.849888089,50.7483651336,14327955.0894,4.33207991143,7.47218247402,0.777914359718,0.0329423140925,8871.98584289,830.519001799,-327.002239467,0.833077167321,0.0779396548041,0.774700817943,425.036286824,4224.75516328
482.5,0.875,882,39.4866124607,124.598517835,50.7786309123,14336500.1276,4.412826639,7.47218247402,0.783281793683,0.0331518797302,8942.55290788,601.428941876,-686.399101364,0.831983567917,0.0795942040184,0.779932162519,434.577100054,4258.35852756
483,0.875,882,50.9534836992,102.648814131,50.8117936045,14345863.061,4.48675398151,7.47218247402,0.786996268718,0.0333437467092,8995.5653934,223.908476277,-901.975219026,0.829733051016,0.0809483988162,0.783531932438,442.54835663,4283.60256828
483.5,0.875,882,51.0829644214,77.8846896067,50.8437625014,14354888.9462,4.57283844957,7.47218247402,0.791828631937,0.0335671656265,9060.80748612,-219.145673315,-924.005268514,0.827684140584,0.0826113239402,0.788222497852,452.208127984,4314.67023149
484,0.875,882,39.8462445557,55.8162788039,50.8774407533,14364397.4394,4.68002602729,7.47218247402,0.797972080951,0.0338453543997,9141.42851289,-634.953961778,-740.133898749,0.825312240685,0.0847205906355,0.794183462126,464.368666986,4353.06119662
484.5,0.875,882,19.7435472858,41.3539072425,50.8699441166,14362280.8889,4.79843131942,7.47218247402,0.804396896828,0.034152657015,9210.32424,-927.867131527,-376.584994762,0.82237991749,0.0870225681422,0.800404800237,476.845661661,4385.86868572
485,0.875,882,-4.75218240307,37.7155208268,50.8049042009,14343917.9527,4.85993773619,7.47218247402,0.806046491824,0.0343122874031,9204.70285684,-1005.5851701,91.3985225774,0.819167893872,0.0879734026203,0.801965685351,480.823939535,4383.19183659
485.5,0.875,882,-28.190529087,45.7106777,50.7283630754,14322307.8416,4.81390742031,7.47218247402,0.800837274267,0.0341928228403,9118.65744432,-836.605699745,532.506619841,0.817510661552,0.0866635902448,0.796868189298,472.238937231,4342.21783063
486,0.875,882,-45.3563500491,63.5604177373,50.6996876877,14314211.8238,4.6994167811,7.47218247402,0.793137180194,0.033895680101,9022.77002946,-484.811979557,831.681137557,0.818750178865,0.0842218496408,0.789380886378,458.414938954,4296.55715689
486.5,0.875,882,-52.4301691387,87.2930895673,50.7051716501,14315760.1292,4.58515879984,7.47218247402,0.787211992359,0.0335991411894,8959.11766617,-48.3795501998,937.063882568,0.821851942281,0.0820729446524,0.783642555607,446.815210576,4266.2465077
487,0.875,882,-47.8380282348,111.628061739,50.7131716903,14318018.8072,4.46052528894,7.47218247402,0.780424635671,0.0332756741959,8886.62224019,375.532714187,830.622031726,0.824974005946,0.0797086069844,0.777056253066,434.080407563,4231.72487628
487.5,0.875,882,-32.6017003538,131.150688136,50.7223539122,14320611.2546,4.33174253214,7.47218247402,0.773529475137,0.0329414384768,8813.24147907,693.283793381,549.255225513,0.828409808748,0.0773128593638,0.770360765519,421.186026765,4196.7816567
488,0.875,882,-10.1113403327,141.517092277,50.7267167637,14321843.0329,4.29213505624,7.47218247402,0.773741537578,0.0328386434014,8817.60287939,863.580217999,169.49624101,0.831992998664,0.0769120566287,0.770609420537,419.074611857,4198.858514
488.5,0.875,882,14.6288406168,140.420700334,50.742211245,14326217.6415,4.31111751092,7.47218247402,0.776276541605,0.0328879094254,8851.5092394,851.939979608,-247.178125137,0.833101734188,0.0774779171867,0.773100288437,422.415780601,4215.00439972
489,0.875,882,36.1140355116,128.105464688,50.7729489118,14334895.9094,4.40013505863,7.47218247402,0.78282900745,0.0331189406971,8935.56266513,660.536263584,-626.015986822,0.832569963446,0.0793891618244,0.77949694042,433.360588172,4255.02984054
489.5,0.875,882,49.5636871228,107.31158337,50.8054470755,14344071.2243,4.47537234448,7.47218247402,0.786432501798,0.0333142074313,8987.05088064,305.584993595,-874.900850369,0.8300859113,0.0807404688058,0.782985883014,441.301334282,4279.5480384
490,0.875,882,51.9851845129,82.6657930789,50.8380264384,14353269.4644,4.56173110987,7.47218247402,0.791255126913,0.0335383382449,9052.37826441,-132.299540914,-937.745024015,0.827998864857,0.0824032618086,0.787666933699,450.967440436,4310.65631639
490.5,0.875,882,42.8397330881,59.6518984294,50.8701126768,14362328.4791,4.64622053266,7.47218247402,0.795612969135,0.033757617469,9112.37040141,-558.690989223,-788.654697275,0.825617438419,0.0839907247026,0.791887069952,460.235533945,4339.22400067
491,0.875,882,24.1622389378,43.3905995585,50.8757652129,14363924.3785,4.77400126648,7.47218247402,0.803386302972,0.0340892525926,9201.24870102,-884.83000352,-458.694464246,0.823302209949,0.0865926448977,0.799433138414,474.598468945,4381.54700048
491.5,0.875,882,0.108532628853,37.5001121842,50.8214144167,14348579.337,4.85963809027,7.47218247402,0.806672936802,0.0343115097184,9217.80239205,-1011.43311543,-2.09092818088,0.819828278251,0.0880647055867,0.802585269176,481.635846053,4389.4297105
492,0.875,882,-23.969322702,43.291097538,50.7400628502,14325611.078,4.83369331467,7.47218247402,0.802383393134,0.0342441740677,9140.10782741,-887.377606017,455.370155924,0.817518716534,0.0871211079763,0.798374401882,474.95100465,4352.43229877
492.5,0.875,882,-42.7138906469,59.4750340573,50.7030515957,14315161.5672,4.70976860874,7.47218247402,0.793426011332,0.0339225466679,9027.10409212,-560.854984329,784.809998294,0.818216849434,0.0843808291541,0.789655273079,459.341204002,4298.62099625
493,0.875,882,-51.9544164032,82.4509195125,50.7036909426,14315342.0761,4.60563362253,7.47218247402,0.788541988067,0.0336522804237,8973.38746136,-135.608815712,933.289410692,0.821570394115,0.0824956991947,0.784936559561,449.09050823,4273.04164827
493.5,0.875,882,-49.6348393941,107.106510992,50.7129590915,14317958.7835,4.49428136229,7.47218247402,0.782539983929,0.0333632828613,8910.09046517,299.546687286,869.139926982,0.824412585693,0.0803862492529,0.779114873445,437.767069256,4242.90022151
494,0.875,882,-36.2712764479,127.955823069,50.722700918,14320709.2259,4.36470202185,7.47218247402,0.775251260053,0.0330269797326,8832.48810267,644.464029614,615.861575084,0.827476138053,0.0779169809209,0.772032539267,424.482976198,4205.94671556
494.5,0.875,882,-14.8371833678,140.359785441,50.725547467,14321512.9015,4.29235877052,7.47218247402,0.772903414597,0.0328392240172,8807.70058495,842.867199145,248.328603445,0.831072765408,0.0767959621498,0.769779502927,418.422751287,4194.14313569
495,0.875,882,9.89825301183,141.558457961,50.7373732655,14324851.7186,4.30229194014,7.47218247402,0.775571492395,0.032865004022,8841.93130765,868.79201693,-166.791706702,0.833095462888,0.0772816760922,0.77241102455,421.265516507,4210.44347983
495.5,0.875,882,32.4312813974,131.285130337,50.7668862621,14333184.2213,4.37776917506,7.47218247402,0.781290045049,0.0330608935069,8916.23198898,711.276514183,-558.738911437,0.832817111261,0.07892241102,0.777996407583,430.709863565,4245.82475666
496,0.875,882,47.7481966647,111.825666434,50.7988508568,14342208.8919,4.45322609336,7.47218247402,0.785272872386,0.0332567302632,8971.81213125,383.197638832,-838.324743764,0.830708534356,0.0803274766412,0.781861234945,438.930055124,4272.29149107
496.5,0.875,882,52.440912903,87.5098887777,50.8317352255,14351493.2453,4.54321818142,7.47218247402,0.79038226285,0.0334902908036,9040.44098693,-44.7251190838,-941.896110283,0.828612002889,0.0820690637647,0.786822972325,449.027323392,4304.97189854
497,0.875,882,45.4652786096,63.7481726169,50.8657753484,14361103.9067,4.6399018188,7.47218247402,0.795607288469,0.0337412182249,9110.83063047,-482.784620387,-836.129879799,0.82612667692,0.0839187756084,0.791888291599,459.762870353,4338.49077641
497.5,0.875,882,28.3734053251,45.8276119022,50.879712317,14365038.7775,4.74803889935,7.47218247402,0.801521658418,0.0340218712858,9181.78710862,-833.136518406,-535.151508574,0.823474857038,0.0860186430788,0.797618486297,471.525626236,4372.27957553
498,0.875,882,4.96831549292,37.7356159401,50.8355354883,14352566.1862,4.84476078247,7.47218247402,0.806203913342,0.034272897968,9217.79301497,-1004.69823183,-95.5078277621,0.820531416611,0.0878236708403,0.802138631573,480.584555762,4389.42524522
498.5,0.875,882,-19.5422479764,41.2726920092,50.7564886444,14330248.6273,4.85010070329,7.47218247402,0.804052336806,0.0342867569062,9164.71377483,-930.986508226,373.375217237,0.81791887353,0.0875597309754,0.800005647188,477.651314332,4364.14941658
499,0.875,882,-39.7045690727,55.6518239967,50.7045582482,14315586.9454,4.73795540144,7.47218247402,0.795189768878,0.0339957011271,9047.22813981,-635.470500169,734.568332397,0.81777519303,0.0849599597211,0.79136861289,462.521285052,4308.2038761
499.5,0.875,882,-51.0324362282,77.673587196,50.7017039683,14314781.0871,4.62120695423,7.47218247402,0.789022841761,0.0336926985965,8977.93238136,-222.064791481,919.367823392,0.820804878078,0.0827398020738,0.78539567602,450.384055388,4275.20589589
500,0.875,882,-51.0053455572,102.438035399,50.7109950687,14317404.2744,4.51404279343,7.47218247402,0.783683673133,0.0334145705983,8922.10765868,218.822198819,897.336396651,0.823986134866,0.0807703405249,0.780226111557,439.824682515,4248.62269461
500.5,0.875,882,-39.6293248618,124.434962044,50.7211795009,14320279.6791,4.39049584541,7.47218247402,0.77676856558,0.0330939236107,8848.84478812,588.387222009,677.142850789,0.826930620795,0.0784154293977,0.773508650686,427.172840536,4213.73561339
501,0.875,882,-19.4355924176,138.769947174,50.7255214768,14321505.5636,4.30186843453,7.47218247402,0.772985997604,0.0328639048787,8808.52096341,817.479956076,325.778643538,0.830354124695,0.0769109855565,0.769851991642,419.04902683,4194.5337921
501.5,0.875,882,5.08265103464,142.253388966,50.7337096705,14323817.3636,4.29663243257,7.47218247402,0.774875174026,0.0328503156458,8832.82844546,878.548987694,-85.4558529048,0.832828974879,0.0771213940541,0.771727263442,420.331104391,4206.10878355
502,0.875,882,28.4699806523,134.110205187,50.7599009234,14331212.0274,4.36758737011,7.47218247402,0.780632265873,0.0330344682076,8906.43655663,757.756053189,-489.077302675,0.832975680186,0.0787164309205,0.777355603386,429.467540432,4241.16026506
502.5,0.875,882,45.5226052563,116.152292647,50.7923847043,14340383.2815,4.44727764693,7.47218247402,0.785071051276,0.0332412919908,8967.30721492,458.501437752,-798.101345923,0.830992310226,0.0802324986036,0.78166763091,438.29946761,4270.14629282
503,0.875,882,52.4462354199,92.3753716084,50.8257445668,14349801.8827,4.52538377698,7.47218247402,0.789133907736,0.0334440043663,9024.33841996,42.4563552959,-937.401119492,0.828776859776,0.0816883715279,0.785606667311,446.83908768,4297.3040095
503.5,0.875,882,47.7003307667,68.0699191805,50.8577569499,14358840.0455,4.61171562656,7.47218247402,0.793864684865,0.0336680653241,9088.48338321,-400.424135084,-870.966406722,0.826617908686,0.0833455083263,0.790195040949,456.47817988,4327.8492301
504,0.875,882,32.3408774726,48.6440131988,50.8799889505,14365116.8804,4.71723414502,7.47218247402,0.799857642877,0.0339419223122,9163.33870491,-774.608192955,-605.752893241,0.824245981057,0.0854213186071,0.796007224394,468.2563837,4363.49462139
504.5,0.875,882,9.78542635999,38.4200093936,50.8483885965,14356195.0471,4.82988400005,7.47218247402,0.805863359708,0.034234287581,9218.77903035,-989.542092829,-187.729605331,0.821367482491,0.0876022406945,0.80181892494,479.615293254,4389.89477636
505,0.875,882,-14.9473282844,39.6727968474,50.7716875808,14334539.7937,4.8547303738,7.47218247402,0.804806419582,0.0342987724997,9178.68751513,-963.962225051,286.299633776,0.818319467602,0.0877264613112,0.800745806597,478.847504266,4370.80357864
505.5,0.875,882,-36.3542318655,52.1236244412,50.7104765732,14317257.8858,4.76721748933,7.47218247402,0.797343994607,0.0340716463486,9073.32925034,-706.282622122,677.899134445,0.817650670184,0.0856113434418,0.793466458456,466.176219149,4320.63297635
506,0.875,882,-49.6721473411,73.0021242937,50.7004645708,14314431.1638,4.65086073696,7.47218247402,0.790572964772,0.0337696604013,8994.65726032,-308.277340125,900.865362539,0.820011870628,0.0832989766423,0.786897250652,453.405686467,4283.17012396
506.5,0.875,882,-51.9377756852,97.662731685,50.7089823782,14316836.0248,4.54027367261,7.47218247402,0.784966061226,0.0334826487866,8935.59593846,135.595196447,919.060354271,0.823175476724,0.0812470282766,0.781467673959,442.385307296,4255.04568498
507,0.875,882,-42.6470039023,120.618345124,50.7179999223,14319381.9781,4.40140377722,7.47218247402,0.776946567468,0.0331222334599,8849.62593434,524.07304874,729.9592863,0.82620773616,0.0785601789899,0.77367392959,427.907718894,4214.10758778
507.5,0.875,882,-23.867072547,136.761232319,50.7239210728,14321053.7162,4.31130318042,7.47218247402,0.773448200008,0.0328883913019,8813.0945579,785.472967779,400.907747204,0.830050622865,0.0770790314744,0.770300322787,419.938124391,4196.71169424
508,0.875,882,0.223395052374,142.499524709,50.7298750284,14322734.7163,4.29010649094,7.47218247402,0.77411266205,0.032833378574,8822.92793975,880.506180957,-3.74671438459,0.832564765711,0.0769424555108,0.770978795321,419.292453523,4201.39425702
508.5,0.875,882,24.2641561986,136.556425163,50.7533542048,14329363.6705,4.35096501814,7.47218247402,0.77948669035,0.032991327465,8891.34203687,796.058171202,-414.887520714,0.833158604792,0.0783704372743,0.77623836718,427.469553565,4233.97239851
509,0.875,882,42.9060281149,120.25430137,50.7865362239,14338732.0605,4.41834148686,7.47218247402,0.783221198234,0.0331661926646,8944.58538512,526.421866027,-746.560666124,0.831456038591,0.0796464079052,0.779866585646,434.997539346,4259.32637387
509.5,0.875,882,52.0011063495,97.2204527858,50.8192143688,14347958.1901,4.50889040781,7.47218247402,0.788597291675,0.0334011983786,9016.1206527,128.608729747,-926.229480543,0.829579824667,0.0814266770944,0.785093003884,445.293160841,4293.390787
510,0.875,882,49.5256930854,72.5800193912,50.8516247593,14357108.7237,4.59997980979,7.47218247402,0.793378481488,0.0336376068275,9080.90630275,-317.222147035,-901.875096575,0.827072776909,0.0831424380313,0.789726685936,455.256171287,4324.24109655
510.5,0.875,882,36.0305794527,51.8156138677,50.8802650996,14365194.8465,4.70267996191,7.47218247402,0.799028424263,0.0339041491819,9154.1831799,-712.799765614,-672.593989068,0.824567528284,0.0851333246519,0.795203264044,466.682745104,4359.13484757
511,0.875,882,14.5184919033,39.5474144086,50.8591076216,14359221.3852,4.81363900789,7.47218247402,0.804982072824,0.0341921262174,9212.85713092,-964.803845685,-277.636847699,0.821763167006,0.0872840151958,0.800966128969,478.074529965,4387.07482425
511.5,0.875,882,-10.2240285914,38.5051532737,50.7863785713,14338687.55,4.85830684655,7.47218247402,0.805515608864,0.0343080546813,9191.9937407,-988.563352043,196.274008337,0.818757419417,0.0878744935046,0.801442769092,479.933146174,4377.13987653
512,0.875,882,-32.6916544886,48.9207384828,50.7174162994,14319217.2019,4.78496777592,7.47218247402,0.798630250473,0.034117714471,9090.13411998,-769.73497619,612.569675304,0.817554504797,0.0860044535361,0.794718522109,468.444993751,4328.63529523
512.5,0.875,882,-47.8852330262,68.4766531871,50.6987951141,14313959.8206,4.66408387943,7.47218247402,0.791140565141,0.0338039790216,9000.31920073,-391.411741754,870.814498601,0.81953168507,0.0835305535185,0.787444442128,454.63624356,4285.86628606
513,0.875,882,-52.4241212979,92.8216141022,50.7071748721,14316325.7055,4.56461431504,7.47218247402,0.786526492983,0.0335458211578,8952.31882584,50.23177851,933.280297802,0.822814566616,0.0817445294328,0.782986001273,445.06244201,4263.00896468
513.5,0.875,882,-45.2983952493,116.538752568,50.7161609384,14318862.7716,4.44047741832,7.47218247402,0.779384471053,0.0332236430497,8876.12962734,458.712196866,782.965451991,0.825538192168,0.0793384350138,0.776047277493,432.11544674,4226.72839397
514,0.875,882,-28.0935625445,134.350893379,50.723269573,14320869.7761,4.32303784896,7.47218247402,0.773362060266,0.0329188468184,8811.7613045,746.081320494,472.596618545,0.828965410832,0.0771944192102,0.770203575931,420.555970604,4196.07681167
514.5,0.875,882,-4.63777963111,142.294751172,50.7282650227,14322280.1581,4.29184133071,7.47218247402,0.773944650342,0.0328378810822,8820.44529765,876.960577677,77.7735779084,0.832236399378,0.0769375834633,0.770810778647,419.239291722,4200.2120465
515,0.875,882,19.8499311308,138.602780107,50.7490339062,14328143.9062,4.33372092392,7.47218247402,0.778075000146,0.0329465730865,8874.02208977,826.772216137,-337.663226571,0.833109968239,0.0779804600811,0.774858200173,425.270022785,4225.72480465
515.5,0.875,882,39.9209385662,124.096461165,50.7797178694,14336807.0118,4.41471226064,7.47218247402,0.783387791502,0.0331567735695,8944.11658834,592.995400919,-694.29296065,0.831937700039,0.0796302430299,0.780035145299,434.792483335,4259.10313731
516,0.875,882,51.1093488277,102.003518751,50.8125572085,14346078.6519,4.48686748367,7.47218247402,0.786955525252,0.0333440412865,8995.37156369,212.479711017,-904.70968509,0.829680653374,0.0809437606149,0.783491500548,442.536300032,4283.51026842
516.5,0.875,882,50.9256878465,77.2397367832,50.8448674749,14355200.9171,4.5769864975,7.47218247402,0.792152123796,0.0335779312431,9064.82940016,-231.083777524,-922.245891064,0.82768100335,0.0827050779986,0.788538099761,452.741008548,4316.58542865
517,0.875,882,39.4108210573,55.3151735828,50.8778973692,14364526.3572,4.68282064948,7.47218247402,0.798081247485,0.0338526074092,9142.80010453,-644.636462089,-732.471656304,0.825198328503,0.084768328765,0.794288365176,464.638668171,4353.71433549
517.5,0.875,882,19.1268606467,41.1081478996,50.8691262864,14362049.9882,4.80074356058,7.47218247402,0.804503236363,0.0341586580792,9211.20778684,-932.978433086,-364.988187384,0.82230377777,0.0870649085534,0.800507322227,477.062328898,4386.2894223
518,0.875,882,-5.4129164964,37.7797899755,50.8026799732,14343289.9791,4.86087464258,7.47218247402,0.80605803126,0.0343147189986,9204.01553522,-1004.40333031,104.11201627,0.819105453215,0.0879858579972,0.801976021145,480.849909375,4382.86454058
518.5,0.875,882,-28.7482941814,46.0706751514,50.7272184823,14321984.6848,4.81190290454,7.47218247402,0.800656771398,0.0341876204298,9116.22976106,-829.29046409,542.705500384,0.817485477128,0.0866137084652,0.796691988464,471.945828298,4341.06179098
519,0.875,882,-45.6870407796,64.13604236,50.6998583879,14314260.0182,4.69735061919,7.47218247402,0.793028681217,0.0338903176974,9021.62996252,-474.039065589,837.359943987,0.818804255173,0.0841825835728,0.789275829789,458.204301317,4296.01426787
519.5,0.875,882,-52.4602052576,87.9562621671,50.7055894407,14315878.0854,4.58087844798,7.47218247402,0.786931287114,0.0335880321984,8956.14210578,-36.4880730071,936.603398238,0.821908163704,0.0819842941728,0.783369377787,446.339941694,4264.82957418
520,0.875,882,-47.560726564,112.231223284,50.7135966775,14318138.7953,4.45901467895,7.47218247402,0.780417238675,0.0332717536414,8886.70503526,385.926411529,825.637901162,0.825091480948,0.0796909319096,0.777050469006,433.991425705,4231.7643025
520.5,0.875,882,-32.0787618232,131.559632336,50.7224888914,14320649.3637,4.33121225317,7.47218247402,0.773526762789,0.0329400622198,8813.26361842,700.121460081,540.404914649,0.828451645131,0.0773067064715,0.770358600643,421.154748449,4196.79219925
521,0.875,882,-9.45912123258,141.640827119,50.7268414704,14321878.2418,4.29158834944,7.47218247402,0.773712066769,0.0328372245085,8817.31850586,865.544784299,158.543026975,0.832007821989,0.0769019408204,0.770580779072,419.021553581,4198.72309803
521.5,0.875,882,15.2652184595,140.231694232,50.7428464659,14326396.9855,4.31310874361,7.47218247402,0.77644858174,0.0328930773618,8853.65831327,849.273169979,-258.090846224,0.83311706024,0.0775240612471,0.773268630265,422.677944159,4216.02776822
522,0.875,882,36.5929750246,127.64577239,50.7734933165,14335049.613,4.40218231332,7.47218247402,0.782938678063,0.0331242540299,8936.974721,652.896681045,-634.637847127,0.832514223379,0.0794274736112,0.779603403179,433.579018036,4255.7022481
522.5,0.875,882,49.7786220049,106.683488583,50.806639521,14344407.8914,4.47909598508,7.47218247402,0.786672474554,0.0333238715644,8990.15409758,294.789002319,-879.563662281,0.830028970088,0.0808165035953,0.783219480978,441.737651052,4281.02576075
523,0.875,882,51.8882907387,82.009049855,50.8387758912,14353481.06,4.56187084762,7.47218247402,0.791167704361,0.0335387009126,9051.64949673,-144.130976649,-935.897469652,0.827895870129,0.0823920536802,0.787580300905,450.919396423,4310.30928416
523.5,0.875,882,42.4525699795,59.1126352349,50.8724844718,14362998.1159,4.6472492601,7.47218247402,0.79569003655,0.0337602873719,9114.08452064,-568.826914647,-781.813682842,0.825613597272,0.0840136734224,0.791962179618,460.404212995,4340.04024792
524,0.875,882,23.5709521131,43.0888049984,50.8749825392,14363703.4036,4.77700538695,7.47218247402,0.803594077942,0.0340970493224,9203.29115046,-891.203710206,-447.793324718,0.823274109575,0.086657974333,0.799635195799,474.941914278,4382.51959546
524.5,0.875,882,-0.555313803787,37.5029369719,50.8188986582,14347869.0545,4.85709187294,7.47218247402,0.80639447719,0.0343049014053,9213.76219925,-1010.4606099,10.68864985,0.819747006363,0.0879934758282,0.802312923562,481.19863837,4387.50580917
525,0.875,882,-24.5580197794,43.5979131448,50.7385041193,14325170.9964,4.83266543396,7.47218247402,0.802370661832,0.0342415063624,9139.41547757,-881.356895501,466.452729594,0.817587170486,0.0871075031728,0.798362976733,474.847660544,4352.10260837
525.5,0.875,882,-43.096450492,60.0175725633,50.7032735099,14315224.221,4.7105138838,7.47218247402,0.793510851227,0.033924480914,9028.13294815,-551.028296978,792.042731381,0.818244536339,0.0844017986438,0.789738360349,459.459376781,4299.11092769
526,0.875,882,-52.0457176454,83.1084635405,50.7037352992,14315354.5995,4.60395127795,7.47218247402,0.788391104477,0.0336479141586,8971.71730669,-123.735816124,934.46786307,0.821550132604,0.0824548202922,0.784789091639,448.86875681,4272.24633652
526.5,0.875,882,-49.4145670765,107.732753893,50.7130441964,14317982.8114,4.48925267645,7.47218247402,0.782189473093,0.0333502316853,8906.2131501,310.103330939,864.142249954,0.824458683514,0.0802800199892,0.778773219982,437.190033769,4241.053881
527,0.875,882,-35.7884422002,128.411422844,50.7229464467,14320778.5468,4.3603620622,7.47218247402,0.775039863351,0.0330157160388,8830.22892745,651.557612366,607.065040134,0.827615081948,0.0778395060665,0.771827596413,424.065007313,4204.87091783
527.5,0.875,882,-14.1992200882,140.54336899,50.7255530414,14321514.4754,4.29144376088,7.47218247402,0.772943663194,0.0328368492512,8808.16860105,845.893179276,237.637966436,0.831193812624,0.0767917110975,0.769820237619,418.39968139,4194.3660005
528,0.875,882,10.5493954839,141.429177078,50.7380255618,14325035.8836,4.30401724753,7.47218247402,0.775732063664,0.0328694817904,8843.95888333,867.101968377,-177.864047394,0.833121113649,0.0773232430584,0.772568284045,421.502937457,4211.40899206
528.5,0.875,882,32.9507207898,130.871750628,50.7679548946,14333485.9319,4.37868301475,7.47218247402,0.781317078499,0.0330632652364,8916.90346916,704.30853333,-567.812082302,0.832768784131,0.0789363357143,0.77802224362,430.803992061,4246.14450912
529,0.875,882,48.0203552619,111.220166835,50.79993095,14342513.8382,4.45360078565,7.47218247402,0.785278404616,0.0332577027191,8972.25205752,372.605556164,-843.190881508,0.830683075057,0.0803324252042,0.781866324257,438.975761897,4272.50097977
529.5,0.875,882,52.4052341332,86.8469958068,50.8326949477,14351764.2069,4.54755462484,7.47218247402,0.790714061371,0.0335015453715,9044.50151346,-56.7003403495,-942.401097281,0.828601620959,0.0821658660854,0.78714665142,449.573937064,4306.9054826
530,0.875,882,45.1297011674,63.1753830868,50.866649463,14361350.6984,4.64258069022,7.47218247402,0.795702779526,0.0337481708211,9112.19707927,-493.595487297,-830.424416175,0.826007331207,0.0839630058282,0.79197983941,460.021003183,4339.14146632
530.5,0.875,882,27.8125967746,45.4723741857,50.879371364,14364942.5151,4.75221671019,7.47218247402,0.801777540572,0.0340327141474,9184.52297594,-840.661707194,-525.089417153,0.82340165195,0.0861043003302,0.797866843316,471.988845027,4373.58236949
531,0.875,882,4.30705838243,37.6769721051,50.8342984273,14352216.9226,4.85157310784,7.47218247402,0.806624143944,0.0342905783044,9222.02846622,-1007.39574308,-82.9254814609,0.820418176312,0.0879650521175,0.802546262193,481.334788722,4391.44212677
531.5,0.875,882,-20.15682082,41.5236905857,50.754193749,14329600.7018,4.84741338368,7.47218247402,0.803663178581,0.034279782384,9159.51341449,-925.161671101,384.689310289,0.817735585471,0.0874703383214,0.799624004143,477.12051633,4361.67305452
532,0.875,882,-40.1357122923,56.1566166172,50.7047172599,14315631.8397,4.73610185104,7.47218247402,0.795115912375,0.0339908905238,9046.47317819,-625.90056823,742.271091691,0.817847493095,0.084928104474,0.791297612673,462.350765252,4307.84437057
532.5,0.875,882,-51.1842184233,78.319855121,50.7017453696,14314792.776,4.61533382401,7.47218247402,0.788612722562,0.0336774557957,8973.38114331,-210.102660881,920.702662275,0.82085516835,0.082614084183,0.784996248596,449.70045975,4273.03863967
533,0.875,882,-50.8439944733,103.081980966,50.711354614,14317505.786,4.51221430639,7.47218247402,0.783693272255,0.0334098250431,8922.36437393,230.100788909,894.302114487,0.824146903263,0.0807515302603,0.780237497015,439.728488955,4248.74493997
533.5,0.875,882,-39.1907418763,124.933304327,50.7214009977,14320342.215,4.38659790435,7.47218247402,0.776509400351,0.0330838071078,8846.03217398,596.300999318,668.974177946,0.826981063231,0.0783357449453,0.773256036633,426.742481717,4212.39627332
534,0.875,882,-18.817364314,139.011802663,50.72589607,14321611.3238,4.30095304952,7.47218247402,0.773014722666,0.0328615291386,8808.98663277,821.483241187,315.396467532,0.830462639048,0.0769051044381,0.769881319728,419.023172253,4194.75553941
534.5,0.875,882,5.7429655866,142.184943674,50.7342595587,14323972.6154,4.29846252673,7.47218247402,0.775043980629,0.032855065372,8834.91208926,877.915975854,-96.6148640255,0.832854618691,0.0771652326478,0.771892579379,420.579152742,4207.10099489
535,0.875,882,29.0254585495,133.746688515,50.7609489521,14331507.9208,4.36994202815,7.47218247402,0.780770714988,0.0330405793582,8908.34733902,751.97830988,-498.929541975,0.832924397302,0.078762094168,0.777490271187,429.734418429,4242.07016144
535.5,0.875,882,45.8496500459,115.574588768,50.793384282,14340665.4956,4.44982182644,7.47218247402,0.785210071747,0.0332478950151,8969.2084565,448.660243729,-804.349792323,0.830926665263,0.0802807124934,0.781802587932,438.580115397,4271.05164595
536,0.875,882,52.4720780933,91.7120223627,50.8265920822,14350041.1646,4.52543906416,7.47218247402,0.789071119069,0.0334441478556,9023.92510375,30.5977706617,-937.796518689,0.828706340926,0.0816798551809,0.785544488385,446.807403464,4297.10719226
536.5,0.875,882,47.4192212071,67.4685229043,50.8589507034,14359177.0819,4.61602612417,7.47218247402,0.794202064624,0.0336792525536,9092.69523069,-411.908090534,-866.892160645,0.826616384856,0.0834434893555,0.79052412714,457.036270619,4329.85487176
537,0.875,882,31.8153638833,48.2383834009,50.8797125868,14365038.8537,4.7207216928,7.47218247402,0.800016429917,0.0339509737029,9165.00231849,-782.77534104,-596.343828188,0.824127948908,0.0854844506387,0.796160389276,468.597365706,4364.28681833
537.5,0.875,882,9.13243799388,38.3004006177,50.8468620602,14355764.055,4.83227196187,7.47218247402,0.805956897786,0.0342404851664,9219.25736172,-992.245797207,-175.274534541,0.82127273061,0.0876436321662,0.80190867663,479.813097714,4390.1225532
538,0.875,882,-15.5824984351,39.8658226105,50.7699432632,14334047.3147,4.85451240849,7.47218247402,0.804726189059,0.0342982068045,9177.1506523,-960.039113851,298.395401464,0.818255135439,0.087711849277,0.800666745809,478.734849079,4370.07173919
538.5,0.875,882,-36.8302554456,52.5863356003,50.7096075656,14317012.536,4.76383602131,7.47218247402,0.797086778526,0.0340628702716,9070.15293362,-697.006141305,686.137395075,0.817656531751,0.085534722118,0.793215874113,465.743032986,4319.12044458
539,0.875,882,-49.8831068581,73.6315654328,50.7008545226,14314541.2602,4.64959393422,7.47218247402,0.790562430017,0.0337663726108,8994.69202419,-296.810261764,904.534758251,0.820103419821,0.0832832753689,0.786888187557,453.32719593,4283.18667819
539.5,0.875,882,-51.8367316514,98.3188491812,50.7091920344,14316895.2177,4.53472221013,7.47218247402,0.784564454278,0.0334682408247,8931.19258847,146.989370273,915.925794125,0.823210071285,0.0811270878153,0.781076117727,441.735891204,4252.94885165
540,0.875,882,-42.2564390919,121.155149739,50.718356697,14319482.7075,4.39736828716,7.47218247402,0.77677319939,0.0331117599699,8847.83390941,532.800568898,722.64954514,0.826360609939,0.0784912199561,0.773506380277,427.538122396,4213.25424258
540.5,0.875,882,-23.273889473,137.059282493,50.7243068991,14321162.6478,4.31039117805,7.47218247402,0.773480801443,0.0328860243408,8813.60806508,790.437169894,390.922818043,0.830162878193,0.0770737340185,0.770333486435,419.915651075,4196.95622147
541,0.875,882,0.887210357533,142.492502872,50.7311786647,14323102.7763,4.29495112072,7.47218247402,0.774519984266,0.032845952061,8827.94194429,881.696540235,-14.9021338267,0.832590297479,0.0770528204607,0.771377291248,419.9154603,4203.78187823
541.5,0.875,882,24.8509016977,136.245893708,50.7542870987,14329627.0575,4.35379056764,7.47218247402,0.779583468486,0.0329986607415,8892.73385438,791.229685192,-425.178746709,0.833022799819,0.0784152482465,0.776331336988,427.729697579,4234.63516875
542,0.875,882,43.2851501662,119.70935501,50.7867635036,14338796.2292,4.42287386493,7.47218247402,0.783505244316,0.0331779557506,8947.83659677,517.534210149,-754.023303269,0.831377172503,0.0797372685382,0.780143071894,435.497682447,4260.87456989
542.5,0.875,882,52.0882485078,96.5623446565,50.8200949379,14348206.8041,4.51280126283,7.47218247402,0.788786110481,0.0334113483977,9018.5316933,116.992615092,-928.622424977,0.829453941562,0.081497644824,0.785275735126,445.696702989,4294.53890157
543,0.875,882,49.3014658095,71.9551816568,50.8522907629,14357296.7587,4.60082403472,7.47218247402,0.793341362271,0.0336397978827,9080.71156234,-328.625098981,-897.858807632,0.826964870137,0.083146459711,0.789689064968,455.290118098,4324.14836302
543.5,0.875,882,35.5448743693,51.363075872,50.8804126765,14365236.5123,4.70415746996,7.47218247402,0.799121854949,0.0339079838254,9155.28119054,-721.510789207,-663.769462433,0.824544388196,0.0851639162425,0.795294032289,466.853149863,4359.65770978
544,0.875,882,13.879380685,39.3678679908,50.8576364195,14358806.0158,4.81543561386,7.47218247402,0.805083097896,0.0341967890302,9213.44943818,-968.577348208,-265.508348259,0.821722978331,0.0873197205983,0.80106396829,478.242427176,4387.35687533
544.5,0.875,882,-10.8743406833,38.6385483587,50.7843429233,14338112.8187,4.85761319074,7.47218247402,0.80541392527,0.034306254405,9190.1132136,-985.662110783,208.686188741,0.81870895792,0.0878511977438,0.801343045871,479.7674517,4376.24438743
545,0.875,882,-33.2084699455,49.3373940348,50.7171078342,14319130.1119,4.78260944082,7.47218247402,0.798465110152,0.0341115937772,9088.18599338,-761.463037513,621.87412232,0.817573154007,0.0859530414982,0.794557869269,468.159270317,4327.7076159
545.5,0.875,882,-48.1535579707,69.0838613802,50.6993148574,14314106.5614,4.66009853297,7.47218247402,0.790891495026,0.0337936356715,8997.737034,-380.006745079,874.859225262,0.819595446403,0.0834492048523,0.787202386256,454.202795251,4284.63668286
546,0.875,882,-52.3842521639,93.4842682486,50.7073653031,14316379.4706,4.56279031371,7.47218247402,0.78648769324,0.0335410872446,8951.9690461,62.0094812321,932.281922528,0.822923304506,0.081718617943,0.782949528152,444.924707339,4262.84240291
546.5,0.875,882,-44.9592031072,117.109408993,50.7163924625,14318928.1386,4.43626349267,7.47218247402,0.779100960075,0.0332127064576,8873.05041715,468.065912478,776.257071183,0.825588323742,0.0792513823764,0.775770976675,431.645256997,4225.2621034
547,0.875,882,-27.5305192462,134.702578338,50.7236199585,14320968.7016,4.32226187743,7.47218247402,0.773409926924,0.0329168329044,8812.43383121,751.991828144,463.121508146,0.829082297951,0.0771927757646,0.770251717507,420.552827213,4196.39706248
547.5,0.875,882,-3.97616496687,142.3492131,50.7279278565,14322184.9648,4.28931412798,7.47218247402,0.773764818864,0.0328313221186,8818.31912985,877.258294316,66.6318267309,0.832258104521,0.0768846549806,0.770635218798,418.945310909,4199.19958564
548,0.875,882,20.4629047768,138.347900969,50.7496383044,14328314.5479,4.33549701508,7.47218247402,0.778281897453,0.0329511826563,8876.55874749,822.971544395,-348.316845395,0.833180820842,0.0780293307646,0.775061233634,425.546677262,4226.9327369
548.5,0.875,882,40.3488816657,123.588952772,50.7809633037,14337158.6394,4.41708474059,7.47218247402,0.783528738135,0.0331629309741,8946.12711486,584.538340859,-702.179329746,0.831888062686,0.0796766852971,0.780172217715,435.067405067,4260.06053089
549,0.875,882,51.2570420222,101.356304114,50.8134632094,14346334.4461,4.48688162811,7.47218247402,0.78689411932,0.0333440779962,8994.99457128,201.008550867,-907.25852662,0.829614737116,0.0809350272618,0.783430726944,442.504332491,4283.33074823
549.5,0.875,882,50.7602687033,76.5968242133,50.845869592,14355483.8481,4.58076589284,7.47218247402,0.792449225995,0.0335877400789,9068.51924102,-242.988102723,-920.24021636,0.827680612396,0.0827908854954,0.788827979564,453.228597813,4318.34249573
550,0.875,882,38.9690961162,54.8196141595,50.8781938338,14364610.0591,4.68441977939,7.47218247402,0.798106373466,0.0338567577035,9143.17252456,-654.022382075,-724.456553286,0.825094570545,0.0847901163876,0.794311462571,464.763508451,4353.89167836
550.5,0.875,882,18.5071157911,40.8702059327,50.8682641584,14361806.5807,4.80473562264,7.47218247402,0.804772775676,0.0341690188586,9213.90984963,-938.413578319,-353.498912089,0.82226021649,0.0871509435185,0.800769289722,477.517561459,4387.57611887
551,0.875,882,-6.07278511212,37.8524086752,50.8005076542,14342676.661,4.86113154725,7.47218247402,0.805971979336,0.034315385755,9202.24890996,-1002.80593412,116.780560566,0.818997675671,0.0879757802117,0.801890665409,480.753716827,4382.02329046
551.5,0.875,882,-29.3014626772,46.4376965143,50.7261061206,14321670.6281,4.81260721432,7.47218247402,0.800704761105,0.0341894483568,9116.36377802,-822.470180604,553.220958758,0.817478571739,0.0866289125393,0.796738642434,472.007971797,4341.12560858
552,0.875,882,-46.0104265553,64.7158024015,50.7007110108,14314500.742,4.69718309724,7.47218247402,0.79299723415,0.0338898829201,9021.5799961,-463.392680671,843.249813137,0.818785253904,0.0841760387085,0.789244912585,458.184087972,4295.99047434
552.5,0.875,882,-52.4818534524,88.6197615425,50.7058367063,14315947.8967,4.57565976562,7.47218247402,0.786527751643,0.0335744879158,8951.72818226,-24.607296106,935.661878651,0.821912722451,0.0818672974575,0.782975667534,445.707333631,4262.72770584
553,0.875,882,-47.2758203524,112.830830252,50.7139950572,14318251.2712,4.45662207361,7.47218247402,0.780364993364,0.0332655440045,8886.28119999,396.173302149,820.3564064,0.825234758931,0.0796570909408,0.777001201511,433.813945631,4231.56247618
553.5,0.875,882,-31.5506941816,131.961931517,50.7224792159,14320646.632,4.32989640322,7.47218247402,0.773484966355,0.0329366471348,8812.80169435,706.713235072,531.369561591,0.828517917842,0.0772864568865,0.770318518201,421.044271271,4196.5722354
554,0.875,882,-8.80538970245,141.756305048,50.7268949713,14321893.3469,4.29054734618,7.47218247402,0.773663905393,0.0328345227456,8816.80317185,867.277547915,147.551429387,0.832044607469,0.0768838052518,0.770534116624,418.92362057,4198.47770088
554.5,0.875,882,15.8991555284,140.034656524,50.7434043259,14326554.488,4.3145057289,7.47218247402,0.776586464014,0.032896703021,8855.40001331,846.340362476,-268.935533643,0.833146244761,0.0775588783065,0.773403742915,422.877072249,4216.8571492
555,0.875,882,37.0660636436,127.180060866,50.7744492298,14335319.4992,4.40541392261,7.47218247402,0.783157739321,0.0331326411718,8939.75900669,645.388638996,-643.409822658,0.832475122681,0.0794945521671,0.779816922582,433.96152667,4257.02809843
555.5,0.875,882,49.9855977243,106.052726253,50.8077710861,14344727.37,4.48225873734,7.47218247402,0.786836923312,0.0333320799985,8992.38480637,283.863138108,-883.903980346,0.829939105104,0.0808754115129,0.78337892444,442.079329141,4282.08800303
556,0.875,882,51.7831004844,81.3535843136,50.8394535272,14353672.3792,4.56145504692,7.47218247402,0.791051392882,0.0335376217663,9050.57339575,-155.916662135,-933.779785221,0.827808411442,0.0823704161711,0.787465677217,450.812995208,4309.79685512
556.5,0.875,882,42.0586190795,58.5783106576,50.8716099919,14362751.221,4.6588655966,7.47218247402,0.796613103629,0.033790435776,9124.13216464,-580.487098849,-776.994690037,0.825625027024,0.0842808032979,0.792862520629,461.852235667,4344.82484031
557,0.875,882,22.9758965011,42.7945111245,50.8748734498,14363672.604,4.78223766548,7.47218247402,0.803693983422,0.0341106288918,9204.32084289,-897.562465095,-436.862381739,0.822956951012,0.0867325447306,0.799728091089,475.348569879,4383.00992519
557.5,0.875,882,-1.21907144665,37.5141555769,50.8167572,14347264.4495,4.85796022372,7.47218247402,0.806322955862,0.0343071550754,9212.16245444,-1010.14941746,23.4624082972,0.819605498974,0.0879925944899,0.802241231398,481.153265498,4386.74402592
558,0.875,882,-25.1427902461,43.9121480361,50.7379370789,14325010.9019,4.83534325747,7.47218247402,0.80255594496,0.034248456239,9141.27334536,-875.955484353,477.869201308,0.817563823766,0.0871658856995,0.79854311713,475.155299622,4352.98730731
558.5,0.875,882,-43.4721195946,60.5649049951,50.7024206134,14314983.4199,4.71051002028,7.47218247402,0.793440605684,0.0339244708869,9027.03518274,-540.883817192,798.820794831,0.818172411221,0.0843913138402,0.789668899363,459.386845109,4298.58818226
559,0.875,882,-52.1286972365,83.7671094643,50.7038567003,14315388.8751,4.60206195264,7.47218247402,0.788243597834,0.0336430107071,8970.11507605,-111.852605319,935.477779437,0.821550237638,0.0824121426112,0.784645181242,448.63857579,4271.48336955
559.5,0.875,882,-49.1863938054,108.356161484,50.7130938652,14317996.8346,4.48333007359,7.47218247402,0.781774211896,0.033334860486,8901.60098288,320.504486744,858.810264617,0.824510459658,0.0801546312884,0.778368400175,436.508045302,4238.8576109
560,0.875,882,-35.2998856963,128.860880971,50.7230878307,14320818.4642,4.35536496032,7.47218247402,0.77479980353,0.0330027468341,8827.61621475,658.434192743,598.098940674,0.827778790677,0.0777508160557,0.771594924459,423.584190768,4203.62676893
560.5,0.875,882,-13.5589864785,140.7188711,50.725545262,14321512.279,4.28994295349,7.47218247402,0.772954665271,0.0328329541379,8808.30723017,848.667042329,226.87935875,0.831333235389,0.0767769578358,0.769832589715,418.319169926,4194.43201436
561,0.875,882,11.1988512006,141.291673123,50.7386892447,14325223.2634,4.30483717534,7.47218247402,0.775836205568,0.0328716097862,8845.36120978,865.07132279,-188.876759752,0.833163189906,0.0773469426532,0.772670570853,421.643158681,4212.07676656
561.5,0.875,882,33.4648916525,130.451835888,50.7678009051,14333442.4555,4.37954134262,7.47218247402,0.78136350513,0.0330654928936,8917.36609992,697.210319588,-576.786375502,0.832745819445,0.0789524218447,0.778067329384,430.889169977,4246.36480948
562,0.875,882,48.2848358279,110.61127432,50.8004836197,14342669.8753,4.45388284153,7.47218247402,0.78527808089,0.0332584347514,8972.44027995,361.935735642,-847.885836889,0.830659163833,0.0803355031123,0.781865714012,439.002133046,4272.5906095
562.5,0.875,882,52.3611762287,86.1846069734,50.8336130615,14352023.421,4.55132997055,7.47218247402,0.791004089209,0.0335113436972,9048.07937623,-68.6850816092,-942.611059283,0.828593805975,0.0822503527173,0.787429589728,450.052465956,4308.60922678
563,0.875,882,44.786907884,62.6068825763,50.8674912999,14361588.377,4.64450785804,7.47218247402,0.795754079805,0.033753172487,9113.05848554,-504.248712554,-824.431198919,0.82590345885,0.0839922643552,0.792028491727,460.19653838,4339.55165978
563.5,0.875,882,27.2473412351,45.1242560439,50.879708809,14365037.7871,4.75763664579,7.47218247402,0.802150639764,0.0340467807516,9188.82189496,-848.399735484,-515.125434335,0.823348997571,0.0862216279325,0.79822970568,472.638256601,4375.62947379
564,0.875,882,3.64511261129,37.6266942608,50.8317287445,14351491.4155,4.84818359639,7.47218247402,0.806215357428,0.0342817813519,9216.49764341,-1007.1097038,-70.0934995505,0.820271320994,0.0878645367064,0.802146037997,480.736173509,4388.80840162
564.5,0.875,882,-20.7681707658,41.7824400966,50.7523849732,14329090.0241,4.84816018529,7.47218247402,0.803810874569,0.034281720592,9160.5231683,-920.482017128,396.468169622,0.817826769667,0.087501149465,0.799769158748,477.254561912,4362.15388967
565,0.875,882,-40.5604381654,56.6668204963,50.7046314092,14315607.6012,4.73362131757,7.47218247402,0.794903458713,0.033984452683,9044.07187089,-616.030454955,749.597414596,0.817827399551,0.0848685479411,0.791090248497,462.02497341,4306.7008909
565.5,0.875,882,-51.3278167133,78.9679905981,50.702349697,14314963.3978,4.61078343324,7.47218247402,0.788322154014,0.0336656459605,8970.36464084,-198.224473678,922.264392854,0.82092248079,0.0825207311375,0.784713656794,449.20301111,4271.60220992
566,0.875,882,-50.6745138831,103.72383484,50.7118720632,14317651.8792,4.51036020187,7.47218247402,0.783666428767,0.0334050130017,8922.26462708,241.322477028,891.07012401,0.824271511797,0.0807271452819,0.780212852037,439.604672905,4248.69744147
566.5,0.875,882,-38.7458926369,125.426061082,50.7215400827,14320381.4834,4.38213496511,7.47218247402,0.776206431342,0.0330722242395,8842.70115038,604.004681226,660.606903965,0.827032219294,0.0782436611442,0.772960623553,426.24318283,4210.81007161
567,0.875,882,-18.1961274798,139.245821597,50.7259466233,14321625.5966,4.29895296599,7.47218247402,0.772972426886,0.0328563382312,8808.54741865,825.109717345,304.874629254,0.830586919947,0.0768773816424,0.769841399172,418.872957436,4194.54638983
567.5,0.875,882,6.40236188902,142.10815447,50.7347396876,14324108.1718,4.29937401621,7.47218247402,0.775168324361,0.0328574310019,8836.47799967,876.953575079,-107.748474393,0.832910655359,0.0771927704165,0.772014778395,420.737207066,4207.84666651
568,0.875,882,29.5762955318,133.376177132,50.7599061254,14331213.4961,4.36682327873,7.47218247402,0.780499750337,0.0330324851266,8904.94442868,744.887987482,-507.906152925,0.832898858059,0.0786891159339,0.777225210852,429.318601089,4240.44972794
568.5,0.875,882,46.1693638809,114.992795739,50.7930408987,14340568.5471,4.44928182487,7.47218247402,0.785249562484,0.0332464935246,8969.54186832,438.446219736,-809.944724587,0.831013614553,0.0802804228975,0.78184222092,438.572603402,4271.21041349
569,0.875,882,52.4895309442,91.0483993797,50.8274200598,14350274.9302,4.52494628194,7.47218247402,0.789046534091,0.0334428689156,9023.94561748,18.7358347475,-938.034871818,0.828721307443,0.0816707886962,0.785520681279,446.772363433,4297.11696071
569.5,0.875,882,47.1305297322,66.8707292125,50.8601288642,14359509.716,4.61967225629,7.47218247402,0.794501737259,0.0336887155254,9096.48095753,-423.287064988,-862.532320409,0.826629967178,0.0835285098889,0.79081662103,457.523141215,4331.65759883
570,0.875,882,31.2847632979,47.8394309171,50.8798986619,14365091.3889,4.7252117502,7.47218247402,0.800271392432,0.0339626269521,9167.91448886,-791.080244883,-587.011958072,0.824028138222,0.0855732820942,0.796407543263,469.087741277,4365.67356613
570.5,0.875,882,8.47798943148,38.1890581518,50.845279903,14355317.3593,4.83812813951,7.47218247402,0.80629452334,0.0342556839694,9222.44386955,-995.658058022,-162.922699186,0.821150778394,0.0877614985748,0.802235769347,480.428468632,4391.63993788
571,0.875,882,-16.2151770817,40.0668643864,50.7679010382,14333470.7264,4.85375422282,7.47218247402,0.804512093506,0.0342962390508,9173.99669427,-955.665405913,310.340690552,0.81809741807,0.0876708464457,0.800455972114,478.472558437,4368.56985441
571.5,0.875,882,-37.3003901927,53.0550288744,50.7090734664,14316861.742,4.76232987337,7.47218247402,0.796989539472,0.0340589612976,9068.88152449,-688.006331789,694.625109964,0.817676921786,0.0855031948447,0.793121392061,465.561557383,4318.51501166
572,0.875,882,-50.0860905064,74.2636237404,50.7014969155,14314722.6291,4.64803535247,7.47218247402,0.790480186544,0.033762327553,8994.00919295,-285.255107692,907.916340174,0.820144204471,0.0832537346994,0.786808512752,453.177883817,4282.86152045
572.5,0.875,882,-51.7273993815,98.9736365667,50.70941748,14316958.8685,4.52862121771,7.47218247402,0.784127382742,0.0334524066428,8926.39984594,158.30427146,912.525063026,0.82325263839,0.0809959872216,0.780650027817,441.025971699,4250.66659331
573,0.875,882,-41.8591178496,121.68697292,50.7184463984,14319508.0331,4.39789004293,7.47218247402,0.776972202355,0.0331131141062,8850.11209807,542.133654596,716.16927862,0.82652868853,0.0785254297023,0.773702810159,427.725974298,4214.33909432
573.5,0.875,882,-22.6769851093,137.349808303,50.7246466876,14321258.5815,4.30877253353,7.47218247402,0.773339493559,0.0328818233994,8812.14379226,794.939393709,380.715982596,0.83014836265,0.0770361060535,0.770195186282,419.716268236,4196.25894869
574,0.875,882,1.55088380558,142.477087947,50.7315985613,14323221.3271,4.29574545735,7.47218247402,0.774625038554,0.0328480136389,8829.26940065,881.721231143,-26.0579851495,0.832635616011,0.0770763369037,0.771480512161,420.050571418,4204.41400031
574.5,0.875,882,25.4336737568,135.927967941,50.7543146986,14329634.8499,4.35313668983,7.47218247402,0.779510836689,0.0329969637028,8891.92750908,785.61544205,-435.052708555,0.833000537418,0.0783977202651,0.776260099185,427.634553226,4234.2511948
575,0.875,882,43.6573513036,119.159658385,50.7880585701,14339161.8696,4.4294369392,7.47218247402,0.784041341327,0.0331949891944,8954.30138294,508.937458317,-761.972623811,0.83139542196,0.0798868599354,0.780666908372,436.336951886,4263.9530395
575.5,0.875,882,52.1670622146,95.9031872662,50.8209779524,14348456.1085,4.51618348403,7.47218247402,0.788879560249,0.0334201264295,9019.86635136,105.311081703,-930.64466759,0.829271731071,0.081548892412,0.785364656434,445.9924654,4295.17445303
576,0.875,882,49.069355664,71.3332291298,50.8529702925,14357488.6126,4.60110562296,7.47218247402,0.793274001822,0.0336405287014,9080.18456737,-339.933432237,-893.583287889,0.826871574218,0.0831397324356,0.789622132434,455.265448159,4323.89741303
576.5,0.875,882,35.053485974,50.9167155798,50.8807630878,14365335.4451,4.70615946134,7.47218247402,0.799271353212,0.0339131796843,9157.08384062,-730.240689507,-654.947048259,0.824536670224,0.0852087771894,0.795439667173,467.105503248,4360.51611458
577,0.875,882,13.2380502761,39.1964172042,50.8563224695,14358435.0439,4.81501548024,7.47218247402,0.804996924236,0.0341956986384,9211.9990506,-971.609271514,-253.17530137,0.821668530638,0.0873019601333,0.800979251661,478.120448424,4386.66621457
577.5,0.875,882,-11.522914064,38.7801556868,50.782123029,14337486.0685,4.85636382809,7.47218247402,0.805327800503,0.0343030118776,9188.34985843,-982.553355449,221.044753844,0.818720289979,0.0878239107558,0.801259336037,479.576504294,4375.40469449
578,0.875,882,-33.7199756609,49.7605511789,50.7168406909,14319054.6884,4.77775258155,7.47218247402,0.798120286376,0.0340989885504,9084.25239776,-752.596835735,630.663384489,0.817606746087,0.0858464953583,0.794222331454,467.574021131,4325.83447512
578.5,0.875,882,-48.414183586,69.6944138793,50.7005405724,14314452.6216,4.65934869348,7.47218247402,0.790959790799,0.0337916895792,8998.95338722,-368.939573907,879.654896791,0.819726795011,0.0834509186637,0.787270736862,454.234085776,4285.21589868
579,0.875,882,-52.33600725,94.1463652912,50.7076359007,14316455.8693,4.56071444638,7.47218247402,0.786344793283,0.0335356996521,8950.47307533,73.7539518233,930.932777561,0.822943767058,0.0816747094119,0.782810333936,444.690389312,4262.13003587
579.5,0.875,882,-44.612822385,117.675730864,50.7165711102,14318978.5768,4.43176546385,7.47218247402,0.778801639707,0.0332010325198,8869.776888,477.290151375,769.383863945,0.825645385917,0.0791589813111,0.775479308718,431.145028948,4223.70328
580,0.875,882,-26.9630740607,135.047115748,50.7236046771,14320964.3872,4.31993663183,7.47218247402,0.77334299572,0.0329107980892,8811.69654885,757.445760683,453.371227065,0.829207105205,0.0771579927789,0.770187739328,420.363073257,4196.04597564
580.5,0.875,882,-3.31391454892,142.39530485,50.7291304081,14322524.4852,4.29370304024,7.47218247402,0.774172684283,0.0328427128613,8823.30871159,879.276574695,55.6127584662,0.832323152541,0.0769901003371,0.771034703064,419.539774225,4201.57557695
581,0.875,882,21.0726065847,138.085291428,50.7483444346,14327949.2454,4.33337409419,7.47218247402,0.777998784591,0.0329456729436,8872.92093887,817.793616913,-358.38491657,0.833057781587,0.0779658280956,0.774783102449,425.17867347,4225.20044708
581.5,0.875,882,40.7703733349,123.076073802,50.7822708852,14337527.8132,4.41890034062,7.47218247402,0.783728262876,0.0331676430831,8948.83096298,575.994440169,-709.984761352,0.831947393813,0.0797253974899,0.780367825819,435.355813105,4261.34807761
582,0.875,882,51.3965396677,100.707273705,50.8142337689,14346552.0008,4.48673855948,7.47218247402,0.786834993552,0.0333437066837,8994.59736222,189.502582094,-909.64116975,0.829564300717,0.0809248782444,0.783372372461,442.462262845,4283.14160106
582.5,0.875,882,50.5867334408,75.9560546929,50.8466964685,14355717.3029,4.58741513778,7.47218247402,0.792976376986,0.0336049971654,9074.72776754,-255.079551369,-918.804580135,0.827684566855,0.0829425953899,0.789342356752,454.073883427,4321.29893693
583,0.875,882,38.5211403604,54.3296797697,50.878523247,14364703.0634,4.68611988452,7.47218247402,0.798063234628,0.0338611700633,9142.77839957,-663.239311327,-716.246292132,0.824912095337,0.0848029277812,0.794266937964,464.839751258,4353.7039998
583.5,0.875,882,17.884411811,40.6401193866,50.8667476692,14361378.4253,4.80466274059,7.47218247402,0.804721755635,0.0341688297045,9212.78108179,-942.660250264,-341.551152558,0.822213910292,0.0871424452811,0.800718931428,477.442529514,4387.03861037
584,0.875,882,-6.73168274306,37.9333653148,50.7982252327,14342032.2574,4.86130825433,7.47218247402,0.805987678166,0.0343158443708,9201.59777982,-1001.20916263,129.446093126,0.818999643047,0.0879801743612,0.801905981677,480.734528301,4381.71322849
584.5,0.875,882,-29.8499461275,46.8116831054,50.7228456765,14320750.096,4.80248255932,7.47218247402,0.799913024221,0.0341631713813,9106.36655652,-813.10439666,561.983521968,0.817473822074,0.0863951570898,0.795967238917,470.673815933,4336.36502691
585,0.875,882,-46.3264556695,65.2996051631,50.700571069,14314461.2318,4.69322907994,7.47218247402,0.792953895213,0.03387962088,9021.08926433,-452.41770344,848.525249128,0.819058499798,0.0841252916486,0.789206338007,457.90533555,4295.75679254
585.5,0.875,882,-52.4951102617,89.2834816059,50.7062733043,14316071.1629,4.57122136761,7.47218247402,0.786283777721,0.0335629687405,8949.17615539,-12.7612667287,934.943344872,0.822020339056,0.0817823613663,0.7827389714,445.252586484,4261.51245495
586,0.875,882,-46.9833551542,113.426786772,50.7143390537,14318348.3928,4.4539719364,7.47218247402,0.780272257665,0.0332586659834,8885.38302513,406.303258755,814.857389205,0.825356657866,0.0796145841448,0.776912126907,433.588334917,4231.13477387
586.5,0.875,882,-31.0175818622,132.357521356,50.7224844897,14320648.1209,4.32815552281,7.47218247402,0.773416333628,0.0329321289491,8812.04581687,713.111076835,522.197250795,0.828591337437,0.0772577752073,0.770252287506,420.888105587,4196.21229375
587,0.875,882,-8.15025026818,141.8635076,50.7267565249,14321854.2589,4.28890890591,7.47218247402,0.773579513844,0.0328302704274,8815.81737626,868.732856369,136.51969416,0.832093280314,0.0768540507601,0.770452169688,418.759208821,4198.00827441
587.5,0.875,882,16.5305504626,139.829618716,50.7441430256,14326763.0476,4.316724127,7.47218247402,0.776805056437,0.03290246053,8858.11042982,843.49713256,-279.822970234,0.833192182832,0.0776141295513,0.773617938332,423.190641576,4218.14782372
588,0.875,882,37.533225726,126.708404577,50.7749419125,14335458.6,4.40726327855,7.47218247402,0.783245728988,0.033137440889,8940.90926941,637.478608815,-651.802463106,0.832413039238,0.0795275907319,0.779902124807,434.150309825,4257.57584257
588.5,0.875,882,50.1845811875,105.419397233,50.8080958899,14344819.0729,4.48441952505,7.47218247402,0.786958705225,0.0333376879887,8993.85730755,272.807680884,-887.890687474,0.829887687472,0.0809170325784,0.783497185068,442.312492435,4282.78919407
589,0.875,882,51.6696305691,80.6995012578,50.8398864858,14353794.6178,4.56039243516,7.47218247402,0.790910660409,0.0335348639219,9049.14031366,-167.648253146,-931.382665142,0.827748671439,0.0823379859203,0.787327578534,450.64317999,4309.11443508
589.5,0.875,882,41.6579433771,58.0490101313,50.8740859051,14363450.2539,4.6608626404,7.47218247402,0.796798090969,0.0337956187941,9127.10096117,-590.67204555,-770.122701334,0.825654238259,0.0843306507955,0.793043304592,462.170380305,4346.23855294
590,0.875,882,22.3771672459,42.5077649921,50.8739966298,14363425.0485,4.78421324466,7.47218247402,0.803795362039,0.0341157562019,9205.13157093,-903.376050322,-425.648465704,0.82290245377,0.086770248336,0.799826101637,475.53881712,4383.39598616
590.5,0.875,882,-1.88263417073,37.5337662055,50.8146882709,14346680.3218,4.85975264349,7.47218247402,0.806410102221,0.0343118070236,9212.37793247,-1010.07619692,36.2443389937,0.819552083788,0.0880262710838,0.802325325952,481.298219764,4386.84663451
591,0.875,882,-25.7235406023,44.2337519685,50.7355351711,14324332.7633,4.82604505355,7.47218247402,0.801785769044,0.0342243241893,9131.81295281,-867.547969031,487.617105742,0.817515637131,0.0869441339018,0.797792229461,473.90162311,4348.48235848
591.5,0.875,882,-43.8408378888,61.1169438389,50.7017127631,14314783.5701,4.70934877784,7.47218247402,0.793593157075,0.0339214570618,9028.52202659,-530.785699376,805.665774087,0.818422913944,0.0844009621068,0.78982101884,459.426537496,4299.29620314
592,0.875,882,-52.2033419086,84.4267519724,50.7039920822,14315427.0979,4.59961746198,7.47218247402,0.788082900463,0.0336366664098,8968.37529404,-99.9538700761,936.245081658,0.821581808397,0.0823613629102,0.784488807586,448.36453349,4270.65490192
592.5,0.875,882,-48.9503560637,108.976634086,50.7131109876,14318001.6688,4.47723397068,7.47218247402,0.781359714495,0.0333190389941,8896.98784638,330.812947288,853.334236554,0.824577460631,0.0800275273643,0.777964495758,435.816153943,4236.66087923
593,0.875,882,-34.8056850519,129.304125586,50.7228680778,14320756.4206,4.34974515667,7.47218247402,0.774515115386,0.0329881615033,8824.37934982,665.06665985,588.948370082,0.827947369354,0.077649027906,0.771318683312,423.025986418,4202.08540467
593.5,0.875,882,-12.9165849065,140.88626371,50.7254268326,14321478.8424,4.28696234091,7.47218247402,0.772864823082,0.0328252184191,8807.28164066,850.963987426,216.002272413,0.831490092052,0.0767318707197,0.769746549026,418.071560666,4193.94363841
594,0.875,882,11.8465163198,141.145968082,50.739277322,14325389.2972,4.30518868228,7.47218247402,0.775941885213,0.032872522068,8846.75992624,862.843636882,-199.853314131,0.833246767005,0.0773657486622,0.772774839697,421.755452694,4212.74282202
594.5,0.875,882,33.9737117742,130.025453255,50.7683296427,14333591.7358,4.37930607546,7.47218247402,0.781335636919,0.0330648822941,8917.23843893,689.81830379,-585.51962123,0.832735974789,0.0789458482611,0.778039984193,430.862268687,4246.30401854
595,0.875,882,48.5415960745,109.999086243,50.8002891611,14342614.9731,4.45420017339,7.47218247402,0.785309344024,0.0332592583372,8972.72285853,351.21804898,-852.473181061,0.830665717737,0.0803435271681,0.78189632415,439.042620145,4272.72517073
595.5,0.875,882,52.3087462339,85.5228281877,50.8345021785,14352274.4484,4.55451222198,7.47218247402,0.791246444722,0.0335196027384,9051.11233694,-80.6708212335,-942.512303136,0.828585013784,0.0823212880766,0.787665986052,450.456362938,4310.05349378
596,0.875,882,44.4369535691,62.0427619837,50.8682707845,14361808.4515,4.64613777799,7.47218247402,0.795797745285,0.0337574026921,9113.81439729,-514.800630953,-818.255784839,0.82581592696,0.0840170536363,0.792069913792,460.346467928,4339.91161776
596.5,0.875,882,26.6777290861,44.7833131377,50.8785819658,14364719.6417,4.7583139665,7.47218247402,0.802160289219,0.0340485386327,9188.51600416,-854.89819599,-504.387739382,0.823304470542,0.0862307683252,0.798238490163,472.667423972,4375.4838115
597,0.875,882,2.9825840188,37.5847904462,50.8302669138,14351078.692,4.85177566784,7.47218247402,0.806477518619,0.0342911040175,9218.89785956,-1008.78297635,-57.4028036767,0.820252972926,0.0879452175411,0.802401088337,481.149930017,4389.9513617
597.5,0.875,882,-21.3762000642,42.04889917,50.7491191817,14328167.9823,4.84344761783,7.47218247402,0.803349430893,0.0342694898523,9154.18140913,-913.987311864,407.447906229,0.81773013697,0.0873778102603,0.799318349798,476.520505287,4359.13400435
598,0.875,882,-40.9786787823,57.1823540567,50.7045488244,14315584.2847,4.7303639144,7.47218247402,0.794773342641,0.0339759985971,9042.61222259,-606.100699973,756.824725846,0.817954215573,0.0848125467992,0.790965148764,461.718598754,4306.00582028
598.5,0.875,882,-51.4632081381,79.6178899962,50.7032946096,14315230.1781,4.60932565768,7.47218247402,0.788293238851,0.0336618625296,8970.38967443,-186.507678488,924.502194049,0.821010893615,0.0825002605268,0.784686598854,449.108318105,4271.61413068
599,0.875,882,-50.4969308851,104.363494393,50.7124197738,14317806.5161,4.50890936291,7.47218247402,0.78359065988,0.0334012475736,8921.61717058,252.491256431,887.669335615,0.824311440626,0.0807001155537,0.780139383021,439.466973564,4248.38912885
599.5,0.875,882,-38.2948482709,125.913153522,50.7216807845,14320421.2082,4.3771764648,7.47218247402,0.775854008622,0.0330593552191,8838.8162227,611.494977998,652.048208086,0.827072253832,0.0781391475958,0.772616746696,425.676192443,4208.96010605
600,0.875,882,-17.5719812453,139.471966558,50.7257377146,14321566.6147,4.29620616942,7.47218247402,0.772883977813,0.0328492093457,8807.50363622,828.435160655,294.252444743,0.830725047985,0.0768350175531,0.769756515914,418.638684842,4194.04935058
600.5,0.875,882,7.06073451024,142.023033631,50.7352065084,14324239.9709,4.30002160795,7.47218247402,0.775291257642,0.0328591117261,8838.02629981,875.814618792,-118.86839486,0.832987625894,0.0772172340727,0.77213583919,420.878290664,4208.58395229
601,0.875,882,30.1224035254,132.998730282,50.7619914752,14331802.2598,4.3695170765,7.47218247402,0.780696108855,0.0330394764619,8907.87204569,739.007912766,-517.705858077,0.832880714043,0.0787467689133,0.777416855858,429.668450627,4241.84383128
601.5,0.875,882,46.4816956418,114.407006581,50.7949811739,14341116.3514,4.44977601198,7.47218247402,0.785217646027,0.0332477761108,8969.85896436,428.207150324,-815.495106562,0.830938511565,0.080281296779,0.78181013017,438.61088505,4271.3614116
602,0.875,882,52.498591182,90.3846087669,50.8274907883,14350294.8992,4.52419967117,7.47218247402,0.788974654375,0.0334409312029,9023.16275228,6.87174200562,-937.9837521,0.828707610682,0.081652016646,0.785450348083,446.670915819,4296.74416775
602.5,0.875,882,46.8343025013,66.2766336872,50.8612214859,14359818.1995,4.62285738904,7.47218247402,0.794771906758,0.0336969820447,9099.9063367,-434.570848152,-857.92304061,0.826650546593,0.0836040454078,0.791080421931,457.95655897,4333.28873176
603,0.875,882,30.7491605547,47.4472195364,50.879416963,14364955.3892,4.72747694773,7.47218247402,0.800364224753,0.0339685059218,9168.76873354,-798.792922812,-577.217553494,0.823940969235,0.0856127807255,0.796496832031,469.295375126,4366.08034931
603.5,0.875,882,7.82218531334,38.0859997985,50.8437243529,14354878.1756,4.83769980929,7.47218247402,0.806200682422,0.0342545723046,9220.81881288,-997.360927615,-150.278190272,0.821089270073,0.0877424454796,0.802143490482,480.294777778,4390.86610137
604,0.875,882,-16.8452630645,40.2758900302,50.7661873925,14332986.9071,4.85294515018,7.47218247402,0.80446048962,0.034294139228,9172.80332758,-951.41584746,322.31547722,0.818108951401,0.0876538215648,0.800405881357,478.347349021,4368.00158456
604.5,0.875,882,-37.7645609363,53.5296293235,50.709352761,14316940.5962,4.76382945887,7.47218247402,0.797127357739,0.0340628532398,9070.52065148,-679.473635044,703.585486499,0.817698681627,0.085540717239,0.793256004151,465.770996043,4319.29554832
605,0.875,882,-50.2810658305,74.8981981556,50.7021764363,14314914.4805,4.64618512638,7.47218247402,0.79029675012,0.0337575255775,8992.1989343,-273.602521822,910.952650081,0.820103597514,0.0832060132808,0.786629063242,452.930260643,4281.99949252
605.5,0.875,882,-51.6097963566,99.6269891469,50.7099196389,14317100.6447,4.52443665759,7.47218247402,0.783847894668,0.0334415462645,8923.46428241,169.651207615,909.491445662,0.823303177134,0.0809090716721,0.780377845094,440.561438849,4249.26870591
606,0.875,882,-41.4551037036,122.213729634,50.7197256971,14319869.2218,4.39994442796,7.47218247402,0.777242111647,0.0331184459447,8853.59078671,551.602886598,709.844998606,0.826644014229,0.0785865671681,0.773967882434,428.080583082,4215.99561272
606.5,0.875,882,-22.0764548956,137.632763296,50.7249531832,14321345.1154,4.30674023261,7.47218247402,0.773125827174,0.0328765488769,8809.85296946,799.155867321,370.386415538,0.830091213827,0.0769837381368,0.769985659719,419.436020513,4195.1680807
607,0.875,882,2.21430928099,142.453282399,50.7319951925,14323333.3093,4.29659224515,7.47218247402,0.774745035516,0.0328502113456,8830.75749958,881.634675981,-37.2181064022,0.832692523476,0.0771025421153,0.771598473587,420.199954923,4205.12261885
607.5,0.875,882,26.0123791957,135.602698698,50.7559523631,14330097.2172,4.35687933118,7.47218247402,0.779785097966,0.0330066771493,8895.56825799,780.899804868,-445.435520657,0.832976806393,0.0784779043851,0.776527821955,428.099557239,4235.98488476
608,0.875,882,44.0225720157,118.605299389,50.7887773595,14339364.8078,4.43348122693,7.47218247402,0.78426256086,0.0332054855174,8957.01853786,499.754465425,-769.104935602,0.831290978034,0.07996340135,0.780881695956,436.767378862,4265.24692279
608.5,0.875,882,52.2375348682,95.2430860084,50.8218092611,14348690.8147,4.51898637968,7.47218247402,0.788993799237,0.0334274009115,9021.42589314,93.5929910593,-932.47891148,0.829159492932,0.0815967179558,0.785474749425,446.268623621,4295.91709197
609,0.875,882,48.8293997613,70.7142612547,50.8533216586,14357587.8149,4.60072451604,7.47218247402,0.793169879684,0.0336395395973,9079.13033941,-351.127472574,-889.016695287,0.82679427611,0.0831201789598,0.789519545364,455.164664953,4323.39539972
609.5,0.875,882,34.5564928354,50.47660436,50.8791336698,14364875.4061,4.70527353881,7.47218247402,0.79921201182,0.0339108804094,9155.83307222,-738.253253663,-645.477010713,0.824547115914,0.0851899363598,0.795381960061,466.972309507,4359.92051058
610,0.875,882,12.5946032197,39.0330894625,50.8551367855,14358100.2858,4.82476755229,7.47218247402,0.805782561399,0.0342210086325,9220.37439278,-977.251227194,-241.491809543,0.82169262386,0.0875315969339,0.801744867913,479.355731438,4390.65447275
610.5,0.875,882,-12.1696450324,38.9299526162,50.7800871396,14336911.2691,4.8548970378,7.47218247402,0.804954991989,0.0342992050503,9183.40662623,-978.785945999,233.238035516,0.81845734485,0.0877508173031,0.800892482583,479.138945497,4373.0507744
611,0.875,882,-34.2260898497,50.190142256,50.7159907413,14318814.7193,4.77781085769,7.47218247402,0.798163319837,0.0340991397971,9084.43382257,-744.598874618,640.160739798,0.817646188288,0.0858536002092,0.794264814655,467.597045565,4325.92086789
611.5,0.875,882,-48.6670682003,70.3082130626,50.7007330203,14314506.9561,4.65817793713,7.47218247402,0.790867005251,0.0337886510622,8997.9871006,-357.675090949,883.972495746,0.819725218709,0.083424129026,0.787180225635,454.091713573,4284.75576219
612,0.875,882,-52.2793942701,94.8077993666,50.707864324,14316520.3608,4.55806373667,7.47218247402,0.786167872155,0.0335288201452,8948.58420874,85.4622141576,929.30516614,0.8229757184,0.081619467084,0.782638082118,444.39361775,4261.23057559
612.5,0.875,882,-44.2593084661,118.237627629,50.716738566,14319025.8551,4.42662146278,7.47218247402,0.778466456755,0.0331876820609,8866.10079461,486.340290476,762.283759054,0.825718262278,0.0790543909858,0.77515279126,430.578213642,4221.95275934
613,0.875,882,-26.3913177175,135.384450521,50.7234471611,14320919.9151,4.31681745397,7.47218247402,0.773230151924,0.0329027027457,8810.39874735,762.619404456,443.46754823,0.829349886425,0.0771080709736,0.77007908755,420.088486086,4195.42797493
613.5,0.875,882,-2.65113426527,142.433019054,50.7294994981,14322628.6916,4.29486781227,7.47218247402,0.77434606504,0.0328457358468,8825.38823662,880.347547247,44.5124005819,0.832410427633,0.077027309461,0.771205202527,419.748644619,4202.56582696
614,0.875,882,21.6789390688,137.814993473,50.7504655629,14328548.1106,4.33996103426,7.47218247402,0.778490101593,0.0329627683274,8879.15769311,814.746190798,-369.399465393,0.833025134729,0.0781078648705,0.775262886909,425.988864378,4228.17033005
614.5,0.875,882,41.185346181,122.557906259,50.7835132237,14337878.5668,4.42014411352,7.47218247402,0.783653249874,0.0331708711032,8948.40295391,567.019824646,-717.27302069,0.831763332412,0.0797283690518,0.780292323361,435.39334205,4261.14426377
615,0.875,882,51.5278194598,100.056531297,50.8142244474,14346549.369,4.48650832247,7.47218247402,0.786784063074,0.0333431091392,8994.01818543,177.963518256,-911.852384143,0.829529753212,0.080914948127,0.783322217228,442.40780694,4282.86580259
615.5,0.875,882,50.4051098058,75.3175306755,50.8473495786,14355901.6977,4.59376058608,7.47218247402,0.793481930766,0.0336214657946,9080.63245405,-267.150923121,-917.132623746,0.827690930762,0.0830878509662,0.789835670527,454.880778595,4324.11069241
616,0.875,882,38.067025414,53.8454487494,50.8780531659,14364570.3439,4.68936865483,7.47218247402,0.798149647046,0.033869601744,9143.55215873,-672.62295252,-708.202816573,0.824738040965,0.0848524385039,0.79434883564,465.10254536,4354.07245654
616.5,0.875,882,17.2588482712,40.41792505,50.8650508712,14360899.3626,4.80623577983,7.47218247402,0.804758149567,0.0341729122844,9212.55993973,-947.094915945,-329.670903633,0.822125439066,0.0871658623533,0.800753132788,477.538967913,4386.93330463
617,0.875,882,-7.38950403731,38.02264695,50.7960628701,14341421.7503,4.86082200358,7.47218247402,0.805908023153,0.0343145823822,9199.91736799,-999.207261058,142.055061607,0.818957182879,0.0879625695939,0.801827798655,480.597415233,4380.91303238
617.5,0.875,882,-30.3936568346,47.1925751275,50.7210954601,14320255.9516,4.7973713252,7.47218247402,0.799528462757,0.034149905964,9101.45402225,-804.799164435,571.414648217,0.817486892038,0.0862795266574,0.795592748908,470.011433082,4334.02572488
618,0.875,882,-46.6350775921,65.8873573,50.698947119,14314002.7366,4.68466235554,7.47218247402,0.792420142944,0.0338573872723,9014.58403932,-440.704744236,852.345394008,0.81919652201,0.0839501785198,0.788687753894,456.922899036,4292.65906634
618.5,0.875,882,-52.4999735659,89.9473162343,50.7069136053,14316251.9412,4.56929036191,7.47218247402,0.786355913529,0.033557957114,8950.2412,-0.938202230824,934.92922679,0.822253609022,0.0817714854917,0.782812355158,445.204617873,4262.01961905
619,0.875,882,-46.6833777318,114.018997555,50.7146604903,14318439.1451,4.45058725058,7.47218247402,0.780056729037,0.0332498815551,8883.09570998,416.22233593,808.970669328,0.825409704698,0.0795463119628,0.776702284916,433.22200997,4230.04557618
619.5,0.875,882,-30.4795101051,132.746338601,50.7224430379,14320636.4177,4.32585633316,7.47218247402,0.773322689525,0.0329261617581,8810.99670665,719.299079923,512.883308672,0.828685127676,0.0772194753715,0.770161844605,420.678766575,4195.71271745
620,0.875,882,-7.49380768076,141.962417635,50.7278194019,14322154.3445,4.29348550511,7.47218247402,0.774001457373,0.0328421482825,8820.91547218,871.665851564,125.708089632,0.832157572128,0.0769635133545,0.770865409998,419.373217818,4200.43593913
620.5,0.875,882,17.1593023075,139.616613592,50.7452123758,14327064.9608,4.31893622987,7.47218247402,0.776860682935,0.0329082017007,8859.08930205,840.273996607,-290.598541197,0.833063879081,0.0776462069372,0.77367081952,423.383387024,4218.61395336
621,0.875,882,37.9943865766,126.230878939,50.7751667964,14335522.0922,4.40693405362,7.47218247402,0.783161428065,0.0331365864366,8940.03584484,629.06705939,-659.686370775,0.832351141817,0.0795118661684,0.779819029588,434.068312595,4257.15992612
621.5,0.875,882,50.3755405788,104.783602788,50.808096365,14344819.207,4.48596471374,7.47218247402,0.787089332218,0.0333416982868,8995.32277392,261.675493325,-891.666572849,0.829896840405,0.0809531046563,0.783624834077,442.509679601,4283.4870352
622,0.875,882,51.5478991356,80.0469052698,50.8395541085,14353700.7766,4.55874272345,7.47218247402,0.790739993975,0.0335305823504,9047.10154887,-179.31495677,-928.686961755,0.827705956901,0.0822946309852,0.787160486645,450.4000053,4308.1435947
622.5,0.875,882,41.2506069371,57.5248182865,50.8751894037,14363761.8083,4.66611378866,7.47218247402,0.797254189855,0.0338092473369,9132.62285209,-601.290403268,-763.770755745,0.825699593434,0.0844573001406,0.793488672193,462.884556408,4348.86802481
623,0.875,882,21.774860079,42.2286124491,50.8734558282,14363272.3622,4.78767565965,7.47218247402,0.803926335146,0.0341247423643,9206.38129216,-909.285461486,-414.46490694,0.822759194131,0.0868293401479,0.799951696087,475.852549037,4383.9910915
623.5,0.875,882,-2.54589587822,37.5617657222,50.8123828295,14346029.4189,4.86007694288,7.47218247402,0.806343278474,0.0343126486925,9210.77938473,-1009.37220254,49.0053977873,0.819458487115,0.0880198750188,0.802258899734,481.21957978,4386.0854213
624,0.875,882,-26.3001779912,44.5626735202,50.733557068,14323774.2789,4.82300765946,7.47218247402,0.801541084381,0.034216441103,9128.37145394,-860.539020212,498.099935745,0.817506919507,0.0868727884588,0.797553755817,473.475822018,4346.84354949
624.5,0.875,882,-44.2025464197,61.6736008287,50.7008179674,14314530.9395,4.70696889941,7.47218247402,0.7934872982,0.0339152804555,9027.03632011,-520.27593867,811.875917973,0.818504782506,0.0843585348633,0.789718922306,459.179382034,4298.58872386
625,0.875,882,-52.2696397267,85.0872855937,50.7041118414,14315460.9099,4.59672878337,7.47218247402,0.787919262016,0.0336291692914,8966.60203676,-88.0478376484,936.799571887,0.821646518856,0.0823052250901,0.78432999076,448.061043076,4269.8104937
625.5,0.875,882,-48.7064915918,109.594072492,50.713119515,14318004.0764,4.47224075236,7.47218247402,0.781043174746,0.0333060798685,8893.46712682,341.146731296,848.014643527,0.82465665199,0.0799268029031,0.777656377812,435.267772227,4234.9843461
626,0.875,882,-34.3059192855,129.741085818,50.7219886566,14320508.1307,4.34325436289,7.47218247402,0.774133196162,0.0329713156523,8819.82173088,671.354211041,579.536842088,0.828085505437,0.0775239750289,0.770947045102,422.330062973,4199.91510994
626.5,0.875,882,-12.2721180864,141.045520055,50.7259952281,14321639.3194,4.28940001839,7.47218247402,0.773226085234,0.0328315450338,8811.54395638,854.509175373,205.436980461,0.831671338393,0.0768094285809,0.770101812046,418.503511402,4195.97331256
627,0.875,882,12.4922872855,140.992085252,50.7382711962,14325105.2344,4.29912140501,7.47218247402,0.775397503973,0.0328567753887,8840.30818525,858.620214064,-210.348926311,0.83317841261,0.0772224533901,0.772241898338,420.957590681,4209.6705644
627.5,0.875,882,34.477099799,129.592670906,50.7698017563,14334007.3625,4.38617756152,7.47218247402,0.782039376706,0.033082716173,8925.65943439,683.923217048,-595.556916713,0.832905935866,0.0791221721208,0.778729564552,431.849633659,4250.31401638
628,0.875,882,48.7905949479,109.383700488,50.8020153864,14343102.3441,4.46043996469,7.47218247402,0.78562121059,0.03327545275,8976.80064492,340.917586355,-858.121589135,0.830474342757,0.0804576642952,0.782198508398,439.696210945,4274.66697377
628.5,0.875,882,52.2479525319,84.8617652622,50.8353579209,14352516.053,4.55726642078,7.47218247402,0.791298366128,0.0335267508352,9051.97383745,-92.628294281,-941.887432108,0.828412171682,0.0823596598206,0.787714436641,450.681503516,4310.46373212
629,0.875,882,44.0798941772,61.4831115068,50.8690277442,14362022.1664,4.64714788789,7.47218247402,0.795804076689,0.033760024276,9114.14510249,-525.198494033,-811.823984392,0.825740185794,0.0840293589132,0.792075081387,460.427593774,4340.06909642
629.5,0.875,882,26.1038514036,44.4495999809,50.8783219694,14364646.236,4.76110438296,7.47218247402,0.80235187105,0.0340557807269,9190.5666928,-861.801626094,-493.878024726,0.823276878529,0.0862911277765,0.798424800746,472.993445575,4376.46032991
630,0.875,882,2.31957853743,37.5512673613,50.8279345633,14350420.1917,4.85275556372,7.47218247402,0.806479636126,0.0342936471857,9218.06304036,-1009.46784462,-44.6443570471,0.820177392668,0.0879567464993,0.802402061605,481.168845189,4389.55382874
630.5,0.875,882,-21.9808114968,42.3230252015,50.7469307348,14327550.1108,4.84217038716,7.47218247402,0.803224219049,0.0342661749977,9151.99105085,-908.336134873,418.775843911,0.817703780708,0.0873443725499,0.799196019385,476.297069346,4358.0909766
631,0.875,882,-41.3903672698,57.7031348694,50.7042370295,14315496.2547,4.72620178463,7.47218247402,0.794482981409,0.0339651964333,9039.27056601,-595.842132577,763.60738426,0.817988593873,0.0847225316926,0.790682575336,461.222885075,4304.41455524
631.5,0.875,882,-51.5903710499,80.2694494021,50.7036797685,14315338.9213,4.608496094,7.47218247402,0.788336958463,0.0336597095254,8971.03037942,-174.799550442,926.769104779,0.821123894086,0.0824974505947,0.784730722458,449.099844564,4271.91922829
632,0.875,882,-50.3112738732,105.000857351,50.712653434,14317872.4862,4.50678397253,7.47218247402,0.783445648016,0.0333957314517,8920.08365425,263.55218921,883.925902457,0.824334164507,0.0806555890177,0.779998098866,439.228543827,4247.65888298
632.5,0.875,882,-37.8376808964,126.394503766,50.7202755837,14320024.4731,4.3715226293,7.47218247402,0.775464314001,0.0330446815639,8833.97845909,618.725919185,643.260697905,0.827130909685,0.0780217860517,0.772236656841,425.013295388,4206.65640909
633,0.875,882,-16.9450254059,139.690201388,50.7254717671,14321491.5289,4.29312627153,7.47218247402,0.772787209071,0.0328412159473,8806.34951272,831.570274794,283.576621538,0.830882606319,0.076787866259,0.769663718493,418.377392103,4193.49976796
633.5,0.875,882,7.71797818229,141.929594768,50.7356370536,14324361.5281,4.29998343949,7.47218247402,0.775368577423,0.0328590126658,8839.0528514,874.375605839,-129.953100523,0.83307394858,0.0772277626282,0.772212417828,420.942821595,4209.07278638
634,0.875,882,30.6636952123,132.614408314,50.7628110746,14332033.6601,4.37056224384,7.47218247402,0.780779893345,0.033042189032,8909.09789911,732.644512438,-527.182915764,0.832881783411,0.0787702275782,0.777498732703,429.810327909,4242.427571
634.5,0.875,882,46.7865953895,113.817314959,50.7960672796,14341422.9953,4.45071789313,7.47218247402,0.785264538559,0.0332502206176,8970.76386818,417.9687064,-821.055303058,0.830909376274,0.0802984898028,0.78185556545,438.723578956,4271.79231818
635,0.875,882,52.4992573581,89.7207566585,50.827931146,14350419.2269,4.52596401917,7.47218247402,0.789088842207,0.0334455102951,9024.5957123,-4.9914976087,-938.428526865,0.828681507118,0.0816882824837,0.785561472807,446.877048404,4297.42652966
635.5,0.875,882,46.5305868786,65.6863313189,50.8622244664,14360101.3743,4.62646091383,7.47218247402,0.795008415778,0.0337063344357,9102.91163883,-445.802970496,-853.160998509,0.826601916313,0.0836793605756,0.791310471782,458.38718988,4334.71982801
636,0.875,882,30.208641292,47.0618119701,50.8794777965,14364972.5646,4.73111878054,7.47218247402,0.800553771077,0.0339779577354,9170.90179678,-806.684191921,-567.532877091,0.823842374787,0.0856823031952,0.796680227517,469.677592915,4367.0960937
636.5,0.875,882,7.16513049676,37.9912420359,50.8418791874,14354357.2239,4.83979284148,7.47218247402,0.806267019129,0.0342600044458,9220.87590448,-999.495353106,-137.698243839,0.820990403024,0.0877763864482,0.802206681611,480.44569426,4390.89328785
637,0.875,882,-17.4726556384,40.4928661207,50.763809081,14332315.4305,4.85252963531,7.47218247402,0.80437275104,0.0342930608234,9170.95543939,-946.981041716,334.219986928,0.818052597421,0.0876358262653,0.800319622771,478.20433517,4367.1216378
637.5,0.875,882,-38.2226934598,54.0100610631,50.7076058991,14316447.3988,4.75320378949,7.47218247402,0.796311980546,0.034035275959,9060.8116341,-668.582549428,710.060272238,0.817709857332,0.085299071575,0.792461506168,464.42323131,4314.67220672
638,0.875,882,-50.4680016557,75.5351872159,50.7022787767,14314943.3746,4.64216261273,7.47218247402,0.790260294047,0.0337470857657,8991.87220536,-261.904765264,913.790612034,0.820391426548,0.0831557366815,0.786597305869,452.658408326,4281.84390732
638.5,0.875,882,-51.4839413804,100.278802457,50.7101000012,14317151.567,4.52045683665,7.47218247402,0.783640889825,0.033431217255,8921.23289935,180.973204619,906.449355109,0.823413075725,0.0808349944582,0.780177155629,440.161208916,4248.20614255
639,0.875,882,-41.044461252,122.735335656,50.7201946373,14320001.6193,4.39898750561,7.47218247402,0.777270035808,0.0331159624008,8854.0815875,560.498693304,702.768627171,0.826753730294,0.0785800992138,0.773996475146,428.053265735,4216.22932738
639.5,0.875,882,-21.4723948516,137.908102231,50.7247683243,14321292.9236,4.30288439898,7.47218247402,0.772846232532,0.0328665416573,8806.66505331,802.918537039,359.867810626,0.830117832406,0.0769022350941,0.769712644392,418.98890775,4193.65002539
640,0.875,882,2.87738070787,142.421090033,50.7323099722,14323422.1822,4.29647866657,7.47218247402,0.774836517133,0.0328499165699,8831.90482164,881.238296002,-48.3709528044,0.832800515379,0.0771142483463,0.771689145967,420.268967817,4205.66896269
640.5,0.875,882,26.5869254846,135.270137986,50.7566208722,14330285.9596,4.35876367093,7.47218247402,0.779937343728,0.0330115676616,8897.50729431,775.644332561,-455.532034798,0.832979989322,0.0785203076638,0.776676628351,428.342151729,4236.90823538
641,0.875,882,44.3807539067,118.046366657,50.7894328629,14339549.8783,4.43693366743,7.47218247402,0.78448587037,0.0332144457925,8959.74409953,490.433106792,-776.064553612,0.831238403429,0.0800337258456,0.781099150523,437.162781891,4266.5448093
641.5,0.875,882,52.2996552008,94.5821464273,50.8226354518,14348924.0759,4.52139468148,7.47218247402,0.789092526704,0.0334336512861,9022.81215323,81.8386723058,-934.089386186,0.829063706045,0.0816379023716,0.785569906269,446.508386432,4296.57721583
642,0.875,882,48.5816364683,70.0983769992,50.852943744,14357481.1171,4.59946421482,7.47218247402,0.793007092723,0.0336362686805,9077.15920975,-362.169518426,-884.088090875,0.826727872811,0.0830821628591,0.789359868435,454.949727482,4322.45676655
642.5,0.875,882,34.0539744184,50.0428125826,50.8775763022,14364435.7093,4.7052291411,7.47218247402,0.799242014379,0.033910765182,9155.61465267,-746.344957518,-636.081109142,0.824581661382,0.085193890896,0.795411678628,466.965398316,4359.81650127
643,0.875,882,11.9491423974,38.8779108803,50.8537487985,14357708.4108,4.82172963566,7.47218247402,0.805546360498,0.0342131241899,9217.22551468,-979.386180309,-228.919144973,0.821693831325,0.0874613187313,0.801514812405,478.944717036,4389.15500699
643.5,0.875,882,-12.8144301819,39.0879151958,50.7781357428,14336360.3247,4.8550424533,7.47218247402,0.805046850822,0.0342995824537,9183.74005015,-975.856330075,245.620324868,0.81853923541,0.0877663601031,0.800983120552,479.186981749,4373.20954769
644,0.875,882,-34.7267315886,50.6260985782,50.7146147702,14318426.2368,4.77687407829,7.47218247402,0.798086662894,0.0340967085311,9083.0859509,-736.215580986,649.322519461,0.817642277848,0.0858315356286,0.794190061958,467.451506201,4325.27902424
644.5,0.875,882,-48.9121713796,70.9251607889,50.7002219896,14314362.6751,4.65625883821,7.47218247402,0.790741847682,0.0337836703379,8996.41432648,-346.296255973,887.981368171,0.819750558334,0.0833842022657,0.787058499013,453.865235955,4284.00682213
645,0.875,882,-52.2144222762,95.4684647173,50.7080835934,14316582.2679,4.55483861762,7.47218247402,0.78596548762,0.0335204498478,8946.4108689,97.1290879182,927.415549718,0.823028098937,0.0815541546963,0.782441236221,444.041851508,4260.19565186
645.5,0.875,882,-43.898717874,118.795009446,50.7168937061,14319069.6564,4.42097613729,7.47218247402,0.778106731563,0.0331730304921,8862.1481662,495.230844433,754.991907983,0.825806950192,0.0789408426676,0.774802477419,429.962391014,4220.07055533
646,0.875,882,-25.8153416353,135.714528722,50.7232749477,14320871.2936,4.31311395823,7.47218247402,0.773084157064,0.0328930908955,8808.72690689,767.553368115,433.443217622,0.82950664435,0.0770471098833,0.769938187254,419.753516867,4194.63186042
646.5,0.875,882,-1.98793008862,142.46234968,50.7296826483,14322680.401,4.29473999138,7.47218247402,0.774432365247,0.0328454041075,8826.43105452,880.970055602,33.3821662846,0.832514077418,0.0770381256383,0.771290759773,419.81061703,4203.06240692
647,0.875,882,22.2818052816,137.537050323,50.7510875218,14328723.7103,4.34292825714,7.47218247402,0.778728508899,0.0329704692953,8882.04431868,810.719154277,-380.004358938,0.833028717229,0.0781743155293,0.775495917984,426.361726681,4229.54491366
647.5,0.875,882,41.5937338535,122.034532994,50.7847458795,14338226.5866,4.42092060199,7.47218247402,0.783636571136,0.0331728863588,8948.63899358,557.975258646,-724.476751682,0.831680446677,0.0797345536542,0.78027502649,435.448254197,4261.25666361
648,0.875,882,51.650860408,99.4041809379,50.8157083987,14346968.3379,4.49206378697,7.47218247402,0.787201844317,0.0333575274877,8999.22395083,166.680408316,-915.463724005,0.82950818676,0.0810371577443,0.783729830618,443.101875155,4285.34473849
648.5,0.875,882,50.2154268383,74.6813542555,50.8485925152,14356252.6201,4.5952741794,7.47218247402,0.793453863673,0.0336253940919,9080.73857597,-278.783080083,-913.867426348,0.827537403922,0.0831007142202,0.78980628777,454.973443365,4324.16122665
649,0.875,882,37.6068238859,53.366998523,50.8778857846,14364523.0865,4.69563362149,7.47218247402,0.798600817591,0.0338858614956,9148.54870279,-682.625783466,-700.772161269,0.824696535487,0.0849901629914,0.794788141369,465.854390811,4356.45176323
649.5,0.875,882,16.6305251938,40.2036584499,50.8636740585,14360510.6425,4.8072150185,7.47218247402,0.804667746819,0.0341754537469,9211.02027166,-951.109891515,-317.64295369,0.821954890786,0.0871634468242,0.800662649277,477.499883479,4386.20012936
650,0.875,882,-8.04614381503,38.1202393056,50.7937628532,14340772.3789,4.85992915994,7.47218247402,0.805812481944,0.0343122651447,9198.01245238,-996.961356354,154.620883826,0.818930753386,0.0879379174248,0.801734376384,480.419215032,4380.00592971
650.5,0.875,882,-30.9325078641,47.5803116792,50.7200667126,14319965.5019,4.79461842794,7.47218247402,0.799337917277,0.0341427612451,9098.96494151,-796.924812568,581.11890982,0.817510892094,0.0862197646835,0.795407434162,469.666824601,4332.84044834
651,0.875,882,-46.9362429771,66.4789648359,50.6985986588,14313904.3547,4.67976199662,7.47218247402,0.792110284404,0.033844669149,9011.01809855,-429.370055064,856.808260816,0.819270882472,0.0838494079805,0.788386606349,456.368153089,4290.96099931
651.5,0.875,882,-52.4964425873,90.6111592864,50.7064720342,14316127.271,4.56715535994,7.47218247402,0.786316616586,0.0335524160467,8949.66642298,10.8795305969,934.513581169,0.82238711185,0.0817420532543,0.782775716839,445.036623012,4261.7459157
652,0.875,882,-46.3759360491,114.607367912,50.7152118297,14318594.8066,4.44758043967,7.47218247402,0.779876131919,0.0332420778426,8881.27976062,426.110786669,803.063808485,0.825468364344,0.0794872491922,0.776526621625,432.909757139,4229.18083839
652.5,0.875,882,-29.9365649431,133.128321083,50.7223581205,14320612.4427,4.3228924605,7.47218247402,0.773166867395,0.0329184694852,8809.23578216,725.213586269,503.390882788,0.828768466366,0.0771651308915,0.770010501906,420.381299378,4194.87418198
653,0.875,882,-6.83616689959,142.053019337,50.727894068,14322175.4252,4.29366578649,7.47218247402,0.774092826287,0.0328426161749,8821.97443987,873.35714723,114.698730207,0.83224046603,0.0769783992858,0.770955684323,419.455565859,4200.94020946
653.5,0.875,882,17.7853105314,139.395675208,50.7463091379,14327374.6133,4.32390749073,7.47218247402,0.7772498013,0.0329211038391,8863.82679352,837.74930646,-301.638382307,0.8330588258,0.0777558044226,0.77405108848,423.999319234,4220.86990167
654,0.875,882,38.4494724599,125.747560302,50.7770176263,14336044.6431,4.40989802217,7.47218247402,0.783265151612,0.0331442789584,8941.82999231,621.092228683,-668.036317441,0.832212075569,0.0795594732779,0.779918669586,434.359871997,4258.01428205
654.5,0.875,882,50.5584453654,104.145444575,50.8092713777,14345150.9523,4.48639778028,7.47218247402,0.787045362075,0.033342822244,8995.23423858,250.386617636,-894.928261924,0.829814445634,0.0809515498172,0.783580877984,442.521647697,4283.44487551
655,0.875,882,51.4179256476,79.3959006938,50.8409501922,14354094.9376,4.56209958154,7.47218247402,0.790992780669,0.0335392945561,9050.43198165,-191.226735556,-927.234061726,0.827693986261,0.0823690576223,0.78740701146,450.832102835,4309.72951507
655.5,0.875,882,40.8366748888,57.0058189369,50.8761136033,14364022.7407,4.67189829527,7.47218247402,0.797619243721,0.0338242601288,9137.03751074,-611.784888147,-757.202020906,0.825607309861,0.0845765809624,0.793843397957,463.555139448,4350.97024321
656,0.875,882,21.169071304,41.9570981296,50.8712518821,14362650.1147,4.79120015096,7.47218247402,0.804047910857,0.0341338896361,9206.92115767,-914.989307327,-403.170356808,0.822601448578,0.0868877450652,0.800067925324,476.131369934,4384.24817032
656.5,0.875,882,-3.20875051942,37.59814965,50.8101904696,14345410.4426,4.86050836511,7.47218247402,0.806283169305,0.0343137683821,9209.29679671,-1008.53719122,61.7562970501,0.819363237476,0.0880157186484,0.802198988454,481.155333489,4385.37942701
657,0.875,882,-26.8726102137,44.8988600997,50.7317814397,14323272.9598,4.81924635723,7.47218247402,0.801237304867,0.034206679225,9124.34388363,-853.242748299,508.387589392,0.817495322602,0.0867843572906,0.797257669103,472.960744554,4344.92565887
657.5,0.875,882,-44.5571873533,62.2347869598,50.7002472612,14314369.8101,4.70448353813,7.47218247402,0.793392127099,0.0339088300849,9025.78818567,-509.703074177,817.963663299,0.81860618903,0.0843165208163,0.789627507384,458.940359506,4297.99437413
658,0.875,882,-52.3275800905,85.7486047147,50.7043236221,14315520.7026,4.59357605657,7.47218247402,0.787737716021,0.0336209868768,8964.66193364,-76.1389160185,937.142975098,0.821714109774,0.0822435418473,0.784153734815,447.728986071,4268.88663507
658.5,0.875,882,-48.4548393815,110.208377978,50.7129345335,14317951.85,4.46744017524,7.47218247402,0.78074853954,0.0332936207134,8890.12406131,351.419762898,842.620233304,0.824743101418,0.0798314156646,0.777369726866,434.745137978,4233.39241015
659,0.875,882,-33.8006683052,130.171691801,50.7214988486,14320369.8416,4.33644710793,7.47218247402,0.773721247145,0.0329536484753,8815.06313363,677.453983507,570.013269599,0.828218359729,0.0773912944897,0.770545974468,421.599111926,4197.64911125
659.5,0.875,882,-11.6256890629,141.196614671,50.7263725772,14321745.8576,4.29129323396,7.47218247402,0.773552662808,0.0328364585819,8815.35318528,857.796203133,194.787721825,0.831861512547,0.0768761897839,0.770423264572,418.873498101,4197.78723108
660,0.875,882,13.1360608446,140.830049237,50.7405011751,14325734.8318,4.30476742703,7.47218247402,0.775795427993,0.0328714287652,8845.53161964,857.274472225,-221.546305711,0.83312533358,0.0773404056814,0.772630272882,421.637636145,4212.15791411
660.5,0.875,882,34.9749752397,129.153558037,50.7714403774,14334469.9999,4.39288852647,7.47218247402,0.782422327128,0.0331001334441,8930.50227427,677.482664084,-605.179722851,0.832747772916,0.0792509675714,0.779101791143,432.580522719,4252.6201306
661,0.875,882,49.0317926356,108.765215451,50.8032843928,14343460.6269,4.46573409626,7.47218247402,0.785862501482,0.0332891928494,8979.92678592,330.439915895,-863.409294532,0.830287530289,0.0805511894084,0.782431816506,440.229312514,4276.15561234
661.5,0.875,882,52.1788048432,84.2015238953,50.8361915303,14352751.4087,4.55947896908,7.47218247402,0.791332620601,0.033532493162,9052.63321968,-104.571812719,-941.011415656,0.828265586099,0.0823893999316,0.787745981458,450.85903102,4310.77772366
662,0.875,882,43.7157867989,60.928020629,50.8697371805,14362222.464,4.64794573232,7.47218247402,0.795808094204,0.0337620949578,9114.43509615,-535.497603446,-805.232377364,0.825679351306,0.0840389333813,0.79207819029,460.492899892,4340.20718864
662.5,0.875,882,25.5257999454,44.1231699313,50.8768485903,14364230.252,4.76180170055,7.47218247402,0.802385225034,0.0340575905068,9190.40502468,-868.057228416,-482.985749463,0.823255086194,0.0863040428974,0.798457000097,473.036839684,4376.38334509
663,0.875,882,1.6562021759,37.5261303661,50.8260872395,14349898.6306,4.85474083403,7.47218247402,0.806615907282,0.0342987996476,9218.91432864,-1010.37543893,-31.8898913327,0.820158507842,0.0880000508328,0.802534498069,481.37074985,4389.95920411
663.5,0.875,882,-22.5819083915,42.6047743607,50.7449129686,14326980.4281,4.8399965241,7.47218247402,0.803002741342,0.0342605330725,9148.7844488,-902.295256466,429.907201597,0.817650388888,0.0872862116104,0.798979539158,475.94206183,4356.56402324
664,0.875,882,-41.7954378027,58.2290796658,50.7041505264,14315471.832,4.7239131062,7.47218247402,0.794361774466,0.0339592565225,9037.89807583,-585.834313029,770.679644637,0.818047113832,0.0846787770182,0.790565218409,460.983115116,4303.76098849
664.5,0.875,882,-51.7092851163,80.9225646372,50.7033068967,14315233.6472,4.60670227102,7.47218247402,0.788256544696,0.0336550539354,8970.01083222,-163.001793143,928.533870991,0.821186045997,0.0824656784282,0.78465307926,448.920280421,4271.43372963
665,0.875,882,-50.1175725324,105.635821803,50.7127211211,14317891.5965,4.50410405787,7.47218247402,0.783282256799,0.0333887761479,8918.29027612,274.527145163,879.943138454,0.824383306709,0.0806022829,0.779839198925,438.939424832,4246.80489339
665.5,0.875,882,-37.3744636105,126.87003485,50.7221849048,14320563.5381,4.37313791284,7.47218247402,0.775660731769,0.0330488737824,8836.84929844,627.224350985,635.805574283,0.827204882171,0.0780674594845,0.772429459975,425.294113187,4208.02347545
666,0.875,882,-16.3153602065,139.900491193,50.7256000592,14321527.75,4.29327971524,7.47218247402,0.77275746003,0.0328416141867,8806.05538641,835.066088759,273.031461385,0.83083758581,0.0767853256312,0.76963411919,418.365665743,4193.35970782
666.5,0.875,882,8.37398781769,141.827852821,50.7341458178,14323940.5025,4.29180872099,7.47218247402,0.774716952375,0.0328377964488,8831.24157149,870.562421457,-140.659485489,0.833069647443,0.0770464412885,0.77157535151,419.929812867,4205.35312928
667,0.875,882,31.2000840448,132.223272677,50.7640353286,14332379.3078,4.37335321596,7.47218247402,0.781215779586,0.0330494325683,8914.43921377,726.811667772,-537.063654266,0.833110882403,0.0788631850478,0.777927347065,430.338307338,4244.97105418
667.5,0.875,882,47.0840143732,113.223815158,50.7966700986,14341593.1912,4.4514983607,7.47218247402,0.785252685491,0.0332522462004,8970.83300822,407.598294516,-826.365686548,0.830831585369,0.0803054267356,0.781843034364,438.771894001,4271.82524201
668,0.875,882,52.491529366,89.0569491987,50.8293773809,14350827.5472,4.53111758353,7.47218247402,0.789474364043,0.033458885574,9029.42919276,-16.881500236,-939.647964027,0.828659878376,0.0818018188938,0.785937485384,447.523617322,4299.72818703
668.5,0.875,882,46.2194314253,65.0999164917,50.8625189534,14360184.5178,4.63620086597,7.47218247402,0.79563733468,0.0337316129744,9110.05205418,-457.663631565,-849.513329061,0.826459906062,0.0838815523413,0.791922013349,459.500097071,4338.1200258
669,0.875,882,29.663291934,46.6832698413,50.878414022,14364672.2255,4.73506814631,7.47218247402,0.800604255347,0.0339882077032,9171.04252483,-814.258632357,-557.60421973,0.82357601639,0.0857346077641,0.796725767736,469.944654972,4367.16310706
669.5,0.875,882,6.506930039,37.9048000151,50.8402788988,14353905.4091,4.84297189685,7.47218247402,0.80640992466,0.0342682551921,9221.8774591,-1001.75416663,-125.123701999,0.820883217723,0.0878343089825,0.802344323884,480.732470034,4391.37021862
670,0.875,882,-18.0972544887,40.7177579653,50.7617827179,14331743.3207,4.85277438295,7.47218247402,0.804307642526,0.0342936960281,9169.48264027,-942.528217842,346.111952639,0.817967019824,0.0876287793165,0.800254983395,478.127708342,4366.42030489
670.5,0.875,882,-38.6747145117,54.4962472767,50.7068267582,14316227.4214,4.74954850882,7.47218247402,0.796021330908,0.0340257892436,9057.29333387,-658.876502992,717.723020725,0.817703274546,0.0852144966662,0.792178138522,463.948493083,4312.99682565
671,0.875,882,-50.6468680925,76.174489072,50.701724887,14314786.9931,4.63477905505,7.47218247402,0.789779611674,0.0337279228842,8986.33112902,-249.862597509,915.319374686,0.820490494278,0.0830025015631,0.786129755532,451.814400949,4279.20529954
671.5,0.875,882,-51.3498545761,100.928972276,50.710029578,14317131.6842,4.51647309997,7.47218247402,0.783520933105,0.0334208780828,8919.89805853,192.273588279,903.398832698,0.823614886618,0.0807735497116,0.780062588112,439.825409515,4247.57050406
672,0.875,882,-40.6272561532,123.251707587,50.7206254959,14320123.265,4.39749424174,7.47218247402,0.777255897916,0.0331120868655,8854.08902597,569.2167146,695.474456766,0.826863586467,0.078561737496,0.773983975637,427.960513838,4216.23286951
672.5,0.875,882,-20.864901561,138.175781082,50.7234995937,14320934.7186,4.29970456241,7.47218247402,0.77263387346,0.0328582888834,8803.85484278,806.686039456,349.375234317,0.830159374014,0.0768376275834,0.769505522107,418.615962907,4192.3118299
673,0.875,882,3.53999206695,142.380515998,50.7326769893,14323525.8033,4.29601854049,7.47218247402,0.774882953916,0.0328487223839,8832.56388823,880.586713425,-59.512013588,0.832889596817,0.0771158033956,0.771735565916,420.28352368,4205.98280392
673.5,0.875,882,27.1572207587,134.930338978,50.7572803077,14330472.1402,4.36014024359,7.47218247402,0.780058462971,0.033015140343,8899.09609572,770.159936254,-465.507358372,0.832992884171,0.0785527023807,0.77679513264,428.530005434,4237.66480748
674,0.875,882,44.7318397067,117.482949559,50.7900509385,14339724.3816,4.43990663452,7.47218247402,0.784684624724,0.0332221616686,8962.18341628,480.961957173,-782.824024297,0.831200000457,0.0800952346945,0.781292791266,437.509405733,4267.7063887
674.5,0.875,882,52.3534132797,93.9204742014,50.823595305,14349195.0744,4.52324750357,7.47218247402,0.789160102662,0.0334384599992,9023.89861174,70.0497663302,-935.433873156,0.828981241301,0.0816683745551,0.785634822827,446.691922529,4297.09457702
675,0.875,882,48.3261054,69.4856748377,50.854395746,14357891.0656,4.6016563874,7.47218247402,0.79313043365,0.0336419581253,9079.05368397,-373.532552517,-879.939913231,0.826676793571,0.0831248382985,0.789479529428,455.209408014,4323.35889713
675.5,0.875,882,33.5460110713,49.6154096071,50.8781298698,14364591.9999,4.70991482348,7.47218247402,0.799551177028,0.0339229261457,9159.27364127,-755.22103329,-627.334656549,0.824521574943,0.0852928654603,0.795712244914,467.518071832,4361.5588768
676,0.875,882,11.3017710126,38.7309062692,50.8521746963,14357263.9892,4.82569445035,7.47218247402,0.805731217377,0.034223414253,9218.70454284,-982.9629382,-216.684579987,0.821566418941,0.0875344549596,0.801693055935,479.315542108,4389.85930612
676.5,0.875,882,-13.457166417,39.2540181687,50.7758814529,14335723.8635,4.85286955444,7.47218247402,0.80477262209,0.034293943031,9179.84521249,-971.852177255,257.722405008,0.818432362985,0.0877001223565,0.800714516125,478.782822887,4371.35486309
677,0.875,882,-35.2218208293,51.0683504399,50.7135501619,14318125.6624,4.77541319766,7.47218247402,0.798030102715,0.0340929170415,9082.08358768,-727.703990036,658.360481599,0.817700714827,0.0858065641318,0.794135760046,467.295887959,4324.80170842
677.5,0.875,882,-49.1494539342,71.5451584138,50.700109662,14314330.9612,4.65461862078,7.47218247402,0.790652098345,0.0337794134073,8995.37993791,-334.912087728,891.947305583,0.81979007832,0.0833526272365,0.786971491809,453.691360832,4283.51425615
678,0.875,882,-52.1411016567,96.1282557086,50.7083472102,14316656.6957,4.55106679033,7.47218247402,0.785713017979,0.0335106606536,8943.69305219,108.744229465,925.229656315,0.823072873528,0.0814754974613,0.782195406732,443.618195108,4258.90145342
678.5,0.875,882,-43.5311082642,119.347787196,50.7170567932,14319115.7013,4.41516069323,7.47218247402,0.777747732487,0.0331579374069,8858.20826654,504.004221995,747.581485681,0.825910698878,0.0788256058736,0.774453037995,429.337498797,4218.19441264
679,0.875,882,-25.2352379077,136.037297572,50.7215640982,14320388.2637,4.30869983613,7.47218247402,0.772886447575,0.0328816347246,8805.94302119,772.158217871,423.256736559,0.829668193389,0.0769711172562,0.769746782946,419.311220789,4193.30620057
679.5,0.875,882,-1.32440805949,142.483292039,50.729940945,14322753.3268,4.29452129669,7.47218247402,0.774530001423,0.0328448365193,8827.62947887,881.461457914,22.2435486348,0.832637651504,0.0770495550453,0.771387627887,419.877175984,4203.63308518
680,0.875,882,22.8811088304,137.251506417,50.7517210502,14328902.5765,4.34536571969,7.47218247402,0.778927332764,0.0329767953522,8884.49235845,806.436749633,-390.509603445,0.83303484677,0.0782293448061,0.775690291527,426.67250781,4230.71064688
680.5,0.875,882,41.9954710548,121.506037689,50.7824352083,14337574.2071,4.41592355786,7.47218247402,0.783177243372,0.033159917304,8942.6702646,547.886249437,-730.296248496,0.831612372402,0.0796133971972,0.779825545644,434.747027568,4258.41441171
681,0.875,882,51.7656428392,98.7503269336,50.8169936564,14347331.209,4.49770777832,7.47218247402,0.787778869823,0.033372175594,9006.16792624,155.379417031,-919.20170157,0.829646997642,0.0811835168048,0.784294897627,443.924604793,4288.65139345
681.5,0.875,882,50.017714867,74.0476271518,50.8498501281,14356607.6862,4.59612390396,7.47218247402,0.793371233455,0.0336275994205,9080.23750055,-290.321560953,-910.285961448,0.827381494627,0.0830981267485,0.789723642072,454.981781889,4323.92261931
682,0.875,882,37.1406093584,52.8944055905,50.8793336037,14364931.8541,4.69569147246,7.47218247402,0.798582792791,0.0338860116388,9148.8634623,-691.4550759,-692.107572229,0.824673236536,0.0849881423603,0.794770252579,465.869828326,4356.60164871
682.5,0.875,882,15.9995430421,39.9973538456,50.8620959181,14360065.0809,4.81055343365,7.47218247402,0.804927153991,0.0341841180869,9213.35542059,-955.835695095,-305.842500767,0.821953316308,0.0872405392912,0.800915329774,477.892555997,4387.31210504
683,0.875,882,-8.70149708532,38.2261267774,50.7916351401,14340171.6545,4.85962172777,7.47218247402,0.805699896902,0.0343114672521,9195.96921317,-994.610845625,167.161597839,0.818840664789,0.0879173796714,0.801623437161,480.266775362,4379.03295865
683.5,0.875,882,-31.4664130585,47.974830765,50.7193047934,14319750.3867,4.79258485505,7.47218247402,0.799187900344,0.0341374834213,9097.02089551,-789.072537884,590.819331893,0.81751915639,0.0861742402975,0.795261383533,469.404735452,4331.91471215
684,0.875,882,-47.2299036708,67.0743331777,50.6983578083,14313836.3545,4.67439490427,7.47218247402,0.79174522339,0.0338307396912,9006.87211639,-417.92825634,860.98744439,0.819325822673,0.0837352967671,0.788031355838,455.742748488,4288.98672209
684.5,0.875,882,-52.4845178906,91.2749046194,50.7064669143,14316125.8255,4.56613466768,7.47218247402,0.786376636119,0.0335497669979,8950.35568629,22.6944566577,934.27194343,0.822533386199,0.081739500995,0.782836160813,445.022637617,4262.07413633
685,0.875,882,-46.0610792632,115.191803768,50.71561523,14318708.6999,4.44603159054,7.47218247402,0.779781041572,0.0332380580443,8880.36276109,436.069483388,797.316112149,0.825496411356,0.0794565353062,0.776434092692,432.749365029,4228.74417195
685.5,0.875,882,-29.3888331884,133.503407727,50.7208469652,14320185.7932,4.32006459847,7.47218247402,0.772984037629,0.0329111302068,8806.67217362,730.939856892,493.788202982,0.828811402391,0.0771084479828,0.76983228834,420.047471617,4193.65341601
686,0.875,882,-6.17743307563,142.135298221,50.7280407395,14322216.8355,4.2938734544,7.47218247402,0.774182842783,0.0328431551448,8823.04283412,874.91307611,103.667134534,0.832319572432,0.0769933926751,0.771044592993,419.539690941,4201.44896863
686.5,0.875,882,18.4084750409,139.166838892,50.747454617,14327698.0202,4.32854916027,7.47218247402,0.777612087848,0.0329331505742,8868.28112878,835.002434045,-312.631883858,0.833053004957,0.077858048956,0.7744051109,424.576021591,4222.99101371
687,0.875,882,38.8984106116,125.258525946,50.7777073886,14336239.386,4.41150093261,7.47218247402,0.783269820644,0.0331484390644,8942.10722744,612.753660359,-676.010775971,0.832082274168,0.0795778451508,0.779921661134,434.471977995,4258.14629878
687.5,0.875,882,50.7332663025,103.505024631,50.8106385346,14345536.9463,4.48617739031,7.47218247402,0.786985715997,0.033342250256,8995.04341057,239.030764755,-897.948117417,0.829769894034,0.0809404667826,0.783522088822,442.484873762,4283.35400503
688,0.875,882,51.2797308868,78.7465916197,50.8422788741,14354470.0688,4.56654196041,7.47218247402,0.791348270481,0.0335508240631,9054.89329325,-203.196852619,-925.931021716,0.827700078138,0.0824706599744,0.787753980144,451.411798435,4311.85394917
688.5,0.875,882,40.4162134164,56.4920950657,50.8768020255,14364217.1052,4.67589768101,7.47218247402,0.797815248917,0.0338346399157,9139.46569407,-621.872110632,-750.083181574,0.825485219341,0.0846507451484,0.794032874388,463.974181504,4352.12652099
689,0.875,882,20.5598977812,41.6932654465,50.8709595235,14362567.5721,4.79306875014,7.47218247402,0.804087500613,0.0341387392962,9207.24151599,-920.2919124,-391.6867456,0.82249242372,0.0869149841815,0.800104960419,476.275161686,4384.4007219
689.5,0.875,882,-3.8710921097,37.6429121715,50.8079828169,14344787.1486,4.86055098796,7.47218247402,0.806236807459,0.0343138790031,9207.96991508,-1007.51343396,74.4918685587,0.819312748715,0.0880091946909,0.802153111098,481.077861542,4384.74757861
690,0.875,882,-27.4407457428,45.2422579537,50.7301254162,14322805.4092,4.81621912777,7.47218247402,0.80100084106,0.0341988225193,9121.11187535,-846.008607072,518.683606937,0.817494176893,0.0867144213107,0.797027299393,472.548752682,4343.38660731
690.5,0.875,882,-44.9047039855,62.8004125037,50.699732711,14314224.5354,4.7013534009,7.47218247402,0.793227552727,0.033900706298,9023.78356711,-498.956808511,823.744396519,0.818687825542,0.0842569794037,0.789468156239,458.606962861,4297.03979386
691,0.875,882,-52.3771537357,86.4106035963,50.7047107472,14315630.001,4.59034806503,7.47218247402,0.787567069426,0.0336126091242,8962.90790392,-64.2364506865,937.350483109,0.821799253662,0.0821826391376,0.783988335475,447.404267058,4268.05138282
691.5,0.875,882,-48.1954396698,110.819452323,50.7126712337,14317877.5116,4.46237543115,7.47218247402,0.780435076941,0.0332804759538,8886.54349164,361.584600847,837.040693727,0.824831635566,0.0797304547462,0.77706470386,434.190817359,4231.68737697
692,0.875,882,-33.2900128961,130.595874684,50.7221505378,14320553.8352,4.33448927951,7.47218247402,0.773698009488,0.0329485672346,8815.04849267,684.407330563,561.237540462,0.828358575301,0.0773666908872,0.770524894543,421.475910969,4197.64213937
692.5,0.875,882,-10.9774011943,141.339523401,50.7265568581,14321797.8863,4.29216601527,7.47218247402,0.77367258901,0.0328387237508,8816.76594091,860.492874126,183.990323213,0.831916225623,0.0769026428975,0.770541134708,419.020677017,4198.45997186
693,0.875,882,13.7777340635,140.659885946,50.7412852206,14325956.194,4.30797218269,7.47218247402,0.77602654275,0.0328797462127,8848.38826202,855.179237021,-232.579128126,0.833100866319,0.0774081349071,0.772855907278,422.01991825,4213.51822001
693.5,0.875,882,35.4672584903,128.70818486,50.7721284365,14334664.2619,4.39643940157,7.47218247402,0.782619174223,0.0331093491911,8932.93631338,670.363689741,-614.236042126,0.832658026041,0.0793183234396,0.779293015773,432.959910261,4253.77919685
694,0.875,882,49.2651505721,108.143730022,50.8041186693,14343696.171,4.47006986771,7.47218247402,0.786111282587,0.0333004456733,8982.99577141,319.839835041,-868.451945282,0.830188721678,0.0806352104777,0.782673515026,440.702979285,4277.61703401
694.5,0.875,882,52.1013142237,83.5422096534,50.8370054384,14352981.2021,4.56080507942,7.47218247402,0.791322400716,0.0335359348762,9052.79076552,-116.484703345,-939.796092093,0.828145578134,0.0824027347816,0.787734466749,450.946442568,4310.85274548
695,0.875,882,43.344689652,60.3775781042,50.8691718722,14362062.8586,4.6466049091,7.47218247402,0.795667679782,0.0337586150586,9112.65121265,-545.391968342,-798.038920978,0.825642894382,0.0840031224826,0.791940765559,460.286443037,4339.35772031
695.5,0.875,882,24.9436671369,43.8040751823,50.8758862287,14363958.5452,4.76948605664,7.47218247402,0.803022549373,0.0340775340641,9197.21123433,-875.912734596,-472.95244719,0.823291710199,0.0864867921846,0.799078549272,474.020564613,4379.6243973
696,0.875,882,0.992561002256,37.5093834799,50.8237312091,14349233.4447,4.85470670896,7.47218247402,0.806408638727,0.0342987110813,9215.70673636,-1010.23997816,-19.1029344237,0.819950464946,0.0879683357591,0.802329649271,481.1526541,4388.43177922
696.5,0.875,882,-23.1793946382,42.8941015986,50.742747678,14326369.0944,4.8373833715,7.47218247402,0.802800453554,0.0342537510392,9145.74794638,-896.091674916,440.939739391,0.817651306579,0.0872259645803,0.798782522837,475.572967147,4355.1180697
697,0.875,882,-42.1938256137,58.7601043523,50.7035455611,14315301.0301,4.7167531933,7.47218247402,0.793873050005,0.0339406740764,9032.24680576,-574.987263133,776.60029932,0.818117472128,0.0845256619958,0.79008974259,460.138591384,4301.06990751
697.5,0.875,882,-51.819931324,81.5771312742,50.7034537872,14315275.1193,4.6065037932,7.47218247402,0.788427746999,0.033654538817,8972.00115414,-151.290799075,930.784875466,0.821380551232,0.082488610409,0.784822635615,449.047717589,4272.38150197
698,0.875,882,-49.9158578337,106.268286226,50.7128493309,14317927.7944,4.50044306055,7.47218247402,0.783000412246,0.0333792745958,8915.18935549,285.345026832,875.521956963,0.824388744457,0.0805209829798,0.779564104388,438.498903435,4245.32826452
698.5,0.875,882,-36.9052704775,127.33967074,50.7224639069,14320642.3097,4.36990568218,7.47218247402,0.775501216109,0.0330404850278,8835.17694392,634.748372279,627.363870644,0.827305958561,0.0780094144309,0.772274783414,424.982571952,4207.22711615
699,0.875,882,-15.6830863248,140.10280235,50.7256176486,14321532.7161,4.29307319538,7.47218247402,0.772824935748,0.0328410781964,8806.82808107,838.531982036,262.475726777,0.830927678459,0.0767926254722,0.76970111758,418.405729173,4193.72765765
699.5,0.875,882,9.0286585263,141.717824057,50.7365105076,14324608.1333,4.29997598587,7.47218247402,0.775369371642,0.0328589933211,8839.3662799,870.840205911,-152.027255467,0.833075436353,0.077227793745,0.772213211358,420.957485057,4209.22203805
700,0.875,882,31.7314842591,131.825385912,50.7652437982,14332720.499,4.37557496771,7.47218247402,0.7811771203,0.0330551987813,8914.39955282,720.169786439,-546.368090664,0.83288199224,0.0788821206858,0.777886849408,430.462128878,4244.95216801
700.5,0.875,882,47.3739050383,112.626602074,50.7973253038,14341778.1774,4.45188464611,7.47218247402,0.785224685898,0.0332532487444,8970.74196012,397.128124032,-831.477478337,0.830769671186,0.0803056689104,0.781814930425,438.784536373,4271.78188577
701,0.875,882,52.4754084414,88.3932925244,50.830412699,14351119.852,4.53666493745,7.47218247402,0.78990130916,0.0334732828728,9034.58303988,-28.8063644301,-940.821999134,0.82864917388,0.0819258496939,0.786354051322,448.220426995,4302.18239994
701.5,0.875,882,45.9008858927,64.5174829683,50.8643171377,14360692.2052,4.63658922894,7.47218247402,0.795520749475,0.0337326209104,9109.36476846,-468.33034842,-843.589267739,0.826307104842,0.0838687424759,0.791806280976,459.462410874,4337.79274689
702,0.875,882,29.1131996772,46.3116536757,50.8790318963,14364846.672,4.74172715265,7.47218247402,0.801115459622,0.0340054901238,9176.99891407,-822.717959078,-548.245796325,0.82356539983,0.0858863769403,0.797223860192,470.787995139,4369.99948289
702.5,0.875,882,5.84768918053,37.8266875573,50.8381776913,14353312.1682,4.84369220363,7.47218247402,0.806288674536,0.0342701246369,9219.72822607,-1003.05835909,-112.424786529,0.820702565058,0.0878242462297,0.802223640827,480.637663263,4390.34677432
703,0.875,882,-18.7189597476,40.9505296056,50.7595423508,14331110.7904,4.85230182469,7.47218247402,0.804251821373,0.0342924695762,9168.047215,-937.845681347,357.91406956,0.817947632612,0.0876149574521,0.800200340466,478.010095627,4365.73676905
703.5,0.875,882,-39.1205518178,54.9881102271,50.7059457622,14315978.6869,4.74498377639,7.47218247402,0.795678739315,0.0340139421868,9053.16299541,-648.944244126,725.098162193,0.817715984685,0.0851119707891,0.791844401943,463.374191122,4311.02999781
704,0.875,882,-50.8176365418,76.8160015055,50.7014586863,14314711.8358,4.62795564527,7.47218247402,0.789366248432,0.0337102137799,8981.64623095,-237.873158011,916.880542113,0.820614248767,0.082865541905,0.785728168416,451.064140576,4276.97439569
704.5,0.875,882,-51.2075573829,101.57739465,50.7104644372,14317254.4594,4.51579544614,7.47218247402,0.783645360418,0.0334191193372,8921.46678095,203.711494023,901.028973736,0.823801485848,0.0807841406765,0.780186395073,439.890623467,4248.31751474
705,0.875,882,-40.2035551144,123.762762863,50.7209178982,14320205.8199,4.39486554367,7.47218247402,0.777066761516,0.0331052644864,8852.07978316,577.561021463,687.740113341,0.826882276761,0.0785058966549,0.773799414952,427.661254946,4215.27608722
705.5,0.875,882,-20.2540721567,138.435757051,50.7250621364,14321375.8765,4.30267251731,7.47218247402,0.772936272971,0.0328659917512,8807.7892668,811.881485711,339.499311987,0.830232513578,0.0769126827322,0.769801984099,419.050684426,4194.18536514
706,0.875,882,4.20203741253,142.331566779,50.7311275436,14323088.3431,4.28738579999,7.47218247402,0.774121906899,0.0328263174416,8823.49874079,877.409595412,-70.4528484991,0.832806450501,0.076914142361,0.770990602123,419.15886023,4201.66606704
706.5,0.875,882,27.7231738327,134.583356005,50.7583602707,14330777.0498,4.36337934684,7.47218247402,0.780541752725,0.0330235469343,8904.91790066,765.261774374,-475.861108262,0.833234892024,0.0786572367376,0.777270237117,429.118533771,4240.43709555
707,0.875,882,45.0757732799,116.915138179,50.7908338717,14339945.4298,4.44277276668,7.47218247402,0.784825860845,0.0332296002712,8964.02931501,471.345746129,-789.380082219,0.831109652545,0.0801472972955,0.781429618662,437.807288028,4268.5853881
707.5,0.875,882,52.3988005096,93.2581751263,50.8245432639,14349462.7148,4.52450896686,7.47218247402,0.789183872694,0.033441733932,9024.49018761,58.2306777923,-936.480560719,0.828901756879,0.0816858893944,0.785657018019,446.804388465,4297.37627981
708,0.875,882,48.0628474138,68.8762527358,50.8560669686,14358362.9075,4.60522806237,7.47218247402,0.793377846164,0.033651227855,9082.42106785,-385.007821896,-876.008028572,0.826642021097,0.0832012093934,0.789720438304,455.657579455,4324.96241326
708.5,0.875,882,33.0326840128,49.1944637713,50.8797313991,14365044.165,4.71135936861,7.47218247402,0.79956951696,0.033926675239,9160.04070994,-763.311784919,-617.912159105,0.824423697896,0.0853119459088,0.795728787734,467.652097893,4361.92414759
709,0.875,882,10.6525925743,38.592099134,50.8506740836,14356840.3163,4.82754928514,7.47218247402,0.805837612178,0.0342282281897,9219.34562885,-985.985175221,-204.312920367,0.821527148099,0.0875716787814,0.80179612738,479.491069764,4390.16458517
709.5,0.875,882,-14.0977509699,39.4282349765,50.7740179489,14335197.7342,4.85375902441,7.47218247402,0.804792693625,0.0342962515126,9179.38725631,-968.590167467,270.011200252,0.818382376521,0.0877133039067,0.80073334444,478.81963731,4371.13678872
710,0.875,882,-35.7112784116,51.5168271291,50.7123424719,14317784.6912,4.77257242759,7.47218247402,0.797785861399,0.0340855442623,9078.9254131,-718.711404531,666.943527523,0.817676792652,0.0857379136144,0.793897421047,466.899784318,4323.29781576
710.5,0.875,882,-49.3788779245,72.1681068051,50.7000069163,14314301.9527,4.65248236666,7.47218247402,0.790559670584,0.0337738690903,8994.32473727,-323.460117338,895.70397674,0.819866939758,0.0833151226559,0.78688236562,453.485384028,4283.01177965
711,0.875,882,-52.0594441348,96.787066846,50.7086371141,14316738.5452,4.54676006284,7.47218247402,0.785431574756,0.0334994832088,8940.6629922,120.304803296,922.784662134,0.823131197114,0.0813867214548,0.781921463812,443.139893957,4257.45856771
711.5,0.875,882,-43.1565384141,119.895872493,50.717177832,14319149.8746,4.40937889484,7.47218247402,0.777405141796,0.0331429316437,8854.43881177,512.686832711,740.095108296,0.826029195942,0.0787131626531,0.774119788169,428.727103408,4216.39943418
712,0.875,882,-24.6510992881,136.352705465,50.7233621806,14320895.9223,4.31191988661,7.47218247402,0.773290240868,0.0328899918674,8811.10451326,778.435127564,413.984069033,0.82982887547,0.0770633460388,0.77014335606,419.843415698,4195.76405393
712.5,0.875,882,-0.660674269189,142.495842783,50.7301484421,14322811.9102,4.29389339921,7.47218247402,0.774396430582,0.0328432069085,8826.19551182,881.38499065,11.0924666355,0.832547501791,0.0770238213977,0.771256013834,419.740375582,4202.95024372
713,0.875,882,23.4767538916,136.958407412,50.7523295038,14329074.3632,4.34728804955,7.47218247402,0.779096077488,0.0329817844619,8886.59655937,801.915834614,-400.916081452,0.833052445917,0.0782744559123,0.775855402517,426.92878592,4231.71264732
713.5,0.875,882,42.3904935506,120.972504848,50.787024822,14338870.0081,4.41558367104,7.47218247402,0.783099812873,0.0331590351803,8943.41184396,538.604931729,-737.161201432,0.831558693359,0.079598528982,0.779749262725,434.74440829,4258.76754474
714,0.875,882,51.8721484007,98.0950738291,50.8179679329,14347606.2797,4.50284505156,7.47218247402,0.788193156944,0.0333855085918,9011.15903063,143.957176797,-922.458299431,0.829656441053,0.081300741565,0.784699454733,444.582655564,4291.02810982
714.5,0.875,882,49.8120055041,73.4164506919,50.8506398442,14356830.6494,4.59809232106,7.47218247402,0.793390060565,0.0336327081425,9080.70946584,-301.908106508,-906.841351252,0.827239638984,0.0831229664615,0.789740159614,455.131921549,4324.14736469
715,0.875,882,36.668456375,52.4277455152,50.8798043401,14365064.7587,4.69931308804,7.47218247402,0.798814536135,0.0338954109817,9151.62512311,-700.784853175,-683.927519636,0.824619269325,0.085063485819,0.794995449928,466.291458141,4357.91672529
715.5,0.875,882,15.3660027045,39.7990442234,50.8609081348,14359729.73,4.81184222427,7.47218247402,0.804931369499,0.0341874629435,9212.95625692,-959.750460698,-293.769868454,0.82185476362,0.0872558819306,0.800918037813,477.954276891,4387.1220271
716,0.875,882,-9.35545906297,38.3402924348,50.7891703932,14339475.7744,4.85796963661,7.47218247402,0.805537040562,0.0343071795051,9193.25179295,-991.830374352,179.618292514,0.818805892287,0.0878738819827,0.801464339287,479.982573024,4377.73894902
716.5,0.875,882,-31.9952870509,48.3760693046,50.71856742,14319542.2016,4.78987816967,7.47218247402,0.799020879529,0.0341304586382,9094.90200634,-781.0111327,600.34395991,0.817563570697,0.0861185617463,0.79509926893,469.087805772,4330.9057173
717,0.875,882,-47.5160127195,67.6733671316,50.6985110777,14313879.6276,4.67000559898,7.47218247402,0.791473874277,0.0338193479285,9003.91330626,-406.576698514,865.285136899,0.819398961152,0.0836460492771,0.787767719824,455.259757383,4287.57776489
717.5,0.875,882,-52.4642013824,91.9384461065,50.706775514,14316212.9535,4.56574731191,7.47218247402,0.786460741511,0.0335487616759,8951.42055325,34.5098904541,934.012989281,0.822653055584,0.081747494502,0.782919768872,445.071574841,4262.58121583
718,0.875,882,-45.738857717,115.772211677,50.7158755754,14318782.2041,4.44502562268,7.47218247402,0.779712124726,0.0332354472104,8879.68557416,446.003132948,791.537571346,0.825507055835,0.0794355586182,0.776366913529,432.639560132,4228.42170198
718.5,0.875,882,-28.8364024185,133.871538559,50.7226703436,14320700.5937,4.32315155354,7.47218247402,0.773253362843,0.0329191419211,8810.32086808,737.864367068,484.9921958,0.828839291669,0.0771802256022,0.770095867946,420.468708927,4195.39088956
719,0.875,882,-5.5177115346,142.20924113,50.7281267956,14322241.132,4.29348549572,7.47218247402,0.774071816834,0.0328421482581,8821.81940624,875.930157999,92.5723077303,0.832233218984,0.0769734649601,0.770935062123,419.432527189,4200.86638392
719.5,0.875,882,19.0286961977,138.930141232,50.7482201358,14327914.1517,4.33132065997,7.47218247402,0.777841802213,0.0329403435728,8871.12126266,831.679872143,-323.436295546,0.833063879344,0.0779210293919,0.774629749417,424.932286724,4224.34345841
720,0.875,882,39.3411292506,124.763854063,50.778411043,14336438.0511,4.41255650505,7.47218247402,0.783280401619,0.0331511786394,8942.46281955,604.273595437,-683.836883505,0.832004791558,0.0795910209272,0.779931059513,434.555957424,4258.31562836
720.5,0.875,882,50.8999754378,102.862445352,50.8115542556,14345795.4848,4.48662924512,7.47218247402,0.78699354668,0.0333434229752,8995.45120992,227.683011569,-900.999722803,0.829740558084,0.0809466192536,0.783529368437,442.53445854,4283.5481952
721,0.875,882,51.1333369494,78.0990818664,50.8434166833,14354791.3103,4.57136615307,7.47218247402,0.791716044861,0.0335633445088,9059.42192222,-215.17891649,-924.535058367,0.827687588365,0.0825783846705,0.788112684944,452.021671929,4314.01043915
721.5,0.875,882,39.9892897479,55.9837288131,50.8773212003,14364363.6855,4.67942125652,7.47218247402,0.797963713712,0.0338437848108,9141.29792002,-631.780467087,-742.716684511,0.825352680756,0.0847125208749,0.794175848902,464.322253029,4352.99900954
722,0.875,882,19.9474369121,41.4371565841,50.8700780837,14362318.7123,4.79614697557,7.47218247402,0.804234362712,0.034146728354,9208.55331821,-925.747129295,-380.255379613,0.822396396613,0.0869721182858,0.800246686882,476.571728599,4385.02538962
722.5,0.875,882,-4.5328147465,37.6960461296,50.8056057719,14344116.0296,4.86043965683,7.47218247402,0.806146304373,0.0343135900604,9206.08296279,-1006.22572911,87.2024863456,0.81922959188,0.0879942349063,0.80206377623,480.951082399,4383.8490299
723,0.875,882,-28.0044937387,45.5928121759,50.7289124282,14322462.9422,4.81473822513,7.47218247402,0.800888645507,0.0341949790657,9119.42544313,-839.016310978,529.108646117,0.817497169499,0.0866807417063,0.796918043536,472.342627449,4342.58354435
723.5,0.875,882,-45.2450407517,63.3703870216,50.6998400067,14314254.8285,4.69993800082,7.47218247402,0.793156052304,0.0338970328461,9023.0311047,-488.349552064,829.730248132,0.818727768443,0.084230494633,0.789398983984,458.46474793,4296.68147843
724,0.875,882,-52.418352736,87.0731763908,50.7050981676,14315739.3826,4.58656528794,7.47218247402,0.787308332015,0.0336027915116,8960.16430786,-52.3287755714,937.189452586,0.821837760973,0.0821026844636,0.783736375615,446.97582224,4266.7449085
724.5,0.875,882,-47.9283339323,111.427197821,50.7130618648,14317987.7998,4.46097195286,7.47218247402,0.780423166882,0.033276833443,8886.56193549,372.065390194,832.235480088,0.824935412758,0.0797133056179,0.777054345562,434.104115357,4231.69615976
725,0.875,882,-32.7740347076,131.013566645,50.7223528328,14320610.9498,4.33190560349,7.47218247402,0.773530771573,0.0329418617032,8813.25395584,690.991115744,552.172577572,0.828397439264,0.0773148172102,0.770361888896,421.19667482,4196.78759802
725.5,0.875,882,-10.327358136,141.474223393,50.7266721001,14321830.4229,4.2923057254,7.47218247402,0.773750801668,0.0328390863468,8817.69038498,862.895618943,173.124167854,0.83198844031,0.0769152237115,0.770618425056,419.091130503,4198.90018332
726,0.875,882,14.4172043442,140.481622586,50.7420235602,14326164.6518,4.31047509217,7.47218247402,0.776221187922,0.032886242127,8850.82363768,852.799418652,-243.553650884,0.833096949873,0.0774630538738,0.77304612591,422.331620384,4214.67792271
726.5,0.875,882,35.953870839,128.256622586,50.7727432642,14334837.8483,4.39926694116,7.47218247402,0.782777183043,0.0331166876326,8934.91242611,663.009076452,-623.101076062,0.832587948209,0.0793721562847,0.779446530623,433.264250497,4254.72020291
727,0.875,882,49.4906314455,107.51934357,50.8050560533,14343960.8257,4.47404474505,7.47218247402,0.786350577649,0.0333107618524,8985.99787018,309.145837032,-873.310271143,0.830110059194,0.080713892673,0.782906191925,441.149287065,4279.04660485
727.5,0.875,882,52.0154930637,82.8839279554,50.8377851096,14353201.3293,4.56159292645,7.47218247402,0.791279343743,0.0335379796112,9052.56933067,-128.366556985,-938.305530432,0.828035592627,0.0824052543283,0.787691037127,450.974063287,4310.74730032
728,0.875,882,42.9666620715,59.8318719434,50.8693246375,14362105.9893,4.64605601561,7.47218247402,0.795603712627,0.0337571904905,9111.98478333,-555.339302155,-790.936583335,0.825621236879,0.0839875076012,0.791878092905,460.203646969,4339.04037301
728.5,0.875,882,24.3575460561,43.4923667542,50.875460848,14363838.4461,4.77118917113,7.47218247402,0.803170517884,0.0340819542342,9198.71932576,-882.231686765,-462.053160799,0.823306704042,0.0865283237003,0.799222941112,474.240261863,4380.34253608
729,0.875,882,0.328761126861,37.5010293804,50.8218231067,14348694.7238,4.85611638816,7.47218247402,0.806473220342,0.0343023696855,9215.72947785,-1010.6221917,-6.32875819568,0.819904371858,0.0879942211516,0.802391877289,481.258098859,4388.4426085
729.5,0.875,882,-23.7731747042,43.1909606541,50.7406924156,14325788.8253,4.8340845225,7.47218247402,0.802506740598,0.0342451893871,9141.72560781,-889.53731564,451.774407381,0.817613399475,0.087144153153,0.798495897467,475.088427401,4353.20267039
730,0.875,882,-42.5854670041,59.2961240225,50.7033241647,14315238.5225,4.70988667746,7.47218247402,0.793424980429,0.033922853097,9027.18802667,-564.156108683,782.469658524,0.818206312459,0.0843820001367,0.789654125288,459.352517168,4298.66096508
730.5,0.875,882,-51.9222919818,82.2330446536,50.7035964177,14315315.3886,4.60573944612,7.47218247402,0.788547175004,0.0336525550724,8973.41137718,-139.525397292,932.730792695,0.82156718415,0.082497638895,0.784941578237,449.0993931,4273.05303675
731,0.875,882,-49.7061620296,106.898149493,50.7129579056,14317958.4487,4.49592655723,7.47218247402,0.782666213341,0.0333675527102,8911.49906294,296.032263318,870.783374982,0.82440968622,0.0804226914265,0.779238080296,437.965505395,4243.57098235
731.5,0.875,882,-36.4301765172,127.803336346,50.7226640452,14320698.8154,4.36609827875,7.47218247402,0.775318548522,0.0330306035014,8833.22139043,642.078514415,618.75579985,0.827430692009,0.0779418098454,0.772097757236,424.617624044,4206.29590021
732,0.875,882,-15.048304856,140.297102511,50.7255573667,14321515.6965,4.29264662996,7.47218247402,0.772889953641,0.0328399711118,8807.54834681,841.831827696,251.866237782,0.831033830023,0.0767971862737,0.76976589709,418.429584248,4194.07064134
732.5,0.875,882,9.68188563204,141.59952607,50.737183047,14324798.0136,4.30179650502,7.47218247402,0.775524729803,0.0328637181968,8841.34067124,869.342207551,-163.119169297,0.833087393579,0.0772696490836,0.772365219206,421.19679858,4210.1622244
733,0.875,882,32.2578108888,131.420811637,50.7664527132,14333061.816,4.37727281761,7.47218247402,0.78126375355,0.033059605288,8915.78720927,713.518516746,-555.675866051,0.832830989868,0.0789131894272,0.777970885476,430.652182169,4245.61295679
733.5,0.875,882,47.6562210338,112.025771196,50.7984669593,14342100.5048,4.4529862657,7.47218247402,0.78526699886,0.0332561078276,8971.61266328,386.688206477,-836.66076775,0.83072236343,0.08032397293,0.781855669276,438.904276084,4272.19650632
734,0.875,882,52.4508971617,87.7298927485,50.8314090777,14351401.1629,4.54167685069,7.47218247402,0.79026714582,0.0334862905181,9039.03510623,-40.7561999811,-941.673241425,0.828618648155,0.0820350790068,0.786710708728,448.835621687,4304.30243154
734.5,0.875,882,45.5750012132,63.9391238747,50.8654637959,14361015.945,4.6390455881,7.47218247402,0.795580879168,0.0337389960106,9110.42916062,-479.189791862,-838.002346522,0.826169105945,0.0839052465582,0.791863097227,459.683118055,4338.29960029
735,0.875,882,28.5584524766,45.9470228913,50.879259969,14364911.0646,4.7451679132,7.47218247402,0.80131960215,0.0340144200854,9179.36076979,-830.263373436,-538.239153163,0.823498258194,0.0859558885403,0.797421890087,471.173248624,4371.12417609
735.5,0.875,882,5.18751332812,37.7569171519,50.8364712415,14352830.3805,4.8455832665,7.47218247402,0.806344578033,0.034275032598,9219.71956706,-1004.67612719,-99.7600163722,0.820609255811,0.0878543120211,0.802276745421,480.769928008,4390.34265098
736,0.875,882,-19.33767201,41.1911438237,50.7572667765,14330468.3199,4.8504354647,7.47218247402,0.804056615424,0.0342876257276,9165.03887644,-932.620685161,369.496733426,0.81789673928,0.0875641926214,0.800009496354,477.690299581,4364.30422688
736.5,0.875,882,-39.5601340927,55.4855712699,50.7050664788,14315730.4359,4.73977885422,7.47218247402,0.795322816985,0.0340004336167,9048.89073468,-638.862386427,732.258438102,0.817766187588,0.085000309428,0.791498174414,462.750225002,4308.99558794
737,0.875,882,-50.9802796992,77.459621944,50.7015870191,14314748.0684,4.62276408743,7.47218247402,0.789096826852,0.0336967398948,8978.7085765,-225.995499251,918.737354741,0.820755411239,0.082768034765,0.785467201638,450.53565818,4275.57551262
737.5,0.875,882,-51.057072553,102.2239659,50.7108721995,14317369.5843,4.51459951845,7.47218247402,0.78368676688,0.0334160154919,8922.09285099,215.072610297,898.315485996,0.823943522369,0.0807769415621,0.780228597518,439.858496129,4248.61564333
738,0.875,882,-39.7734258817,124.268419771,50.7211299285,14320265.6831,4.39166414357,7.47218247402,0.776846011896,0.0330969557478,8849.6910145,585.718526875,679.810524429,0.826915263779,0.0784392862466,0.773584134436,427.301966928,4214.13857833
738.5,0.875,882,-19.6400043048,138.687988569,50.7254110753,14321474.3936,4.30215199392,7.47218247402,0.772978116275,0.0328646408133,8808.39018988,816.123473568,329.211967987,0.83032160654,0.0769129511449,0.769843913272,419.057912204,4194.47151899
739,0.875,882,4.86341088938,142.274250205,50.7334676869,14323749.0436,4.29621126584,7.47218247402,0.774834427485,0.0328492225727,8832.28723445,878.773331335,-81.7579548656,0.83282103152,0.0771110382097,0.771687339034,420.270653278,4205.85106403
739.5,0.875,882,28.2846942156,134.229244546,50.7595032661,14331099.7555,4.36656321193,7.47218247402,0.780562198679,0.0330318101635,8905.51422726,759.583853064,-485.755459662,0.832987483069,0.0786951677395,0.777287280909,429.344803906,4240.7210606
740,0.875,882,45.4124996346,116.343023307,50.7919864778,14340270.8489,4.446235812,7.47218247402,0.785015695207,0.0332385880695,8966.55045861,461.725757706,-795.964857908,0.831020865979,0.0802129852036,0.781613921615,438.185997419,4269.78593267
740.5,0.875,882,52.4358096335,92.5953550977,50.8254414733,14349716.3093,4.52523915859,7.47218247402,0.789150008937,0.0334436290317,9024.41551754,46.3881055784,-937.211973626,0.82880574084,0.0816891017698,0.785622748894,446.837752758,4297.34072264
741,0.875,882,47.7919046021,68.2702081349,50.8573288449,14358719.1772,4.61020979138,7.47218247402,0.793750140196,0.0336641571619,9087.04583555,-396.599785188,-872.27062351,0.826621894699,0.0833117784433,0.790083355166,456.285761559,4327.1646836
741.5,0.875,882,32.5140753196,48.780042381,50.8797556295,14365051.0061,4.71501163498,7.47218247402,0.79972344833,0.0339361541313,9161.75532124,-771.645351647,-608.66959921,0.824287223472,0.0853761879375,0.795876977239,468.004697372,4362.74062916
742,0.875,882,10.0017108803,38.4615116688,50.8490105015,14356370.6316,4.83029758369,7.47218247402,0.805954922413,0.0342353609734,9220.03985107,-988.979178483,-191.924212955,0.821427877958,0.0876207667798,0.801908971225,479.728456589,4390.49516718
742.5,0.875,882,-14.7360814168,39.6105377636,50.7723219018,14334718.8836,4.85443820933,7.47218247402,0.80477272485,0.034298014232,9178.53887511,-965.086144339,282.233375115,0.818308324745,0.0877180355284,0.800712831598,478.813476819,4370.73279767
743,0.875,882,-36.1950260754,51.9714569382,50.7110944408,14317432.3305,4.76874160225,7.47218247402,0.797470166849,0.0340756019479,9074.95765262,-709.436211614,675.23128973,0.817658527152,0.0856474205321,0.793589524263,466.384033212,4321.40840601
743.5,0.875,882,-49.6004066678,72.7939063588,50.700374053,14314405.6076,4.65138487935,7.47218247402,0.790574060941,0.0337710207318,8994.63112047,-312.075046695,899.62600168,0.819970614715,0.083304991575,0.786897773572,453.436807336,4283.15767641
744,0.875,882,-51.9694627671,97.4447927912,50.7088943524,14316811.1722,4.54196288631,7.47218247402,0.785084645038,0.0334870328793,8936.88627961,131.796566395,920.025169567,0.823161164104,0.0812830119934,0.781583234983,442.579699973,4255.66013315
744.5,0.875,882,-42.7750682141,120.439177704,50.7177547482,14319312.7573,4.40342344578,7.47218247402,0.777061512161,0.0331274751972,8850.81848717,521.257054717,732.503561352,0.826161231728,0.0785987394261,0.773785668939,428.113613803,4214.67547008
745,0.875,882,-24.0630191751,136.660701968,50.7237727797,14321011.8481,4.31149614123,7.47218247402,0.773411091828,0.0328888921018,8812.62060001,783.747574172,404.180222548,0.829994454033,0.0770758697866,0.770263400716,419.918443739,4196.48600001
745.5,0.875,882,0.00316515709921,142.499999905,50.7287040668,14322404.1149,4.28464013439,7.47218247402,0.773674846209,0.0328191914914,8817.6218744,879.08463617,-0.052998875849,0.832559363932,0.0768210858146,0.770550704211,418.61173227,4198.86755924
746,0.875,882,24.068645227,136.657800173,50.7530616076,14329281.0605,4.3497192246,7.47218247402,0.77953138164,0.0329880942006,8891.7604488,797.707917915,-411.501373833,0.83331189459,0.0783631242561,0.776283846333,427.424736574,4234.17164228
746.5,0.875,882,42.7787381804,120.434019775,50.7867302224,14338786.8328,4.41767709479,7.47218247402,0.783201423054,0.0331644683378,8944.43701172,529.48533476,-744.256416775,0.831490816,0.0796362317128,0.779847691304,434.945283821,4259.25571986
747,0.875,882,51.9703600631,97.4385263937,50.8188942946,14347867.8225,4.50744515739,7.47218247402,0.788500817047,0.0333974474548,9014.92822998,132.442361055,-925.328059266,0.829598281101,0.0813965827843,0.784999060058,445.12297882,4292.82296666
747.5,0.875,882,49.598331641,72.7879257952,50.8513672899,14357036.0315,4.59958966985,7.47218247402,0.793386054383,0.0336365942796,9080.90528413,-313.420638837,-903.153251791,0.827112661533,0.083139173344,0.789734594418,455.233685242,4324.24061149
748,0.875,882,36.1904404289,51.967092912,50.8800701649,14365139.8099,4.70143734902,7.47218247402,0.798941347697,0.0339009241724,9153.13749183,-709.741566052,-675.358836145,0.824578222454,0.0851063381372,0.795118520052,466.53123597,4358.63690087
748.5,0.875,882,14.7300054787,39.6087612913,50.8594703341,14359323.791,4.81410814261,7.47218247402,0.805051848562,0.034193343784,9213.77587594,-963.819454652,-281.73679019,0.821796969902,0.0872998661267,0.801034579158,478.168169383,4387.51232187
749,0.875,882,-10.0079251852,38.4627180239,50.7871666921,14338910.0627,4.85835854706,7.47218247402,0.805507183916,0.034308188862,9192.18283482,-989.401009573,192.129869918,0.818744764382,0.0878738102448,0.80143438199,479.944310039,4377.22992134
749.5,0.875,882,-32.519045279,48.7839631437,50.7177549576,14319312.8164,4.78602555331,7.47218247402,0.798711131661,0.0341204597686,9091.15674836,-772.524442166,609.514141342,0.817553114848,0.0860285388955,0.794797312596,468.582438469,4329.12226113
750,0.875,882,-47.7945243768,68.2759709171,50.6989358293,14313999.5491,4.66626560939,7.47218247402,0.79128298817,0.0338096413642,9001.95234667,-395.278371039,869.6426279,0.819503090062,0.0835759993079,0.787582955349,454.88611888,4286.64397461
750.5,0.875,882,-52.4354963111,92.6016776531,50.7070335674,14316285.8105,4.56487322596,7.47218247402,0.786489861726,0.0335464931211,8951.85150297,46.314697418,933.449285202,0.822755053056,0.0817420500124,0.782949492023,445.046462259,4262.78642999
751,0.875,882,-45.4093229309,116.348498837,50.7160933024,14318843.6757,4.44162361933,7.47218247402,0.779467736628,0.0332266178371,8877.03512828,455.563564263,785.123780039,0.825531076706,0.0793630062661,0.7761285163,432.24812074,4227.1595849
751.5,0.875,882,-28.2793609621,134.23265472,50.7230926458,14320819.8237,4.32307262983,7.47218247402,0.773335146722,0.0329189370868,8811.39464987,744.053910378,475.697631989,0.828933623378,0.0771909769663,0.77017690088,420.534283488,4195.90221422
752,0.875,882,-4.85710776017,142.274836243,50.7281720382,14322253.9055,4.29210552652,7.47218247402,0.773964654936,0.0328385667616,8820.63662465,876.68839572,81.4573572326,0.832235426531,0.0769432879409,0.770830324389,419.268838858,4200.3031546
752.5,0.875,882,19.6458748338,138.685620074,50.7488078525,14328080.0837,4.33326874894,7.47218247402,0.778032259293,0.0329453995363,8873.46365767,828.056889964,-334.141826491,0.833102561991,0.0779694318958,0.774816341813,425.206092015,4225.45888461
753,0.875,882,39.77755759,124.263623746,50.7792507931,14336675.1406,4.41382855559,7.47218247402,0.783329776871,0.0331544800497,8943.30404436,595.756327685,-691.629461322,0.831950338224,0.079612155622,0.779978630192,434.685726844,4258.7162116
753.5,0.875,882,51.058546116,102.217809481,50.8122952539,14346004.6934,4.48683710449,7.47218247402,0.786976419246,0.0333439624421,8995.51653454,216.277919206,-903.831094162,0.829705208871,0.0809464482579,0.7835122059,442.546430968,4283.57930216
754,0.875,882,50.9787672423,77.4534749649,50.844499513,14355097.0292,4.57564701865,7.47218247402,0.792047496844,0.033574454833,9063.52477111,-227.126514869,-922.855508096,0.827681843037,0.0826747738572,0.78843602343,452.568568258,4315.96417672
754.5,0.875,882,39.5559721446,55.4808014622,50.8777375439,14364481.2332,4.68170571467,7.47218247402,0.798029322015,0.0338497137684,9142.16561558,-641.400607361,-734.988807186,0.825235108964,0.0847480416666,0.794238233373,464.524550489,4353.41219789
755,0.875,882,19.3317866238,41.1888124921,50.869489384,14362152.5028,4.80076518541,7.47218247402,0.804534644524,0.0341587142031,9211.69631304,-931.505556889,-368.924985932,0.822334152358,0.087069872702,0.800538349652,477.096340228,4386.52205383
755.5,0.875,882,-5.1938126262,37.7575430286,50.8034402789,14343504.6387,4.86039726655,7.47218247402,0.806020271673,0.034313480043,9203.86890899,-1004.73376343,99.8880835434,0.819104869301,0.0879746904705,0.801939241524,480.803268872,4382.79471857
756,0.875,882,-28.563764063,45.9504667158,50.7276118871,14322095.7561,4.81228580387,7.47218247402,0.800699106339,0.0341886141857,9116.84516569,-831.675451844,539.297005265,0.817498308966,0.0866244173097,0.796733412478,472.011500371,4341.3548408
756.5,0.875,882,-45.5781432349,63.9446193799,50.7000789041,14314322.2773,4.69885509893,7.47218247402,0.793135822438,0.0338942223418,9022.90089152,-477.737537723,835.696482062,0.818793924972,0.0842153512375,0.789380152878,458.38664256,4296.61947215
757,0.875,882,-52.4511705041,87.7362171585,50.7054157267,14315829.0402,4.58226175554,7.47218247402,0.787000206143,0.0335916223591,8956.84355989,-40.4289390406,936.726410339,0.821867225107,0.0820097474984,0.78343610006,446.475455808,4265.16359995
757.5,0.875,882,-47.6535648769,112.0315173,50.7134625124,14318100.916,4.45948290523,7.47218247402,0.780418062449,0.0332729688503,8886.66189475,382.482835873,827.299835308,0.825053511761,0.0796961984221,0.777050808255,434.017810339,4231.7437594
758,0.875,882,-32.25281624,131.424700899,50.7224359146,14320634.4066,4.33138234138,7.47218247402,0.773528054426,0.0329405036574,8813.25792756,697.865277801,543.350225267,0.828438677098,0.0773087399349,0.770359712404,421.16494667,4196.78948932
758.5,0.875,882,-9.67566382429,141.600693111,50.7267575256,14321854.5414,4.29167161018,7.47218247402,0.773714232915,0.0328374405988,8817.31293116,864.882873967,162.174487034,0.832003067311,0.0769031530031,0.770582842255,419.026771647,4198.72044341
759,0.875,882,15.0543694411,140.295287659,50.7426528481,14326342.3208,4.31255879168,7.47218247402,0.776402835448,0.0328916500466,8853.07846586,850.204810232,-254.483032298,0.833114726119,0.0775115664716,0.773223887757,422.606594872,4215.75165041
759.5,0.875,882,36.4347344809,127.798943415,50.7732922977,14334992.8587,4.40155358386,7.47218247402,0.782903377991,0.0331226222599,8936.51078413,655.448929212,-631.792995887,0.832529617246,0.0794154748564,0.779569105166,433.51008652,4255.48132577
760,0.875,882,49.7081992034,106.89215593,50.8062395278,14344294.96,4.47785514607,7.47218247402,0.786591101733,0.0333206511587,8989.10308305,298.377012358,-878.027886419,0.830046456322,0.0807909595526,0.78314024796,441.591075763,4280.52527764
760.5,0.875,882,51.921355085,82.2267840544,50.8385298204,14353411.586,4.56185091789,7.47218247402,0.791198930855,0.0335386491881,9051.91714813,-140.209779352,-936.534092339,0.827930188228,0.082396392344,0.787611213546,450.938775965,4310.43673721
761,0.875,882,42.5817645006,59.2909894003,50.8717113949,14362779.8505,4.64675574123,7.47218247402,0.795651816618,0.0337590065201,9113.37865656,-565.44977668,-784.064636316,0.825614145103,0.0840024796207,0.791924912619,460.328878753,4339.70412217
761.5,0.875,882,23.7675304185,43.1880944865,50.8755377302,14363860.1525,4.77694345741,7.47218247402,0.803602387618,0.0340968885939,9203.58738293,-889.342385406,-451.54052085,0.823287590102,0.0866585136403,0.799643481316,474.955236093,4382.66065854
762,0.875,882,-0.335091314538,37.5010694032,50.8194736246,14348031.3867,4.85658891457,7.47218247402,0.806356916635,0.0343035960547,9213.55089587,-1010.388156,6.44912746867,0.819748681586,0.0879820454765,0.802276369701,481.147017907,4387.40518851
762.5,0.875,882,-24.3631536491,43.4953040622,50.738944139,14325295.2286,4.8326828487,7.47218247402,0.802385287545,0.0342415515596,9139.73929286,-883.345529414,462.772251799,0.817600693868,0.0871099059866,0.798377415638,474.868995271,4352.25680612
763,0.875,882,-42.970299354,59.8370529717,50.7034591579,14315276.6356,4.71100823415,7.47218247402,0.793548863021,0.0339257639239,9028.62263413,-554.42354593,789.834816709,0.818244067239,0.0844129942718,0.789775412289,459.523687631,4299.34411149
763.5,0.875,882,-52.0163507231,82.8901999007,50.70371029,14315347.5385,4.60447891238,7.47218247402,0.788419429655,0.0336492835521,8972.02237832,-127.670089108,934.053284078,0.821536693513,0.0824648513026,0.784816551585,448.922920915,4272.39160872
764,0.875,882,-49.4885186486,107.525310895,50.713016321,14317974.9413,4.49087011102,7.47218247402,0.782302566604,0.0333544294865,8907.46411119,306.605922522,865.803351813,0.824444225217,0.0803142325002,0.778883462233,437.375867906,4241.64957676
764.5,0.875,882,-35.9492576931,128.260957533,50.7228607284,14320754.3457,4.36177421453,7.47218247402,0.775109142744,0.0330193810617,8830.96760914,649.213880692,609.988839797,0.827570386224,0.0778647821715,0.771894771577,424.201276286,4205.22267102
765,0.875,882,-14.411117296,140.483360608,50.7255303343,14321508.0644,4.29170511886,7.47218247402,0.772927690595,0.0328375275655,8807.97688518,844.894520009,241.185885486,0.831154421664,0.0767922924899,0.769804171149,418.402474515,4194.27470723
765.5,0.875,882,10.3335646897,141.472977773,50.7378226007,14324978.5809,4.30349757157,7.47218247402,0.775684069246,0.0328681330519,8843.35009649,867.693567576,-174.195626508,0.833113786745,0.0773107742854,0.772521283611,421.431596305,4211.11909357
766,0.875,882,32.7789797791,131.009614539,50.7676125693,14333389.2821,4.3783694554,7.47218247402,0.781305902632,0.0330624514417,8916.6600651,706.629490455,-564.808863466,0.832783340008,0.0789312862031,0.778011498142,430.7706244,4246.02860243
766.5,0.875,882,47.9309172199,111.421418591,50.7995636358,14342410.1332,4.45346730396,7.47218247402,0.785276118046,0.033257356288,8972.09791796,376.125434989,-841.589319216,0.830691810536,0.0803306167704,0.781864198778,438.959531775,4272.42757998
767,0.875,882,52.4179994462,87.0668559427,50.8323814371,14351675.6924,4.54613100686,7.47218247402,0.790605412501,0.0334978505913,9043.17217008,-52.725576131,-942.254852276,0.828605319421,0.0821341217465,0.787040666239,449.394703266,4306.27246194
767.5,0.875,882,45.2418294929,63.3649316853,50.8663664883,14361270.8052,4.64162686498,7.47218247402,0.795665590824,0.0337456953153,9111.68438069,-490.007505296,-832.317595093,0.826046507196,0.0839467862637,0.791944089851,459.927021311,4338.89732414
768,0.875,882,27.9991390313,45.5894357894,50.8797600236,14365052.2467,4.7515963559,7.47218247402,0.801754342236,0.0340311041138,9184.40720496,-838.362088149,-528.554795055,0.823427715305,0.086093788911,0.797844596931,471.938435736,4373.52724046
768.5,0.875,882,4.52650803809,37.6954999548,50.8343581658,14352233.7888,4.84622489347,7.47218247402,0.806223400768,0.0342766978415,9217.56822625,-1005.64816512,-87.0302650631,0.820434988877,0.0878433542911,0.802156224851,480.670001747,4389.31820298
769,0.875,882,-19.9532923492,41.4395621475,50.7548573756,14329788.0657,4.84816815065,7.47218247402,0.803863294317,0.0342817412648,9162.00918158,-927.202781091,380.983965059,0.817879473116,0.0875091565333,0.799820968253,477.344738894,4362.86151504
769.5,0.875,882,-39.9933910511,55.9885508655,50.7047194176,14315632.4489,4.73695252,7.47218247402,0.795162328052,0.0339930983035,9046.9880087,-629.130934716,739.782635986,0.81782718524,0.0849445902583,0.791342577693,462.440553641,4308.08952795
770,0.875,882,-51.1347715596,78.1052474784,50.7017208931,14314785.8655,4.61714810662,7.47218247402,0.788732168731,0.0336821644855,8974.70104736,-214.060620031,920.232756865,0.820832087249,0.0826518459635,0.78511247255,449.905577359,4273.66716541
770.5,0.875,882,-50.8984241474,102.868582646,50.7112392627,14317473.2185,4.51279368971,7.47218247402,0.783691445389,0.0334113287428,8922.29627276,226.363467773,895.323448704,0.824097232431,0.0807576670606,0.780235091287,439.75990598,4248.71251084
771,0.875,882,-39.336937229,124.768597462,50.7213288635,14320321.8491,4.3878607239,7.47218247402,0.776593702368,0.0330870845605,8846.94711249,593.683737481,671.689444506,0.826965079061,0.0783616052339,0.773338213557,426.882144253,4212.83195833
771.5,0.875,882,-19.0227961895,138.932435308,50.7257553655,14321571.5982,4.30122567181,7.47218247402,0.773003525283,0.0328622366875,8808.80789356,820.163111367,318.843638409,0.830427480198,0.0769064819651,0.769869969366,419.028353183,4194.67042551
772,0.875,882,5.52400674973,142.20857544,50.7340781782,14323921.4056,4.29787334067,7.47218247402,0.774990208954,0.0328535362308,8834.24626247,878.147526413,-92.9137181453,0.83284698121,0.0771511992488,0.771839925938,420.49965883,4206.78393451
772.5,0.875,882,28.8416921255,133.868061222,50.7606221885,14331415.6645,4.36913354275,7.47218247402,0.780722150324,0.0330384810594,8907.6912093,753.903401097,-495.664708703,0.832940906735,0.0787462675123,0.777443015655,429.642534969,4241.75771871
773,0.875,882,45.7419649312,115.766696417,50.7931074582,14340587.339,4.4490940863,7.47218247402,0.785173863368,0.0332460062782,8968.70820894,451.950728217,-802.319165263,0.83094920358,0.0802674327909,0.781767505006,438.502787577,4270.81343283
773.5,0.875,882,52.4644347338,91.9321200947,50.826315912,14349963.1925,4.52543172561,7.47218247402,0.789089745996,0.0334441288096,9024.03882665,34.53215804,-937.679886814,0.828726510885,0.0816824826465,0.785562924925,446.81692063,4297.16134602
774,0.875,882,47.5133202864,67.667637936,50.8585666222,14359068.643,4.61459393628,7.47218247402,0.794089676304,0.0336755355316,9091.29695803,-408.102295562,-868.25992804,0.826616587121,0.0834108861334,0.790414498716,456.850796159,4329.18902763
774.5,0.875,882,31.9902679124,48.3722116983,50.8799581477,14365108.1837,4.72013727887,7.47218247402,0.800008691368,0.0339494569469,9165.01013221,-780.203464367,-599.573478907,0.824167161586,0.0854766781463,0.796153383077,468.559282271,4364.29053915
775,0.875,882,9.34923000106,38.3391647533,50.8473474727,14355901.1031,4.8311712491,7.47218247402,0.805886509642,0.0342376284367,9218.64779463,-991.258388351,-179.391266496,0.821288606606,0.0876204415008,0.801840345615,479.695297035,4389.83228316
775.5,0.875,882,-15.3720556942,39.8008973812,50.7704575709,14334192.5208,4.85458829477,7.47218247402,0.804761255978,0.0342984037556,9177.73291935,-961.369439814,294.392206246,0.818284787415,0.087718014659,0.800701323546,478.778200038,4370.34900921
776,0.875,882,-36.6729864737,52.4321671759,50.7097166978,14317043.3477,4.76434715889,7.47218247402,0.79712453342,0.0340641968501,9070.61237634,-699.974643894,683.301609856,0.817654490991,0.0855461338219,0.793252639627,465.807175498,4319.33922683
776.5,0.875,882,-49.8140047435,73.4224570152,50.7008253689,14314533.0292,4.65024792839,7.47218247402,0.790600092414,0.0337680699515,8995.099469,-300.648121747,903.420185763,0.820089579889,0.0832961374862,0.786924737286,453.396685538,4283.38069952
777,0.875,882,-51.8711719405,98.1013283797,50.7091318932,14316878.2379,4.53655940377,7.47218247402,0.784691254086,0.0334730089765,8932.58402085,143.21401312,916.970446163,0.823192211237,0.0811658827804,0.781199658244,441.946080963,4253.6114385
777.5,0.875,882,-42.386758658,120.977615958,50.718509726,14319525.9126,4.39778219848,7.47218247402,0.776758161932,0.0331128342127,8847.7123405,529.783668325,724.904476843,0.826310011173,0.0784935906822,0.773491084719,427.553615678,4213.19635262
778,0.875,882,-23.4710915977,136.961237837,50.7241547411,14321119.6886,4.31065114986,7.47218247402,0.77349059587,0.0328866990575,8813.6632105,788.82876152,394.254346119,0.830151362899,0.077077949634,0.770342927892,419.936099349,4196.98248119
778.5,0.875,882,0.667004077307,142.495762739,50.7309409409,14323035.659,4.29447091033,7.47218247402,0.77447519248,0.0328447057493,8827.35712749,881.610660423,-11.2016260821,0.832583019323,0.0770412529747,0.771333419348,419.84848606,4203.50339404
779,0.875,882,24.6566881982,136.349732762,50.7540778143,14329567.9696,4.35311045402,7.47218247402,0.779542186091,0.0329968956118,8892.20024277,792.864744483,-421.780614972,0.833036259004,0.0784018985931,0.776291154988,427.653352694,4234.38106799
779.5,0.875,882,43.1601428673,119.890668572,50.7863820182,14338688.5231,4.4205525527,7.47218247402,0.783339602235,0.0331719311439,8945.84919278,520.362027766,-751.36825418,0.831396154209,0.0796878312986,0.779981511953,435.221134746,4259.92818704
780,0.875,882,52.0602621234,96.7807896035,50.8198067372,14348125.4355,4.51151138286,7.47218247402,0.788745665099,0.0334080007138,9017.98532287,120.855630541,-927.882469881,0.829518408933,0.0814774054173,0.785237066835,445.580963309,4294.27872517
780.5,0.875,882,49.376727442,72.1621529574,50.852083493,14357238.2395,4.60056150286,7.47218247402,0.793354854887,0.0336391165218,9080.79424109,-324.849403232,-899.211682033,0.827000456571,0.0831454952706,0.789702692504,455.281125652,4324.18773385
781,0.875,882,35.7066379505,51.5125214353,50.8804327064,14365242.1675,4.70410575514,7.47218247402,0.799124773806,0.0339078496076,9155.32228288,-718.71931079,-666.789594316,0.824551584003,0.0851637646873,0.795296975701,466.852686635,4359.67727756
781.5,0.875,882,14.0916530548,39.4265354738,50.8582288209,14358973.2704,4.8146273507,7.47218247402,0.805021315384,0.0341946913082,9212.97209569,-967.27238625,-269.518155505,0.821724384914,0.0873011994369,0.801003805056,478.152127461,4387.12956938
782,0.875,882,-10.6587911285,38.5933839698,50.784952737,14338284.9894,4.85786214741,7.47218247402,0.80545475595,0.0343069005335,9190.79355612,-986.653789787,204.575548317,0.818730759128,0.0878602139592,0.801383123175,479.828213749,4376.56836006
782.5,0.875,882,-33.0376039987,49.1984470636,50.7169581189,14319087.8422,4.78246881296,7.47218247402,0.798447639612,0.0341112287993,9087.9365544,-764.023093997,618.640483235,0.817566460595,0.0859488336159,0.794540752342,468.133587456,4327.58883543
783,0.875,882,-48.0653941112,68.8820481832,50.6992190685,14314079.517,4.66174016576,7.47218247402,0.791023115682,0.0337978962754,8999.17079735,-383.845627146,873.649656307,0.819599248859,0.0834869994628,0.787330799764,454.406789158,4285.31942731
783.5,0.875,882,-52.3984072664,93.2644932144,50.7073092003,14316363.6309,4.56340104237,7.47218247402,0.78649267323,0.0335426722963,8951.99825341,58.1033547837,932.617422533,0.822878509584,0.0817261231221,0.782953815183,444.96458537,4262.85631115
784,0.875,882,-45.0725275945,116.920573104,50.716312817,14318905.652,4.43764890778,7.47218247402,0.779193887233,0.0332163020882,8874.05835159,464.971639006,778.491860069,0.825571537482,0.0792799574747,0.77586153724,431.799536001,4225.74207219
784.5,0.875,882,-27.7177978854,134.586698469,50.7234748406,14320927.73,4.32249790587,7.47218247402,0.773392683071,0.0329174454797,8812.18547605,750.039348752,466.269981599,0.829043864936,0.0771928947923,0.770234417199,420.551069323,4196.27879812
785,0.875,882,-4.19572737704,142.33207307,50.7269178113,14321899.7954,4.28394850256,7.47218247402,0.773334019737,0.032817396468,8813.14784237,875.576057652,70.1993676206,0.832251502307,0.0767654106633,0.770213969829,418.27889012,4196.7370678
785.5,0.875,882,20.2599122677,138.433314515,50.7493780833,14328241.0789,4.33463846507,7.47218247402,0.778354417848,0.0329489544226,8877.29959286,824.426503019,-344.861977538,0.833331293883,0.0780302313516,0.775133869971,425.547224713,4227.28552041
786,0.875,882,40.2076258487,123.757914977,50.7805637488,14337045.8318,4.41633146563,7.47218247402,0.783491743476,0.0331609759655,8945.57531633,587.368973107,-699.590360416,0.831912056242,0.0796630519544,0.780136373062,434.986116221,4259.79776968
786.5,0.875,882,51.208952983,101.571220091,50.8131330061,14346241.2187,4.48680851809,7.47218247402,0.786908201111,0.0333438882505,8995.03851201,204.813043613,-906.409301564,0.829635664646,0.0809362541089,0.783444736169,442.505289,4283.35167239
787,0.875,882,50.81604648,76.8098741422,50.8455547047,14355394.945,4.57941900074,7.47218247402,0.792345146561,0.0335842444289,9067.23979365,-239.035153775,-920.902621819,0.827682633173,0.0827605648446,0.788726455534,453.056999516,4317.73323507
787.5,0.875,882,39.1163298903,54.9833934267,50.878123383,14364590.1685,4.68421570893,7.47218247402,0.798126124852,0.0338562280702,9143.37462004,-650.980606635,-727.197026018,0.825131544237,0.0847907380021,0.794331219391,464.765628611,4353.9879143
788,0.875,882,18.7130453533,40.9482728785,50.8685541075,14361888.443,4.80306381905,7.47218247402,0.804647489307,0.034164679951,9212.61140486,-936.525689682,-357.280950824,0.822265775205,0.0871130449344,0.800647316118,477.315348836,4386.95781184
788.5,0.875,882,-5.85398006106,37.8273930358,50.8011996931,14342872.0467,4.86116486117,7.47218247402,0.806018987661,0.0343154722161,9203.03245526,-1003.39974771,112.585558939,0.819042807009,0.0879832706321,0.801937094909,480.807748595,4382.39640727
789,0.875,882,-29.1184672934,46.3151643876,50.7263048054,14321726.7234,4.81082026325,7.47218247402,0.800564966866,0.0341848106018,9114.87675852,-824.397012763,549.508247343,0.817477676298,0.0865876273449,0.796602441774,471.786720269,4340.41750406
789.5,0.875,882,-45.903958175,64.5230177637,50.7003115997,14314387.975,4.69715783894,7.47218247402,0.793041960231,0.0338898173661,9021.94374719,-466.953807649,841.348785234,0.818833465256,0.0841823934903,0.789289170732,458.211458599,4296.16368914
790,0.875,882,-52.4756017925,88.3996198851,50.705776614,14315930.9307,4.57744327153,7.47218247402,0.78666781108,0.0335791167294,8953.26961937,-28.5460203793,936.00862961,0.821913409806,0.0819075879936,0.783112347686,445.925629072,4263.46172351
790.5,0.875,882,-47.3711764368,112.632314133,50.7138591032,14318212.8868,4.4574391514,7.47218247402,0.780382802401,0.0332676646035,8886.42560544,392.783385525,822.125874897,0.825185786877,0.079668642464,0.777017994128,433.874529163,4231.63124068
791,0.875,882,-31.7264408316,131.829211709,50.7224773981,14320646.1187,4.33037919463,7.47218247402,0.773501874168,0.0329379001452,8812.98711953,704.547705034,534.382317135,0.828495284324,0.0772941097533,0.77033478125,421.085932686,4196.66053311
791.5,0.875,882,-9.02242245923,141.718912334,50.7268757806,14321887.9287,4.29102503097,7.47218247402,0.773689151477,0.0328357625026,8817.07714641,866.749122677,151.20535986,0.832031110302,0.0768925717805,0.770558643335,418.971070528,4198.60816496
792,0.875,882,15.6891274771,140.10091096,50.7432277425,14326504.6326,4.31409559475,7.47218247402,0.776541486678,0.0328956385812,8854.83323028,847.33649908,-265.343884879,0.833132852601,0.0775480181645,0.773359624268,422.814916359,4216.58725252
792.5,0.875,882,36.9097725301,127.335220527,50.7740711338,14335212.7501,4.40413762262,7.47218247402,0.78306749732,0.0331293287327,8938.61689319,647.851967406,-640.469465905,0.83248660166,0.0794675230396,0.77972890838,433.807513567,4256.48423485
793,0.875,882,49.9178190587,106.262267383,50.807395026,14344621.1957,4.48121560009,7.47218247402,0.786788236268,0.0333293726972,8991.71110586,287.497999565,-882.489064066,0.829974594091,0.0808567837535,0.783331830284,441.970963829,4281.76719327
793.5,0.875,882,51.8189153396,81.5708830222,50.8392346421,14353610.5806,4.56163822588,7.47218247402,0.791093376249,0.0335380971789,9050.97058169,-152.012004266,-934.510364535,0.827837254781,0.082378596059,0.787507016362,450.85388145,4309.98599128
794,0.875,882,42.1900584812,58.755016957,50.8720739921,14362882.2238,4.65450586059,7.47218247402,0.796265944522,0.0337791207557,9120.40183414,-576.545463373,-778.508561945,0.82561999166,0.0841803967436,0.792523907658,461.310430686,4343.04849245
794.5,0.875,882,23.1737145623,42.8913070296,50.8746475834,14363608.8344,4.77988174377,7.47218247402,0.803625795741,0.0341045144615,9203.49368203,-895.331355399,-440.431520394,0.823075951852,0.0866954891501,0.799663322685,475.141263185,4382.61603906
795,0.875,882,-0.998890177792,37.5095035419,50.817581272,14347497.1125,4.85796257908,7.47218247402,0.806385816171,0.0343071611884,9213.17475762,-1010.38114036,19.227476687,0.819669208159,0.0880021250785,0.802303366447,481.220986913,4387.22607506
795.5,0.875,882,-24.9492371407,43.807083161,50.7377273765,14324951.696,4.83308182422,7.47218247402,0.802380060975,0.0342425870388,9139.23663736,-877.419027003,473.902426486,0.817563760441,0.0871136538452,0.798371798306,474.866650043,4352.01744636
796,0.875,882,-43.3482611319,60.3828047101,50.7025532204,14315020.8592,4.71041431891,7.47218247402,0.793492226846,0.0339242225087,9027.66714153,-544.275403519,796.611295853,0.818233320228,0.0843979134803,0.789720051119,459.425173612,4298.88911501
796.5,0.875,882,-52.1020925086,83.5484919421,50.7038633418,14315390.7502,4.6028431322,7.47218247402,0.788307125548,0.0336450381378,8970.82636878,-115.801157276,935.205002429,0.821552839372,0.0824301599511,0.784707194762,448.736776874,4271.82208037
797,0.875,882,-49.2629624899,108.149670154,50.7130752642,14317991.5829,4.48536605932,7.47218247402,0.781913547379,0.0333401445719,8903.14730973,317.067272842,860.603693391,0.82448905089,0.0801972314245,0.778504184245,436.739717778,4239.59395701
797.5,0.875,882,-35.4625908996,128.712461129,50.7230510245,14320808.0726,4.3571030635,7.47218247402,0.774883933572,0.033007257812,8828.53645188,656.179471105,601.093897462,0.827722505275,0.0777817498143,0.771676479473,423.752102013,4204.06497709
798,0.875,882,-13.7716255253,140.661546861,50.7255368222,14321509.8961,4.29053820396,7.47218247402,0.772956627247,0.0328344990184,8808.31989446,847.782049673,230.457568679,0.831284735347,0.0767837037276,0.769833952728,418.355785697,4194.43804498
798.5,0.875,882,10.9835915014,141.338199401,50.7384435105,14325153.8845,4.3046132694,7.47218247402,0.775802925004,0.0328710286729,8844.90090521,865.767507494,-185.227311212,0.833146501073,0.077339784759,0.772637845736,421.600054928,4211.85757391
799,0.875,882,33.2949075997,130.591860365,50.7682109232,14333558.2173,4.37993064619,7.47218247402,0.781400219111,0.0330665032708,8917.92210875,699.719510212,-573.935173911,0.832752090509,0.0789619562082,0.778103274339,430.948165416,4246.62957559
799.5,0.875,882,48.1979496751,110.81364089,50.8005096624,14342677.228,4.45362456989,7.47218247402,0.785247427207,0.0332577644474,8972.10443034,365.456556714,-846.284262404,0.830648319138,0.0803282215177,0.781835646193,438.962792042,4272.43068111
800,0.875,882,52.3767205549,86.4042881207,50.8333071814,14351937.0609,4.55013582329,7.47218247402,0.790916824658,0.0335082444727,9046.99299902,-64.7090603495,-942.580630787,0.828600961958,0.082224277704,0.787344520607,449.904375838,4308.0919043
800.5,0.875,882,44.9014240032,62.7949982083,50.8672065328,14361507.9778,4.64401564611,7.47218247402,0.79574707203,0.0337518950271,9112.88283746,-500.741102117,-826.46524761,0.825936310698,0.0839856901368,0.792022093704,460.155365869,4339.46801784
801,0.875,882,27.4353487706,45.238949545,50.8794075353,14364952.7275,4.75567155275,7.47218247402,0.802009875506,0.0340416806567,9187.13614166,-845.795741364,-518.412792307,0.823362445144,0.0861782603108,0.798092716343,472.39493531,4374.82673412
801.5,0.875,882,3.86477899935,37.6424457859,50.8325920553,14351735.1569,4.84883313976,7.47218247402,0.806318354424,0.0342834671412,9217.97206612,-1007.10436955,-74.3395270468,0.820324559058,0.0878875194824,0.802247112004,480.878253707,4389.51050768
802,0.875,882,-20.5657223329,41.6957448569,50.7528013691,14329207.5866,4.84628225333,7.47218247402,0.803647649095,0.0342768467101,9158.84972388,-921.666972633,392.403256947,0.817809293922,0.0874551094629,0.799609936122,477.011274629,4361.35701137
802.5,0.875,882,-40.420253419,56.4969685918,50.7044530273,14315557.238,4.73408464127,7.47218247402,0.794988608709,0.033985655168,9044.96502805,-619.295719647,747.158954796,0.817877929605,0.0848864476009,0.791173940261,462.119167741,4307.12620384
803,0.875,882,-51.2810874209,78.7527748788,50.7021940344,14314919.449,4.61250908897,7.47218247402,0.788444794844,0.033670124633,8971.67539497,-202.181420778,921.834763874,0.820909906958,0.0825579575103,0.78483313861,449.402894047,4272.22637856
803.5,0.875,882,-50.7316375328,103.511141819,50.7116648445,14317593.3744,4.51088473449,7.47218247402,0.783662609932,0.0334063743449,8922.14231176,237.595926781,892.125225137,0.824224251246,0.0807323865909,0.780208532258,439.62962193,4248.63919608
804,0.875,882,-38.894158947,125.263215959,50.7215091672,14320372.7549,4.38371252522,7.47218247402,0.776316918231,0.0330763185527,8843.92340269,601.481285163,663.413930699,0.827017746359,0.0782766908727,0.7730684058,426.42259703,4211.39209652
804.5,0.875,882,-18.4025464969,139.169058181,50.7259774213,14321634.2919,4.29977647383,7.47218247402,0.772996581599,0.0328584755184,8808.82252897,823.957091491,308.383142742,0.830542984536,0.0768897498293,0.769864508175,418.94085527,4194.67739475
805,0.875,882,6.18371937011,142.134552983,50.7345397301,14324051.7171,4.29913063126,7.47218247402,0.775127573258,0.032856799334,8835.94933874,877.295206577,-104.056658239,0.832887582032,0.0771843484585,0.771974676036,420.687987322,4207.59492321
805.5,0.875,882,29.3940785031,133.499863781,50.7584471876,14330801.5893,4.3648556538,7.47218247402,0.780350291087,0.0330273784605,8902.76036071,746.561275057,-504.472401039,0.832905677357,0.0786461552646,0.777079253867,429.059547645,4239.40969558
806,0.875,882,46.0641164909,115.186249659,50.7931638683,14340603.2655,4.44949842523,7.47218247402,0.785318525935,0.0332470556773,8970.3656594,441.910016031,-808.226501849,0.831068481106,0.0802927623963,0.781910241776,438.642138077,4271.60269495
806.5,0.875,882,52.4846712338,91.2685761628,50.8271410437,14350196.1547,4.5251728475,7.47218247402,0.789058673476,0.0334434569315,9023.98178771,22.6715327504,-937.986994953,0.828715304143,0.0816750787149,0.785532454146,446.790926238,4297.13418462
807,0.875,882,47.2271390099,67.0686384848,50.8597335774,14359398.1134,4.6185673311,7.47218247402,0.794408877536,0.0336858478631,9095.29673436,-419.527641528,-864.017177166,0.826623722398,0.0835024402731,0.790725959813,457.373236702,4331.09368303
807.5,0.875,882,31.4613455435,47.9710369318,50.8796841317,14365030.8198,4.72334256395,7.47218247402,0.80015428445,0.0339577757684,9166.52792975,-788.248321572,-590.053882101,0.824058382034,0.0855346644651,0.79629380924,468.87209678,4365.01329988
808,0.875,882,8.69525426236,38.2250779497,50.8457146494,14355440.1027,4.83438321993,7.47218247402,0.8060519126,0.0342459646101,9219.89346151,-994.082600393,-166.949569906,0.821201541444,0.0876820906996,0.80200020129,480.001978288,4390.42545786
808.5,0.875,882,-16.0055721155,39.9992833926,50.7687436844,14333708.6336,4.85425911592,7.47218247402,0.804650553019,0.0342975494228,9175.86335789,-957.281860832,306.432485332,0.818198267413,0.0876975291868,0.800592266853,478.634070561,4369.45874185
809,0.875,882,-37.145083185,52.8988841788,50.7090206001,14316846.8161,4.76239917627,7.47218247402,0.796981693503,0.0340591411626,9068.77303494,-690.909524072,691.728299188,0.817663343467,0.0855028030632,0.793113557786,465.558453418,4318.46334997
809.5,0.875,882,-50.0196379992,74.0536582745,50.7011883936,14314635.5231,4.64859809586,7.47218247402,0.790522267828,0.0337637880664,8994.36861002,-289.101035143,906.83677623,0.820142327732,0.0832662280831,0.786849531091,453.240373433,4283.03267144
810,0.875,882,-51.7645873711,98.7565686372,50.7093472078,14316939.0283,4.53080303456,7.47218247402,0.784283552274,0.0334580692108,8928.1159684,154.563898244,913.706812171,0.82323726849,0.0810428408733,0.780802273758,441.279868426,4251.48379447
810.5,0.875,882,-41.991671833,121.511101166,50.7178757376,14319346.9166,4.3964934266,7.47218247402,0.776805923636,0.0331094894047,8848.04654509,538.844178576,718.063383342,0.826468572146,0.0784863430644,0.773539640378,427.503450088,4213.35549766
811,0.875,882,-22.8754111996,137.254265019,50.7245169123,14321221.9416,4.30936972598,7.47218247402,0.773422837857,0.03288337332,8813.03597774,793.519795582,384.136577129,0.830187218544,0.0770544106645,0.770277106083,419.81384922,4196.68379892
811.5,0.875,882,1.33073634945,142.483131964,50.7314462141,14323178.3145,4.29550760658,7.47218247402,0.774590649855,0.032847396334,8828.8294311,881.732175689,-22.3567651692,0.832618895307,0.0770688801968,0.771446701978,420.007411282,4204.204491
812,0.875,882,25.2407887825,136.034254438,50.7527898524,14329204.335,4.35019720006,7.47218247402,0.779284218267,0.0329893347119,8888.85757817,786.737901158,-431.371930161,0.833007203387,0.0783331711523,0.776038725414,427.256784522,4232.78932294
812.5,0.875,882,43.534646628,119.342538114,50.7876111799,14339035.5565,4.427327496,7.47218247402,0.78395192249,0.0331895144609,8953.15335987,511.888401323,-759.473518547,0.83147747253,0.0798506819196,0.78058057191,436.131666025,4263.40636184
813,0.875,882,52.1418402068,96.1219686249,50.8206790155,14348371.7087,4.51512353875,7.47218247402,0.78885166847,0.0334173755055,9019.45604055,109.191551558,-930.002876863,0.829330286008,0.0815330334407,0.785338169384,445.900486622,4294.97906693
813.5,0.875,882,49.1472283398,71.539232234,50.8527412053,14357423.9336,4.60109695892,7.47218247402,0.793301367891,0.0336405062152,9080.41414716,-336.194805775,-895.035520488,0.826900809482,0.0831436513474,0.789649211483,455.282805726,4324.00673674
814,0.875,882,35.2171262957,51.0641037669,50.8805816975,14365284.2326,4.70520538648,7.47218247402,0.799196773357,0.0339107035306,9156.18161916,-727.294902452,-657.830919841,0.824536907692,0.0851869014965,0.795366965729,466.982253406,4360.08648531
814.5,0.875,882,13.4510475,39.2523959073,50.8566792599,14358535.7777,4.81576892331,7.47218247402,0.805081219141,0.0341976540833,9213.07693318,-970.788910203,-257.315157574,0.821694477372,0.0873232427831,0.801061733094,478.243715915,4387.17949199
815,0.875,882,-11.3079528251,38.7322693802,50.782937986,14337716.158,4.85700621715,7.47218247402,0.805357824779,0.034304679099,9188.97672396,-983.636502426,216.957431742,0.818699967983,0.0878357850323,0.801288282585,479.656740475,4375.70320188
815.5,0.875,882,-33.5508802969,49.6194547919,50.7170657336,14319118.2255,4.78079261669,7.47218247402,0.798339789454,0.0341068784913,9086.77675828,-755.833947498,627.997818408,0.817589473535,0.0859137284387,0.794435982224,467.944367518,4327.03655156
816,0.875,882,-48.328578613,69.4915020236,50.6999897859,14314297.1162,4.65955223333,7.47218247402,0.790896321115,0.0337922178353,8998.03785599,-372.586536096,878.00567943,0.819644574857,0.0834438144773,0.787207745493,454.185548504,4284.77993142
816.5,0.875,882,-52.3529401785,93.926786812,50.7075526299,14316432.3592,4.56159550281,7.47218247402,0.786408436394,0.0335379862978,8951.15300996,69.864255041,931.448367289,0.822938212496,0.0816937812795,0.782872372394,444.792768139,4262.45381427
817,0.875,882,-44.7285255585,117.488343009,50.7165162647,14318963.0921,4.43335624027,7.47218247402,0.778903692516,0.0332051611339,8870.894472,474.249864325,771.690646138,0.825621166059,0.0791911072686,0.775578695859,431.319072394,4224.23546286
817.5,0.875,882,-27.1518029772,134.933613199,50.7236492888,14320976.9825,4.32090776488,7.47218247402,0.773378400449,0.0329133185148,8812.10214286,755.69119654,456.637626477,0.8291629611,0.0771735765771,0.770221835509,420.44871464,4196.23911565
818,0.875,882,-3.5336761341,142.38094246,50.7288825064,14322454.4943,4.29331745445,7.47218247402,0.774116895238,0.032841712133,8822.5947901,878.888935927,59.2908166896,0.832295984076,0.0769780114464,0.770979851425,419.469798869,4201.23561433
818.5,0.875,882,20.8707103204,138.173264896,50.7486171199,14328026.2335,4.33366486859,7.47218247402,0.77803191412,0.0329464276036,8873.3885454,819.381551396,-354.990990086,0.833068589593,0.0779737219674,0.774815607202,425.226291579,4225.42311686
819,0.875,882,40.6312652627,123.246808616,50.7818333678,14337404.2875,4.41836957092,7.47218247402,0.783678614993,0.0331662655524,8948.11954132,578.863310056,-707.43477888,0.83193926675,0.0797124023108,0.78031923319,435.277350032,4261.00930539
819.5,0.875,882,51.35117199,100.922780564,50.8141255308,14346521.4415,4.48672812496,7.47218247402,0.786848154751,0.0333436796026,8994.70869082,193.320179683,-908.854456769,0.829579044527,0.0809266678395,0.783385405811,442.470162582,4283.19461468
820,0.875,882,50.64520068,76.1683823042,50.8464372443,14355644.1153,4.58526667265,7.47218247402,0.792807546657,0.0335994211566,9072.74158495,-251.072645378,-919.315787213,0.82768485527,0.0828937822627,0.789177640332,453.80202609,4320.35313569
820.5,0.875,882,38.6704332799,54.4915842377,50.878403606,14364669.2848,4.68536537442,7.47218247402,0.798061073329,0.0338592118491,9142.7203105,-660.156973048,-718.943823104,0.824971045839,0.0847940845878,0.794265626985,464.789092161,4353.67633833
821,0.875,882,18.0913120319,40.7155762034,50.8672848248,14361530.0822,4.80536937963,7.47218247402,0.804797122113,0.0341706636768,9213.82377211,-941.448493185,-345.586640567,0.82223446035,0.0871618335687,0.800792642815,477.558841446,4387.53512958
821.5,0.875,882,-6.51321149615,37.9055849826,50.7990388068,14342261.9565,4.86139024507,7.47218247402,0.805975292339,0.0343160571651,9201.75095595,-1001.76478991,125.247705419,0.818980568511,0.0879792382424,0.801893644618,480.744811885,4381.7861695
822,0.875,882,-29.6685147376,46.6868468792,50.7237691589,14321010.8259,4.80599225528,7.47218247402,0.800183708724,0.0341722802541,9109.71498464,-816.243585246,559.108102124,0.817471618287,0.0864755903022,0.796230924246,471.129164257,4337.9595165
822.5,0.875,882,-46.222433477,65.1054896922,50.7009796721,14314576.5941,4.69616225778,7.47218247402,0.793090610019,0.0338872334893,9022.74379469,-456.268663051,847.168619298,0.818963755871,0.0841784532978,0.789338361094,458.202086936,4296.54466414
823,0.875,882,-52.4916426951,89.0632784984,50.7060668722,14316012.8803,4.57224222107,7.47218247402,0.786287207226,0.0335656182077,8949.12984637,-16.6853836046,935.00917073,0.821940503621,0.0817941882195,0.782741294264,445.313350242,4261.49040304
823.5,0.875,882,-47.0812137634,113.229492258,50.7142255283,14318316.3408,4.45495993242,7.47218247402,0.780323292702,0.0332612301742,8885.90934392,402.971872658,816.737820459,0.825328616967,0.0796328044561,0.776961625192,433.685622765,4231.38540187
824,0.875,882,-31.194992645,132.227034396,50.7224828111,14320647.647,4.32881755481,7.47218247402,0.773442947384,0.0329338471507,8812.3391988,711.015247144,525.258657692,0.828563964263,0.0772687549313,0.770277982716,420.94789352,4196.35199943
824.5,0.875,882,-8.3677384884,141.828862158,50.7258193286,14321589.6571,4.28365350314,7.47218247402,0.773146456138,0.0328166308427,8810.64486273,866.783663226,139.941698851,0.832074770007,0.076735705692,0.770028574386,418.098925548,4195.54517273
825,0.875,882,16.32137696,139.898523567,50.7438484707,14326679.8849,4.31593233008,7.47218247402,0.776879719147,0.0329004055436,8858.86278981,844.674753369,-276.285831182,0.833339568491,0.0776160620915,0.773692627347,423.196265638,4218.50609038
825.5,0.875,882,37.3789090323,126.865528066,50.7752629205,14335549.2312,4.40774120833,7.47218247402,0.783304412043,0.0331386812818,8941.68256056,640.325551764,-649.242579892,0.832435197101,0.079541284687,0.779959715724,434.230557218,4257.94407646
826,0.875,882,50.119457495,105.629778642,50.8080625317,14344809.6548,4.48378180952,7.47218247402,0.786895778115,0.0333360328967,8993.13834424,276.474161791,-886.559900653,0.829874400715,0.0809008424131,0.783435581527,442.223412305,4282.44683059
826.5,0.875,882,51.7081902067,80.9163297314,50.8399112268,14353801.603,4.56085312285,7.47218247402,0.790963770447,0.0335360595655,9049.74739282,-163.765584674,-932.224723181,0.827766301585,0.0823508908113,0.787379631584,450.714248292,4309.40352039
827,0.875,882,41.7916066435,58.224040311,50.8730265731,14363151.1691,4.66075913217,7.47218247402,0.796777741922,0.0337953501545,9126.49054599,-587.382755234,-772.52329422,0.825641573657,0.0843264765484,0.793023291629,462.128257481,4345.94787904
827.5,0.875,882,22.5761934337,42.6020518372,50.8745509334,14363581.5469,4.78442032712,7.47218247402,0.803814326319,0.0341162936524,9205.54527744,-901.656272334,-429.469358989,0.822905278202,0.0867754508328,0.799844618549,475.577692328,4383.59298926
828,0.875,882,-1.66252932732,37.5263304482,50.8153353242,14346863.0065,4.85915275535,7.47218247402,0.806357840229,0.0343102501067,9212.02723338,-1010.07563903,32.0023430235,0.819546485207,0.0880115073306,0.802274351041,481.229751826,4386.67963494
828.5,0.875,882,-25.5313314693,44.1262480998,50.7362086373,14324522.9053,4.82795050377,7.47218247402,0.801949724227,0.0342292694906,9133.88612791,-870.072452246,484.244415607,0.817531763534,0.0869904796588,0.79795216619,474.166825366,4349.46958472
829,0.875,882,-43.7192919052,60.9332919768,50.701643977,14314764.1495,4.70971511973,7.47218247402,0.793571876353,0.0339224078455,9028.25241585,-534.165224107,803.438949457,0.81837156489,0.0844019089707,0.78979957613,459.43044503,4299.16781707
829.5,0.875,882,-52.1795036291,84.2078155227,50.7039430802,14315413.263,4.60063034274,7.47218247402,0.788152481998,0.0336392951851,8969.13257487,-103.907293413,936.059791431,0.821571848344,0.0823828416446,0.784556565496,448.480594068,4271.01551184
830,0.875,882,-49.029529618,108.771127442,50.7131044482,14317999.8225,4.4793602312,7.47218247402,0.781500131126,0.0333245573743,8898.54965938,327.409114535,855.181178015,0.824549697138,0.0800712489262,0.778101263442,436.054141595,4237.4045997
830.5,0.875,882,-34.9702539507,129.157774945,50.7231160319,14320826.4263,4.35178166151,7.47218247402,0.774620437086,0.0329934469365,8825.63532838,662.914056501,592.022221283,0.827888562231,0.0776862147296,0.771420923448,423.232715237,4202.6834897
831,0.875,882,-13.1299317933,140.83163278,50.7255214729,14321505.5625,4.28851424396,7.47218247402,0.7729346864,0.0328292461434,8808.08857407,850.349777421,219.647372459,0.831433242978,0.0767586081569,0.769814201555,418.218799452,4194.32789241
831.5,0.875,882,11.6318621338,141.195212504,50.7390468289,14325324.2214,4.30507108205,7.47218247402,0.775892042031,0.0328722168548,8846.11602413,863.573408435,-196.209105072,0.833203249043,0.0773574048257,0.772725614592,421.706135302,4212.43620197
832,0.875,882,33.8055118582,130.167615911,50.7682939933,14333581.6708,4.37980252171,7.47218247402,0.781378041352,0.0330661707435,8917.70119928,692.368512908,-582.705033452,0.832739268391,0.0789573754165,0.778081453334,430.924575182,4246.52438061
832.5,0.875,882,48.4572757032,110.202535272,50.8003640135,14342636.1065,4.45412645604,7.47218247402,0.78529044651,0.0332590670152,8972.53557632,354.776365087,-850.957362747,0.830651888223,0.0803399851718,0.781877699964,439.024558438,4272.63598873
833,0.875,882,52.3270670879,85.7422952214,50.8342185309,14352194.3652,4.55351530666,7.47218247402,0.791169841942,0.0335170153989,9050.15263532,-76.6947482732,-942.576211094,0.828587056224,0.0822989639333,0.787591257985,450.329181221,4309.59649301
833.5,0.875,882,44.5538391718,62.2294145713,50.8680257514,14361739.2705,4.64554449201,7.47218247402,0.795777573915,0.0337558629101,9113.50443411,-511.29994931,-820.305922919,0.825843346178,0.0840073991449,0.792050605906,460.289134543,4339.76401624
834,0.875,882,26.8671718396,44.8956201978,50.8792463134,14364907.2092,4.75887137628,7.47218247402,0.802219722704,0.0340499853035,9189.42526573,-852.947625159,-508.072398197,0.823320677622,0.0862459876161,0.798296633222,472.763193341,4375.9167932
834.5,0.875,882,3.20243201653,37.5977631281,50.830707749,14351203.1545,4.85043423048,7.47218247402,0.806358037972,0.0342876225244,9217.71837614,-1008.16784767,-61.6116636642,0.820237873849,0.0879118244618,0.802284511617,480.975578452,4389.38970293
835,0.875,882,-21.1748640389,41.9596509907,50.7506529701,14328601.0219,4.84780110225,7.47218247402,0.803723438489,0.0342807886475,9158.91267724,-916.855179695,404.124536433,0.817766220789,0.0874838545652,0.79968313302,477.12766383,4361.38698916
835.5,0.875,882,-40.8406529449,57.0107431573,50.7044622565,14315559.8438,4.73146279729,7.47218247402,0.794744972646,0.0339788505776,9042.24689142,-609.326407784,754.34522424,0.817837060945,0.0848206694167,0.790935893656,461.761241463,4305.83185306
836,0.875,882,-51.4192038887,79.4021006113,50.7029307551,14315127.4499,4.60955728585,7.47218247402,0.788282682993,0.0336624636847,8970.13876418,-190.383828181,923.709927725,0.820981065189,0.0825012874717,0.784675912294,449.107462712,4271.49464961
836.5,0.875,882,-50.5567393767,104.151540679,50.7122526193,14317759.3228,4.50948900471,7.47218247402,0.783630066228,0.0334027519442,8921.99738899,248.801125341,888.848354803,0.824305095985,0.0807122402168,0.780177773852,439.530103088,4248.57018523
837,0.875,882,-38.445161832,125.75219618,50.721633019,14320407.7224,4.37887825262,7.47218247402,0.775972850726,0.0330637719461,8840.12584905,609.030246843,654.90428287,0.82705625865,0.078174708741,0.77273267887,425.869115685,4209.58373764
837.5,0.875,882,-17.7793543994,139.397819356,50.725798894,14321583.8877,4.29715180767,7.47218247402,0.77291456774,0.0328516636035,8807.8608309,827.352739616,297.78232648,0.830677636006,0.0768496210333,0.769785877094,418.71926251,4194.21944329
838,0.875,882,6.84244326831,142.052194672,50.7350331685,14324191.0312,4.29976839816,7.47218247402,0.775246535548,0.0328584545593,8837.46200912,876.196378336,-115.179082237,0.832961125578,0.0772081418981,0.772091815615,420.825857519,4208.31524244
838.5,0.875,882,29.9417650268,133.124711096,50.7617420138,14331731.8286,4.36930261017,7.47218247402,0.780685771755,0.0330389198478,8907.66972896,741.129735037,-514.571154615,0.832887808293,0.0787429342146,0.777406839922,429.643304389,4241.74748998
839,0.875,882,46.3789028047,114.601775843,50.7942385556,14340906.6855,4.44959901304,7.47218247402,0.785209309302,0.0332473167374,8969.50412746,431.59464556,-813.635822277,0.830944490343,0.0802781345395,0.781802062289,438.580784081,4271.19244165
839.5,0.875,882,52.4965158977,90.6048293967,50.8275672418,14350316.4846,4.52445788383,7.47218247402,0.788999674041,0.0334416013539,9023.47115754,10.8072828196,-938.024337897,0.828712516282,0.0816585319992,0.785474831226,446.707901399,4296.8910274
840,0.875,882,46.9334065303,66.4733055561,50.8608744403,14359720.217,4.62180195629,7.47218247402,0.794682094731,0.0336942428323,9098.77336539,-430.833021893,-859.468864672,0.826643429148,0.0835789701346,0.79099272401,457.81295681,4332.74922161
840.5,0.875,882,30.927392783,47.5765822258,50.8797493291,14365049.2272,4.72731313997,7.47218247402,0.800379445016,0.0339680807841,9169.06386557,-796.378768733,-580.573661362,0.823969851462,0.0856131907395,0.796512063994,469.303753985,4366.22088837
841,0.875,882,8.0398882292,38.1192694995,50.8440318745,14354964.9992,4.83576102688,7.47218247402,0.806053662193,0.0342495404948,9219.28503415,-996.230121664,-154.384465128,0.821093717697,0.0876981054431,0.802000361384,480.057871224,4390.13573055
841.5,0.875,882,-16.636529387,40.2056640776,50.7665029363,14333075.9957,4.85200998976,7.47218247402,0.804439067521,0.0342917121638,9172.68686336,-952.620284637,318.275062141,0.818161160241,0.0876399202898,0.800385769019,478.277432056,4367.94612541
842,0.875,882,-37.6112407251,53.3715333229,50.7091366736,14316879.5875,4.76303182089,7.47218247402,0.7970898507,0.0340607830938,9070.02937391,-682.296762745,700.603386315,0.817723834235,0.0855261117212,0.793219800086,465.687499806,4319.06160662
842.5,0.875,882,-50.217273556,74.6874092131,50.7019132056,14314840.1617,4.64681331529,7.47218247402,0.79036655704,0.0337591559446,8992.88712853,-277.476267645,909.976752566,0.820125196013,0.0832233248439,0.786697434405,453.019791861,4282.32720406
843,0.875,882,-51.6497261007,99.4104087967,50.7097421939,14317050.5461,4.52569655892,7.47218247402,0.783930197675,0.0334448161434,8924.31802793,165.886446259,910.480054395,0.823286017435,0.0809349677349,0.780457969113,440.699362384,4249.67525139
843.5,0.875,882,-41.58987091,122.039548026,50.7195662782,14319824.2126,4.40013662073,7.47218247402,0.777224568504,0.0331189447513,8853.33432483,548.614017303,712.144445382,0.826609287847,0.0785861560623,0.773950328163,428.075652677,4215.87348801
844,0.875,882,-22.2760732251,137.53973666,50.7248574643,14321318.0908,4.30749526151,7.47218247402,0.773180449125,0.0328785084375,8810.42994406,797.757315928,373.811502422,0.83008586785,0.0769996840096,0.770038993745,419.521316262,4195.4428305
844.5,0.875,882,1.99425584858,142.462109599,50.7318612709,14323295.4988,4.2962941229,7.47218247402,0.774701757248,0.0328494376154,8830.22389163,881.671202785,-33.5151972749,0.832671380569,0.077093169849,0.771555922404,420.14665895,4204.86851982
845,0.875,882,25.8208535873,135.711415642,50.755701995,14330026.5299,4.35618633515,7.47218247402,0.779738023773,0.0330048785854,8894.95468346,782.610907451,-442.070790701,0.832985161034,0.0784635832189,0.776481921127,428.017212141,4235.69270641
845.5,0.875,882,43.9021895827,118.789716043,50.7885539685,14339301.7371,4.43223813969,7.47218247402,0.784182531332,0.0332022592768,8956.04590274,502.813038214,-766.752728481,0.831310314983,0.0799381407646,0.780803769277,436.625562284,4264.78376321
846,0.875,882,52.2150812699,95.4621687975,50.8215430224,14348615.6467,4.51810710207,7.47218247402,0.788957288694,0.0334251188825,9020.92706548,97.484714484,-931.895823442,0.829193987899,0.0815816158861,0.785439546945,446.181352579,4295.67955499
846.5,0.875,882,48.9098710293,70.9192632245,50.8533854967,14357605.8386,4.60099696719,7.47218247402,0.793214562862,0.0336402467021,9079.65805733,-347.436132267,-890.587015586,0.826818523067,0.083129791155,0.789563453281,455.218444071,4323.64669397
847,0.875,882,34.7219837329,50.6219116049,50.879826801,14365071.1002,4.70608191061,7.47218247402,0.799268159197,0.0339129784133,9156.71145735,-735.710119516,-648.719017178,0.82453964832,0.0852074250646,0.795436594032,467.080900509,4360.33878922
847.5,0.875,882,12.8082912413,39.086370435,50.8555316578,14358211.7714,4.81920493786,7.47218247402,0.805326348409,0.0342065717274,9215.40334578,-974.769947466,-245.221907907,0.821670639615,0.0873993624665,0.801300173737,478.638998925,4388.28730751
848,0.875,882,-11.9553064798,38.8793520486,50.7806689753,14337075.5407,4.85513399173,7.47218247402,0.80512092526,0.0342998200276,9185.49483264,-980.088397399,229.207915739,0.818607305876,0.0877786004127,0.801056239758,479.301630884,4374.0451584
848.5,0.875,882,-34.0587921052,50.0469190132,50.716516571,14318963.1785,4.77829737278,7.47218247402,0.798194928722,0.0341004024717,9084.97348085,-747.382257106,637.120749869,0.817639816266,0.0858638315132,0.794295526945,467.662467228,4326.17784803
849,0.875,882,-48.5840358013,70.1042349919,50.7008699828,14314545.6251,4.65850621353,7.47218247402,0.790879899017,0.0337895030528,8998.17745743,-361.406172778,882.528036995,0.819712059316,0.0834297015232,0.787192625784,454.124499148,4284.8464083
849.5,0.875,882,-52.2991023172,94.5884525511,50.7077981206,14316501.6694,4.55903372081,7.47218247402,0.786235226202,0.033531337589,8949.31110588,81.5835286056,929.887639115,0.822966759062,0.0816400617634,0.782703699899,444.504588948,4261.57671709
850,0.875,882,-44.3773718258,118.05171777,50.7166895487,14319012.0159,4.42838457993,7.47218247402,0.778579754883,0.0331922579587,8867.34577684,483.355059216,764.660024128,0.825691592704,0.0790900047657,0.775263137166,430.771355236,4222.54560802
