time,root_dist,x,y,z,rel_vel_mag,Re,alpha_deg,alpha_geom_deg,cl,cd,fx,fy,fz,end_effect_factor,c_ref_t,c_ref_n,f_ref_t,f_ref_n
0.5,0.803571428571,882,22.1405656652,132.926511063,47.0744091838,14342003.3313,7.25327372789,7.25327372789,0.577632844555,0.0425284192989,6098.12260522,766.892704846,-395.546664973,0.511835578651,0.0811485735888,0.57348345971,410.900671281,2903.86790725
1,0.803571428571,882,39.354751013,118.001670891,47.0706997535,14340873.1916,7.20424978267,7.25327372789,0.972486070882,0.0421978602097,10200.1024433,1014.11417493,-1425.2796202,0.862901391961,0.164529291926,0.959395606392,832.972650592,4857.19163966
1.5,0.803571428571,882,47.8123185888,96.8463268375,47.0676678937,14339949.4849,7.14309304087,7.25327372789,0.971752318358,0.041785491993,10192.1013307,246.747467722,-1723.19680579,0.863737958556,0.16375378497,0.958766547958,828.939647833,4853.38158605
2,0.803571428571,882,45.631419705,74.1676427621,47.0659974862,14339440.5675,7.08715350128,7.25327372789,0.971393416032,0.0414083023733,10188.5018778,-568.332283571,-1638.02575787,0.864783675491,0.163111222548,0.958495980844,825.628320893,4851.66756086
2.5,0.803571428571,882,33.2973146525,55.0117328675,47.065276395,14339220.875,7.03215461657,7.25327372789,0.970958881799,0.0410374554095,10184.5096073,-1250.94075782,-1190.48388041,0.865742218633,0.16246309176,0.958149762149,822.322446577,4849.76647966
3,0.803571428571,882,13.5543999965,43.640877481,47.0642345839,14338903.4699,6.97468264319,7.25327372789,0.969464319206,0.0407919643367,10169.7046491,-1646.88893069,-481.514534865,0.866686521864,0.161431668289,0.956799282525,817.065624795,4842.71649958
3.5,0.803571428571,882,-9.20443260689,42.5851455725,47.0580059443,14337005.811,6.92358791516,7.25327372789,0.967891270914,0.0406329541913,10151.8353291,-1673.27580276,324.825511861,0.867675258648,0.16040861917,0.955370935382,811.672711604,4834.20729958
4,0.803571428571,882,-29.9152355297,52.0794424724,47.0501885024,14334624.0971,6.87314537383,7.25327372789,0.966226166603,0.0404759736937,10132.3069958,-1329.18253803,1048.58185849,0.868555958997,0.159378160267,0.953850046655,806.19063558,4824.90809325
4.5,0.803571428571,882,-43.9697574102,70.0112423276,47.0478120521,14333900.0719,6.8325391357,7.25327372789,0.965061708427,0.0403496044168,10120.1002457,-697.091912577,1533.41006935,0.869426951169,0.158586790512,0.952797156547,802.106576708,4819.09535509
5,0.803571428571,882,-48.2408008222,92.3906350697,47.0437318224,14332656.9619,6.75688638015,7.25327372789,0.961863299821,0.0401141680788,10086.7980086,82.4739492433,1664.24788496,0.870129196852,0.156906742226,0.949826525355,793.471515847,4803.23714694
5.5,0.803571428571,882,-41.7780384561,114.23810023,47.0414230184,14331953.5463,6.70081589054,7.25327372789,0.960359742734,0.0399396730369,10071.4242682,830.432962025,1431.37704248,0.871440120233,0.155842796249,0.948471947821,788.01382721,4795.91631818
6,0.803571428571,882,-26.0194654291,130.692473736,47.0371441438,14330649.9158,6.63357262209,7.25327372789,0.9578878391,0.0397304075744,10045.3754069,1381.34336208,883.254630528,0.872413862037,0.154435555081,0.946190930473,780.756105752,4783.51209854
6.5,0.803571428571,882,-4.47143858692,138.092579853,47.0321832938,14329138.5102,6.58000884748,7.25327372789,0.956345007279,0.0395637135941,10028.3869187,1621.30237716,150.74163275,0.873584007079,0.153404216497,0.944790033151,775.378546717,4775.42234225
7,0.803571428571,882,18.0715044366,134.791860057,47.0286087548,14328049.4673,6.53957798725,7.25327372789,0.955230792467,0.0394378901048,10016.1561321,1502.25409435,-606.092077804,0.874517933278,0.15263764889,0.94378120462,771.386678868,4769.59815814
7.5,0.803571428571,882,36.5934524635,121.524740075,47.0338496546,14329646.1948,6.51893611415,7.25327372789,0.954910229823,0.0393736512416,10015.5012989,1055.16609996,-1224.82121749,0.875223936571,0.152296489878,0.943509200063,769.834112549,4769.28633283
8,0.803571428571,882,46.9731846731,101.243216696,47.0418366675,14332079.5714,6.5026053381,7.25327372789,0.954439802881,0.0393228287953,10014.3611239,375.676309223,-1569.54305232,0.875584733055,0.151983457363,0.943081465662,768.512726027,4768.74339232
8.5,0.803571428571,882,46.9011616783,78.4600245572,47.0497337944,14334485.5627,6.48709154955,7.25327372789,0.95393002082,0.0392745488676,10012.7518585,-384.935638256,-1564.46854632,0.875870342212,0.151673785762,0.942613408309,767.204377838,4767.97707546
9,0.803571428571,882,36.3934089353,58.2445313991,47.0606002379,14337796.2058,6.47173473584,7.25327372789,0.953412612793,0.0392267574559,10012.3194152,-1057.58961525,-1212.05238182,0.876141798082,0.151364963074,0.942137461673,765.995975572,4767.77115008
9.5,0.803571428571,882,17.7879510039,45.0947798237,47.0587131285,14337221.2665,6.45686991553,7.25327372789,0.952917911122,0.03918049716,10006.6837403,-1492.47255194,-591.201390936,0.876410636294,0.151067506459,0.941682677545,764.429359434,4765.08749539
10,0.803571428571,882,-4.77540994767,41.9366515957,47.031048194,14328792.6831,6.4415000475,7.25327372789,0.952386746188,0.0391326651224,9989.72520136,-1592.2717004,158.202671472,0.876670983411,0.150756299477,0.941193082189,761.957922721,4757.01200065
10.5,0.803571428571,882,-26.276219656,49.4728451456,47.0043335042,14320653.6076,6.4145569903,7.25327372789,0.951251541614,0.039048816561,9967.15729782,-1335.876555,866.130028581,0.87694030158,0.150170990634,0.940134553705,758.137620943,4746.26537991
11,0.803571428571,882,-41.9304465223,66.0265218535,46.9960331549,14318124.7679,6.3844961777,7.25327372789,0.950170129924,0.0389552653402,9953.04025246,-786.710481328,1375.98397547,0.877412716992,0.149555750824,0.939134636723,754.764951502,4739.54297736
11.5,0.803571428571,882,-48.2549512139,87.9144105534,46.999019578,14319034.6314,6.32737540925,7.25327372789,0.947710983453,0.0387775017617,9929.95339004,-67.8790616886,1570.53959762,0.877940256026,0.148310208169,0.936837170993,748.574184339,4728.54923335
12,0.803571428571,882,-43.8425015986,110.266352745,47.0040118979,14320555.6249,6.28465251736,7.25327372789,0.94652531124,0.0386445453195,9920.62998754,656.182312872,1419.52893367,0.878943987034,0.147509740524,0.93575875211,744.692120291,4724.10951787
12.5,0.803571428571,882,-29.6748885332,128.108935836,47.0052109742,14320920.9435,6.23457302563,7.25327372789,0.94467278056,0.0384886946561,9902.9132295,1225.36502065,954.174384632,0.879695829864,0.1464833543,0.934039971768,739.54821505,4715.67296643
13,0.803571428571,882,-8.9044727661,137.472100909,47.0010411478,14319650.5364,6.19488120658,7.25327372789,0.943508364691,0.0383651711115,9889.86729579,1518.32280562,284.795992041,0.880578329178,0.145731131888,0.932975003843,735.619950671,4709.46061704
13.5,0.803571428571,882,13.8472302018,136.272499562,47.0011160622,14319673.3603,6.17819538962,7.25327372789,0.94337016644,0.0383132437545,9888.80435963,1477.44574674,-442.131537292,0.881278680217,0.145483544207,0.932871756428,734.372521399,4708.95445697
14,0.803571428571,882,33.5178591201,124.777048754,47.0097896059,14322315.8999,6.18334084248,7.25327372789,0.94395969032,0.0383292567413,9898.48135928,1112.20821352,-1071.93794612,0.88157333247,0.14566606567,0.933440103158,735.565260074,4713.56255204
14.5,0.803571428571,882,45.7306062503,105.543540523,47.024774418,14326881.2727,6.19575996821,7.25327372789,0.944523912351,0.0383679058753,9910.41010413,498.352355743,-1466.20104481,0.881482454923,0.145940139029,0.933969481848,737.419133392,4719.24290673
15,0.803571428571,882,47.7680777376,82.8515211927,47.0463239111,14333446.6849,6.19810306577,7.25327372789,0.944413719531,0.0383751977486,9918.2988928,-229.417622107,-1533.03088707,0.881263166152,0.145949759261,0.933856839785,738.143799639,4722.99947276
15.5,0.803571428571,882,39.1769265634,61.7500721231,47.0659339506,14339421.2103,6.20294598451,7.25327372789,0.944627283082,0.0383902692294,9928.6957373,-908.043849619,-1259.27285082,0.88122180191,0.146055443362,0.934056916991,739.294225184,4727.9503511
16,0.803571428571,882,21.8687243961,46.9343652864,47.0608404156,14337869.38,6.20646756644,7.25327372789,0.944723156424,0.0384012286234,9927.47351165,-1384.58774774,-703.093500397,0.881136315391,0.146120754595,0.934144111859,739.464735857,4727.36833888
16.5,0.803571428571,882,-0.305372123599,41.7009653526,47.0162887955,14324295.9864,6.22019157133,7.25327372789,0.945387215163,0.0384439386269,9915.31172275,-1553.20712609,9.82019955361,0.881074160302,0.146431956379,0.934768744216,739.637223828,4721.57701083
17,0.803571428571,882,-22.4115219051,47.2143284978,46.9625369597,14307919.5937,6.20374323973,7.25327372789,0.944251864249,0.03839275034,9881.20627652,-1368.64817436,716.910298779,0.880831994301,0.14599298956,0.933687117517,735.734812732,4705.33632215
17.5,0.803571428571,882,-39.5310023275,62.2477054105,46.9441726285,14302324.5942,6.18415259655,7.25327372789,0.943519901196,0.0383317829733,9866.28896121,-884.619348442,1260.07200628,0.88112224348,0.145591422852,0.933007109904,733.13739693,4698.23283867
18,0.803571428571,882,-47.8546482289,83.4560988019,46.9542019475,14305380.1934,6.15160674313,7.25327372789,0.94215667566,0.0382304981424,9857.02199124,-207.683990598,1518.76442079,0.881468119153,0.144896865644,0.931732617657,729.951696877,4693.81999583
18.5,0.803571428571,882,-45.530409126,106.120541083,46.9677025734,14309493.384,6.11960596656,7.25327372789,0.941065616883,0.0381309096265,9852.01078341,509.674826546,1439.51144406,0.882043142893,0.144263533831,0.930723640161,727.179128169,4691.43370639
19,0.803571428571,882,-33.0754391849,125.198086919,46.9758359918,14311971.3655,6.08013703272,7.25327372789,0.939564304271,0.0380080797152,9840.62255585,1106.97891398,1040.22169821,0.882609044922,0.143454073638,0.929325898025,723.349399085,4686.01074088
19.5,0.803571428571,882,-13.2610279786,136.443892354,46.9768980198,14312294.93,6.04477275362,7.25327372789,0.938420391447,0.0378980237588,9829.89117004,1453.75034634,415.086312532,0.883307700383,0.142769086574,0.928270477398,719.92798776,4680.90055716
20,0.803571428571,882,9.5040245171,137.355712622,46.9804077833,14313364.238,6.03579277831,7.25327372789,0.938606454786,0.0378700774866,9833.47429838,1481.6572062,-297.360247241,0.88393433355,0.142686678577,0.928470102638,719.619954078,4682.60680875
20.5,0.803571428571,882,30.1543867187,127.730663413,46.9910383344,14316603.0125,6.04956217124,7.25327372789,0.939511144778,0.0379129287407,9847.05633292,1183.98009451,-946.238162997,0.884093547858,0.143041319662,0.929331890229,721.735048103,4689.07444425
21,0.803571428571,882,44.0952556101,109.710363586,47.0091927362,14322134.0536,6.06121902231,7.25327372789,0.939874322122,0.0379492056259,9858.21090942,619.950899278,-1386.9299392,0.883849433147,0.143264538031,0.929666152839,723.419972517,4694.38614734
21.5,0.803571428571,882,48.2247220915,87.3044148685,47.0388529801,14331170.5413,6.08105173755,7.25327372789,0.940713655525,0.0380109263367,9878.99885418,-85.1418505883,-1523.20994614,0.883642841611,0.143687245251,0.930452034102,726.470309039,4704.28516866
22,0.803571428571,882,41.6239603882,65.4982465606,47.0644924861,14338982.0441,6.09277780448,7.25327372789,0.940965517924,0.0380474186262,9892.16015399,-775.843291578,-1318.01466846,0.883291500314,0.143890365542,0.930676783148,728.290558896,4710.55245428
22.5,0.803571428571,882,25.761671121,49.1438339898,47.0615267479,14338078.4825,6.09565210278,7.25327372789,0.940897702498,0.0380563636311,9890.14786479,-1293.76293238,-815.776379118,0.883083859045,0.143915211945,0.930604741633,728.324518685,4709.59422133
23,0.803571428571,882,4.16728848849,41.8801111114,47.0129282066,14323272.1269,6.12922493952,7.25327372789,0.94263495706,0.0381608445013,9887.12777676,-1528.85758416,-132.402438122,0.883032972047,0.144693640447,0.932244958548,730.752402965,4708.15608417
23.5,0.803571428571,882,-18.3543354935,45.3232905353,46.9411783572,14301412.3395,6.12755615889,7.25327372789,0.941911789013,0.0381556511466,9849.50354649,-1413.54993976,580.722486999,0.88243889022,0.144531874167,0.93153862472,727.709112959,4690.23978404
24,0.803571428571,882,-36.7920332344,58.7072485953,46.9124283647,14292653.1751,6.11147756153,7.25327372789,0.941085876862,0.0381056134968,9829.21007191,-986.33260699,1159.66734875,0.882468406856,0.144160222424,0.930759096479,724.949035876,4680.57622472
24.5,0.803571428571,882,-47.0433299996,79.0539914787,46.9210418056,14295277.4034,6.08254384617,7.25327372789,0.939845796403,0.0380155698766,9820.54883435,-343.654599683,1476.94538218,0.882752867384,0.14353992605,0.929597544209,722.09479623,4676.45182588
25,0.803571428571,882,-46.8272638943,101.8362729,46.9381618993,14300493.3253,6.05604453787,7.25327372789,0.938976735778,0.0379331022908,9819.2331826,370.539613445,1465.94763472,0.88326507488,0.14302407534,0.928795103591,720.024891367,4675.82532505
25.5,0.803571428571,882,-36.1919106464,121.984927759,46.9540195284,14305324.6163,6.02581124251,7.25327372789,0.937861257784,0.0378390142924,9814.89292079,997.695847835,1128.92294924,0.883734539757,0.142412749008,0.927757586212,717.43180641,4673.75853371
26,0.803571428571,882,-17.5036865299,135.01678529,46.9613597505,14307560.9373,5.99744281895,7.25327372789,0.936914229757,0.0377507298973,9808.69095667,1399.17376224,544.034825618,0.884270564464,0.141859191183,0.926881525011,714.866606404,4670.80521746
26.5,0.803571428571,882,5.07919042002,138.03219571,46.966779025,14309212.0096,5.98995462277,7.25327372789,0.937047184771,0.0377274261396,9812.48544751,1492.47351635,-157.822416286,0.884773917009,0.141786300231,0.927026121659,714.664203229,4672.61211786
27,0.803571428571,882,26.5319235384,130.360215973,46.978660674,14312831.952,5.99132628364,7.25327372789,0.937261315347,0.0377316948382,9819.64948963,1255.24259685,-825.169038353,0.8849068458,0.141845171373,0.92723373612,715.322726399,4676.02356649
27.5,0.803571428571,882,42.0811784947,113.707897766,46.998417676,14318851.252,6.00374791404,7.25327372789,0.937899739551,0.0377703517669,9834.30479926,739.442393495,-1312.49964268,0.884882494433,0.14213022991,0.927837010832,717.36326932,4683.00228536
28,0.803571428571,882,48.2671727012,91.7804604558,47.0305253878,14328633.4015,6.03042650022,7.25327372789,0.939092262218,0.0378533772771,9859.63431989,55.8344438785,-1513.63695645,0.884662010603,0.142709154572,0.928957077765,721.269717078,4695.06396185
28.5,0.803571428571,882,43.7134932622,69.4568622937,47.0571892656,14336756.9963,6.03461206004,7.25327372789,0.938813477884,0.0378664030139,9867.8256164,-644.96181706,-1372.40641851,0.884188709772,0.142710816978,0.928675526463,722.096205773,4698.96457924
29,0.803571428571,882,29.4333553366,51.7042091917,47.0640731066,14338854.2731,6.0678253878,7.25327372789,0.94050912727,0.0379697650686,9887.72988661,-1209.09452311,-929.285124633,0.884114484744,0.143473543108,0.930276552411,726.167901082,4708.44280315
29.5,0.803571428571,882,8.60415698509,42.4725502202,47.0176557871,14324712.4631,6.08718435837,7.25327372789,0.940916465339,0.038030011455,9872.084194,-1501.08503777,-271.749723008,0.883525787359,0.14380714743,0.930639339845,726.421384456,4700.99247333
30,0.803571428571,882,-14.1395068891,43.8159730542,46.9392809772,14300834.271,6.10015555259,7.25327372789,0.941243573416,0.0380703786623,9842.33093458,-1456.1628536,445.812677278,0.883182897659,0.144041261551,0.93093551506,725.180280883,4686.82425456
30.5,0.803571428571,882,-33.7370637718,55.4355597751,46.8974630677,14288093.748,6.09413360438,7.25327372789,0.940677522126,0.0380516379644,9819.06136938,-1086.43772968,1060.43143566,0.882953250336,0.143852774636,0.930391587996,722.941486109,4675.74350923
31,0.803571428571,882,-45.8279647972,74.7458975175,46.9006383934,14289061.1638,6.07120170941,7.25327372789,0.939567395251,0.037980272403,9809.35420256,-477.816260325,1435.50541783,0.883059855268,0.143337025659,0.92934594656,720.447105957,4671.12104884
31.5,0.803571428571,882,-47.7219274437,97.4503450296,46.9193254833,14294754.4972,6.03854835873,7.25327372789,0.938256237113,0.0378786530336,9804.2345503,232.448998483,1488.91282161,0.883465972384,0.142655790696,0.928121158157,717.594546815,4668.68311919
32,0.803571428571,882,-38.9975360868,118.497055623,46.9418243113,14301609.1402,6.01347179082,7.25327372789,0.937531204163,0.0378006131093,9806.61615834,887.032939193,1213.88326971,0.88404468756,0.142187514114,0.927456929437,715.925107199,4669.81721826
32.5,0.803571428571,882,-21.5960089643,133.203036893,46.9519667229,14304699.1949,5.97913287808,7.25327372789,0.936167514708,0.0376937481602,9797.37764535,1338.64280235,669.150690284,0.884489462102,0.141476558058,0.926182928889,712.653245419,4665.41792636
33,0.803571428571,882,0.610732040498,138.296138628,46.9593654293,14306953.3341,5.97419691051,7.25327372789,0.936548659488,0.0376783871053,9804.5227949,1497.00765005,-18.930510031,0.885098996963,0.141484479917,0.926566346457,712.917780371,4668.82037853
33.5,0.803571428571,882,22.6815822849,132.643121662,46.972319496,14310900.0065,5.97670827602,7.25327372789,0.93677575155,0.0376862026395,9812.24317299,1323.22619384,-703.814885678,0.88518665811,0.141560705746,0.926784562425,713.695463008,4672.49674904
34,0.803571428571,882,39.7056734616,117.50180894,46.9962475971,14318190.1013,5.98906679889,7.25327372789,0.93738958529,0.0377246631734,9828.38253634,855.94265486,-1235.76524112,0.885142055686,0.141839984149,0.927363900375,715.83222416,4680.18216016
34.5,0.803571428571,882,47.8950649658,96.2412139781,47.0220137066,14326040.1759,6.00453625887,7.25327372789,0.937984413201,0.0377728051477,9845.04814515,194.893533106,-1495.61262636,0.884922607979,0.142156767786,0.927918637376,718.217846263,4688.11816436
35,0.803571428571,882,45.4275785512,73.5919194609,47.0538717104,14335746.2478,6.02330258697,7.25327372789,0.93869657784,0.0378312071918,9865.44279824,-514.449370297,-1424.30975543,0.884648019915,0.142539675031,0.928582202354,721.128561543,4697.82990392
35.5,0.803571428571,882,32.8522415863,54.5935002753,47.0680334552,14340060.8594,6.04443057306,7.25327372789,0.939472319703,0.0378969588705,9879.0502225,-1114.10773052,-1033.73495264,0.88431506136,0.142966313175,0.929303530757,723.722423881,4704.30962976
36,0.803571428571,882,12.967125875,43.4731943226,47.0281323361,14327904.3184,6.06214695497,7.25327372789,0.940020620893,0.0379520934132,9867.6610475,-1465.00122516,-408.299151791,0.883940399686,0.143304860075,0.929807961988,724.20678119,4698.8862131
36.5,0.803571428571,882,-9.80323652109,42.7053221418,46.9479108001,14303463.4904,6.08364154102,7.25327372789,0.940834437639,0.038018985975,9842.03808397,-1488.65763723,308.568819528,0.883626398868,0.143744636256,0.930565613962,723.953036721,4686.68480189
37,0.803571428571,882,-30.3923325405,52.4607389158,46.8951820495,14287398.7978,6.08452572139,7.25327372789,0.940476214416,0.0380217376023,9816.21530028,-1178.47151799,954.107705638,0.883245635247,0.143687354952,0.930212398562,722.039915837,4674.38823823
37.5,0.803571428571,882,-44.2189911818,70.5688183875,46.8900171908,14285825.2375,6.05453574003,7.25327372789,0.938858895795,0.037928406813,9797.91032845,-606.874006847,1381.04603685,0.883229977272,0.142981606813,0.928682319402,718.335222006,4665.67158498
38,0.803571428571,882,-48.2067156646,93.0004274422,46.906378058,14290809.8483,6.02879225846,7.25327372789,0.938048836245,0.0378482914096,9796.87010177,93.4508126512,1501.43832535,0.883761279888,0.142487834405,0.927936058891,716.354163666,4665.17623894
38.5,0.803571428571,882,-41.4682184776,114.764427235,46.9320563306,14298633.1621,6.00167149313,7.25327372789,0.937084158797,0.0377638898088,9798.13255915,769.223387086,1288.07031032,0.884217692999,0.141947143413,0.927040366175,714.417407472,4665.77740912
39,0.803571428571,882,-25.5028470366,131.018225133,46.9447712964,14302506.9883,5.96026171259,7.25327372789,0.935380269275,0.0376350198553,9786.57605783,1266.9895992,787.743541826,0.884698862053,0.141079321293,0.925445443002,710.434463884,4660.27431325
39.5,0.803571428571,882,-3.86297181022,138.145274418,46.9541928879,14305377.4332,5.96357262319,7.25327372789,0.936334888829,0.0376453236263,9800.35361212,1490.1039287,119.559594175,0.885434203174,0.141304426091,0.926376410319,711.853671505,4666.83505339
40,0.803571428571,882,18.6364328691,134.559773001,46.9682140853,14309649.2247,5.96346624037,7.25327372789,0.9362669924,0.0376449925559,9805.50407299,1379.81600989,-577.086612161,0.885375380023,0.141290104947,0.926309955019,712.206685311,4669.2876538
40.5,0.803571428571,882,36.9891433102,121.059511863,46.9924350354,14317028.5408,5.96627250212,7.25327372789,0.936419132888,0.0376537258266,9817.14677808,963.213917615,-1147.1029485,0.885377269991,0.141355872429,0.92645405328,713.273286547,4674.83179909
41,0.803571428571,882,47.1115948539,100.6483628,47.0152861434,14323990.5117,5.97423331546,7.25327372789,0.936792304367,0.0376785003999,9830.42398285,330.95743311,-1464.25631767,0.885327416467,0.141531387506,0.926805458154,714.853645069,4681.15427755
41.5,0.803571428571,882,46.751494275,77.8679027759,47.0455824505,14333220.7866,5.9915694574,7.25327372789,0.937570005169,0.0377324516109,9850.85917908,-378.561660868,-1458.80163947,0.88518601153,0.141907280888,0.927536293699,717.676263149,4690.88532337
42,0.803571428571,882,35.9889656512,57.7868916222,47.0684484479,14340187.2938,6.0235801846,7.25327372789,0.938955640847,0.0378320710938,9874.25367895,-1010.99430562,-1129.49793332,0.884878177412,0.142592913319,0.928835950075,721.844932085,4702.02556141
42.5,0.803571428571,882,17.2187223777,44.8734490607,47.0398504051,14331474.4234,6.04301441199,7.25327372789,0.939391411821,0.0378925516843,9866.40856949,-1417.92192337,-541.029691914,0.884310137368,0.142932155741,0.929226812426,722.683288636,4698.289795
43,0.803571428571,882,-5.38276786091,42.0008769856,46.961253151,14307528.46,6.06957215433,7.25327372789,0.940443952756,0.0379752011207,9843.86193938,-1508.94924331,169.218164428,0.883965505813,0.143484043121,0.930209263308,723.05138962,4687.55330447
43.5,0.803571428571,882,-26.7865668551,49.808336236,46.8983182377,14288354.2898,6.06609544928,7.25327372789,0.939757599329,0.0379643813865,9810.45627977,-1258.56108624,838.794106056,0.88349484093,0.14330634121,0.929542324114,720.221614946,4671.64584751
44,0.803571428571,882,-42.2302283479,66.5586302941,46.8829344525,14283667.3632,6.04754323865,7.25327372789,0.938832570624,0.03790664569,9794.81804967,-731.402217549,1317.63984139,0.883556437094,0.142884574654,0.92866975173,717.630889947,4664.19907127
44.5,0.803571428571,882,-48.2774647953,88.5247397057,46.8979214529,14288233.4026,6.01989040443,7.25327372789,0.937704922141,0.0378205882559,9789.95293672,-45.87272235,1501.17151997,0.883885220762,0.142305046774,0.927615325211,715.17725932,4661.88235082
45,0.803571428571,882,-43.5827375578,110.819101493,46.9233154268,14295970.1,5.9829848457,7.25327372789,0.936252845082,0.0377057357361,9786.23270786,644.595311276,1349.39676873,0.884375589177,0.14154333076,0.926259465781,712.119692793,4660.11081327
45.5,0.803571428571,882,-29.1906455947,128.481114976,46.9416027233,14301541.6297,5.9645235847,7.25327372789,0.935958937529,0.0376482830808,9791.17737009,1189.86008644,902.592976133,0.885030595117,0.141245315752,0.926005554377,711.174351512,4662.46541433
46,0.803571428571,882,-8.30349726844,137.580898826,46.9486540872,14303689.9452,5.94745312825,7.25327372789,0.935392404441,0.0375951587006,9788.57420713,1468.21973515,256.223796965,0.885358485737,0.140913873814,0.925481294468,709.718705226,4661.22581292
46.5,0.803571428571,882,14.4312183751,136.093708206,46.9644012609,14308487.5841,5.95454584864,7.25327372789,0.936092474062,0.0376172317117,9802.27560011,1425.56666066,-446.322602125,0.885661813619,0.141139941639,0.92615532876,711.334246495,4667.75028577
47,0.803571428571,882,33.9549198452,124.350450045,46.9872958584,14315462.8049,5.96348863279,7.25327372789,0.936437795301,0.0376450622426,9815.24902734,1064.79080892,-1052.53021492,0.885535765651,0.141322916093,0.926477592048,712.951026054,4673.92810826
47.5,0.803571428571,882,45.923491454,104.964054687,47.0104104441,14322505.0486,5.97300949143,7.25327372789,0.936779157421,0.0376746917793,9828.27266592,464.934251444,-1426.84617033,0.885376872173,0.141512824908,0.926794849233,714.61164817,4680.12984091
48,0.803571428571,882,47.6738695519,82.2480865622,47.038902334,14331185.5778,5.98660314282,7.25327372789,0.937327368794,0.0377169961141,9845.6322757,-241.626688011,-1485.99172282,0.885207747957,0.141795765178,0.927307461991,716.908653441,4688.39632176
48.5,0.803571428571,882,38.8165867542,61.2569557501,47.0668891466,14339712.2267,6.01668002112,7.25327372789,0.938680196491,0.0378105973324,9870.86433739,-901.120489817,-1216.93517794,0.884966348961,0.142449439012,0.928578650347,721.070847109,4700.41158923
49,0.803571428571,882,21.322430271,46.6612878902,47.0485696182,14334130.877,6.0282340907,7.25327372789,0.93873150141,0.0378465543549,9863.48457327,-1359.19235264,-668.71586056,0.884432542323,0.142611222827,0.928607146505,721.327944207,4696.89741584
49.5,0.803571428571,882,-0.916067544487,41.7086879423,46.9763601196,14312131.0498,6.05846428745,7.25327372789,0.940129258181,0.0379406327103,9847.15002659,-1516.92181052,28.7754210629,0.884227592375,0.143277203311,0.929921586323,722.473673944,4689.11906028
50,0.803571428571,882,-22.9507360094,47.5011327607,46.9030352667,14289791.4113,6.05939678961,7.25327372789,0.939609236942,0.0379435347182,9811.02739133,-1329.99251801,718.2381357,0.883691657269,0.143189633684,0.929409467769,719.779841236,4671.91780539
50.5,0.803571428571,882,-39.8787574331,62.7497760451,46.8814306938,14283209.218,6.05609300012,7.25327372789,0.939415245336,0.0379332531085,9800.04949172,-851.523773967,1246.14425506,0.883675132331,0.14310889225,0.929225365463,718.711407055,4666.69023415
51,0.803571428571,882,-47.933567184,84.0617227231,46.8920087857,14286432.01,6.02219099137,7.25327372789,0.937667013563,0.0378277478334,9787.046123,-184.631966409,1490.342797,0.883733680888,0.142328010618,0.927573772928,715.112317836,4660.49815381
51.5,0.803571428571,882,-45.3229320909,106.694964112,46.9195713684,14294829.4102,5.99708885076,7.25327372789,0.936963351405,0.0377496283251,9791.75866338,517.993017843,1406.23017902,0.884334779064,0.141863926372,0.926930408774,713.618749391,4662.74222066
52,0.803571428571,882,-32.6277307786,125.61349722,46.9391707818,14300800.6982,5.97218940214,7.25327372789,0.936103997065,0.0376721396076,9791.5165931,1102.07614824,1009.68022433,0.884780199986,0.141373426865,0.926133595978,711.745641068,4662.62694909
52.5,0.803571428571,882,-12.6727054339,136.607859176,46.9450309129,14302586.0848,5.94242308792,7.25327372789,0.934979464903,0.0375795048851,9782.87544952,1436.49934505,390.585051053,0.885222314009,0.140769526597,0.925085271399,708.882268358,4658.51211882
53,0.803571428571,882,10.1020566584,137.231752575,46.9592068412,14306905.0176,5.95199606985,7.25327372789,0.936050492912,0.0376092966328,9799.72175965,1460.01201496,-312.271370277,0.885751218672,0.141098531831,0.926118884803,710.968247282,4666.53417126
53.5,0.803571428571,882,30.6290634838,127.346358191,46.9827648709,14314082.364,5.96764136883,7.25327372789,0.936707943169,0.0376579858296,9816.08276202,1158.30175243,-949.964056129,0.885581076286,0.141428828872,0.926735011239,713.347742499,4674.32512477
54,0.803571428571,882,44.3409591792,109.151222913,47.0031510229,14320293.345,5.96323481633,7.25327372789,0.936178176695,0.0376442723491,9819.17724672,593.826083786,-1374.88964857,0.885303099725,0.141270162123,0.926223197212,713.165941885,4675.79868892
54.5,0.803571428571,882,48.1867822612,86.6948501838,47.0287829777,14328102.5472,5.98245626535,7.25327372789,0.93728935638,0.0377040907594,9841.08335536,-102.932199505,-1500.67977583,0.885381381424,0.141734068717,0.927277946362,716.288434803,4686.23016922
55,0.803571428571,882,41.3108189499,64.973888882,47.0589412177,14337290.7577,6.00384498172,7.25327372789,0.938071853272,0.0377706538478,9861.44323893,-782.756838547,-1292.10351087,0.885039981049,0.142164391383,0.928005770464,719.384933668,4695.92535187
55.5,0.803571428571,882,25.243003522,48.8213553746,47.0508389077,14334822.2539,6.01528150612,7.25327372789,0.938280795421,0.037806245062,9859.99702596,-1289.24906644,-790.325155693,0.884660287936,0.14235465293,0.928189267343,720.099672967,4695.23667903
56,0.803571428571,882,3.55850071663,41.8312645729,46.9895872514,14316160.9159,6.04622590314,7.25327372789,0.939719442198,0.0379025460555,9848.6812988,-1511.38921375,-111.654988501,0.884457353903,0.143037346411,0.929542656673,721.670428089,4689.84823752
56.5,0.803571428571,882,-18.9177852869,45.5589446588,46.9114622479,14292358.8315,6.05226866445,7.25327372789,0.939459138863,0.037921351525,9813.14067847,-1390.08084501,591.733269056,0.883908572904,0.143066972307,0.929275709319,719.421696668,4672.92413261
57,0.803571428571,882,-37.1847748119,59.1749692264,46.8816203744,14283267.0074,6.04690914235,7.25327372789,0.939059057989,0.0379046723407,9796.62597558,-961.964706131,1160.43488285,0.883801460864,0.142919676153,0.928893236462,717.766947373,4665.05998837
57.5,0.803571428571,882,-47.1779765073,79.6497085705,46.8888097877,14285457.382,6.00487855875,7.25327372789,0.936915019728,0.0377738704073,9778.26826593,-320.926751111,1462.82593371,0.883896461157,0.141956915815,0.926868304307,713.150477534,4656.31822187
58,0.803571428571,882,-46.6738558491,102.427436589,46.9133281005,14292927.2946,5.98709860989,7.25327372789,0.936754739202,0.0377185380401,9787.18878012,385.017856873,1446.01566236,0.884641945239,0.141693021361,0.926744418503,712.569373778,4660.56608577
58.5,0.803571428571,882,-35.784582062,122.440001336,46.9359963527,14299833.5555,5.96755372956,7.25327372789,0.936043734496,0.0376577130904,9789.65872466,1003.22213266,1106.65484755,0.884957551965,0.14130118047,0.926083124046,711.28569979,4661.74224984
59,0.803571428571,882,-16.9330699382,135.234512736,46.9408085944,14301299.6851,5.93206864448,7.25327372789,0.934512493114,0.0375472811779,9776.47228988,1391.70067799,520.968691559,0.885304656536,0.140545330503,0.924646098885,707.625962074,4655.46299518
59.5,0.803571428571,882,5.68613013538,137.964131641,46.9534404174,14305148.1805,5.94459272233,7.25327372789,0.935848677716,0.0375862569297,9795.36556396,1480.86449799,-175.555940665,0.885935297084,0.140963127681,0.925934593223,710.111541448,4664.45979236
60,0.803571428571,882,27.0401394272,130.021504966,46.9711098037,14310531.4535,5.93916177126,7.25327372789,0.935322811385,0.0375693554537,9797.38080326,1235.07003162,-834.463018961,0.885712653694,0.140792057822,0.925428449109,709.783671337,4665.41943013
60.5,0.803571428571,882,42.3775901239,113.173904619,46.9913019619,14316683.3311,5.94619954073,7.25327372789,0.935801478772,0.037591257454,9810.64636505,716.696528524,-1310.60657358,0.885809192195,0.140975213658,0.925885251769,711.318201533,4671.73636431
61,0.803571428571,882,48.285827085,91.1700011619,47.0147382841,14323823.5972,5.96481053283,7.25327372789,0.936665399293,0.0376491760822,9829.06100581,36.3255091157,-1499.15000857,0.885684094082,0.141383589219,0.926698554759,714.090495675,4680.50524086
61.5,0.803571428571,882,43.4502397121,68.9057669264,47.0433238804,14332532.6756,5.96789384046,7.25327372789,0.936480617392,0.0376587715379,9839.02927755,-655.742385775,-1350.70868668,0.885353388048,0.14138884562,0.926511372925,714.985693968,4685.25203693
62,0.803571428571,882,28.9467690095,51.3350990702,47.0489575273,14334249.06,5.99633030176,7.25327372789,0.937943966434,0.0377472676708,9856.07653493,-1207.78506317,-904.217375345,0.885298614877,0.142041213503,0.927894408892,718.456682544,4693.36977854
62.5,0.803571428571,882,8.00250563448,42.3675540879,46.9964088727,14318239.2366,6.0088868484,7.25327372789,0.938080351796,0.0377863444677,9835.24027637,-1486.58161741,-249.753661431,0.884793664517,0.142232276008,0.928004598004,717.816953251,4683.44775065
63,0.803571428571,882,-14.7223529992,43.9984530459,46.920727993,14295181.7952,6.01813708894,7.25327372789,0.938338541561,0.0378151318231,9806.08197929,-1432.78212165,458.548148109,0.884570815599,0.142403238272,0.928240550991,716.366969808,4669.56284728
63.5,0.803571428571,882,-34.1714186321,55.8649132318,46.8806022791,14282956.8277,6.01604669906,7.25327372789,0.938052724464,0.0378086263926,9786.40026524,-1060.75477044,1061.88379051,0.884406692911,0.142321086028,0.927963961895,714.729682273,4660.19060249
64,0.803571428571,882,-46.0171824021,75.3265912694,46.8871800447,14284960.8536,5.99022824047,7.25327372789,0.936712164852,0.0377282776558,9775.77874274,-454.199872333,1424.41328773,0.884443778214,0.14172595667,0.926696744314,711.94071231,4655.13273464
64.5,0.803571428571,882,-47.6239059833,98.0531719772,46.9082147555,14291369.4288,5.96306193016,7.25327372789,0.935744769852,0.0376437343161,9775.06301821,248.54950271,1469.8429616,0.884901988141,0.141185386471,0.925798040441,709.86172635,4654.79191343
65,0.803571428571,882,-38.6340857986,118.987883926,46.9322973318,14298706.5871,5.93890750666,7.25327372789,0.934962623659,0.0375685641656,9777.46361407,892.637817849,1189.67794027,0.885384452901,0.140720306877,0.925075294171,708.250035184,4655.93505432
65.5,0.803571428571,882,-21.0479992521,133.472654939,46.9339563681,14299212.0401,5.88171667335,7.25327372789,0.932354561739,0.0373905825407,9752.20840949,1326.95728927,642.468146264,0.885813712234,0.139478761226,0.92262059354,702.050925939,4643.90876642
66,0.803571428571,882,1.22136643033,138.284555129,46.945592907,14302757.3057,5.90549013195,7.25327372789,0.934699461125,0.0374645671033,9780.92950452,1482.5403757,-37.5011231157,0.88683112935,0.140233014607,0.924879115361,706.197427932,4657.58547834
66.5,0.803571428571,882,23.2189723197,132.352914001,46.9590899064,14306869.3915,5.89885496548,7.25327372789,0.933898107421,0.03744391803,9778.35861837,1298.94872793,-712.117578438,0.886408024468,0.139994508863,0.92410457175,705.401775693,4656.36124684
67,0.803571428571,882,40.0502473232,116.997549692,46.9779927348,14312628.4532,5.90888315404,7.25327372789,0.934559724699,0.0374751264107,9792.91513278,830.189862212,-1231.56766768,0.886526087561,0.140250944726,0.924735603637,707.262957158,4663.29292037
67.5,0.803571428571,882,47.9701533444,95.6351032037,46.9957067171,14318025.3132,5.91730404514,7.25327372789,0.934822659842,0.0375013327762,9802.87187906,173.611168054,-1477.90626948,0.88634765822,0.140410972263,0.924978115516,708.604034553,4668.03422812
68,0.803571428571,882,45.2164739282,73.0188196671,47.025194624,14327009.2954,5.92429425573,7.25327372789,0.935039011222,0.0375230867701,9817.29356303,-524.322176829,-1396.13381248,0.886197862029,0.140543505398,0.925177527634,710.163241344,4674.90169668
68.5,0.803571428571,882,32.4019157364,54.1809288701,47.0361664986,14330352.0599,5.92659701628,7.25327372789,0.935031137596,0.037530253112,9821.74761342,-1106.71511148,-1001.13399525,0.886073539959,0.14057215871,0.925165507554,710.639521382,4677.02267306
69,0.803571428571,882,12.3777784243,43.3129503901,46.9973680486,14318531.4655,5.93312605423,7.25327372789,0.935337502945,0.0375505719064,9808.61014017,-1441.59988417,-382.200290912,0.886032589807,0.140715800745,0.92545413354,710.192604005,4670.76673341
69.5,0.803571428571,882,-10.4004729842,42.833060713,46.9302874836,14298094.2533,5.94119369322,7.25327372789,0.93564685078,0.0375756789281,9783.68065023,-1453.96034584,320.603276906,0.885916496516,0.14088023557,0.925742793786,708.994233243,4658.89554773
70,0.803571428571,882,-30.8645700854,52.848037556,46.8853697055,14284409.3036,5.94232545012,7.25327372789,0.935555954016,0.0375792010298,9763.9977293,-1143.02927224,949.589328856,0.885773071959,0.140877791695,0.925651439394,707.625426281,4649.52272824
70.5,0.803571428571,882,-44.4611547268,71.1295013219,46.8871228596,14284943.4312,5.92357487409,7.25327372789,0.934531078134,0.0375208480072,9754.4818507,-578.805604057,1363.73531817,0.885752954222,0.140437734214,0.92468015705,705.467784418,4644.99135748
71,0.803571428571,882,-48.1649226783,93.6097400728,46.90507172,14290411.8507,5.895149064,7.25327372789,0.933360747724,0.0374323850215,9750.37703027,110.336436107,1472.22398471,0.886086333264,0.139844388499,0.923583789293,703.025142895,4643.03668108
71.5,0.803571428571,882,-41.1517680968,115.286794627,46.9289604127,14297689.9391,5.86712159788,7.25327372789,0.932391836398,0.0373451617084,9750.80374465,770.674011263,1254.19605994,0.886592037232,0.139295374996,0.922684125901,700.978614352,4643.23987841
72,0.803571428571,882,-24.9821509639,131.337418076,46.9274195446,14297220.4879,5.79810759153,7.25327372789,0.929217017097,0.0371303855933,9718.55015069,1246.24221313,753.162934575,0.887091007601,0.137799421563,0.919692475676,693.404964218,4627.88102414
72.5,0.803571428571,882,-3.2538873784,138.190270978,46.9357873433,14299769.8773,5.81187276474,7.25327372789,0.931244468917,0.0371732237153,9742.80196859,1459.26246398,98.5318326075,0.888321124596,0.138359014394,0.921658772315,696.469141807,4639.42950885
73,0.803571428571,882,19.1983815003,134.32056123,46.9450921802,14302604.7509,5.79976830795,7.25327372789,0.930337496561,0.0371355538518,9737.47835666,1339.43362994,-580.20379499,0.888075607384,0.138031175611,0.920790041989,695.094390355,4636.89445555
73.5,0.803571428571,882,37.3789199192,120.589317509,46.9630960492,14308089.9297,5.80306714417,7.25327372789,0.930740739418,0.0371458200465,9749.07669814,925.958993125,-1131.48477544,0.888291499564,0.138149767396,0.921180100593,696.225302691,4642.41747531
74,0.803571428571,882,47.2424723063,100.051806325,46.9736187152,14311295.8352,5.79770319432,7.25327372789,0.930391173955,0.0371291270827,9749.91421475,304.112880222,-1429.29975544,0.888232656092,0.138014366805,0.920846536186,695.854657269,4642.81629274
74.5,0.803571428571,882,46.59435172,77.27772081,46.9992287969,14319098.3734,5.80695145113,7.25327372789,0.930987851638,0.0371579082645,9766.58155264,-385.975386175,-1413.60464034,0.888328338698,0.13824672652,0.921415721946,697.786438217,4650.7531203
75,0.803571428571,882,35.5787680488,57.3344024373,47.0151824314,14323958.9141,5.79919288711,7.25327372789,0.930398557753,0.0371337631044,9767.22398865,-990.181680255,-1078.48767378,0.888163375173,0.138035140006,0.920851069802,697.191551513,4651.05904221
75.5,0.803571428571,882,16.6467406297,44.6593336352,46.9897567678,14316212.5619,5.79562661765,7.25327372789,0.930352093236,0.0371226646399,9756.24806855,-1372.36249477,-503.8603164,0.888301764194,0.137980012435,0.920811938339,696.159538673,4645.8324136
76,0.803571428571,882,-5.98926511705,42.0727770118,46.9367428635,14300060.9924,5.79622156747,7.25327372789,0.930450663533,0.0371245161627,9735.2585267,-1447.65558734,180.907479511,0.888365384154,0.138006238585,0.92090767457,694.721630688,4635.83739367
76.5,0.803571428571,882,-27.2926311185,50.150253619,46.8957479527,14287571.2096,5.79049347226,7.25327372789,0.930132049032,0.0371066899547,9715.06781467,-1200.40235507,822.141710953,0.888354770253,0.137871968007,0.920605157228,692.833874088,4626.22276889
77,0.803571428571,882,-42.5232579324,67.094486803,46.8890286602,14285524.0651,5.77764937005,7.25327372789,0.929549469206,0.037066718266,9706.49341097,-688.408214156,1278.00498515,0.888456965697,0.137595799663,0.920056277202,691.247944955,4622.13971951
77.5,0.803571428571,882,-48.2922592359,89.1353047391,46.9063815325,14290810.9069,5.75747461782,7.25327372789,0.928705840932,0.0370039331136,9705.31631775,-25.9276432591,1448.02975833,0.888686169133,0.137175872733,0.919264167683,689.648506169,4621.57919893
78,0.803571428571,882,-43.3160050215,111.36852145,46.9241939307,14296237.7509,5.72100531756,7.25327372789,0.927122936745,0.0368904382589,9696.95406717,637.623924254,1292.52373259,0.889046328952,0.136407459434,0.91777494479,686.306270274,4617.59717484
78.5,0.803571428571,882,-28.7017353295,128.847141324,46.9263630576,14296898.6115,5.68261252388,7.25327372789,0.925738187917,0.0367709573664,9684.20188734,1152.86983417,851.783779236,0.889697810498,0.135652889539,0.91648327286,682.572907092,4611.52470826
79,0.803571428571,882,-7.7011941148,137.682088977,46.9260611497,14296806.6303,5.65756648983,7.25327372789,0.92510482513,0.0366930124654,9677.97368301,1410.4437167,227.80253725,0.890384243615,0.135211588134,0.915905639833,680.343629656,4608.55889667
79.5,0.803571428571,882,15.0128991239,135.907546873,46.9337376866,14299145.4152,5.64511526444,7.25327372789,0.924900148545,0.0366542634352,9679.24883359,1356.39945456,-443.576047295,0.890832367981,0.135012776439,0.915726689578,679.565552503,4609.16611123
80,0.803571428571,882,34.3865514782,123.918359003,46.9483269012,14303590.2626,5.65134352702,7.25327372789,0.925466906729,0.0366736461969,9691.04081443,1004.16284731,-1018.02382122,0.891055238679,0.135198137328,0.916272566129,680.921665055,4614.7813402
80.5,0.803571428571,882,46.1090338964,104.382176231,46.9548978014,14305592.1968,5.65237805436,7.25327372789,0.925406808361,0.0366768657139,9693.10936769,425.914807281,-1365.47626523,0.890943748221,0.135200396497,0.916211660167,681.123663768,4615.76636557
81,0.803571428571,882,47.572038735,81.6458913944,46.9752385458,14311789.3436,5.64764684659,7.25327372789,0.925132857383,0.0366621418849,9698.74785527,-247.408704283,-1408.85605145,0.890925230911,0.135088537885,0.915950873896,681.149894877,4618.45135965
81.5,0.803571428571,882,38.4500405151,60.7684351362,46.9906232761,14316476.5581,5.62130378381,7.25327372789,0.923802412826,0.0365801605455,9691.74362101,-862.508021607,-1134.50882736,0.891009919656,0.134502481925,0.914690159805,678.639155632,4615.11601001
82,0.803571428571,882,20.7727268773,46.3951399718,46.976073414,14312043.7001,5.59479227276,7.25327372789,0.922863265533,0.036497654984,9676.46514107,-1280.88713179,-610.196169236,0.89148162235,0.133987465545,0.913814009942,675.622029563,4607.84054337
82.5,0.803571428571,882,-1.52661649425,41.7241318868,46.9419215182,14301638.7559,5.58396823927,7.25327372789,0.922771562136,0.0364639698817,9661.64942366,-1414.38344913,44.7267172404,0.891956614229,0.133831078894,0.913742972235,673.852601752,4600.78543984
83,0.803571428571,882,-23.4862804935,47.7947322176,46.9045853011,14290263.6551,5.58154819525,7.25327372789,0.922841801638,0.0364564385459,9647.06027923,-1234.39253495,686.911630658,0.892150620125,0.133812799598,0.913816282097,672.689211454,4593.83822821
83.5,0.803571428571,882,-40.220136277,63.2562037501,46.8977497027,14288181.0761,5.5860880474,7.25327372789,0.923131439431,0.0364705668636,9647.16881021,-782.610632086,1176.97225854,0.892194002201,0.133924585693,0.914092972328,673.054953371,4593.88990962
84,0.803571428571,882,-48.0048219845,84.6682961226,46.911388654,14292336.4099,5.57327798982,7.25327372789,0.922356653954,0.0364307011241,9644.97700525,-155.755337667,1402.36731629,0.892112621957,0.133617078449,0.913353967213,671.900174634,4592.84619298
84.5,0.803571428571,882,-45.1082083187,107.266717762,46.923954073,14296164.6742,5.54178501683,7.25327372789,0.920895883172,0.0363326929262,9635.55658372,502.14087332,1311.81127942,0.892342271965,0.132943838145,0.911973260637,668.872929145,4588.36027796
85,0.803571428571,882,-32.174805486,126.023213237,46.9249767418,14296476.2473,5.49210844895,7.25327372789,0.918798383259,0.0361780961882,9615.102109,1039.60550129,928.543063771,0.892907119847,0.131922726861,0.909997647173,663.764400254,4578.6200519
85.5,0.803571428571,882,-12.0823566354,136.764373813,46.9184499013,14294487.7366,5.44499871438,7.25327372789,0.91717150889,0.0360314876039,9596.38951068,1340.01480139,346.215193466,0.893798849174,0.131023378246,0.908479344383,659.055984691,4569.7092908
86,0.803571428571,882,10.6984735699,137.100240586,46.9244137535,14296304.7236,5.42749356272,7.25327372789,0.917093745541,0.0359770104236,9598.33946201,1347.52902218,-306.081316127,0.894645323155,0.130785296897,0.908432985698,658.025672999,4570.63783905
86.5,0.803571428571,882,31.0988429317,126.956081615,46.9374004957,14300261.351,5.4370751308,7.25327372789,0.917934562149,0.036006828892,9612.22030572,1060.116886,-892.096972579,0.894960056616,0.131060372784,0.909243383699,659.774719413,4577.24776463
87,0.803571428571,882,44.57957302,108.589020129,46.9415947761,14301539.2084,5.44665296998,7.25327372789,0.918275739175,0.0360366357558,9617.31120784,534.088534498,-1280.83345209,0.894787771879,0.131244982308,0.909562382079,660.822152444,4579.67200373
87.5,0.803571428571,882,48.1411377895,86.0858139635,46.9561888319,14305985.5308,5.43821706387,7.25327372789,0.917642982363,0.0360103826627,9616.86249417,-112.338887404,-1381.67215539,0.894615586012,0.131022115028,0.908954672199,660.110272275,4579.45833056
88,0.803571428571,882,40.991072276,64.4535326579,46.9681411922,14309627.0166,5.39630133222,7.25327372789,0.915532162508,0.0358799381561,9600.54503962,-728.428481222,-1168.81383722,0.894767241071,0.130104090516,0.906950624996,655.818859169,4571.6881141
88.5,0.803571428571,882,24.7202997894,48.5054608615,46.9613734126,14307565.0997,5.33377803634,7.25327372789,0.912920079136,0.0356853615578,9571.71252236,-1171.3058731,-697.803444241,0.895521137368,0.128836651199,0.904487497551,649.242903778,4557.95834398
89,0.803571428571,882,2.9491439719,41.7901197903,46.9414686518,14301500.7826,5.30881741448,7.25327372789,0.912715134173,0.0356076824652,9561.91370716,-1355.97318903,-82.9489751707,0.896646775334,0.12848230975,0.904327993197,646.90854265,4553.2922415
89.5,0.803571428571,882,-19.4782102932,45.801704515,46.9130268558,14292835.5154,5.31609288799,7.25327372789,0.913567334158,0.035630324216,9559.05461561,-1244.00642671,548.234236629,0.897096507859,0.128727645252,0.905154123557,647.358625494,4551.93076934
90,0.803571428571,882,-37.5715708718,59.6476185082,46.9055221446,14290549.0801,5.32850171992,7.25327372789,0.914106411748,0.035668941315,9561.37393134,-855.716081595,1059.24463998,0.896965400273,0.128982444548,0.905663477442,648.432475783,4553.0352054
90.5,0.803571428571,882,-47.3050796727,80.2470805826,46.9141164981,14293167.4931,5.32671032609,7.25327372789,0.913781490545,0.0356633663799,9561.53423062,-274.889021435,1333.30816175,0.896741825779,0.128901302878,0.905346862965,648.262045694,4553.11153839
91,0.803571428571,882,-46.5129850659,103.016613241,46.921776661,14295501.2894,5.29914788117,7.25327372789,0.912320736356,0.0355775902432,9549.96558103,365.252908199,1305.17844774,0.896774098952,0.128288703803,0.903956248603,645.391910572,4547.60265763
91.5,0.803571428571,882,-35.3715318385,122.889888042,46.9225085397,14295724.2684,5.24579363979,7.25327372789,0.909933102229,0.0354115483441,9526.38699829,914.996542371,984.035862013,0.897270783335,0.127185102806,0.901696278085,639.859900035,4536.37476109
92,0.803571428571,882,-16.3597458979,135.445007582,46.9124135844,14292648.672,5.1875481264,7.25327372789,0.907747283972,0.0352302844855,9500.59152479,1252.55429763,450.90695596,0.898232913476,0.126059754774,0.899641730207,633.925493209,4524.09120228
92.5,0.803571428571,882,6.29216068867,137.888398531,46.9148896228,14293403.0384,5.16397944877,7.25327372789,0.907528932329,0.0351569372146,9499.73458702,1316.51506315,-172.9797734,0.89928421486,0.125723294414,0.899465633857,632.300251863,4523.68313668
93,0.803571428571,882,27.5440318362,129.676394874,46.9257623227,14296715.5876,5.16801567548,7.25327372789,0.908177956585,0.0351694982169,9510.81806208,1092.70019923,-758.571164809,0.899709892639,0.125888997995,0.900097802806,633.42712114,4528.96098194
93.5,0.803571428571,882,42.6672259503,112.636206169,46.9311371812,14298353.1279,5.19292103437,7.25327372789,0.909458319137,0.0352470053276,9525.88070683,626.23453742,-1180.39614532,0.899636982704,0.126430789869,0.901316837191,636.298956346,4536.13366992
94,0.803571428571,882,48.2967609909,90.5593547952,46.9425129751,14301818.9531,5.18178685666,7.25327372789,0.908398624321,0.0352123550362,9519.66573363,15.441912542,-1333.31181868,0.899187195713,0.126102206132,0.900292288218,634.952969937,4533.17415887
94.5,0.803571428571,882,43.1800388519,68.358044341,46.95199341,14304707.3256,5.1299670663,7.25327372789,0.905785383966,0.0350510884492,9497.20186137,-592.415082528,-1181.98681686,0.899388255753,0.124986516635,0.897805163311,629.589447129,4522.47707685
95,0.803571428571,882,28.4555543494,50.9721711254,46.9515440101,14304570.4084,5.0550146441,7.25327372789,0.90260524642,0.034818579334,9465.18981584,-1055.47202318,-769.554504717,0.900324465177,0.123485000647,0.894796076739,622.01401495,4507.23324564
95.5,0.803571428571,882,7.39957475379,42.2701739636,46.9369448805,14300122.5403,5.00607450507,7.25327372789,0.899767595941,0.0346915627754,9430.64175124,-1278.17217204,-198.155562688,0.901679858968,0.122352120935,0.892084743584,615.92430558,4490.78178631
96,0.803571428571,882,-15.302845135,44.1882882794,46.9142336175,14293203.1755,5.02129613123,7.25327372789,0.901957964688,0.0347310681509,9444.02591332,-1231.42618956,411.342941929,0.90256561285,0.122931801465,0.894215963483,618.243704418,4497.15519682
96.5,0.803571428571,882,-34.600309784,56.2997245879,46.9023287354,14289576.1547,5.05496982604,7.25327372789,0.904571975134,0.0348184630156,9465.79887877,-912.011099447,936.368210092,0.902290060095,0.123828180844,0.89673260518,622.435722876,4507.52327561
97,0.803571428571,882,-46.1990422653,75.90963117,46.9088717913,14291569.6057,5.07250897609,7.25327372789,0.904963347144,0.0348722751032,9472.20748594,-382.319332818,1253.53617274,0.901680669855,0.124118224446,0.897089405581,624.067741652,4510.57499331
97.5,0.803571428571,882,-47.5182698804,98.6547112937,46.9132960229,14292917.5216,5.03982256947,7.25327372789,0.902344567641,0.0347791506549,9447.33695373,233.215974925,1280.46092595,0.901363374545,0.123241066776,0.894565228215,619.774275684,4498.73188273
98,0.803571428571,882,-38.2644582607,119.474077322,46.9155721886,14293610.9935,4.97551345212,7.25327372789,0.897420586469,0.0346122462911,9398.18478395,783.390220345,1017.02937331,0.901954754872,0.12154735817,0.889824677301,611.316000525,4475.3260876
98.5,0.803571428571,882,-20.4966241504,133.735322091,46.9054675376,14290532.4431,4.91647556927,7.25327372789,0.893508579351,0.0344590226009,9354.49347987,1148.1681559,538.090724558,0.903119011119,0.120106873384,0.886069604816,603.810977556,4454.5207047
99,0.803571428571,882,1.83180553444,138.265251356,46.9044145242,14290211.6251,4.88643390712,7.25327372789,0.891983675979,0.034381054115,9338.73700767,1260.17778021,-47.8273823775,0.904188644587,0.119456954508,0.884616849893,600.516689136,4447.0176227
99.5,0.803571428571,882,23.7526498456,132.055934484,46.9126033028,14292706.4729,4.89330302665,7.25327372789,0.893111890647,0.0343988818519,9353.61608891,1101.03775682,-621.851936606,0.904733207875,0.119739513347,0.885716987096,602.14732398,4454.10289948
100,0.803571428571,882,40.3884175035,116.488973773,46.922795859,14295811.8051,4.93072659122,7.25327372789,0.896208346053,0.0344960089234,9389.25291867,699.686387007,-1066.8297746,0.904608676043,0.120756956867,0.888705311976,607.527759999,4471.07281841
100.5,0.803571428571,882,48.0375717185,95.0280914259,46.9333517146,14299027.8224,4.93209519166,7.25327372789,0.895653996138,0.0344995609141,9387.68246537,132.787208315,-1268.62749747,0.903930380875,0.120678961966,0.88815701801,607.408563713,4470.32498351
101,0.803571428571,882,44.9981395899,72.4484350143,46.9416582463,14301558.5457,4.87965708569,7.25327372789,0.89112190536,0.0343634659236,9344.71427381,-458.085008193,-1174.42365735,0.903905580661,0.119221617433,0.883778990438,600.285797706,4449.86393991
101.5,0.803571428571,882,31.9464091059,53.7740846184,46.9458777148,14302844.0771,4.78456142027,7.25327372789,0.883876050827,0.0341166598378,9272.51879471,-926.158582013,-816.74791779,0.90485607538,0.116765002318,0.876793449986,588.022335996,4415.48514034
102,0.803571428571,882,11.7864518761,43.160171305,46.9319534976,14298601.8323,4.71885641554,7.25327372789,0.879896432478,0.0339461326643,9226.66730716,-1181.32773123,-297.261173704,0.906581095558,0.115254918817,0.872975587,580.073381463,4393.65109865
102.5,0.803571428571,882,-10.9960465035,42.9683408618,46.9087024077,14291518.0002,4.73822559777,7.25327372789,0.882726147639,0.0339964023799,9246.6520672,-1192.44241675,278.794167749,0.907773841287,0.115979680702,0.875733932633,583.142846494,4403.16765105
103,0.803571428571,882,-31.3318726578,53.2412764673,46.8912230669,14286192.6277,4.79013811257,7.25327372789,0.886863873843,0.0341311332798,9281.91117127,-942.248516113,803.140253023,0.907422165017,0.117344719373,0.879728754686,589.566605905,4419.9577006
103.5,0.803571428571,882,-44.6962093252,71.6932014827,46.892908828,14286706.2229,4.81017324016,7.25327372789,0.887670049683,0.0341831313535,9290.6204204,-470.873284849,1149.64125952,0.906479892313,0.11773861813,0.880490897951,591.588176451,4424.1049621
104,0.803571428571,882,-48.1154285457,94.2184755377,46.8978295229,14288205.3947,4.79404038263,7.25327372789,0.885923894242,0.034141261018,9274.68514576,108.062520827,1232.54821625,0.90611634624,0.117234572382,0.87879623755,589.179184945,4416.51673607
104.5,0.803571428571,882,-40.8287379112,115.805118883,46.901004574,14289172.7269,4.73055906226,7.25327372789,0.880738210651,0.0339765050732,9223.06505891,651.602003544,1030.96162995,0.906409078721,0.115545726737,0.873786806738,580.770278535,4391.93574234
105,0.803571428571,882,-24.4574604656,131.650001531,46.8959849997,14287643.4299,4.65700687018,7.25327372789,0.875509823442,0.0337856117391,9167.91879355,1034.98744766,607.759031277,0.907561355961,0.113734014346,0.868748233083,571.541666766,4365.67561597
105.5,0.803571428571,882,-2.64428267869,138.227562339,46.8922263959,14286498.3086,4.6229146701,7.25327372789,0.873851732893,0.0336971307088,9149.75715564,1190.79453706,65.2904110337,0.908897148661,0.113026804128,0.867166240837,567.896717654,4357.02721697
106,0.803571428571,882,19.7572604797,134.074262993,46.8983520916,14288364.6039,4.63247653208,7.25327372789,0.875274257245,0.0337219470421,9166.79378554,1091.98228001,-489.505141562,0.909516526676,0.113385363894,0.868553944417,569.847133791,4365.13989788
106.5,0.803571428571,882,37.7627199686,120.114232193,46.9135355508,14292990.4978,4.6704084364,7.25327372789,0.878387262522,0.0338203934307,9204.51831214,753.18660326,-944.482814664,0.909342796316,0.114386848744,0.871563910913,575.252650109,4383.10395816
107,0.803571428571,882,47.3657961039,99.4536426546,46.9249850126,14296478.7672,4.67859204873,7.25327372789,0.878428781951,0.0338416327303,9209.30915907,236.788937005,-1186.38887883,0.908653709259,0.11449738614,0.871592066068,576.089635508,4385.38531385
107.5,0.803571428571,882,46.4297591392,76.6895730243,46.9353303887,14299630.6584,4.64252808668,7.25327372789,0.875169291979,0.0337480342968,9179.99709513,-330.616560346,-1153.26482706,0.908505064726,0.113494414605,0.868434935557,571.295038229,4371.42718816
108,0.803571428571,882,35.1628817152,56.8871361933,46.9414778445,14301503.5833,4.54290877012,7.25327372789,0.867187430323,0.0334894877744,9100.79528195,-804.000998982,-853.776713216,0.909160179441,0.11091440675,0.860716898566,558.454354311,4333.71203903
108.5,0.803571428571,882,16.0720972147,44.4524677823,46.9295532572,14297870.559,4.47687224606,7.25327372789,0.863193395543,0.0333181001938,9055.58642514,-1090.59663243,-384.832596741,0.910970509808,0.109432946352,0.856876516286,550.715292895,4312.18401197
109,0.803571428571,882,-6.59480474253,42.1523401784,46.9006049846,14289050.9853,4.49866215072,7.25327372789,0.866221085276,0.0333746525199,9075.5951234,-1152.31305922,158.822388725,0.912170999167,0.110203280831,0.859830258191,553.907975035,4321.71196352
109.5,0.803571428571,882,-27.7943315309,50.498542625,46.8743291683,14281045.62,4.55666112635,7.25327372789,0.870873814964,0.0335251798872,9112.88444951,-963.139447807,677.691885359,0.911774846324,0.111698554432,0.864331286148,560.794683833,4339.46878548
110,0.803571428571,882,-42.809488423,67.6340057014,46.8674861791,14278960.7892,4.57620389613,7.25327372789,0.871559344014,0.0335759001223,9117.03556618,-546.928974892,1046.8459084,0.910720541909,0.112057526945,0.864977538357,562.432693783,4341.44550771
110.5,0.803571428571,882,-48.2993321701,89.7460080297,46.8762528674,14281631.7069,4.56018550782,7.25327372789,0.869832665583,0.033534326874,9102.75081945,-6.18628495471,1176.38928322,0.910365352156,0.111569577529,0.863299279835,560.193118589,4334.64324736
111,0.803571428571,882,-43.0423466382,111.91452477,46.8772384551,14281931.9826,4.49873000903,7.25327372789,0.864788739141,0.0333748286356,9051.65721639,526.112583934,1033.33841123,0.910656483904,0.109967467946,0.858417496633,552.172112226,4310.31296019
111.5,0.803571428571,882,-28.2082359099,129.206956358,46.8812334865,14283149.1355,4.4299662686,7.25327372789,0.85988729982,0.0331963629869,9003.28450683,927.224278843,667.110217897,0.911773612664,0.108309172446,0.853684537796,543.938127171,4287.27833659
112,0.803571428571,882,-7.09765960814,137.775655182,46.8759557753,14281541.1929,4.38827231988,7.25327372789,0.857446278505,0.0330881527942,8976.50726015,1120.09128552,166.403299847,0.913023855216,0.107396005066,0.851337209614,539.230691212,4274.52726674
112.5,0.803571428571,882,15.5921794425,135.714045328,46.8810329213,14283088.03,4.39595499682,7.25327372789,0.858825891557,0.0331080919935,8992.68840201,1075.18339266,-366.724324475,0.913782009042,0.1077159909,0.852687119094,540.954489015,4282.23257239
113,0.803571428571,882,34.8126850048,123.480844714,46.8996435584,14288758.0708,4.44379683702,7.25327372789,0.862851316659,0.0332322580873,9041.00221967,797.237788961,-828.95124834,0.913642305721,0.108966754749,0.85658801299,547.670445677,4305.23915222
113.5,0.803571428571,882,46.287203911,103.797998192,46.9153708722,14293549.6591,4.46825040078,7.25327372789,0.864152365618,0.0332957235284,9060.23893354,330.335673234,-1108.15456368,0.912772374828,0.109484015207,0.85783516285,550.639330335,4314.39949216
114,0.803571428571,882,47.4626015687,81.0450319748,46.9315838145,14298489.2021,4.42930413007,7.25327372789,0.860352461787,0.0331946445088,9027.49388243,-212.369020546,-1125.58595177,0.912327756255,0.108377301869,0.854144369159,545.450018225,4298.80661068
114.5,0.803571428571,882,38.0773464537,60.2845883918,46.9366949666,14300046.3998,4.34555773901,7.25327372789,0.853748802865,0.0329772937086,8961.87094606,-691.15244035,-885.64315617,0.913035895012,0.10626951923,0.847750735521,534.958301694,4267.55759336
115,0.803571428571,882,20.2197021078,46.1359640859,46.9296131571,14297888.8085,4.29178104912,7.25327372789,0.850495715016,0.0328377246307,8926.05156597,-1008.56578532,-464.911614044,0.914558753641,0.105085628385,0.844617243565,528.839003957,4250.5007457
115.5,0.803571428571,882,-2.13692135151,41.7472947169,46.893994928,14287037.1214,4.32019333502,7.25327372789,0.85387882977,0.0329114643226,8947.30928759,-1117.22198291,49.4773400919,0.915536655666,0.105980258086,0.847915329092,532.531916212,4260.62347028
116,0.803571428571,882,-24.0180697284,48.0950799246,46.8510752919,14273960.9389,4.37429858285,7.25327372789,0.858104974882,0.0330518861218,8974.03918521,-980.821567621,562.164079059,0.915019996107,0.107331573483,0.852007340594,538.335260268,4273.35199295
116.5,0.803571428571,882,-40.5550842759,63.7669075522,46.8366085209,14269553.396,4.39461846011,7.25327372789,0.858948538463,0.0331046232192,8976.94770069,-615.847717193,952.070600201,0.914036112817,0.107719566748,0.852810062527,539.947683394,4274.73700033
117,0.803571428571,882,-48.0684012374,85.2757220144,46.8457045367,14272324.6488,4.3770901189,7.25327372789,0.85707831843,0.0330591311217,8961.2729105,-110.413430401,1123.43030844,0.913666609486,0.10719845853,0.850990388055,537.544341585,4267.27281452
117.5,0.803571428571,882,-44.8862721418,107.835710617,46.849889175,14273599.5687,4.31876983776,7.25327372789,0.852308272066,0.0329077698557,8914.18526911,411.125715571,1034.66024706,0.913985350232,0.105708210506,0.84636758337,530.16623005,4244.85012815
118,0.803571428571,882,-31.7167357258,126.42716946,46.8578928451,14276038.0201,4.24295779674,7.25327372789,0.846700207818,0.0327110114334,8860.04688211,825.436203396,718.698221943,0.915045881769,0.103880542434,0.840940000886,521.177817528,4219.06994386
118.5,0.803571428571,882,-11.4900759746,136.913411239,46.8553394765,14275260.0939,4.18804707554,7.25327372789,0.843190359381,0.0325684991527,8823.38628335,1050.38834785,257.262083504,0.916424430807,0.102654108633,0.83755168394,514.968563625,4201.61251588
119,0.803571428571,882,11.2931798899,136.961197685,46.860623194,14276869.8664,4.19165940835,7.25327372789,0.844424080083,0.0325778744036,8838.15646026,1054.16312056,-253.50404889,0.917422776847,0.102894974953,0.838764549235,516.293301028,4208.64593346
119.5,0.803571428571,882,31.5636499489,126.559896087,46.8814795823,14283224.1128,4.24727882107,7.25327372789,0.849215761412,0.0327222259835,8895.08985325,832.926946257,-719.099816421,0.917357105309,0.104337631064,0.843416748854,523.998200603,4235.75707298
120,0.803571428571,882,44.8110589802,108.023845124,46.9053396888,14290493.4919,4.27232173191,7.25327372789,0.850461919862,0.0327872209838,8916.75843594,413.038439332,-1026.90018352,0.916345862943,0.104843155795,0.844611385004,527.07311004,4246.07544569
120.5,0.803571428571,882,48.0877959745,85.477403587,46.9237714901,14296109.0473,4.26442518476,7.25327372789,0.849351520794,0.0327667267174,8912.30676237,-103.450070844,-1099.96237692,0.91589050188,0.104567991825,0.84352664412,526.103019621,4243.95560113
121,0.803571428571,882,40.6647714912,63.9372610885,46.9335432199,14299086.1677,4.20997530794,7.25327372789,0.844741427479,0.032625410487,8868.72743297,-588.41813452,-918.088043732,0.916034088909,0.103167033416,0.839052477456,519.270715941,4223.20353951
121.5,0.803571428571,882,24.1936434989,48.1962009592,46.9299666453,14297996.5046,4.1601521508,7.25327372789,0.841309504987,0.0324961021916,8832.29676948,-933.149943995,-540.053717463,0.917024113408,0.102018004303,0.83573321499,513.409049042,4205.85560451
122,0.803571428571,882,2.33931568505,41.7566833424,46.8909638356,14286113.6486,4.204117466,7.25327372789,0.845978320349,0.0326102073646,8865.61010172,-1088.55503434,-52.7839717974,0.917929871429,0.103294344896,0.840281513802,518.968585171,4221.71909606
122.5,0.803571428571,882,-20.0355209054,46.0515312889,46.8338694668,14268718.8975,4.2575184401,7.25327372789,0.849899157383,0.0327488013303,8883.9798869,-1001.4712182,456.557375419,0.917130613947,0.104572207035,0.844076842014,524.110138399,4230.46661281
123,0.803571428571,882,-37.9523595689,60.125120868,46.8082701576,14260919.6413,4.25158111394,7.25327372789,0.848482111008,0.0327333919189,8859.65445551,-678.073509714,861.408996539,0.916159676196,0.104271847745,0.842686625867,522.033600689,4218.88307405
123.5,0.803571428571,882,-47.424619173,80.8460120005,46.8137085329,14262576.533,4.2205378167,7.25327372789,0.845877155211,0.0326528238442,8835.13121415,-206.232947561,1068.44350239,0.916267634934,0.103476861548,0.840158858632,518.173914381,4207.20534007
124,0.803571428571,882,-46.3446772667,103.60370865,46.8207154068,14264711.2939,4.17655689228,7.25327372789,0.842563618864,0.0325386781599,8804.00898205,303.429286685,1033.71313852,0.916832073296,0.102415505996,0.836948792663,513.012574222,4192.38522955
124.5,0.803571428571,882,-34.9528260191,123.334515945,46.8304175554,14267667.2152,4.08654074189,7.25327372789,0.835443254142,0.0323050551694,8734.96302269,727.778219861,763.110091096,0.91763166053,0.100205249264,0.83004093604,502.149156283,4159.50620128
125,0.803571428571,882,-15.7838060785,135.648236173,46.8317936277,14268086.4586,4.0230392855,7.25327372789,0.831381501611,0.0321402469647,8694.15125769,982.801248026,339.823520319,0.919267722323,0.0988101928831,0.826114242994,495.187341283,4140.07202747
125.5,0.803571428571,882,6.89718518097,137.805008488,46.8388122588,14270224.8015,4.02266227208,7.25327372789,0.83239184669,0.0321392684847,8707.26691483,1031.15127782,-148.77188683,0.92042136026,0.0989643710469,0.827112551155,496.10867438,4146.31757849
126,0.803571428571,882,28.0435201975,129.324940876,46.8613549158,14277092.7977,4.07535610522,7.25327372789,0.837010334522,0.0322760271755,8762.97133873,860.678453599,-613.769609289,0.920428207956,0.100319371236,0.831603310348,503.385484926,4172.84349463
126.5,0.803571428571,882,42.9500396636,112.094888388,46.8883328855,14285312.0858,4.10498615815,7.25327372789,0.8387306558,0.0323529273933,8790.56336043,487.157199732,-946.980164962,0.91947095012,0.100946057399,0.833262094653,507.113473346,4185.98255259
127,0.803571428571,882,48.2999726707,89.9486189926,46.910981593,14292212.392,4.1127248036,7.25327372789,0.838915783022,0.0323730118502,8800.8774541,-1.13533556543,-1067.25577305,0.918932534675,0.101068127215,0.833434422472,508.217322347,4190.89402576
127.5,0.803571428571,882,42.9029338843,67.8137821133,46.9254292763,14296614.1195,4.09377249948,7.25327372789,0.837131445555,0.0323238240773,8787.95357544,-488.064845537,-943.802765587,0.91879189864,0.100558636636,0.831698170815,505.966880191,4184.73979783
128,0.803571428571,882,27.9597898971,50.6154833861,46.9274855136,14297240.5865,4.0800749497,7.25327372789,0.836247983467,0.0322882742062,8779.69974396,-863.864896723,-613.273516815,0.919136312064,0.100255306771,0.830844206797,504.48486697,4180.80940188
128.5,0.803571428571,882,6.79546074637,42.1804254176,46.8908444324,14286077.2704,4.13894811892,7.25327372789,0.841621768259,0.0324410704077,8821.13525141,-1063.51136259,-151.131618817,0.91938520918,0.101812698911,0.836070450499,511.521935382,4200.54059591
129,0.803571428571,882,-15.8808904807,44.3854484014,46.8238977102,14265680.8357,4.19135430303,7.25327372789,0.845218936189,0.0325770825499,8832.56781507,-1023.55634095,356.355276591,0.918315294558,0.10301841174,0.839549595464,516.102757055,4205.98467384
129.5,0.803571428571,882,-35.0236686515,56.7399243207,46.7806536203,14252505.803,4.16724517886,7.25327372789,0.842238877505,0.0325145110484,8785.71694962,-739.407805749,778.614403543,0.917362652099,0.10225154023,0.836640987958,511.315118348,4183.67473791
130,0.803571428571,882,-46.3735153092,76.4949239962,46.7832984416,14253311.5919,4.12741413827,7.25327372789,0.83916480617,0.0324111357455,8755.40718816,-297.424456739,1021.29137178,0.917800934405,0.101283709577,0.833660400768,506.532692083,4169.24151817
130.5,0.803571428571,882,-47.4050360252,99.2548667981,46.7921593098,14256011.203,4.06221371021,7.25327372789,0.834131573796,0.0322419181227,8707.42983344,200.727115966,1028.15916979,0.918524930357,0.0997083041783,0.828778183693,498.842800003,4146.39515878
131,0.803571428571,882,-37.8887125735,119.955558074,46.8021403641,14259052.0976,3.96882842623,7.25327372789,0.827039877145,0.0319995510673,8638.81795084,635.515715354,803.819852582,0.919709732577,0.0974897780435,0.821896996487,487.951565351,4113.72283373
131.5,0.803571428571,882,-19.9419718192,133.990996351,46.8081902024,14260895.2817,3.89294236192,7.25327372789,0.821915662048,0.031802600529,8588.8565335,917.366497951,415.860025175,0.921405778282,0.0958025368311,0.816932454281,479.630633607,4089.93168262
132,0.803571428571,882,2.441951749,138.238230395,46.8165940713,14263455.6604,3.8869676331,7.25327372789,0.822619845959,0.0317870940448,8599.33765422,1006.7077045,-50.9623097612,0.922782973173,0.0958415934709,0.817635749753,479.99847867,4094.92269248
132.5,0.803571428571,882,24.2825295322,131.752230593,46.8371985093,14269733.1458,3.93208198291,7.25327372789,0.826675895647,0.0319041813593,8648.48040553,882.658647806,-513.342266452,0.922891357566,0.0970002622928,0.821584969646,486.229085513,4118.32400264
133,0.803571428571,882,40.720129932,115.976162502,46.8684454361,14279253.0429,3.98229863111,7.25327372789,0.830345988073,0.0320345108999,8697.54851276,556.4837628,-872.341752742,0.922072790259,0.0981653091113,0.825144982342,492.725842146,4141.68976798
133.5,0.803571428571,882,48.0973093086,94.4202757007,46.8962407996,14287721.3636,4.01143463401,7.25327372789,0.832077401903,0.0321101288873,8725.51071427,95.4026678689,-1038.08267539,0.921161214042,0.0987817534889,0.826816804565,496.408258115,4155.00510203
134,0.803571428571,882,44.7726104459,71.8808567019,46.914903097,14293407.1436,4.02097730653,7.25327372789,0.832434937285,0.0321348954173,8736.05318841,-392.047273182,-968.753298638,0.920632126461,0.0989511309323,0.827157330864,497.655277339,4160.02532782
134.5,0.803571428571,882,31.4857945265,53.3730325711,46.9228713804,14295834.8139,4.03932657673,7.25327372789,0.833884392602,0.032182518109,8753.88790422,-796.346033345,-684.566300132,0.920458811751,0.0993970121698,0.828564498798,500.067574595,4168.51804963
135,0.803571428571,882,11.1932407781,43.0148814955,46.8917684965,14286358.8019,4.10601163528,7.25327372789,0.839417473449,0.0323555888605,8798.99213985,-1037.34221339,-247.125505552,0.920125515708,0.101067176249,0.833938849525,507.796333551,4189.99625707
135.5,0.803571428571,882,-11.5898618519,43.1111409581,46.8224342563,14265234.9701,4.1631496667,7.25327372789,0.843305200321,0.0325038817803,8812.55050599,-1045.48608245,258.420433152,0.918913898806,0.102372249234,0.837699281249,512.83354698,4196.4526219
136,0.803571428571,882,-31.7941655401,53.6403927743,46.7663399094,14248144.8924,4.13154080401,7.25327372789,0.839593081691,0.0324218458679,8753.43964369,-801.101500693,700.512345177,0.917875383064,0.101401231627,0.834077639754,506.752848058,4168.30459223
136.5,0.803571428571,882,-44.924117394,72.259828739,46.7575741743,14245474.2651,4.06054028977,7.25327372789,0.833917302371,0.0322375750189,8692.36647561,-383.987844383,972.387174013,0.918449927525,0.099654601534,0.82856881961,497.837382227,4139.22213124
137,0.803571428571,882,-48.0582411805,94.8265365057,46.7677638177,14248578.7098,4.00352839652,7.25327372789,0.830102236839,0.0320896094712,8657.40254276,103.177990025,1027.35216512,0.919740135264,0.0983784305692,0.824876445924,491.676333076,4122.57263941
137.5,0.803571428571,882,-40.4991795704,116.319317129,46.7769350229,14251372.8703,3.90711285234,7.25327372789,0.822594438848,0.0318393778443,8584.24179153,549.66745364,845.807693267,0.920775710233,0.0960734780378,0.81758500697,480.344963811,4087.73418644
138,0.803571428571,882,-23.9288594351,131.955925519,46.7859228926,14254111.1746,3.79465363509,7.25327372789,0.814291997686,0.0315475073464,8502.85862483,852.959469634,486.471148004,0.922525885463,0.0934859443701,0.809522748859,467.587535229,4048.98029754
138.5,0.803571428571,882,-2.03425518149,138.257142537,46.7950563194,14256893.8253,3.783053217,7.25327372789,0.81507192054,0.0315174002561,8514.42790636,981.289133681,41.3657419354,0.924564992297,0.093471039033,0.810307810053,467.695534547,4054.48947922
139,0.803571428571,882,20.3129804474,133.820917669,46.8139288156,14262643.6458,3.82420529278,7.25327372789,0.818876257901,0.0316242041015,8560.29348752,901.920095173,-418.08082151,0.924775163792,0.0945318258113,0.814016062463,473.384933326,4076.33023215
139.5,0.803571428571,882,38.1404820921,119.634331877,46.8471781675,14272773.615,3.87044367764,7.25327372789,0.822279012108,0.0317442086751,8607.25147529,617.672087976,-794.966841442,0.924029438339,0.0955955321377,0.817319987993,479.391878398,4098.69117871
140,0.803571428571,882,47.4815465286,98.8539674303,46.8774375888,14281992.6521,3.91646978241,7.25327372789,0.825573724421,0.0318636623086,8652.07791619,186.812127038,-1001.82531413,0.923191071869,0.0966453689395,0.820516264368,485.282892187,4120.03710295
140.5,0.803571428571,882,46.2577428494,76.1035534584,46.8999190159,14288841.9935,3.97226632885,7.25327372789,0.829721152692,0.0320084736116,8702.85803764,-297.44468157,-990.117837019,0.922356106297,0.0979489743889,0.824540921983,492.300506871,4144.21811316
141,0.803571428571,882,34.7413731469,56.4451644041,46.9136379075,14293021.6825,4.00388967528,7.25327372789,0.831580867883,0.0320905471143,8726.91152116,-723.522554078,-749.107143131,0.9213433627,0.0986144068885,0.826336336971,495.935040309,4155.67215293
141.5,0.803571428571,882,15.4948840131,44.2528845781,46.8928496697,14286688.1994,4.08735964525,7.25327372789,0.83837143648,0.0323071805064,8788.76532676,-1006.16736127,-340.79627572,0.920769149313,0.100678072182,0.832931176748,505.864667004,4185.12634608
142,0.803571428571,882,-7.19928991689,42.2395537637,46.8278720204,14266891.6755,4.15699893842,7.25327372789,0.843078568976,0.0324879185167,8812.33211791,-1064.01988007,160.387688926,0.919252842089,0.102261969473,0.837483986662,512.400096105,4196.34862758
142.5,0.803571428571,882,-28.2915878749,50.8531475656,46.7635485266,14247294.4511,4.12093481727,7.25327372789,0.838769471567,0.0323943196704,8744.01269649,-860.215401865,621.681134492,0.917987189275,0.101143290629,0.833278856771,505.40344913,4163.81556976
143,0.803571428571,882,-43.0888740539,68.177100725,46.7412560041,14240502.6626,4.02352324481,7.25327372789,0.830858504021,0.0321415030062,8655.14629549,-467.667752108,923.400535178,0.918642689946,0.0987337997576,0.825597097078,492.893183575,4121.49823595
143.5,0.803571428571,882,-48.2986824671,90.3567519313,46.7496420966,14243057.6254,3.95261536894,7.25327372789,0.826252790839,0.0319574725857,8611.51502666,7.52732831756,1019.08359381,0.920412570077,0.0971761249642,0.821140520958,485.291139639,4100.72144127
144,0.803571428571,882,-42.7618061632,112.45702415,46.756575111,14245169.8838,3.85443807769,7.25327372789,0.818803265829,0.0317026686169,8538.17702817,462.739509537,881.130869298,0.921700102135,0.0948725609267,0.813906041575,473.927829814,4065.79858484
144.5,0.803571428571,882,-27.7102262422,129.560502545,46.7671143583,14248380.8412,3.73529550029,7.25327372789,0.809922489471,0.0313934524918,8451.46441939,792.001698146,554.759035604,0.92348132926,0.0921350332732,0.805277047639,460.460254181,4024.50686638
145,0.803571428571,882,-6.49299024832,137.861582482,46.7758587349,14251044.9612,3.70791443994,7.25327372789,0.809405517519,0.0313223891862,8449.60840819,954.459380327,129.483713817,0.925640048209,0.0917420604374,0.804799216079,458.667779236,4023.62305152
145.5,0.803571428571,882,16.1689667091,135.51323451,46.7926782431,14256169.3047,3.7396941554,7.25327372789,0.812637798497,0.0314048685205,8488.84683417,916.762240736,-325.687644708,0.926135630988,0.0925986897473,0.807955407167,463.283521023,4042.30801627
146,0.803571428571,882,35.2332522902,123.037977133,46.8254205689,14266144.8,3.79745823304,7.25327372789,0.81721736138,0.0315547862464,8547.60038736,676.250550246,-721.185384689,0.925560415064,0.0939663681289,0.812410143915,470.784351988,4070.28589875
146.5,0.803571428571,882,46.4579730099,103.211613975,46.85779285,14276007.555,3.85617265866,7.25327372789,0.821455682722,0.0317071704534,8602.77205908,274.649133797,-965.789802038,0.924514174715,0.0953016310227,0.816524575539,478.134623785,4096.55812337
147,0.803571428571,882,47.345575551,80.4456043756,46.8832484644,14283763.0321,3.91450404355,7.25327372789,0.825632536508,0.0318585605375,8654.86246738,-201.611442356,-999.059506353,0.923449875758,0.0966313833026,0.820576887916,485.332966781,4121.36307971
147.5,0.803571428571,882,37.6985641604,59.8054928797,46.900663478,14289068.8063,3.97313799756,7.25327372789,0.829829699544,0.0320107358929,8704.25399556,-646.494799745,-807.164216672,0.922391775521,0.0979762357212,0.82464700005,492.45315828,4144.88285503
148,0.803571428571,882,19.6634443863,45.8838016726,46.8936569075,14286934.1378,4.07068350438,7.25327372789,0.837418765309,0.032263900163,8779.37812615,-966.956190484,-430.991109761,0.921327537133,0.100327997955,0.832012884859,504.12304832,4180.65625055
148.5,0.803571428571,882,-2.74688453389,41.778172729,46.8370079142,14269675.0779,4.15692429161,7.25327372789,0.843349938811,0.0324877247825,8818.59209677,-1075.16283571,61.2450488079,0.91955584831,0.102304308928,0.837751991898,512.812280678,4199.32956989
149,0.803571428571,882,-24.5460186858,48.4021278588,46.7659291006,14248019.7326,4.12096181786,7.25327372789,0.838773068464,0.0323943897462,8744.93986123,-914.175414306,539.435448175,0.917988546165,0.101144185014,0.833282371532,505.459376808,4164.25707678
149.5,0.803571428571,882,-40.8835478745,64.2818057945,46.7328414495,14237939.0283,4.02798673002,7.25327372789,0.831247991283,0.0321530872915,8655.99977248,-551.5825631,876.836528453,0.918642199228,0.0988478694713,0.825975872974,493.284981438,4121.90465356
150,0.803571428571,882,-48.1242947768,85.8839032767,46.7365771191,14239077.1623,3.94054738867,7.25327372789,0.825123812367,0.0319261520102,8595.17655635,-86.5157490751,1011.5188469,0.920331497997,0.0968584304947,0.820040870542,483.434273408,4092.94121731
150.5,0.803571428571,882,-44.6571590458,108.401851699,46.7438587091,14241295.62,3.83606558182,7.25327372789,0.817387108066,0.0316549856466,8519.10376187,377.24978102,915.500447806,0.921919149199,0.0944408702657,0.81252978073,471.514774998,4056.71607708
151,0.803571428571,882,-31.2535947393,126.8253013,46.7537316566,14244303.5781,3.71352118249,7.25327372789,0.808301719172,0.031336940619,8430.10129341,732.854143928,621.972546278,0.923814440457,0.091638993573,0.803701417145,457.719141869,4014.33394924
151.5,0.803571428571,882,-10.895958152,137.054947625,46.7604162822,14246340.1606,3.6570526505,7.25327372789,0.80527109706,0.0311903852814,8401.78946381,925.415412599,214.287511047,0.926034169472,0.090534962905,0.800773251542,452.334038486,4000.85212563
152,0.803571428571,882,11.88608053,136.814646102,46.7753873817,14250901.3556,3.67787582583,7.25327372789,0.807995110515,0.0312444286111,8435.18063212,927.884687258,-235.586788189,0.927055610048,0.0911840985141,0.803441207005,455.869040653,4016.75268196
152.5,0.803571428571,882,32.0234102169,126.157864955,46.8049999302,14259923.3121,3.74371374489,7.25327372789,0.813468855076,0.0314153007431,8501.90082135,730.063269573,-646.584514742,0.926679060435,0.0927715589096,0.808771869662,464.392884404,4048.52420064
153,0.803571428571,882,45.0353800473,107.455788266,46.838063269,14269996.6093,3.80844992484,7.25327372789,0.81812049707,0.0315833134818,8561.46763631,358.50601074,-924.934136276,0.925487639826,0.0942325079666,0.813288932581,472.372723667,4076.88935062
153.5,0.803571428571,882,48.026765345,84.8697163337,46.8680143046,14279121.6915,3.89461499398,7.25327372789,0.824657774318,0.0318069415867,8639.35705553,-107.755224935,-1008.74244765,0.924314993397,0.0962466191079,0.819639380817,483.086381716,4113.97955025
154,0.803571428571,882,40.3319687681,63.4251567213,46.890054047,14285836.4663,3.96553656195,7.25327372789,0.829487307376,0.0319910075429,8696.85292471,-567.904652023,-861.894553748,0.922752629558,0.0978328891787,0.824318714731,491.510217371,4141.35853558
154.5,0.803571428571,882,23.6631188582,47.8936251156,46.8934764036,14286879.1443,4.04725559312,7.25327372789,0.835491242496,0.0322030966442,8759.5563307,-917.528091441,-515.636322128,0.921465540707,0.0997443463464,0.830140783899,501.18648687,4171.21730033
155,0.803571428571,882,1.72911336226,41.7309605753,46.8475509045,14272887.1756,4.15227861304,7.25327372789,0.843333857477,0.0324756676426,8822.46257781,-1076.08347478,-38.547904357,0.919981479312,0.10224572385,0.837742487946,512.749377549,4201.1726561
155.5,0.803571428571,882,-20.5896280146,46.3083850353,46.7738281098,14250426.2975,4.1352440352,7.25327372789,0.840097151958,0.0324314570315,8761.41477673,-964.136744132,454.348435802,0.918072992024,0.1015257807,0.834570272647,507.537776596,4172.10227463
156,0.803571428571,882,-38.3270800185,60.6073999575,46.7319140679,14237656.486,4.02863336328,7.25327372789,0.831069580409,0.032154765528,8653.80090405,-630.233269673,821.805519829,0.91838261939,0.0988275009049,0.825798826284,493.163761679,4120.85757336
156.5,0.803571428571,882,-47.536575895,81.4464070604,46.7295439944,14236934.4036,3.93016091082,7.25327372789,0.824204260084,0.031899195514,8583.21161051,-179.241196449,996.132595816,0.920319752711,0.0965934774125,0.819145848514,481.96676501,4087.24362405
157,0.803571428571,882,-46.1689593623,104.188628947,46.737232449,14239276.8195,3.83537734582,7.25327372789,0.817493888422,0.0316531994365,8517.80358511,290.819494455,946.309433503,0.922107654548,0.0944492973351,0.812636150361,471.423165504,4056.09694529
157.5,0.803571428571,882,-34.5285315511,123.773813953,46.7439659894,14241328.3048,3.70013682833,7.25327372789,0.807136776567,0.0313022035987,8414.67586701,669.427935359,684.38712961,0.923826917368,0.0913091377963,0.802566038025,455.881072085,4006.9885081
158,0.803571428571,882,-15.2053425677,135.844166013,46.7493879162,14242980.1851,3.62479946327,7.25327372789,0.80264064432,0.0311066771244,8370.95499414,893.583027629,296.37873757,0.926276361984,0.0897719395327,0.798210892026,448.310252384,3986.16904483
158.5,0.803571428571,882,7.50110687419,137.713974847,46.762496006,14246973.7832,3.63507667204,7.25327372789,0.804727645916,0.0311333500296,8397.17298006,935.013580675,-146.99334566,0.927638574588,0.0902025022034,0.800262068439,450.713075669,3998.65380003
159,0.803571428571,882,28.5385246471,128.967199168,46.7915751408,14255833.2262,3.69480525203,7.25327372789,0.809834481106,0.0312883663174,8459.90839335,776.883832423,-568.968744821,0.92745285512,0.0916564840694,0.805239056171,458.547920493,4028.52780636
159.5,0.803571428571,882,43.2259860443,111.550037831,46.8227161197,14265320.8445,3.76207007267,7.25327372789,0.814817137882,0.0314629417517,8522.11955313,437.406635994,-877.368907278,0.926372823117,0.0931892371178,0.81008187918,466.836889428,4058.15216816
160,0.803571428571,882,48.2954616109,89.3378914053,46.8530582295,14274565.0739,3.85017577482,7.25327372789,0.821497682965,0.0316916064693,8601.55056442,-13.7522521086,-1003.11545438,0.925155239949,0.0952380169719,0.816573647114,477.718913561,4095.97645925
160.5,0.803571428571,882,42.6189691161,67.2730672662,46.8786178044,14282352.2244,3.93327155513,7.25327372789,0.827378066623,0.03190726871,8671.08161193,-481.91769343,-903.722272309,0.923558615645,0.0971234453627,0.822277067226,487.708001724,4129.08648187
161,0.803571428571,882,27.459554921,50.2650928837,46.8919132374,14286402.8997,4.02426353902,7.25327372789,0.834006215018,0.0321434243253,8743.82072391,-861.3898591,-595.279663676,0.92205120115,0.0992369204338,0.828704772545,498.603575474,4163.72415424
161.5,0.803571428571,882,6.1902602047,42.0983227997,46.8577418549,14275992.0185,4.13991366927,7.25327372789,0.84263443616,0.0324435763442,8819.20469236,-1065.6379744,-137.710759437,0.920399124004,0.101985373145,0.837068911329,511.666289027,4199.62128208
162,0.803571428571,882,-16.4563966122,44.589901888,46.784559095,14253695.6709,4.14707560198,7.25327372789,0.841336036226,0.0324621640324,8778.11236459,-1005.86765824,364.521500978,0.918297744674,0.101864991644,0.835777267831,509.467213273,4180.05350695
162.5,0.803571428571,882,-35.4414275432,57.1854420463,46.7330733748,14238009.6882,4.04310878245,7.25327372789,0.832138895832,0.0321923342388,8665.09689163,-706.060904826,762.582462174,0.918167566622,0.0991673144114,0.826835734649,494.884033907,4126.23661506
163,0.803571428571,882,-46.540573637,77.082376165,46.7255782516,14235726.174,3.93754855356,7.25327372789,0.824615158482,0.0319183689976,8585.90788586,-271.065810052,976.616013465,0.920056810179,0.09674407386,0.819542266177,482.636258094,4088.52756469
163.5,0.803571428571,882,-47.2842225228,99.853542531,46.7317494782,14237606.341,3.82725690628,7.25327372789,0.816663046355,0.0316321240922,8507.30823325,201.442695088,966.663632922,0.921973577377,0.0942272853933,0.811825314489,470.204697697,4051.09915869
164,0.803571428571,882,-37.5069088153,120.432249196,46.7378800719,14239474.1286,3.69993999973,7.25327372789,0.807248093786,0.0313016927605,8413.64072231,603.13447745,743.346628885,0.923974123199,0.0913237455838,0.802676307351,455.835284868,4006.49558205
164.5,0.803571428571,882,-19.3841309427,134.239636838,46.7430158051,14241038.8153,3.60552796319,7.25327372789,0.8009461702,0.0310566609277,8351.34587903,857.531531814,375.737792805,0.926279923241,0.0892990252506,0.79655820116,445.827014895,3976.83137097
165,0.803571428571,882,3.05170751702,138.203496566,46.7533567083,14244189.3438,3.60728588252,7.25327372789,0.802577168259,0.0310612233354,8371.93406639,937.546793087,-59.3550011891,0.927986733183,0.089563374501,0.798168724364,447.34464877,3986.63526971
165.5,0.803571428571,882,24.8085266566,131.441850889,46.7769102512,14251365.3232,3.65053174239,7.25327372789,0.806365973748,0.0311734612734,8419.16360122,816.414589072,-488.734037239,0.92795497995,0.0906254509465,0.801863389828,453.105620181,4009.12552439
166,0.803571428571,882,41.0453315709,115.459197871,46.8086783778,14261044.0124,3.7446814314,7.25327372789,0.813988213014,0.0314178122237,8508.62152976,514.627431818,-829.682603574,0.927173500562,0.0928617981575,0.809283989891,464.91766912,4051.72453798
166.5,0.803571428571,882,48.1493565632,93.8117532124,46.8419973897,14271195.2047,3.83225657463,7.25327372789,0.820200221306,0.0316450999578,8584.22949884,78.7944508626,-995.316826237,0.92547011906,0.0948291108981,0.81531420637,475.443259006,4087.72833278
167,0.803571428571,882,44.5399225564,71.3161754807,46.8698846011,14279691.5085,3.91161557269,7.25327372789,0.825766444278,0.0318510639583,8651.36266896,-393.976955508,-939.192244563,0.923883491928,0.0966181913146,0.820712882729,484.990102926,4119.69650903
167.5,0.803571428571,882,31.0201456461,52.9778368528,46.8920286448,14286438.0604,4.01154953309,7.25327372789,0.833246379878,0.0321104270901,8736.12329866,-800.398366808,-670.638120593,0.922444186808,0.0989664499555,0.827971165494,497.247077741,4160.05871365
168,0.803571428571,882,10.5982399797,42.877104192,46.866970481,14278803.6732,4.12112894947,7.25327372789,0.841201253338,0.0323948235105,8808.03508887,-1044.05959375,-234.81566525,0.920630039733,0.101531589799,0.835679549517,509.590300946,4194.30242327
168.5,0.803571428571,882,-12.1818240836,43.2614381694,46.7979037869,14257761.3538,4.15271210556,7.25327372789,0.842141244022,0.0324767927053,8791.39375737,-1037.87816853,270.510019435,0.918639161713,0.102061010322,0.836564502665,510.738819106,4186.3779797
169,0.803571428571,882,-32.2513748157,54.0453226617,46.7379185702,14239485.8577,4.06690721075,7.25327372789,0.834123771238,0.0322540993772,8687.10824127,-778.433857744,698.255803526,0.918065112376,0.0997629350997,0.828764230316,497.959655143,4136.71821013
169.5,0.803571428571,882,-45.1448424927,72.8292924923,46.7228074161,14234881.9928,3.95334476387,7.25327372789,0.825609093392,0.0319593656174,8594.96132768,-361.537940232,950.547515856,0.919624459311,0.0970844020972,0.820503744666,484.276645073,4092.83872747
170,0.803571428571,882,-47.9933697263,95.433825753,46.7285743823,14236638.9951,3.84883647358,7.25327372789,0.818300524511,0.0316881305202,8522.82262712,111.664800868,986.260936042,0.92168686201,0.0947299169429,0.813416331817,472.648652477,4058.48696529
170.5,0.803571428571,882,-40.1631457681,116.829307147,46.7342509549,14238368.4576,3.72638107858,7.25327372789,0.809228615696,0.0313703164896,8432.51650434,535.158505956,801.125760188,0.923582899754,0.0919272004248,0.804602037681,458.776127515,4015.48404968
171,0.803571428571,882,-23.3964323909,132.255141124,46.7385289362,14239671.8159,3.59319509226,7.25327372789,0.799446612043,0.0310246528695,8334.35190201,815.567666409,451.575199135,0.92580141806,0.0889348540014,0.795089936005,443.923646416,3968.73900096
171.5,0.803571428571,882,-1.42390242484,138.279006844,46.7469663126,14242242.4032,3.59006008456,7.25327372789,0.801249282852,0.031016516442,8356.0898122,934.625198258,27.5650882879,0.928209470922,0.0891690060054,0.796875979015,445.253143446,3979.09038676
172,0.803571428571,882,20.8654525486,133.560565767,46.7648760563,14247698.9051,3.62232269257,7.25327372789,0.804146146463,0.0311002490493,8392.15297303,851.506921992,-407.870673,0.928266082132,0.0899697942493,0.799702248643,449.596070689,3996.26332049
172.5,0.803571428571,882,38.5121458889,119.149693292,46.7981648977,14257840.9055,3.71138613475,7.25327372789,0.811498490541,0.031331399433,8479.36577583,584.125917995,-771.738568425,0.927683327,0.0920993302262,0.806863786591,460.893223789,4037.79322659
173,0.803571428571,882,47.5897050727,98.2528765346,46.8319326496,14268128.8139,3.79827003657,7.25327372789,0.81774126748,0.0315568931569,8555.41604175,169.135411999,-975.308953261,0.926072807103,0.0940560353124,0.812926860343,471.364676262,4074.00763893
173.5,0.803571428571,882,46.0783303544,75.5197558119,46.8628396052,14277545.1331,3.89570090138,7.25327372789,0.824917826631,0.0318097598914,8640.14220233,-304.239846204,-968.13727436,0.924499464972,0.0962996342028,0.819894909101,483.245749987,4114.35342968
174,0.803571428571,882,34.3143097395,56.0085577373,46.8883910093,14285329.7942,3.9814527014,7.25327372789,0.830866227733,0.0320323154202,8710.38535981,-729.34332159,-736.270984034,0.922732929555,0.0982366151498,0.825659933061,493.503519707,4147.80255229
174.5,0.803571428571,882,14.9151933162,44.0606159343,46.8752181428,14281316.4608,4.09809827027,7.25327372789,0.839683118034,0.0323350509461,8795.66041689,-1013.00862006,-328.894688217,0.921176573543,0.101014333077,0.834211842846,507.172630526,4188.40972233
175,0.803571428571,882,-7.80262398828,42.3344038231,46.8124053043,14262179.4827,4.15305833568,7.25327372789,0.842555194001,0.0324776912921,8801.13539506,-1059.84744284,173.491821034,0.919057704628,0.102131108479,0.836972694926,511.406405048,4191.01685479
175.5,0.803571428571,882,-28.7843206434,51.2140117427,46.7470035946,14242253.7618,4.08475057718,7.25327372789,0.835675863848,0.0323004090739,8706.30705734,-843.91385876,626.295427741,0.918058818897,0.100220676931,0.830273016399,500.438937451,4145.86050349
176,0.803571428571,882,-43.361370154,68.7236850378,46.7218786027,14234599.0143,3.95833459673,7.25327372789,0.825754254875,0.0319723159565,8596.05410531,-448.340894031,913.723804886,0.919300251024,0.0971656993975,0.820640691955,484.662902435,4093.35909777
176.5,0.803571428571,882,-48.2903102308,90.9674387914,46.7255718667,14235724.2287,3.85039117492,7.25327372789,0.818356361749,0.031692165507,8522.28497834,19.8838557076,992.515050269,0.921596283125,0.0947566037693,0.81346955334,472.721049981,4058.23094207
177,0.803571428571,882,-42.4744284526,112.99593285,46.7307250558,14237294.2337,3.73537439808,7.25327372789,0.80999377609,0.0313936572588,8439.05474122,459.721276715,849.123999604,0.92355470999,0.0921467802935,0.805347409447,459.802584812,4018.59749582
177.5,0.803571428571,882,-27.2077859537,129.907723356,46.7349369473,14238577.4566,3.59205891313,7.25327372789,0.799206020007,0.0310217040923,8330.59158303,769.718740552,524.76916687,0.925638619893,0.0888860111032,0.794853373629,443.611650671,3966.94837287
178,0.803571428571,882,-5.88728271661,137.939857136,46.7426350038,14240922.7978,3.58008722376,7.25327372789,0.800386669396,0.0309906334249,8345.72122877,925.369672829,113.640573977,0.928229988174,0.0889270276171,0.796034687477,443.962576165,3974.15296608
178.5,0.803571428571,882,16.7431687005,135.305146527,46.7564447482,14245130.1666,3.59988134395,7.25327372789,0.802320729865,0.0310420060012,8370.47140193,880.08511803,-325.248117078,0.928446146213,0.089440827275,0.797923867374,446.791573722,3985.93876283
179,0.803571428571,882,35.6481860892,122.589827071,46.7903121624,14255448.4388,3.69110970312,7.25327372789,0.810063543064,0.0312787750919,8461.87725918,649.648664998,-710.614280085,0.928088720559,0.0916486855799,0.805469939852,458.484154034,4029.46536151
179.5,0.803571428571,882,46.6213138886,102.623117337,46.8237606083,14265639.0653,3.7731186543,7.25327372789,0.815849342659,0.0314916166358,8533.08859348,257.011092774,-949.22628931,0.926439679543,0.093474747172,0.811088369709,468.288060398,4063.3755207
180,0.803571428571,882,47.2209793933,79.84770444,46.854182131,14274907.4892,3.85233172127,7.25327372789,0.821509629458,0.0316972018948,8602.05890317,-210.937098757,-981.123563121,0.924955126802,0.0952650554296,0.816582728886,477.877465519,4096.21852532
180.5,0.803571428571,882,37.3137541993,59.3312252029,46.8839101943,14283964.6392,3.95040525761,7.25327372789,0.828847796562,0.0319517365837,8688.11876937,-653.354869333,-794.916756879,0.923519523355,0.097554360546,0.823706701487,489.982468946,4137.19941398
181,0.803571428571,882,19.1040426534,45.6386930502,46.8820771828,14283406.1817,4.07239051672,7.25327372789,0.837943491457,0.0322683304494,8780.48337752,-972.848655887,-418.953892374,0.921740219967,0.100431255329,0.832528740031,504.39269318,4181.18256072
181.5,0.803571428571,882,-3.35640851365,41.8167609859,46.8270544158,14266642.5787,4.14838309098,7.25327372789,0.842574615915,0.0324655574178,8806.91366116,-1071.46921089,74.6377465508,0.919524833272,0.102077883412,0.836998268529,511.459842771,4193.76841008
182,0.803571428571,882,-25.0700429513,48.7158269258,46.7559580647,14244981.8904,4.09776191062,7.25327372789,0.836889276129,0.0323341779766,8722.02818243,-901.728134097,547.579408011,0.918143800736,0.100567983152,0.831453691031,502.365568688,4153.34675354
182.5,0.803571428571,882,-41.2054745544,64.8008161491,46.72283837,14234891.4234,3.98827866517,7.25327372789,0.828159001113,0.032050031153,8620.88167469,-535.006803794,874.838223754,0.91906381699,0.0978939890443,0.822977097209,488.315675622,4105.18174985
183,0.803571428571,882,-48.172493666,86.4927426665,46.7233960992,14235061.3449,3.87195193138,7.25327372789,0.819762106624,0.0317481231143,8535.75692883,-72.4341778552,994.889921693,0.92105263169,0.0952245065197,0.814831361777,475.011079095,4064.64615659
183.5,0.803571428571,882,-44.420905664,108.965050487,46.7284676151,14236606.4667,3.7509505598,7.25327372789,0.811018294641,0.0314340827765,8448.65053513,380.480046279,891.179712601,0.923163717263,0.092481834432,0.806341048256,461.429884948,4023.16692149
184,0.803571428571,882,-30.7854565786,127.2175451,46.7342554697,14238369.8331,3.61676337893,7.25327372789,0.801136487581,0.0310858207109,8350.05002523,722.405610474,597.556515182,0.92535660509,0.0894549468413,0.796733212856,446.43807098,3976.21429773
184.5,0.803571428571,882,-10.3000981619,137.188960339,46.7396189227,14240003.8984,3.57391087929,7.25327372789,0.79945697166,0.0309746036785,8335.08300398,908.619840419,198.327606307,0.92778376984,0.0887182780379,0.795122596051,442.863249785,3969.08714475
185,0.803571428571,882,12.4770806907,136.66060927,46.7512673749,14243552.7935,3.58364437251,7.25327372789,0.800983305797,0.0309998654541,8354.94785797,902.321107914,-241.281317337,0.928557644586,0.0890564883191,0.796620480349,444.773135344,3978.54659903
185.5,0.803571428571,882,32.478050224,125.750052499,46.7834829776,14253367.8138,3.67589839631,7.25327372789,0.808976508006,0.0312392964987,8448.31443387,709.801575306,-644.837408639,0.928381924547,0.0913096764237,0.804413716407,456.654888345,4023.00687327
186,0.803571428571,882,45.2525003544,106.884940381,46.8170180359,14263584.8283,3.75629101269,7.25327372789,0.814608658304,0.0314479430957,8517.95318931,342.271787516,-917.305826152,0.926714824529,0.093090573635,0.809882944881,466.229132894,4056.16818538
186.5,0.803571428571,882,47.9580556593,84.2628493676,46.8500056612,14273635.0581,3.8467170702,7.25327372789,0.821286284957,0.0316826299366,8598.27580408,-119.056017487,-995.214432922,0.925259898065,0.0951650400018,0.816369135906,477.290658317,4094.41704956
187,0.803571428571,882,39.9927173189,62.917301437,46.8801401187,14282816.0228,3.94039155213,7.25327372789,0.828059623747,0.0319257475605,8678.64783529,-575.441093688,-849.74741125,0.923621327802,0.097313426834,0.822941122314,488.693736485,4132.68944538
187.5,0.803571428571,882,23.1288106935,47.5977817101,46.886501294,14284754.0609,4.04047725235,7.25327372789,0.835310821539,0.0321855045095,8755.16637252,-922.688405675,-503.2917221,0.921921977636,0.0996351237111,0.829971636505,500.488752391,4169.12684406
188,0.803571428571,882,1.11863456949,41.7129556019,46.8410746702,14270914.0829,4.1394767491,7.25327372789,0.842326578551,0.0324424423855,8809.73818563,-1072.87620147,-24.8546255568,0.920104613346,0.101931148833,0.83676556926,511.030503969,4195.11342173
188.5,0.803571428571,882,-21.1404430238,46.5722246856,46.765851464,14247996.0794,4.11889969833,7.25327372789,0.838882760433,0.032389037834,8746.07669139,-954.318217786,464.557757418,0.918305686163,0.101136884707,0.833393464142,505.421216035,4164.79842447
189,0.803571428571,882,-38.6956723059,61.0943786645,46.725626736,14235740.9456,4.00216398963,7.25327372789,0.829025930902,0.0320860683642,8630.69124804,-615.650725888,824.165599742,0.918679676775,0.0981936599548,0.823815218988,489.868961164,4109.85297526
189.5,0.803571428571,882,-47.6409319378,82.0481697643,46.7215651382,14234503.5121,3.88574290642,7.25327372789,0.820745305164,0.0317839154562,8545.08036876,-164.753008775,987.066706016,0.920800488059,0.0955373345944,0.815785321595,476.534217845,4069.08588989
190,0.803571428571,882,-45.9858594485,104.771280607,46.7273248071,14236258.2912,3.778037343,7.25327372789,0.813175848561,0.0315043823312,8470.23058506,298.384606408,928.929111604,0.922913573793,0.0931232365356,0.808440195442,464.60737764,4033.44313574
190.5,0.803571428571,882,-34.0987162754,124.207711826,46.7317088527,14237593.9638,3.6324170163,7.25327372789,0.802088536541,0.0311264473046,8358.81100785,666.290676113,664.167683512,0.924866028718,0.0897755383271,0.797656084344,447.989202802,3980.38619421
191,0.803571428571,882,-14.6244478568,136.032765775,46.7369623373,14239194.5254,3.56920656798,7.25327372789,0.798798312505,0.0309623943663,8327.36625341,884.743375949,281.079860191,0.927500921158,0.0885667927556,0.794476769419,442.05681115,3965.41250162
191.5,0.803571428571,882,8.10382920657,137.615312161,46.7478007185,14242496.6189,3.57216096261,7.25327372789,0.800042440375,0.0309700620405,8344.09339428,917.848948059,-156.212167366,0.928642559739,0.0887858674629,0.795703538312,443.355820791,3973.3778068
192,0.803571428571,882,29.0289660385,128.603226947,46.7766533088,14251287.0414,3.65187163002,7.25327372789,0.807035441073,0.0311769387444,8426.00315145,761.459367143,-572.604413063,0.9285892324,0.0907416061638,0.80252362306,453.681384415,4012.38245307
192.5,0.803571428571,882,43.4950209711,111.001741612,46.8084085219,14260961.7963,3.72300930382,7.25327372789,0.812056132744,0.0313615655698,8488.72468275,422.033799442,-874.040319927,0.927149278056,0.0923178759085,0.807400842401,462.189163483,4042.24984893
193,0.803571428571,882,48.2832285327,88.7272696834,46.8428191163,14271445.5574,3.81394263325,7.25327372789,0.818935439291,0.0315975689566,8571.61324991,-26.196986232,-993.828037747,0.925862448439,0.094421419697,0.814087375896,473.415833258,4081.7205952
193.5,0.803571428571,882,42.3281899505,66.7359862553,46.874040108,14280957.5529,3.91007555379,7.25327372789,0.825927794317,0.0318470670775,8654.59820285,-490.679323908,-892.776622944,0.924215448602,0.0966251029072,0.820874257481,485.110805629,4121.23723945
194,0.803571428571,882,26.9549294043,49.9210556425,46.8874342003,14285038.2864,4.01164315396,7.25327372789,0.833279833691,0.0321106700686,8734.75870432,-866.3701421,-582.673680473,0.922472129792,0.0989728095577,0.828004081715,497.181589679,4159.40890682
194.5,0.803571428571,882,5.58406989503,42.0238792376,46.8536668131,14274750.4891,4.12720995401,7.25327372789,0.841732086249,0.0324106058169,8808.46894674,-1064.00749822,-123.842698086,0.920628339445,0.101689010501,0.836195370434,510.090688246,4194.50902225
195,0.803571428571,882,-17.0292715109,44.8016160487,46.7793026455,14252094.206,4.13324526581,7.25327372789,0.84033950973,0.0324262695348,8766.00689381,-997.762619456,375.92429341,0.9185286414,0.101540305841,0.834812266836,507.729220412,4174.28899705
195.5,0.803571428571,882,-35.8535196633,57.6362065303,46.7283529048,14236571.5183,4.02123757903,7.25327372789,0.830456514962,0.0321355709143,8646.24019498,-692.544523408,767.220280001,0.918418948204,0.0986436113684,0.825203099907,492.171106372,4117.25723571
196,0.803571428571,882,-46.7001905375,77.6718937479,46.719348127,14233828.0627,3.90048201872,7.25327372789,0.82172669402,0.0318221685416,8554.2284673,-256.266711626,970.765827014,0.920454084483,0.0958614315067,0.816736185084,478.105415938,4073.44212729
196.5,0.803571428571,882,-47.1558486904,100.450642769,46.7240632062,14235264.5902,3.78291359625,7.25327372789,0.813368105046,0.0315170378921,8470.97574376,211.271096061,953.306706431,0.922646190078,0.0932089270761,0.808624198189,464.969984781,4033.79797322
197,0.803571428571,882,-37.1191080332,120.90407447,46.7298819119,14237037.3558,3.65042337006,7.25327372789,0.803595472994,0.0311731800097,8373.5453364,604.788527808,726.415888076,0.924777693174,0.0902069641764,0.79912461793,450.106867083,3987.40254114
197.5,0.803571428571,882,-18.8231907146,134.481203798,46.735107962,14238629.5591,3.56525228913,7.25327372789,0.798169357422,0.0309521316474,8320.23526353,853.518090076,361.184779548,0.927175459693,0.0884283108558,0.793859427997,441.330593499,3962.01679216
198,0.803571428571,882,3.66097534392,138.161055424,46.7442491271,14241414.5674,3.5633774277,7.25327372789,0.799328182837,0.0309472657347,8335.5273917,926.074794303,-70.3958199989,0.928713930124,0.0885799282011,0.795007467546,442.260247031,3969.29875795
198.5,0.803571428571,882,25.3305571163,131.124844999,46.7671342934,14248386.9147,3.61534096033,7.25327372789,0.803946789486,0.0310821290435,8390.9813631,802.994010359,-494.598475545,0.928747767286,0.0898603582398,0.799513386435,449.092567736,3995.705411
199,0.803571428571,882,41.3639704233,114.938162539,46.8030578336,14259331.62,3.71686206973,7.25327372789,0.812091985864,0.0313456113749,8487.23520473,500.667304773,-830.437589548,0.927809467676,0.092252459908,0.807443759341,461.75607332,4041.54057368
199.5,0.803571428571,882,48.1937051603,93.2026212584,46.8370670123,14269693.0831,3.79958228337,7.25327372789,0.817769313401,0.0315602988904,8557.56662541,65.6629298768,-988.109310196,0.925973707291,0.0940755842215,0.812952942586,471.566028363,4075.03172639
200,0.803571428571,882,44.3001131261,70.7544816382,46.8675317143,14278974.6623,3.88483231388,7.25327372789,0.823941098214,0.0317815521542,8631.84779086,-403.271962427,-928.26772552,0.924475686939,0.0960209245757,0.818943821288,481.943638071,4110.40370994
200.5,0.803571428571,882,30.5495369181,52.588560652,46.8907243664,14286040.6903,3.99930819984,7.25327372789,0.832610901664,0.0320786566037,8729.18574492,-806.766717373,-658.791803955,0.92293009151,0.0987213996669,0.827359679358,495.988254473,4156.75511663
201,0.803571428571,882,10.0015446162,42.7468614239,46.8644214047,14278027.0546,4.11181820234,7.25327372789,0.840589036354,0.0323706589069,8800.83994719,-1044.67634299,-221.11498556,0.920852348721,0.101322573699,0.835087734107,508.485925229,4190.87616533
201.5,0.803571428571,882,-12.7718385491,43.4192084645,46.7941162844,14256607.428,4.14487288579,7.25327372789,0.841611406304,0.0324564472234,8784.58722129,-1032.39662186,283.069534423,0.918808374802,0.101882323871,0.836052134899,509.76210408,4183.13677204
202,0.803571428571,882,-32.7034273809,54.456001385,46.7341536343,14238338.8073,4.05050044388,7.25327372789,0.832820614062,0.0322115181523,8672.45045266,-766.329486655,705.0867008,0.918207604499,0.0993624110039,0.827499165189,495.88056718,4129.73831079
202.5,0.803571428571,882,-45.3583493291,73.4015016903,46.7182351423,14233488.9734,3.93037194829,7.25327372789,0.823866985827,0.0318997432291,8575.56549085,-347.474707866,949.536451332,0.919922531902,0.0965435301821,0.81881240265,481.484416952,4083.60261469
203,0.803571428571,882,-47.9208245556,96.0402461795,46.7224330458,14234767.9346,3.81660618709,7.25327372789,0.815844460978,0.0316044817985,8495.58229035,123.109163874,976.697384152,0.922103824599,0.0939780595044,0.81102968633,468.774067304,4045.51537636
203.5,0.803571428571,882,-39.820690233,117.335007397,46.7281714663,14236516.2401,3.68823178866,7.25327372789,0.80638777298,0.0312713059103,8401.38243116,539.95927831,786.59393971,0.924167174201,0.0910596277046,0.801839933644,454.328152211,4000.65830055
204,0.803571428571,882,-22.8602644636,132.547600504,46.733036641,14237998.4966,3.5619570998,7.25327372789,0.797290442491,0.0309435794934,8310.4297518,814.790176896,437.776013348,0.926491741227,0.0882600846884,0.792994143894,440.451960783,3957.34750086
204.5,0.803571428571,882,-0.813321998748,138.293151764,46.7414990225,14240576.7022,3.55889799227,7.25327372789,0.798983727541,0.0309356400531,8331.03021498,927.436490013,15.6192849755,0.928773400239,0.0884779371256,0.794672048925,441.699050301,3967.15724523
205,0.803571428571,882,21.414588448,133.293248915,46.761128116,14246557.0327,3.60397471002,7.25327372789,0.803012796794,0.0310526296995,8379.27749178,842.583407047,-416.775764058,0.928828606033,0.0895910023516,0.798603324514,447.631417088,3990.13213894
205.5,0.803571428571,882,38.8776519333,118.660393929,46.7961064982,14257213.7798,3.69181055401,7.25327372789,0.810060864248,0.031280594042,8463.93644905,571.508181234,-775.247409448,0.928014788643,0.0916563348486,0.805466446,458.635990874,4030.44592812
206,0.803571428571,882,47.6902544427,97.6504660768,46.8305400015,14267704.5205,3.77629182226,7.25327372789,0.816117735136,0.0314998521023,8538.30974825,155.940936827,-972.079724377,0.926427000718,0.0935525318528,0.811349691607,468.813469795,4065.86178488
206.5,0.803571428571,882,45.8915503409,74.9382734286,46.8624640152,14277430.7033,3.8739193167,7.25327372789,0.823357318308,0.0317532291585,8624.04965944,-314.81930733,-959.222438553,0.924897648136,0.0958027535201,0.818380946499,480.744623419,4106.69031402
207,0.803571428571,882,33.8817597766,55.5773860023,46.8877305846,14285128.5848,3.97249275131,7.25327372789,0.830435431083,0.0320090612561,8705.77478354,-737.270184762,-725.686064754,0.923128034848,0.0980631930439,0.825246142293,492.618435388,4145.60703978
207.5,0.803571428571,882,14.3331178115,43.8756925927,46.8734942336,14280791.2432,4.09295002552,7.25327372789,0.839380332506,0.0323216894734,8791.93482688,-1015.90734021,-315.692969962,0.921339251903,0.100904657491,0.833919830862,506.584708549,4186.63563185
208,0.803571428571,882,-8.40471048892,42.436875191,46.8097868762,14261381.735,4.15194155346,7.25327372789,0.84254334333,0.0324747928566,8800.0439134,-1057.29185499,186.830280373,0.919151257747,0.102115768795,0.836962524444,511.272393528,4190.49710162
208.5,0.803571428571,882,-29.272451053,51.5810774572,46.7432056014,14241096.6399,4.07640625951,7.25327372789,0.834965827425,0.0322787526885,8697.65864614,-834.025997709,635.467722127,0.918079118788,0.100008992915,0.829583059241,499.300778827,4141.74221245
209,0.803571428571,882,-43.6269331533,69.2736712456,46.7182779818,14233502.0251,3.9402700507,7.25327372789,0.82431093087,0.0319254322224,8580.04116895,-434.720068043,915.044027994,0.919451869139,0.0967286853372,0.819238247036,482.408712294,4085.73388998
209.5,0.803571428571,882,-48.2742167997,91.5779709666,46.7204412342,14234161.096,3.83043074111,7.25327372789,0.816897551362,0.0316403612894,8505.57713162,32.2688646223,987.188103964,0.921924182887,0.0943001616175,0.812053077947,470.340647583,4050.27482458
210,0.803571428571,882,-42.1802594554,113.531164703,46.7265150216,14236011.5766,3.70846804642,7.25327372789,0.807947118656,0.0313238259862,8416.6810054,467.174682604,837.423458299,0.923916590315,0.0915273154063,0.80335700604,456.629233426,4007.9433359
210.5,0.803571428571,882,-26.7009953802,130.248563275,46.7304676996,14237215.8258,3.56342776993,7.25327372789,0.797104896453,0.0309473963902,8307.57580038,770.581887961,511.20591038,0.926125613146,0.088248999624,0.792808975327,440.348225649,3955.98847637
211,0.803571428571,882,-5.28063386033,138.01046663,46.7393269307,14239914.9382,3.55794356439,7.25327372789,0.798876598859,0.0309331629832,8329.15706785,921.643286006,101.370827756,0.928746858736,0.0884511859231,0.794567220873,441.524464686,3966.2652704
211.5,0.803571428571,882,17.3146936069,135.089814651,46.7554738346,14244834.3616,3.58810517859,7.25327372789,0.801625922372,0.0310114427861,8363.06198892,873.538284636,-335.442668579,0.928845829277,0.0892031518759,0.797250667418,445.585786989,3982.41047091
212,0.803571428571,882,36.0574200577,122.136466184,46.7891833632,14255104.5313,3.67414720998,7.25327372789,0.808751731597,0.0312347515656,8448.06125263,637.833209996,-715.654915139,0.928301381575,0.0912556389136,0.804193621855,456.495861929,4022.88631078
212.5,0.803571428571,882,46.7772004305,102.032602374,46.823792104,14265648.661,3.75259497269,7.25327372789,0.814310762778,0.0314383505957,8517.36868327,243.750408331,-947.589004555,0.92674649574,0.0930024206509,0.809593069398,465.922434523,4055.88984918
213,0.803571428571,882,47.0888330175,79.2514277669,46.8542620889,14274931.8498,3.83607500517,7.25327372789,0.820409235749,0.0316550101034,8590.85040134,-222.484682916,-974.691694454,0.925326828234,0.0949058021619,0.815515936376,476.076970608,4090.88114349
213.5,0.803571428571,882,36.9229780979,58.8618611927,46.8849776036,14284289.8432,3.94377780633,7.25327372789,0.82853009247,0.0319345360594,8685.29479164,-662.515535928,-785.59758417,0.923814269622,0.0974266169712,0.823401471353,489.363138261,4135.85466268
214,0.803571428571,882,18.5415863527,45.4006774096,46.8803809089,14282889.3836,4.06890723349,7.25327372789,0.837747484781,0.0322592901267,8777.85614977,-977.290415663,-406.295736822,0.92186051607,0.100358634933,0.832339867152,503.991501545,4179.93149989
214.5,0.803571428571,882,-3.9653958333,41.8630533178,46.8238343467,14265661.531,4.14423048345,7.25327372789,0.842269461464,0.0324547799675,8802.59275673,-1069.2589745,88.0827591784,0.919588121359,0.101979304737,0.836702683074,510.89564479,4191.71083654
215,0.803571428571,882,-25.590058738,49.036126968,46.751657363,14243671.6099,4.07923940571,7.25327372789,0.83534069127,0.0322861056811,8704.64678142,-890.422396223,556.245289677,0.91821928111,0.100101981072,0.829949430084,499.945771659,4145.06989591
215.5,0.803571428571,882,-41.5208128423,65.3238556311,46.7199860641,14234022.4208,3.97682906756,7.25327372789,0.827461219613,0.032020315494,8612.76645293,-522.531791252,879.227499416,0.919400391115,0.0976498630318,0.822302787796,487.038453784,4101.31735854
216,0.803571428571,882,-48.2129901982,87.1021428358,46.7192882752,14233809.8278,3.85416273846,7.25327372789,0.818388637872,0.0317019540166,8520.2774646,-59.5745954478,991.170103842,0.921260522617,0.0948054539549,0.8134967132,472.837554664,4057.27498314
216.5,0.803571428571,882,-44.1775497712,109.525216931,46.7246281528,14235436.7105,3.72716796944,7.25327372789,0.809213101247,0.031372358743,8428.87365243,389.333263391,880.901332956,0.923486321981,0.0919338750649,0.804585751016,458.62051569,4013.7493583
217,0.803571428571,882,-30.3123960949,127.603838142,46.7303468448,14237179.0054,3.59016476061,7.25327372789,0.799167523057,0.0310167881125,8328.57949974,724.918487587,584.35567799,0.925787174577,0.0888588367641,0.794817512504,443.388920878,3965.99023797
217.5,0.803571428571,882,-9.70259127682,137.315427954,46.7373934306,14239325.8652,3.5582426906,7.25327372789,0.798487830696,0.030933939319,8324.43485677,907.665543544,186.127615575,0.928264191974,0.0883966349037,0.794182447117,441.21565426,3964.01659846
218,0.803571428571,882,13.0660858762,136.499111818,46.7508104921,14243413.5966,3.57299944475,7.25327372789,0.800286973573,0.0309722381912,8347.69352668,896.912498627,-252.029238243,0.928840431395,0.0888318611696,0.795944357383,443.642612984,3975.09215556
218.5,0.803571428571,882,32.9274972774,125.336523924,46.7830843359,14253246.361,3.66410210773,7.25327372789,0.80810229593,0.0312086810569,8439.24305178,699.526011314,-651.836634593,0.928574097066,0.0910424576149,0.803563671013,455.310723112,4018.68716751
219,0.803571428571,882,45.4623851858,106.311392743,46.8176928104,14263790.4096,3.74419721483,7.25327372789,0.813730129764,0.0314165555145,8509.2224359,329.683003323,-918.877739151,0.926928148641,0.0928169149573,0.809029507709,464.871957644,4052.01068376
219.5,0.803571428571,882,47.8816779035,83.6568997213,46.8496044794,14273512.8314,3.83281842288,7.25327372789,0.820257439713,0.031646558148,8587.60589921,-131.184880059,-990.265311405,0.925478886235,0.0948444624366,0.81537003869,475.674687262,4089.33614248
220,0.803571428571,882,39.6470713869,62.4137764375,46.8806866272,14282982.5258,3.93367219075,7.25327372789,0.827695184268,0.0319083084977,8675.14519753,-585.334555718,-841.246024965,0.923873306688,0.0971774763024,0.822589810484,488.022390995,4131.02152263
220.5,0.803571428571,882,22.590804436,47.3087180453,46.8853752958,14284411.0068,4.03954964498,7.25327372789,0.835339980957,0.0321830970481,8755.06262983,-928.873577392,-491.528957946,0.922043930104,0.0996286513028,0.830001667083,500.432203059,4169.07744278
221,0.803571428571,882,0.507976916925,41.7026713011,46.8377736388,14269908.3686,4.13372972103,7.25327372789,0.841839134301,0.0324275268634,8803.51313826,-1071.40947846,-11.2687657536,0.920121463621,0.101784469677,0.8362921704,510.223208375,4192.14911346
221.5,0.803571428571,882,-21.6878778627,46.8430080542,46.761647522,14246715.2784,4.10365769869,7.25327372789,0.837646974715,0.0323494795823,8731.91764936,-944.649476876,474.718963344,0.918410142977,0.100758465655,0.832193892478,503.439581596,4158.05602351
222,0.803571428571,882,-39.0580774967,61.5859791254,46.7229145315,14234914.6273,3.99608723899,7.25327372789,0.828744850181,0.0320702970982,8626.86442739,-604.396410228,830.806802516,0.918956676445,0.0980778554258,0.823545545148,489.234434528,4108.03067971
222.5,0.803571428571,882,-47.7376706157,82.6512038957,46.7183106953,14233511.9918,3.87578807511,7.25327372789,0.819971861573,0.0317580792318,8536.01870559,-151.862015406,986.493402133,0.920910839367,0.0953016306918,0.815033759151,475.292320643,4064.77081218
223,0.803571428571,882,-45.7954068014,105.35157047,46.7243335968,14235346.9692,3.76267764793,7.25327372789,0.811986615964,0.0314645186193,8457.03121052,308.872482395,921.400257298,0.923094140477,0.0927644998983,0.807283734505,462.758328794,4027.1577193
223.5,0.803571428571,882,-33.6634489157,124.636140188,46.7271735755,14236212.216,3.60788747385,7.25327372789,0.800171737955,0.0310627846726,8337.63478232,670.253372837,651.430559376,0.925144236313,0.0892097097522,0.795789755212,445.079258016,3970.30227729
224,0.803571428571,882,-14.0412148256,136.214005304,46.7352293629,14238666.5459,3.55897200292,7.25327372789,0.798276858682,0.0309358321363,8321.46868644,886.221856055,269.261047214,0.927944113181,0.0883734320216,0.793972987783,441.058994027,3962.6041364
224.5,0.803571428571,882,8.70525580814,137.509036207,46.7457143834,14241860.9821,3.56017106142,7.25327372789,0.799142518431,0.0309389441071,8334.16389509,912.935179203,-167.280477688,0.92882727045,0.0885159941896,0.7948275925,441.968745276,3968.64947385
225,0.803571428571,882,29.5147659541,128.233082411,46.7744334667,14250610.7295,3.63803323381,7.25327372789,0.806001213331,0.0311410233282,8414.64233925,751.478299826,-580.118178815,0.928805632178,0.0904277428802,0.801517649552,452.069250133,4006.9725425
225.5,0.803571428571,882,43.7571014277,110.450087399,46.8086965406,14261049.546,3.71138331939,7.25327372789,0.811249892786,0.0313313921261,8480.59923204,409.812437255,-876.876662332,0.927399420552,0.0920615965592,0.806618067685,460.91177376,4038.38058669
226,0.803571428571,882,48.2632753921,88.1168514599,46.842811657,14271443.2848,3.80742605321,7.25327372789,0.818547654129,0.0315806561814,8567.6614765,-38.7058382103,-991.99319066,0.926072858051,0.0942860888343,0.813712316103,472.737152624,4079.83879833
226.5,0.803571428571,882,42.0306428807,66.2026249549,46.8742549699,14281023.0142,3.91418765238,7.25327372789,0.826394793919,0.0318577393932,8659.48593289,-502.561115691,-887.617509885,0.9243335483,0.0967459299786,0.821330320887,485.721876425,4123.56472995
227,0.803571428571,882,26.445994032,49.583426671,46.8877519711,14285135.1005,4.00981616907,7.25327372789,0.833052176376,0.032105928412,8732.53062511,-873.173527606,-571.348335546,0.922397516515,0.0989153929232,0.827781652519,496.899897264,4158.34791672
227.5,0.803571428571,882,4.97698674183,41.9571066341,46.8508393848,14273889.0659,4.12327484313,7.25327372789,0.841417895302,0.0324003928454,8804.19501752,-1064.34116302,-110.260050676,0.920661519853,0.101591783157,0.835890524881,509.54147501,4192.47381787
228,0.803571428571,882,-17.5994235794,45.0205570324,46.7759418341,14251070.2788,4.1222234286,7.25327372789,0.839442115275,0.0323976640617,8755.60227308,-990.099983009,387.40339669,0.918600161173,0.10126550442,0.833941227635,506.282383835,4169.33441575
228.5,0.803571428571,882,-36.2598791219,58.0921456994,46.726438613,14235988.2974,4.01484129955,7.25327372789,0.830078884403,0.0321189703606,8641.71244658,-681.797874304,774.790691812,0.918619270158,0.0985086373419,0.824838548418,491.457399838,4115.10116504
229,0.803571428571,882,-46.8523404894,78.2633824863,46.7169700634,14233103.546,3.88905042121,7.25327372789,0.820829641913,0.0317924995991,8544.22835856,-243.253194093,971.061846517,0.920570255834,0.0955889950888,0.815864454485,476.698116606,4068.68017074
229.5,0.803571428571,882,-47.0199350536,101.046072042,46.721682172,14234539.1684,3.7698771573,7.25327372789,0.812406840633,0.0314832038319,8460.32928555,222.573390087,947.4305714,0.922853575626,0.0929116257744,0.807690223183,463.439669097,4028.72823121
230,0.803571428571,882,-36.7253722331,121.370958454,46.7274977201,14236310.9721,3.63512284311,7.25327372789,0.80245474722,0.0311334698595,8361.0645335,611.510623335,715.883618896,0.925013840476,0.0898613213292,0.798014947987,448.336456063,3981.45930167
230.5,0.803571428571,882,-18.2592408243,134.715658605,46.7336014404,14238170.5722,3.56023212179,7.25327372789,0.797964669236,0.0309391025799,8317.63849206,857.115692612,349.995557122,0.927452020682,0.0883411290546,0.793662829125,440.867059658,3960.78023431
231,0.803571428571,882,4.26965781315,138.110913753,46.7413177232,14240521.4663,3.54861322607,7.25327372789,0.79810208855,0.0309089475338,8321.95057599,921.345244965,-81.7658326749,0.928804530265,0.0882304555286,0.793812127334,440.460157189,3962.83360762
231.5,0.803571428571,882,25.8485374434,130.801263608,46.7688164664,14248899.4168,3.60926719579,7.25327372789,0.803640809125,0.0310663655274,8388.48489589,795.713219578,-504.102597112,0.929014182965,0.0897453244571,0.799218021504,448.549932815,3994.51661709
232,0.803571428571,882,41.6759955417,114.413139815,46.8033452112,14259419.1743,3.70853555739,7.25327372789,0.811453271934,0.0313240012005,8480.8096719,489.108363553,-834.963389947,0.927919190273,0.0920596443392,0.806822550173,460.796622112,4038.48079614
232.5,0.803571428571,882,48.230348009,92.5929772335,46.8370423967,14269685.5835,3.79133338039,7.25327372789,0.817175894008,0.0315388901391,8551.49257098,53.0579148816,-986.8970951,0.926124391489,0.0938888848033,0.812376772593,470.629678705,4072.13931952
233,0.803571428571,882,44.0532204985,70.1958649845,46.8664943078,14278658.5991,3.87825692954,7.25327372789,0.823496139944,0.0317644867615,8626.92054222,-414.328435914,-921.651055792,0.924625150729,0.0958750395455,0.818512585067,481.190116031,4108.05740106
233.5,0.803571428571,882,30.0740435885,52.2052662103,46.8905007091,14285972.5494,3.99748750752,7.25327372789,0.832558679957,0.0320739312785,8728.58358867,-814.778539627,-648.33596797,0.923049360825,0.0986915982133,0.827310498593,495.833798319,4156.46837556
234,0.803571428571,882,9.40325009389,42.6241740159,46.8622979703,14277380.1149,4.10988433331,7.25327372789,0.840449861585,0.0323656398491,8798.62201965,-1046.82564901,-207.776079422,0.920885411552,0.101277280131,0.834952942992,508.212562571,4189.82000936
234.5,0.803571428571,882,-13.3598109102,43.5844266173,46.790191896,14255411.7976,4.13520203071,7.25327372789,0.840798565205,0.0324313480153,8774.82177106,-1026.08329593,295.337918131,0.918843519795,0.101636775148,0.835262824219,508.448223009,4178.48655765
235,0.803571428571,882,-33.1502509565,54.8723632802,46.7325629846,14237854.1893,4.04679222915,7.25327372789,0.832656187018,0.0322018940547,8670.20996463,-756.768107913,714.168530417,0.91838338285,0.0992924713912,0.827341702615,495.497793399,4128.67141173
235.5,0.803571428571,882,-45.5646037656,73.9763648418,46.7170524575,14233128.6487,3.92581213736,7.25327372789,0.823528386237,0.0318879089453,8571.68951363,-335.054934666,952.757922097,0.919989896881,0.0964374536368,0.818483756229,480.931038509,4081.75691125
236,0.803571428571,882,-47.8406172677,96.6457008239,46.7208473913,14234284.8385,3.80470252194,7.25327372789,0.814873756526,0.0315735876774,8485.11302109,135.026777603,972.021545856,0.922186575126,0.0936913132619,0.810085222883,467.312021281,4040.53001004
236.5,0.803571428571,882,-39.4718677207,117.836337019,46.7263836472,14235971.5512,3.67276629157,7.25327372789,0.80521649673,0.0312311676055,8388.80270595,547.685054723,776.616263047,0.924382903698,0.0907060165448,0.800700575121,452.529233642,3994.66795521
237,0.803571428571,882,-22.3204413817,132.833256898,46.7320625744,14237701.731,3.56259798406,7.25327372789,0.797587645519,0.0309452428093,8313.15526988,820.705255911,427.670106889,0.926771469769,0.0883116195292,0.79328728604,440.690768173,3958.64536661
237.5,0.803571428571,882,-0.202611529641,138.299575035,46.7394261636,14239945.1712,3.54754965056,7.25327372789,0.797971462962,0.0309061871881,8319.93583755,924.553687049,3.87840341519,0.928761834161,0.08819900884,0.79368418338,440.267534169,3961.87420836
238,0.803571428571,882,21.9603003436,133.019009854,46.7617415123,14246743.9141,3.59536780336,7.25327372789,0.802429419204,0.0310302918049,8373.55110222,835.537433729,-426.524298335,0.929033371693,0.0894058176873,0.798036622955,446.717882187,3987.40528677
238.5,0.803571428571,882,39.236941784,118.166512021,46.7959629865,14257170.0565,3.68765904694,7.25327372789,0.809830114223,0.0312698194478,8461.54033554,561.150155207,-781.701900306,0.92817023458,0.0915737231038,0.805243359953,458.219802298,4029.30492169
239,0.803571428571,882,47.7831785616,97.0468323769,46.8306114055,14267726.2749,3.77362729595,7.25327372789,0.815949128785,0.0314929367365,8536.6169133,143.550415457,-973.387015253,0.926502101867,0.0934958832347,0.811186356916,468.531019173,4065.055673
239.5,0.803571428571,882,45.6974326732,74.3591992826,46.8628782948,14277556.9205,3.87187819525,7.25327372789,0.823220748383,0.0317479317436,8622.80755081,-326.775262918,-954.733126922,0.924945913458,0.0957577434478,0.818248609108,480.527255792,4106.09883372
240,0.803571428571,882,33.4437924192,55.1517181396,46.887394563,14285026.2102,3.97849726395,7.25327372789,0.830995871826,0.0320246450396,8711.40678182,-747.584168373,-717.45430214,0.923165054597,0.0982218603383,0.825791852123,493.408425169,4148.28894372
240.5,0.803571428571,882,13.7487505676,43.6981441211,46.8720298681,14280345.0998,4.09215415496,7.25327372789,0.839211289464,0.0323196239145,8789.63718628,-1019.3874479,-302.694211428,0.921230234377,0.100868367241,0.833753991861,506.370875566,4185.54151727
241,0.803571428571,882,-9.00545315048,42.546951483,46.8054722131,14260067.2009,4.141318531,7.25327372789,0.841628041607,0.0324472224455,8789.07504828,-1051.82520651,199.611256089,0.919165719936,0.101842212492,0.836073409706,509.808758463,4185.27383251
241.5,0.803571428571,882,-29.7559010558,51.9542860185,46.7405816091,14240297.1969,4.06872060585,7.25327372789,0.834470287868,0.0322588057636,8691.65998078,-824.429344436,644.793734518,0.918272209707,0.0998392040738,0.829103989385,498.397136962,4138.88570513
242,0.803571428571,882,-43.8855205909,69.8269714107,46.7177345326,14233336.4543,3.93778102861,7.25327372789,0.824218458002,0.0319189723507,8578.91835731,-422.914463214,920.031481708,0.919591512173,0.0966850923451,0.819150096274,482.180085695,4085.19921777
242.5,0.803571428571,882,-48.2504047472,92.1882508382,46.7193678584,14233834.0742,3.82438325868,7.25327372789,0.816407357243,0.0316246659845,8500.19205573,44.6777425336,985.13347867,0.921969358064,0.0941546630355,0.81157623911,469.59336669,4047.71050273
243,0.803571428571,882,-41.8793462068,114.06263413,46.7256951912,14235761.8016,3.70091930082,7.25327372789,0.807379655995,0.031304234385,8410.60439746,476.809429663,829.853750485,0.924026212495,0.0913548810361,0.802805175441,455.752966316,4005.04971307
243.5,0.803571428571,882,-26.189935553,130.582967803,46.7302194485,14237140.192,3.56802517217,7.25327372789,0.797627420476,0.0309593282363,8312.84598361,778.11851868,502.153365313,0.926262204446,0.0883787670305,0.793320348559,440.991058524,3958.49808743
244,0.803571428571,882,-4.67314067727,138.073399674,46.7378203303,14239455.9273,3.55040607933,7.25327372789,0.798139566255,0.030913600607,8321.07203199,920.758418276,89.5054988323,0.92866388324,0.0882562731988,0.793847118887,440.523111825,3962.41525333
244.5,0.803571428571,882,17.8834500466,134.867273312,46.7552741186,14244773.5148,3.58156847769,7.25327372789,0.801165825693,0.0309944777903,8358.29851411,867.826774795,-345.90327494,0.92898183584,0.0890602242719,0.79680337246,444.868037369,3980.14214958
245,0.803571428571,882,36.4608887628,121.677966959,46.7888440778,14255001.1624,3.66887897228,7.25327372789,0.808389421796,0.0312210786698,8444.24274711,627.93089619,-722.739517553,0.928419403835,0.0911405301104,0.803841785923,455.91343129,4021.06797481
245.5,0.803571428571,882,46.9256077106,101.440163504,46.8238600463,14265669.3608,3.74695477275,7.25327372789,0.813897350126,0.0314237123295,8513.16760168,231.430346271,-949.287974595,0.926841769074,0.0928742413543,0.809191399813,465.281633652,4053.88933414
246,0.803571428571,882,46.9491575526,78.6568696958,46.8551203089,14275193.3208,3.83726629466,7.25327372789,0.820604625176,0.031658101911,8593.18319657,-234.908792708,-972.286275793,0.925428957321,0.0949497594271,0.815707502394,476.314922545,4091.99199837
246.5,0.803571428571,882,36.5262983379,58.3974758962,46.8857278509,14284518.4186,3.94715525348,7.25327372789,0.828807431898,0.0319433017009,8688.41635978,-672.990929055,-777.845066194,0.923792672683,0.0975096833803,0.823671048016,489.79604659,4137.3411237
247,0.803571428571,882,17.9761654157,45.1697928072,46.8793617455,14282578.8785,4.06874505,7.25327372789,0.8376775575,0.0322588692046,8776.74861409,-982.179993024,-393.837796616,0.921799212351,0.100345658772,0.832271033827,503.904426371,4179.40410195
247.5,0.803571428571,882,-4.57374912113,41.9170423229,46.8208056386,14264738.7846,4.14095464928,7.25327372789,0.841985687184,0.0324462780467,8798.55405185,-1067.03582141,101.498626253,0.919591068051,0.101894722833,0.836426998512,510.40587098,4189.78764374
248,0.803571428571,882,-26.1059829001,49.3629767721,46.7499844199,14243161.9199,4.07894063081,7.25327372789,0.835368768809,0.032285330257,8704.31877701,-883.262231657,567.42415867,0.918278823689,0.10010285496,0.829977554444,499.914356773,4144.91370334
248.5,0.803571428571,882,-41.8295123184,65.8508406109,46.719098765,14233752.0904,3.97374460318,7.25327372789,0.827196421999,0.0320123102439,8609.7419214,-510.946178918,885.025815628,0.919405819873,0.0975721458898,0.822045245057,486.632347145,4099.87710543
249,0.803571428571,882,-48.2457778986,87.7120063469,46.7184900746,14233566.6427,3.84517408799,7.25327372789,0.817650849203,0.031678625365,8512.46943703,-46.9270825411,989.52792051,0.921316523843,0.0945872883071,0.812778992961,471.733344616,4053.55687477
249.5,0.803571428571,882,-43.9271302778,110.082261465,46.723671346,14235145.2034,3.71783982128,7.25327372789,0.808536564674,0.0313481489778,8421.64160238,399.510807248,873.873856674,0.923649303818,0.0917241351472,0.803928333802,457.555469169,4010.30552494
250,0.803571428571,882,-29.8344889265,127.984118662,46.7302855984,14237160.3456,3.59719788508,7.25327372789,0.799932575417,0.0310350414989,8336.39828328,733.846479492,576.397069028,0.925956011683,0.0890528703436,0.795565764282,444.35594725,3969.71346823
250.5,0.803571428571,882,-9.10353303301,137.434330251,46.7359584578,14238888.6768,3.55184902275,7.25327372789,0.797814254034,0.0309173455434,8317.0199999,908.114887577,174.284191073,0.928137184383,0.088224122411,0.793523768025,440.327549771,3960.48571424
251,0.803571428571,882,13.6530019098,136.330179569,46.7501794953,14243221.3529,3.5691145532,7.25327372789,0.800043180487,0.0309621555562,8344.98739994,892.821339232,-263.104774538,0.928955800994,0.0887514882918,0.795707810095,443.229251291,3973.80352378
251.5,0.803571428571,882,33.3716795143,124.917345351,46.7820658047,14252936.0485,3.66029840658,7.25327372789,0.807827411573,0.0311988091391,8436.06962874,690.552232112,-659.983957713,0.92864422057,0.0909574247254,0.803296482917,454.865659995,4017.17601369
252,0.803571428571,882,45.6650009827,105.735237057,46.8182728118,14263967.1167,3.7437392529,7.25327372789,0.813750135896,0.0314153669452,8509.64714438,318.038027752,-922.973501887,0.926996925422,0.0928146683554,0.809049841659,464.87222351,4052.21292589
252.5,0.803571428571,882,47.7976442897,83.0519642807,46.8501149702,14273668.3609,3.8299226555,7.25327372789,0.820009928877,0.0316390426318,8585.25545369,-143.590165559,-987.800284023,0.925487177986,0.0947726366995,0.815129106221,475.324817157,4088.21688271
253,0.803571428571,882,39.2950862379,61.9146622318,46.8814325794,14283209.7925,3.93293888647,7.25327372789,0.827677783374,0.0319064053199,8675.24998179,-595.874282581,-833.706595027,0.923925800665,0.0971661229202,0.822573568958,487.980903504,4131.0714199
253.5,0.803571428571,882,22.049186108,47.0264803399,46.8846825086,14284199.9376,4.0399213041,7.25327372789,0.835384626972,0.0321840616319,8755.26374169,-935.094354757,-479.78544973,0.922057238657,0.0996401064277,0.830045262619,500.474951308,4169.17321033
254,0.803571428571,882,-0.102761956672,41.7001093171,46.8362984947,14269458.9414,4.14087299649,7.25327372789,0.842457995862,0.0324460661296,8809.28732611,-1073.33980352,2.28361797149,0.920114712331,0.101968865743,0.836893405649,511.115348958,4194.89872672
254.5,0.803571428571,882,-22.2318450012,47.1206918451,46.7592182996,14245975.1753,4.09839038554,7.25327372789,0.837068584601,0.032335809086,8725.093209,-937.034030049,485.828624884,0.918280307824,0.100603882433,0.83162989287,502.614981876,4154.80629
255,0.803571428571,882,-39.4142376454,62.0821227377,46.7209898099,14234328.2287,3.99219883023,7.25327372789,0.828491329456,0.0320602053349,8623.58408171,-593.275742167,837.581986313,0.919052396271,0.0979922567116,0.823300223111,488.767177448,4106.46861034
255.5,0.803571428571,882,-47.8267764612,83.2554130348,46.7175219776,14233271.6958,3.87071216727,7.25327372789,0.819590169645,0.0317449054984,8531.84810926,-139.198650355,987.076416774,0.920981448367,0.0951835065352,0.814663050155,474.687178723,4062.78481393
256,0.803571428571,882,-45.5976318726,105.929405752,46.7236307565,14235132.8372,3.75593216378,7.25327372789,0.811475395029,0.0314470117589,8451.57041381,319.951049692,915.854012904,0.923186202413,0.0926088369202,0.80678673428,461.96790122,4024.55733991
256.5,0.803571428571,882,-33.2227990675,125.059030536,46.7288861601,14236733.9835,3.62454376616,7.25327372789,0.801742986201,0.0311060135021,8354.31868252,681.715371629,646.010242342,0.925266396484,0.0896342434691,0.797323712426,447.230094722,3978.24699168
257,0.803571428571,882,-13.4557367281,136.387855621,46.7339750794,14238284.4075,3.55420128366,7.25327372789,0.797597134771,0.0309234504726,8314.03558387,887.946740819,257.566930247,0.927643194838,0.088218324896,0.793306357177,440.26124436,3959.06456375
257.5,0.803571428571,882,9.30529051609,137.395163977,46.7456500894,14241841.3939,3.56006571166,7.25327372789,0.799207279775,0.0309386706881,8334.81371719,910.831559554,-178.827364686,0.928913357759,0.0885244554356,0.794891752491,442.009777198,3968.95891295
258,0.803571428571,882,29.995846719,127.856824743,46.7768227605,14251338.6677,3.6398577031,7.25327372789,0.80616401289,0.031145758456,8417.16912096,744.531940085,-589.929718193,0.928807533346,0.0904730728713,0.801676429137,452.342074072,4008.17577189
258.5,0.803571428571,882,44.0121855097,109.895163399,46.8091990934,14261202.6571,3.71002250824,7.25327372789,0.811101037469,0.0313278603513,8479.25172212,398.534918445,-881.641050698,0.927366445088,0.0920233585306,0.806472584347,460.73022576,4037.73891529
259,0.803571428571,882,48.2356053795,87.5067343351,46.8436229787,14271690.4675,3.80860860384,7.25327372789,0.818673566858,0.0315837253086,8569.25284341,-51.2658059418,-991.806536989,0.926097483746,0.0943191570495,0.813835264283,472.919333577,4080.5965921
259.5,0.803571428571,882,41.7263754818,65.6730686449,46.8757674688,14281483.8222,3.9140563738,7.25327372789,0.826364094751,0.0318573986799,8659.72678568,-513.744121164,-881.191293235,0.924312117747,0.0967396216901,0.821300162267,485.72154927,4123.67942175
260,0.803571428571,882,25.9328301786,49.2522599531,46.8881568168,14285258.4435,4.00818574779,7.25327372789,0.832911311118,0.0321016969058,8731.23643568,-879.974373455,-560.036604782,0.92239989859,0.0988739325456,0.827644680159,496.700198985,4157.73163604
260.5,0.803571428571,882,4.36910781234,41.8980156654,46.8495981732,14273510.9101,4.12959045051,7.25327372789,0.841997920319,0.0324167840272,8809.66928879,-1067.35701089,-96.9481388209,0.920691130005,0.101759884533,0.836454584307,510.357557802,4195.08061371
261,0.803571428571,882,-18.1667616552,45.2466898323,46.7733549391,14250282.1381,4.11824848601,7.25327372789,0.83899002855,0.0323873477132,8750.00456899,-983.851889449,399.376106765,0.918485375714,0.101146101536,0.833500254614,505.629491373,4166.66884238
261.5,0.803571428571,882,-36.6604409455,58.553186653,46.7250348732,14235560.6247,4.00918879327,7.25327372789,0.829650332533,0.0321043001552,8636.83682732,-670.991586417,782.236570599,0.918691512009,0.0983745581866,0.824422711151,490.758994157,4112.77944158
262,0.803571428571,882,-46.9969991653,78.8567478062,46.7165163403,14232965.3117,3.88019690356,7.25327372789,0.820146022077,0.0317695216639,8537.10667533,-230.445571571,971.911085422,0.920672913698,0.0953799606776,0.815200259529,475.646431936,4065.28889301
262.5,0.803571428571,882,-46.8765033439,101.639735145,46.72134215,14234435.575,3.76674452633,7.25327372789,0.812273248017,0.0314750735729,8458.86341115,234.389368404,943.952235565,0.923014173028,0.0928551127713,0.807562033365,463.151043044,4028.03019579
263,0.803571428571,882,-36.3257643699,121.832826499,46.7281373391,14236505.8427,3.64643058039,7.25327372789,0.803498727927,0.031162817342,8371.96752054,622.503184079,710.364314799,0.925070579636,0.0901469561651,0.799033699702,449.773859512,3986.65120026
263.5,0.803571428571,882,-17.6923714424,134.942963773,46.7329419827,14237969.6574,3.55742857453,7.25327372789,0.7975416087,0.0309318264067,8313.05359557,860.525177535,338.756721814,0.927247637799,0.0882464534333,0.793247728612,440.382151544,3958.59695027
264,0.803571428571,882,4.87765760175,138.053079572,46.7425480831,14240896.316,3.55344715474,7.25327372789,0.798572549262,0.0309214932477,8327.20755251,921.586114781,-93.5461693298,0.928855122447,0.0883550876382,0.794271763106,441.105561369,3965.33692976
264.5,0.803571428571,882,26.3623848173,130.471158456,46.76906597,14248975.4322,3.60861020932,7.25327372789,0.803507324599,0.0310646604207,8387.19729246,789.042147421,-513.971764612,0.928926965181,0.0897178390236,0.799086818295,448.417344182,3993.9034726
265,0.803571428571,882,41.9813570359,113.884213645,46.8022605686,14259088.7199,3.70595372027,7.25327372789,0.811235819553,0.0313173004417,8478.1903072,478.163499699,-840.469479176,0.927931057974,0.0919969534111,0.806610741806,460.461485428,4037.23347962
265.5,0.803571428571,882,48.2592792504,91.9829186144,46.8376625598,14269874.5266,3.78805572994,7.25327372789,0.81692843416,0.0315303835045,8549.18756112,40.5430610885,-986.716697587,0.926171110663,0.0938129625453,0.812136293784,470.261562066,4071.04169577
266,0.803571428571,882,43.7992841494,69.6404148372,46.8673649037,14278923.8407,3.87789639957,7.25327372789,0.823517325611,0.0317635510617,8627.46650636,-425.96077479,-916.363317933,0.924684534524,0.0958740873362,0.818533974943,481.203214203,4108.31738398
266.5,0.803571428571,882,29.5937416846,51.8280148132,46.8893637741,14285626.1632,4.00034094295,7.25327372789,0.832815052633,0.0320813369287,8730.79204561,-823.488790371,-638.42931991,0.923055900134,0.0987656432959,0.827559950562,496.181743911,4157.52002172
267,0.803571428571,882,8.80345207484,42.5090615847,46.8609935441,14276982.6998,4.11199773122,7.25327372789,0.840587637812,0.0323711248463,8799.53541616,-1049.80010065,-194.602700696,0.92083359442,0.101324508536,0.835086109654,508.421250887,4190.25496008
267.5,0.803571428571,882,-13.9456471554,43.757066211,46.7877612787,14254671.2696,4.13308167021,7.25327372789,0.840578151794,0.0324258449477,8771.6545802,-1021.55212237,308.073132088,0.918805112132,0.101576267913,0.83504809831,508.092737403,4176.97837153
268,0.803571428571,882,-33.5917740994,55.2943417747,46.7311750525,14237431.3327,4.04805310339,7.25327372789,0.832801252221,0.0322051664587,8671.17864288,-747.917602714,723.91305741,0.918421921635,0.0993302887132,0.827483288165,495.657069828,4129.13268708
268.5,0.803571428571,882,-45.7635728238,74.5537900312,46.7164606452,14232948.3432,3.91953608169,7.25327372789,0.822958814166,0.0318716204139,8565.66397744,-322.430260853,955.286814886,0.919966991508,0.0962754656531,0.817929119616,480.111044366,4078.88760831
269,0.803571428571,882,-47.7527606871,97.2500928794,46.7202851054,14234113.5288,3.79788469501,7.25327372789,0.814376414907,0.0315558930625,8479.84936234,147.05940373,968.6072482,0.92230046545,0.0935362368522,0.809602181284,466.52730414,4038.02350587
269.5,0.803571428571,882,-39.1167340049,118.333215857,46.7266953952,14236066.5304,3.67673808891,7.25327372789,0.805673305867,0.0312414757909,8393.5961147,558.17127228,770.609213488,0.924506447316,0.0908203363725,0.801147409718,453.105617355,3996.95053081
270,0.803571428571,882,-21.777049458,133.112064633,46.7320087351,14237685.3279,3.56143185575,7.25327372789,0.797423059587,0.0309422163037,8311.4447379,825.692919945,417.079434907,0.926699637868,0.0882739320703,0.793125885107,440.501686024,3957.83082757
270.5,0.803571428571,882,0.408131335262,138.29827563,46.7397635295,14240047.9553,3.54882167868,7.25327372789,0.798101895769,0.0309094885403,8321.39264025,924.896163818,-7.81558143424,0.928782879237,0.0882327798879,0.793811696226,440.44246902,3962.56792393
271,0.803571428571,882,22.5025009809,132.737892433,46.7614737732,14246662.3429,3.59421108138,7.25327372789,0.80230740503,0.031027289712,8372.20361036,829.776390469,-436.896696994,0.929010422071,0.0893744172585,0.797917338083,446.555875696,3986.76362398
271.5,0.803571428571,882,39.5899579938,117.668126537,46.7974844769,14257633.604,3.68944630895,7.25327372789,0.810006098589,0.0312744580098,8463.89601068,551.540733289,-789.192373896,0.928191123686,0.0916208787379,0.805415163785,458.485573601,4030.42667175
272,0.803571428571,882,47.8684625717,96.4420719507,46.8312422931,14267918.4853,3.77456126193,7.25327372789,0.816002942238,0.0314953607007,8537.39445858,131.261164108,-975.349261737,0.926469770772,0.0935149304319,0.811238384985,468.639095863,4065.42593266
272.5,0.803571428571,882,45.496008389,73.7826259627,46.8635563242,14277763.4934,3.87259280994,7.25327372789,0.823268547438,0.0317497864154,8623.5451838,-338.886867067,-950.708771441,0.924928995775,0.0957734984257,0.818294926746,480.620224002,4106.45008752
273,0.803571428571,882,33.0004776943,54.7316222099,46.8887932454,14285452.3421,3.97747720894,7.25327372789,0.830894655282,0.0320219976447,8710.88590835,-756.426497303,-707.785197838,0.923152093755,0.0981939588452,0.825693213582,493.297694084,4148.04090874
273.5,0.803571428571,882,13.1621850198,43.5279989079,46.8706016018,14279909.9547,4.09376154076,7.25327372789,0.839368981032,0.0323237956356,8790.72002604,-1023.51959799,-289.889697096,0.921248754834,0.100912592819,0.833907526464,506.562020151,4186.05715526
274,0.803571428571,882,-9.60475591951,42.664615099,46.8032829858,14259400.2164,4.14119822585,7.25327372789,0.841590781282,0.0324469102121,8787.86794287,-1049.04301065,212.859831761,0.919136511202,0.101834838371,0.836036787955,509.724158691,4184.69902041
274.5,0.803571428571,882,-30.2345933524,52.333577754,46.738759549,14239742.0759,4.06637141483,7.25327372789,0.834267131303,0.0322527088017,8688.9122784,-815.655972422,654.721769979,0.918274396397,0.0997791770231,0.828906508257,498.058648713,4137.57727543
275,0.803571428571,882,-44.1370911208,70.3834970651,46.7167223915,14233028.0886,3.93364454574,7.25327372789,0.823894958871,0.0319082367494,8575.25559325,-410.80907331,924.319567156,0.919634193983,0.0965862578994,0.818835840454,481.666315218,4083.45504441
275.5,0.803571428571,882,-48.2188778805,92.7981808278,46.7189960028,14233720.7822,3.82214541386,7.25327372789,0.816277612672,0.0316188580045,8498.7431492,57.1019957829,983.99436308,0.922044431828,0.094108779331,0.811450818463,469.357051546,4047.02054724
276,0.803571428571,882,-41.5717368202,114.590256155,46.7257747839,14235786.0508,3.70678860464,7.25327372789,0.80793086995,0.0313194672549,8416.2672527,488.070072688,825.120343761,0.924066775549,0.0915056129855,0.803342966882,456.506495954,4007.74631081
276.5,0.803571428571,882,-25.6746881862,130.910883473,46.7309669903,14237367.943,3.56514841607,7.25327372789,0.797282598462,0.030951862061,8309.5738245,783.686473152,491.822814023,0.926156003376,0.0882948937694,0.792982705555,440.586644734,3956.93991643
277,0.803571428571,882,-4.06490030023,138.128646205,46.736389965,14239020.1427,3.54214973552,7.25327372789,0.797455004822,0.0308921725441,8313.56723421,919.723293082,77.6789663734,0.92871580484,0.0880612497915,0.793179694221,439.522766767,3958.8415401
277.5,0.803571428571,882,18.4493470803,134.637558091,46.7554639385,14244831.3466,3.5811885648,7.25327372789,0.801260716395,0.0309934917852,8359.35524905,863.486288555,-356.891347063,0.929130788774,0.0890700933599,0.796897641256,444.920947431,3980.64535669
278,0.803571428571,882,36.8585276933,121.214402706,46.7902595018,14255432.3949,3.66648745495,7.25327372789,0.80818424536,0.0312148718565,8442.6529696,618.383095318,-730.197872395,0.928426262811,0.0910821563176,0.803641825363,455.648994035,4020.3109379
278.5,0.803571428571,882,47.0665119999,100.845895452,46.8244817669,14265858.7783,3.74424703192,7.25327372789,0.813696655236,0.0314166848071,8511.34171269,219.268235092,-951.529642104,0.926885015544,0.092812395023,0.808996362265,464.98414347,4053.01986319
279,0.803571428571,882,46.8019753315,78.0641252911,46.85615357,14275508.121,3.84120681984,7.25327372789,0.820994905548,0.0316683289344,8597.57262617,-247.471155094,-970.363645602,0.925477984255,0.0950558165473,0.81608817522,476.867988814,4094.08220294
279.5,0.803571428571,882,36.123778345,57.9381435647,46.8863161761,14284697.6616,3.95069163347,7.25327372789,0.829053984248,0.031952479828,8691.15503334,-683.35121287,-769.925091372,0.923721232439,0.0975898638961,0.823910000079,490.211099526,4138.64525397
280,0.803571428571,882,17.4078702485,44.9460761597,46.8778959012,14282132.2846,4.07003167137,7.25327372789,0.837732002753,0.0322622084313,8776.7484687,-987.255574376,-381.454387897,0.921735021733,0.1003696443,0.832323070107,503.993354521,4179.40403271
280.5,0.803571428571,882,-5.18137110681,41.9787193689,46.8188558176,14264144.7391,4.14243127932,7.25327372789,0.842093412107,0.0324501104116,8798.91869236,-1065.94343723,115.012520586,0.9195676915,0.101929633366,0.836531334872,510.53821835,4189.96128208
281,0.803571428571,882,-26.6177329457,49.6963240779,46.7490855928,14242888.0773,4.08074385219,7.25327372789,0.835501815458,0.0322900102391,8705.33652043,-876.355232904,578.770770193,0.918251984115,0.100145379526,0.830106518078,500.107493812,4145.39834306
281.5,0.803571428571,882,-42.1315236245,66.3816868282,46.7178529405,14233372.5292,3.96683322461,7.25327372789,0.826562683301,0.0319943728302,8602.82080729,-498.764335446,889.72066841,0.919373055084,0.0973918006632,0.821428235747,485.706986432,4096.5813368
282,0.803571428571,882,-48.2708515246,88.322235688,46.7181115337,14233451.3139,3.83845945025,7.25327372789,0.817173827308,0.0316611985617,8507.4830185,-34.3555455715,988.441241403,0.921442000549,0.0944358667442,0.812316048471,470.970530542,4051.18238976
282.5,0.803571428571,882,-43.6696872237,110.636095023,46.7230530598,14234956.8322,3.71575676996,7.25327372789,0.808460138665,0.0313427427404,8420.65373497,410.358955312,868.39332772,0.923771041591,0.091688654829,0.803855306575,457.366374878,4009.83511189
283,0.803571428571,882,-29.3518114864,128.358325856,46.7297611884,14237000.5754,3.59247791915,7.25327372789,0.79954950673,0.0310227915576,8332.30006743,740.137977617,566.353976827,0.925993710968,0.0889421356487,0.795192507394,443.793442632,3967.76193687
283.5,0.803571428571,882,-8.50301921456,137.545648216,46.7345632213,14238463.5948,3.54223053464,7.25327372789,0.797038486687,0.0308923822457,8308.59962147,907.881617984,162.3646986,0.928222421769,0.08800020939,0.792767716099,439.183773854,3956.47601022
284,0.803571428571,882,14.2377349489,136.153839532,46.7502989459,14243257.7455,3.57044898337,7.25327372789,0.800310536588,0.0309656188633,8347.78630174,889.978885086,-274.544514703,0.929129331201,0.088806491833,0.795970622281,443.506208035,3975.13633416
284.5,0.803571428571,882,33.810525914,124.492583803,46.7819089781,14252888.2687,3.65652770649,7.25327372789,0.807473471808,0.0311890228705,8432.38589566,681.423282056,-667.948787712,0.928620134315,0.0908608911921,0.802951095194,454.379862545,4015.42185508
285,0.803571428571,882,45.8603153487,105.156565446,46.8188259387,14264135.636,3.74433594521,7.25327372789,0.813862587859,0.0314169155678,8511.00955115,306.428509157,-927.182884009,0.927065100938,0.092838681313,0.809160252207,465.003482206,4052.86169102
285.5,0.803571428571,882,47.7059682541,82.4481397698,46.8507982758,14273876.5414,3.82979994782,7.25327372789,0.819989557052,0.031638724163,8585.29548779,-156.066021374,-985.886978077,0.925476374403,0.0947680745489,0.815109130477,475.315800635,4088.23594656
286,0.803571428571,882,38.9368181512,61.4200386238,46.8819794163,14283376.3955,3.93293823434,7.25327372789,0.827679718737,0.0319064036274,8675.47253602,-606.384470146,-826.127143175,0.923928025046,0.0971664161334,0.822575481629,487.993760026,4131.1773981
286.5,0.803571428571,882,21.5040423097,46.7511137214,46.8836307886,14283879.5136,4.04187884855,7.25327372789,0.835556284961,0.0321891421356,8756.63147004,-941.519605756,-468.138700893,0.922057250492,0.0996904593168,0.830212176814,500.705400663,4169.82450955
287,0.803571428571,882,-0.713484399539,41.7052700596,46.8337513092,14268682.8989,4.1375325349,7.25327372789,0.842133157469,0.0324373964784,8805.00177712,-1072.14141484,15.8393301823,0.920079152705,0.101876982038,0.836577264889,510.599242854,4192.8579891
287.5,0.803571428571,882,-22.7722574637,47.4052316592,46.7580866937,14245630.4127,4.09834703412,7.25327372789,0.837120145271,0.0323356965741,8725.20562173,-930.841712463,497.65189388,0.918341024126,0.10061152778,0.83168086149,502.628849049,4154.85981987
288,0.803571428571,882,-39.7640958051,62.5827301723,46.7198444419,14233979.2733,3.98906757143,7.25327372789,0.828218369754,0.0320520786372,8620.38028497,-582.135216301,844.288313824,0.919053184059,0.0979125862257,0.823034707167,488.345851321,4104.94299284
288.5,0.803571428571,882,-47.9082352269,83.8607005739,46.7169679484,14233102.9016,3.86662759427,7.25327372789,0.819283008486,0.0317343046212,8528.52141943,-126.576903963,987.747244188,0.921038306725,0.0950884982717,0.814364716561,474.202118044,4061.20067592
289,0.803571428571,882,-45.3925662847,106.504694062,46.7231951964,14235000.1365,3.75137219893,7.25327372789,0.811140147117,0.0314351770756,8448.0002742,331.129062347,910.698365843,0.92326028053,0.0925052504282,0.806460964502,461.442569319,4022.85727343
289.5,0.803571428571,882,-32.7768371866,125.476315255,46.7304409789,14237207.6849,3.62560117805,7.25327372789,0.801907586419,0.0311087578511,8356.56685197,690.157912314,637.6421385,0.925348970162,0.0896709640226,0.797485203739,447.443086164,3979.31754856
290,0.803571428571,882,-12.8681071769,136.554288929,46.73349943,14238139.493,3.54780681233,7.25327372789,0.797016622254,0.0309068546117,8307.92756805,889.513128225,245.87101495,0.927624088074,0.0880597992917,0.792739680828,439.461162867,3956.15598479
290.5,0.803571428571,882,9.90383739015,137.273713678,46.7467693141,14242182.3844,3.56091397109,7.25327372789,0.799381486142,0.0309408722142,8337.00885331,908.905996746,-190.41569816,0.929028732093,0.0885600138779,0.795063030145,442.208498096,3970.00421586
291,0.803571428571,882,30.4721314126,127.474514102,46.7771913121,14251450.9531,3.64231651954,7.25327372789,0.806367902308,0.0311521399336,8419.38745694,737.503414397,-599.695593107,0.928792225321,0.090531845473,0.801875074216,452.643054557,4009.23212235
291.5,0.803571428571,882,44.2602324314,109.337058337,46.8110135485,14261755.4611,3.71596655187,7.25327372789,0.811586346257,0.0313432871969,8484.87712438,387.983130615,-888.047356601,0.927322002694,0.0921654139732,0.806945063527,461.477224131,4040.41767827
292,0.803571428571,882,48.200222919,86.8970158616,46.8446228511,14271995.0953,3.81303757791,7.25327372789,0.818968486053,0.0315952200255,8572.62915205,-63.8708637647,-992.138449365,0.92598991437,0.094415951,0.814121162526,473.42487137,4082.20435812
292.5,0.803571428571,882,41.4154364034,65.1474019967,46.8768501686,14281813.6847,3.91689057534,7.25327372789,0.826541437237,0.0318647544115,8661.93570375,-525.199895437,-875.215656152,0.924231851491,0.0968005050627,0.821471711176,486.049691603,4124.7312875
293,0.803571428571,882,25.4155198944,48.9276084395,46.8875983211,14285088.2885,4.01455916174,7.25327372789,0.833423901881,0.0321182381156,8736.2802206,-888.365029853,-549.71863658,0.922348470723,0.0990300774304,0.828142515036,497.472752628,4160.13343838
293.5,0.803571428571,882,3.76053030106,41.8466157798,46.8472910505,14272808.0067,4.12755998317,7.25327372789,0.841714308297,0.0324115142634,8805.88196065,-1067.66276622,-83.3789410384,0.920575379982,0.101690398344,0.836177341198,509.958833026,4193.27712412
294,0.803571428571,882,-18.7311950261,45.4799782918,46.7711888323,14249622.1976,4.11506792777,7.25327372789,0.83874592039,0.0323790930664,8746.70938287,-977.889211042,411.433616227,0.918522279629,0.101069263478,0.833263540915,505.198582368,4165.09970613
294.5,0.803571428571,882,-37.055141088,59.0192556747,46.7242932884,14235334.6885,4.0040689324,7.25327372789,0.82925520914,0.0320910123484,8632.5447839,-660.203040031,789.649097461,0.918749315389,0.0982520953627,0.82403917426,490.132508158,4110.73561138
295,0.803571428571,882,-47.1341434356,79.451894834,46.716502244,14232961.017,3.87524987144,7.25327372789,0.819795677009,0.0317566824075,8533.54205406,-217.881888962,973.603888539,0.920765893948,0.0952681374568,0.814860368962,475.088498574,4063.59145431
295.5,0.803571428571,882,-46.7255764947,102.231537158,46.7211579593,14234379.4583,3.76464687577,7.25327372789,0.812168070412,0.0314696294454,8457.73483531,246.197824696,940.497922912,0.923103902154,0.0928148801059,0.807460655515,462.946716761,4027.49277872
296,0.803571428571,882,-35.9203483373,122.289604756,46.7290987847,14236798.7631,3.64457398128,7.25327372789,0.803368392309,0.0311579988262,8370.98493281,631.176239297,702.147658631,0.925108571475,0.0901062121522,0.798907044145,449.589074049,3986.18330134
296.5,0.803571428571,882,-17.1226732064,135.163082958,46.7328404351,14237938.7192,3.55223963668,7.25327372789,0.79711290465,0.0309183593214,8308.63756146,863.537021753,327.39266801,0.927281197979,0.0881240921485,0.792829787587,439.769612691,3956.49407689
297,0.803571428571,882,5.48487749592,137.987562127,46.7432352039,14241105.6588,3.55370976463,7.25327372789,0.798676246159,0.030922174811,8328.5242673,920.548421616,-105.21674988,0.92894875306,0.0883734982374,0.794374000004,441.210446184,3965.96393681
297.5,0.803571428571,882,26.8720170783,130.134582322,46.7694395218,14249089.241,3.6128484084,7.25327372789,0.803877619196,0.0310756600106,8391.12162351,783.397596078,-524.522054626,0.9289222267,0.0898216001533,0.799447936663,448.943122551,3995.77220167
298,0.803571428571,882,42.2800060814,113.351468599,46.8037210207,14259533.671,3.70563485689,7.25327372789,0.811140751612,0.0313164728811,8477.73573118,467.435208428,-846.334926251,0.927854497182,0.0919788742898,0.806517158579,460.399728096,4037.01701485
298.5,0.803571428571,882,48.2804942587,91.372542944,46.8385098629,14270132.6716,3.78807078249,7.25327372789,0.816934849186,0.031530422571,8549.56341772,28.0645868044,-987.198344478,0.926176880462,0.0938141186608,0.812142614632,470.284372014,4071.2206751
299,0.803571428571,882,43.5383446811,69.088220008,46.8690033635,14279423.0248,3.88119033182,7.25327372789,0.823806734046,0.0317720999532,8631.03950774,-437.92470324,-911.759624544,0.924684261811,0.0959574365482,0.818815712946,481.655228699,4110.01881321
299.5,0.803571428571,882,29.1087080025,51.4568667798,46.8897609451,14285747.1679,4.0019517472,7.25327372789,0.832902534326,0.0320855175219,8731.82911869,-831.786197442,-628.185088211,0.922996153645,0.0987984856109,0.827644229946,496.355146633,4158.01386604
300,0.803571428571,882,8.20224646144,42.4015425356,46.8590943296,14276404.0724,4.11660509153,7.25327372789,0.840964382331,0.0323830825371,8802.67554363,-1053.28681995,-181.504161102,0.920804342388,0.101439621889,0.835451829548,508.957603869,4191.75025887
300.5,0.803571428571,882,-14.5292536146,43.9370996419,46.7853464475,14253935.551,4.12972661513,7.25327372789,0.840208424175,0.0324171374214,8766.96304344,-1016.47791467,320.619528972,0.918721379137,0.101477228892,0.834687629518,507.544940846,4174.7443064
301,0.803571428571,882,-34.0279262139,55.7218693978,46.72830896,14236558.1298,4.03494225609,7.25327372789,0.831711378636,0.0321711392832,8659.01959338,-736.181229693,730.80766436,0.918482900897,0.0990031728619,0.826424328852,493.964168567,4123.34266352
301.5,0.803571428571,882,-45.9552246903,75.1336849334,46.716224263,14232876.3255,3.91465297532,7.25327372789,0.822744550271,0.0318589470669,8563.42594208,-310.030669383,958.376639304,0.920205156592,0.0961850306352,0.817723686456,479.655204659,4077.82187718
302,0.803571428571,882,-47.6572688612,97.853325709,46.7199574489,14234013.7028,3.79169991885,7.25327372789,0.813912146843,0.0315398414329,8475.00495977,159.050202013,965.183225633,0.922389073112,0.093393654514,0.809151017841,465.809617714,4035.71664751
302.5,0.803571428571,882,-38.7553458684,118.825564463,46.7267848987,14236093.7991,3.66761975809,7.25327372789,0.804969202415,0.0312178105742,8386.44975519,566.557547268,761.724327264,0.924618509694,0.0906099813123,0.800462241346,452.057880907,3993.54750247
303,0.803571428571,882,-21.2301755761,133.383979128,46.7315744658,14237553.0206,3.55604641161,7.25327372789,0.797090272912,0.0309282392167,8307.9069486,829.846995425,406.089938456,0.926864540017,0.0881636269509,0.792803023478,439.943068346,3956.146166
303.5,0.803571428571,882,1.01880894357,138.289253756,46.7402555774,14240197.8659,3.54900713151,7.25327372789,0.798201787888,0.0309099698544,8322.60111127,924.920649613,-19.5140193027,0.928880063563,0.0882497426346,0.793910261521,440.536419313,3963.14338632
304,0.803571428571,882,23.0411036667,132.4499416,46.7627733429,14247058.2785,3.59876270953,7.25327372789,0.802706633098,0.0310391027586,8376.75494624,825.259562076,-447.936802859,0.929007076125,0.0894858937474,0.798306732741,447.137715918,3988.93092678
304.5,0.803571428571,882,39.9366441184,117.165317163,46.7984058796,14257914.3246,3.6930527911,7.25327372789,0.810252674805,0.0312838180762,8466.74503024,542.004506674,-796.819008734,0.928108923637,0.0916996398367,0.805654547779,458.897776852,4031.78334773
305,0.803571428571,882,47.9460928369,95.836281494,46.8321140111,14268184.0687,3.77816261092,7.25327372789,0.816262751306,0.0315047074448,8540.36764122,119.025824275,-977.818363712,0.92640452752,0.0935963847663,0.811490691579,469.064756578,4066.84173391
305.5,0.803571428571,882,45.2873096944,73.2086456579,46.8643672663,14278010.5605,3.87496299666,7.25327372789,0.823418943777,0.0317559378684,8625.37785968,-351.080082839,-946.88445703,0.924863759509,0.0958245043662,0.818440505427,480.892829772,4107.32279032
306,0.803571428571,882,32.5518864841,54.3171653827,46.8894728483,14285659.3944,3.98232209063,7.25327372789,0.831281271033,0.0320345717855,8715.10021059,-766.256291784,-699.022039459,0.923109105324,0.09831179771,0.826068735512,493.903998941,4150.04771933
306.5,0.803571428571,882,12.5735149546,43.3652841578,46.8687138739,14279334.8269,4.10067299248,7.25327372789,0.839894274059,0.0323417332392,8795.38061859,-1028.71071336,-277.357957582,0.921160788087,0.101078662631,0.834416852219,507.354788808,4188.27648504
307,0.803571428571,882,-10.2025229728,42.7898472255,46.8008960186,14258672.987,4.1394390286,7.25327372789,0.841322036859,0.0324423444878,8784.20820281,-1045.50443792,225.942565722,0.91901091613,0.101770936443,0.835773864102,509.35234603,4182.95628705
307.5,0.803571428571,882,-30.7084514043,52.7188920182,46.7368491755,14239160.0488,4.06211100785,7.25327372789,0.833924127383,0.0322416515746,8684.71125202,-806.398155902,664.230220709,0.918306371773,0.0996743668324,0.828573469841,497.494806077,4135.57678668
308,0.803571428571,882,-44.3816045191,70.9431592252,46.7156787655,14232710.1306,3.92986720827,7.25327372789,0.823633931907,0.0318984332545,8572.22290747,-398.72013217,928.581994723,0.919711598482,0.0965013889181,0.818582827678,481.221580654,4082.01090832
308.5,0.803571428571,882,-48.1796412405,93.4076634129,46.7187583473,14233648.3765,3.81991314733,7.25327372789,0.816142553815,0.0316130645021,8497.28800683,69.5044426444,982.696559342,0.922112984705,0.094062154362,0.811320137253,469.119741927,4046.3276223
309,0.803571428571,882,-41.2574804794,115.113946414,46.7253428905,14235654.4673,3.6985412328,7.25327372789,0.807241467121,0.0312980624774,8409.07647366,497.371776584,817.088084247,0.924107236319,0.0913067346627,0.802671436616,455.505903883,4004.32213032
309.5,0.803571428571,882,-25.1553356631,131.232257853,46.730048903,14237088.2325,3.56013332812,7.25327372789,0.796969287425,0.0309388461762,8306.06159599,788.888194828,481.291793726,0.926305231064,0.0881916566231,0.792678679544,440.054205754,3955.26742666
310,0.803571428571,882,-3.45600998148,138.17619739,46.7377730066,14239441.5093,3.54707896506,7.25327372789,0.797968104146,0.0309049655967,8319.31817562,922.065985024,66.1461348224,0.928806313123,0.0881931968396,0.793681404699,440.207380496,3961.58008363
310.5,0.803571428571,882,19.0122942261,134.400705718,46.7570174594,14245304.6526,3.58490990933,7.25327372789,0.801512807176,0.0310031499591,8362.48006711,859.732026814,-368.135550664,0.929041863531,0.0891499826382,0.797142556868,445.349601925,3982.13336529
311,0.803571428571,882,37.2502732704,120.745847545,46.7912172677,14255724.1942,3.66813799532,7.25327372789,0.80827147602,0.0312191555787,8443.8837696,609.340106739,-738.248814157,0.928359075122,0.0911142363558,0.803726079305,455.828138558,4020.89703314
311.5,0.803571428571,882,47.199890769,100.249893238,46.8244244055,14265841.3022,3.7442001762,7.25327372789,0.813666323151,0.0314165632003,8511.00606309,207.207010904,-954.170746369,0.926855168558,0.0928072364243,0.808966441047,464.957160047,4052.86003004
312,0.803571428571,882,46.6473098874,77.4732893275,46.8573842398,14275883.0651,3.84618603297,7.25327372789,0.821433880537,0.0316812517117,8602.52789246,-260.078424605,-968.487193866,0.925478832616,0.0951815622658,0.816515641006,477.523902508,4096.44185355
312.5,0.803571428571,882,35.7154824786,57.4839376412,46.8869896064,14284902.8334,3.95502301075,7.25327372789,0.829353404896,0.0319637212475,8694.46531203,-693.746732683,-762.007988616,0.923630956169,0.0976877114358,0.824200133901,490.716701046,4140.22157716
313,0.803571428571,882,16.8367917164,44.7295632372,46.8762491693,14281630.5803,4.07713177667,7.25327372789,0.838282846267,0.032280635656,8781.76658779,-993.62969201,-369.546604006,0.921656397788,0.100541601733,0.832857464459,504.821348112,4181.79361323
313.5,0.803571428571,882,-5.78816463696,42.0480745941,46.8167359311,14263498.8803,4.14311426895,7.25327372789,0.842034993867,0.0324518830054,8797.50551237,-1064.29635177,128.468720587,0.919438686641,0.101928560851,0.836472727643,510.486615158,4189.28833922
314,0.803571428571,882,-27.1252270506,50.036115586,46.7473981249,14242373.962,4.07981771695,7.25327372789,0.835409648026,0.0322876065984,8703.76671241,-868.681957483,589.612238075,0.918239569873,0.100119771794,0.830016747331,499.943519383,4144.65081543
314.5,0.803571428571,882,-42.4267984715,66.9163094056,46.7159669635,14232797.9349,3.95551628817,7.25327372789,0.825588357752,0.0319650014727,8592.20098873,-486.008086653,893.261286084,0.919389883138,0.0971067003702,0.820480460778,484.246050141,4091.52428035
315,0.803571428571,882,-48.2882070672,88.9327332888,46.7178347927,14233367.0002,3.83213131175,7.25327372789,0.816801386702,0.0316447748574,8503.61077028,-21.8238822693,987.415924257,0.921647443524,0.0943051184707,0.811955935826,470.312890812,4049.33846204
315.5,0.803571428571,882,-43.4052617717,111.186629051,46.7223151816,14234732.0253,3.7072336571,7.25327372789,0.807811708443,0.0313206223197,8413.78160364,420.392674421,861.262734935,0.923885762696,0.0914926483575,0.803224646645,456.374229642,4006.5626684
316,0.803571428571,882,-28.8644409505,128.726399892,46.7315367536,14237541.5309,3.59271621855,7.25327372789,0.799703672477,0.0310234100269,8334.52771054,747.513326187,557.153629655,0.926147950039,0.0889678958766,0.795344660664,443.955713677,3968.82271931
316.5,0.803571428571,882,-7.90114583833,137.649364051,46.7357855047,14238835.9838,3.54766946809,7.25327372789,0.797514891013,0.030906498156,8313.90626057,911.276586551,151.106512182,0.928218118534,0.0881324091774,0.793232558251,439.866552434,3959.00298122
317,0.803571428571,882,14.8201914997,135.970119903,46.7509974777,14243470.5649,3.57260867204,7.25327372789,0.800416823958,0.030971224001,8349.11166647,886.865256494,-285.914262641,0.929031210001,0.088846817052,0.79607320762,443.720854814,3975.76746022
317.5,0.803571428571,882,34.2439663088,124.062307195,46.7835710579,14253394.649,3.65976677801,7.25327372789,0.807725601598,0.0311974293794,8435.56215559,673.526902092,-677.11891656,0.928581150886,0.0909359857988,0.803196472579,454.78771181,4016.9343598
318,0.803571428571,882,46.0482970548,104.575470433,46.8185686521,14264057.2493,3.74447318535,7.25327372789,0.813823274199,0.0314172717533,8510.50555039,294.662996212,-930.929073111,0.927006537719,0.0928342828758,0.809121228566,464.976341168,4052.62169066
318.5,0.803571428571,882,47.606664455,81.8455227347,46.8516259503,14274128.7062,3.82985510891,7.25327372789,0.819992210147,0.0316388673251,8585.62571308,-168.527470734,-983.880448704,0.925473889549,0.0947691256065,0.815111682814,475.337866647,4088.39319671
319,0.803571428571,882,38.5723244106,60.9299846997,46.8826246856,14283572.9876,3.93300099633,7.25327372789,0.827684337416,0.0319065665165,8675.75861618,-616.808238317,-818.42844669,0.923927025115,0.0971678743785,0.82257996303,488.014517183,4131.31362675
319.5,0.803571428571,882,20.9554602047,46.4826622182,46.8820725333,14283404.7651,4.05080972959,7.25327372789,0.836338356018,0.0322123208555,8764.06926662,-949.483475317,-457.2169208,0.922056111445,0.0999201594389,0.830972587454,501.82573304,4173.36631744
320,0.803571428571,882,-1.32409276254,41.7181527036,46.8319929092,14268147.173,4.14007113802,7.25327372789,0.842206743038,0.03244398503,8805.06870105,-1072.21957484,29.4048023925,0.919916913211,0.101919247012,0.836646446997,510.772714843,4192.88985764
320.5,0.803571428571,882,-23.3090288431,47.6965820011,46.75631218,14245089.7775,4.09655641258,7.25327372789,0.836921714593,0.032331049293,8722.51329549,-923.919291046,509.076155603,0.918294882508,0.100558713563,0.831487340994,502.326873318,4153.57775976
321,0.803571428571,882,-40.1075960366,63.0877213865,46.7188636189,14233680.4492,3.98484630515,7.25327372789,0.827878744162,0.0320411229937,8616.56263151,-570.788399121,850.650770345,0.919085723324,0.0978096619957,0.822704757867,487.812026931,4103.12506262
321.5,0.803571428571,882,-47.9820338883,84.4669697328,46.7167076465,14233023.5963,3.86414864809,7.25327372789,0.81913404485,0.0317278708999,8526.91772094,-114.013671494,988.718222237,0.921114955382,0.0950366370741,0.814220657339,473.938207046,4060.43700997
322,0.803571428571,882,-45.1802428257,107.077343418,46.7225477237,14234802.8731,3.74191945752,7.25327372789,0.810349658847,0.0314106439479,8439.70277758,341.759948412,904.168586388,0.923305237152,0.0922761470581,0.805691200666,460.286979137,4018.90608456
322.5,0.803571428571,882,-32.3256345786,125.887927623,46.7303636149,14237184.1147,3.61958054867,7.25327372789,0.801526008799,0.031093132239,8352.66017761,697.185106399,627.981398641,0.925520126205,0.0895453485966,0.797115020683,446.814806794,3977.45722744
323,0.803571428571,882,-12.2784201288,136.713278617,46.7339337212,14238271.8071,3.5492134305,7.25327372789,0.797234188116,0.0309105052715,8310.31974776,893.056472147,234.736736287,0.927732871973,0.0881080374067,0.79295320403,439.710066763,3957.29511798
323.5,0.803571428571,882,10.500800728,137.14470473,46.7471940628,14242311.7911,3.56203339482,7.25327372789,0.799458545745,0.0309437775053,8337.945783,906.689254397,-201.95191034,0.929003354056,0.0885841626197,0.795137931345,442.337118677,3970.45037285
324,0.803571428571,882,30.9435438811,127.086211617,46.7779174237,14251672.1751,3.64554195624,7.25327372789,0.806635245166,0.0311605110555,8422.38365356,730.505868494,-609.510635132,0.928772023346,0.0906089510804,0.802135533546,453.042633446,4010.65888265
324.5,0.803571428571,882,44.5012025322,108.77586145,46.8121813132,14262111.2401,3.72034294174,7.25327372789,0.811921231387,0.0313546454396,8488.72516006,377.155815456,-893.907710953,0.92726370085,0.0922666624854,0.807270749353,462.007230861,4042.25007622
325,0.803571428571,882,48.1571336679,86.2877935278,46.8456834769,14272318.2326,3.81682936363,7.25327372789,0.819232306428,0.0316050610186,8575.71265543,-76.4828722768,-992.18508754,0.925910708286,0.0945005939166,0.814377117512,473.87074926,4083.67269306
325.5,0.803571428571,882,41.0978753621,64.6257090597,46.8778243201,14282110.4762,3.9203029286,7.25327372789,0.826779874409,0.0318736106464,8664.73320323,-536.67454424,-869.23349232,0.92416312926,0.0968776997305,0.821702865443,486.457515071,4126.06343011
326,0.803571428571,882,24.8941458927,48.609524039,46.8872442365,14284980.4107,4.01824024853,7.25327372789,0.83369080735,0.0321277918068,8738.87766976,-896.005804196,-538.89931663,0.922286550026,0.09911573772,0.828401248069,497.895542829,4161.37031893
326.5,0.803571428571,882,3.15135151414,41.8029151957,46.8459357546,14272395.0932,4.13113728035,7.25327372789,0.841966327672,0.0324207985847,8807.94129326,-1069.442931,-69.9251959655,0.92050852371,0.101773483089,0.836421283358,510.345957914,4194.25775869
327,0.803571428571,882,-19.292633444,45.7203851101,46.7695686138,14249128.571,4.11573207837,7.25327372789,0.838744558128,0.0323808167666,8746.07985214,-972.615740933,423.768793347,0.918457261702,0.101077004373,0.833261297716,505.202271906,4164.79992959
327.5,0.803571428571,882,-37.4439164403,59.4902782442,46.7238425919,14235197.3763,4.00074161715,7.25327372789,0.828953609609,0.0320823768165,8629.30337537,-649.580107645,797.215506147,0.918737245214,0.0981655258143,0.823745649656,489.691207132,4109.19208351
328,0.803571428571,882,-47.263751372,80.0487284107,46.7170503371,14233128.0027,3.87497279457,7.25327372789,0.819825212201,0.0317559632973,8534.0515518,-205.561379839,976.317635513,0.920826318256,0.0952694698595,0.814889899237,475.106291078,4063.83407229
328.5,0.803571428571,882,-46.567178638,102.821383455,46.7210988584,14234361.4522,3.76021908148,7.25327372789,0.811783798,0.0314581377904,8453.79221882,257.764804957,936.200041229,0.923108927615,0.0927052360602,0.80708629547,462.398658842,4025.61534229
329,0.803571428571,882,-35.5091889579,122.74122019,46.7287907259,14236704.9078,3.63764642757,7.25327372789,0.802828524767,0.0311400194325,8365.36797091,638.859203405,692.868868031,0.925188762158,0.0899462045497,0.798381501086,448.784791553,3983.50855757
329.5,0.803571428571,882,-16.550237206,135.375980964,46.7323043798,14237775.401,3.55216159039,7.25327372789,0.797213658014,0.0309181567643,8309.4919654,867.726861942,316.490907527,0.927406411548,0.0881382154866,0.792929507531,439.830002586,3956.90093591
330,0.803571428571,882,6.09122040656,137.914371894,46.7436815317,14241241.64,3.55386071696,7.25327372789,0.79869079209,0.0309225665844,8328.8322956,919.202232928,-116.855615083,0.928950161271,0.0883773701383,0.794388209215,441.238203107,3966.11061695
330.5,0.803571428571,882,27.3773527409,129.791589022,46.7706044318,14249444.1502,3.61841898083,7.25327372789,0.804367352918,0.0310901175694,8396.55306944,777.925316062,-535.227074549,0.928919502935,0.0899585173922,0.799925558411,449.649855891,3998.3586045
331,0.803571428571,882,42.5718949269,112.81498986,46.8044148695,14259745.0636,3.70419232128,7.25327372789,0.810925501856,0.0313127290032,8475.76892393,456.465443981,-851.746989052,0.927753858373,0.0919296520984,0.806306142617,460.166990026,4036.08043997
331.5,0.803571428571,882,48.2939896418,90.7619478162,46.8391515871,14270328.1835,3.7870136862,7.25327372789,0.816864764372,0.0315276790411,8549.08236028,15.5762671047,-987.259319077,0.926202982618,0.093791125825,0.812074665616,470.181993809,4070.99160013
332,0.803571428571,882,43.2704438154,68.539368788,46.8702624918,14279806.6392,3.88603804339,7.25327372789,0.824250087823,0.0317846814385,8636.05550633,-450.030078987,-907.382502207,0.92470341349,0.0960828575236,0.819247555834,482.310688557,4112.40738397
332.5,0.803571428571,882,28.6190200946,51.0918814536,46.8900234071,14285827.1314,4.00180240616,7.25327372789,0.83281007693,0.0320851299303,8730.96553486,-839.534037054,-617.52257303,0.922908220112,0.0987822264428,0.827553111007,496.279017686,4157.60263565
333,0.803571428571,882,7.59972938118,42.3016340601,46.8579098156,14276043.1905,4.11743945967,7.25327372789,0.841039921577,0.0323852480105,8803.00436531,-1055.67332997,-168.199297075,0.920807054421,0.10146163489,0.835525278265,509.042314363,4191.90684062
333.5,0.803571428571,882,-15.1105369743,44.1244981243,46.7835492794,14253388.0138,4.13050024637,7.25327372789,0.840262145557,0.0324191452616,8766.83552485,-1012.44258003,333.479753122,0.918706215324,0.101495052196,0.834739617255,507.595086451,4174.68358326
334,0.803571428571,882,-34.4586375631,56.1548777917,46.7269725914,14236150.9828,4.02910810617,7.25327372789,0.831189069599,0.0321559976497,8653.2006748,-725.729497013,738.884899054,0.918468839977,0.0988519023796,0.825916205799,493.181213191,4120.57174991
334.5,0.803571428571,882,-46.1395287217,75.7159568282,46.7168122065,14233055.4523,3.91386154613,7.25327372789,0.822770034408,0.0318568930349,8563.9157198,-297.878682384,962.19129669,0.920311129563,0.096179718337,0.817749871865,479.640786045,4078.05510467
335,0.803571428571,882,-47.5541570583,98.455302861,46.7198724474,14233987.8057,3.78406266427,7.25327372789,0.813254894607,0.0315200201203,8468.2696441,170.895061527,961.144825905,0.92240343377,0.093204885945,0.80851090562,464.866425215,4032.50935433
335.5,0.803571428571,882,-38.3877610938,119.313304116,46.7263330518,14235956.1365,3.65638866232,7.25327372789,0.804101982078,0.0311886620028,8377.44553302,574.487301565,752.330109106,0.924756876401,0.0903511929365,0.799618279027,450.758054556,3989.25977763
336,0.803571428571,882,-20.6799071765,133.648956908,46.7322444439,14237757.1406,3.55825065508,7.25327372789,0.797459243666,0.0309339599896,8311.94199329,835.695387217,395.933929689,0.927067614816,0.0882434517045,0.793165334858,440.354026018,3958.06761585
336.5,0.803571428571,882,1.6293236533,138.272510857,46.7405781253,14240296.1355,3.54865875855,7.25327372789,0.798136836019,0.0309090657063,8322.04687402,924.470220055,-31.2032908496,0.928840287672,0.0882361415915,0.793846435194,440.474603119,3962.87946382
337,0.803571428571,882,23.5760222832,132.155203395,46.7642673474,14247513.4518,3.60110608454,7.25327372789,0.80291909291,0.0310451846259,8379.46572413,820.117354212,-458.664730815,0.929013361471,0.0895443472909,0.798514046912,447.458383013,3990.2217734
337.5,0.803571428571,882,40.2769447259,116.658164294,46.7989251437,14258072.5271,3.69395189183,7.25327372789,0.810295077665,0.031286151553,8467.36200335,531.994736296,-803.773371328,0.928066600647,0.0917163936581,0.805695376244,458.991804526,4032.07714445
338,0.803571428571,882,48.0160569446,95.2295578674,46.8329836215,14268449.01,3.78067769589,7.25327372789,0.816469990419,0.0315112349586,8542.80755896,106.725528369,-979.918222065,0.92638826168,0.093657232166,0.811692383879,469.387128841,4068.0035995
338.5,0.803571428571,882,45.0713699584,72.6373501425,46.8650711433,14278225.0083,3.87606730208,7.25327372789,0.823475500942,0.0317588039222,8626.21106451,-363.117991867,-942.611034854,0.924818198281,0.0958461849924,0.818494979277,481.016082308,4107.71955453
339,0.803571428571,882,32.0980905143,53.908413926,46.8897479727,14285743.2157,3.98510416321,7.25327372789,0.831507453127,0.0320417922244,8717.52093445,-775.581778433,-689.764480684,0.923089075971,0.0983801462814,0.826288489495,494.253172121,4151.20044498
339.5,0.803571428571,882,11.9828344954,43.2100258874,46.8677775205,14279049.5512,4.0991981504,7.25327372789,0.839719027121,0.0323379055148,8793.22636576,-1031.63023771,-264.198786884,0.921110273341,0.101033214406,0.834245811634,507.10640297,4187.25065036
340,0.803571428571,882,-10.7986587326,42.9226278391,46.7992486425,14258171.0864,4.14154341748,7.25327372789,0.841530491534,0.0324478061035,8785.72251782,-1043.0893917,239.264977027,0.919037717415,0.101829400363,0.835976794848,509.609073486,4183.67738944
340.5,0.803571428571,882,-31.1773994456,53.1101672027,46.7354256156,14238726.3375,4.05772238143,7.25327372789,0.833506157167,0.0322302615738,8679.91744682,-796.940788012,673.5335836,0.918268122122,0.0995562650962,0.828166561675,496.875066499,4133.2940223
341,0.803571428571,882,-44.6190216902,71.5058684062,46.715656869,14232703.4594,3.93000701169,7.25327372789,0.823717563015,0.0318987960926,8573.07813983,-387.005079025,933.690123685,0.919791330231,0.096516026309,0.818665263387,481.294121459,4082.41816182
341.5,0.803571428571,882,-48.1327011008,94.0166011427,46.7188775036,14233684.6794,3.8170930073,7.25327372789,0.815893010002,0.031605745265,8494.78544423,81.8632257181,981.003100551,0.922110447534,0.0939911532666,0.811077055533,468.768026656,4045.13592582
342,0.803571428571,882,-40.9366274314,115.633621175,46.7251335006,14235590.6732,3.69121505381,7.25327372789,0.806642257777,0.0312790485134,8402.88800559,506.688943896,809.176993694,0.924158350861,0.0911322296611,0.80208791764,454.631268444,4001.37524076
342.5,0.803571428571,882,-24.6319610237,131.547039559,46.7317073614,14237593.5094,3.56418510348,7.25327372789,0.797440291458,0.0309493619322,8311.48280025,796.011926989,471.930971931,0.926437773693,0.0883075480398,0.793139747084,440.663751618,3957.8489525
343,0.803571428571,882,-2.84656707721,138.216045627,46.7380250464,14239518.2975,3.54710938024,7.25327372789,0.797907968493,0.0309050445346,8318.78420889,922.748557713,54.4770030555,0.928733190659,0.0881845906531,0.793621903638,440.169170896,3961.32581375
343.5,0.803571428571,882,19.5722014738,134.156754064,46.7580304962,14245613.2912,3.58741388942,7.25327372789,0.801733558293,0.031009648652,8365.10161837,855.634494952,-379.254568822,0.9290413148,0.0892114001466,0.797357901376,445.675725063,3983.38172303
344,0.803571428571,882,37.6360628572,120.272376395,46.7910936254,14255686.5245,3.66716725647,7.25327372789,0.808146416151,0.0312166361762,8442.55254914,599.755872761,-745.645119881,0.928313863752,0.091084239068,0.803603614791,455.675659336,4020.26311864
344.5,0.803571428571,882,47.3257226919,99.6522521563,46.8254396625,14266150.6172,3.74770804664,7.25327372789,0.813990927517,0.0314256673353,8514.705357,195.322992361,-957.683411303,0.926872722688,0.0928971978428,0.80928296243,465.428042238,4054.62159857
345,0.803571428571,882,46.4851859498,76.8844562745,46.8584004118,14276192.6588,3.85189844948,7.25327372789,0.821880223839,0.0316960774048,8607.47162078,-272.703286676,-966.537358689,0.925415318026,0.0953170923705,0.816949444924,478.224595549,4098.79600989
345.5,0.803571428571,882,35.3014760215,57.0349307493,46.887314795,14285001.9076,3.95782799946,7.25327372789,0.829506748281,0.0319710011617,8696.14528422,-703.747144547,-753.625383265,0.923527379656,0.0977447773118,0.824347953759,491.010172055,4141.02156391
346,0.803571428571,882,16.2630211297,44.5202886582,46.875827856,14281502.2201,4.07681869268,7.25327372789,0.838209094688,0.032279823095,8780.84530001,-998.052186932,-356.891970635,0.92160547942,0.100526203511,0.832785059787,504.734960319,4181.35490477
346.5,0.803571428571,882,-6.39403269062,42.1250969092,46.815080199,14262994.434,4.14547925343,7.25327372789,0.842246989637,0.0324580209567,8799.05034344,-1063.16009831,141.992567819,0.91944437532,0.101990764919,0.836678790545,510.762021068,4190.02397307
347,0.803571428571,882,-27.6283840709,50.3822969668,46.7456095521,14241829.0436,4.07795451358,7.25327372789,0.835207847729,0.0322827709423,8701.03743346,-860.625970495,600.178784579,0.918196582841,0.100065675663,0.829819972501,499.635158171,4143.35115879
347.5,0.803571428571,882,-42.7152896476,67.4546228615,46.7155531151,14232671.8491,3.94990567171,7.25327372789,0.825128196462,0.0319504399858,8587.36456468,-473.993133347,898.044590582,0.919423737608,0.0969690602181,0.820033153338,483.55110673,4089.22122128
348,0.803571428571,882,-48.2978417514,89.5434015362,46.7183321497,14233518.5283,3.8290883827,7.25327372789,0.816624915598,0.0316368774058,8502.00529774,-9.33071867782,986.980048917,0.921749288309,0.0942426785784,0.811785354833,470.011501589,4048.5739513
348.5,0.803571428571,882,-43.1338962013,111.733775523,46.7225139064,14234792.5701,3.70302096889,7.25327372789,0.807489795184,0.0313096889393,8410.57312523,430.795694217,854.977854094,0.92394092386,0.091395624445,0.802911518027,455.894143029,4005.03482154
349,0.803571428571,882,-28.3724552451,129.088281919,46.7317549562,14237608.01,3.58844402588,7.25327372789,0.799393192622,0.0310123222118,8331.44065193,753.701873783,547.078859246,0.92622417736,0.0888731274243,0.795042645247,443.4869543,3967.3526914
349.5,0.803571428571,882,-7.29800913857,137.745461173,46.7361628254,14238950.9408,3.54844034563,7.25327372789,0.797649224521,0.0309084988493,8315.42349212,913.426393456,139.619431944,0.928295263159,0.0881610979277,0.793364507331,440.016842091,3959.72547244
350,0.803571428571,882,15.4002784325,135.779050058,46.7517007727,14243684.8354,3.57370252418,7.25327372789,0.80050147983,0.030974062925,8350.22745767,883.454470384,-297.198059138,0.929017302054,0.0888718454383,0.796155642367,443.85920619,3976.29878937
350.5,0.803571428571,882,34.6719313955,123.626584324,46.7840385606,14253537.0815,3.65938587409,7.25327372789,0.807674791082,0.0311964408022,8435.20798318,664.836568861,-685.504292751,0.928561405671,0.0909239632853,0.803146698287,454.736673116,4016.76570628
351,0.803571428571,882,46.2289160443,103.992044932,46.8187109371,14264100.5988,3.74493223759,7.25327372789,0.813869788689,0.0314184631524,8511.03491217,282.907715409,-934.710908085,0.927013424731,0.0928466691204,0.809166638462,465.041206359,4052.8737677
351.5,0.803571428571,882,47.4997487701,81.2442095286,46.8522284723,14274312.2746,3.82904923422,7.25327372789,0.819913921566,0.031636775802,8585.04235099,-180.918463398,-981.474098471,0.925465577964,0.0947476957959,0.815035335738,475.242603368,4088.11540523
352,0.803571428571,882,38.2016632956,60.4445788146,46.8819698214,14283373.4723,3.93080153594,7.25327372789,0.8275041703,0.0319008581574,8673.66914909,-626.741939812,-810.091130412,0.923941633517,0.0971139310945,0.82240482793,487.729967549,4130.31864242
352.5,0.803571428571,882,20.4035275064,46.2211687536,46.8822978293,14283473.4053,4.05174384039,7.25327372789,0.836456473026,0.0322147451956,8765.37055587,-955.482546295,-445.311440716,0.922096028333,0.0999499192898,0.831087982532,501.980019547,4173.98597898
353,0.803571428571,882,-1.93448941479,41.738755189,46.830247622,14267615.4422,4.1421800227,7.25327372789,0.842375691692,0.0324494583139,8806.13739864,-1072.23175879,42.9790196193,0.919899943454,0.101971514666,0.836810362923,510.996567717,4193.39876126
353.5,0.803571428571,882,-23.8420733144,47.9946962864,46.7552169693,14244756.1033,4.09307614993,7.25327372789,0.836582870888,0.0323220168098,8718.64412671,-916.496879921,520.200638294,0.918256551027,0.100463508235,0.831157443657,501.827778271,4151.73529843
354,0.803571428571,882,-40.4446834172,63.5970156368,46.7181827774,14233473.0195,3.98094564812,7.25327372789,0.827594760457,0.0320309994419,8613.42699054,-559.452806052,856.982351552,0.919148965867,0.0977192638645,0.822429339172,487.346974197,4101.63190026
354.5,0.803571428571,882,-48.0481606458,85.0741235745,46.7169897971,14233109.5582,3.862287792,7.25327372789,0.819034013241,0.0317230413359,8526.01018441,-101.464251842,989.706247411,0.921185780028,0.094999533754,0.81412416423,473.758899082,4060.00484972
355,0.803571428571,882,-44.9606954444,107.647262257,46.7225512965,14234803.9617,3.73525677543,7.25327372789,0.809794247502,0.0313933519874,8434.03853621,352.549070036,898.204556413,0.923338983613,0.0921150869132,0.805150344097,459.483657743,4016.20882677
355.5,0.803571428571,882,-31.8692633868,126.293801829,46.730569543,14237246.8541,3.61543217035,7.25327372789,0.801265307499,0.031082365765,8350.08388146,704.397597563,618.52524218,0.925640749259,0.0894591743962,0.79686213524,446.388747599,3976.23041974
356,0.803571428571,882,-11.6867698697,136.864799264,46.7346853345,14238500.7986,3.55136329699,7.25327372789,0.79748828024,0.0309160849173,8313.19445012,896.613222555,223.590254494,0.92780781987,0.0881701061869,0.793201988022,440.033979508,3958.66402387
356.5,0.803571428571,882,11.0960850804,137.008157759,46.7475695773,14242426.1979,3.56206511017,7.25327372789,0.799427967393,0.0309438598176,8337.76228189,904.034837852,-213.393758757,0.92896456497,0.0885799627713,0.795107657934,442.323253279,3970.36299138
357,0.803571428571,882,31.4100087499,126.691979373,46.7785958789,14251878.8778,3.64683790627,7.25327372789,0.806749210899,0.0311638744933,8423.79479406,723.016494425,-618.93511345,0.92877145098,0.0906409257595,0.802246657168,453.215652461,4011.33085432
357.5,0.803571428571,882,44.7350572833,108.211662468,46.8130619219,14262379.5322,3.72459621287,7.25327372789,0.812275763707,0.0313656841468,8492.67503172,366.244213201,-899.64086946,0.927240274761,0.0923695258162,0.807615993618,462.539700498,4044.13096749
358,0.803571428571,882,48.1063445159,85.6791647432,46.8465546421,14272583.6476,3.82014906677,7.25327372789,0.819456473261,0.0316136767945,8578.32053522,-89.0946619392,-991.942123924,0.925833725197,0.0945736816525,0.814594472647,474.254884253,4084.91454058
358.5,0.803571428571,882,40.7737431329,64.108073248,46.8785865353,14282342.6977,3.9234149287,7.25327372789,0.826999526778,0.0318816873612,8667.26087311,-548.040554936,-863.035996798,0.924102960236,0.0969484661193,0.821915843744,486.828689278,4127.26708243
359,0.803571428571,882,24.3687915366,48.2980576106,46.8875446359,14285071.9324,4.02457457071,7.25327372789,0.834195288852,0.0321442315599,8744.15707782,-904.167812912,-528.356131262,0.922230077653,0.0992703170994,0.828891087966,498.678442908,4163.88432277
359.5,0.803571428571,882,2.54166885391,41.7669209003,46.8441455258,14271849.6702,4.13294116238,7.25327372789,0.842018983131,0.0324254802814,8807.78960149,-1070.47609955,-56.4093317668,0.920393474667,0.101803562674,0.836470809026,510.457776056,4194.18552452
360,0.803571428571,882,-19.8509871401,45.9678718483,46.7681228925,14248688.1079,4.11280251329,7.25327372789,0.838458750554,0.0323732135337,8742.6189741,-966.350346158,435.659349199,0.918424475433,0.100996583682,0.832983067907,504.769105983,4163.15189243
360.5,0.803571428571,882,-37.8267048405,59.9661790491,46.7236122636,14235127.203,3.99653340337,7.25327372789,0.828633957916,0.0320714550488,8625.96865063,-638.79158381,804.539014031,0.918790486376,0.0980657620051,0.823435438127,489.188719999,4107.60411935
361,0.803571428571,882,-47.3858022515,80.647153108,46.7169858633,14233108.3597,3.87534524421,7.25327372789,0.819925866634,0.0317569299327,8535.06453513,-193.239648767,979.040487815,0.920902737392,0.0952893614499,0.814988875365,475.204178253,4064.3164453
361.5,0.803571428571,882,-46.4013351001,103.409179726,46.7218622078,14234594.0193,3.75890365877,7.25327372789,0.811662383852,0.0314547238143,8452.82838549,269.492932281,932.557554853,0.923102172333,0.0926715679732,0.806967908594,462.245832266,4025.15637404
362,0.803571428571,882,-35.0923519723,123.187600592,46.7288382687,14236719.3925,3.63320507418,7.25327372789,0.80245842374,0.0311284925869,8361.60603221,646.8064476,683.928910566,0.925212584448,0.0898400839493,0.798020841957,448.256217065,3981.71715819
362.5,0.803571428571,882,-15.9751549686,135.58162375,46.7332139856,14238052.5276,3.55521264416,7.25327372789,0.797551764518,0.0309260753023,8313.2823935,872.531578797,305.7992682,0.927486679403,0.0882229740479,0.793260326796,440.270105826,3958.70590166
363,0.803571428571,882,6.69658938477,137.833520575,46.7440956448,14241367.8064,3.5541785034,7.25327372789,0.798671530716,0.03092339135,8328.77632028,917.674911566,-128.472502078,0.928895108541,0.0883780917341,0.79436879534,441.249623951,3966.08396204
363.5,0.803571428571,882,27.8783110062,129.442233398,46.7720609168,14249887.8926,3.62464570339,7.25327372789,0.804912437785,0.0311062780644,8402.65588506,772.453318802,-545.980589941,0.928913768807,0.0901113223974,0.80045710854,450.441691602,4001.26470717
364,0.803571428571,882,42.8569769018,112.274863206,46.8051126915,14259957.6667,3.70399472514,7.25327372789,0.810809732616,0.031312216173,8474.82124501,445.576210502,-857.291431376,0.927641352913,0.0919098359985,0.806191949496,460.081516408,4035.62916429
364.5,0.803571428571,882,48.2997632419,90.1512308597,46.8388165877,14270226.1204,3.78590778879,7.25327372789,0.816770510705,0.0315248088555,8547.99394351,3.0906238616,-987.076322372,0.926206558,0.0937638726637,0.811982892008,470.038648033,4070.47330643
365,0.803571428571,882,42.9956243875,67.9939489337,46.8713926672,14280150.9659,3.89094778519,7.25327372789,0.824699702338,0.0317974239137,8641.08866794,-462.1007126,-902.856610134,0.92472344901,0.0962100494865,0.81968548943,482.972449614,4114.80412759
365.5,0.803571428571,882,28.1247562579,50.7331171923,46.8898310478,14285768.5259,4.00504320763,7.25327372789,0.833014112565,0.0320935409291,8732.9748724,-847.872764139,-607.285659671,0.922819156533,0.0988527042123,0.82775035486,496.629021221,4158.55946305
366,0.803571428571,882,6.99599717122,42.2093521327,46.8562549754,14275539.0159,4.11904503454,7.25327372789,0.841126751167,0.0323894150317,8803.26278121,-1057.98583606,-154.876869148,0.920748200724,0.101494712697,0.835608825366,509.172302851,4192.02989581
366.5,0.803571428571,882,-15.6894042924,44.3192316948,46.7815974405,14252793.3535,4.12767019081,7.25327372789,0.839988213502,0.0324118002903,8763.30420223,-1007.29118923,345.961753586,0.918677035406,0.101417563381,0.834473008226,507.165229742,4173.00200106
367,0.803571428571,882,-34.88383928,56.5932977221,46.7260645896,14235874.345,4.02495153142,7.25327372789,0.830872547209,0.0321452099031,8649.64678826,-715.583559357,747.224364391,0.918520276605,0.0987529252356,0.825609086664,492.668259449,4118.87942298
367.5,0.803571428571,882,-46.3164554495,76.3005126155,46.7167857133,14233047.3807,3.90909443971,7.25327372789,0.82242028451,0.0318445207477,8560.35122923,-285.361175016,964.774650225,0.920386627829,0.0960696683176,0.817410433445,479.091431757,4076.3577282
368,0.803571428571,882,-47.4434417652,99.0559280847,46.7199818305,14234021.131,3.77681403293,7.25327372789,0.812695262542,0.0315012074193,8462.60988306,182.703233785,957.170833433,0.922489931451,0.0930356873294,0.807966754706,464.024707101,4029.81423003
368.5,0.803571428571,882,-38.0140384549,119.79635683,46.7262529028,14235931.7177,3.64863844144,7.25327372789,0.803534497182,0.0311685475037,8371.63540361,582.82943883,743.57079379,0.924888188579,0.0901774674732,0.799066449599,449.889802618,3986.49304934
369,0.803571428571,882,-20.1263322421,133.906955605,46.7328863965,14237952.7221,3.55970778221,7.25327372789,0.797708249117,0.0309377417376,8314.73310878,841.168166162,385.57968209,0.927207726688,0.0882969950686,0.793409878458,440.633324612,3959.39671847
369.5,0.803571428571,882,2.23957784856,138.248049609,46.7410594911,14240442.7916,3.54920870577,7.25327372789,0.798162816592,0.0309104930092,8322.48096576,924.126306522,-42.8960926325,0.928813992602,0.0882462172308,0.793871491812,440.533974374,3963.08617417
370,0.803571428571,882,24.1071713018,131.853724946,46.7651386633,14247778.9127,3.60306742887,7.25327372789,0.803083793517,0.0310502749916,8381.46271413,814.70966281,-469.261587304,0.9290034393,0.089591318932,0.798674586148,447.709786141,3991.17272101
370.5,0.803571428571,882,40.6108054052,116.14674902,46.800044523,14258413.5647,3.69653238226,7.25327372789,0.810491884589,0.0312928488166,8469.778878,522.15212189,-811.000181987,0.928031175915,0.0917758569048,0.805886796927,459.311358137,4033.22803714
371,0.803571428571,882,48.0783437084,94.6219980806,46.8337953952,14268696.3304,3.78312943245,7.25327372789,0.81664482358,0.0315175980615,8544.89025669,94.3852071879,-981.801453186,0.926341576078,0.09371240762,0.811862125933,469.679936569,4068.99536033
371.5,0.803571428571,882,44.8482237078,72.0688307617,46.8657514328,14278432.2699,3.87733079304,7.25327372789,0.823547068393,0.0317620831175,8627.1897835,-375.119961747,-938.224593059,0.924773783063,0.0958720531158,0.81856408009,481.159873375,4108.18561119
372,0.803571428571,882,31.639162343,53.5054331957,46.8902755427,14285903.9487,3.98943603504,7.25327372789,0.831867065622,0.0320530349274,8721.4045131,-785.117175082,-680.661587076,0.923066159077,0.0984877752265,0.826637992138,494.805024641,4153.04976814
372.5,0.803571428571,882,11.3902380865,43.0622489212,46.8665565171,14278677.5522,4.10126095264,7.25327372789,0.839827995825,0.0323432591988,8793.87281134,-1035.26477748,-251.224484068,0.921031616128,0.101075221565,0.834350614893,507.290812507,4187.55848159
373,0.803571428571,882,-11.3930678821,43.0629357093,46.7968426076,14257438.0478,4.13829065147,7.25327372789,0.841211893846,0.0324393640526,8781.56042158,-1038.95676918,252.186735083,0.919000231474,0.10173961304,0.835666688236,509.107377127,4181.69543885
373.5,0.803571428571,882,-31.6413624957,53.5073407462,46.7341980025,14238352.3248,4.05499998405,7.25327372789,0.833322074608,0.0322231960126,8677.59421179,-787.833093822,683.099368954,0.918327244667,0.099494884241,0.827988395088,496.542634284,4132.1877199
374,0.803571428571,882,-44.8493046733,72.0715346357,46.7154882087,14232652.0743,3.92834847632,7.25327372789,0.823616776711,0.0318944916207,8571.99587765,-375.028867863,938.160830517,0.919840789058,0.0964809186903,0.818567826026,481.115577132,4081.90279888
374.5,0.803571428571,882,-48.0780649667,94.6248966534,46.7191180931,14233757.979,3.81420425616,7.25327372789,0.815666318999,0.0315982479584,8492.56435822,94.1935379336,979.187942052,0.922140546628,0.0939228876115,0.810856636161,468.432385596,4044.07826582
375,0.803571428571,882,-40.6092289777,116.149197346,46.7253126487,14235645.2536,3.68730183114,7.25327372789,0.806344024041,0.0312688923494,8399.91307526,516.374487312,801.92020872,0.924210707009,0.0910423823742,0.801797800787,454.186530128,3999.95860727
375.5,0.803571428571,882,-24.104647951,131.85517826,46.7317762885,14237614.5092,3.56407251914,7.25327372789,0.79749130502,0.030949069737,8312.03728724,801.97556084,461.862530829,0.92650856369,0.0883138852996,0.793190320266,440.696675208,3958.11299393
376,0.803571428571,882,-2.23666903198,138.248184542,46.7385567435,14239680.2879,3.54787512976,7.25327372789,0.797977345199,0.030907031919,8319.68335343,923.583238616,42.8150830515,0.928735222553,0.0882035576633,0.793689624784,440.273860864,3961.75397782
376.5,0.803571428571,882,20.128979299,133.905742134,46.7588059177,14245849.5363,3.5896379026,7.25327372789,0.801918122915,0.0310154207341,8367.26634869,851.302788086,-390.287360275,0.929027499535,0.0892642459974,0.797537790057,445.954519252,3984.41254699
377,0.803571428571,882,38.0158347696,119.794064959,46.7919903245,14255959.7189,3.66806730553,7.25327372789,0.808190909157,0.0312189721143,8443.32690844,590.412559075,-753.338838548,0.928273705524,0.0911012678983,0.80364651984,455.778319524,4020.63186116
377.5,0.803571428571,882,47.4439876491,99.0530677645,46.8270998858,14266656.4319,3.75399387376,7.25327372789,0.814530675371,0.031441981227,8520.84094416,183.516406181,-961.745823043,0.92685644687,0.0930521115825,0.809808695825,466.237241557,4057.54330674
378,0.803571428571,882,46.3156294409,76.2977202812,46.8593840475,14276492.3398,3.85972423001,7.25327372789,0.82246775451,0.0317163880074,8613.8452367,-285.459263589,-964.892393396,0.925301496505,0.0954992129674,0.817520052843,479.158446425,4101.83106509
378.5,0.803571428571,882,34.8818251697,56.5911946812,46.887767948,14285139.9682,3.96161464502,7.25327372789,0.829711798273,0.0319808288144,8698.39804597,-713.794000643,-745.26572561,0.923385472364,0.0978215322584,0.824545565407,491.405240569,4142.09430761
379,0.803571428571,882,15.6866502295,44.318285884,46.8751490925,14281295.4235,4.08005408271,7.25327372789,0.838430109731,0.0322882200492,8782.84616125,-1003.19062367,-344.485769228,0.921536739139,0.100599860909,0.832998947204,505.090161146,4182.30769583
379.5,0.803571428571,882,-6.99887839486,42.2097739991,46.8127666137,14262289.5616,4.14404875246,7.25327372789,0.842068068442,0.0324543083128,8796.34374088,-1060.69935762,155.339416418,0.919385588337,0.101945071814,0.836504104204,510.482733954,4188.7351147
380,0.803571428571,882,-28.1271235563,50.7348128688,46.7436291867,14241225.6922,4.07689267784,7.25327372789,0.835138779304,0.032280015112,8699.60003143,-852.695030037,610.817373304,0.918222584332,0.100042108304,0.829753190195,499.475161683,4142.66668163
380.5,0.803571428571,882,-42.9969510257,67.9965411243,46.7153785737,14232618.6721,3.94418411321,7.25327372789,0.824645238764,0.031935590566,8582.38172226,-461.91706699,902.631973431,0.919443031024,0.0968266573292,0.819563450986,482.83738483,4086.84843917
381,0.803571428571,882,-48.2997540366,90.1541427896,46.7186027059,14233600.9577,3.82661659246,7.25327372789,0.816500233392,0.0316304622567,8500.84568863,3.14838898819,986.529529476,0.921853141338,0.0941948397587,0.811665232368,469.778358721,4048.02175649
381.5,0.803571428571,882,-42.8556339012,112.277446957,46.7228834683,14234905.1633,3.70108741143,7.25327372789,0.807359055542,0.0313046706901,8409.37678968,441.376422403,849.085912203,0.923985730041,0.0913536847479,0.802784610749,455.692150668,4004.46513794
382,0.803571428571,882,-27.8759330343,129.443914074,46.7313713105,14237491.1259,3.5834369756,7.25327372789,0.798982343416,0.0309993271875,8327.10789635,759.536636691,536.782236719,0.926259162741,0.0887550972002,0.794642231509,442.890698199,3965.28947445
382.5,0.803571428571,882,-6.69370555151,137.833924217,46.7366871647,14239110.6895,3.54924343773,7.25327372789,0.797797809357,0.0309105831506,8317.14040899,915.46295752,128.106559963,0.928385669069,0.0881922751339,0.793510511192,440.182325989,3960.5430519
383,0.803571428571,882,15.9779029967,135.580660546,46.7524312904,14243907.3998,3.57565253352,7.25327372789,0.800661269367,0.0309791238725,8352.12177592,880.108216166,-308.514258811,0.929002812661,0.0889177963564,0.796311371181,444.102580552,3977.20084567
383.5,0.803571428571,882,35.0943527461,123.185484859,46.7850286508,14253838.729,3.66042166376,7.25327372789,0.807735633314,0.031199129034,8436.18373619,656.295090933,-694.045951852,0.928526204805,0.09094499858,0.803205606436,454.861128459,4017.23035057
384,0.803571428571,882,46.4021434379,103.406382225,46.8201305818,14264533.1173,3.74467592718,7.25327372789,0.813830751625,0.0314177979384,8511.14852818,271.056533386,-938.180333118,0.926994696814,0.0928377641963,0.809128370444,465.024804093,4052.92787056
384.5,0.803571428571,882,47.3852382943,80.6442962962,46.8525390905,14274406.9096,3.8280888247,7.25327372789,0.819833507819,0.0316342832077,8584.33190224,-193.268804908,-978.877555917,0.925470218719,0.0947241398277,0.814957082152,475.130749502,4087.7770963
385,0.803571428571,882,37.8248940716,59.9638985806,46.8820781461,14283406.4752,3.9329729631,7.25327372789,0.827710556963,0.0319064937606,8675.82989077,-637.316384875,-802.581680338,0.923959043035,0.0971716203258,0.822605899964,488.021952232,4131.34756703
385.5,0.803571428571,882,19.848332464,45.966675138,46.8819517211,14283367.9577,4.0561424064,7.25327372789,0.836806412881,0.0322261609931,8768.82374897,-962.058077458,-433.65447944,0.922056620211,0.100057598699,0.831427672762,502.513399815,4175.63035665
386,0.803571428571,882,-2.54457675925,41.7670742219,46.8282693968,14267012.7429,4.1428034334,7.25327372789,0.842357048027,0.0324510762799,8805.19078103,-1071.55977766,56.5312193361,0.919820034349,0.101976056182,0.836791104565,510.976153502,4192.94799097
386.5,0.803571428571,882,-24.3713056485,48.2995268493,46.7535780479,14244256.7786,4.08939803836,7.25327372789,0.836251365628,0.0323124708403,8714.65130046,-908.90944294,531.200443713,0.918245219726,0.100367142182,0.830835049247,501.311270788,4149.8339526
387,0.803571428571,882,-40.7753040496,64.1105314913,46.7182501094,14233493.5333,3.97922238887,7.25327372789,0.827504301131,0.0320265269891,8612.53951902,-548.380078731,863.685727558,0.919215802276,0.0976848089988,0.822342231016,487.176544647,4101.20929477
387.5,0.803571428571,882,-48.1066049261,85.6820650203,46.7170792954,14233136.8253,3.85866577466,7.25327372789,0.818744525073,0.0317136409503,8523.09509651,-88.8608049599,990.008339112,0.921217068668,0.0949127178492,0.813842692631,473.32776517,4058.61671262
388,0.803571428571,882,-44.7339592445,108.214359454,46.7225268066,14234796.5004,3.7295150024,7.25327372789,0.809347650154,0.0313784501039,8429.47881071,363.349251874,892.375637255,0.923404666441,0.0919812601673,0.804715896276,458.815629189,4014.03752891
388.5,0.803571428571,882,-31.4077965808,126.693872975,46.7308529616,14237333.2023,3.61218351415,7.25327372789,0.801069284453,0.0310739343805,8348.19418806,711.643585213,609.125043228,0.925744689976,0.0893929359473,0.796672135131,446.063637677,3975.33056574
389,0.803571428571,882,-11.0932509992,137.008826642,46.7352101224,14238660.684,3.55209254955,7.25327372789,0.797603072905,0.0309179775795,8314.56204592,899.647195279,212.300813715,0.92786650855,0.0881954238155,0.793314660436,440.170218434,3959.31525996
389.5,0.803571428571,882,11.6895952666,136.864094598,46.747986644,14242553.2642,3.5630826769,7.25327372789,0.799506536649,0.0309465007546,8338.71339563,901.516675487,-224.870770531,0.928951406993,0.0886031867803,0.795184169451,442.447116796,3970.81590268
390,0.803571428571,882,31.8714514352,126.291880406,46.7793622134,14252112.3544,3.6488701479,7.25327372789,0.806912750516,0.031169148862,8425.74305563,715.533627464,-628.380095019,0.928753086777,0.0906887919206,0.802405910875,453.469846355,4012.25859792
390.5,0.803571428571,882,44.9617592933,107.644551602,46.8138064174,14262606.3552,3.72861176075,7.25327372789,0.812597650321,0.03137610588,8496.23939121,355.216431553,-905.160757406,0.92720353808,0.0924647378402,0.807929250358,463.031201349,4045.82828153
391,0.803571428571,882,48.0478635837,85.071226822,46.8474728004,14272863.3799,3.82329910442,7.25327372789,0.81966946013,0.0316218522298,8580.83164386,-101.708791395,-991.502338961,0.925761040106,0.094643100084,0.814800987367,474.621598032,4086.1103066
391.5,0.803571428571,882,40.4430915419,63.5945773271,46.8793837411,14282585.5798,3.92651763909,7.25327372789,0.827221077988,0.0318897399659,8669.82148791,-559.337645679,-856.693107595,0.924045863963,0.0970194414651,0.822130704548,487.20166346,4128.48642282
392,0.803571428571,882,23.8395408257,47.993258955,46.8867938494,14284843.1928,4.02777151134,7.25327372789,0.834424717256,0.0321525287247,8746.22251298,-911.427025962,-517.250356836,0.922173772072,0.0993444183949,0.829113430361,499.034704327,4164.86786332
392.5,0.803571428571,882,1.93157980325,41.7386386489,46.8426379344,14271390.3573,4.13528780358,7.25327372789,0.842171241229,0.0324315706256,8808.77171579,-1071.58665056,-42.8884530753,0.920335407163,0.101856012308,0.836617928976,510.68789344,4194.653198
393,0.803571428571,882,-20.4061668384,46.2223989355,46.766199204,14248102.0242,4.10932426835,7.25327372789,0.838116038445,0.0323641862871,8738.39790659,-959.772364059,447.381183793,0.91838182387,0.100900603173,0.832649387637,504.247922147,4161.14186028
393.5,0.803571428571,882,-38.2034450843,60.4468819971,46.7230490551,14234955.6121,3.99752507374,7.25327372789,0.828777619394,0.0320740287758,8627.23347373,-628.771566136,812.815757549,0.918853698016,0.0980999679194,0.823576032935,489.347554452,4108.20641606
394,0.803571428571,882,-47.5002765591,81.247073243,46.7168406589,14233064.1207,3.87478536324,7.25327372789,0.819860802465,0.0317554768483,8534.34566973,-180.812079797,981.228797405,0.920884729374,0.0952727824915,0.814925298812,475.118546147,4063.97412844
394.5,0.803571428571,882,-46.228072398,103.994831988,46.7223803149,14234751.8693,3.7573835584,7.25327372789,0.811537870224,0.031450778629,8451.74626864,281.158642535,928.730126513,0.923112327129,0.0926350755494,0.806846707288,462.074055909,4024.6410803
395,0.803571428571,882,-34.6699040292,123.628674589,46.7290408795,14236781.1213,3.62977061063,7.25327372789,0.802180109334,0.0311195789682,8358.83784073,654.818653852,675.093507641,0.925240112872,0.0897592446537,0.797749731435,447.856753877,3980.39897178
395.5,0.803571428571,882,-15.3975184448,135.779978438,46.7337039667,14238201.8085,3.5558456057,7.25327372789,0.797660967238,0.0309277180561,8314.58075432,876.579405419,294.826429019,0.927548745393,0.0882463811008,0.793367581025,440.396151609,3959.32416872
396,0.803571428571,882,7.30088763741,137.745021099,46.7443844787,14241455.8045,3.55416101858,7.25327372789,0.798660165912,0.0309233459708,8328.76163054,915.968798221,-140.064557965,0.928883687044,0.0883762014865,0.794357577513,441.245639322,3966.07696693
396.5,0.803571428571,882,28.3748117755,129.086571309,46.7731888554,14250231.538,3.63075471055,7.25327372789,0.80545236287,0.0311221330473,8408.5889467,766.805920867,-556.661097256,0.928914084303,0.0902621250615,0.80098367324,451.21727461,4004.08997462
397,0.803571428571,882,43.1352064241,111.731174997,46.806080522,14260252.5324,3.70498524933,7.25327372789,0.810800614231,0.0313147869252,8475.064371,434.765863657,-862.986712754,0.927530961611,0.0919198504487,0.806181736962,460.150675951,4035.74493857
397.5,0.803571428571,882,48.2978141359,89.5404897226,46.8398482895,14270540.4455,3.7900530029,7.25327372789,0.817119806996,0.0315355671174,8551.95041506,-9.40135047817,-988.149123922,0.92618863495,0.093865432626,0.812322935498,470.568497909,4072.3573405
398,0.803571428571,882,42.7139303384,67.4520476529,46.8724941789,14280486.5598,3.89533960139,7.25327372789,0.825018903837,0.0318088221931,8644.76023632,-473.999274669,-897.925083704,0.924648348666,0.0963110400516,0.819995229512,483.502144654,4116.55249349
398.5,0.803571428571,882,27.6259955207,50.3806313592,46.8884258327,14285340.4037,4.00488060175,7.25327372789,0.832927924896,0.0320931189107,8731.55570277,-855.298956871,-596.387220745,0.922739484109,0.098837264795,0.827665446567,496.521693377,4157.88366798
399,0.803571428571,882,6.39114636301,42.1247115083,46.8551859279,14275213.3127,4.1229766697,7.25327372789,0.841473705861,0.0323996189824,8806.41346024,-1060.87992678,-141.622935322,0.920751153721,0.101597057189,0.835946033507,509.662481095,4193.53021916
399.5,0.803571428571,882,-16.2657630132,44.5212692174,46.7794677103,14252144.4957,4.12457831883,7.25327372789,0.839652783017,0.0324037758149,8759.07284465,-1001.85132732,358.318624644,0.918605580351,0.10132719537,0.834146030497,506.667185557,4170.98706888
400,0.803571428571,882,-35.3034633787,57.0370590895,46.725661816,14235751.6333,4.02223163,7.25327372789,0.830685785123,0.0321381508198,8647.60281794,-705.625816745,755.728539156,0.918576470947,0.098691379344,0.825428219767,492.352725117,4117.90610378
400.5,0.803571428571,882,-46.4859765844,76.88725883,46.7162126235,14232872.7793,3.90178762074,7.25327372789,0.821824856181,0.0318255570297,8554.07848249,-272.627117971,966.490351486,0.920436029686,0.0958919041212,0.816831502234,478.193204004,4073.37070595
401,0.803571428571,882,-47.3251406841,99.6551053454,46.7203047144,14234119.503,3.77203853436,7.25327372789,0.812393059141,0.0314888133516,8459.66003396,194.582345142,953.758299787,0.922622502943,0.0929344461316,0.807673954408,463.52616343,4028.40953998
401.5,0.803571428571,882,-37.6342377064,120.27464537,46.7267861851,14236094.1911,3.64546888998,7.25327372789,0.803330848658,0.0311603214233,8369.75645435,591.760303171,735.613832725,0.924974691465,0.0901107432069,0.798868870338,449.567180944,3985.5983116
402,0.803571428571,882,-19.5695392846,134.157933966,46.7334209726,14238115.5897,3.56045136079,7.25327372789,0.797823110813,0.0309396715808,8316.10464084,846.240162603,375.029550043,0.927265021608,0.0883225038487,0.793522598757,440.770706226,3960.04982897
402.5,0.803571428571,882,2.84947395507,138.215873923,46.7413398933,14240528.2208,3.54903792975,7.25327372789,0.798136201333,0.0309100497864,8322.30697238,923.459467441,-54.5748419956,0.928800573803,0.0882403275029,0.793845370119,440.5098575,3963.00332018
403,0.803571428571,882,24.6344657962,131.545554455,46.766084942,14248067.2123,3.60436018295,7.25327372789,0.803200666501,0.0310536301348,8382.99866725,809.034430254,-479.717535648,0.929006520461,0.0896235306051,0.79878862121,447.888881016,3991.90412726
403.5,0.803571428571,882,40.9381727749,115.631153112,46.8012568066,14258782.9071,3.7005929129,7.25327372789,0.810829837557,0.0313033872956,8473.67711986,512.428117087,-818.452088374,0.92800782616,0.0918737422374,0.806215940686,459.825066842,4035.08434279
404,0.803571428571,882,48.132943169,94.0136992771,46.8347265257,14268980.0148,3.78505519526,7.25327372789,0.816749688877,0.0315225960809,8546.29569319,82.0000511433,-983.358126524,0.926268109915,0.093750792429,0.811963371873,469.891002315,4069.66461581
404.5,0.803571428571,882,44.6179066218,71.5031784167,46.8663605547,14278617.849,3.87797002156,7.25327372789,0.823572213168,0.0317637421362,8627.66730598,-387.00939251,-933.541411915,0.924738895217,0.0958834320378,0.818588109538,481.229490572,4108.41300285
405,0.803571428571,882,31.1751753486,53.1082876247,46.8903847464,14285937.2194,3.99156746297,7.25327372789,0.832043713227,0.0320585667189,8723.25636799,-794.091311129,-671.043285154,0.923054564777,0.0985407059263,0.826809664734,495.073255754,4153.93160381
405.5,0.803571428571,882,10.7958204791,42.9219768875,46.8656856824,14278412.2379,4.10636421848,7.25327372789,0.840239668323,0.0323565039357,8797.75717091,-1039.61927091,-238.403022754,0.920992913048,0.101201694446,0.834750178564,507.906697223,4189.40817662
406,0.803571428571,882,-11.9856553806,43.210748402,46.794619778,14256760.8257,4.13605404637,7.25327372789,0.840931556889,0.0324335592902,8777.85006337,-1034.85918088,265.092197159,0.918907491331,0.101668155434,0.835392964604,508.701471972,4179.92860161
406.5,0.803571428571,882,-32.100266371,53.910349144,46.73293275,14237966.8445,4.05132836698,7.25327372789,0.83303830629,0.0322136668986,8674.2387228,-778.398633777,692.353705133,0.918367896859,0.0994065367421,0.827713042385,496.074862245,4130.589868
407,0.803571428571,882,-45.0724166482,72.6400674686,46.7153653662,14232614.6482,3.92708292344,7.25327372789,0.823565789975,0.031891207074,8571.44032307,-363.04869269,942.600549337,0.919907491269,0.0964581606481,0.818519079038,480.999561305,4081.63824908
407.5,0.803571428571,882,-48.0157415741,95.2324526839,46.7191311425,14233761.9547,3.81018668034,7.25327372789,0.815334312359,0.031587820962,8489.18514905,106.456871148,976.904316702,0.92216351354,0.0938254173263,0.810533541815,467.946522277,4042.46911859
408,0.803571428571,882,-40.2753374665,116.660592491,46.7255131295,14235706.3335,3.68333856015,7.25327372789,0.80605919155,0.0312586062928,8397.08508692,525.96672207,794.561757577,0.924283518823,0.0909540293083,0.801520982447,453.749653606,3998.61194615
408.5,0.803571428571,882,-23.5734807577,132.156624687,46.7319023883,14237652.9276,3.56357819901,7.25327372789,0.797509455569,0.0309477868056,8312.27620374,807.729617204,451.67274966,0.926580254305,0.088311016968,0.793208838524,440.684740152,3958.22676368
409,0.803571428571,882,-1.6264133631,138.272608999,46.7388292735,14239763.3187,3.54761550695,7.25327372789,0.797962080348,0.0309063581082,8319.62528485,924.007057726,31.1318873672,0.928744143864,0.0881983556805,0.793674829323,440.253028962,3961.72632612
409.5,0.803571428571,882,20.6825386781,133.647710064,46.7595907622,14246088.6522,3.59024492584,7.25327372789,0.801975795521,0.031016996169,8368.13806799,846.47525577,-401.103681999,0.929032183544,0.0892797636653,0.797594103823,446.047017224,3984.82765142
410,0.803571428571,882,38.3895282853,119.310989714,46.7938679212,14256531.76,3.67449284323,7.25327372789,0.808748581065,0.0312356486032,8449.71590192,581.892894609,-762.12348864,0.92826274441,0.0912591276204,0.804190092419,456.604731073,4023.67423901
410.5,0.803571428571,882,47.5546667312,98.4524358671,46.8280728873,14266952.873,3.75948349599,7.25327372789,0.814912358083,0.0314562286921,8525.09333941,171.57212433,-965.290399263,0.926740244839,0.0931738207005,0.810179168343,466.866465673,4059.56825686
411,0.803571428571,882,46.1386674714,75.7131751616,46.8603186292,14276777.0757,3.86532044405,7.25327372789,0.822871767551,0.031730912115,8618.32021135,-298.047404563,-962.530880402,0.925202083659,0.0956270550109,0.817912136459,479.819020845,4103.9620054
411.5,0.803571428571,882,34.4565970218,56.1528003865,46.8879657896,14285200.2439,3.96359111587,7.25327372789,0.829794145004,0.0319859584387,8699.30236334,-723.43437961,-736.459357777,0.923283986355,0.0978577553496,0.824624329218,491.591355297,4142.52493492
412,0.803571428571,882,15.1077711722,44.1235872129,46.8744119004,14281070.8257,4.08578247607,7.25327372789,0.83889945604,0.0323030872078,8787.37482957,-1008.86475245,-332.233862627,0.92150085863,0.100742671853,0.833454678345,505.791274791,4184.46420456
412.5,0.803571428571,882,-7.60260504016,42.3020923247,46.8106436499,14261642.7653,4.14243615557,7.25327372789,0.841831759343,0.0324501230671,8793.11603075,-1057.96242361,168.6294189,0.919281500653,0.101888066378,0.836273007728,510.151009319,4187.19810988
413,0.803571428571,882,-28.6213657628,51.093606928,46.7416584719,14240625.2811,4.0743001059,7.25327372789,0.834939046835,0.0322732864926,8696.83514604,-844.304799638,621.110171816,0.918251895483,0.099979666541,0.829559427184,499.121323216,4141.35006954
413.5,0.803571428571,882,-43.2717375705,68.5419775461,46.7156987028,14232716.2048,3.94099049221,7.25327372789,0.824408235125,0.0319273020168,8580.09067045,-450.126908992,907.71521566,0.919490137177,0.0967522815206,0.819333440533,482.473113685,4085.75746212
414,0.803571428571,882,-48.2939436172,90.764859397,46.7178465328,14233370.577,3.82320074918,7.25327372789,0.816252103659,0.031621596964,8498.0472137,15.6089665237,985.564866123,0.921911106835,0.0941171012415,0.811424299227,469.375458349,4046.68914938
414.5,0.803571428571,882,-42.5705193633,112.817556424,46.7231922687,14234999.2445,3.69854679336,7.25327372789,0.807189902078,0.0312980769089,8407.76839962,451.812755368,842.943183484,0.924047646745,0.0912989895884,0.802620459579,455.425339181,4003.69923791
415,0.803571428571,882,-27.3749537077,129.793239495,46.7309339747,14237357.8843,3.57792325287,7.25327372789,0.79853629668,0.0309850171733,8322.39746453,765.135771099,526.359667617,0.926305130458,0.0886261574647,0.794207587862,442.239007395,3963.04641168
415.5,0.803571428571,882,-6.08833169998,137.914739038,46.7369520764,14239191.3993,3.54903177027,7.25327372789,0.79786466174,0.0309100338005,8317.9301643,917.098656464,116.532009445,0.928485212848,0.0881998381602,0.793576862812,440.225064814,3960.91912586
416,0.803571428571,882,16.5529728351,135.374983089,46.7525837482,14243953.8486,3.5753345379,7.25327372789,0.800636467118,0.0309782985641,8351.92290696,876.070547873,-319.593991962,0.929006631591,0.0889104896503,0.796287217209,444.068983158,3977.10614617
416.5,0.803571428571,882,35.5111628192,122.739079328,46.7861599316,14254183.3925,3.66289924182,7.25327372789,0.8079593989,0.0312055592046,8438.88406408,647.940331733,-702.802738799,0.928531945242,0.0910071221398,0.803423848859,455.193851992,4018.51622099
417,0.803571428571,882,46.567951538,102.818575957,46.8215850783,14264976.2538,3.7438876447,7.25327372789,0.813721935076,0.0314157520732,8510.55614063,259.116416142,-941.330827268,0.926949898808,0.0928120904686,0.809021787694,464.925089296,4052.64578125
417.5,0.803571428571,882,47.2631513368,80.0458789583,46.8521531452,14274289.3249,3.82613513789,7.25327372789,0.819674205468,0.0316292127159,8582.55822967,-205.524861473,-975.852372162,0.925484491245,0.0946768870363,0.814802121541,474.88590847,4086.93249032
418,0.803571428571,882,37.4420769806,59.4880208544,46.8836306,14283879.4561,3.93561214019,7.25327372789,0.82797418447,0.0319133433364,8679.11526781,-647.937170212,-795.101271205,0.923994457211,0.0972437451952,0.822862908176,488.41652794,4132.91203229
418.5,0.803571428571,882,19.2899638483,45.7192220627,46.8816007024,14283261.014,4.06248251613,7.25327372789,0.837318846365,0.0322426157669,8773.93975596,-968.96389652,-422.108178872,0.922008721989,0.100214167239,0.831925211443,503.292188125,4178.06655046
419,0.803571428571,882,-3.15425724832,41.8031052742,46.8262878021,14266409.017,4.14225369195,7.25327372789,0.842203481855,0.032449649511,8802.85830177,-1070.34267698,70.0488312835,0.919704848882,0.101945005957,0.836640245484,510.777337637,4191.83728656
419.5,0.803571428571,882,-24.8966412257,48.6110249501,46.7522800004,14243861.3068,4.08694320669,7.25327372789,0.836046101331,0.0323060997045,8712.07611921,-901.514770471,542.286678349,0.918255211994,0.100305377327,0.830635659546,500.974950354,4148.60767581
420,0.803571428571,882,-41.0994050706,64.6281868436,46.718091353,14233445.1655,3.97682919604,7.25327372789,0.827335246965,0.0320203158274,8610.7647661,-537.111141572,870.057974938,0.919260409173,0.0976301834269,0.822178361902,486.900805236,4100.36417433
420.5,0.803571428571,882,-48.1573573845,86.2906968659,46.7172244891,14233181.061,3.85481496708,7.25327372789,0.818445777043,0.031703646775,8520.10741029,-76.2628760309,990.11012134,0.921260520284,0.0948218487207,0.813552351225,472.877542034,4057.1940049
421,0.803571428571,882,-44.500070479,108.778544336,46.7224555015,14234774.7761,3.72316194239,7.25327372789,0.808850929485,0.0313619617197,8424.3908,373.998530112,886.275349755,0.923474495106,0.0918328969954,0.80423262667,458.074174377,4011.61466667
421.5,0.803571428571,882,-30.9413079451,127.088077096,46.7310930418,14237406.3467,3.60836034462,7.25327372789,0.800832175988,0.0310640119355,8345.87028952,718.661440866,599.554538588,0.925859685694,0.0893140492973,0.79644218091,445.67457885,3974.22394739
422,0.803571428571,882,-10.4979584156,137.145337724,46.7355692535,14238770.0992,3.55203439825,7.25327372789,0.797657308542,0.0309178266568,8315.25263711,902.349499031,200.928192998,0.927935571451,0.0882028439086,0.793368358458,440.214016479,3959.64411291
422.5,0.803571428571,882,12.2812363897,136.712538282,46.7483257897,14242656.5906,3.56403046857,7.25327372789,0.799591168264,0.0309489606012,8339.70044379,898.850978461,-236.317737198,0.92895245623,0.0886265281054,0.795266755902,442.570094989,3971.28592562
423,0.803571428571,882,32.3277981566,125.885978687,46.7803722139,14252420.0678,3.65206132098,7.25327372789,0.807179733987,0.0311774310579,8428.83855985,708.159962026,-637.944209756,0.92873598147,0.090765511557,0.802666043308,453.873064701,4013.73264755
423.5,0.803571428571,882,45.1812723146,107.074619528,46.8148877854,14262935.812,3.73259911641,7.25327372789,0.8128986524,0.0313864544446,8499.70947505,344.099682666,-910.524620478,0.927145848773,0.092556493951,0.808221890339,463.512096897,4047.48070241
424,0.803571428571,882,47.9817002219,84.4640769681,46.8483409006,14273127.861,3.82576747614,7.25327372789,0.819822844145,0.0316282585067,8582.71327553,-114.305174976,-990.721259651,0.925688860807,0.0946954365554,0.814949456601,474.901657644,4087.00632168
424.5,0.803571428571,882,40.1059734572,63.0853034004,46.8801057864,14282805.5629,3.9285857938,7.25327372789,0.827362752377,0.0318951075415,8671.5363471,-570.415608392,-849.984437501,0.924001121659,0.0970658311748,0.822267989359,487.449633491,4129.30302243
425,0.803571428571,882,23.3064783824,47.6951768068,46.8864426869,14284736.2053,4.03285836196,7.25327372789,0.834836835028,0.0321657308584,8750.31358781,-919.03903168,-506.314923634,0.922136239822,0.0994697751401,0.829513676315,499.656921673,4166.8159942
425.5,0.803571428571,882,1.32118191001,41.7180729635,46.8407353436,14270810.7013,4.13555540468,7.25327372789,0.842110109333,0.0324322651428,8807.41689597,-1071.88783477,-29.3310334484,0.920243009494,0.101849515989,0.836557209135,510.613840685,4194.0080457
426,0.803571428571,882,-20.9580837706,46.4839256749,46.7649026363,14247707.0032,4.11271096673,7.25327372789,0.838407377025,0.0323729759387,8740.8840558,-954.805877174,459.850799247,0.918376960034,0.100987340767,0.832932468106,504.653407175,4162.32574086
426.5,0.803571428571,882,-38.5740769341,60.932310228,46.7219376248,14234616.9963,3.99620825521,7.25327372789,0.828607048738,0.0320706111771,8625.07638073,-618.147788309,820.308752776,0.918792150106,0.098057709451,0.82340928519,489.113487954,4107.17922892
427,0.803571428571,882,-47.6071559914,81.8483928938,46.7169397489,14233094.3102,3.87441596748,7.25327372789,0.819849741521,0.0317545181387,8534.2723089,-168.380504964,983.37872045,0.920908641816,0.0952667671721,0.814914836757,475.09056358,4063.93919472
427.5,0.803571428571,882,-46.0474182349,104.578246599,46.7223576287,14234744.9575,3.75560981767,7.25327372789,0.811388050742,0.0314461751594,8450.20972087,292.742476138,924.667801593,0.923119026978,0.0925918118728,0.806700804011,461.857803366,4023.90939089
428,0.803571428571,882,-34.2419126742,124.064371657,46.7290989415,14236798.8108,3.6255933666,7.25327372789,0.801840399374,0.0311087375776,8355.39097034,662.57661484,666.029915756,0.925272233841,0.0896607854968,0.797418787819,447.366600346,3978.75760492
428.5,0.803571428571,882,-14.8174199936,135.97101331,46.7341677229,14238343.0996,3.55607487326,7.25327372789,0.797746105512,0.0309283130845,8315.62532004,880.407061551,283.773627274,0.927624229224,0.0882616508901,0.793451504751,440.48109793,3959.82158097
429,0.803571428571,882,7.9040185425,137.648887614,46.7449004229,14241612.9955,3.55516669076,7.25327372789,0.798745443655,0.0309259560374,8329.8174735,914.393617324,-151.680017485,0.92887954998,0.0884002663012,0.794440741298,441.375533647,3966.57974928
429.5,0.803571428571,882,28.8667756626,128.724659622,46.7736391223,14250368.7193,3.6332672502,7.25327372789,0.805658574182,0.0311286539552,8410.85978682,760.22277053,-566.697819546,0.928895937743,0.0903217981355,0.801184563026,451.524271429,4005.17132706
430,0.803571428571,882,43.4065390073,111.184012165,46.8072176242,14260598.9695,3.70537431743,7.25327372789,0.810795239003,0.0313157966913,8475.41534964,423.856498976,-868.491932171,0.927485555751,0.0919235121106,0.806175952651,460.191365098,4035.91207126
430.5,0.803571428571,882,48.2881426353,88.9298220572,46.8412754993,14270975.2688,3.79566646569,7.25327372789,0.817608014069,0.0315501359915,8557.47764085,-21.9292840591,-989.484415828,0.926181594874,0.094005370238,0.812798416656,471.298756217,4074.98935279
431,0.803571428571,882,42.4254067085,66.9137515907,46.8735569906,14280810.3631,3.89897581887,7.25327372789,0.82524785722,0.031818259433,8647.48793299,-485.731220295,-892.624224029,0.924546640657,0.096389219484,0.820216767597,483.916566639,4117.85139666
431.5,0.803571428571,882,27.1228176304,50.0344803138,46.8874512648,14285043.4853,4.00642018557,7.25327372789,0.833003466342,0.0320971146623,8731.95837593,-862.998803662,-585.678838929,0.922673516183,0.098867399057,0.827738024445,496.652430397,4158.07541711
432,0.803571428571,882,5.78527366687,42.0477257203,46.8534759373,14274692.3356,4.12363892905,7.25327372789,0.841506139703,0.0324013377741,8806.09851309,-1062.64547019,-128.204448032,0.920723194023,0.101610171875,0.835977154484,509.691066411,4193.38024433
432.5,0.803571428571,882,-16.8395209819,44.7305783878,46.7785995222,14251879.9878,4.12867167469,7.25327372789,0.839999358784,0.0324143994867,8762.28233826,-998.228502359,371.325482225,0.918593544052,0.101431353516,0.834482652052,507.169182566,4172.51539917
433,0.803571428571,882,-35.717442765,57.4860909405,46.7251149979,14235585.036,4.01907346776,7.25327372789,0.830342651421,0.0321299542984,8643.89371669,-695.353660558,763.865536039,0.918502074588,0.098600117468,0.82509349141,491.885923762,4116.13986509
433.5,0.803571428571,882,-46.6480650218,77.4761016562,46.7160380373,14232819.5887,3.89488156091,7.25327372789,0.821271540841,0.0318076334199,8548.38190651,-259.930660852,968.169976774,0.920493390433,0.0957254908621,0.816293635733,477.359767343,4070.65805072
434,0.803571428571,882,-47.1992727304,100.25273884,46.7203495437,14234133.161,3.7678639151,7.25327372789,0.812137055272,0.0314779787732,8457.07984949,206.433126616,950.330794132,0.922747793652,0.0928472318627,0.807426065488,463.092056309,4027.18088071
434.5,0.803571428571,882,-37.2484195753,120.74809326,46.7274355462,14236292.0297,3.64382447566,7.25327372789,0.803251859912,0.0311560536004,8369.19128469,600.827138345,727.845500917,0.925050305224,0.0900801474801,0.798792724778,449.427028367,3985.32918319
435,0.803571428571,882,-19.0096173304,134.401851864,46.7337904266,14238228.15,3.56037314165,7.25327372789,0.797841788078,0.0309394685751,8316.43062893,850.946363005,364.312839451,0.927294745841,0.0883244051296,0.793541157709,440.787163767,3960.20506139
435.5,0.803571428571,882,3.45891445583,138.175988945,46.7418206724,14240674.6982,3.54885680464,7.25327372789,0.798121416196,0.0309095797043,8322.32709283,922.670153843,-66.2453891037,0.928801985374,0.0882360820352,0.793830958665,440.49772518,3963.01290135
436,0.803571428571,882,25.1578214569,131.230741196,46.764577294,14247607.8823,3.59922849566,7.25327372789,0.802750126987,0.0310403116345,8377.84679656,801.724974423,-489.189696308,0.929009788328,0.0894977002565,0.798349189874,447.231213337,3989.45085551
436.5,0.803571428571,882,41.2589944918,115.111459008,46.8025152122,14259166.3013,3.70312456965,7.25327372789,0.811134262791,0.031309957819,8477.26346889,502.476422796,-825.586118014,0.928100511368,0.0919489951506,0.80651378663,460.226453607,4036.79212804
437,0.803571428571,882,48.1798465966,93.4047587184,46.835720151,14269282.7393,3.78660430154,7.25327372789,0.816845744766,0.0315266165466,8547.63729467,69.5865628008,-984.701178025,0.926222302798,0.0937834643438,0.81205637742,470.074703313,4070.30347365
437.5,0.803571428571,882,44.3804555261,70.9404835503,46.8669719049,14278804.107,3.87807953756,7.25327372789,0.82355684914,0.031764026368,8627.73093545,-398.788538135,-928.586883501,0.924710830339,0.0958823416673,0.818572790712,481.236572887,4108.44330259
438,0.803571428571,882,30.7062037187,52.7170407131,46.8908511048,14286079.3033,3.99483875306,7.25327372789,0.832329075353,0.0320670568461,8726.35818896,-803.208809116,-661.521880052,0.923052578373,0.098624198484,0.827087210206,495.502582494,4155.40866141
438.5,0.803571428571,882,10.1996767152,42.7892322144,46.8644096413,14278023.4707,4.10759043702,7.25327372789,0.840292864309,0.0323596863962,8797.81411824,-1042.73239499,-225.277703122,0.920933510675,0.101224848009,0.834801040523,507.995235192,4189.4352944
439,0.803571428571,882,-12.5763264785,43.3660422835,46.7935508927,14256435.172,4.14118858616,7.25327372789,0.841359836982,0.0324468851937,8781.81820044,-1032.69443886,278.498824709,0.918885207231,0.101797987023,0.835808797204,509.327821544,4181.81819068
439.5,0.803571428571,882,-32.5540376969,54.3191279587,46.7321229739,14237720.1327,4.04979419423,7.25327372789,0.832819680252,0.0322096851906,8671.69695578,-769.147540465,701.744564924,0.918274571609,0.099353873946,0.827499179073,495.794873236,4129.37950275
440,0.803571428571,882,-45.2883219411,73.2113760017,46.715664417,14232705.759,3.92527728023,7.25327372789,0.823432778412,0.0318865208064,8570.19827904,-350.95314407,946.71719234,0.919935362063,0.0964163322086,0.818389993619,480.797134681,4081.04679954
440.5,0.803571428571,882,-47.9457408879,95.8391720914,46.7193088305,14233816.0904,3.80646212595,7.25327372789,0.815036647387,0.0315781544573,8486.21727485,118.689387013,974.564631218,0.922196281355,0.0937366493065,0.810244010777,467.507355251,4041.05584516
441,0.803571428571,882,-39.935006284,117.167724842,46.7256474621,14235747.2601,3.67904147887,7.25327372789,0.805740328926,0.0312474538832,8393.88494549,535.401454331,787.00960671,0.924351016642,0.0908567613867,0.801210914767,453.267011543,3997.08806928
441.5,0.803571428571,882,-23.0385443727,132.451330641,46.7319973579,14237681.8617,3.56261593995,7.25327372789,0.797491555558,0.0309452894111,8312.13614399,813.255017698,441.357468157,0.926657977688,0.088297496134,0.793192249268,440.619060101,3958.16006857
442,0.803571428571,882,-1.01589764506,138.289315091,46.7392683511,14239897.091,3.54720595528,7.25327372789,0.7979408285,0.0309052951802,8319.56625568,924.262615427,19.444388736,0.928761510108,0.0881905708046,0.793654286373,440.222440817,3961.69821699
442.5,0.803571428571,882,21.2327911015,133.38269911,46.7592595983,14245987.7576,3.58910100274,7.25327372789,0.80188110946,0.0310140272936,8367.05134403,841.068055546,-411.643873989,0.929039572454,0.0892526150972,0.797501820873,445.905065258,3984.31016382
443,0.803571428571,882,38.7570836539,118.823227901,46.7952279065,14256946.1022,3.67941545427,7.25327372789,0.809201131225,0.0312484244785,8454.8456009,573.025768832,-770.517713515,0.928283400299,0.0913839728929,0.804631533254,457.255957881,4026.11695281
443.5,0.803571428571,882,47.6577422414,97.8504524996,46.8291222242,14267272.571,3.76470181108,7.25327372789,0.815293917747,0.0314697720215,8529.37594445,159.562763096,-968.657671047,0.92665121364,0.0932924406631,0.810549837691,467.481785461,4061.6075926
444,0.803571428571,882,45.9543283359,75.1309143793,46.8615247746,14277144.548,3.86723440451,7.25327372789,0.822956094008,0.0317358795033,8619.61623047,-310.325253078,-959.089814576,0.925107576522,0.0956624846316,0.817993024265,480.021502523,4104.57915737
444.5,0.803571428571,882,34.0258595679,55.7198179604,46.888273404,14285293.9638,3.96612980192,7.25327372789,0.829985841429,0.0319925472055,8701.3791422,-733.14718052,-727.708008615,0.923249275599,0.0979176990151,0.824810368673,491.898938357,4143.51387724
445,0.803571428571,882,14.5264765155,43.9362237757,46.8736664475,14280843.711,4.08806383808,7.25327372789,0.839057409936,0.0323090081299,8788.70725829,-1013.4788976,-319.606393822,0.921454770814,0.100794991758,0.83360756883,506.037857843,4185.09869442
445.5,0.803571428571,882,-8.20511609598,42.402037125,46.8087834211,14261076.0156,4.1450439699,7.25327372789,0.842021764953,0.0324568912457,8794.35196246,-1056.30010506,182.088990173,0.919240046193,0.101949683318,0.836457030884,510.418953856,4187.78664879
446,0.803571428571,882,-29.1110316652,51.4586217762,46.7407370227,14240344.5463,4.07385045418,7.25327372789,0.834856683837,0.0322721194912,8695.64594915,-836.197048306,631.595440367,0.918204494787,0.0999613030181,0.829478697823,499.009973109,4140.78378531
446.5,0.803571428571,882,-43.5396053461,69.0908449165,46.7157382443,14232728.2518,3.9351425915,7.25327372789,0.823904210195,0.0319121246954,8574.96988486,-437.94753014,911.948022218,0.919498307118,0.0966052650821,0.818843058247,481.740804591,4083.31899279
447,0.803571428571,882,-48.2804114221,91.3754537101,46.7180775427,14233440.958,3.82294627288,7.25327372789,0.816323763698,0.0316209365101,8498.87617081,28.0724282531,985.382769136,0.922017243884,0.094125155503,0.811495425684,469.420268439,4047.08389086
447.5,0.803571428571,882,-42.2785981748,113.354017564,46.7236840943,14235149.0874,3.69608597474,7.25327372789,0.806977687644,0.031291690235,8405.77889414,462.139650683,836.627639692,0.924052259357,0.0912387030045,0.802413644767,455.134194217,4002.75185435
448,0.803571428571,882,-26.8695973675,130.136202328,46.7306282739,14237264.7474,3.57256884317,7.25327372789,0.798102990634,0.0309711206314,8317.86396092,770.63028829,515.906447658,0.926349652517,0.0885010021604,0.793785340372,441.6087124,3960.88760044
448.5,0.803571428571,882,-5.4819843779,137.987892716,46.7373101552,14239300.4939,3.54852036224,7.25327372789,0.797902560766,0.0309087065201,8318.45662453,918.511557765,104.927841704,0.928581869832,0.0881997084748,0.79361492932,440.231163177,3961.1698212
449,0.803571428571,882,17.1253959992,135.162050572,46.7539529481,14244370.9982,3.57698379463,7.25327372789,0.800790125415,0.0309825789548,8353.98563925,872.418808833,-330.82017732,0.929015858405,0.0889521251255,0.796437232051,444.302956774,3978.08839964
449.5,0.803571428571,882,35.9222949706,122.287439106,46.787267512,14254520.8353,3.66400330194,7.25327372789,0.80803097846,0.0312084246218,8440.01301782,639.196789843,-711.15629683,0.928502172562,0.091030567984,0.803493287844,455.332679621,4019.05381801
450,0.803571428571,882,46.7263138334,102.228720111,46.8224025388,14265225.3068,3.74435265314,7.25327372789,0.813745399832,0.0314169589306,8511.09129475,247.225447312,-944.656001127,0.92692993526,0.0928210355428,0.809044409422,464.98613401,4052.90061655
450.5,0.803571428571,882,47.1335074183,79.4490531966,46.85342172,14274675.8174,3.8296993442,7.25327372789,0.819980434886,0.0316384630619,8586.16337442,-218.063351647,-974.139173861,0.925476071892,0.0947654992824,0.815100242968,475.356115554,4088.64922591
451,0.803571428571,882,37.0532732317,59.0170217245,46.8849965415,14284295.613,3.93898207367,7.25327372789,0.828212382717,0.0319220894773,8682.05694908,-658.497176507,-787.512278079,0.923929848733,0.0973205623218,0.823093845701,488.830832369,4134.31283289
451.5,0.803571428571,882,18.7285109375,45.4788490932,46.8806519398,14282971.9576,4.06422898703,7.25327372789,0.837416422949,0.0322471484619,8774.57612836,-974.536993557,-409.954063879,0.921947559511,0.10025044142,0.832019226343,503.453985247,4178.36958493
452,0.803571428571,882,-3.76343339948,41.8468425849,46.8240487574,14265726.8548,4.1421855509,7.25327372789,0.842168465911,0.0324494726615,8801.6537671,-1069.20207615,83.5640074334,0.919673118599,0.101938615102,0.836605768568,510.696474989,4191.26369862
452.5,0.803571428571,882,-25.4179960496,48.929140783,46.7513632768,14243582.0117,4.08324760048,7.25327372789,0.835724515563,0.0322965083304,8708.4560036,-893.703958502,553.096870135,0.918256450545,0.100210439226,0.83032306859,500.481154702,4146.88381124
453,0.803571428571,882,-41.4169346591,65.149898925,46.717903025,14233387.7883,3.97244268215,7.25327372789,0.82701219094,0.0320089313094,8607.41311261,-525.512056302,875.855532046,0.91932756102,0.0975280350799,0.821864963373,486.387450033,4098.76814886
453.5,0.803571428571,882,-48.2004099063,86.8999217963,46.7175422387,14233277.8687,3.85066581916,7.25327372789,0.818152994563,0.0316928783036,8517.24816212,-63.6753744759,990.032814991,0.921340160931,0.0947284684675,0.813268269582,472.418280033,4055.83245815
454,0.803571428571,882,-44.2590665447,109.339726694,46.7224750732,14234780.739,3.71758062652,7.25327372789,0.808426636369,0.0313474762779,8420.07547458,384.636891823,880.243555672,0.923549730099,0.0917044802458,0.803819991642,457.433998524,4009.5597498
454.5,0.803571428571,882,-30.4698720672,127.476351159,46.7313363697,14237480.4806,3.60418112507,7.25327372789,0.800551545527,0.0310531654178,8343.10086601,725.465680484,589.834543379,0.925960702686,0.0892246396652,0.796169604924,445.23306392,3972.90517429
455,0.803571428571,882,-9.90098730109,137.274310682,46.7359608924,14238889.4185,3.5516670234,7.25327372789,0.797689777846,0.0309168731922,8315.73295994,904.840256075,189.506980761,0.928011060343,0.0882035344123,0.793400889365,440.224840711,3959.87283807
455.5,0.803571428571,882,12.8709138514,136.553513043,46.7482959582,14242647.5019,3.56380773749,7.25327372789,0.799577197436,0.0309483825372,8339.54763972,895.743317643,-247.651236625,0.928959084829,0.0886219250147,0.795253199583,442.546543949,3971.21316177
456,0.803571428571,882,32.7789759482,125.474339117,46.7814860001,14252759.4014,3.65541340028,7.25327372789,0.807479284963,0.0311861308611,8432.30774288,700.714181563,-647.473466055,0.928740001248,0.0908490101011,0.802958173112,454.312231803,4015.38463947
456.5,0.803571428571,882,45.3935612488,106.501957373,46.8161285736,14263313.8388,3.73645557891,7.25327372789,0.813185516176,0.0313964632964,8503.09238847,332.893314506,-915.722463677,0.927085247095,0.0926446296687,0.808500707618,463.978063962,4049.09161356
457,0.803571428571,882,47.9078650094,83.8578122595,46.8491412673,14273371.7061,3.82757243478,7.25327372789,0.819919893446,0.0316329429976,8583.99267372,-126.875757738,-989.606135709,0.925619046697,0.0947313931412,0.8150430896,475.098214392,4087.61555892
457.5,0.803571428571,882,39.7624427811,62.5803328962,46.8807428141,14282999.644,3.9305436006,7.25327372789,0.827505482326,0.0319001887261,8673.23231777,-581.404463544,-843.11970772,0.923968403641,0.0971110940044,0.822406457137,487.69019007,4130.11062751
458,0.803571428571,882,22.7696894388,47.4038588267,46.8854761912,14284441.7462,4.0347322542,7.25327372789,0.834968988278,0.0321705942557,8751.30323946,-925.730529287,-494.847563072,0.922100709413,0.0995128805538,0.829641696834,499.852840823,4167.28725688
458.5,0.803571428571,882,0.710572771436,41.7052271324,46.8389935754,14270280.0426,4.13667280548,7.25327372789,0.842176743924,0.0324351651837,8807.43840949,-1072.34639567,-15.7776940456,0.920208971198,0.101873561739,0.836621470777,510.696409485,4194.01829024
459,0.803571428571,882,-21.50664969,46.7524102509,46.7616220671,14246707.5231,4.10276638529,7.25327372789,0.83752034506,0.0323471663163,8730.60883991,-946.342891624,470.608077233,0.918356650432,0.100727745166,0.832070062502,503.285538769,4157.43278091
459.5,0.803571428571,882,-38.9385411293,61.4223861262,46.7211686951,14234382.7291,3.99305496059,7.25327372789,0.828494461742,0.0320624272888,8623.67082716,-607.365966562,827.568906696,0.918972873967,0.0980028543675,0.823302200238,488.823779781,4106.5099177
460,0.803571428571,882,-47.7064234593,82.4510159147,46.7169539115,14233098.625,3.87300359137,7.25327372789,0.819777020674,0.0317508525351,8533.5437069,-155.887415438,985.143294621,0.920965902228,0.0952390693766,0.814844770447,474.952724042,4063.59224138
460.5,0.803571428571,882,-45.8594014957,105.159330277,46.7223298597,14234736.4973,3.75365277888,7.25327372789,0.811238761375,0.031441095968,8448.67914803,304.261846115,920.440804801,0.923144643435,0.0925465279717,0.806555646334,461.63137372,4023.18054668
461,0.803571428571,882,-33.8084463393,124.494622133,46.7286018707,14236647.3699,3.62055048541,7.25327372789,0.801427367335,0.0310956495598,8350.99662955,670.038776295,656.710194594,0.925307673204,0.0895415488697,0.797016358402,446.762158902,3976.66506169
461.5,0.803571428571,882,-14.2349523677,136.154697823,46.7345973059,14238473.9792,3.55588725416,7.25327372789,0.797807913825,0.0309278261482,8316.42101925,884.012135281,272.645499415,0.927715347478,0.0882687419191,0.793512839841,440.52458516,3960.20048536
462,0.803571428571,882,8.50588566475,137.545135493,46.7439663281,14241328.4079,3.55054275664,7.25327372789,0.798339903854,0.0309139553318,8325.3360282,911.20375052,-163.015518598,0.928882935512,0.0882876424428,0.794045066046,440.795594431,3964.44572771
462.5,0.803571428571,882,29.3541240069,128.356556203,46.7732933111,14250263.3621,3.63090911235,7.25327372789,0.805522611666,0.0311225337732,8409.35367163,752.590436427,-575.954548164,0.928979369822,0.0902744434789,0.801052941365,451.280869586,4004.45412935
463,0.803571428571,882,43.6709312678,110.633462196,46.8080248104,14260844.8922,3.70570273763,7.25327372789,0.810861461384,0.0313166490551,8476.39167068,412.917204998,-873.943437473,0.927528171369,0.0919373271086,0.806241012322,460.276400763,4036.37698604
463.5,0.803571428571,882,48.2707502867,88.3193255038,46.8423221705,14271294.1546,3.80133254099,7.25327372789,0.818101816876,0.0315648414132,8562.92369038,-34.4925023656,-990.661173394,0.92617565217,0.0941468710884,0.813279342325,472.029269335,4077.5827097
464,0.803571428571,882,42.1300996304,66.3791468161,46.8742300236,14281015.4139,3.90830037011,7.25327372789,0.825975954539,0.031842459863,8655.19398455,-498.140572732,-888.48238443,0.92444397145,0.0966116887033,0.820924114235,485.047389424,4121.52094502
464.5,0.803571428571,882,26.6153030408,49.6947194025,46.8874233287,14285034.9741,4.00620565788,7.25327372789,0.832831910828,0.0320965578888,8730.16355593,-870.075270325,-574.547966042,0.922504339177,0.0988379601637,0.827568872271,496.503954837,4157.22074092
465,0.803571428571,882,5.1784759565,41.978407078,46.8521790807,14274297.2266,4.12611110349,7.25327372789,0.841726160341,0.0324077539204,8807.86371263,-1064.80002272,-114.824206792,0.920727089986,0.101674848094,0.836191016923,509.987258489,4194.22081554
465.5,0.803571428571,882,-17.4105864597,44.9471257395,46.7758077624,14251029.4316,4.119434399,7.25327372789,0.839151383612,0.0323904255669,8752.57805102,-990.931305357,382.943273892,0.918548612909,0.101185920144,0.833657959748,505.881597952,4167.89431001
466,0.803571428571,882,-36.1257112472,57.9403214788,46.7246941575,14235456.82,4.01420927469,7.25327372789,0.830069472146,0.0321173300379,8640.97851495,-684.928590168,771.796025873,0.918669959011,0.098499682052,0.824830081964,491.376030595,4114.75167379
466.5,0.803571428571,882,-46.8026948449,78.0669469433,46.7158831133,14232772.3885,3.88928214084,7.25327372789,0.820860162782,0.0317931009915,8544.14346631,-247.332226861,970.063125012,0.920581734566,0.0955964228213,0.81589431427,476.712974524,4068.63974586
467,0.803571428571,882,-47.0658580293,100.848733012,46.7200399773,14234038.8464,3.76353281094,7.25327372789,0.811846358377,0.0314667380625,8454.01418845,218.20845376,946.669817962,0.92284937216,0.0927529584411,0.807144072589,462.615720286,4025.72104212
467.5,0.803571428571,882,-36.8566457504,121.216624802,46.7277840006,14236398.1922,3.64216870343,7.25327372789,0.803174304818,0.0311517562997,8368.53327339,609.784917704,719.956972871,0.925128748516,0.0900496427179,0.798718008866,449.281534955,3985.01584447
468,0.803571428571,882,-18.4466559061,134.638670297,46.7335716307,14238161.4901,3.55837330406,7.25327372789,0.797691181106,0.0309342783061,8314.81620977,855.040966176,353.3404195,0.927324674484,0.0882793970703,0.793394541222,440.558423699,3959.43629037
468.5,0.803571428571,882,4.06780190667,138.12840105,46.7409708061,14240415.7722,3.54383514374,7.25327372789,0.79770886513,0.0308965467604,8317.80837388,920.491955297,-77.7997782833,0.9288380744,0.0881180217286,0.793428789719,439.892340279,3960.86113042
469,0.803571428571,882,25.6771546038,130.909335505,46.7680086228,14248653.2937,3.60376542226,7.25327372789,0.803229269454,0.0310520865255,8383.99248774,796.688550524,-500.049556668,0.929100384392,0.0896210496286,0.798817600488,447.913329216,3992.37737511
469.5,0.803571428571,882,41.5732192593,114.587749804,46.8037269654,14259535.4821,3.70569937501,7.25327372789,0.811289878709,0.0313166403279,8479.28651063,492.30735813,-832.398324606,0.928018568814,0.0920022182957,0.80666448483,460.516693367,4037.75548125
470,0.803571428571,882,48.2190464916,92.7952737689,46.8365862775,14269546.6192,3.78744090246,7.25327372789,0.816878341721,0.0315287878149,8548.28160624,57.1409575024,-985.693250175,0.926175713016,0.0937981620886,0.812087553422,470.165762361,4070.61028869
470.5,0.803571428571,882,44.135908387,70.3808361326,46.8666823182,14278715.8796,3.87674414329,7.25327372789,0.823425921249,0.0317605605589,8626.27883562,-410.339526567,-923.11312931,0.92469567354,0.0958464579697,0.818445134072,481.050526659,4107.75182648
471,0.803571428571,882,30.2323224376,52.3317550179,46.8905497998,14285987.5057,3.99492920975,7.25327372789,0.832358856454,0.0320672916125,8726.55512279,-811.54601432,-651.342285513,0.923076799629,0.0986299344812,0.827116505175,495.525032776,4155.50243942
471.5,0.803571428571,882,9.60190211292,42.6640361267,46.8633156483,14277690.1675,4.11115685043,7.25327372789,0.840603704787,0.0323689424703,8800.58672604,-1046.40003655,-212.257866953,0.920931868076,0.101316954852,0.835103114351,508.433733494,4190.75558383
472,0.803571428571,882,-13.1649867327,43.5287925235,46.7901669689,14255404.2032,4.13236761515,7.25327372789,0.840529740326,0.0324239917283,8772.0647121,-1026.53602872,290.810889852,0.918820393863,0.101559997434,0.835001273373,508.06359341,4177.17367243
472.5,0.803571428571,882,-33.0026039192,54.7336118301,46.7313200643,14237475.5129,4.04653882873,7.25327372789,0.832680763058,0.0322012363932,8670.00661556,-759.723446775,710.956049178,0.918434899912,0.0992933309156,0.827366307766,495.475725828,4128.57457884
473,0.803571428571,882,-45.4969860309,73.7853688877,46.715963184,14232796.7834,3.92488480024,7.25327372789,0.823451375252,0.0318855021853,8570.50554395,-338.952589094,951.074440381,0.919994500195,0.096414621227,0.818408866929,480.794752293,4081.19311616
473.5,0.803571428571,882,-47.8680741006,96.4449578667,46.7194295382,14233852.866,3.80177967985,7.25327372789,0.814632296869,0.031566001893,8482.13678406,130.841170015,971.785223614,0.922203403786,0.0936204890922,0.809850230351,466.930424152,4039.11275431
474,0.803571428571,882,-39.5882898463,117.670513314,46.7258043103,14235795.0465,3.67427232136,7.25327372789,0.805395030873,0.0312350762728,8390.42486686,544.673891455,779.266638174,0.924435868963,0.0907501606271,0.800875267498,452.738240212,3995.44041279
474.5,0.803571428571,882,-22.4999243277,132.739249002,46.7319450596,14237665.9282,3.56089930109,7.25327372789,0.797414499235,0.0309408341405,8311.33982248,818.482914243,430.887394235,0.92674423306,0.088266650819,0.793118034823,440.464151037,3957.78086785
475,0.803571428571,882,-0.405219493949,138.298300148,46.7393528561,14239922.8368,3.54575364821,7.25327372789,0.797839169039,0.0309015259419,8318.56009374,924.107567206,7.75320041477,0.928792490064,0.0881590541837,0.793555432924,440.066710023,3961.21909226
475.5,0.803571428571,882,21.779648589,133.110751644,46.7606668999,14246416.5155,3.59252364226,7.25327372789,0.802206119771,0.0310229102249,8370.88467999,836.665315998,-422.685197405,0.929065773682,0.0893400949031,0.797819169361,446.368980683,3986.1355619
476,0.803571428571,882,39.1184421068,118.330857508,46.7962346121,14257252.8118,3.68378427293,7.25327372789,0.809532896277,0.0312597630713,8458.60032522,563.87956028,-778.588855907,0.928221596098,0.0914842737901,0.80495422888,457.777526952,4027.90491677
476.5,0.803571428571,882,47.753197699,97.2472139141,46.8300284896,14267548.6798,3.76909812067,7.25327372789,0.815611770368,0.0314811819628,8532.95472837,147.46447292,-971.669970344,0.926572192158,0.0933918783017,0.810858546139,467.998173834,4063.31177541
477,0.803571428571,882,45.7626415086,74.5510310327,46.8625731585,14277463.9556,3.86908753468,7.25327372789,0.823048275929,0.0317406890159,8620.93689194,-322.56325959,-955.490741399,0.925027950864,0.0956984198986,0.818081749141,480.223307215,4105.20804378
477.5,0.803571428571,882,33.5896816791,55.2923166331,46.8866963495,14284813.4878,3.97768156571,7.25327372789,0.830969816978,0.032022528021,8710.88712366,-744.441672553,-720.461764774,0.923215667293,0.0982081238435,0.825767184768,493.324728352,4148.04148746
478,0.803571428571,882,13.9428592034,43.75622553,46.8724351678,14280468.5811,4.09163258147,7.25327372789,0.839179087112,0.0323182702512,8789.46140094,-1018.01178516,-306.938504707,0.921245044478,0.100857019242,0.833722899115,506.322663472,4185.45780997
478.5,0.803571428571,882,-8.80631522609,42.5095924197,46.8059243277,14260204.9452,4.1402061242,7.25327372789,0.841539483353,0.0324443353657,8788.34168107,-1052.3897179,195.148369296,0.919175197689,0.101814745192,0.835987496677,509.681107088,4184.92461003
479,0.803571428571,882,-29.5960429705,51.829799051,46.7404898519,14240269.2415,4.07169352063,7.25327372789,0.834748277556,0.0322665215039,8694.46197157,-827.780513653,641.836486135,0.918292428986,0.0999184905913,0.829374529709,498.790976747,4140.21998646
479.5,0.803571428571,882,-43.8005115228,69.6430554764,46.7165615334,14232979.0805,3.93593078243,7.25327372789,0.824008249566,0.031914170323,8576.33782732,-426.508589053,917.686558891,0.91953749717,0.0966306898291,0.818944820731,481.884574418,4083.97039396
480,0.803571428571,882,-48.2591596151,91.9858281003,46.7181745859,14233470.5238,3.8219756497,7.25327372789,0.816225994457,0.0316184174079,8497.91231942,40.5187671255,984.678205451,0.922002938891,0.0940988837604,0.811400023677,469.291195827,4046.62491401
480.5,0.803571428571,882,-41.9799170113,113.886744603,46.7244118754,14235370.8181,3.69393557172,7.25327372789,0.806804082271,0.0312861091967,8404.27004751,472.432636952,830.279856981,0.924069852637,0.0911878278329,0.802244618463,454.89457984,4002.03335596
481,0.803571428571,882,-26.3599448156,130.472747736,46.7306481978,14237270.8176,3.56742835487,7.25327372789,0.797683647999,0.0309577792894,8313.58835121,776.033988499,505.431784497,0.926388556933,0.0883804226336,0.793376636459,441.007411995,3958.85159581
481.5,0.803571428571,882,-4.87476053487,138.053373552,46.7374250778,14239335.507,3.54687701082,7.25327372789,0.797837157082,0.0309044414557,8317.83947964,919.474525433,93.2758264005,0.928674655246,0.088171430451,0.793552148617,440.092183373,3960.87594269
482,0.803571428571,882,17.6950809634,134.941897042,46.7549117165,14244663.103,3.57959898985,7.25327372789,0.801046733186,0.0309893662893,8356.95782278,868.865040178,-342.100317172,0.929045507047,0.0890200987649,0.796687913544,444.660711709,3979.50372514
482.5,0.803571428571,882,36.3276834638,121.830636408,46.7886013221,14254927.2028,3.66547986371,7.25327372789,0.80812026276,0.0312122568094,8441.40284121,630.399734606,-719.46290111,0.928454960554,0.0910609560995,0.803579782183,455.510650494,4019.71563867
483,0.803571428571,882,46.8772050033,101.636909,46.8231075324,14265440.0949,3.74404369898,7.25327372789,0.813694727326,0.0314161570879,8510.82470179,235.239412504,-947.61986748,0.926903235556,0.0928097521374,0.808994705861,464.943610664,4052.77366752
483.5,0.803571428571,882,46.9963272677,78.8539144382,46.8547333418,14275075.4248,3.83414095272,7.25327372789,0.820376299926,0.0316499905696,8590.7059906,-230.650275337,-972.513243685,0.925481665763,0.0948781690842,0.815485823552,475.947928385,4090.81237648
484,0.803571428571,882,36.6585449912,58.5509764996,46.8856426682,14284492.4662,3.94390622278,7.25327372789,0.828572820028,0.0319348693444,8685.98465131,-669.205202815,-780.058847787,0.923849331452,0.0974347844451,0.823443511572,489.4180471,4136.18316729
484.5,0.803571428571,882,18.164063503,45.2455946631,46.8794597951,14282608.7509,4.06729899392,7.25327372789,0.837604378588,0.0322551161897,8776.04374068,-980.241489297,-397.841699064,0.921858185232,0.100316812419,0.832200711786,503.761676289,4179.06844794
485,0.803571428571,882,-4.37200781083,41.8982791607,46.8223105682,14265197.2864,4.14591283427,7.25327372789,0.842443351009,0.0324591462487,8803.80163398,-1068.90912694,97.1540928369,0.91961734113,0.102027235866,0.836872056515,511.102503,4192.28649237
485.5,0.803571428571,882,-25.93528676,49.253823484,46.7499130902,14243140.1881,4.07820831105,7.25327372789,0.83522283988,0.0322834296344,8702.79128998,-885.350807124,563.533293902,0.918188701829,0.100071069484,0.829834437185,499.754094862,4144.18632856
486,0.803571428571,882,-41.7278420452,65.6755843183,46.7179575122,14233404.3887,3.97062434251,7.25327372789,0.826935576511,0.0320042120902,8606.66533799,-514.220366592,882.130387606,0.919419126122,0.097494652133,0.821791646403,486.222098257,4098.41206571
486.5,0.803571428571,882,-48.2357556076,87.5096424019,46.7175590101,14233282.9784,3.84561157208,7.25327372789,0.817739456953,0.0316797607873,8513.04132484,-51.0856729599,989.478795271,0.921373173422,0.0946060154334,0.812865996672,471.80793593,4053.8292023
487,0.803571428571,882,-44.010985976,109.8978168,46.7224328449,14234767.8734,3.7125162392,7.25327372789,0.808062020985,0.0313343324442,8416.34906849,395.246521987,874.226017397,0.92364137179,0.091591118724,0.80346570376,456.86771051,4007.78527071
487.5,0.803571428571,882,-29.9935643255,127.858633085,46.7311341124,14237418.8596,3.59791422534,7.25327372789,0.800078891579,0.0310369006492,8338.20823836,731.695186664,579.686715014,0.926052355941,0.0890828819015,0.795709596589,444.52184144,3970.5753516
488,0.803571428571,882,-9.30243310604,137.395724895,46.7360900837,14238928.7788,3.54998832198,7.25327372789,0.797638904491,0.0309125163824,8315.27194739,906.896499812,177.997995438,0.928124247377,0.0881770233352,0.79335251823,440.094956707,3959.65330828
488.5,0.803571428571,882,13.4585333674,136.387044308,46.7493619318,14242972.2686,3.56732899316,7.25327372789,0.799914349957,0.0309575214114,8343.38133483,893.488746888,-259.232902051,0.928989373236,0.0887120555365,0.795582495157,443.0168269,3973.03873087
489,0.803571428571,882,33.2249126707,125.057027513,46.7828320546,14253169.4993,3.65878628096,7.25327372789,0.807721904195,0.031194884651,8435.26958407,693.084137657,-656.862876887,0.928676448621,0.090924199034,0.803193989877,454.714398143,4016.79504003
489.5,0.803571428571,882,45.598592153,105.926656701,46.8173446287,14263684.3302,3.73976299914,7.25327372789,0.813423600196,0.0314050471938,8505.96654028,321.562553668,-920.645180711,0.927024265704,0.0927190398884,0.808731976607,464.374844848,4050.46025728
490,0.803571428571,882,47.8263697519,83.2525296326,46.8499213626,14273609.3751,3.82868243127,7.25327372789,0.819964552758,0.0316358238217,8584.72865371,-139.412528514,-988.162196149,0.925559168676,0.0947511996189,0.815085825726,475.213373487,4087.96602558
490.5,0.803571428571,882,39.412554441,62.079746555,46.881358985,14283187.3708,3.93154506959,7.25327372789,0.82757545587,0.0319027878839,8674.1756692,-592.172716241,-835.917892484,0.923948282646,0.0971337787824,0.822474286561,487.816935487,4130.55984248
491,0.803571428571,882,22.2292598227,47.1193515938,46.8849154978,14284270.9217,4.03862231071,7.25327372789,0.835293639605,0.0321806902955,8754.42120038,-932.803694451,-483.563949201,0.922082534417,0.0996103050519,0.829957136436,500.330236828,4168.77200018
491.5,0.803571428571,882,0.0998500185449,41.7001032095,46.8372707413,14269755.1525,4.1421243833,7.25327372789,0.842589100314,0.0324493139104,8810.99756722,-1073.76270458,-2.21978167843,0.920138308822,0.102004794112,0.837021129912,511.316666214,4195.71312725
492,0.803571428571,882,-22.0517768859,47.0278097349,46.7597235261,14246129.1009,4.09947724638,7.25327372789,0.837142759363,0.0323386298652,8726.03482621,-939.314953301,482.022527779,0.918257562344,0.10062861803,0.831701669933,502.749424515,4155.25467915
492.5,0.803571428571,882,-39.2967793952,61.9170313327,46.7202870163,14234114.111,3.9907139593,7.25327372789,0.828343751181,0.0320563515821,8621.81821761,-596.518717079,834.714616816,0.919032645614,0.097951634446,0.823156398935,488.549862921,4105.62772267
493,0.803571428571,882,-47.7980630909,83.0548459515,46.7169380274,14233093.7857,3.87141612875,7.25327372789,0.819675820854,0.0317467325215,8532.51175955,-143.36675648,986.681249044,0.921008411296,0.0952049366314,0.814746786651,474.782182802,4063.10083788
493.5,0.803571428571,882,-45.6640522426,105.737990113,46.7223835668,14234752.86,3.75013999601,7.25327372789,0.810955671522,0.0314319790836,8445.81267206,315.591606161,915.694538374,0.92317343496,0.0924629672395,0.806280143729,461.215624726,4021.81555812
494,0.803571428571,882,-33.3695743321,124.919357223,46.7288588733,14236725.6701,3.62053471172,7.25327372789,0.801481072457,0.0310956086216,8351.64502784,678.356183829,648.249535495,0.925371282424,0.0895494304255,0.797069473693,446.806398189,3976.97382278
494.5,0.803571428571,882,-13.6502086984,136.331002606,46.7343414965,14238396.0426,3.55309379438,7.25327372789,0.797561711272,0.0309205761556,8313.81222761,886.693762067,261.240945004,0.927715632474,0.0882005576399,0.793272605697,440.17947768,3958.95820363
495,0.803571428571,882,9.10639277089,137.433781324,46.7455361854,14241806.6911,3.55674409889,7.25327372789,0.79893104523,0.0309300499561,8331.94932087,910.758717101,-174.848522844,0.928933341103,0.0884457420402,0.79462244729,441.614602686,3967.5949147
495.5,0.803571428571,882,29.8367788857,127.98231991,46.7762861281,14251175.1737,3.63759124004,7.25327372789,0.806015836016,0.0311398762018,8415.4662273,746.585125957,-586.475375264,0.928867473893,0.0904248928494,0.801532630997,452.090813247,4007.36487014
496,0.803571428571,882,43.9283409315,110.079613119,46.8085786598,14261013.6317,3.70617488842,7.25327372789,0.810797529541,0.0313178744494,8475.92185419,401.824469331,-879.074819764,0.927407408984,0.0919330698885,0.806177247155,460.265979225,4036.1532639
496.5,0.803571428571,882,48.2456398708,87.7090976755,46.8433757143,14271615.1343,3.80647035873,7.25327372789,0.818546787807,0.0315781758242,8567.87135329,-47.0822368856,-991.53622605,0.926167108631,0.0942748343241,0.813712652373,472.692107727,4079.93873966
497,0.803571428571,882,41.8280563208,65.8483188075,46.8753314274,14281350.9749,3.91322103635,7.25327372789,0.826325309446,0.0318552306908,8659.17301289,-509.950080433,-883.177469725,0.924350867448,0.0967237723448,0.821262920517,485.63293613,4123.41572042
497.5,0.803571428571,882,26.1035328991,49.3614029501,46.8882152156,14285276.2357,4.00806189452,7.25327372789,0.832914133601,0.0321013754638,8731.28931581,-877.61040979,-563.718579565,0.922415055875,0.0988729034222,0.827647631077,496.696266369,4157.75681705
498,0.803571428571,882,4.57085025349,41.9167666649,46.8500742239,14273655.9469,4.12554836561,7.25327372789,0.841646071442,0.0324062934212,8806.24758734,-1065.86666349,-101.322572778,0.920693379294,0.101655359461,0.836112710894,509.843693109,4193.45123207
498.5,0.803571428571,882,-17.9788681383,45.1708766485,46.7736677934,14250377.4544,4.11761613546,7.25327372789,0.839001897718,0.0323857065452,8750.25363191,-985.47624731,395.228507255,0.918558840577,0.101140406062,0.83351282931,505.607783369,4166.78744377
499,0.803571428571,882,-36.5282035468,58.399678077,46.7242066641,14235308.297,4.00971058265,7.25327372789,0.829706297725,0.0321056543788,8637.10252113,-674.345585832,779.505755675,0.918703004408,0.0983895040279,0.824477300491,490.816154086,4112.90596244
499.5,0.803571428571,882,-46.94984133,78.6597002204,46.7161258329,14232846.3371,3.88367288921,7.25327372789,0.820441911537,0.0317785430468,8539.97930135,-234.728830286,971.798061044,0.920663437424,0.0954662562401,0.815488197293,476.068816653,4066.65681017
500,0.803571428571,882,-46.9249179127,101.442992567,46.7203729706,14234140.2984,3.76264111061,7.25327372789,0.811857605514,0.0314644237923,8454.26254594,230.143270501,943.761346787,0.92295112268,0.0927443995838,0.807156278512,462.579625957,4025.83930759
500.5,0.803571428571,882,-36.4589788729,121.680165081,46.7280578214,14236481.6163,3.64094359469,7.25327372789,0.803080542065,0.0311485767196,8367.67528585,618.654253421,711.975530984,0.925144898034,0.0900216020609,0.798626760156,449.146896564,3984.60727898
501,0.803571428571,882,-17.8807450242,134.8683514,46.7333837956,14238104.2631,3.55583518549,7.25327372789,0.797486397616,0.030927691012,8312.65788514,858.857788497,342.268361749,0.927346818158,0.0882202576362,0.793194971364,440.259749221,3958.40851673
501.5,0.803571428571,882,4.67603895187,138.073117849,46.7422010327,14240790.5813,3.54919720111,7.25327372789,0.798221852823,0.0309104631506,8323.49965998,920.911045061,-89.5763809503,0.928883875073,0.0882548753116,0.793929883579,440.598716791,3963.57126666
502,0.803571428571,882,26.1923822001,130.581388772,46.7688079252,14248896.8145,3.60790926077,7.25327372789,0.803511727362,0.0310628412172,8387.15908807,791.117982641,-510.610040553,0.929003646869,0.0897105216008,0.799091996223,448.375823283,3993.88528003
502.5,0.803571428571,882,41.8807968358,114.060109235,46.8027194764,14259228.5338,3.70463571898,7.25327372789,0.811130582173,0.0313138797733,8477.27997819,481.531436405,-838.189056468,0.927943719633,0.0919658321232,0.806508317455,460.314744591,4036.79998962
503,0.803571428571,882,48.2505365863,92.1853418797,46.8374703366,14269815.9625,3.78784824106,7.25327372789,0.816931194759,0.0315298449992,8549.14881598,44.6805256014,-986.508955522,0.926194959564,0.093810975972,0.812139279239,470.24774401,4071.0232457
503.5,0.803571428571,882,43.8843043053,69.8243256461,46.866913063,14278786.1799,3.87659170225,7.25327372789,0.823405944669,0.0317601649217,8626.15779737,-421.961777275,-917.813140435,0.924688293673,0.0958415848196,0.818425591249,481.030805071,4107.69418922
504,0.803571428571,882,29.7536072748,51.9524921429,46.8904212076,14285948.3279,3.99602988303,7.25327372789,0.832457969192,0.0320701482397,8727.5247814,-819.95014494,-641.210843273,0.923079564567,0.0986585197938,0.827212948008,495.665929145,4155.96418162
504.5,0.803571428571,882,9.00259225119,42.5464086421,46.8615049665,14277138.5131,4.11073029714,7.25327372789,0.840548105131,0.0323678354173,8799.33430034,-1048.77492033,-198.966879025,0.920911880901,0.101303015925,0.835048796642,508.324501421,4190.15919064
505,0.803571428571,882,-13.7515420216,43.6989730996,46.7879789603,14254737.5899,4.13146147016,7.25327372789,0.840457654676,0.0324216399692,8770.50967498,-1022.45619595,303.672516251,0.918828145794,0.101537659283,0.834931335973,507.90433995,4176.43317856
505.5,0.803571428571,882,-33.4458933163,55.1537344859,46.730701941,14237287.1914,4.0466927065,7.25327372789,0.832709134838,0.0322016357591,8670.06871575,-750.700714071,720.532189744,0.918451369445,0.0992996253489,0.827394121923,495.494026947,4128.60415036
506,0.803571428571,882,-45.6983755538,74.3619543502,46.7162759169,14232892.0627,3.92224087367,7.25327372789,0.823217559891,0.031878640283,8568.23683682,-326.675777464,954.630309769,0.919991704827,0.0963473244297,0.818181270682,480.465593331,4080.11277944
506.5,0.803571428571,882,-47.7827536304,97.0497131502,46.7196128107,14233908.703,3.79683493649,7.25327372789,0.814241008476,0.0315531685767,8478.21740351,142.940569107,968.847079577,0.922251383029,0.0935033611355,0.809469668232,466.349909481,4037.24638263
507,0.803571428571,882,-39.2352435901,118.168877514,46.7259334712,14235834.3976,3.66903563944,7.25327372789,0.805012685114,0.0312214852751,8386.57681523,553.769156284,771.321744302,0.924525468632,0.0906326921589,0.800503541185,452.154708259,3993.60800725
507.5,0.803571428571,882,-21.9577067432,133.020333734,46.7319762667,14237675.4359,3.55881287969,7.25327372789,0.797312089491,0.0309354191566,8310.31494128,823.504916465,420.31936733,0.926838935955,0.0882278625386,0.793019175354,440.271179574,3957.29282918
508,0.803571428571,882,0.205523448184,138.299562732,46.7386866747,14239719.8736,3.54193807767,7.25327372789,0.797534486467,0.0308916232189,8315.21078235,923.179066466,-3.928295295,0.928830141956,0.0880706843462,0.79325853544,439.613059159,3959.62418207
508.5,0.803571428571,882,22.3230237028,132.83191115,46.7614775121,14246663.482,3.59412836079,7.25327372789,0.802407343941,0.0310270750235,8373.24277657,831.732340941,-433.480091424,0.929134606957,0.0893884316455,0.798016248759,446.62596947,3987.25846503
509,0.803571428571,882,39.4735458657,117.833957261,46.7971566329,14257533.7208,3.6874070405,7.25327372789,0.80982739915,0.031269165404,8461.94699556,554.533069509,-786.427396881,0.928192617509,0.0915704172543,0.805240979958,458.226635878,4029.49856931
509.5,0.803571428571,882,47.8410178415,96.6428165629,46.8309658339,14267834.2574,3.77315597651,7.25327372789,0.815911616417,0.0314917134998,8536.36211592,135.306092193,-974.463333341,0.926506660519,0.0934846903052,0.811149866857,468.482019782,4064.93434091
510,0.803571428571,882,45.5636376386,73.9736178399,46.8634085352,14277718.467,3.87177039207,7.25327372789,0.823218864337,0.0317476519571,8622.98450799,-334.833162079,-951.943908108,0.924954450764,0.0957561893887,0.818246884625,480.53033123,4106.18309904
510.5,0.803571428571,882,33.1481330965,54.8703647583,46.8888301803,14285463.5949,3.97607889589,7.25327372789,0.830785322015,0.0320183685395,8709.7796474,-753.193797382,-710.709578147,0.923167009795,0.0981603121029,0.825587051937,493.129439591,4147.51411781
511,0.803571428571,882,13.357012551,43.5836212559,46.8710774115,14280054.918,4.09155678433,7.25327372789,0.839198952682,0.0323180735314,8789.16005875,-1021.77493825,-294.031138228,0.921274142799,0.100859253491,0.833742616786,506.304546276,4185.31431369
511.5,0.803571428571,882,-9.40610630407,42.6247410118,46.8036743257,14259519.4446,4.14035183315,7.25327372789,0.841553480934,0.0324447135308,8787.63994803,-1049.77811311,208.427874348,0.919176575031,0.101818724179,0.836001117292,509.652023381,4184.59045144
512,0.803571428571,882,-30.0763221295,52.2070794042,46.7386756918,14239716.5274,4.06605394499,7.25327372789,0.834253384468,0.0322518848579,8688.74323796,-818.343535932,651.25328795,0.918289780563,0.0997732289081,0.82889335645,498.027170954,4137.49677998
512.5,0.803571428571,882,-44.0544143841,70.1985209321,46.7167295914,14233030.2822,3.93406115635,7.25327372789,0.823936561092,0.0319093179978,8575.68302202,-414.731724567,922.696894999,0.919639961956,0.0965976127184,0.818876402455,481.723089086,4083.65858192
513,0.803571428571,882,-48.2301915941,92.5958849741,46.7184882725,14233566.0937,3.8211125453,7.25327372789,0.816180353919,0.031616177354,8497.56534206,52.9574786025,983.922386725,0.922036870827,0.0940818662707,0.811355997841,469.212626919,4046.4596867
513.5,0.803571428571,882,-41.6745236293,114.415652362,46.7245009625,14235397.9599,3.69575471095,7.25327372789,0.806977603313,0.0312908304911,8406.07610172,483.144509478,824.668412623,0.924085496872,0.0912349008017,0.80241395875,455.131141007,4002.89338177
514,0.803571428571,882,-25.846077541,130.802821909,46.7308498692,14237332.2601,3.56207424934,7.25327372789,0.797183645948,0.0309438835369,8308.54401932,781.175146878,494.826398631,0.926355645728,0.0882454842804,0.792888405641,440.33788688,3956.44953301
514.5,0.803571428571,882,-4.26675726062,138.111171078,46.7359466349,14238885.0748,3.53851560339,7.25327372789,0.797181665365,0.0308827407165,8310.62027873,918.51977461,81.4592708833,0.928771286046,0.0879796290437,0.792913574195,439.107058564,3957.43822797
515,0.803571428571,882,18.2619366403,134.714557698,46.7556949428,14244901.7259,3.58124190129,7.25327372789,0.801321962696,0.0309936302118,8360.07245913,865.079087097,-353.308190681,0.929196343981,0.0890798491323,0.796958137854,444.974076173,3980.9868853
515.5,0.803571428571,882,36.7272634809,121.368744272,46.7897845426,14255287.6906,3.66603970347,7.25327372789,0.808143874899,0.0312137097869,8442.06795795,621.351546321,-727.493002527,0.928425299873,0.0910709340074,0.803602453452,455.583603903,4020.03236093
516,0.803571428571,882,47.0206009215,101.043237251,46.8241397396,14265754.574,3.74392936139,7.25327372789,0.81367576209,0.0314158603424,8511.00421577,223.238094596,-950.517417854,0.926893112158,0.0928055441891,0.808976101662,464.943028847,4052.85915037
516.5,0.803571428571,882,46.8516328188,78.2605578406,46.8559236629,14275438.076,3.83952983558,7.25327372789,0.820852415092,0.0316639765812,8596.0272463,-243.289765066,-970.959487395,0.925483735933,0.0950143066037,0.815949493729,476.655067636,4093.34630776
517,0.803571428571,882,36.2579553727,58.0899596962,46.8862857848,14284688.4024,3.94915958967,7.25327372789,0.828946687774,0.0319485036453,8690.04673647,-679.871963261,-772.50818452,0.923751635964,0.0975550487175,0.823806002968,490.035581469,4138.11749356
517.5,0.803571428571,882,17.5967117949,45.0194960677,46.8783279965,14282263.9296,4.06771508735,7.25327372789,0.837554212723,0.0322561960959,8775.0917297,-985.117223481,-385.385274738,0.921762830899,0.100313873482,0.832150616309,503.722594441,4178.61510938
518,0.803571428571,882,-4.97988317669,41.9574067775,46.8195310862,14264350.4709,4.14289336035,7.25327372789,0.84217236578,0.0324513096714,8799.98577533,-1066.63690195,110.562873636,0.919609781244,0.10194775703,0.836608651652,510.643724645,4190.46941682
518.5,0.803571428571,882,-26.4484306469,49.5850211392,46.7490180041,14242867.4852,4.07940906492,7.25327372789,0.835377616691,0.0322865460053,8704.04396283,-878.46096634,574.883733685,0.918243585184,0.100109838119,0.829985664835,499.928561027,4144.78283944
519,0.803571428571,882,-42.0320775172,66.2051589712,46.7180630177,14233436.5327,3.96787896177,7.25327372789,0.826675919177,0.0319970868792,8604.05539134,-502.651426247,887.901864385,0.919397308393,0.0974217859438,0.821538729787,485.860896894,4097.16923397
519.5,0.803571428571,882,-48.263388837,88.1197611937,46.7178408938,14233368.859,3.84035074888,7.25327372789,0.817322715076,0.0316661071347,8508.90043849,-38.5194608549,988.746594757,0.921423015596,0.0944807415017,0.812460800535,471.188870641,4051.85735166
520,0.803571428571,882,-43.7558684388,110.452725421,46.7221196368,14234672.4494,3.70812657768,7.25327372789,0.80775985818,0.0313229397569,8413.16306974,405.837396555,868.234788536,0.923736752983,0.0914950150016,0.803172321031,456.382214519,4006.26812845
520.5,0.803571428571,882,-29.5124608774,128.234861749,46.7297980282,14237011.7993,3.58958447651,7.25327372789,0.799413900406,0.0310152820749,8330.94353958,737.317124706,569.115247231,0.926131792239,0.0888891227851,0.795061793658,443.529624341,3967.11597123
521,0.803571428571,882,-8.70239153398,137.509560949,46.7355491672,14238763.9796,3.54571349157,7.25327372789,0.797390813354,0.0309014217215,8312.55981448,908.175955409,166.351837142,0.928274670241,0.0880918871176,0.793112114717,439.659861238,3958.36181642
521.5,0.803571428571,882,14.0440009827,136.213158693,46.7499545045,14243152.8057,3.56949476551,7.25327372789,0.800172108367,0.0309631423385,8346.23942773,890.793899567,-270.70883607,0.929066498141,0.0887750298251,0.795834853014,443.342551546,3974.39972749
522,0.803571428571,882,33.6655370226,124.634110599,46.7807133845,14252524.0111,3.65479726363,7.25327372789,0.807335631706,0.0311845317738,8430.54563845,683.878690675,-664.75341742,0.928637357864,0.0908203106465,0.802816895947,454.153711862,4014.54554212
522.5,0.803571428571,882,45.7963322445,105.348809496,46.8185447027,14264049.9528,3.74269473764,7.25327372789,0.813745357348,0.0314126560675,8509.70976184,310.188446307,-925.511072954,0.927096386397,0.0928018711973,0.809046398094,464.813526208,4052.24274373
523,0.803571428571,882,47.7372274796,82.6483258666,46.8506847129,14273841.9425,3.82940702178,7.25327372789,0.819981302621,0.0316377043843,8585.17315378,-151.918878233,-986.467288552,0.925506089519,0.0947622236759,0.815101467273,475.284151062,4088.17769228
523.5,0.803571428571,882,39.0563643812,61.5836244161,46.8819331944,14283362.3132,3.93259564068,7.25327372789,0.827655997974,0.0319055144786,8675.21296515,-602.864509801,-828.596028995,0.923935147782,0.0971586880881,0.822552492042,487.953985704,4131.05379293
524,0.803571428571,882,21.6852759441,46.8417005985,46.8838673546,14283951.5874,4.03951106734,7.25327372789,0.835354299007,0.0321829969258,8754.6491547,-938.991397888,-471.804678467,0.922063468104,0.0996304437589,0.830015858184,500.409016363,4168.88054986
524.5,0.803571428571,882,-0.510888699484,41.7027020141,46.8346448261,14268955.1237,4.13840913647,7.25327372789,0.842249228839,0.0324396715621,8806.53130966,-1072.54466951,11.3453748801,0.920122164393,0.101905992626,0.836690662334,510.764130242,4193.58633793
525,0.803571428571,882,-22.5933781971,47.3100800933,46.7582590146,14245682.9131,4.09776856584,7.25327372789,0.837055103724,0.0323341952492,8724.60434246,-932.768380433,493.661942572,0.91832509109,0.100594316134,0.831617418297,502.546568296,4154.57349641
525.5,0.803571428571,882,-39.6487344526,62.4161667583,46.7196996529,14233935.1609,3.98781430683,7.25327372789,0.828118307073,0.0320488259828,8619.30881665,-585.486040668,841.571958063,0.919063696051,0.0978821440213,0.822937508951,488.190992795,4104.43276983
526,0.803571428571,882,-47.8820602338,83.6597864572,46.7169489569,14233097.1155,3.86876954418,7.25327372789,0.819490865027,0.0317398637207,8530.63694356,-130.797552689,987.798952521,0.921061063466,0.0951455368644,0.814567384338,474.486181193,4062.20806836
526.5,0.803571428571,882,-45.4614017104,106.314133582,46.7224632337,14234777.1319,3.74632631659,7.25327372789,0.810663011668,0.0314220812687,8442.86024804,326.833113233,910.761909501,0.92322143441,0.0923745225056,0.805995541718,460.776023845,4020.40964192
527,0.803571428571,882,-32.9253668242,125.338509016,46.7298652428,14237032.2773,3.62132698325,7.25327372789,0.80161060664,0.0310976648398,8353.33695012,686.746322933,639.850837717,0.925440336461,0.0895778624854,0.797196610623,446.967511283,3977.77950006
527.5,0.803571428571,882,-13.0632824812,136.499899471,46.734032385,14238301.8666,3.54992288833,7.25327372789,0.797269662025,0.0309123465595,8310.71390829,889.114858938,249.780293992,0.927701317742,0.0881213162596,0.792987465712,439.778192817,3957.48281347
528,0.803571428571,882,9.70544384514,137.314842912,46.7461548455,14241995.1763,3.55908036457,7.25327372789,0.799186646963,0.0309361133722,8334.79174818,909.161573646,-186.491512096,0.928990553818,0.0885102391305,0.794872491261,441.948338132,3968.94845151
528.5,0.803571428571,882,30.3146631266,127.602010578,46.7769332672,14251372.3354,3.64100079235,7.25327372789,0.806280414046,0.0311487251672,8418.40286923,739.773891239,-596.404180467,0.928825314972,0.0905036454291,0.801790146683,452.497066962,4008.76327106
529,0.803571428571,882,44.178726841,109.522553488,46.8102429362,14261520.6812,3.71235184199,7.25327372789,0.811288386068,0.0313339057767,8481.54727868,391.323039554,-885.547768187,0.927345784329,0.0920785853392,0.806654940568,461.02728903,4038.83203747
529.5,0.803571428571,882,48.2128154026,87.0992361422,46.844384777,14271922.5621,3.81118102364,7.25327372789,0.818862844341,0.0315904016262,8571.46721941,-59.683899219,-991.990026292,0.926055331011,0.0943781293704,0.814019090693,473.230414242,4081.65105686
530,0.803571428571,882,41.519325074,65.3213524398,46.8766528548,14281753.5698,3.91522552994,7.25327372789,0.826425178537,0.0318604330438,8660.67435113,-521.316674208,-877.062505558,0.924265498381,0.0967628616465,0.821359002824,485.856588273,4124.1306434
530.5,0.803571428571,882,25.5875890326,49.0345842509,46.8880992996,14285240.9199,4.00770360621,7.25327372789,0.832849863307,0.032100445582,8730.58149522,-884.535605573,-552.49368635,0.922378683908,0.0988585709026,0.827584627924,496.62181028,4157.41975963
531,0.803571428571,882,3.96249371184,41.8628143367,46.8484515044,14273161.5584,4.13098055776,7.25327372789,0.84212764014,0.0324203918355,8810.56689156,-1068.47778297,-87.9535527041,0.920699886126,0.101797227743,0.836580760309,510.51985424,4195.5080436
531.5,0.803571428571,882,-18.5442751544,45.4017953389,46.7716502309,14249762.7703,4.11502885431,7.25327372789,0.838685737753,0.0323789916573,8746.25876345,-979.528777558,407.295569648,0.918460110183,0.101059249467,0.833204173002,505.158493599,4164.88512545
532,0.803571428571,882,-36.9248553089,58.8640872879,46.7240928345,14235273.6169,4.00511576324,7.25327372789,0.829347312198,0.0320937292359,8633.40929863,-663.685031049,787.080628363,0.918750025503,0.0982789022317,0.824128769721,490.262028136,4111.14728506
532.5,0.803571428571,882,-47.0894809494,79.2542667113,46.7165076547,14232962.6655,3.87887193445,7.25327372789,0.820095900058,0.0317660829116,8536.60244013,-222.170632867,973.586399629,0.92074688308,0.0953567604491,0.815152413694,475.530558842,4065.04878101
533,0.803571428571,882,-46.7764749155,102.035422489,46.7206970759,14234239.0424,3.76164342462,7.25327372789,0.811846631462,0.0314618344527,8454.27902006,242.027300137,940.655298497,0.923038205777,0.092731229887,0.807146652751,462.52035675,4025.84715241
533.5,0.803571428571,882,-36.0554825262,122.138639981,46.7283717133,14236577.2486,3.63927282683,7.25327372789,0.802949232109,0.0311442405001,8366.44819513,627.345668595,703.802363933,0.925162966801,0.089982850111,0.798498916559,448.959582185,3984.02295006
534,0.803571428571,882,-17.3119751689,135.09085845,46.7331815555,14238042.6472,3.55300871344,7.25327372789,0.79726309788,0.0309203553411,8310.30603012,862.472283794,331.13361054,0.927377016263,0.0881551276733,0.792977420284,439.930913032,3957.28858577
534.5,0.803571428571,882,5.28352833967,138.01014818,46.7428179324,14240978.5301,3.55147543871,7.25327372789,0.798466937211,0.0309163759638,8326.23266983,920.377395397,-101.287753446,0.92893487627,0.0883170893507,0.794169606476,440.920948935,3964.87269992
535,0.803571428571,882,26.7034218655,130.246953433,46.7694476109,14249091.7054,3.61145524784,7.25327372789,0.803789433081,0.0310720442779,8390.22660568,785.336881264,-521.062596244,0.928962541599,0.0897925143472,0.799362389055,448.797902155,3995.34600271
535.5,0.803571428571,882,42.1816780423,113.528621667,46.8029517696,14259299.3058,3.70390102444,7.25327372789,0.811009762123,0.0313119729873,8476.11818698,470.762042547,-843.973488735,0.927879664565,0.0919390677165,0.806389782759,460.185349228,4036.2467557
536,0.803571428571,882,48.2743118458,91.5750605737,46.8382834321,14270063.6856,3.7877802917,7.25327372789,0.816936935398,0.0315296686471,8549.50625194,32.2041348963,-987.030262011,0.926208253454,0.0938110652651,0.812145036589,470.26451871,4071.1934533
536.5,0.803571428571,882,43.6256835105,69.2710410719,46.8685251723,14279277.3358,3.87971979611,7.25327372789,0.823682110799,0.0317682834053,8629.58530049,-433.922146235,-913.222428851,0.924689524734,0.0959209300902,0.818694459888,481.462161126,4109.32633357
537,0.803571428571,882,29.2701347726,51.5793127288,46.8888760847,14285477.5805,4.00302197177,7.25327372789,0.833020545008,0.0320882951241,8732.7142988,-829.374324953,-631.844456529,0.92302282701,0.0988296922971,0.82775937265,496.493187102,4158.43538038
537.5,0.803571428571,882,8.40184295437,42.4363685683,46.8599949283,14276678.4548,4.1206962498,7.25327372789,0.841304870291,0.0323937005054,8806.49751243,-1053.62756273,-186.117271705,0.920784907012,0.101542832834,0.835782441613,509.495032514,4193.57024402
538,0.803571428571,882,-14.3358985603,43.8765568017,46.7859600942,14254122.5087,4.12976554365,7.25327372789,0.840143825781,0.0324172384543,8766.52257225,-1017.74237432,316.330491112,0.91864702576,0.101467433561,0.83462379865,507.509261801,4174.53455822
538.5,0.803571428571,882,-33.8838350099,55.5794287523,46.7289551578,14236755.0048,4.03898795887,7.25327372789,0.832064109905,0.0321816392788,8662.85301786,-740.03345539,728.493763913,0.918482193364,0.0991066441537,0.826767327598,494.494102131,4125.16810374
539,0.803571428571,882,-45.8924583095,74.9410401982,46.716602192,14232991.4678,3.91976998789,7.25327372789,0.82312659207,0.0318722274813,8567.44849561,-314.442545372,958.26946842,0.920131666768,0.0963042525316,0.818094564462,480.257510396,4079.73737886
539.5,0.803571428571,882,-47.6897931193,97.6533412467,46.7196860092,14233931.0041,3.79125452962,7.25327372789,0.813791150408,0.0315386854941,8473.65986448,154.958923714,965.585980781,0.922296220933,0.0933699904025,0.809031995694,465.686179481,4035.07612594
540,0.803571428571,882,-38.8759239646,118.66273776,46.726077109,14235878.1592,3.66327134742,7.25327372789,0.804593875018,0.0312065249471,8382.36267316,562.679886804,763.175544461,0.924626579363,0.0905037782665,0.800096379842,451.514349565,3991.60127293
540.5,0.803571428571,882,-21.4119783151,133.294539894,46.7319432406,14237665.374,3.55634733787,7.25327372789,0.797184420508,0.0309290202243,8309.01002955,828.312886466,409.654834225,0.92694317046,0.0881810447337,0.792895773694,440.036929261,3956.67144264
541,0.803571428571,882,0.81623352893,138.293102642,46.7398283837,14240067.7142,3.5471933866,7.25327372789,0.798036907591,0.0309052625601,8320.76174728,924.505643993,-15.6256786792,0.928874633413,0.0882047276895,0.793749310012,440.303659289,3962.2674987
541.5,0.803571428571,882,22.8628295619,132.546222211,46.7626046633,14247006.8874,3.59730122307,7.25327372789,0.80260578653,0.0310353096966,8375.66623646,826.832283147,-444.310319072,0.929039799211,0.0894541855934,0.798208736923,446.976053904,3988.41249355
542,0.803571428571,882,39.8223381529,117.332606609,46.7978922597,14257757.8418,3.69051907098,7.25327372789,0.810052083848,0.0312772421976,8464.50760658,544.976609854,-794.005604863,0.928135318124,0.0916401639269,0.805459325343,458.590071777,4030.71790789
542.5,0.803571428571,882,47.9211886272,96.037357084,46.831834805,14268099.0039,3.77668056045,7.25327372789,0.816172565757,0.0315008610121,8539.34711526,123.084377691,-976.975454374,0.926450364326,0.0935654167299,0.811403397905,468.903966999,4066.35576917
543,0.803571428571,882,45.3573485447,73.3987671243,46.8641336312,14277939.3796,3.87398430748,7.25327372789,0.82335676585,0.031753397832,8624.65756274,-347.025151864,-948.130833699,0.924890606366,0.09580342983,0.818380318053,480.782273981,4106.97979178
543.5,0.803571428571,882,32.7012844198,54.4540298023,46.8891767466,14285569.1821,3.97993246348,7.25327372789,0.831087478521,0.0320283698779,8713.0037862,-762.852522365,-701.802684395,0.923126856099,0.0982531833805,0.825880454659,493.603295023,4149.049422
544,0.803571428571,882,12.7690302302,43.4184385515,46.8693027644,14279514.2422,4.09792839576,7.25327372789,0.839693397056,0.0323346100631,8793.55004108,-1026.90585963,-281.49747577,0.921204176139,0.10101392245,0.834222221916,507.042573008,4187.40478147
544.5,0.803571428571,882,-10.0043934286,42.74746449,46.8016717668,14258909.3316,4.13966963967,7.25327372789,0.841387851513,0.0324429430031,8785.17905367,-1046.61387097,221.591007128,0.919060791607,0.101784176621,0.835838526638,509.435499545,4183.41859699
545,0.803571428571,882,-30.5517923498,52.590402512,46.7374706687,14239349.3971,4.06353638721,7.25327372789,0.834044796323,0.0322453509262,8686.17134474,-809.49113509,661.097866029,0.918302180174,0.0997103594958,0.828690731901,497.687688649,4136.27206892
545.5,0.803571428571,882,-44.301273333,70.7571524698,46.7163044135,14232900.7446,3.93339812687,7.25327372789,0.823919552903,0.0319075972073,8575.3598798,-402.980662881,927.750244145,0.919685701955,0.0965871919879,0.818860451334,481.662354374,4083.50470467
546,0.803571428571,882,-48.1935119908,93.2055267887,46.7186030082,14233601.0498,3.81931067608,7.25327372789,0.816033010169,0.0316115008812,8496.10565677,65.3645810746,982.724191505,0.922048904031,0.0940383514871,0.811212641126,468.997910112,4045.76459846
546.5,0.803571428571,882,-41.3624668586,114.940656274,46.7247629389,14235477.7754,3.6939955723,7.25327372789,0.806851528921,0.0312862649189,8404.88691487,493.326900642,818.150787782,0.924118156163,0.091195695339,0.802291446574,454.940663557,4002.32710232
547,0.803571428571,882,-25.3280777065,131.126372071,46.7301431015,14237116.9316,3.55891551227,7.25327372789,0.79693275928,0.0309356855236,8305.73130079,786.694468226,484.4934678,0.92638747144,0.0881724900603,0.792643962602,439.960343162,3955.11014323
547.5,0.803571428571,882,-3.65807176952,138.161276052,46.7374173553,14239333.1543,3.54637808176,7.25327372789,0.797925076846,0.0309031465626,8318.75405349,921.616776179,70.0010586853,0.92882828987,0.0881788839069,0.793639664558,440.129240541,3961.31145404
548,0.803571428571,882,18.8258723946,134.480068891,46.7564037312,14245117.6701,3.58298417042,7.25327372789,0.801353576392,0.0309981520017,8360.63251044,860.805158248,-364.329653027,0.929054508308,0.0891043366013,0.796987363151,445.109891535,3981.2535764
548.5,0.803571428571,882,37.1209711324,120.90183655,46.7908395117,14255609.1046,3.66616889757,7.25327372789,0.808127900805,0.0312140450902,8442.28112406,612.124400734,-735.317209127,0.928393844348,0.0910700044551,0.803586507452,455.599497911,4020.1338686
549,0.803571428571,882,47.1564786604,100.447799785,46.8244585199,14265851.6957,3.74391472183,7.25327372789,0.813672420862,0.0314158223477,8511.08554827,211.20271062,-953.270192874,0.926890775969,0.0928048664499,0.808972817299,464.945964138,4052.89788013
549.5,0.803571428571,882,46.699447207,77.6690782762,46.8570051533,14275767.57,3.84437172723,7.25327372789,0.821278789254,0.0316765429618,8600.79832948,-255.888080873,-969.094783934,0.925484000993,0.0951364831543,0.816364687273,477.290018695,4095.61825213
550,0.803571428571,882,35.8515684269,57.6340450268,46.8867554144,14284831.4829,3.95305385295,7.25327372789,0.829209975911,0.0319586106031,8692.91093637,-690.21468225,-764.546540661,0.923663851318,0.0976420836567,0.824061017426,490.482598301,4139.48139827
550.5,0.803571428571,882,17.0265465279,44.8005894581,46.8767942931,14281796.6613,4.07322795306,7.25327372789,0.83797318648,0.0322705038858,8778.8019654,-991.150144396,-373.364693197,0.921692142695,0.100445966095,0.832556937738,504.352889734,4180.38188829
551,0.803571428571,882,-5.58696230315,42.0242159812,46.8175623544,14263750.664,4.14319626543,7.25327372789,0.842107123447,0.0324520958146,8798.5639075,-1064.99369023,124.022561008,0.919509617606,0.101941023696,0.836543826449,510.567057448,4189.7923369
551.5,0.803571428571,882,-26.957345663,49.9226807932,46.7480346698,14242567.8961,4.07960715092,7.25327372789,0.835389905065,0.0322870601069,8703.80226535,-871.122386895,585.946060342,0.918238079475,0.100114141567,0.829997533968,499.929019583,4144.66774541
552,0.803571428571,882,-42.3295924309,66.7385382094,46.7165377109,14232971.8226,3.95791298563,7.25327372789,0.825801340733,0.0319712217302,8594.58171953,-490.072464228,891.799830083,0.91939370915,0.0971680825775,0.820687746407,484.563987367,4092.65796168
552.5,0.803571428571,882,-48.2833051762,88.7301806191,46.7178905137,14233383.9765,3.83439249244,7.25327372789,0.816961003285,0.031650643402,8505.25330587,-25.9798040653,987.849789513,0.921603936663,0.0943559089485,0.812110833916,470.567312571,4050.12062184
553,0.803571428571,882,-43.4937547242,111.004363832,46.7219716076,14234627.3498,3.70409259271,7.25327372789,0.807499909033,0.0313124701731,8410.46911171,416.390871782,862.220945682,0.923844771416,0.0914094250072,0.802920226982,455.952397682,4004.98529129
553.5,0.803571428571,882,-29.0266386471,128.604976996,46.7313620277,14237488.2978,3.59240141304,7.25327372789,0.799725021898,0.0310225929979,8334.69043182,745.160914211,560.277929787,0.926204787147,0.0889675277042,0.795366136406,443.950556652,3968.90020563
554,0.803571428571,882,-8.10095852626,137.615800644,46.735379259,14238712.2142,3.54628752651,7.25327372789,0.797397789385,0.0309029115404,8312.56474736,910.277783016,154.867133764,0.92822380332,0.088099397994,0.793118352159,439.694150393,3958.36416541
554.5,0.803571428571,882,14.6272230861,136.031884002,46.7506369686,14243360.7298,3.57091965065,7.25327372789,0.800289078413,0.0309668404074,8347.67875118,887.661342463,-282.065806399,0.92905614202,0.088808620374,0.795948857138,443.523251746,3975.08511961
555,0.803571428571,882,34.1007785521,124.205655996,46.7832660443,14253301.7215,3.65817805229,7.25327372789,0.807611823732,0.0311933060876,8434.29083114,676.089681566,-674.016733225,0.928611638689,0.0909006399025,0.803085894436,454.605012624,4016.32896721
555.5,0.803571428571,882,45.9867499063,104.768508153,46.8186599172,14264085.0548,3.74407719135,7.25327372789,0.813813581795,0.0314162440122,8510.44307394,298.547217507,-929.627832743,0.927035262695,0.0928282311045,0.809112134263,464.947842512,4052.59193997
556,0.803571428571,882,47.6404524457,82.0452975685,46.8513729595,14274051.6283,3.82961446931,7.25327372789,0.819977383938,0.0316382427822,8585.3818645,-164.388154973,-984.515278492,0.925481059357,0.0947640405838,0.815097334795,475.307228267,4088.27707833
556.5,0.803571428571,882,38.6939295531,61.092045805,46.8824325108,14283514.4383,3.93264867003,7.25327372789,0.827657288682,0.0319056521081,8675.41048171,-613.311820086,-820.931298023,0.923931387297,0.0971595141031,0.822553698529,487.968528206,4131.14784843
557,0.803571428571,882,21.137824781,46.5709502346,46.8826328237,14283575.467,4.04839484908,7.25327372789,0.836132405855,0.0322060534068,8762.16768874,-946.998815558,-460.924085128,0.922062505695,0.0998588947665,0.830772430412,501.530032904,4172.46080416
557.5,0.803571428571,882,-1.12154573092,41.7130231307,46.8326928599,14268360.4247,4.13962192067,7.25327372789,0.84220760707,0.0324428191559,8805.34734008,-1072.31008295,24.9061936307,0.919960783231,0.101913975882,0.836647913666,510.761565681,4193.02254289
558,0.803571428571,882,-23.1313670264,47.5991761933,46.7568185438,14245244.0497,4.09592324967,7.25327372789,0.836873863238,0.0323294060166,8722.21549651,-925.927291405,505.130846392,0.918303047517,0.100543573336,0.831440943979,502.262121118,4153.43595072
558.5,0.803571428571,882,-39.9943500271,62.9197125955,46.7191729696,14233774.6981,3.98514172721,7.25327372789,0.827914929076,0.0320418897159,8617.047039,-574.413030863,848.339438694,0.919097229112,0.0978188051157,0.822740113189,487.864087721,4103.35573286
559,0.803571428571,882,-47.9584014575,84.2657407072,46.7169106297,14233085.4385,3.86609249048,7.25327372789,0.81929954525,0.0317329158421,8528.67865492,-118.22112839,988.740837585,0.921109591275,0.095084816814,0.814381728925,474.182595193,4061.27554996
559.5,0.803571428571,882,-45.2514823009,106.887668565,46.7225099291,14234791.3584,3.74168629028,7.25327372789,0.810298247181,0.0314100387984,8439.15982293,337.925065227,905.489709791,0.92326998495,0.0922656426269,0.805640671213,460.233836909,4018.64753473
560,0.803571428571,882,-32.4758948406,125.752010493,46.7301664215,14237124.0364,3.61908116521,7.25327372789,0.801485711676,0.0310918361665,8352.17835129,694.447967745,630.812613378,0.925524347737,0.0895336353165,0.797075765812,446.752589234,3977.22778633
560.5,0.803571428571,882,-12.4742675602,136.661361412,46.7330562155,14238004.4603,3.54539722678,7.25327372789,0.796905254735,0.0309006009052,8306.64491797,891.099364474,238.223051339,0.927741894542,0.0880160739434,0.792632325159,439.234620736,3955.54519903
561,0.803571428571,882,10.3029431045,137.188339273,46.7467382514,14242172.9206,3.56048394701,7.25327372789,0.799380897782,0.0309397561533,8336.99689813,907.212619358,-198.077748547,0.929072203796,0.0885550625579,0.795062946656,442.183186917,3969.99852292
561.5,0.803571428571,882,30.7877003203,127.215689017,46.777746978,14251620.246,3.64386476005,7.25327372789,0.806511390032,0.0311561581523,8421.05759081,732.744963787,-606.183385351,0.928799985739,0.0905711347358,0.80201508589,452.850252471,4010.02742419
562,0.803571428571,882,44.4220489617,108.962372374,46.8119022181,14262026.2091,3.71856343597,7.25327372789,0.811790854955,0.0313500270077,8487.29164539,380.731418023,-891.91739088,0.927294017676,0.0922263664955,0.80714404768,461.799950019,4041.56745018
562.5,0.803571428571,882,48.1722821304,86.4898384155,46.8453507169,14272216.8517,3.8153714157,7.25327372789,0.819132423871,0.0316012771404,8574.57069744,-72.2943721901,-992.143754565,0.925942915334,0.094468283409,0.814280241676,473.701999279,4083.12890354
563,0.803571428571,882,41.2039552533,64.7983319702,46.8775348048,14282022.2705,3.91899957651,7.25327372789,0.826688965484,0.0318702279977,8663.69688794,-532.854827126,-871.201319985,0.924189553478,0.0968482370645,0.821614737005,486.303565677,4125.56994664
563.5,0.803571428571,882,25.0675539363,48.7143155604,46.8870539182,14284922.4271,4.02051442845,7.25327372789,0.833911652502,0.0321336940889,8741.07580302,-894.286603829,-542.986703025,0.922310200962,0.0991774590531,0.828616346743,498.201547758,4162.41704906
564,0.803571428571,882,3.35350360239,41.8165587199,46.8463866046,14272532.4522,4.12984501789,7.25327372789,0.841815430538,0.0324174447174,8806.560518,-1068.74553474,-74.3832716301,0.920467218872,0.101733956381,0.836274065085,510.157569615,4193.60024667
564.5,0.803571428571,882,-19.1067171045,45.6398448888,46.7698223858,14249205.8869,4.11347293447,7.25327372789,0.83856868224,0.0323749535081,8744.38414348,-973.865604411,419.461441348,0.918480748904,0.101022046396,0.833090702499,504.933060881,4163.99244928
565,0.803571428571,882,-37.3156031122,59.3334748566,46.7239917966,14235242.834,4.00191071181,7.25327372789,0.829092801977,0.0320854110208,8630.78262232,-653.159670727,794.776940907,0.918778302387,0.0982011438784,0.823881595395,489.87201375,4109.89648682
565.5,0.803571428571,882,-47.2215913763,79.8505513502,46.7173044403,14233205.4195,3.87772749772,7.25327372789,0.820047528325,0.0317631127031,8536.4082771,-209.803639179,976.137922404,0.920805087591,0.0953359383306,0.815106068498,475.442939574,4064.95632243
566,0.803571428571,882,-46.6205527725,102.625928053,46.7210108901,14234334.6512,3.75990590263,7.25327372789,0.811712368694,0.0314573249832,8453.02496365,253.794653083,937.122955892,0.923058963674,0.0926907353819,0.807016084326,462.324590845,4025.24998269
566.5,0.803571428571,882,-35.6462212259,122.591976195,46.7285973542,14236645.9939,3.63700952565,7.25327372789,0.802777409616,0.0311383664521,8364.77712209,635.83629689,695.421510086,0.925194433865,0.0899312775831,0.798331718377,448.70660008,3983.22720099
567,0.803571428571,882,-16.7404372814,135.306155869,46.7314750416,14237522.7293,3.54831366276,7.25327372789,0.79688418597,0.0309081700635,8305.82935523,865.45243022,319.78109487,0.927417922575,0.0880457991739,0.792608136517,439.353229451,3955.15683582
567.5,0.803571428571,882,5.8901729379,137.939502112,46.7433163316,14241130.3757,3.55268220461,7.25327372789,0.798646365214,0.030919507938,8328.25583788,919.462560671,-112.971417175,0.929019587645,0.0883574390269,0.794345639888,441.131800784,3965.83611327
568,0.803571428571,882,27.2101918893,129.906082962,46.7701965299,14249319.8761,3.61568674526,7.25327372789,0.804144401814,0.0310830264748,8394.12674091,779.590017104,-531.567931153,0.92894076764,0.0898939388291,0.79970835513,449.319228113,3997.20320996
568.5,0.803571428571,882,42.4758147704,112.99337208,46.8042387496,14259691.4057,3.70397791494,7.25327372789,0.810949730795,0.0313121725447,8475.95961514,460.036946973,-849.82942387,0.927803220687,0.0919308562143,0.80633035147,460.169554243,4036.1712453
569,0.803571428571,882,48.2903684687,90.9645274293,46.8390787647,14270305.997,3.78720548157,7.25327372789,0.816885079204,0.0315281768163,8549.26461962,19.7186004475,-987.238363937,0.92620686217,0.0937964597232,0.812094503555,470.207270945,4071.0783903
569.5,0.803571428571,882,43.3600873536,68.7210708755,46.8698849592,14279691.6176,3.88436739572,7.25327372789,0.824100079937,0.031780345531,8634.37658997,-446.013821658,-908.842646868,0.924699938706,0.0960400562771,0.819101483153,482.088071167,4111.60789998
570,0.803571428571,882,28.781982234,51.2122764437,46.890251272,14285896.5542,4.00198194442,7.25327372789,0.832853181041,0.0320855958941,8731.49704846,-837.0196539,-621.100765894,0.92293852484,0.0987911123842,0.827595446307,496.328484237,4157.85573736
570.5,0.803571428571,882,7.79975027696,42.3339334996,46.8581897409,14276128.4744,4.11520213997,7.25327372789,0.840841030936,0.0323794413934,8801.07258853,-1054.36342315,-172.528845057,0.920803794006,0.101403194149,0.835331945843,508.755190281,4190.98694692
571,0.803571428571,882,-14.9179629152,44.0615152355,46.7837300007,14253443.0735,4.12763442425,7.25327372789,0.840048947222,0.0324117074637,8764.73345112,-1013.15843504,329.010850894,0.91874687624,0.1014267806,0.83453301953,507.25756684,4173.68259577
571.5,0.803571428571,882,-34.3163589773,56.0106265644,46.7275647737,14236331.4011,4.03223787151,7.25327372789,0.83150958754,0.0321641204714,8656.6932285,-729.486059999,736.50388264,0.918520926662,0.0989393775208,0.826228615089,493.63014625,4122.23487071
572,0.803571428571,882,-46.0792032659,75.5225338411,46.7171391916,14233155.0737,3.91746830635,7.25327372789,0.823034850747,0.031866253823,8566.72712396,-302.178127298,961.779305678,0.920254280283,0.0962630501313,0.8180068758,480.063075374,4079.39386855
572.5,0.803571428571,882,-47.5892074309,98.2557456414,46.7198037819,14233966.8855,3.78519391871,7.25327372789,0.813296416734,0.0315229561162,8468.65996065,166.895955781,962.050746723,0.922337987347,0.0932242977281,0.808550547923,464.961876214,4032.69521936
573,0.803571428571,882,-38.5103884217,119.152015087,46.7261758389,14235908.2389,3.65713536881,7.25327372789,0.80414982683,0.031190599964,8377.87541429,571.421866132,754.859585245,0.924736382014,0.0903669092662,0.799664691747,450.833428906,3989.46448299
573.5,0.803571428571,882,-20.8628263005,133.561823639,46.7311328226,14237418.4666,3.55487103013,7.25327372789,0.797149682429,0.030925188696,8308.37971306,833.191483514,399.035847068,0.927054114508,0.0881592289841,0.792863124276,439.912807132,3956.37129193
574,0.803571428571,882,1.42681310113,138.278920911,46.7402937644,14240209.5002,3.54800198076,7.25327372789,0.798131222451,0.0309073611411,8321.89536579,924.495284558,-27.3221099196,0.928901272745,0.0882278918517,0.793841641842,440.428061427,3962.80731704
574.5,0.803571428571,882,23.3989798562,132.253730506,46.7636707243,14247331.6807,3.60006370573,7.25327372789,0.802837242363,0.031042479293,8378.41553586,821.79188184,-455.086248216,0.929025210932,0.0895202389066,0.798434342994,447.326497706,3989.72168374
575,0.803571428571,882,40.1647631993,116.826885715,46.7987694055,14258025.0789,3.69312361705,7.25327372789,0.81023841285,0.031284001894,8466.72751273,535.252565613,-801.371160948,0.928085426975,0.0916982956301,0.805640364562,458.898179241,4031.77500606
575.5,0.803571428571,882,47.9936972374,95.4309322849,46.832707276,14268364.8168,3.77972319137,7.25327372789,0.81639910678,0.0315087576898,8541.98192314,110.807971568,-979.22123862,0.9264032462,0.0936353246725,0.811623514529,469.27179577,4067.61043959
576,0.803571428571,882,45.1438072109,72.8265707994,46.8648756395,14278165.4448,3.8756647835,7.25327372789,0.823455496183,0.0317577592475,8625.93618969,-359.128422782,-944.04117504,0.924835489498,0.0958383764544,0.818475726619,480.972881275,4107.58866176
576.5,0.803571428571,882,32.2492070961,54.0433783334,46.8897795324,14285752.8309,3.98464328783,7.25327372789,0.831473572126,0.0320405960936,8717.18598946,-772.597999189,-692.936981369,0.923096376686,0.0983693832982,0.826255629556,494.199765098,4151.04094736
577,0.803571428571,882,12.179006254,43.2607038279,46.8680904732,14279144.8975,4.09645245265,7.25327372789,0.839486144585,0.0323307794811,8790.95918808,-1029.81463075,-268.342055948,0.921118641648,0.100963408028,0.834019578002,506.762798055,4186.17104194
577.5,0.803571428571,882,-10.6010809389,42.8777432318,46.7994029075,14258218.0858,4.13866447219,7.25327372789,0.841324551425,0.0324403342465,8783.68490767,-1043.39993185,234.733391136,0.919087612478,0.101762022508,0.835777402716,509.275235916,4182.70709889
578,0.803571428571,882,-31.0223776081,52.9797070846,46.7360162505,14238906.2843,4.06005086887,7.25327372789,0.833757000906,0.0322363048027,8682.70065836,-800.319525455,670.65418911,0.918320450117,0.0996235038451,0.828411174109,497.22321559,4134.61936112
578.5,0.803571428571,882,-44.5410488991,71.318860769,46.7160918495,14232835.9835,3.93227729953,7.25327372789,0.82387825025,0.0319046882734,8574.86962034,-391.13464608,932.574142386,0.919749026995,0.096567625757,0.818821087921,481.560398891,4083.27124778
579,0.803571428571,882,-48.14912667,93.8146560679,46.7188074653,14233663.3411,3.81723066223,7.25327372789,0.815868624479,0.0316061025271,8494.50580961,77.7453298671,981.312513924,0.922069245547,0.0939890061524,0.811052787954,468.755912749,4045.00276648
579.5,0.803571428571,882,-41.0437965942,115.461672395,46.7250010012,14235550.305,3.69145628203,7.25327372789,0.806661280341,0.0312796745839,8403.03431175,503.318378604,811.340937602,0.924155855933,0.091137866109,0.802106432217,454.656808417,4001.44491036
580,0.803571428571,882,-24.8060281359,131.443346488,46.7313622989,14237488.3804,3.56330286299,7.25327372789,0.797358808737,0.0309470722135,8310.5264108,793.814823904,475.140029103,0.926433409735,0.0882854502722,0.79306019344,440.546975498,3957.39352895
580.5,0.803571428571,882,-3.04880138501,138.203680462,46.7378419122,14239462.5026,3.54691499325,7.25327372789,0.797904479414,0.0309045400332,8318.68520168,922.476306932,58.3450685764,0.92874911299,0.088181877784,0.793618677511,440.152180413,3961.27866747
581,0.803571428571,882,19.386798058,134.238468114,46.7575105974,14245454.8954,3.58610487107,7.25327372789,0.80162093362,0.0310062512974,8363.76340472,856.894281381,-375.520154708,0.929044821796,0.0891797056056,0.7972480724,445.507480527,3982.74447844
581.5,0.803571428571,882,37.5087434681,120.429987898,46.7911775048,14255712.0798,3.6668946026,7.25327372789,0.808142921754,0.0312159285453,8442.54995839,602.856459644,-743.095540131,0.92833749941,0.0910805872186,0.803600487063,455.659023543,4020.26188495
582,0.803571428571,882,47.2848164942,99.8506918085,46.8248547551,14265972.4154,3.7454599777,7.25327372789,0.813797105039,0.0314198328202,8512.50619485,199.214559584,-956.260136452,0.926877653108,0.0928417028795,0.80909415538,465.138384138,4053.5743785
582.5,0.803571428571,882,46.5397947655,77.0795703175,46.8580964904,14276100.0641,3.84933022258,7.25327372789,0.821690349409,0.0316894119693,8605.41751748,-268.47584092,-967.058437135,0.925456022648,0.0952578119102,0.816765081533,477.920974215,4097.81786547
583,0.803571428571,882,35.4394491316,57.1833053881,46.8872639442,14284986.415,3.95721181885,7.25327372789,0.829494456287,0.0319694019603,8696.00679626,-700.512128941,-756.49800363,0.92357394718,0.0977355753423,0.824336613881,490.962882038,4140.95561727
583.5,0.803571428571,882,16.4536588662,44.5889098356,46.8760991793,14281584.8833,4.07440203654,7.25327372789,0.838007464802,0.0322735510378,8778.88188108,-995.955365247,-360.861405582,0.921616664931,0.100465430663,0.832589208675,504.435663574,4180.41994337
584,0.803571428571,882,-6.19314812362,42.0986960896,46.8153954054,14263090.4669,4.14352691254,7.25327372789,0.842116498722,0.032452953958,8797.84203461,-1063.29898073,137.473670856,0.919488285147,0.101946495742,0.83655263053,510.547199354,4189.44858791
584.5,0.803571428571,882,-27.4619504373,50.266748457,46.7461386717,14241990.2486,4.07870116418,7.25327372789,0.835305325475,0.0322847087584,8702.23323137,-863.365217353,596.721684922,0.918232069509,0.100089976415,0.829915228086,499.767807264,4143.92058637
585,0.803571428571,882,-42.620339216,67.2756367501,46.7159896085,14232804.8341,3.95190713672,7.25327372789,0.825291015838,0.0319556344786,8589.18228692,-478.005900534,896.516809027,0.919410170988,0.0970179424756,0.820191405853,483.803906467,4090.08680329
585.5,0.803571428571,882,-48.2955014408,89.3408030775,46.7181910752,14233475.5476,3.82959881136,7.25327372789,0.816637468957,0.0316382021445,8502.07720132,-13.4719164838,987.008494296,0.921712958022,0.0942505308806,0.811797123035,470.047824157,4048.60819111
586,0.803571428571,882,-43.2246867418,111.55264383,46.7223649577,14234747.1904,3.70319963101,7.25327372789,0.807497406482,0.0313101526292,8410.59605913,427.217622102,856.801978981,0.923931671136,0.091398823002,0.802918826711,455.907191052,4005.04574244
586.5,0.803571428571,882,-28.5361753132,128.968919647,46.7316301155,14237569.9752,3.58949361813,7.25327372789,0.799482851638,0.0310150462661,8332.31233195,751.610042133,550.389287758,0.926220944629,0.0888984069788,0.795130075141,443.610731974,3967.76777712
587,0.803571428571,882,-7.49823024672,137.714426992,46.7360530837,14238917.5062,3.54839437562,7.25327372789,0.797628881466,0.0309083795413,8315.17415248,912.79166585,143.44345116,0.928276310872,0.0881575514428,0.793344443857,439.997075059,3959.60673928
587.5,0.803571428571,882,15.2081064256,135.843249219,46.7513033313,14243563.7483,3.57239932753,7.25327372789,0.800387061033,0.0309706806798,8348.91480663,884.361384727,-293.379336909,0.929018131438,0.088840003294,0.796044021612,443.692630764,3975.67371744
588,0.803571428571,882,34.5305676679,123.771732211,46.78393464,14253505.4203,3.65924818343,7.25327372789,0.807683093738,0.0311960834474,8435.2584416,667.700956913,-682.703893615,0.928584929731,0.0909236381456,0.80315507068,454.733026812,4016.78973409
588.5,0.803571428571,882,46.1698146925,104.185845455,46.8184925028,14264034.0492,3.7448189789,7.25327372789,0.813861989874,0.031418169207,8510.87588185,286.815815865,-933.482118618,0.927015914264,0.0928441728977,0.809159069329,465.024364322,4052.79803897
589,0.803571428571,882,47.5360601236,81.4435411572,46.8520495637,14274257.7671,3.82923239635,7.25327372789,0.819931858318,0.031637251171,8585.1610528,-176.807508399,-982.267606727,0.925467628628,0.0947525882343,0.815052829558,475.263513551,4088.17192991
589.5,0.803571428571,882,38.325307907,60.6050893208,46.882257336,14283461.0684,3.93177214855,7.25327372789,0.8275864784,0.0319033772322,8674.61985093,-623.501436863,-812.92591119,0.923938313279,0.0971381698142,0.82248488173,487.857684086,4130.77135759
590,0.803571428571,882,20.5869938662,46.3071437927,46.8823361431,14283485.0783,4.048590524,7.25327372789,0.836163989112,0.0322065612508,8762.38298781,-952.808964663,-448.940033083,0.922078413286,0.0998662039115,0.830803358558,501.560394296,4172.56332753
590.5,0.803571428571,882,-1.73202343708,41.7310649091,46.8308322707,14267793.5652,4.14129192549,7.25327372789,0.842350453644,0.032447153395,8806.10783684,-1072.27469075,38.4761936818,0.919957228522,0.10195680492,0.836786660056,510.935611919,4193.38468421
591,0.803571428571,882,-23.6656573541,47.895051811,46.7553357718,14244792.2985,4.0934838517,7.25327372789,0.836633179985,0.0323230749366,8719.20377506,-918.792979258,516.420058965,0.918272693294,0.100476338847,0.831206571411,501.894419347,4152.00179765
591.5,0.803571428571,882,-40.3335708577,63.4275883318,46.718492447,14233567.3655,3.98161123967,7.25327372789,0.827646267649,0.0320327268818,8614.06493523,-563.141874785,854.77836913,0.919141557269,0.0977351630042,0.822479347983,487.432728417,4101.93568344
592,0.803571428571,882,-48.0270745559,84.8726118146,46.7169201943,14233088.3525,3.86278584225,7.25327372789,0.819066898006,0.0317243339482,8526.31848461,-105.626806962,989.38218634,0.921173694981,0.0950104065141,0.81415602892,473.811709254,4060.15165934
592.5,0.803571428571,882,-45.0343275786,107.458503359,46.7225222996,14234795.1273,3.73687826504,7.25327372789,0.809928702712,0.0313975603128,8435.39950699,348.925653625,900.056085141,0.923329951589,0.0921541635541,0.805281267888,459.678007229,4016.85690809
593,0.803571428571,882,-32.0212302478,126.159795539,46.7304648715,14237214.9642,3.61645849514,7.25327372789,0.801330237209,0.0310850294322,8350.70654583,701.961363137,621.620396327,0.925611394495,0.089480555461,0.79692512717,446.493435914,3976.52692658
593.5,0.803571428571,882,-11.883258114,136.815362613,46.7345324997,14238454.2349,3.55115917848,7.25327372789,0.797454333377,0.0309155551593,8312.79072894,895.58681859,227.328994901,0.927789278019,0.0881627498459,0.793168654771,439.99438812,3958.47177568
594,0.803571428571,882,10.8987950142,137.054290636,46.7472373571,14242324.9815,3.56152796934,7.25327372789,0.799383684533,0.0309424657517,8337.1911334,904.779675137,-209.566610803,0.928968247865,0.0885672859811,0.795064492439,442.25366586,3970.09101591
594.5,0.803571428571,882,31.2558148323,126.823416995,46.7784195653,14251825.1609,3.64630056894,7.25327372789,0.806710171049,0.0311624799174,8423.33276067,725.504769428,-615.81038871,0.928781144698,0.0906289039505,0.80220870227,453.152125975,4011.11083841
595,0.803571428571,882,44.6582683885,108.399159343,46.8127478692,14262283.8508,3.72313223863,7.25327372789,0.812155181095,0.0313618846281,8491.32653971,369.868920928,-897.742403941,0.927249987943,0.0923343342363,0.807498592388,462.357275276,4043.48882843
595.5,0.803571428571,882,48.1240465352,85.8810019326,46.8462804524,14272500.1112,3.81895454571,7.25327372789,0.81937475322,0.0316105765999,8577.38550278,-84.9080634082,-992.017847024,0.92586022333,0.0945472172166,0.814515216852,474.116624105,4084.46928704
596,0.803571428571,882,40.8819972835,64.279341025,46.878347541,14282269.8842,3.9224548428,7.25327372789,0.826934528648,0.0318791956068,8666.50845295,-544.289671756,-865.127479968,0.924124611016,0.0969270611261,0.821852871629,486.716240923,4126.90878712
596.5,0.803571428571,882,24.5435107593,48.4006480867,46.8874035425,14285028.9459,4.0216476149,7.25327372789,0.833954345209,0.032136635099,8741.63512687,-901.277783191,-531.751576681,0.922247500187,0.0991976457409,0.82865701004,498.310383695,4162.68339375
597,0.803571428571,882,2.7439772973,41.7780072105,46.8449327054,14272089.4976,4.13288412822,7.25327372789,0.842062626288,0.0324253322581,8808.54016383,-1070.33172123,-60.9051134912,0.92044663708,0.101809812062,0.836513975335,510.506268284,4194.54293516
597.5,0.803571428571,882,-19.6661040591,45.8849872364,46.7682368766,14248722.8351,4.11206717544,7.25327372789,0.83839547279,0.0323713050781,8742.01628086,-967.993488518,431.523408499,0.918425512056,0.100977743837,0.832921584206,504.67740665,4162.86489565
598,0.803571428571,882,-37.7003844797,59.8077657322,46.7237157808,14235158.7412,3.99764802667,7.25327372789,0.82874340119,0.0320743478811,8627.12397523,-642.362145915,802.103602582,0.918803850086,0.0980960617875,0.82354207632,489.342034942,4108.15427392
598.5,0.803571428571,882,-47.3461514871,80.4484587965,46.7170992614,14233142.9083,3.87608567747,7.25327372789,0.819972687432,0.0317588516127,8535.58063375,-197.378701245,978.388899793,0.920882496628,0.0953052285758,0.815034199403,475.28561432,4064.56220655
599,0.803571428571,882,-46.4571764143,103.214414842,46.7215762731,14234506.9045,3.75892533769,7.25327372789,0.811652478515,0.0314547800786,8452.62210489,265.571753578,933.655705108,0.923088742685,0.0926703073746,0.806958092592,462.233886665,4025.05814519
599.5,0.803571428571,882,-35.2312604092,123.04010124,46.7287822159,14236702.3151,3.63424020787,7.25327372789,0.802549159482,0.0311311791162,8362.51311276,644.112292568,686.828643385,0.925212191846,0.0898654851869,0.798109327267,448.38188059,3982.14910132
600,0.803571428571,882,-16.1662227456,135.514209233,46.7330158865,14237992.1734,3.5548044767,7.25327372789,0.797499677884,0.0309250159668,8312.67707915,871.11165193,309.410736529,0.927467972187,0.0882106119794,0.793209291909,440.204681832,3958.41765674
600.5,0.803571428571,882,6.49587574942,137.861190941,46.7438050845,14241279.2824,3.55375773776,7.25327372789,0.798640694565,0.0309222993179,8328.35817681,918.097242637,-124.607129427,0.928902473654,0.0883687453359,0.794338789471,441.197474732,3965.8848461
601,0.803571428571,882,27.7126112434,129.558831859,46.7714721618,14249708.5186,3.62247137297,7.25327372789,0.804726941111,0.0311006349262,8400.54623991,774.264724142,-542.404724586,0.92892136108,0.0900586777427,0.80027628592,450.16720207,4000.26011424
601.5,0.803571428571,882,42.7631599904,112.454446055,46.8048760597,14259885.5728,3.70411186568,7.25327372789,0.810854406309,0.0313125201931,8475.19825175,449.203630836,-855.481657697,0.927680640574,0.0919179531505,0.806235965484,460.11749673,4035.80869131
602,0.803571428571,882,48.2987038875,90.3538400655,46.8389521981,14270267.4363,3.78617747527,7.25327372789,0.816792395376,0.0315255087851,8548.26759898,7.23178081748,-987.128576713,0.926204438415,0.0937703500723,0.8120041849,470.073841263,4070.60361856
602.5,0.803571428571,882,43.0875583012,68.1745029922,46.87102183,14280037.9842,3.88931111546,7.25327372789,0.824551419366,0.0317931761907,8639.42963137,-458.101205247,-904.376307303,0.924718563134,0.096167888486,0.819541082835,482.753163281,4114.01411017
603,0.803571428571,882,28.2892277104,50.8514419735,46.8899078369,14285791.921,4.00340331778,7.25327372789,0.832896996096,0.0320892848487,8731.80593653,-844.997022996,-610.605202417,0.92284884655,0.0988148651016,0.827636847139,496.440546182,4158.00282692
603.5,0.803571428571,882,7.19641048827,42.2391198146,46.8570161311,14275770.9146,4.11951353544,7.25327372789,0.841194980336,0.0323906309533,8804.25180037,-1057.53266761,-159.344617421,0.920777981693,0.101511172315,0.835675552957,509.271421727,4192.50085732
604,0.803571428571,882,-15.4976420194,44.2538188278,46.7818538816,14252871.4826,4.12632562767,7.25327372789,0.83986296347,0.0324083106847,8762.12080122,-1008.38629194,341.615614011,0.918668520766,0.101381535104,0.834351173278,506.990619117,4172.43847677
604.5,0.803571428571,882,-34.7433960614,56.4472589776,46.7263341156,14235956.4606,4.02665297877,7.25327372789,0.83104327574,0.0321496257465,8651.48959603,-719.061944246,744.578629357,0.91854471396,0.0987999014547,0.825775456199,492.908305363,4119.75695049
605,0.803571428571,882,-46.2585805641,76.1063423032,46.7171375831,14233154.5836,3.9130287768,7.25327372789,0.822737015562,0.0318547317109,8563.70453155,-289.696835882,964.538260136,0.920355723744,0.0961648455212,0.81771831531,479.573296729,4077.95453883
605.5,0.803571428571,882,-47.481012648,98.8568300152,46.7198701628,14233987.1096,3.77871556581,7.25327372789,0.81279917322,0.0315061425536,8463.62055147,178.758210262,958.313620995,0.922418544426,0.0930735042434,0.808067110959,464.211103632,4030.2955007
606,0.803571428571,882,-38.1386954073,119.636631263,46.726234582,14235926.136,3.65075661387,7.25327372789,0.803690866205,0.0311740448925,8373.22213431,580.011044488,746.402800039,0.924853742769,0.090225124163,0.799218528606,450.127205915,3987.24863539
606.5,0.803571428571,882,-20.310338504,133.822142233,46.7326961287,14237894.7539,3.55932916607,7.25327372789,0.797641922782,0.030936759098,8313.98266856,839.401881157,389.03931845,0.927169435373,0.0882828390609,0.793344729844,440.559093714,3959.03936598
607,0.803571428571,882,2.03716453851,138.257019807,46.740785867,14240359.4275,3.54900469993,7.25327372789,0.798150668552,0.0309099635436,8322.26006081,924.244234699,-39.0168640207,0.928820825121,0.0882421058782,0.7938597145,440.508292537,3962.98098134
607.5,0.803571428571,882,23.9313888601,131.954482803,46.7647733829,14247667.624,3.60215763858,7.25327372789,0.803006599077,0.0310479137717,8380.54205165,816.458513234,-465.718675648,0.929007119996,0.089569409994,0.798599331269,447.593309462,3990.73431031
608,0.803571428571,882,40.5007662544,116.316875438,46.7995890703,14258274.8034,3.69536266409,7.25327372789,0.810403002594,0.0312898129941,8468.7055283,525.385251165,-808.549833407,0.928047608219,0.0917489503077,0.805800353145,459.167761211,4032.71691824
608.5,0.803571428571,882,48.0585320788,94.8236391277,46.8335203129,14268612.522,3.78217799605,7.25327372789,0.816579663786,0.0315151287556,8544.12454219,98.4796589591,-981.165407257,0.926362738581,0.0936914049296,0.811798910625,469.569156418,4068.63073437
609,0.803571428571,882,44.9230477804,72.2571203543,46.8655200729,14278361.7822,3.87685714287,7.25327372789,0.823520762782,0.0317608538318,8626.83704193,-371.140047355,-939.686365096,0.924791019296,0.0958624362975,0.818538692963,481.106858619,4108.01763902
609.5,0.803571428571,882,31.7919734086,53.6384760112,46.8899772904,14285813.0811,3.98746429123,7.25327372789,0.831701724698,0.0320479175715,8719.59794634,-781.853826519,-683.598302144,0.923074750068,0.0984385200268,0.82647727474,494.551273909,4152.18949826
610,0.803571428571,882,11.5870349621,43.1104423055,46.8670052752,14278814.2738,4.10159579657,7.25327372789,0.839889971367,0.0323441282344,8794.68141948,-1034.36317507,-255.604933431,0.921067418996,0.101089055469,0.834411355087,507.369960314,4187.94353308
610.5,0.803571428571,882,-11.1960734298,43.0155564069,46.7973465843,14257591.5927,4.13723578938,7.25327372789,0.841114135665,0.0324366263213,8780.75043549,-1039.73937923,247.762824192,0.918994146536,0.101711387275,0.835571611319,508.977097386,4181.30973119
611,0.803571428571,882,-31.4880026617,53.3749308755,46.7344635085,14238433.2156,4.05604360549,7.25327372789,0.833430614567,0.0322259045706,8678.80162138,-790.935190043,679.997880268,0.918346417733,0.0995243967737,0.828094193115,496.695564154,4132.76267685
611.5,0.803571428571,882,-44.7737027443,71.8835560176,46.7157849428,14232742.4792,3.93085797143,7.25327372789,0.823819311901,0.0319010046269,8574.16630082,-379.205042632,937.182477666,0.919821829299,0.0965418193862,0.818764685283,481.425382873,4082.93633372
612,0.803571428571,882,-48.0970427285,94.4231754173,46.7189529083,14233707.6527,3.81460835231,7.25327372789,0.815661469642,0.0315992967274,8492.44886301,90.0882974892,979.60860353,0.922095004125,0.093926826009,0.810851342706,468.44871541,4044.0232681
612.5,0.803571428571,882,-40.7185637888,115.978617419,46.7252010551,14235611.2548,3.68827401707,7.25327372789,0.806423078808,0.0312714155076,8400.6794382,513.133538349,804.279164545,0.924203383231,0.091065450595,0.801874782725,454.299441417,4000.323542
613,0.803571428571,882,-24.2800123001,131.75369448,46.7317728169,14237613.4515,3.56424125925,7.25327372789,0.7974910347,0.0309495076758,8312.03120995,800.047812817,465.232381898,0.926490977331,0.0883157479488,0.793189858178,440.705904569,3958.11009998
613.5,0.803571428571,882,-2.43904352404,138.23837753,46.738309519,14239604.9668,3.54789290844,7.25327372789,0.79797629879,0.0309070780608,8319.584278,923.386210957,46.6885345935,0.928732177172,0.0882036025727,0.793688569527,440.269427366,3961.70679905
614,0.803571428571,882,19.9446239433,133.989793995,46.7585445102,14245769.8941,3.58858113326,7.25327372789,0.801824482787,0.0310126780528,8366.21440573,852.674522982,-386.595870593,0.929027178779,0.0892382453152,0.797446438935,445.81963786,3983.91162178
614.5,0.803571428571,882,37.8905184865,119.953273758,46.7913676685,14255770.0163,3.66699445009,7.25327372789,0.808112813123,0.031216187684,8442.3046251,593.394829849,-750.637073993,0.928292787459,0.0910771883703,0.803570603535,455.645723295,4020.14505957
615,0.803571428571,882,47.405593903,99.252008793,46.8265693194,14266494.786,3.75177482956,7.25327372789,0.814352131179,0.0314362220411,8518.8198617,187.438361196,-960.39973929,0.926875847561,0.0929992382464,0.809634961756,465.961760734,4056.58088652
615.5,0.803571428571,882,46.3727010213,76.4921282215,46.8590629069,14276394.499,3.85703275931,7.25327372789,0.82226662942,0.0317094027116,8611.66928017,-281.221118599,-965.435789405,0.925341679391,0.0954367046146,0.817324740535,478.838253267,4100.79489532
616,0.803571428571,882,35.0216633809,56.7378128495,46.8875710213,14285079.9712,3.95999588307,7.25327372789,0.829613500695,0.0319766275682,8697.32294253,-710.405016509,-747.983445576,0.923434279138,0.0977870575808,0.824450578638,491.227931157,4141.58235358
616.5,0.803571428571,882,15.8781404095,44.384491046,46.8753072685,14281343.6145,4.07978495776,7.25327372789,0.83843326019,0.032287521577,8782.94205394,-1001.71635289,-348.683885513,0.921566125377,0.10059713571,0.833002420243,505.079887187,4182.35335902
617,0.803571428571,882,-6.79834371432,42.180835194,46.8133914108,14262479.9165,4.14314129775,7.25327372789,0.841993207222,0.0324519531545,8795.81438041,-1061.13225484,150.858799479,0.919390478378,0.101922237953,0.83643143633,510.382018595,4188.48303829
617.5,0.803571428571,882,-27.9621642879,50.6171691173,46.7440204388,14241344.8937,4.0774094057,7.25327372789,0.83519890276,0.0322813561992,8700.3608913,-855.397983498,607.340265033,0.918239078588,0.100057764783,0.829811868339,499.561691719,4143.02899586
618,0.803571428571,882,-42.9042713848,67.816368716,46.7153399023,14232606.8902,3.94598424576,7.25327372789,0.824794213402,0.0319402625315,8583.88428771,-465.911851737,901.097222201,0.919433642162,0.0968709871128,0.819708293656,483.057640689,4087.56394653
618.5,0.803571428571,882,-48.2999756806,89.9515309356,46.7186309559,14233609.5646,3.82691041429,7.25327372789,0.816497050727,0.0316312248258,8500.81919984,-0.990019603638,986.565829974,0.921820467425,0.0941977595802,0.811661721606,469.793488913,4048.00914278
619,0.803571428571,882,-42.9487075133,112.097477751,46.7227174185,14234854.5735,3.70156347017,7.25327372789,0.807396232034,0.0313059062269,8409.69596273,437.860737471,851.027115285,0.923980404003,0.0913647653626,0.802820786301,455.744183815,4004.61712511
619.5,0.803571428571,882,-28.0411492967,129.326631513,46.7315420232,14237543.1364,3.58525080207,7.25327372789,0.799134682061,0.0310040346935,8328.72510417,757.6529802,540.230869407,0.926250549137,0.0887983701919,0.794790752142,443.109869175,3966.05957342
620,0.803571428571,882,-6.8943030663,137.805424224,46.7364711966,14239044.8912,3.54931876415,7.25327372789,0.797776317047,0.0309107786487,8316.83987401,914.884685788,131.940933418,0.928352920163,0.0881899257104,0.793489171495,440.166531617,3960.39994001
620.5,0.803571428571,882,15.7865581229,135.647284504,46.7520991153,14243806.1971,3.57486021644,7.25327372789,0.800590100527,0.0309770675362,8351.27469023,881.187799122,-304.748082149,0.929001453609,0.0888981923071,0.796241922521,443.998358278,3976.79747154
621,0.803571428571,882,34.9548356505,123.332408624,46.7845550259,14253694.4312,3.65975374076,7.25327372789,0.807689096853,0.0311973955432,8435.53813795,659.081092392,-691.161311655,0.928540507595,0.0909303328537,0.803160400687,454.778569896,4016.92292284
621.5,0.803571428571,882,46.3454973325,103.600914565,46.8196396228,14264383.5384,3.74466532219,7.25327372789,0.813840419095,0.0314177704148,8511.07067282,274.987908585,-937.029000715,0.927006773443,0.0928391133124,0.809137938234,465.021809171,4052.89079658
622,0.803571428571,882,47.4240672047,80.8431528482,46.8526159465,14274430.325,3.82842170377,7.25327372789,0.819862974459,0.0316351471438,8584.66236709,-189.178268208,-979.769865811,0.925470410733,0.0947325491861,0.814985781194,475.174489282,4087.93446052
622.5,0.803571428571,882,37.9505583821,60.1228328236,46.8818854359,14283347.7628,3.93168943691,7.25327372789,0.827592374025,0.0319031625669,8674.5447765,-633.720239948,-804.963764538,0.9239530089,0.0971381110431,0.822490812537,487.849648956,4130.73560786
623,0.803571428571,882,20.0328712727,46.0503234531,46.8821006655,14283413.3361,4.05542588219,7.25327372789,0.836764723384,0.0322243013653,8768.45537623,-960.091386712,-437.62295132,0.922079914375,0.100042467725,0.831387462348,502.440600919,4175.45494106
623.5,0.803571428571,882,-2.34222420797,41.7568244644,46.828839767,14267186.5157,4.14182933315,7.25327372789,0.842283761153,0.0324485481534,8804.65792321,-1071.5677718,52.0250159263,0.919833051665,0.10195266734,0.836720082346,510.87140259,4192.69424915
624,0.803571428571,882,-24.1961637519,48.1976596386,46.7538392728,14244336.3651,4.09082685463,7.25327372789,0.836392260337,0.0323161791119,8716.18783497,-911.497128441,527.595670207,0.918262925252,0.10040648885,0.830972253196,501.513402668,4150.5656357
624.5,0.803571428571,882,-40.6663427061,63.9397127624,46.7179845048,14233412.6124,3.97862745993,7.25327372789,0.827428924018,0.0320249829431,8611.66995472,-551.885823039,861.20225037,0.919189838867,0.0976660165565,0.822268552873,487.077284074,4100.79521653
625,0.803571428571,882,-48.0880685486,85.4803027462,46.7169105525,14233085.415,3.85915767747,7.25327372789,0.818797219033,0.0317149176079,8523.57229439,-93.0258673154,989.764144163,0.921227870483,0.0949265692024,0.813894138298,473.393421754,4058.84394971
625.5,0.803571428571,882,-44.8099722645,108.026546693,46.722499833,14234788.2824,3.73135790673,7.25327372789,0.809501661421,0.031383233077,8431.04023366,359.776483393,894.324049816,0.923395746284,0.0920258259477,0.804865886046,459.03739963,4014.78106365
626,0.803571428571,882,-31.5614457427,126.561798952,46.7307631572,14237305.8419,3.61334645216,7.25327372789,0.801142793338,0.0310769526061,8348.90940395,709.271442284,612.268345211,0.925711329723,0.0894171456611,0.796743450782,446.182727327,3975.67114474
626.5,0.803571428571,882,-11.2903486395,136.96187845,46.7349978055,14238595.9981,3.55208893238,7.25327372789,0.797584694487,0.0309179681917,8314.29607305,898.712239158,216.064068165,0.927845499882,0.0881926463411,0.793296491086,440.152357245,3959.18860621
627,0.803571428571,882,11.4929043026,136.912718432,46.7477533671,14242482.1925,3.56245968043,7.25327372789,0.799451556932,0.0309448838637,8338.06765154,902.287771855,-221.046815489,0.928951472258,0.0885879425852,0.795130526484,442.36657875,3970.5084055
627.5,0.803571428571,882,31.7189318151,126.425257233,46.7790980674,14252031.8779,3.64819969758,7.25327372789,0.806863302844,0.0311674088119,8425.14298801,718.035496631,-625.261719159,0.928764330148,0.090673677609,0.802357826059,453.389150192,4011.97285143
628,0.803571428571,882,44.8873473521,107.833004449,46.813561933,14262531.8689,3.72723870255,7.25327372789,0.812487201945,0.0313725423199,8495.02026697,358.879924852,-903.334482435,0.927215657909,0.092432118152,0.807821758354,462.863018682,4045.24774618
628.5,0.803571428571,882,48.0681163294,85.2728240413,46.8471796292,14272774.0604,3.82216771985,7.25327372789,0.819591859374,0.0316189158962,8579.93165213,-97.5215912071,-991.644743435,0.925785894231,0.0946179953177,0.814725724865,474.48976246,4085.68173911
629,0.803571428571,882,40.553502643,63.7644625863,46.8791335987,14282509.3697,3.92533931996,7.25327372789,0.827135890406,0.0318866818209,8668.85756049,-555.57774429,-858.782618635,0.924066371238,0.0969923213811,0.822048071142,487.06027695,4128.02740976
629.5,0.803571428571,882,24.0155432913,48.0936319824,46.8872482912,14284981.646,4.02751978127,7.25327372789,0.834421989704,0.0321518753982,8746.36716182,-909.23548444,-521.061241322,0.922195155503,0.0993409923642,0.829111070502,499.027167741,4164.93674372
630,0.803571428571,882,2.13401225443,41.7471659724,46.8430285811,14271509.3744,4.13404384746,7.25327372789,0.842066552107,0.0324283421299,8807.84823789,-1071.08261439,-47.3693094028,0.920339979503,0.101824396225,0.836516268751,510.537891244,4194.21344662
630.5,0.803571428571,882,-20.2223465771,46.1371831853,46.7666251401,14248231.7927,4.11038635227,7.25327372789,0.838229431941,0.0323669427616,8739.71703853,-961.950634001,443.494069088,0.918404433553,0.100931293113,0.832759913556,504.410482243,4161.77001835
631,0.803571428571,882,-38.0791378883,60.2868840798,46.7228288989,14234888.5379,3.99545673681,7.25327372789,0.828579481774,0.0320686607273,8625.13051407,-631.81240644,809.705444861,0.918834396435,0.0980445198892,0.823383038894,489.066356661,4107.2050067
631.5,0.803571428571,882,-47.4631413659,81.0478934499,46.7168276296,14233060.1511,3.8748780773,7.25327372789,0.81990236105,0.0317557174733,8534.76968395,-184.941058057,980.538327353,0.920922288712,0.0952802832218,0.814966241556,475.15568671,4064.17603998
632,0.803571428571,882,-46.2863719634,103.800788763,46.7221759285,14234689.5996,3.7577753805,7.25327372789,0.811570788052,0.0314517955426,8452.00809428,277.286381115,929.98891567,0.92311064554,0.0926446067279,0.806878761839,462.117555408,4024.76575918
632.5,0.803571428571,882,-34.8106664247,123.482943465,46.7289666609,14236758.5094,3.63094121322,7.25327372789,0.802276955204,0.0311226170861,8359.80008272,652.18117863,678.042582536,0.925233017186,0.0897870925419,0.797844100159,447.994278766,3980.85718225
633,0.803571428571,882,-15.5894233734,135.714985277,46.7335160861,14238144.5676,3.55579081188,7.25327372789,0.797637942292,0.0309275758472,8314.27595415,875.28774634,298.484865927,0.927527591264,0.0882423329538,0.793344876209,440.372408386,3959.17902579
633.5,0.803571428571,882,7.1005399277,137.775227187,46.7442323638,14241409.4602,3.5540580263,7.25327372789,0.798651918287,0.0309230786703,8328.62316172,916.517517359,-136.216395184,0.928884675779,0.0883738094954,0.794349540928,441.230824856,3966.01102939
634,0.803571428571,882,28.2105995953,129.205255649,46.7727803138,14250107.0689,3.62887327864,7.25327372789,0.805287773777,0.0311172500819,8406.75727778,768.727172958,-553.146615564,0.928915942696,0.0902159239605,0.800823182051,450.978438618,4003.21775132
634.5,0.803571428571,882,43.0436677583,111.911929762,46.805733105,14260146.686,3.70449945942,7.25327372789,0.810787483763,0.0313135261327,8474.80830449,438.339491073,-861.07155434,0.927564960898,0.0919122716087,0.806169346399,460.105905961,4035.62300214
635,0.803571428571,882,48.2993167695,89.7430961259,46.8393571182,14270390.802,3.78797677586,7.25327372789,0.816944690628,0.0315301785914,8549.97633858,-5.25316440921,-987.623299533,0.926197425117,0.0938145327782,0.812152456838,470.303462007,4071.41730409
635.5,0.803571428571,882,42.8081399283,67.6314248134,46.872155936,14280383.5085,3.89381423402,7.25327372789,0.824918333898,0.0318048633381,8643.60858099,-470.058153245,-899.579657203,0.924685964964,0.0962775522477,0.81989782282,483.327052994,4116.00408619
636,0.803571428571,882,27.7919499887,50.4968670125,46.8891042745,14285547.1023,4.0056729888,7.25327372789,0.833022437751,0.0320951754286,8732.78214295,-853.023405529,-600.13426867,0.922767156404,0.0988614931465,0.827757746721,496.657779862,4158.46768712
636.5,0.803571428571,882,6.59192005701,42.1519426731,46.8554515451,14275294.2374,4.12113037187,7.25327372789,0.84129889396,0.0323948272021,8804.72151727,-1059.76720879,-146.001762865,0.920736763575,0.101547104457,0.83577595047,509.417668425,4192.72453203
637,0.803571428571,882,-16.0748431873,44.453436831,46.7799577369,14252293.7905,4.12506985029,7.25327372789,0.839726394638,0.0324050515088,8760.01252996,-1003.54076072,354.18172609,0.918639135861,0.101344780527,0.834218041447,506.765733584,4171.43453808
637.5,0.803571428571,882,-35.164877983,56.8892561781,46.7254139765,14235676.1248,4.02183183012,7.25327372789,0.830642782662,0.0321371132011,8647.07166647,-708.699766082,752.666292697,0.91856753749,0.0986798926232,0.825386276373,492.290197634,4117.65317451
638,0.803571428571,882,-46.4305615232,76.6923722386,46.7164794027,14232954.058,3.90526509819,7.25327372789,0.82213572858,0.0318345822843,8557.3460972,-276.938516219,966.24364958,0.920443291207,0.0959807491256,0.817134194998,478.641722419,4074.92671295
638.5,0.803571428571,882,-47.36522607,99.45649826,46.7201601881,14234075.4706,3.77345275233,7.25327372789,0.812461577844,0.0314924837355,8460.29878604,190.633478138,954.835240305,0.922559410516,0.0929612190086,0.807739935725,463.656829054,4028.71370764
639,0.803571428571,882,-37.7609043519,120.116508804,46.726374321,14235968.7098,3.64502743011,7.25327372789,0.803269770291,0.0311591756825,8368.98175716,588.56606099,737.960262214,0.924949075083,0.0900965277139,0.79880900958,449.488335151,3985.22940817
639.5,0.803571428571,882,-19.7546032635,134.075454052,46.7332437935,14238061.6091,3.56033255551,7.25327372789,0.797819500356,0.03093936324,8316.00560678,844.635151514,378.565182807,0.92727300147,0.0883206252057,0.79351916581,440.757988831,3960.0026699
640,0.803571428571,882,2.64719025124,138.22740283,46.7411843853,14240480.8427,3.54892530969,7.25327372789,0.798128096385,0.0309097574985,8322.16893681,923.648193152,-50.6988216032,0.928802717806,0.0882378497185,0.793837485399,440.494556946,3962.93758896
640.5,0.803571428571,882,24.4599714459,131.648526947,46.7657932315,14247978.3379,3.60389749765,7.25327372789,0.803161546826,0.0310524293067,8382.49388515,810.928880862,-476.254473434,0.929008552359,0.0896124071886,0.798750486788,447.827705491,3991.66375483
641,0.803571428571,882,40.8302935942,115.802657325,46.8008748951,14258666.5514,3.69908280078,7.25327372789,0.810703869508,0.0312994680333,8472.24934786,515.643808982,-815.958133532,0.92801618326,0.0918372902607,0.806093253199,459.635124296,4034.40445136
641.5,0.803571428571,882,48.1156827847,94.2155747131,46.834426132,14268888.4949,3.78434698647,7.25327372789,0.816711396289,0.0315207580346,8545.79699887,86.1103400899,-982.845303481,0.92629543257,0.0937367170369,0.811926407314,469.814427891,4069.42714232
642,0.803571428571,882,44.6951055508,71.6905068393,46.866188235,14278565.3489,3.87770589147,7.25327372789,0.823560411894,0.0317630566274,8627.48451635,-383.067441934,-935.101785726,0.924751725504,0.0958785120868,0.818576786089,481.201259213,4108.32596017
642.5,0.803571428571,882,31.329656465,53.239387576,46.8904897124,14285969.199,3.99140385017,7.25327372789,0.832033669679,0.0320581420872,8723.19303096,-791.244725857,-674.34745523,0.923059355568,0.0985371926436,0.826799959857,495.057821257,4153.90144332
643,0.803571428571,882,10.9932110056,42.9676780098,46.866012794,14278511.8979,4.1040631075,7.25327372789,0.840040838145,0.0323505317582,8795.8437299,-1038.01772573,-242.623527899,0.920995884001,0.101142565989,0.834556977085,507.617031897,4188.49701424
643.5,0.803571428571,882,-11.7892757673,43.1608819801,46.7951174838,14256912.4601,4.13599460531,7.25327372789,0.84096463157,0.0324334050201,8778.38075478,-1036.03043627,260.76598008,0.918949309069,0.101672699167,0.835425699602,508.735028359,4180.1813118
644,0.803571428571,882,-31.9485930615,53.7760106919,46.7330547562,14238004.0157,4.05164045715,7.25327372789,0.833066542451,0.0322144768804,8674.5718928,-781.364295816,689.142482554,0.918368977244,0.0994146932644,0.827740512138,496.118156698,4130.74852038
644.5,0.803571428571,882,-44.9991976693,72.4511479258,46.7154795898,14232649.4484,3.92864706144,7.25327372789,0.823697544902,0.0318952665521,8572.82423459,-367.149029278,941.452561838,0.919901821597,0.0964969705567,0.818647230606,481.195444448,4082.29725457
645,0.803571428571,882,-48.0372684941,95.0309875399,46.7190975513,14233751.7206,3.81141381459,7.25327372789,0.815416825472,0.031591005799,8490.01098928,102.387126465,977.620764384,0.922135127944,0.0938522857293,0.810613557358,468.079853116,4042.86237585
645.5,0.803571428571,882,-40.3868204441,116.491408691,46.7254139021,14235676.1022,3.68464625051,7.25327372789,0.806154735733,0.0312620002008,8398.0224998,522.795646755,797.015144081,0.924261279486,0.0909834136478,0.801613865301,453.894317807,3999.05833324
646,0.803571428571,882,-23.7501143045,132.057366424,46.7318605292,14237640.1746,3.56382471066,7.25327372789,0.797510817413,0.0309484265884,8312.27244226,805.853585827,455.071641508,0.926556600353,0.088314000134,0.793209900581,440.698837087,3958.22497251
646.5,0.803571428571,882,-1.82889568153,138.265361706,46.7386691745,14239714.5418,3.54750197909,7.25327372789,0.797948231055,0.0309060634642,8319.42610492,923.826993733,35.0061232239,0.928739694923,0.088195013268,0.793661265173,440.233328932,3961.63147853
647,0.803571428571,882,20.4992608591,133.734086297,46.759579873,14246085.3347,3.5906728111,7.25327372789,0.80201536663,0.031018106679,8368.53941638,848.252367422,-397.59711535,0.929034231758,0.0892905408464,0.797632729123,446.100652892,3985.0187697
647.5,0.803571428571,882,38.2662351452,119.471770354,46.7931699514,14256319.1119,3.67150159679,7.25327372789,0.808477798956,0.0312278852859,8446.68912204,584.58527475,-759.027276514,0.92825501794,0.0911839380925,0.803926005089,456.214918807,4022.23291526
648,0.803571428571,882,47.5187915754,98.6518464629,46.8277731549,14266861.5545,3.75762150363,7.25327372789,0.814795819308,0.031451396179,8523.79638421,175.543508923,-964.142792952,0.926794341362,0.093134500844,0.810066282619,466.663471497,4058.95065915
648.5,0.803571428571,882,46.1981926913,75.9068459151,46.8599605735,14276667.9881,3.86445082415,7.25327372789,0.822825242679,0.0317286551511,8617.71577759,-293.949229967,-963.582962737,0.925235803817,0.0956096922987,0.817867271802,479.724570419,4103.6741798
649,0.803571428571,882,34.5982779751,56.2976386412,46.8879691487,14285201.2673,3.96331881489,7.25327372789,0.829784409994,0.0319852517236,8699.20591157,-720.303887901,-739.451870294,0.923299757145,0.0978530156788,0.82461506821,491.567615851,4142.47900551
649.5,0.803571428571,882,15.3000831783,44.1873657739,46.8747738313,14281181.0939,4.08334639331,7.25327372789,0.838690476131,0.0322967647319,8785.36947198,-1006.85545979,-336.260347032,0.921505801974,0.100680444907,0.833251608927,505.486662497,4183.50927237
650,0.803571428571,882,-7.40245230982,42.2706201612,46.8111384333,14261793.5093,4.14220879896,7.25327372789,0.841852418527,0.0324495329982,8793.51964262,-1058.68859292,164.194293882,0.919325765902,0.101888617036,0.836293714247,510.164551046,4187.39030601
650.5,0.803571428571,882,-28.457907235,50.9738867449,46.7421848534,14240785.652,4.07553019274,7.25327372789,0.835050219888,0.0322764789927,8698.16470777,-847.194808929,617.775875472,0.918256027982,0.100011882017,0.829667562513,499.293395629,4141.98319418
651,0.803571428571,882,-43.1813435389,68.360647649,46.7154820398,14232650.1948,3.94221724744,7.25327372789,0.824495462059,0.0319304858702,8580.89688177,-454.057712898,906.07250019,0.919467787012,0.0967802548243,0.819418028334,482.608131115,4086.14137227
651.5,0.803571428571,882,-48.2967271804,90.5622665434,46.7180826675,14233442.5194,3.82426007939,7.25327372789,0.81632526003,0.0316243462917,8498.87639949,11.4775106434,985.877973204,0.92188884095,0.0941406237946,0.811495269483,469.497514791,4047.08399976
652,0.803571428571,882,-42.6658611652,112.638778479,46.7230647708,14234960.4002,3.69942269205,7.25327372789,0.807250096235,0.0313003501685,8408.33477934,448.364280603,845.003548453,0.924028445267,0.0913181288135,0.802678907872,455.518325042,4003.96894254
652.5,0.803571428571,882,-27.5416397476,129.678055396,46.7310728526,14237400.1958,3.57976043683,7.25327372789,0.798684467903,0.0309897853,8323.95986525,763.294748933,529.824074959,0.926289282932,0.0886690434763,0.794351966569,442.455635747,3963.79041203
653,0.803571428571,882,-6.28927354763,137.88877779,46.7367955906,14239143.7233,3.54889036988,7.25327372789,0.797823676061,0.0309096668176,8317.45136723,916.515631852,120.366770366,0.928452045877,0.0881921417936,0.793536496774,440.183702849,3960.69112725
653.5,0.803571428571,882,16.3624856889,135.444021192,46.7529112269,14244053.6205,3.57687076255,7.25327372789,0.800774385207,0.0309822855975,8353.45151199,877.790823581,-316.055652911,0.929009182744,0.0889484934376,0.796421800015,444.265019091,3977.83405333
654,0.803571428571,882,35.3735146631,122.887755478,46.785763932,14254062.7446,3.66198745606,7.25327372789,0.807854758899,0.0312031928057,8437.66615894,650.684202513,-699.864944995,0.928504213069,0.0909808959799,0.803321496839,455.054972292,4017.93626616
654.5,0.803571428571,882,46.5137697362,103.013809009,46.8211103968,14264831.6342,3.74409839865,7.25327372789,0.813754986134,0.0314162990525,8510.72448856,263.078711137,-940.292160701,0.926966385371,0.0928195567592,0.809054195458,464.953062691,4052.72594693
655,0.803571428571,882,47.3044915958,80.2442286383,46.8523099005,14274337.083,3.82672404693,7.25327372789,0.819722656078,0.0316307411382,8583.11217126,-201.461283973,-976.860082222,0.925480675382,0.0946911958189,0.814849258518,474.960857482,4087.19627203
655.5,0.803571428571,882,37.5697408977,59.6453534219,46.8831419777,14283730.5892,3.93507087232,7.25327372789,0.827917058597,0.0319119385593,8678.34655551,-644.481482996,-797.670375348,0.923983782242,0.0972284755314,0.822807177463,488.329655585,4132.54597882
656,0.803571428571,882,19.4755455997,45.8005302793,46.8817187646,14283296.9836,4.0597895907,7.25327372789,0.837091648341,0.0322356266956,8771.6557933,-966.533082587,-425.882012668,0.92201854552,0.100146147175,0.831704462268,502.953113238,4176.97894919
656.5,0.803571428571,882,-2.95205047786,41.790297678,46.8268286792,14266573.8043,4.14219821641,7.25327372789,0.842243431809,0.0324495055328,8803.47745626,-1070.71156863,65.5634539436,0.919753773848,0.101950693416,0.836679762482,510.817634052,4192.13212203
657,0.803571428571,882,-24.7228013966,48.5069512918,46.7525524176,14243944.3032,4.08758667389,7.25327372789,0.836103209219,0.0323077697241,8712.76004365,-903.942755631,538.596172542,0.918256220333,0.100322088045,0.830691186363,501.064251164,4148.93335412
657.5,0.803571428571,882,-40.992612365,64.456004003,46.7179653446,14233406.775,3.97669031936,7.25327372789,0.827312583468,0.0320199553945,8610.48576329,-540.724588915,867.746513593,0.919248716754,0.0976250058541,0.822156157028,486.872357266,4100.23131585
658,0.803571428571,882,-48.1413736833,86.0887163375,46.7171298453,14233152.2262,3.85565018617,7.25327372789,0.818521190201,0.0317058144569,8520.84225003,-80.433347816,990.000262824,0.921263041748,0.0948431908318,0.813625814875,472.982058941,4057.54392859
658.5,0.803571428571,882,-44.578452231,108.59170774,46.7224690148,14234778.8932,3.72536497018,7.25327372789,0.809031130367,0.0313676793374,8426.23349123,370.489918994,888.345889839,0.923459349925,0.0918855404081,0.804408073477,458.337031542,4012.49213868
659,0.803571428571,882,-31.0966148408,126.957956457,46.7309891003,14237374.6792,3.60963390819,7.25327372789,0.800909813478,0.0310673172727,8346.62191236,716.345946042,602.737167111,0.925819810341,0.0893401223668,0.796517451198,445.802699571,3974.58186303
659.5,0.803571428571,882,-10.6956339379,137.100885498,46.7353961255,14238717.3529,3.55189253472,7.25327372789,0.797625014641,0.030917458472,8314.85805033,901.426512028,204.695259817,0.927912565972,0.0881964349424,0.793336588141,440.178768564,3959.45621444
660,0.803571428571,882,12.085175977,136.763645298,46.7483518521,14242664.5309,3.56410765459,7.25327372789,0.799600190173,0.0309491609256,8339.80235601,899.857917348,-232.551188345,0.928955015901,0.0886287466609,0.795275587424,442.581667167,3971.33445524
660.5,0.803571428571,882,32.1769772205,126.021273394,46.779986966,14252302.6956,3.65079563978,7.25327372789,0.807066738334,0.0311741461782,8427.54257168,710.571403339,-634.737134595,0.928734588438,0.090734009499,0.802555846677,453.708065728,4013.11551033
661,0.803571428571,882,45.1092492248,107.263998215,46.8144282262,14262795.7996,3.73105980104,7.25327372789,0.812782990885,0.0313824593898,8498.36015776,347.776485447,-908.708166027,0.927168729867,0.092521148791,0.80810945178,463.325995839,4046.83817036
661.5,0.803571428571,882,48.0045004557,84.6654019836,46.8480488649,14273038.8875,3.82487674143,7.25327372789,0.819769108589,0.0316259467426,8582.05883884,-110.125182309,-990.984578054,0.925716726097,0.094676796967,0.814897475772,474.802259765,4086.69468516
662,0.803571428571,882,40.218523855,63.2537789787,46.8798707891,14282733.9671,3.92800921382,7.25327372789,0.827326544693,0.0318936111173,8671.08005983,-566.766798814,-852.252136859,0.924017267496,0.0970534083834,0.822232965712,487.382361879,4129.08574278
662.5,0.803571428571,882,23.4837359498,47.7933163368,46.8863623308,14284711.7234,4.03042422583,7.25327372789,0.834632850193,0.0321594134347,8748.19265639,-916.341042098,-509.850791507,0.922146703501,0.0994087154983,0.829315458542,499.34849505,4165.80602685
663,0.803571428571,882,1.52370600183,41.7240399368,46.8414042734,14271014.502,4.13574417392,7.25327372789,0.842167089941,0.0324327550642,8808.2580308,-1071.90521257,-33.8319197308,0.920287223633,0.101860846789,0.836613207445,510.685232502,4194.4085861
663.5,0.803571428571,882,-20.7753557202,46.3963924119,46.7653096034,14247830.9925,4.11052937713,7.25327372789,0.838213716345,0.0323673139605,8739.06048741,-956.204763993,455.592901875,0.918373529019,0.100930513875,0.832744203613,504.378210619,4161.45737496
664,0.803571428571,882,-38.4518027785,60.7707532926,46.7220939302,14234664.6174,3.9951344267,7.25327372789,0.828548974953,0.0320678242213,8624.54795212,-621.449578939,817.532414891,0.918831797191,0.0980359384361,0.823353328784,489.008165646,4106.92759625
664.5,0.803571428571,882,-47.572542307,81.6487594662,46.7168541647,14233068.2355,3.87425654721,7.25327372789,0.819853139739,0.0317541043881,8534.27830738,-172.501108197,982.646378646,0.920928141546,0.0952654334356,0.814918395349,475.082171624,4063.94205114
665,0.803571428571,882,-46.1081667298,104.384956059,46.7223786459,14234751.3608,3.75625114796,7.25327372789,0.811446892192,0.0314478396329,8450.81828741,288.912331811,926.05204429,0.923121918426,0.0926081656866,0.806758175115,461.939793519,4024.19918448
665.5,0.803571428571,882,-34.3845065217,123.920432062,46.7290602718,14236787.0295,3.62700237058,7.25327372789,0.801954312536,0.0311123944295,8356.5398361,660.019394124,669.049295136,0.92526061998,0.0896938897609,0.797529752813,447.531034899,3979.30468386
666,0.803571428571,882,-15.01013139,135.908451898,46.7339880012,14238288.3444,3.55589038382,7.25327372789,0.797707935691,0.0309278342707,8315.16802855,879.124787633,287.436801396,0.927598768831,0.0882538832314,0.793413973718,440.438944893,3959.60382312
666.5,0.803571428571,882,7.70406879228,137.681624595,46.7446790552,14241545.5521,3.55446061166,7.25327372789,0.798685935466,0.0309241235183,8329.13015384,914.838855753,-147.813367065,0.928882879038,0.0883834245371,0.794382713302,441.287264453,3966.25245421
667,0.803571428571,882,28.7040773212,128.845410863,46.773615234,14250361.4413,3.63255750767,7.25327372789,0.805606928345,0.0311268119283,8410.32401384,762.458564185,-563.404250186,0.928908678422,0.0903059325413,0.801134345766,451.444497214,4004.91619707
667.5,0.803571428571,882,43.3172932233,111.365909946,46.8068247668,14260479.2789,3.70519107151,7.25327372789,0.810790288991,0.0313153211049,8475.22397522,427.475498969,-866.664774952,0.927498382218,0.0919206536872,0.806171281728,460.169330551,4035.82094058
668,0.803571428571,882,48.2922070168,89.1323932628,46.8408713768,14270852.1461,3.79354034678,7.25327372789,0.817423677879,0.0315446179788,8555.43994737,-17.7680309776,-988.993507656,0.926184910662,0.0939524451634,0.812618895996,471.025287127,4074.01902256
668.5,0.803571428571,882,42.5218769113,67.0919231724,46.873200983,14280701.8995,3.89780003494,7.25327372789,0.825178861662,0.0318152078677,8646.65381871,-481.852675162,-894.41293116,0.924585163851,0.0963647169025,0.82015010975,483.786203972,4117.45419939
669,0.803571428571,882,27.2902285793,50.148608254,46.8875746805,14285081.086,4.00518087982,7.25327372789,0.832913980859,0.0320938982359,8731.08924552,-860.288649201,-589.125570081,0.922694847434,0.0988386474241,0.827651278976,496.510612672,4157.66154548
669.5,0.803571428571,882,5.98637563588,42.0724160139,46.854139384,14274894.4657,4.12410939102,7.25327372789,0.841567903575,0.0324025587853,8806.9835367,-1062.2900569,-132.68491307,0.920745700532,0.101625637005,0.836037494403,509.783078484,4193.80168414
670,0.803571428571,882,-16.6494741296,44.660337328,46.7788717926,14251962.9395,4.12707934462,7.25327372789,0.839852442217,0.0324102668404,8760.88394437,-999.370642444,366.985431225,0.918584993568,0.101388908511,0.834339762522,506.962853749,4171.84949732
670.5,0.803571428571,882,-35.5807373507,57.3365474945,46.7252198936,14235616.9943,4.01925443474,7.25327372789,0.830384621684,0.0321304239702,8644.36427973,-698.616834522,761.01269741,0.91853101522,0.0986088474959,0.825134703711,491.93168393,4116.36394273
671,0.803571428571,882,-46.5951186451,77.2805299463,46.715994773,14232806.4075,3.8972023782,7.25327372789,0.821471763289,0.0318136567421,8550.40669786,-264.149501431,967.656459525,0.920490103622,0.095783611372,0.816488497426,477.648715493,4071.62223708
671.5,0.803571428571,882,-47.24186621,100.054654494,46.720463117,14234167.763,3.76920846212,7.25327372789,0.812217978228,0.031481468337,8457.94138931,202.506523339,951.478351427,0.922705690109,0.0928750839948,0.807504393659,463.233225917,4027.59113777
672,0.803571428571,882,-37.3770756609,120.59157098,46.7273465333,14236264.9105,3.64518131871,7.25327372789,0.803350071289,0.0311595750766,8370.15986364,597.966887626,730.601694695,0.925025952302,0.0901103647389,0.798888213911,449.576075197,3985.79041126
672.5,0.803571428571,882,-19.1957094361,134.321718595,46.7337819658,14238225.5723,3.56063991703,7.25327372789,0.797844210367,0.0309401609493,8316.44949158,849.442749532,367.893139513,0.927270219775,0.088327776356,0.793543244883,440.803828426,3960.21404361
673,0.803571428571,882,3.2567927016,138.190074718,46.7416151869,14240612.0936,3.5486736598,7.25327372789,0.798101102788,0.0309091043802,8322.04554864,922.878559485,-62.3701908452,0.928797171038,0.088230990988,0.793811082837,440.46843655,3962.87883268
673.5,0.803571428571,882,24.984643098,131.33591186,46.7656293017,14247928.3939,3.60225537697,7.25327372789,0.803020396483,0.0310481674366,8380.99078452,804.478753345,-486.250662632,0.929013092624,0.0895725879612,0.798612858245,447.625575306,3990.94799263
674,0.803571428571,882,41.1532925301,115.284313594,46.8021109873,14259043.1475,3.70231277277,7.25327372789,0.811014839355,0.0313078509258,8475.88662491,505.775511315,-823.21109862,0.928045842917,0.0919215580565,0.80639672516,460.081177087,4036.13648805
674.5,0.803571428571,882,48.1651402173,93.6068362653,46.8353766957,14269178.1,3.78601983781,7.25327372789,0.816807217832,0.0315250996614,8547.11880516,73.7055843483,-984.253108214,0.92623699144,0.0937707873127,0.812019028384,470.004268373,4070.05657388
675,0.803571428571,882,44.460016968,71.1268208507,46.8667614864,14278739.9995,3.87803035529,7.25327372789,0.823561954533,0.0317638987231,8627.70728723,-394.887070304,-930.245281267,0.924721419034,0.0958825540579,0.818577897358,481.233317669,4108.43204154
675.5,0.803571428571,882,30.8623301856,52.8461768385,46.890563568,14285991.7004,3.99323023357,7.25327372789,0.832188684341,0.0320628821827,8724.81053184,-800.083620781,-664.600377014,0.923053470442,0.0985831286028,0.826950664498,495.29016699,4154.67168183
676,0.803571428571,882,10.3976293316,42.8324337676,46.8648069988,14278144.5323,4.10794440721,7.25327372789,0.840350516521,0.032360605071,8798.55817002,-1041.93366499,-229.684100792,0.9209627195,0.10123823578,0.834857484241,508.071037134,4189.78960477
676.5,0.803571428571,882,-12.3805931037,43.3136967152,46.7935797339,14256443.9589,4.13732908468,7.25327372789,0.841016693207,0.0324368684548,8778.32478017,-1032.82942808,273.892769289,0.918878774495,0.101697015488,0.835475281339,508.823255954,4180.15465723
677,0.803571428571,882,-32.404075163,54.1828824047,46.7324055069,14237806.2111,4.05003523911,7.25327372789,0.832904353354,0.0322103107853,8672.67472303,-772.219711933,698.634263945,0.918344722011,0.0993700730717,0.827582475971,495.881705925,4129.8451062
677.5,0.803571428571,882,-45.2174976194,73.0215457407,46.7155832908,14232681.0426,3.92689668786,7.25327372789,0.823570529105,0.0318907237283,8571.57181608,-355.068815474,945.629270675,0.919930983102,0.0964567139195,0.818523999044,480.996834645,4081.7008648
678,0.803571428571,882,-47.9698135241,95.6379952519,46.7192287369,14233791.6885,3.80763494205,7.25327372789,0.815113524806,0.0315811983201,8486.96863324,114.630801035,975.31443431,0.922166893268,0.0937620132307,0.810318527052,467.632253309,4041.41363487
678.5,0.803571428571,882,-40.0486196031,116.99996422,46.7255831201,14235727.6572,3.68048141183,7.25327372789,0.805848374,0.0312511910064,8394.96275159,532.285797908,789.531099623,0.924329762776,0.0908895308842,0.801316000086,453.429243537,3997.60131028
679,0.803571428571,882,-23.2164188751,132.354313766,46.7319323293,14237662.0497,3.5627826742,7.25327372789,0.797483834335,0.030945722144,8312.03098554,811.400873884,444.767507452,0.926631933559,0.0882982253066,0.793184421905,440.621472521,3958.10999311
679.5,0.803571428571,882,-1.21845541473,138.284628676,46.7390833434,14239840.7253,3.54720288844,7.25327372789,0.797937972386,0.0309052872207,8319.47082442,924.160783748,23.321059764,0.928758501018,0.0881901111395,0.793651465601,440.216661264,3961.65277353
680,0.803571428571,882,21.0506201239,133.471385904,46.7578716673,14245564.9013,3.58628009994,7.25327372789,0.801631933292,0.0310067060768,8364.00453034,842.083291023,-407.771114343,0.929039627784,0.0891833385952,0.797258743704,445.532510428,3982.85930016
680.5,0.803571428571,882,38.6358333704,118.985554674,46.7949866742,14256872.6067,3.67823688099,7.25327372789,0.809141485638,0.0312453656739,8454.15378616,576.104870162,-767.909809475,0.92833433551,0.0913614338288,0.804573989801,457.138466475,4025.78751722
681,0.803571428571,882,47.6243914121,98.0503007789,46.8287561718,14267161.047,3.76289018023,7.25327372789,0.815153024706,0.031465070214,8527.80085316,163.547686051,-967.523975683,0.926672530205,0.0932499662811,0.810412825737,467.261644315,4060.85754912
681.5,0.803571428571,882,46.0162976776,75.3238169797,46.8611108335,14277018.4339,3.8665771954,7.25327372789,0.822927461601,0.0317341738187,8619.17464585,-306.255073522,-960.244541032,0.925140387174,0.0956503682086,0.8179655689,479.95222472,4104.36887897
682,0.803571428571,882,34.1693606097,55.8628531432,46.8881281132,14285249.6985,3.9649399313,7.25327372789,0.829892086342,0.0319894590804,8700.36462974,-729.869532209,-730.558278603,0.923261194546,0.0978889918805,0.824719313303,491.751677761,4143.03077607
682.5,0.803571428571,882,14.7195795987,43.9975655379,46.8737808048,14280878.5519,4.08789940038,7.25327372789,0.839062669977,0.0323085813573,8788.80723899,-1012.12277743,-323.852899532,0.921476372097,0.100793852587,0.833612984459,506.034607801,4185.14630428
683,0.803571428571,882,-8.00537731849,42.3680366352,46.8089799586,14261135.894,4.14112766007,7.25327372789,0.841682148467,0.0324467270695,8790.95682787,-1056.01464414,177.481570841,0.919243034197,0.101848522833,0.836127088153,509.91676806,4186.16991803
683.5,0.803571428571,882,-28.9491000138,51.3368443038,46.7406865099,14240329.1567,4.07305155027,7.25327372789,0.834851641904,0.0322700460597,8695.58614036,-838.750774306,628.015991317,0.918275679014,0.0999509885123,0.829474785486,498.957404321,4140.75530493
684,0.803571428571,882,-43.4515113772,68.9083865235,46.7157228532,14232723.5626,3.9379348308,7.25327372789,0.824161378563,0.0319193715204,8577.58702227,-442.101567624,910.787660551,0.919512822735,0.0966780174898,0.819093514275,482.103280847,4084.5652487
684.5,0.803571428571,882,-48.2857564594,91.1729122499,46.7179078419,14233389.2558,3.82265123957,7.25327372789,0.816253028267,0.0316201707968,8498.08624604,23.9348357417,985.335134535,0.921966566622,0.0941108703132,0.81142589646,469.345615686,4046.70773621
685,0.803571428571,882,-42.3761929222,113.176459467,46.7233730968,14235054.3368,3.69670767766,7.25327372789,0.80703699011,0.0312933037687,8406.27324326,458.700826965,838.695606841,0.924057607083,0.0912547934031,0.802471517842,455.208399508,4002.9872587
685.5,0.803571428571,882,-27.0377265333,130.023135108,46.7305869196,14237252.1482,3.57399454311,7.25327372789,0.798218892841,0.030974820815,8319.03284526,768.747970187,519.329566128,0.926338404604,0.0885343977618,0.793898293754,441.774570293,3961.44421203
686,0.803571428571,882,-5.68323842958,137.964474363,46.7371648484,14239256.2238,3.54866191962,7.25327372789,0.797892946972,0.0309090739103,8318.30354338,918.059343148,108.779470824,0.928556134339,0.0881998749233,0.793605259396,440.229256605,3961.09692542
686.5,0.803571428571,882,16.9357970377,135.233491781,46.7525318274,14243938.0301,3.57362298755,7.25327372789,0.800491008445,0.0309738565,8350.41669795,872.932992246,-326.833401581,0.929013304439,0.0888693811922,0.796145380866,443.862678541,3976.38890379
687,0.803571428571,882,35.7865377627,122.43784387,46.7869718916,14254430.7696,3.66384759118,7.25327372789,0.808070025822,0.0312080204986,8440.31378328,642.195211509,-708.491701221,0.928562841408,0.0910346735854,0.803532074893,455.347461555,4019.19703966
687.5,0.803571428571,882,46.6746049983,102.42462266,46.8221120656,14265136.8093,3.74409475361,7.25327372789,0.813725138115,0.0314162895923,8510.77835216,251.166440371,-943.537257726,0.926932750836,0.0928149711762,0.809024699733,464.949985725,4052.75159626
688,0.803571428571,882,47.1773524159,79.6468642901,46.8529412829,14274529.4442,3.82832267819,7.25327372789,0.819863410957,0.0316348901383,8584.78744024,-213.893818153,-974.675143972,0.925480741378,0.0947314616584,0.814986336739,475.175633294,4087.99401916
688.5,0.803571428571,882,37.182916343,59.1727274605,46.8846643877,14284194.4168,3.93708872671,7.25327372789,0.82806839285,0.0319171755882,8680.45948101,-654.87738447,-789.893136686,0.92395480395,0.0972758197394,0.82295405961,488.599172162,4133.55213382
689,0.803571428571,882,18.9151059587,45.5578042107,46.8809919159,14283075.537,4.06438808639,7.25327372789,0.837461585209,0.0322475613797,8775.17147598,-972.910424205,-414.08178501,0.921981922988,0.100259468037,0.832063609939,503.506619313,4178.6530838
689.5,0.803571428571,882,-3.56140474092,41.8314791978,46.8247433746,14265938.4815,4.14172516872,7.25327372789,0.842125554838,0.0324482778107,8801.47580728,-1069.44516351,79.0708747548,0.919670228027,0.101926246362,0.836564032903,510.649659799,4191.17895585
690,0.803571428571,882,-25.2454860834,48.8228773174,46.7521916905,14243834.4017,4.08875014357,7.25327372789,0.836212637426,0.0323107893296,8713.74251632,-897.325264759,550.145590754,0.91826481857,0.100353282179,0.830797677448,501.212317543,4149.40119825
690.5,0.803571428571,882,-41.3123276667,64.9763795034,46.7179588561,14233404.7982,3.97408306756,7.25327372789,0.827065641144,0.0320131886759,8607.9643195,-529.332938049,873.893359452,0.919227575275,0.097555708189,0.821915629982,486.526622987,4099.03062833
691,0.803571428571,882,-48.1869814369,86.6977553086,46.7173449037,14233217.7473,3.85162446647,7.25327372789,0.818210538821,0.0316953663243,8517.75907514,-67.841617119,989.957756099,0.921310378792,0.0947484834855,0.81332392499,472.514104668,4056.07575007
691.5,0.803571428571,882,-44.3398044962,109.153896137,46.7224239693,14234765.1693,3.71898637719,7.25327372789,0.808534881104,0.0313511246862,8421.16001656,381.075374197,882.160343203,0.923532347632,0.0917370259067,0.803925285744,457.595339542,4010.07619836
692,0.803571428571,882,-30.6268118645,127.348204709,46.7312617874,14237457.7579,3.60558878794,7.25327372789,0.800653499319,0.031056818789,8344.11331299,723.235726915,593.078160361,0.925935260657,0.0892558638433,0.796268762878,445.387451644,3973.3872919
692.5,0.803571428571,882,-10.0992090988,137.232361529,46.7358266845,14238848.5299,3.5518726303,7.25327372789,0.79768606715,0.0309174068131,8315.64425758,904.050258262,193.30374977,0.927985634526,0.0882053013381,0.79339698297,440.231131094,3959.83059885
693,0.803571428571,882,12.6755153384,136.60709507,46.7473126222,14242347.9122,3.56001989619,7.25327372789,0.799239382713,0.0309385517812,8335.74002622,895.793481623,-243.624795736,0.928955375039,0.0885287221397,0.794923549922,442.062523875,3969.40001249
693.5,0.803571428571,882,32.629877811,125.611530072,46.7811719885,14252663.7325,3.65456390503,7.25327372789,0.807463685227,0.0311839261276,8432.04324947,703.321130431,-644.434049921,0.928808360143,0.0908369341081,0.802943766158,454.245744775,4015.25869022
694,0.803571428571,882,45.3239385263,106.69223162,46.8156993883,14263183.0803,3.7351215859,7.25327372789,0.813081376563,0.0313930011239,8501.87114046,336.611997464,-913.992917629,0.927100605319,0.0926133915766,0.80839940941,463.813114857,4048.51006689
694.5,0.803571428571,882,47.9332090858,84.0588328812,46.8488735654,14273290.1463,3.82697564722,7.25327372789,0.819888752812,0.0316313941278,8583.57838567,-122.706770368,-989.995595586,0.92564319664,0.0947196494594,0.815013067435,475.033888461,4087.41827889
695,0.803571428571,882,39.8771144798,62.7473718559,46.8805476256,14282940.1766,3.92977427915,7.25327372789,0.827447572271,0.0318981920713,8672.56727123,-577.750241204,-845.386815078,0.923979221538,0.0970930232786,0.822350244328,487.595378964,4129.79393868
695.5,0.803571428571,882,22.948173766,47.4997491677,46.8859883927,14284597.797,4.03489513021,7.25327372789,0.834995913445,0.0321710169752,8751.77265308,-923.724062405,-498.76835738,0.922114671194,0.09951905509,0.829668070662,499.894777543,4167.51078718
696,0.803571428571,882,0.913156122076,41.7086328015,46.8394339551,14270414.2117,4.13588808704,7.25327372789,0.842105366344,0.0324331285684,8806.87342711,-1072.07205843,-20.2721359998,0.920206012617,0.101852766915,0.836552072334,510.601765376,4193.749251
696.5,0.803571428571,882,-21.3250430672,46.6625734707,46.762427218,14246952.8258,4.10485353841,7.25327372789,0.837715632792,0.0323525831993,8732.90326147,-948.867678054,466.909221891,0.918370913293,0.100783648399,0.8322600719,503.582200029,4158.5253626
697,0.803571428571,882,-38.8183195646,61.2592960041,46.7214225996,14234460.0853,3.99378717503,7.25327372789,0.82852425369,0.0320643276381,8624.06276611,-610.921739076,825.1348088,0.918934944749,0.0980161620707,0.823330669921,488.895470367,4106.69655529
697.5,0.803571428571,882,-47.6743368181,82.2509607723,46.7168873616,14233078.3495,3.8732226112,7.25327372789,0.819784367206,0.0317514209672,8533.59251488,-160.024318191,984.516018091,0.920952606142,0.0952427572536,0.814851752554,474.969762086,4063.61548328
698,0.803571428571,882,-45.922589207,104.966823328,46.7223242146,14234734.7774,3.75426627182,7.25327372789,0.811289127881,0.031442688194,8449.19069474,300.445818936,921.855601538,0.92314067107,0.0925612661315,0.806604676202,461.704777573,4023.42414035
698.5,0.803571428571,882,-33.9528488393,124.352497081,46.7291390125,14236811.0191,3.62264797169,7.25327372789,0.801602309432,0.0311010932609,8352.97511048,667.666467981,659.899005567,0.925296563776,0.0895916071237,0.797186856654,447.022198339,3977.60719546
699,0.803571428571,882,-14.4284394188,136.094578162,46.7344623601,14238432.8657,3.55605656448,7.25327372789,0.797790259312,0.0309282655669,8316.18798197,882.848351396,276.347554573,0.927677449697,0.0882680221631,0.79349518696,440.518449062,3960.08951522
699.5,0.803571428571,882,8.3063658442,137.580398133,46.7438320454,14241287.4965,3.55017852312,7.25327372789,0.798305103931,0.0309130100201,8324.9318051,911.778329912,-159.174043814,0.928879880358,0.0882783486115,0.79401107443,440.746660621,3964.25324052
700,0.803571428571,882,29.1929655183,128.479355039,46.7737511039,14250402.8363,3.63297745468,7.25327372789,0.805711035436,0.0311279018357,8411.44815512,755.448967646,-573.133194171,0.928985941536,0.0903263744855,0.801236772102,451.549311003,4005.45150244
700.5,0.803571428571,882,43.5839926352,110.816473908,46.8078368882,14260787.6386,3.70541276428,7.25327372789,0.810803208374,0.0313158964741,8475.72194003,416.521173461,-872.081210132,0.927490792956,0.0919251622227,0.806183783409,460.21180301,4036.05806668
701,0.803571428571,882,48.2773757661,88.5218291225,46.8419748376,14271188.3338,3.79941564463,7.25327372789,0.817937616884,0.0315598664053,8561.11342331,-30.3207808614,-990.283162408,0.926180899187,0.0940994269498,0.813119467316,471.784399503,4076.72067776
701.5,0.803571428571,882,42.2288150213,66.5560843309,46.8740611939,14280963.9771,3.90466700534,7.25327372789,0.825687561507,0.0318330300269,8652.17697235,-493.958101435,-889.751762808,0.924478706472,0.0965242483777,0.820643869473,484.604896782,4120.08427255
702,0.803571428571,882,26.784143703,49.8067213816,46.8875919902,14285086.3597,4.00701126651,7.25327372789,0.832962104662,0.0320986487214,8731.5716275,-867.926890075,-578.372288765,0.922570261977,0.0988679395671,0.827696394566,496.658126879,4157.89125119
702.5,0.803571428571,882,5.37987404608,42.0005525527,46.8524568822,14274381.8634,4.12469924771,7.25327372789,0.841589167254,0.0324040896671,8806.56371968,-1063.91608542,-119.245842183,0.920712459572,0.101636108783,0.836057685126,509.798992823,4193.60177128
703,0.803571428571,882,-17.2214429678,44.8744872372,46.7764243708,14251217.2916,4.11984316422,7.25327372789,0.839210532975,0.0323914864538,8753.41615283,-992.695290615,378.846561181,0.918574273098,0.101200207162,0.833715805968,505.966365505,4168.29340611
703.5,0.803571428571,882,-35.9909076724,57.7890614089,46.7249175392,14235524.877,4.01583348574,7.25327372789,0.830204654217,0.0321215454264,8642.43745938,-688.449178705,769.239019778,0.918662530007,0.0985401118092,0.82496145845,491.58241898,4115.44640923
704,0.803571428571,882,-46.7522256185,77.8707213851,46.7159332603,14232787.6666,3.89127452886,7.25327372789,0.821008276821,0.0317982719263,8545.66775748,-251.521322401,969.487303083,0.920552235797,0.0956426076817,0.816038119393,476.944309622,4069.3655988
704.5,0.803571428571,882,-47.1109527923,100.651203078,46.7201305895,14234066.4529,3.76493357753,7.25327372789,0.811937489681,0.0314703735355,8454.97237274,214.305617769,947.887460993,0.922813229173,0.0927830033122,0.80723242369,462.767367473,4026.17732035
705,0.803571428571,882,-36.9872707052,121.061741834,46.7276907049,14236369.7681,3.64243507507,7.25327372789,0.8031757135,0.0311524476261,8368.51115133,606.778857344,722.531723254,0.925103378911,0.0900528845097,0.798719086877,449.295915,3985.00531016
705.5,0.803571428571,882,-18.6337463841,134.560896487,46.733655224,14238186.9583,3.55911572284,7.25327372789,0.797752510004,0.0309362051391,8315.47253109,853.723632801,356.996176244,0.927319859787,0.0882969120149,0.793454328449,440.647408436,3959.74882433
706,0.803571428571,882,3.86587441953,138.145041437,46.7417743627,14240660.5892,3.54810591686,7.25327372789,0.79807459024,0.0309076308912,8321.83424082,921.914206428,-74.0264093923,0.928824676901,0.0882206361188,0.793785520526,440.419742407,3962.77820991
706.5,0.803571428571,882,25.505319926,131.016687524,46.7671382253,14248388.1127,3.60246621572,7.25327372789,0.8030478775,0.0310487146359,8381.81419333,798.375583041,-496.452197767,0.929023335748,0.0895791017001,0.798639781614,447.68701517,3991.34009206
707,0.803571428571,882,41.4697114175,114.761927125,46.8033361477,14259416.413,3.70495151632,7.25327372789,0.811244391502,0.0313146993764,8478.68182454,495.702989396,-830.172054675,0.928042034843,0.0919867144136,0.80662042964,460.431399323,4037.4675355
707.5,0.803571428571,882,48.2068964688,92.9975211162,46.8363003805,14269459.5159,3.78712730044,7.25327372789,0.816862655684,0.0315279739093,8548.0181693,61.2706019909,-985.369394336,0.926189245337,0.0937921221746,0.812072440863,470.129747605,4070.48484252
708,0.803571428571,882,44.2178196207,70.566152517,46.8668449765,14278765.4362,3.87721300067,7.25327372789,0.823472210253,0.0317617774056,8626.8144509,-406.520047156,-924.954779699,0.924701355126,0.0958591055367,0.818490270833,481.117343993,4108.00688138
708.5,0.803571428571,882,30.3900692918,52.4589066696,46.8908917214,14286091.6778,3.99583826903,7.25327372789,0.832430986422,0.0320696509352,8727.42141434,-808.999496312,-654.897035993,0.92306829558,0.0986520200725,0.827186550061,495.643220922,4155.91495921
709,0.803571428571,882,9.80038516831,42.7047312033,46.863661228,14277795.4541,4.10935473918,7.25327372789,0.840430814615,0.0323642653694,8798.94332415,-1045.00965212,-216.543797212,0.920915360442,0.101267900345,0.834934855055,508.195060738,4189.9730115
709.5,0.803571428571,882,-12.9699308923,43.4739761784,46.7906994322,14255566.427,4.13221732883,7.25327372789,0.840546568074,0.0324236016834,8772.4410502,-1027.77909201,286.511132932,0.918853144262,0.101560866442,0.835018091693,508.079504211,4177.35288105
710,0.803571428571,882,-32.8543761386,54.5954809588,46.7317539246,14237607.6957,4.04803377701,7.25327372789,0.832813809474,0.0322051163001,8671.52368602,-763.0105954,708.051903483,0.918437631428,0.0993320364018,0.827495714376,495.678070751,4129.29699334
710.5,0.803571428571,882,-45.4285676906,73.5946582607,46.7158968393,14232776.5704,3.92531835796,7.25327372789,0.823464997878,0.0318866274173,8570.61631695,-342.963853819,949.71241052,0.919967342597,0.0964218187699,0.818421769385,480.829278853,4081.24586521
711,0.803571428571,882,-47.8946886041,96.2441014983,46.719394405,14233842.1621,3.80329913291,7.25327372789,0.814758599951,0.0315699453983,8483.41158491,126.813339377,972.707666905,0.922195535906,0.0936574237425,0.809973162904,467.113932481,4039.71980234
711.5,0.803571428571,882,-39.704015341,117.504202694,46.7257728531,14235785.4626,3.67588685519,7.25327372789,0.805512973844,0.0312392665455,8391.61486556,541.615660916,781.855658553,0.924408334984,0.0907864006866,0.800989932681,452.918426318,3996.00707884
712,0.803571428571,882,-22.6790113451,132.644489027,46.731977739,14237675.8845,3.56156297859,7.25327372789,0.797447862874,0.0309425566128,8311.68914478,816.784602993,434.378924457,0.92671503326,0.0882791080899,0.793150259967,440.526930848,3957.9472118
712.5,0.803571428571,882,-0.607820327654,138.29617536,46.7393843674,14239932.4373,3.54649110888,7.25327372789,0.797894016303,0.030903439907,8319.1309442,924.240932226,11.631820161,0.928780512893,0.0881755373074,0.793608819552,440.149582913,3961.49092581
713,0.803571428571,882,21.5986135803,133.201734819,46.76044805,14246349.8392,3.59185352808,7.25327372789,0.802135427201,0.0310211710472,8370.08118981,838.252535775,-419.082536351,0.929052469175,0.0893219083231,0.797750056921,446.27393792,3985.75294753
713.5,0.803571428571,882,38.9992540666,118.49470446,46.7959181656,14257156.4011,3.68248404976,7.25327372789,0.809428676111,0.0312563885433,8457.41981553,566.942773925,-775.945766089,0.928233696992,0.0914535889423,0.804852772006,457.617794165,4027.3427693
714,0.803571428571,882,47.7223765286,97.4474679227,46.8297255304,14267456.3783,3.76760357611,7.25327372789,0.815500778315,0.0314773031037,8531.70941658,151.481643432,-970.674073392,0.926595710699,0.0933576204565,0.81075069827,467.820450531,4062.7187698
714.5,0.803571428571,882,45.8270450638,74.7431346365,46.862328247,14277389.3393,3.8680654641,7.25327372789,0.822982449674,0.0317380363898,8620.17510105,-318.475271463,-956.604143074,0.925055020523,0.0956762865585,0.818018009347,480.10722184,4104.84528621
715,0.803571428571,882,33.734979865,55.433525874,46.8873472472,14285011.7946,3.97402174197,7.25327372789,0.83066517996,0.0320130295148,8708.00527078,-740.746877773,-722.928260362,0.92323420362,0.0981171792034,0.825471074237,492.881574403,4146.66917656
715.5,0.803571428571,882,14.1367224882,43.8151206855,46.8730726836,14280662.8109,4.09030603455,7.25327372789,0.839123391392,0.0323148274039,8789.13957847,-1016.49378139,-311.138422611,0.921311492201,0.10083230539,0.833669694928,506.212364715,4185.30456118
716,0.803571428571,882,-8.60702233793,42.47306904,46.8070190512,14260538.4709,4.14342542803,7.25327372789,0.841842962214,0.0324526905707,8791.85643696,-1054.14841959,190.903953014,0.919199302856,0.101901753134,0.836282717066,510.140527923,4186.59830331
716.5,0.803571428571,882,-29.4356640868,51.7059837603,46.74170453,14240639.3135,4.0766584684,7.25327372789,0.835128632448,0.0322794072576,8698.78187807,-831.499774786,639.15333157,0.918233914131,0.100037713986,0.829743483643,499.412093533,4142.2770848
717,0.803571428571,882,-43.7147317019,69.459497761,46.7163452308,14232913.1803,3.9357383852,7.25327372789,0.823910588194,0.0319136709857,8575.25069645,-430.272719406,915.715510199,0.919447286562,0.0966132443293,0.818848594524,481.793114463,4083.4527126
717.5,0.803571428571,882,-48.2670652718,91.783370418,46.7181597393,14233466.0006,3.82224398697,7.25327372789,0.816252613563,0.0316191138357,8498.17890154,36.3905886544,984.91423889,0.922006430747,0.0941060835159,0.811425993269,469.326804249,4046.75185787
718,0.803571428571,882,-42.0797490997,113.710434743,46.7242398039,14235318.3936,3.69446222517,7.25327372789,0.806846115857,0.0312874760442,8404.63679803,469.005815026,832.3612467,0.924064988843,0.09120021319,0.802285536417,454.95301383,4002.20799906
718.5,0.803571428571,882,-26.529490225,130.361815475,46.730661356,14237274.8265,3.56926226803,7.25327372789,0.797837004185,0.0309625389272,8315.15982029,774.288898015,508.933741203,0.926379029012,0.0884239917427,0.79352615694,441.225064952,3959.59991442
719,0.803571428571,882,-5.07629461183,138.03250184,46.7374803729,14239352.3536,3.5478555582,7.25327372789,0.7978951363,0.030906981124,8318.44829605,919.282375736,97.1539684992,0.928641554373,0.0881911013062,0.793608354079,440.191408566,3961.16585526
719.5,0.803571428571,882,17.5064005019,135.015729934,46.7546977453,14244597.9131,3.57887131296,7.25327372789,0.800967222398,0.0309874777165,8356.06555813,870.087721358,-338.372923071,0.929027852638,0.088999971461,0.796610143176,444.556105625,3979.0788372
720,0.803571428571,882,36.1938389105,121.982745738,46.7881938793,14254803.0686,3.66514219051,7.25327372789,0.808101882346,0.0312113804309,8441.06920358,633.354996372,-716.747364342,0.928468097523,0.0910543137127,0.80356201657,455.469490833,4019.55676361
720.5,0.803571428571,882,46.8279774028,101.833449724,46.8228746489,14265369.143,3.74412954103,7.25327372789,0.813707654217,0.0314163798777,8510.87334355,239.217719971,-946.645504631,0.926909341541,0.0928127117388,0.809007376972,464.953812103,4052.79683026
721,0.803571428571,882,47.0426699934,79.0511553171,46.8543602252,14274961.7486,3.83223615432,7.25327372789,0.82020727995,0.03164504696,8588.83504884,-226.449958501,-972.962077398,0.925480111524,0.0948299578834,0.815321206745,475.698504853,4089.92145183
721.5,0.803571428571,882,36.790146568,58.705030508,46.8854605665,14284436.9859,3.94259224287,7.25327372789,0.82848834498,0.0319314591128,8685.05494073,-665.726005441,-782.622821237,0.923883862108,0.0974061208815,0.823361769493,489.270268471,4135.74044797
722,0.803571428571,882,18.3516419592,45.3221840574,46.8799086475,14282745.5013,4.06588586262,7.25327372789,0.837502161412,0.0322514486261,8775.16732303,-978.260507392,-401.8255189,0.921882034645,0.10028378216,0.832101670076,503.605451505,4178.6511062
722.5,0.803571428571,882,-4.17018956678,41.8803624393,46.8233595774,14265516.8846,4.14873849375,7.25327372789,0.842713990228,0.0324664798107,8806.96636795,-1070.16344888,92.743517522,0.919643015767,0.102104352486,0.83713537904,511.511735582,4193.79350855
723,0.803571428571,882,-25.7641342396,49.1453872019,46.7504208151,14243294.875,4.07821470793,7.25327372789,0.83517667813,0.0322834462365,8702.50218687,-887.662223626,559.78620583,0.918137340649,0.100063853068,0.829788846576,499.728910522,4144.04866041
723.5,0.803571428571,882,-41.6254374916,65.5007560599,46.717979618,14233411.1236,3.97074749446,7.25327372789,0.826946239652,0.032004531712,8606.78211703,-517.933292297,879.994498443,0.919419009891,0.0974977676147,0.821802019123,486.238095835,4098.46767478
724,0.803571428571,882,-48.2248845172,87.3073222795,46.7175570396,14233282.3781,3.84704489027,7.25327372789,0.817863059535,0.0316834807429,8514.30085039,-55.2567792428,989.628939809,0.921370937579,0.094641708821,0.812986330792,471.985901957,4054.42897638
724.5,0.803571428571,882,-44.0940672177,109.713021996,46.7224839878,14234783.455,3.7142112867,7.25327372789,0.808188166534,0.0313387316777,8417.65218812,391.741496945,876.246975325,0.923615383985,0.0916296770588,0.803588346675,457.061044811,4008.40580387
725,0.803571428571,882,-30.152111931,127.732481314,46.7312393994,14237450.937,3.60014329288,7.25327372789,0.80024868512,0.0310426858491,8339.97777281,729.675059198,583.085005071,0.926021680478,0.089133542846,0.795874875795,444.776642754,3971.41798705
725.5,0.803571428571,882,-9.50116948516,137.356285522,46.7361835768,14238957.2631,3.55110588347,7.25327372789,0.797702940416,0.0309154168404,8315.95540777,906.372996511,181.847105653,0.928083989571,0.0881991639407,0.79341455219,440.207222549,3959.97876561
726,0.803571428571,882,13.2638279967,136.443092779,46.7491255144,14242900.2401,3.56669992984,7.25327372789,0.799841414865,0.0309558887749,8342.54829194,894.37777855,-255.428144616,0.92896920946,0.0886940560891,0.795511106395,442.922460064,3972.64204378
726.5,0.803571428571,882,33.0775611719,125.196092779,46.7823698322,14253028.6755,3.65780495605,7.25327372789,0.807645113039,0.0311923377741,8434.3179799,695.64514771,-653.772709138,0.928687802472,0.0909013853884,0.803119249356,454.591323466,4016.34189519
727,0.803571428571,882,45.5313809298,106.117796084,46.8169513921,14263564.5241,3.73867846692,7.25327372789,0.813343557293,0.0314022324582,8505.00555333,325.329531617,-919.027809642,0.927042008349,0.0926943369918,0.808654192027,464.243323837,4050.00264444
727.5,0.803571428571,882,47.8542536186,83.4532137189,46.8496675285,14273532.0403,3.82830219572,7.25327372789,0.819948479245,0.0316348369792,8584.47337627,-135.254782154,-988.655558688,0.925578803541,0.094744295479,0.815070420271,475.173597546,4087.84446489
728,0.803571428571,882,39.5293291057,62.245322188,46.8811672654,14283128.9602,3.93139268267,7.25327372789,0.827568239978,0.0319023923872,8674.03162382,-588.638449529,-838.362569125,0.923955175238,0.0971308602643,0.822467355246,487.798288665,4130.49124944
728.5,0.803571428571,882,22.4089423716,47.2129774139,46.8849563689,14284283.3737,4.03676393444,7.25327372789,0.83513318822,0.0321758671674,8752.7911469,-930.325811787,-487.241603717,0.922085299998,0.0995629150164,0.829801153559,500.093074437,4167.99578424
729,0.803571428571,882,0.302460236712,41.7009470299,46.8376398364,14269867.6035,4.13789108224,7.25327372789,0.842249574622,0.0324383270325,8807.66871875,-1072.65574439,-6.71722715891,0.920172066237,0.101899809878,0.8366917113,510.798465062,4194.12796131
729.5,0.803571428571,882,-21.8713207278,46.9356838018,46.7604008744,14246335.4664,4.100539952,7.25327372789,0.83730571437,0.0323413879532,8727.96079484,-941.716220833,478.274806585,0.918334507208,0.100667127354,0.83186113875,502.956391539,4156.17180707
730,0.803571428571,882,-39.1786296438,61.7524341007,46.7208232801,14234277.4927,3.99178989741,7.25327372789,0.828420377197,0.032059144013,8622.79417139,-600.180001684,832.43384897,0.919013333792,0.097976325474,0.823230678313,488.684231695,4106.09246257
730.5,0.803571428571,882,-47.7685086233,82.8544010813,46.716915285,14233086.8568,3.87161027029,7.25327372789,0.819675436676,0.0317472363858,8532.49691338,-147.507750946,986.093027785,0.92098887398,0.0952071401812,0.81474616229,474.792709521,4063.09376828
731,0.803571428571,882,-45.7296690672,105.546297534,46.7223804846,14234751.921,3.7513641435,7.25327372789,0.811060047339,0.031435156169,8446.87651034,311.848688032,917.307627234,0.923169913878,0.0924929548834,0.806381809523,461.365145577,4022.32214778
731.5,0.803571428571,882,-33.5157623959,124.779069439,46.7281891988,14236521.6426,3.61862012586,7.25327372789,0.801293393938,0.0310906396102,8349.48502643,675.235182937,650.708093053,0.925349116028,0.0894995462698,0.796886166436,446.544702264,3975.94525068
732,0.803571428571,882,-13.8444404675,136.27333431,46.7344299284,14238422.9848,3.55412072834,7.25327372789,0.79768205266,0.0309232414038,8315.0784444,885.889709055,265.047840635,0.927750224257,0.0882300641222,0.793390420776,440.328401059,3959.561164
732.5,0.803571428571,882,8.90733478148,137.471563984,46.7453633186,14241754.0244,3.55611393616,7.25327372789,0.798859441871,0.0309284144662,8331.1529343,911.294096426,-170.990818924,0.928914811301,0.088427952474,0.794552372037,441.522512822,3967.215683
733,0.803571428571,882,29.6771860177,128.107146706,46.7753497053,14250889.8769,3.63541558317,7.25327372789,0.805833519442,0.031134229621,8413.26407113,748.575831738,-582.977895938,0.9288788451,0.090372628715,0.80135497084,451.811421695,4006.31622435
733.5,0.803571428571,882,43.8437233511,110.2637095,46.80840599,14260961.0249,3.70606251897,7.25327372789,0.810821995772,0.0313175828119,8476.11500994,405.516188115,-877.398068006,0.927446730054,0.0919354852633,0.806201566837,460.274676093,4036.24524283
734,0.803571428571,882,48.2548253888,87.9115013286,46.8430232978,14271507.7647,3.80475101194,7.25327372789,0.818397151639,0.0315737135257,8566.20808511,-42.9022742886,-991.25835364,0.926169141955,0.0942318915994,0.813566928902,472.469684639,4079.1467072
734.5,0.803571428571,882,41.9290011161,66.0239939647,46.8748164913,14281194.091,3.91304305215,7.25327372789,0.826337516897,0.0318547687604,8659.11233133,-506.228617073,-885.28757538,0.924382024986,0.0967235712884,0.821275208978,485.621257166,4123.38682444
735,0.803571428571,882,26.2737762785,49.47126106,46.8877384935,14285130.9944,4.00683448439,7.25327372789,0.832809382182,0.0320981899107,8730.03745105,-874.945727588,-567.205615167,0.9224182854,0.098841899579,0.827545793134,496.530419175,4157.16069097
735.5,0.803571428571,882,4.77251226187,41.9363637798,46.8508938051,14273905.6459,4.12634305849,7.25327372789,0.841736029661,0.0324083559237,8807.47977776,-1065.71947228,-105.821357874,0.920715670067,0.101679206296,0.836200444971,509.981137304,4194.03798941
736,0.803571428571,882,-17.7906582492,45.0958523178,46.7743556858,14250587.0323,4.11790286011,7.25327372789,0.839013750916,0.0323864506947,8750.62979936,-987.206434556,391.123163564,0.918544397157,0.101145723162,0.833524144282,505.649236581,4166.96657112
736.5,0.803571428571,882,-36.3953233653,58.2467255683,46.7246384233,14235439.8396,4.01168401976,7.25327372789,0.829874001915,0.0321107761294,8638.97018952,-677.963972643,777.076331686,0.918697793452,0.0984391447889,0.824640343284,491.072862559,4113.79532834
737,0.803571428571,882,-46.9018573233,78.4628521885,46.7159341983,14232787.9524,3.88497811111,7.25327372789,0.82052424378,0.0317819305483,8540.74376944,-238.871305833,971.081248838,0.920627597264,0.0954942192842,0.815567887931,476.204355177,4067.02084259
737.5,0.803571428571,882,-46.9725067487,101.246048628,46.7202578405,14234105.2221,3.76288271413,7.25327372789,0.811857984468,0.0314650508368,8454.22170766,226.188118429,944.742751075,0.922927446829,0.092747241282,0.807156357593,462.591519566,4025.81986079
738,0.803571428571,882,-36.5915518112,121.52694619,46.7279929529,14236461.853,3.64142655126,7.25327372789,0.803119233398,0.0311498301586,8368.04685489,615.7378407,714.652252218,0.925140522391,0.0900329157144,0.798664440839,449.202096862,3984.78421661
738.5,0.803571428571,882,-18.0688039604,134.792949484,46.7334448604,14238122.8675,3.55670495298,7.25327372789,0.797555593049,0.0309299483589,8313.3861719,857.61223371,345.947911527,0.927338088842,0.0882403756101,0.793262391534,440.361297988,3958.75531995
739,0.803571428571,882,4.47433801823,138.092310189,46.7416575178,14240624.9904,3.54681085346,7.25327372789,0.797997573241,0.0309042697545,8321.00986343,920.62763278,-85.6519306685,0.92886818028,0.0881945564249,0.793710854786,440.287344709,3962.38564925
739.5,0.803571428571,882,26.0219186784,130.690904983,46.7685549009,14248819.7265,3.60646774662,7.25327372789,0.803421608009,0.0310590999902,8386.15094953,792.979906511,-507.112305556,0.929046700608,0.0896806120978,0.799004590552,448.221484816,3993.40521406
740,0.803571428571,882,41.7794996639,114.235581442,46.8031999135,14259374.907,3.70526483786,7.25327372789,0.811208860779,0.031315512554,8478.2593128,485.154004044,-836.352599887,0.927969758043,0.0919849369421,0.806584929508,460.419821974,4037.26633943
740.5,0.803571428571,882,48.2409448628,92.3877266899,46.8371676238,14269723.736,3.78769029492,7.25327372789,0.81690724253,0.0315294350744,8548.7912041,48.8149032241,-986.242296869,0.92618357588,0.0938054782463,0.812115804812,470.214107384,4070.85295433
741,0.803571428571,882,43.968552234,70.0085914841,46.8663901111,14278626.8538,3.87554438282,7.25327372789,0.823316396276,0.0317574467662,8625.04684727,-417.984743967,-919.304111738,0.924691155233,0.0958154761234,0.818338449748,480.889033086,4107.16516537
741.5,0.803571428571,882,29.912949294,52.0776389905,46.8903600217,14285929.6866,3.9948325907,7.25327372789,0.832369997067,0.0320670408527,8726.60191609,-817.019164938,-644.460212983,0.923098560457,0.0986305313576,0.827127635502,495.524020481,4155.52472195
742,0.803571428571,882,9.20157400991,42.5845907353,46.8621333131,14277329.9494,4.11167209447,7.25327372789,0.840650430366,0.0323702797065,8800.62145237,-1048.24402411,-203.425323495,0.920933622577,0.10133055305,0.835148549721,508.476314525,4190.77212018
742.5,0.803571428571,882,-13.5571949034,43.6416947425,46.7886858986,14254952.9704,4.13143139978,7.25327372789,0.840439371403,0.0324215619262,8770.58551906,-1023.71906557,299.380204285,0.918811030093,0.101534392966,0.834913325877,507.903349299,4176.46929479
743,0.803571428571,882,-33.2994239893,55.0137403831,46.7310977824,14237407.791,4.0459912961,7.25327372789,0.832648367674,0.0321998153569,8669.59649847,-753.593556538,717.259622195,0.918451915985,0.0992817278536,0.827335041452,495.413113325,4128.37928498
743.5,0.803571428571,882,-45.6323741344,74.1703938501,46.7162139892,14232873.1954,3.92323678578,7.25327372789,0.823316093602,0.0318812250188,8569.22013585,-330.769132265,953.515877319,0.920004446736,0.0963742958294,0.818277335379,480.598820341,4080.58101707
744,0.803571428571,882,-47.8119057457,96.8492093679,46.7195390836,14233886.2408,3.79849124377,7.25327372789,0.814370313459,0.0315574672659,8479.50755737,138.932558765,969.839005919,0.922233310399,0.0935423173995,0.809595402679,466.542732155,4037.8607416
744.5,0.803571428571,882,-39.353062757,118.004043487,46.7259039272,14235825.3965,3.67081333312,7.25327372789,0.805142842051,0.031226099004,8387.89201972,550.770513406,773.977750337,0.924495456707,0.0906726160948,0.800630090651,452.35331155,3994.2342951
745,0.803571428571,882,-22.1379776411,132.927845811,46.7319602589,14237670.5589,3.55951245926,7.25327372789,0.797346093007,0.0309372348071,8310.65314853,821.854589428,423.832088039,0.926806788175,0.0882408176136,0.793051992393,440.335525806,3957.45388025
745.5,0.803571428571,882,0.00291194453143,138.299999912,46.7377616936,14239438.0626,3.53719444691,7.25327372789,0.797104651668,0.0308793118592,8310.48343742,921.920344768,-0.0555813853245,0.928817517413,0.0879532882822,0.792838934899,439.009688783,3957.37306544
746,0.803571428571,882,22.1431536088,132.925176159,46.7611551984,14246565.2838,3.59325486536,7.25327372789,0.802404053449,0.0310248080013,8373.10395031,833.434783109,-429.931244943,0.929220174733,0.0893780147709,0.798014018786,446.567765747,3987.19235729
746.5,0.803571428571,882,39.356439126,117.999298193,46.7967920581,14257422.647,3.68627588492,7.25327372789,0.809741314581,0.0312662296647,8460.93527035,557.659983246,-783.85933219,0.92820839152,0.0915444039138,0.805157249094,458.089325171,4029.01679541
747,0.803571428571,882,47.8127312581,96.8434442822,46.8306429201,14267735.8763,3.77178910281,7.25327372789,0.815809200336,0.0314881659906,8535.19701152,139.343768177,-973.545756433,0.926527122234,0.0934532063424,0.811050340099,468.317785008,4064.37952929
747.5,0.803571428571,882,45.6304651097,74.1648917316,46.863122773,14277631.4048,3.87091011794,7.25327372789,0.823165227672,0.0317454192487,8622.33240652,-330.769475532,-953.145678373,0.924979209479,0.0957378277669,0.818194984112,480.432328487,4105.87257453
748,0.803571428571,882,33.2952051946,55.0097254791,46.8882645366,14285291.2621,3.9751651617,7.25327372789,0.830719144589,0.0320159970838,8708.89254128,-750.026023229,-713.69175254,0.923182612276,0.0981391510283,0.825522881749,493.011237278,4147.09168633
748.5,0.803571428571,882,13.5516050404,43.640060388,46.8714156675,14280157.9734,4.09224110896,7.25327372789,0.839274019556,0.0323198495901,8790.05856402,-1020.75045579,-298.378452116,0.921290732515,0.100879335055,0.833815814397,506.412663166,4185.74217334
749,0.803571428571,882,-9.20729117041,42.585700582,46.8044432438,14259753.7083,4.14009399075,7.25327372789,0.841519557917,0.0324440443407,8787.58033007,-1050.59004304,204.012050072,0.919164139851,0.101810227319,0.835967977846,509.626236947,4184.56206194
749.5,0.803571428571,882,-29.9175216567,52.0812460922,46.7392608647,14239894.8101,4.06667943906,7.25327372789,0.834312264774,0.032253508231,8689.56156148,-821.226540417,647.939614992,0.918294467135,0.099789965088,0.828950666092,498.123183993,4137.88645785
750,0.803571428571,882,-43.9709624266,70.0138932437,46.71709262,14233140.8849,3.93513758646,7.25327372789,0.824020517546,0.0319121117056,8576.67039617,-418.716450739,921.208194642,0.919628597612,0.0966232938653,0.818957956975,481.858647331,4084.12876008
750.5,0.803571428571,882,-48.2406566062,92.3935434409,46.7183539798,14233525.1792,3.82136147736,7.25327372789,0.816184887358,0.0316168234186,8497.56016406,48.831179025,984.167698324,0.92201733472,0.094085449074,0.811360167957,469.227797752,4046.45722098
751,0.803571428571,882,-41.7765770964,114.24061893,46.7244602809,14235385.5656,3.69515461229,7.25327372789,0.806920927967,0.0312892730278,8405.48211704,479.598859352,826.546499534,0.924080984862,0.0912194568051,0.802358656274,455.053305239,4002.61053193
751.5,0.803571428571,882,-26.0170120852,130.694042342,46.7307510126,14237302.1418,3.56382975635,7.25327372789,0.797347639948,0.0309484396837,8310.18689644,779.479844665,498.346572901,0.926366502604,0.0882897257126,0.793048541505,440.556784123,3957.23185545
752,0.803571428571,882,-4.46853913935,138.092849343,46.7368264365,14239153.121,3.54299262301,7.25327372789,0.7975498844,0.0308943601282,8314.69576476,919.302889887,85.4168759071,0.92873960386,0.0880848684648,0.793272548083,439.648861652,3959.3789356
752.5,0.803571428571,882,18.0742048471,134.790770468,46.7554142129,14244816.1969,3.58079016258,7.25327372789,0.801212402331,0.0309924577938,8358.84122524,866.33407105,-349.587633846,0.929115583411,0.0890583563398,0.796850334288,444.861372685,3980.40058345
753,0.803571428571,882,36.5953529828,121.522533846,46.789349928,14255155.2781,3.66591435297,7.25327372789,0.8081399066,0.031213384459,8441.87149491,624.372254527,-724.850456463,0.92843345554,0.0910688988047,0.803598680735,455.564959477,4019.9388071
753.5,0.803571428571,882,46.9738624267,101.240384723,46.8237875581,14265647.276,3.7439279969,7.25327372789,0.813677631628,0.0314158568011,8510.89564449,227.220653935,-949.561069461,0.926895378838,0.0928058129991,0.808977951087,464.937381542,4052.80744976
754,0.803571428571,882,46.9004658629,78.4571969678,46.855522083,14275315.7279,3.83775125547,7.25327372789,0.820695902672,0.0316593605517,8594.27428566,-239.097586608,-971.496106039,0.925483760638,0.0949694617434,0.815797083293,476.421929458,4092.5115646
754.5,0.803571428571,882,36.3914943731,58.2423373452,46.8860681347,14284622.0917,3.94720527766,7.25327372789,0.828803938513,0.0319434315309,8688.50539113,-676.304820996,-774.985972844,0.923783880716,0.0975097302713,0.82366753233,489.803391767,4137.38351959
755,0.803571428571,882,17.7852436939,45.0937074927,46.8786879972,14282373.6098,4.0682295628,7.25327372789,0.837631544567,0.0322575313373,8776.02449385,-983.687005727,-389.591572552,0.921798304352,0.100332230729,0.832226289094,503.822512804,4179.05928279
755.5,0.803571428571,882,-4.7783076161,41.9369395864,46.8202531657,14264570.4645,4.1422480139,7.25327372789,0.842107369083,0.0324496347745,8799.59149928,-1066.93466906,106.071939888,0.919600433854,0.101929647564,0.836545364466,510.568764809,4190.28166632
756,0.803571428571,882,-26.278662938,49.4744293786,46.7493296483,14242962.4328,4.07870396188,7.25327372789,0.835326716123,0.0322847160194,8703.64280223,-880.731800699,571.107421176,0.9182553152,0.100093389261,0.829936346344,499.853083015,4144.59181058
756.5,0.803571428571,882,-41.9318917761,66.0290498295,46.7183833642,14233534.1316,3.97017308767,7.25327372789,0.826888021766,0.032003040928,8606.33642616,-506.691093458,886.344343618,0.919410120153,0.09748191242,0.821745259749,486.167426265,4098.25544103
757,0.803571428571,882,-48.2550768637,87.9173197858,46.7176944742,14233324.2498,3.84195088537,7.25327372789,0.817425976064,0.0316702600413,8509.89471928,-42.6820742683,988.93087882,0.921381366003,0.0945152208195,0.812560831415,471.357869289,4052.3308187
757.5,0.803571428571,882,-43.8412796867,110.268995916,46.7222345188,14234707.4501,3.70949368298,7.25327372789,0.807854579135,0.0313264878672,8414.16793534,402.325640832,870.219275699,0.923707742416,0.091525033847,0.803264301492,456.534195263,4006.74663588
758,0.803571428571,882,-29.6725909408,128.110724827,46.7305872297,14237252.2426,3.59282353144,7.25327372789,0.799677810395,0.0310236885408,8333.91975973,735.57746077,572.712515903,0.9261070534,0.0889652409234,0.79531896469,443.924424801,3968.53321892
758.5,0.803571428571,882,-8.90161071835,137.472637662,46.7358743276,14238863.0451,3.54768940462,7.25327372789,0.797514985824,0.0309065498981,8313.93860423,907.902671879,170.241144229,0.92821618066,0.088132648134,0.79323262904,439.869417026,3959.01838297
759,0.803571428571,882,13.8500198858,136.271664647,46.7497743745,14243097.9261,3.56888594837,7.25327372789,0.800087618282,0.0309615622478,8345.30637366,891.718861628,-266.909004905,0.929030850315,0.088755530138,0.795752016105,443.241754411,3973.95541603
759.5,0.803571428571,882,33.5199557224,124.775027942,46.7807824721,14252545.0598,3.65514643998,7.25327372789,0.807376021604,0.0311854380069,8430.98546208,686.739479764,-661.954233163,0.928648346786,0.0908303935141,0.802856407721,454.205473564,4014.75498194
760,0.803571428571,882,45.7315432671,105.540783455,46.8181446905,14263928.0824,3.74169019299,7.25327372789,0.813651252076,0.0314100489273,8508.59901686,313.974987081,-923.927725252,0.927090073558,0.0927759424704,0.808954619047,464.675717516,4051.71381755
760.5,0.803571428571,882,47.7676466782,82.8486413301,46.8504290649,14273764.0551,3.82915783351,7.25327372789,0.819975484233,0.0316370576547,8585.02220101,-147.771914701,-987.045530257,0.925524277078,0.094758423507,0.815096030744,475.259904446,4088.10581
761,0.803571428571,882,39.1752233406,61.7477102482,46.8817462479,14283305.3569,3.93211601108,7.25327372789,0.827617902211,0.0319042696742,8674.75341887,-599.307156167,-831.011995796,0.923939664904,0.097147109613,0.822515479232,487.891944793,4130.83496137
761.5,0.803571428571,882,21.866127985,46.9330469276,46.8843880127,14284110.2145,4.04001655344,7.25327372789,0.835406509298,0.0321843088368,8755.38035276,-937.158731871,-475.8180301,0.922072172697,0.0996446847618,0.830066745696,500.491659969,4169.22873941
762,0.803571428571,882,-0.308284009375,41.7009838509,46.8353341545,14269165.1391,4.13869244214,7.25327372789,0.842265612945,0.0324404068382,8806.95673392,-1072.67772687,6.84671069461,0.920112982098,0.101912009269,0.83670645098,510.809322531,4193.78892092
762.5,0.803571428571,882,-22.4141013572,47.2156797372,46.7585865082,14245782.6895,4.09768264231,7.25327372789,0.837042906412,0.032333972248,8724.60141741,-934.816620117,489.737229551,0.918319941736,0.100591358156,0.831605490362,502.538830362,4154.57210353
763,0.803571428571,882,-39.5326754056,62.250088734,46.7200799802,14234051.034,3.98947251754,7.25327372789,0.828264642353,0.0320531296121,8620.94036947,-589.276264565,839.486190351,0.91906525746,0.0979246045107,0.823079882345,488.410717968,4105.20969975
763.5,0.803571428571,882,-47.8550426652,83.4589839086,46.7169043903,14233083.5376,3.86952143546,7.25327372789,0.819529931795,0.0317418151382,8531.01497069,-134.960798263,987.393192246,0.921030953674,0.0951603296342,0.814605035339,474.559046588,4062.38808128
764,0.803571428571,882,-45.5294371567,106.123286023,46.7224361825,14234768.8903,3.74754770136,7.25327372789,0.810758268527,0.0314252511839,8443.82108308,323.109195497,912.405807956,0.923207797978,0.0924030767581,0.806088201007,460.917922415,4020.86718242
764.5,0.803571428571,882,-33.0733170776,125.20008093,46.7297054997,14236983.6089,3.62178052459,7.25327372789,0.801631364408,0.0310988419362,8353.48930275,684.114618501,642.780899853,0.925418221361,0.0895861251054,0.797216600781,447.005683219,3977.85204893
765,0.803571428571,882,-13.2582279123,136.444691759,46.7341084002,14238325.0259,3.55089025961,7.25327372789,0.797347961911,0.030914857222,8311.54072697,888.289523864,253.573541202,0.927693123077,0.088143879999,0.793063778759,439.892230412,3957.87653665
765.5,0.803571428571,882,9.50687951449,137.355139551,46.745956028,14241934.6032,3.55838715472,7.25327372789,0.799110391821,0.0309343142533,8333.9386133,909.730741802,-182.634886835,0.928973099924,0.088491037946,0.794797890232,441.848704487,3968.54219681
766,0.803571428571,882,30.1566613968,127.728845376,46.7767138659,14251305.4912,3.63982966412,7.25327372789,0.806187827561,0.0311456856851,8417.37747632,742.038261105,-593.111089424,0.928837824456,0.0904763347242,0.801700006174,452.356276355,4008.27498872
766.5,0.803571428571,882,44.0964438423,109.707705104,46.8095995448,14261324.6613,3.70992771004,7.25327372789,0.811093120472,0.0313276143173,8479.31573262,394.776724464,-883.322008771,0.927366951873,0.0920210669197,0.80646487384,460.726635335,4037.76939648
767,0.803571428571,882,48.2245594905,87.3015074673,46.8440488276,14271820.2095,3.80958873816,7.25327372789,0.818761403159,0.0315862690956,8570.30971161,-55.5012654475,-991.858989751,0.926099199226,0.0943440349257,0.813920838149,473.052672856,4081.09986267
767.5,0.803571428571,882,41.6224831335,65.4957371504,46.8763561301,14281663.1676,3.91367232557,7.25327372789,0.826314457497,0.0318564019422,8659.4324422,-517.436685691,-878.908288531,0.924294355188,0.0967274003161,0.82125161981,485.672384595,4123.53925819
768,0.803571428571,882,25.7592079088,49.1422809262,46.8885062738,14285364.9114,4.00815529346,7.25327372789,0.832914932256,0.0321016178663,8731.40473688,-882.364432521,-556.296567304,0.922406867202,0.0988741383889,0.827648296683,496.7086369,4157.81177947
768.5,0.803571428571,882,4.16438739505,41.8798599584,46.8491586125,14273376.9906,4.1337035071,7.25327372789,0.842358545324,0.0324274588292,8813.19469723,-1068.86070942,-92.5007712267,0.920691683084,0.101866707876,0.836805014799,510.883723437,4196.75937963
769,0.803571428571,882,-18.3570289612,45.3243971757,46.7721817738,14249924.7138,4.11565474512,7.25327372789,0.838695209781,0.0323806160601,8746.54684896,-981.338399621,403.228077155,0.918410619429,0.101068249937,0.833212678768,505.214966657,4165.02230903
769.5,0.803571428571,882,-36.7939197671,58.7094667962,46.7241866519,14235302.1999,4.00690167697,7.25327372789,0.829493078442,0.0320983642987,8634.92763188,-667.281896716,784.64359843,0.918738650659,0.0983228616777,0.824270396803,490.483288493,4111.87030089
770,0.803571428571,882,-47.0439898348,79.0568276801,46.7163127057,14232903.271,3.87982919472,7.25327372789,0.820150827324,0.0317685673325,8537.08683279,-226.297476985,972.838213251,0.9207144498,0.0953764145072,0.815205471637,475.624601215,4065.27944418
770.5,0.803571428571,882,-46.8265502156,101.839096034,46.7205908102,14234206.6668,3.76194342394,7.25327372789,0.81185769291,0.0314626130545,8454.35122443,238.091380842,941.71024282,0.923020842695,0.0927363737728,0.80715721798,462.543909067,4025.88153544
771,0.803571428571,882,-36.1899822507,121.987109665,46.7282610422,14236543.5309,3.63976087934,7.25327372789,0.802987455436,0.0311455071649,8366.79846489,624.463245016,706.513154527,0.925157533638,0.0899941491158,0.798536129007,449.013830445,3984.18974519
771.5,0.803571428571,882,-17.5009724944,135.017840483,46.7332321156,14238058.0512,3.55390462716,7.25327372789,0.797334525033,0.0309226805466,8311.05339451,861.280069023,334.828117835,0.927368195109,0.088175866136,0.793047018538,440.03535876,3957.64447358
772,0.803571428571,882,5.08208620975,138.031889404,46.7426052276,14240913.726,3.55078935761,7.25327372789,0.798392435326,0.0309145953465,8325.39281979,920.589369288,-97.404341085,0.928918710623,0.0882982482535,0.794096727324,440.822873224,3964.47277133
772.5,0.803571428571,882,26.5343567554,130.358616324,46.7692474047,14249030.7093,3.61022011382,7.25327372789,0.803691028717,0.0310688386787,8389.14885842,787.256299857,-517.593054993,0.928974920475,0.0897636999081,0.799266551631,448.650041701,3994.83278972
773,0.803571428571,882,42.0826077367,113.705360703,46.8024390719,14259143.1039,3.70379824249,7.25327372789,0.811020194352,0.0313117062327,8476.04218194,474.289908699,-841.976480801,0.927901976645,0.0919394655625,0.806400219039,460.177258491,4036.21056283
773.5,0.803571428571,882,48.2672799551,91.7775504871,46.8380131842,14269981.3501,3.78776894122,7.25327372789,0.816937576008,0.0315296391887,8549.4144067,36.3438685718,-986.874742356,0.926210113223,0.0938110314844,0.812145683737,470.258922717,4071.14971748
774,0.803571428571,882,43.7122546635,69.4542269011,46.8679916403,14279114.7864,3.8786794911,7.25327372789,0.823590814411,0.0317655834546,8628.45204604,-429.959751219,-914.762859002,0.924689730374,0.0958946237208,0.818605584525,481.319161389,4108.78668859
774.5,0.803571428571,882,29.4310464794,51.7024347624,46.8887710241,14285445.572,4.00509100054,7.25327372789,0.833219190899,0.0320936649682,8734.71616033,-827.178924573,-635.673344372,0.923041696351,0.0988854121397,0.827952836024,496.770882095,4159.38864778
775,0.803571428571,882,8.60129160097,42.472031573,46.8604517122,14276817.6217,4.11517809035,7.25327372789,0.84078736702,0.0323793789764,8801.36435637,-1051.31896943,-190.260625921,0.920747332782,0.101394393097,0.835278993972,508.760148963,4191.12588398
775.5,0.803571428571,882,-14.1422912387,43.8168255907,46.7865138323,14254291.2143,4.13023880415,7.25327372789,0.840276892114,0.0324184667288,8768.10328334,-1019.3538938,312.148305651,0.918747313313,0.101494256063,0.834754531819,507.655436366,4175.28727778
776,0.803571428571,882,-33.7391475558,55.4375938019,46.7296791855,14236975.5918,4.04330703535,7.25327372789,0.832433563858,0.0321928487735,8666.8846556,-743.926166522,726.206229943,0.918473591753,0.099216041889,0.827126468433,495.055284401,4127.08793124
776.5,0.803571428571,882,-45.828884364,74.748660454,46.7164993088,14232960.1228,3.92078015128,7.25327372789,0.823144789176,0.031874849204,8567.58549644,-318.506652583,957.083442169,0.920053208772,0.0963189115593,0.818111249913,480.328497527,4079.80261735
777,0.803571428571,882,-47.7214781853,97.4532221093,46.7196670841,14233925.2383,3.79308658099,7.25327372789,0.813935658027,0.0315434402999,8475.12505892,150.976909465,966.674706034,0.92227789015,0.0934132796934,0.809172542299,465.901708921,4035.77383758
777.5,0.803571428571,882,-38.9958179653,118.499406682,46.7260220956,14235861.3985,3.66512177913,7.25327372789,0.804727691669,0.0312113274563,8383.7058063,559.727388184,765.876552573,0.924593385497,0.0905450579279,0.800226466186,451.719226017,3992.24086014
778,0.803571428571,882,-21.5934042698,133.20433881,46.7319394934,14237664.2323,3.55713364914,7.25327372789,0.797224955116,0.0309310609735,8309.41923462,826.726719326,413.195636426,0.926909710629,0.0881959476495,0.792934949672,440.111226513,3956.8663022
778.5,0.803571428571,882,0.613643751123,138.29610172,46.7396320162,14240007.8876,3.54659679206,7.25327372789,0.797972018855,0.0309037141913,8320.02640362,924.383489224,-11.7450918729,0.928860444433,0.0881883376335,0.793685831757,440.218143804,3961.91733506
779,0.803571428571,882,22.6841531424,132.641754141,46.7622257451,14246891.4437,3.59626759823,7.25327372789,0.802523764269,0.0310326270833,8374.69226175,828.452848741,-440.712434811,0.929050562531,0.0894301619432,0.798128850685,446.848773108,3987.94869607
779.5,0.803571428571,882,39.7073314379,117.499415086,46.7976512933,14257684.4273,3.68948277019,7.25327372789,0.809976906921,0.0312745526393,8463.65265083,548.157606188,-791.503225832,0.928153984963,0.0916168816878,0.805386264086,458.468840259,4030.31078611
780,0.803571428571,882,47.8954411535,96.2383264352,46.8315474315,14268011.4508,3.77547557842,7.25327372789,0.816082916738,0.0314977336677,8538.32559856,127.142395739,-976.149804989,0.926469111188,0.0935377479107,0.811316290933,468.759551516,4065.86933265
780.5,0.803571428571,882,45.4265892467,73.5891807208,46.8639049383,14277869.7045,3.87324186801,7.25327372789,0.8233108947,0.0317514709452,8624.10571694,-342.984955684,-949.4124842,0.924912433801,0.0957876443307,0.818335941061,480.69836408,4106.71700807
781,0.803571428571,882,32.8501069145,54.5915197205,46.8891415835,14285558.4691,3.97914234264,7.25327372789,0.831030238529,0.0320263192415,8712.40517162,-759.759108227,-704.864138124,0.923140321809,0.0982348746741,0.825824952318,493.510575751,4148.76436744
781.5,0.803571428571,882,12.9643208105,43.4724126359,46.8701031121,14279758.0815,4.0925168432,7.25327372789,0.839232393277,0.0323205652157,8789.12907448,-1024.35102942,-285.422393901,0.921218522029,0.100876054744,0.833774340239,506.367834899,4185.29955928
782,0.803571428571,882,-9.80608783823,42.7059132522,46.8022326703,14259080.2202,4.13988126458,7.25327372789,0.841496376397,0.0324434922429,8786.51276851,-1047.76314741,217.246132946,0.919159129343,0.101803981761,0.835945381575,509.546838677,4184.05369929
782.5,0.803571428571,882,-30.3945956788,52.4625712985,46.7376609786,14239407.3782,4.06390659807,7.25327372789,0.834073632344,0.0322463117512,8686.53539056,-812.336780254,657.760769582,0.918298333664,0.099719313625,0.828718714211,497.73643513,4136.44542408
783,0.803571428571,882,-44.2201625823,70.5714843286,46.7165198855,14232966.3918,3.93414097743,7.25327372789,0.823978496029,0.031909525161,8576.03877764,-406.947958428,926.231586012,0.919678975863,0.0966050696557,0.818917724947,481.755951001,4083.82798935
783.5,0.803571428571,882,-48.2065346851,93.0033337573,46.7185667735,14233590.0103,3.81988856896,7.25327372789,0.816071749759,0.0316130007127,8496.48587723,61.2497613806,983.120420536,0.922035422163,0.0940509990118,0.811250203176,469.06025957,4045.94565582
784,0.803571428571,882,-41.466725387,114.766927256,46.7246630837,14235447.3528,3.69471063261,7.25327372789,0.806905223201,0.0312881207473,8405.39803274,489.976034222,820.356172877,0.924107681806,0.0912120012044,0.802343664875,455.020062474,4002.57049178
784.5,0.803571428571,882,-25.5003740546,131.019762592,46.730666891,14237276.5128,3.55971813105,7.25327372789,0.796992337685,0.0309377685964,8306.52514069,784.832261194,487.899367672,0.926374534935,0.0881904133543,0.792701950828,440.059641182,3955.48816224
785,0.803571428571,882,-3.86006918687,138.145507224,46.7371325712,14239246.39,3.54526148099,7.25327372789,0.797814007533,0.030900248598,8317.51493706,920.999473453,73.8411929497,0.928813805846,0.0881497569552,0.793531118689,439.97849666,3960.7213986
785.5,0.803571428571,882,18.6391192863,134.558649354,46.7561148634,14245029.6617,3.58212871396,7.25327372789,0.801295370353,0.0309959317968,8359.93594328,862.137156207,-360.636543718,0.929074652741,0.0890859349645,0.796930809122,445.01246964,3980.92187775
786,0.803571428571,882,36.9910157808,121.057281779,46.7905051909,14255507.2482,3.6661395166,7.25327372789,0.808138750874,0.0312139688364,8442.27353564,615.20355717,-732.742957146,0.92840928919,0.0910713047655,0.803597268514,455.599492434,4020.13025506
786.5,0.803571428571,882,47.1122367443,100.645522483,46.8244439283,14265847.2502,3.74380126916,7.25327372789,0.813662887005,0.0314155278988,8510.9825701,215.193144399,-952.346902695,0.926891307259,0.0928021044076,0.808963533479,464.931836729,4052.84884291
787,0.803571428571,882,46.7507627616,77.8650842108,46.85665588,14275661.1581,3.84276523851,7.25327372789,0.821139223337,0.0316723735689,8599.2385967,-251.710318921,-969.734739735,0.925486055137,0.0950962309408,0.816228809961,477.080965024,4094.87552224
787.5,0.803571428571,882,35.9870234991,57.7847219525,46.8866236878,14284791.3502,3.9520965181,7.25327372789,0.829152031217,0.0319561259886,8692.27143411,-686.854456926,-767.270965206,0.923692977925,0.0976217407883,0.824005024611,490.377655162,4139.17687339
788,0.803571428571,882,17.216001725,44.8724110482,46.8774768796,14282004.6226,4.06876122609,7.25327372789,0.8375974685,0.0322589111871,8775.20869994,-988.493174993,-377.106346719,0.921709520365,0.100333212811,0.832191926779,503.801411795,4178.6708095
788.5,0.803571428571,882,-5.38566165618,42.0012015929,46.8181536164,14263930.8018,4.14318107358,7.25327372789,0.84218011986,0.0324520563865,8799.54436071,-1065.65096991,119.570400885,0.91959077415,0.101952454568,0.836615913821,510.637205959,4190.25921938
789,0.803571428571,882,-26.7889899099,49.8099512366,46.748135085,14242598.4892,4.07905217995,7.25327372789,0.835341695206,0.0322856197656,8703.34823231,-873.452230468,582.206384633,0.918238355608,0.10009990747,0.829950671737,499.86008773,4144.4515392
789.5,0.803571428571,882,-42.231641521,66.5611763426,46.7170178063,14233118.0916,3.9615541103,7.25327372789,0.826128751279,0.0319806717059,8598.09600584,-494.296413248,890.614189282,0.91940379302,0.09726196865,0.821006447299,485.042153602,4094.33143135
790,0.803571428571,882,-48.2775536491,88.5276502943,46.7178798834,14233380.7378,3.83637124355,7.25327372789,0.817075818843,0.0316557789443,8506.41173107,-30.1364210818,988.157011847,0.921537838065,0.094396541244,0.812221813964,470.769737789,4050.67225289
790.5,0.803571428571,882,-43.5814823218,110.821729002,46.7218945267,14234603.8658,3.70478053363,7.25327372789,0.807528991033,0.0313142556173,8410.73380837,412.82441824,864.073299766,0.923808899134,0.0914217078422,0.802948146083,456.012160115,4005.11133732
791,0.803571428571,882,-29.188325565,128.482874772,46.73039828,14237194.676,3.59018992904,7.25327372789,0.799519490223,0.0310168534333,8332.24417646,742.307867053,563.022482635,0.926192339204,0.0889117631146,0.795165491469,443.653990078,3967.73532213
791.5,0.803571428571,882,-8.3006286625,137.581399347,46.7344765931,14238437.202,3.54165235125,7.25327372789,0.797022924085,0.0308908816602,8308.41449778,908.469743184,158.483569058,0.928263737502,0.0879913787248,0.79275299139,439.138074543,3956.38785609
792,0.803571428571,882,14.433997279,136.092838083,46.7504254856,14243296.2979,3.57051578678,7.25327372789,0.80032542323,0.0309657922412,8347.9850546,888.837218688,-278.339857764,0.929139761266,0.0888094699087,0.79598526457,443.523481739,3975.23097838
792.5,0.803571428571,882,33.9569907277,124.348402885,46.7829660791,14253210.3321,3.65761303854,7.25327372789,0.807568267882,0.0311918396819,8433.73755899,678.805076818,-671.069853727,0.928618928507,0.0908876049565,0.803043511535,454.533994472,4016.06550428
793,0.803571428571,882,45.924393534,104.961285992,46.8186980468,14264096.6716,3.74366991865,7.25327372789,0.813786644784,0.0314151869989,8510.18215464,302.416044354,-928.280726627,0.927045478239,0.0928194242764,0.809086010063,464.904489084,4052.46769269
793.5,0.803571428571,882,47.6734021124,82.2452123804,46.8511448811,14273982.1404,3.82954094446,7.25327372789,0.819977446271,0.0316380519599,8585.29989593,-160.253815023,-985.177794467,0.925488433331,0.0947631927447,0.815097488664,475.298348108,4088.23804568
794,0.803571428571,882,38.8148538027,61.2546156005,46.8822707975,14283465.1696,3.93285111938,7.25327372789,0.827676270493,0.031906177534,8675.54563758,-609.89203795,-823.536396641,0.923932720113,0.0971648526823,0.8225721879,487.991973872,4131.21220837
794.5,0.803571428571,882,21.3198173974,46.6600024672,46.8831309415,14283727.2268,4.04220945539,7.25327372789,0.835586706968,0.0321900001745,8756.75698177,-943.565586435,-464.158909792,0.922058831513,0.0996991896533,0.830241779577,500.738572299,4169.88427703
795,0.803571428571,882,-0.918978963569,41.7087432586,46.8333743156,14268568.0415,4.13946622748,7.25327372789,0.842296851546,0.0324424150783,8806.53316213,-1072.56596306,20.41084916,0.920073147042,0.101926294458,0.836736234974,510.838168543,4193.58722006
795.5,0.803571428571,882,-22.9532981695,47.5025165081,46.7571369941,14245341.0709,4.09627301716,7.25327372789,0.836906986771,0.032330313784,8722.67248095,-928.137709654,501.296073121,0.918305877405,0.100552995812,0.831473179801,502.316033045,4153.65356236
796,0.803571428571,882,-39.8804002414,62.7521803333,46.7192131786,14233786.9484,3.98600488082,7.25327372789,0.827984645822,0.0320441298976,8617.7713072,-578.092214852,846.10619076,0.919090873169,0.097839890066,0.822807848705,487.970087304,4103.70062247
796.5,0.803571428571,882,-47.9339251079,84.0646125867,46.7169512411,14233097.8115,3.86711881505,7.25327372789,0.819375504058,0.0317355795087,8529.46590414,-122.39840027,988.484043811,0.921093918541,0.0951084964711,0.814455485312,474.30150893,4061.65043054
797,0.803571428571,882,-45.3219254907,106.697696542,46.7224933734,14234786.3144,3.74329539109,7.25327372789,0.810423188348,0.0314142149706,8440.42687475,334.259310245,907.267389562,0.923251371901,0.0923031575833,0.805762200785,460.420640429,4019.25089274
797.5,0.803571428571,882,-32.6255836277,125.615464239,46.7300746447,14237096.0751,3.61990097015,7.25327372789,0.801532635391,0.0310939638434,8352.62158644,691.919251721,633.833361238,0.925495214389,0.0895499787037,0.797121196242,446.8323839,3977.43885068
798,0.803571428571,882,-12.6698954833,136.608623112,46.7327538114,14237912.3279,3.54397425032,7.25327372789,0.796766990871,0.03089690779,8305.12172519,889.710542048,241.855236765,0.927727082739,0.0879794713285,0.792497236133,439.046277289,3954.81986914
798.5,0.803571428571,882,10.1049041813,137.231143449,46.7465226603,14242107.2372,3.560082083,7.25327372789,0.799367478884,0.0309387131774,8336.78574518,907.960056633,-194.254229366,0.929097874892,0.0885485174109,0.795050143283,442.146426651,3969.8979739
799,0.803571428571,882,30.6313149917,127.344511536,46.777464257,14251534.1103,3.64297431239,7.25327372789,0.80643903688,0.0311538471332,8420.21588588,735.101455163,-602.95672102,0.928807237905,0.0905500677532,0.801944616308,452.739446126,4009.62661232
799.5,0.803571428571,882,44.3421137011,109.148549619,46.8115486511,14261918.489,3.71681355626,7.25327372789,0.811650633099,0.0313454854657,8485.72844018,384.290971167,-889.898936297,0.927310112942,0.0921849257158,0.807007576879,461.585473187,4040.82306675
800,0.803571428571,882,48.1865829105,86.6919450711,46.8450233132,14272117.1028,3.81398782261,7.25327372789,0.819038604827,0.0315976862386,8573.49283283,-68.1088804601,-992.103905689,0.925974585294,0.0944377740936,0.814189263499,473.542394016,4082.61563468
800.5,0.803571428571,882,41.3093100829,64.9713983517,46.8772378104,14281931.7862,3.91787863251,7.25327372789,0.826612876178,0.031867318761,8662.8097198,-529.052209062,-873.192280627,0.924214629602,0.0968232264692,0.821541012905,486.17181972,4125.14748562
801,0.803571428571,882,25.2405208689,48.8198335814,46.8865756607,14284776.7179,4.01888458658,7.25327372789,0.833787088592,0.0321294640865,8739.62252407,-891.632526423,-546.507490082,0.922330541623,0.0991385143461,0.828495483717,497.995755997,4161.72501146
801.5,0.803571428571,882,3.5555966794,41.831050123,46.8470959179,14272748.5563,4.12977578085,7.25327372789,0.841836442442,0.0324172650234,8807.04666554,-1068.48276776,-78.8701807026,0.920496820981,0.101736461375,0.836294904517,510.185580572,4193.83174549
802,0.803571428571,882,-18.9204645462,45.5600852684,46.7703439805,14249364.7994,4.1136670889,7.25327372789,0.838586789568,0.0323754574059,8744.7640905,-975.68856993,415.403159682,0.918482007301,0.101027243588,0.833108318248,504.970300774,4164.17337643
802.5,0.803571428571,882,-37.1866331455,59.1772111044,46.723709234,14235156.7466,4.00176399272,7.25327372789,0.829076798645,0.0320850302341,8630.51466798,-656.451608441,791.986254833,0.918774773888,0.0981969030919,0.82386598148,489.844934062,4109.76888951
803,0.803571428571,882,-47.1786004273,79.6525528885,46.7171003698,14233143.246,3.87840069811,7.25327372789,0.820108850771,0.0317648598906,8536.95929056,-213.933558002,975.417969495,0.920807752009,0.095353265806,0.815165804077,475.525197764,4065.21870979
803.5,0.803571428571,882,-46.6731065302,102.430250473,46.7209142192,14234305.1988,3.76060780685,7.25327372789,0.811763243601,0.031459146667,8453.50764837,249.90300196,938.335833053,0.923046753137,0.0927065800467,0.807065506379,462.401707636,4025.47983256
804,0.803571428571,882,-35.7826262312,122.442158683,46.7285398959,14236628.4883,3.63786604301,7.25327372789,0.802841738155,0.0311405894104,8365.41232254,633.048561117,698.231590265,0.925181722258,0.0899506883842,0.798394305148,448.802345371,3983.5296774
804.5,0.803571428571,882,-16.9303427771,135.235533527,46.7319042236,14237653.4868,3.54898752999,7.25327372789,0.796930315118,0.0309099189817,8306.45180936,864.261159455,323.467781581,0.927402442304,0.0880602582406,0.792652976506,439.43345237,3955.45324255
805,0.803571428571,882,5.68902182051,137.963788744,46.7431130058,14241068.4291,3.55233697659,7.25327372789,0.79860541402,0.0309186119521,8327.7630087,919.816270521,-109.100114291,0.929007429777,0.0883474407052,0.794305544226,441.078046079,3965.60143271
805.5,0.803571428571,882,27.0425522229,130.019874678,46.769812057,14249202.74,3.61360476754,7.25327372789,0.803965871771,0.0310776230237,8392.16179461,781.361039756,-527.98757848,0.928946996726,0.0898434479226,0.799534299759,449.059475044,3996.26752124
806,0.803571428571,882,42.3789871717,113.171349687,46.8040038017,14259619.8249,3.70379842849,7.25327372789,0.810966769255,0.0313117067154,8476.05383991,463.595760272,-847.88840715,0.927840833308,0.0919313724786,0.806347410592,460.167518527,4036.21611424
806.5,0.803571428571,882,48.2858975351,91.1670900697,46.8388060077,14270222.897,3.78741350458,7.25327372789,0.816906266211,0.0315287167079,8549.38275189,23.8609102394,-987.194987593,0.926210109858,0.0938021155604,0.812115183252,470.230147387,4071.13464376
807,0.803571428571,882,43.4489678891,68.903147406,46.8694672807,14279564.3648,3.8826469397,7.25327372789,0.823945431234,0.0317758803536,8632.63525473,-441.986532258,-910.271262593,0.924696169913,0.0959959618982,0.818950887125,481.85814432,4110.77869273
807.5,0.803571428571,882,28.9444379,51.3333539772,46.8899269116,14285797.7324,3.99999723643,7.25327372789,0.832707141264,0.0320804448916,8729.88209141,-834.002956907,-624.304129725,0.922969732472,0.0987446575012,0.827453823891,496.088230605,4157.0867102
808,0.803571428571,882,7.99963392137,42.3670717137,46.8586942318,14276282.1759,4.11516241429,7.25327372789,0.84087046433,0.0323793382916,8801.56885997,-1053.6966508,-176.961353706,0.920839836044,0.101407385426,0.835361060567,508.78717392,4191.22326665
808.5,0.803571428571,882,-14.7251263463,43.9993407212,46.7845091611,14253680.4578,4.12835566771,7.25327372789,0.840112622571,0.0324135793395,8765.6753962,-1014.75123735,324.82882668,0.918747598207,0.101445552148,0.834594906932,507.368346999,4174.13114105
809,0.803571428571,882,-34.1734765302,55.8669734445,46.727672329,14236364.1696,4.03335717013,7.25327372789,0.831595488574,0.0321670254378,8657.60644071,-732.770799281,733.639182875,0.91850781804,0.0989661537044,0.826311971693,493.766011521,4122.66973367
809.5,0.803571428571,882,-46.0180669593,75.3293656125,46.7169693773,14233103.337,3.91855112738,7.25327372789,0.823111426693,0.0318690641174,8567.44258862,-306.285923353,960.741421077,0.920233948944,0.0962876199987,0.818081140374,480.182114219,4079.73456601
810,0.803571428571,882,-47.6234203814,98.0560431463,46.7197734373,14233957.6406,3.7873717825,7.25327372789,0.813470110917,0.0315286084247,8470.41873435,162.94895943,963.275227646,0.922318338553,0.093276014971,0.808719518459,465.219214798,4033.53273064
810.5,0.803571428571,882,-38.6323380863,118.990213072,46.7261564584,14235902.3343,3.65926688285,7.25327372789,0.804302952599,0.0311961319789,8379.42789697,568.547682643,757.64625252,0.924696925801,0.0904142741892,0.799813539041,451.069354617,3990.20376046
811,0.803571428571,882,-21.0453783037,133.473923817,46.7306230186,14237263.1463,3.5531476346,7.25327372789,0.796964615773,0.0309207158895,8306.30160213,831.048947996,402.304139212,0.927015576167,0.088112242305,0.792682106662,439.668751418,3955.3817153
811.5,0.803571428571,882,1.22427744149,138.284481407,46.740105653,14240152.1889,3.54775499069,7.25327372789,0.798136122734,0.0309067201166,8321.88216542,924.572744162,-23.4430094455,0.92893236963,0.0882258329711,0.793846772468,440.414238613,3962.80103115
812,0.803571428571,882,23.2215256799,132.351514083,46.7633061713,14247220.6135,3.59924202717,7.25327372789,0.802768499508,0.0310403467534,8377.58181135,823.500175793,-451.52885071,0.929029667038,0.0895006048262,0.798367339428,447.221414712,3989.32467207
812.5,0.803571428571,882,40.0518748978,116.995135065,46.7984701163,14257933.8954,3.6923186613,7.25327372789,0.81018032337,0.0312819127559,8466.02599274,538.496619831,-798.951336916,0.928100266982,0.091680251666,0.805583916111,458.802011041,4031.44094892
813,0.803571428571,882,47.9704929903,95.6322111349,46.8324078413,14268273.589,3.77873936659,7.25327372789,0.816325265405,0.0315062043249,8541.11749674,114.885363912,-978.498037842,0.926417808652,0.0936126274073,0.811551757954,469.152044673,4067.19880797
813.5,0.803571428571,882,45.2154500726,73.0160936552,46.8646249128,14278089.0568,3.87518392268,7.25327372789,0.823429072515,0.0317565112477,8625.5752034,-355.125332666,-945.433366314,0.924853311617,0.095828658378,0.818450231659,480.918964431,4107.41676352
814,0.803571428571,882,32.399756192,54.1789754656,46.8895106436,14285670.9094,3.98277541116,7.25327372789,0.831317457188,0.0320357483087,8715.48506782,-769.311343931,-695.83436831,0.923105098296,0.0983228286439,0.826103882792,493.960213042,4150.23098467
814.5,0.803571428571,882,12.3749637,43.3122042347,46.8682825527,14279203.4177,4.0989016606,7.25327372789,0.839731602422,0.0323371360214,8793.55097778,-1029.38362722,-272.846143437,0.921152557123,0.10103164834,0.834258629267,507.109471284,4187.40522751
815,0.803571428571,882,-10.4033165991,42.8336878298,46.8002481866,14258475.6142,4.13910404619,7.25327372789,0.841322227989,0.0324414750928,8783.97180068,-1044.46360818,230.373864145,0.919043105291,0.101766938777,0.835774509534,509.318237589,4182.84371461
815.5,0.803571428571,882,-30.8668098731,52.8498984085,46.7362915063,14238990.1456,4.06083204194,7.25327372789,0.833817965903,0.0322383322165,8683.42304418,-803.287652715,667.425557067,0.918312460422,0.0996424094134,0.828470337775,497.323431726,4134.96335437
816,0.803571428571,882,-44.462292324,71.1321818617,46.7160870578,14232834.5236,3.93290711462,7.25327372789,0.823920623566,0.031906322861,8575.29775214,-395.100303417,931.059704893,0.919734834738,0.0965815998423,0.818862138548,481.629985618,4083.47512007
816.5,0.803571428571,882,-48.1647049642,93.6126438671,46.7187459786,14233644.6081,3.8181248747,7.25327372789,0.815936919764,0.0316084233172,8495.17862442,73.6443192017,981.845163028,0.922057815274,0.0940098540223,0.811119163135,468.858654204,4045.32315449
817,0.803571428571,882,-41.1502435138,115.289275568,46.7249295025,14235528.5218,3.69241609213,7.25327372789,0.806731484629,0.0312821656225,8403.72355127,500.027433008,813.635431216,0.924139648664,0.0911594644108,0.802174678126,454.763163471,4001.77311965
817.5,0.803571428571,882,-24.9796587391,131.338924143,46.7306440882,14237269.5655,3.56125597144,7.25327372789,0.797163534106,0.0309417598232,8308.27234152,791.322310127,478.168255935,0.926416046041,0.0882332625329,0.792869462139,440.273023799,3956.32016263
818,0.803571428571,882,-3.25098204338,138.190467063,46.7376750539,14239411.6664,3.5467517276,7.25327372789,0.797921795118,0.0309041163025,8318.80725809,922.224537165,62.2142841314,0.928786053371,0.0881826121953,0.793635988621,440.152703377,3961.33678956
818.5,0.803571428571,882,19.2010534947,134.319403704,46.7571253324,14245337.5179,3.58515319393,7.25327372789,0.801539394686,0.0310037813666,8362.791458,858.226561866,-371.820303247,0.929047767311,0.0891567173213,0.797168561503,445.385300188,3982.28164667
819,0.803571428571,882,37.3807640417,120.587063927,46.7910862306,14255684.2716,3.66669467593,7.25327372789,0.80814022982,0.0312154096665,8442.49158018,605.948024569,-740.535285838,0.928354682522,0.0910778899185,0.803598065467,455.643751831,4020.2340858
819.5,0.803571428571,882,47.2430782308,100.048958119,46.8244280978,14265842.4271,3.74378850963,7.25327372789,0.813652949796,0.0314154947834,8510.87365013,203.130166257,-954.97406018,0.926881268381,0.0928004443958,0.80895372769,464.923205826,4052.79697625
820,0.803571428571,882,46.5935846256,77.2749117199,46.8577360232,14275990.2417,3.84728924539,7.25327372789,0.821537591048,0.0316841149288,8603.72203562,-264.281209055,-967.679642607,0.925486286158,0.0952104263336,0.816616722436,477.675885185,4097.01049315
820.5,0.803571428571,882,35.5767986175,57.3322574987,46.8870914937,14284933.8751,3.95564490346,7.25327372789,0.829390066481,0.0319653352738,8694.87658398,-697.079158589,-759.153922087,0.923610953483,0.0977007774314,0.824235538621,490.784468713,4140.41742094
821,0.803571428571,882,16.6440070693,44.6583301071,46.8759951471,14281553.1882,4.07719679026,7.25327372789,0.83827827667,0.0322808043887,8781.62291242,-995.182944865,-365.311467547,0.921645108816,0.100541658335,0.832852864802,504.816161071,4181.72519639
821.5,0.803571428571,882,-5.99215457646,42.073138184,46.816198574,14263335.1655,4.14352630515,7.25327372789,0.842069938767,0.0324529523817,8797.66047892,-1063.8254262,133.00696425,0.919437505354,0.101939080448,0.836506664511,510.527580474,4189.36213282
822,0.803571428571,882,-27.2950335586,50.1518991289,46.7467151821,14242165.8922,4.07893172615,7.25327372789,0.835325468474,0.0322853071464,8702.65321181,-865.933450703,593.144518303,0.918232080549,0.100095907631,0.829934809858,499.809750798,4144.12057705
822.5,0.803571428571,882,-42.5246387988,67.0970505168,46.7159385469,14232789.2773,3.95378712614,7.25327372789,0.825451628233,0.0319605137002,8590.79953976,-481.995392044,894.936259824,0.919405981671,0.097065064136,0.8203476326,484.037832122,4090.8569237
823,0.803571428571,882,-48.2923112795,89.1382162185,46.7180085129,14233419.9269,3.83055335691,7.25327372789,0.816690898377,0.0316406795197,8502.55121599,-17.6156229651,987.137569668,0.921678832116,0.0942698201398,0.811848727968,470.140349485,4048.83391238
823.5,0.803571428571,882,-43.3147166623,111.371132877,46.7222376489,14234708.4037,3.70362174711,7.25327372789,0.807519371324,0.0313112481662,8410.77233457,423.655217064,858.658536957,0.923914367582,0.0914069836185,0.802940030557,455.945412364,4005.12968313
824,0.803571428571,882,-28.6993932334,128.848871644,46.731530616,14237539.661,3.5905189703,7.25327372789,0.799566572146,0.031017707409,8333.13179834,749.494736045,553.685171427,0.92621330678,0.0889225273144,0.795211660881,443.729204978,3968.15799921
824.5,0.803571428571,882,-7.69831940933,137.682553185,46.7359038727,14238872.0466,3.54821276945,7.25327372789,0.797596941111,0.0309079082106,8314.79221029,912.10569908,147.258914163,0.928257795903,0.0881507489135,0.793313068546,439.960314149,3959.42486204
825,0.803571428571,882,15.0156668032,135.906641681,46.7510169542,14243476.4987,3.57161451544,7.25327372789,0.800320547874,0.0309686438214,8348.13232806,885.385871999,-289.602087177,0.92902140794,0.0888211867892,0.795979166202,443.593221158,3975.3011086
825.5,0.803571428571,882,34.3885963097,123.91628582,46.7837009468,14253434.2218,3.65895977714,7.25327372789,0.807669947329,0.0311953349335,8435.04129957,670.513253521,-679.850668724,0.928599096108,0.0909183534746,0.803142419338,454.70205413,4016.68633313
826,0.803571428571,882,46.1099008954,104.379396351,46.8185450027,14264050.0442,3.74459296433,7.25327372789,0.813846643144,0.0314175826211,8510.73834348,290.714271995,-932.223157594,0.92702112881,0.0928392245484,0.809144178401,465.000622606,4052.73254451
826.5,0.803571428571,882,47.5715349902,81.6430233529,46.8518349165,14274192.3712,3.82941711978,7.25327372789,0.819951741328,0.0316377305921,8585.28689016,-172.6933945,-983.045688158,0.92547172084,0.0947577981154,0.815072244528,475.285290506,4088.23185246
827,0.803571428571,882,38.448278112,60.7661170861,46.8824956178,14283533.6649,3.93216850521,7.25327372789,0.827618304357,0.0319044059146,8675.03421454,-620.153566141,-815.623324942,0.923934964732,0.0971477911329,0.822515808664,487.910964934,4130.96867359
827.5,0.803571428571,882,20.770097959,46.3938876902,46.8823415716,14283486.7322,4.05022189119,7.25327372789,0.836300514647,0.0322107952119,8763.78400433,-951.307738983,-453.118929462,0.922071220006,0.0999071805397,0.830936003193,501.766308383,4173.23047825
828,0.803571428571,882,-1.52952698113,41.7242240123,46.8314466568,14267980.7481,4.14080059754,7.25327372789,0.842280334896,0.0324458782293,8805.61742921,-1072.27524515,33.9730203212,0.919927592267,0.101939735118,0.83671810544,510.863474151,4193.15115677
828.5,0.803571428571,882,-23.4888249518,47.7961482518,46.7557991788,14244933.4832,4.09439610928,7.25327372789,0.836720980232,0.03232544256,8720.27318083,-921.196701413,512.697945077,0.918281623759,0.100501130674,0.831292039977,502.028209626,4152.51103849
829,0.803571428571,882,-40.2217485528,63.2586286187,46.7185638008,14233589.1046,3.98275820116,7.25327372789,0.827731592043,0.0320357036428,8614.95827117,-566.880093851,852.645448481,0.919124980016,0.0977620266569,0.822562131949,487.568194339,4102.36108151
829.5,0.803571428571,882,-48.0051433388,84.6711902809,46.7169203428,14233088.3978,3.86410420725,7.25327372789,0.819163868441,0.0317277555606,8527.3045412,-109.811219487,989.245930996,0.921152869606,0.0950407209643,0.814250179731,473.962888775,4060.6212101
830,0.803571428571,882,-45.1071672486,107.269437246,46.7225203951,14234794.547,3.73859242843,7.25327372789,0.81005824057,0.0314020091587,8436.71815319,345.294519785,901.897232188,0.923306043091,0.09219356463,0.805407217459,459.87450788,4017.48483485
830.5,0.803571428571,882,-32.1726336346,126.025152949,46.7303609634,14237183.3068,3.61738508868,7.25327372789,0.801384929527,0.0310874342623,8351.22463801,699.490746118,624.687410416,0.925580361207,0.0894992714951,0.796978114031,446.584839859,3976.77363715
831,0.803571428571,882,-12.0795372498,136.765102158,46.7343558657,14238400.4204,3.55085849314,7.25327372789,0.797413415646,0.0309147747771,8312.30746882,894.522337745,231.057249979,0.92777253763,0.0881532669542,0.793128539567,439.943736222,3958.24165182
831.5,0.803571428571,882,10.7013131631,137.099595503,46.7470417259,14242265.3792,3.56114507018,7.25327372789,0.799354526613,0.0309414719961,8336.82366968,905.554509392,-205.747465295,0.928973673079,0.0885586089598,0.795036104014,442.206636668,3969.91603318
832,0.803571428571,882,31.1010709095,126.954206638,46.7781770069,14251751.2614,3.64557512079,7.25327372789,0.806652097661,0.0311605971289,8422.65165161,727.937203072,-612.640038302,0.928788054769,0.0906118669294,0.802152154548,453.062240909,4010.78650077
832.5,0.803571428571,882,44.580693647,108.58633245,46.812459535,14262196.005,3.72165085612,7.25327372789,0.812036038426,0.031358039929,8490.00258577,373.484659911,-895.830592172,0.927263101362,0.0922991666953,0.807382634318,462.175483027,4042.85837418
833,0.803571428571,882,48.1409017208,86.0829116037,46.8459829947,14272409.4857,3.81781505827,7.25327372789,0.81929815109,0.0316076192366,8576.49449335,-80.7235394342,-992.089936523,0.925887035931,0.0945221828235,0.814440948705,473.985067258,4084.04499683
833.5,0.803571428571,882,40.989532038,64.4510614056,46.8780933779,14282192.4491,3.92127609535,7.25327372789,0.82684941704,0.0318761363501,8665.54388049,-540.498765082,-867.151148607,0.924145263993,0.0968999595086,0.821770311203,486.574874762,4126.4494669
834,0.803571428571,882,24.7177980924,48.503970582,46.887700328,14285119.3666,4.02038374444,7.25327372789,0.833862839777,0.0321333549188,8740.81009248,-898.78411398,-535.375662915,0.922268890504,0.0991682412345,0.828568312204,498.168979332,4162.29052023
834.5,0.803571428571,882,2.94623745521,41.7899420778,46.8453347701,14272211.9933,4.13173072001,7.25327372789,0.841982664358,0.0324223387655,8807.8766213,-1069.80570228,-65.3785074258,0.920469592442,0.101783221634,0.836436603052,510.381696538,4194.22696253
835,0.803571428571,882,-19.4808749158,45.8028789115,46.7687627617,14248883.0547,4.11263553046,7.25327372789,0.838464250774,0.0323727801556,8742.91757124,-969.987073408,427.543613286,0.918446475733,0.100995456122,0.832988724152,504.777282749,4163.29408154
835.5,0.803571428571,882,-37.5734007093,59.6498837047,46.7237301966,14235163.1332,3.99941920471,7.25327372789,0.828888840607,0.0320789446997,8628.6098377,-646.009239129,799.758517153,0.918793521054,0.0981397588309,0.823683407938,489.560315203,4108.86182747
836,0.803571428571,882,-47.3056675776,80.2499325624,46.7172740834,14233196.1707,3.87679516951,7.25327372789,0.820006178571,0.0317606929895,8535.98166813,-201.511102798,977.697570109,0.920850332914,0.0953186765171,0.815066392646,475.356236663,4064.7531753
836.5,0.803571428571,882,-46.5122002266,103.019417425,46.7213548281,14234439.4376,3.75920283998,7.25327372789,0.811665523131,0.0314555002929,8452.67346764,261.665027083,934.804971292,0.923075874127,0.0926754929939,0.806970645647,462.255370311,4025.08260364
837,0.803571428571,882,-35.3695488854,122.892020486,46.7287226299,14236684.1612,3.6352164042,7.25327372789,0.802630690414,0.0311337126828,8363.3242945,641.390459413,689.701966428,0.92520716632,0.0898888359438,0.7981887812,448.497244882,3982.53537833
837.5,0.803571428571,882,-16.3570060474,135.445993808,46.7328231756,14237933.4608,3.55439330234,7.25327372789,0.797448243048,0.0309239488274,8312.08048026,869.677614798,313.015973746,0.927450329776,0.0881983138173,0.793158904881,440.139679308,3958.13356203
838,0.803571428571,882,6.29504780685,137.888019098,46.7436210743,14241223.2206,3.55331662549,7.25327372789,0.798608107065,0.0309211544792,8327.96009649,918.50238832,-120.740355398,0.92890989296,0.0883589087041,0.794307075202,441.144890296,3965.69528404
838.5,0.803571428571,882,27.5464238247,129.674734208,46.7710242915,14249572.0675,3.62029634941,7.25327372789,0.804541697975,0.0310949899891,8398.48989904,776.064807965,-538.826801046,0.928929320415,0.0900060770932,0.800095711942,449.895656254,3999.28090431
839,0.803571428571,882,42.6685905804,112.633633776,46.8046579282,14259819.1155,3.70410657031,7.25327372789,0.810888288698,0.0313125064498,8475.47138044,452.809070989,-853.628942339,0.927719939154,0.091923026422,0.806269463034,460.138603285,4035.93875259
839.5,0.803571428571,882,48.2967946259,90.5564430449,46.8390604381,14270300.4135,3.78654558094,7.25327372789,0.816824902395,0.0315264641464,8548.64049166,11.3737528924,-987.191434181,0.926204534231,0.0937795948153,0.812035853094,470.122358265,4070.7811865
840,0.803571428571,882,43.1787340079,68.3554411116,46.8706622427,14279928.43,3.88768215029,7.25327372789,0.824402225781,0.0317889484636,8637.76518479,-454.097108688,-905.878395161,0.924711894181,0.0961256853749,0.819395765017,482.533903956,4113.22151657
840.5,0.803571428571,882,28.4532013604,50.9704556477,46.8902664452,14285901.177,4.00370072976,7.25327372789,0.832949767336,0.0320900567355,8732.48524343,-842.541697663,-614.227221351,0.922878396267,0.0988266679296,0.827688574496,496.507437323,4158.3263064
841,0.803571428571,882,7.39669717086,42.2697279396,46.8573584395,14275875.2046,4.11768876676,7.25327372789,0.841030264182,0.0323858950485,8802.69316907,-1056.36987144,-163.704242658,0.920772580617,0.101463099357,0.835515404368,509.03768184,4191.75865194
841.5,0.803571428571,882,-15.305607036,44.1892109514,46.7824108542,14253041.1736,4.12657619064,7.25327372789,0.839915172906,0.0324089609821,8762.86721299,-1009.94703247,337.428206919,0.918701684402,0.101392833401,0.834402380009,507.059193463,4172.79391095
842,0.803571428571,882,-34.6023414671,56.301810657,46.7267262827,14236075.9408,4.02861922026,7.25327372789,0.831210907826,0.032154728822,8653.34215365,-722.553975998,741.940736086,0.918540160006,0.0988495395273,0.825938416838,493.164225496,4120.63912078
842.5,0.803571428571,882,-46.1998916715,75.9124164761,46.7173606373,14233222.5408,3.91553188041,7.25327372789,0.822924160572,0.031861228129,8565.68904689,-293.92141535,963.908219321,0.920320009602,0.0962231921954,0.817899999508,479.868853417,4078.89954614
843,0.803571428571,882,-47.5177480127,98.657576093,46.7198595279,14233983.8695,3.78097071424,7.25327372789,0.812956961846,0.0315119954424,8465.2209341,174.830703771,959.571274623,0.922373125046,0.0931236443283,0.808220276,464.460969624,4031.05758767
843.5,0.803571428571,882,-38.2626812372,119.476384184,46.7262327999,14235925.593,3.65292297132,7.25327372789,0.803845890275,0.0311796673381,8374.80023756,577.181834163,749.227734274,0.924812890094,0.090273138238,0.799369218497,450.36671062,3988.00011312
844,0.803571428571,882,-20.4939873671,133.736557727,46.7325010344,14237835.3151,3.55889138098,7.25327372789,0.797569631792,0.0309356228945,8313.16942736,837.60644474,392.483926246,0.927130271488,0.088267127674,0.793273751295,440.47701123,3958.65210827
844.5,0.803571428571,882,1.83471538069,138.265140831,46.7406153796,14240307.4856,3.54861799189,7.25327372789,0.798123299825,0.0309089599027,8321.92031113,924.304622114,-35.135832558,0.928828725339,0.0882336665621,0.793833096822,440.462949914,3962.81919578
845,0.803571428571,882,23.7551853003,132.054502391,46.7643981863,14247553.3141,3.60154348641,7.25327372789,0.802958371542,0.0310463198348,8379.91476014,818.262013317,-462.208910947,0.92901409698,0.0895552032052,0.798552368968,447.515134797,3990.43560006
845.5,0.803571428571,882,40.3900144161,116.48653876,46.7992807896,14258180.8806,3.6945456174,7.25327372789,0.810340579848,0.0312876924758,8467.95585803,528.65681439,-806.162577453,0.92805870065,0.0917301069195,0.805739636939,459.067409346,4032.3599324
846,0.803571428571,882,48.0378747684,95.0251952937,46.8332586673,14268532.8073,3.78139991246,7.25327372789,0.81652414782,0.03151310936,8543.4617887,102.574314225,-980.549366381,0.926377520319,0.0936738898981,0.811745010693,469.476127649,4068.31513748
846.5,0.803571428571,882,44.997081347,72.4457221665,46.8653243518,14278302.1525,3.876476238,7.25327372789,0.823499815652,0.0317598652521,8626.55197783,-367.162366876,-941.151498602,0.924805114895,0.0958547349275,0.8185184819,481.064189495,4107.8818942
847,0.803571428571,882,31.9442250343,53.7721586765,46.8900051982,14285821.5837,3.98699121176,7.25327372789,0.831666421519,0.0320466897669,8719.24699838,-778.8921783,-686.795186026,0.923081658826,0.0984273869482,0.826443026775,494.49593038,4152.02238018
847.5,0.803571428571,882,11.783627942,43.1594608002,46.8674552409,14278951.3634,4.09953859992,7.25327372789,0.839717611058,0.0323387890988,8793.08584511,-1032.77035878,-259.813013796,0.92107600907,0.101037074797,0.834243953,507.118804729,4187.18373577
848,0.803571428571,882,-10.9988819614,42.9690038847,46.7979313938,14257769.7647,4.13752094342,7.25327372789,0.841173273378,0.0324373663945,8781.57938165,-1040.9268697,243.435876676,0.919031530681,0.101724218216,0.835629608147,509.054027783,4181.70446745
848.5,0.803571428571,882,-31.3340887368,53.2431654922,46.7350252072,14238604.3465,4.05770066632,7.25327372789,0.833570624677,0.0322302052156,8680.43623664,-794.132975068,676.974321721,0.918341234812,0.0995661687116,0.828230252104,496.915979603,4133.54106507
849,0.803571428571,882,-44.6973129372,71.6958961926,46.715850308,14232762.3938,3.93129462376,7.25327372789,0.82383054316,0.0319021378905,8574.30061988,-383.161372754,935.652680057,0.919791724741,0.096548685598,0.818775220408,481.460969959,4083.00029518
849.5,0.803571428571,882,-48.1151741318,94.221376347,46.7189169676,14233696.7028,3.81557815185,7.25327372789,0.815739499434,0.0316018136921,8493.23075368,85.9993028883,980.218557535,0.922087079609,0.0939500373646,0.810927244606,468.563758317,4044.39559699
850,0.803571428571,882,-40.8271820797,115.807580348,46.7251429334,14235593.5471,3.68939204009,7.25327372789,0.806506002261,0.0312743171633,8401.50325074,509.895671146,806.646850524,0.92418580657,0.0910907737906,0.801955413678,454.42464106,4000.71583369
