time,root_dist,x,y,z,rel_vel_mag,Re,alpha_deg,alpha_geom_deg,cl,cd,fx,fy,fz,end_effect_factor,c_ref_t,c_ref_n,f_ref_t,f_ref_n
0.5,0.553571428571,882,15.4021326367,119.861920739,33.5261092285,14013913.6575,7.06867463626,7.06867463626,0.816023471673,0.0412837029196,5854.70500125,1341.59360902,-691.964957346,0.726844981607,0.203994927556,0.791191961523,718.825086026,2787.9547625
1,0.553571428571,882,27.377218096,109.479423229,33.5151999689,14009353.587,6.98237699625,7.06867463626,1.09790219829,0.0408159096681,7842.68579469,1230.10107101,-1728.83688113,0.981100241261,0.286921776138,1.06053338932,1010.37987136,3734.61228318
1.5,0.553571428571,882,33.2607433661,94.7626621478,33.5021821246,14003912.1281,6.86719913373,7.06867463626,1.09145584272,0.0404574686044,7794.54415603,296.656425478,-2071.74326658,0.981443901863,0.283230638728,1.05484267484,996.607078212,3711.68769335
2,0.553571428571,882,31.7435963165,78.9861862693,33.4905760675,13999060.7962,6.75945366321,7.06867463626,1.08556772617,0.0401221576321,7750.76890866,-677.348401139,-1952.22787829,0.981897975627,0.27984115493,1.04964565623,983.998339103,3690.84233746
2.5,0.553571428571,882,23.1633493235,65.6603359078,33.4811148831,13995106.0211,6.65694050133,7.06867463626,1.07994681295,0.0398031299475,7709.70490798,-1478.87364701,-1407.40097157,0.982317951367,0.276629890653,1.0446747396,972.157144919,3671.28805142
3,0.553571428571,882,9.42914782368,57.7501756389,33.4709005581,13990836.4333,6.55616925291,7.06867463626,1.07439709714,0.0394895232119,7668.73152572,-1936.03056779,-566.053266227,0.98271319062,0.273484362401,1.03975711024,960.51652058,3651.77691701
3.5,0.553571428571,882,-6.40308355262,57.0157534417,33.4577747379,13985349.8404,6.46191087453,7.06867463626,1.06921765767,0.0391961849551,7628.84846967,-1957.42390577,379.985906132,0.983097554359,0.270561907199,1.03516133755,949.50728788,3632.78498556
4,0.553571428571,882,-20.8105986294,63.62048172,33.4453878627,13980172.1266,6.38257663932,7.06867463626,1.06488982287,0.0389492916108,7594.89864138,-1550.21449426,1222.95226497,0.983453315831,0.268123510248,1.03131816886,940.253405876,3616.61840066
4.5,0.553571428571,882,-30.5876573288,76.0947772714,33.4313620964,13974309.3563,6.27299125007,7.06867463626,1.05869645575,0.0386082546908,7547.89277552,-806.079412946,1773.15253011,0.983749912387,0.26471233231,1.02579538109,927.512694965,3594.23465501
5,0.553571428571,882,-33.5588179632,91.6630504833,33.423572997,13971053.5128,6.19729409505,7.06867463626,1.05463091667,0.0383726801787,7517.77811669,95.5302674524,1927.71228995,0.984155312147,0.262429256274,1.02217890725,919.084714873,3579.89434128
5.5,0.553571428571,882,-29.0629832738,106.861287117,33.4109560291,13965779.6202,6.07095406444,7.06867463626,1.04741212006,0.0379795017156,7464.61952044,953.407664676,1643.3425764,0.98443241967,0.258519047526,1.01571772351,904.706890367,3554.58072402
6,0.553571428571,882,-18.1004976898,118.307807817,33.4001926643,13961280.5337,5.96753870922,7.06867463626,1.0417436443,0.0376576663462,7422.59646355,1580.35962553,1010.50904175,0.984889554163,0.255407814558,1.01065066593,893.243100005,3534.56974455
6.5,0.553571428571,882,-3.11056597351,123.455707724,33.3887803143,13956510.1714,5.88114506307,7.06867463626,1.03699039385,0.037388803652,7386.28731442,1847.55581411,171.777691774,0.985258714443,0.252818397353,1.00639448405,883.582953003,3517.27967353
7,0.553571428571,882,12.5714813472,121.159554823,33.3840137401,13954517.7434,5.83231425288,7.06867463626,1.03440311134,0.0372368389674,7367.20986074,1710.53128944,-690.122574646,0.985563620251,0.251388331285,1.00408181232,878.334134966,3508.19517178
7.5,0.553571428571,882,25.4563147572,111.930253965,33.3816054344,13953511.0716,5.76874749953,7.06867463626,1.03079602792,0.037039015061,7342.35688435,1194.50617073,-1386.56511272,0.985734543738,0.249466787775,1.00083897886,871.494637583,3496.36042112
8,0.553571428571,882,32.6769980335,97.8213681361,33.3840006147,13954512.257,5.72015828828,7.06867463626,1.02813213843,0.0368878022482,7325.86631679,423.622609328,-1769.85853766,0.985955512435,0.248028782413,0.998447858993,866.595412883,3488.5077699
8.5,0.553571428571,882,32.6268950806,81.9721909963,33.3895073342,13956814.0657,5.67956483438,7.06867463626,1.0258880616,0.0367614727567,7313.48071057,-432.837362318,-1759.15236657,0.986123241903,0.246825557117,0.996431063932,862.675954781,3482.60986217
9,0.553571428571,882,25.317154042,67.9092392341,33.3928015527,13958191.049,5.65617794666,7.06867463626,1.02463919447,0.036688691228,7306.70062726,-1188.0271279,-1361.5405156,0.986262587351,0.246145788546,0.995310901016,860.469870093,3479.38125108
9.5,0.553571428571,882,12.3742267853,58.7615859643,33.3823025564,13953802.4686,5.60827030119,7.06867463626,1.02186678974,0.0365395994926,7283.75240668,-1669.04827778,-661.14694175,0.986342543472,0.244697640509,0.992809117124,854.869661882,3468.45352699
10,0.553571428571,882,-3.32202431142,56.564627197,33.3581811723,13943719.73,5.56625831082,7.06867463626,1.01953122598,0.0364088554226,7257.8214136,-1774.80839517,176.338893291,0.986505590591,0.243457420251,0.990705814063,849.308141112,3456.10543505
10.5,0.553571428571,882,-18.2791093259,61.807196623,33.3333011502,13933319.8808,5.52370011498,7.06867463626,1.01714073512,0.0362764115253,7231.23092324,-1486.55994308,963.827234762,0.986647750638,0.242197663506,0.988550223742,843.653565459,3443.44329678
11,0.553571428571,882,-29.1690062764,73.3227978111,33.320983692,13928171.1833,5.47525558883,7.06867463626,1.0143995999,0.036125648982,7207.79936945,-873.503913728,1527.78870541,0.986790973866,0.240762292838,0.986075620396,838.034009625,3432.28541402
11.5,0.553571428571,882,-33.568661714,88.5491551676,33.3173265623,13926642.5031,5.4124973536,7.06867463626,1.01082326604,0.0359303412371,7182.59305932,-75.3875168268,1744.26512974,0.986953042726,0.238902457643,0.98284295812,831.377858121,3420.2824092
12,0.553571428571,882,-30.4991315469,104.098332344,33.3136193547,13925092.8903,5.32818958255,7.06867463626,1.00600750595,0.035667969923,7149.15219081,724.76873209,1567.90295202,0.987161467351,0.236412537195,0.97848475633,822.529887247,3404.3581861
12.5,0.553571428571,882,-20.6434007187,116.51056406,33.3115878207,13924243.709,5.26331127427,7.06867463626,1.00241878028,0.0354660643717,7124.57815584,1351.88098332,1052.69057271,0.987438732022,0.234536942864,0.975240316646,815.904772318,3392.65626468
13,0.553571428571,882,-6.19441583729,123.024070198,33.3062988417,13922032.9158,5.20471111264,7.06867463626,0.999135799489,0.0352836968246,7100.60320087,1671.30375531,313.491050278,0.987649961859,0.232838331669,0.972267245354,809.738470295,3381.23961946
13.5,0.553571428571,882,9.63285579259,122.189564913,33.3060463124,13921927.3586,5.17059394614,7.06867463626,0.99729059213,0.0351775219644,7088.31189091,1622.27053774,-485.470934104,0.987839148576,0.231869939462,0.970598946206,806.358479034,3375.38661472
14,0.553571428571,882,23.3167715618,114.192729568,33.3152023982,13925754.6024,5.16606505351,7.06867463626,0.997130703599,0.0351634277534,7091.19006553,1219.36495392,-1175.21480995,0.98794859113,0.231764205742,0.970459406491,806.433982912,3376.75717406
14.5,0.553571428571,882,31.8125956524,100.812897755,33.328373519,13931260.1309,5.15942796293,7.06867463626,0.996749082335,0.0351427726921,7094.26426721,544.967144197,-1603.346281,0.987963080187,0.231570066849,0.970112906701,806.395704907,3378.22107962
15,0.553571428571,882,33.2299671218,85.0271451775,33.3466802497,13938912.3444,5.16593623419,7.06867463626,0.997159050843,0.0351630268592,7104.79966901,-251.122545009,-1678.06907945,0.987984297402,0.231769962486,0.970487143462,807.978689019,3383.23793762
15.5,0.553571428571,882,27.253514131,70.3478762596,33.3568735186,13943173.1308,5.15780433224,7.06867463626,0.996652564586,0.0351377198469,7105.75916514,-991.949395026,-1375.63284313,0.987963492179,0.231521745442,0.970025090005,807.606879035,3383.69484054
16,0.553571428571,882,15.2130256669,60.0412975905,33.3463314154,13938766.5316,5.16192944655,7.06867463626,0.996925068333,0.0351505574732,7103.09430897,-1512.07157384,-767.829772751,0.987989484781,0.231651791494,0.970274497788,807.549834794,3382.42586141
16.5,0.553571428571,882,-0.212432781634,56.4006715497,33.3116445897,13924267.4385,5.1688903075,7.06867463626,0.997327347542,0.0351722201291,7090.99383257,-1693.78630458,10.7090157087,0.987976303051,0.231855983776,0.970639853917,806.581027755,3376.6637298
17,0.553571428571,882,-15.590623934,60.2360546072,33.27307675,13908146.0815,5.1573877182,7.06867463626,0.996618159564,0.0351364233167,7069.87088432,-1494.71261817,782.943995219,0.987954042566,0.231506780623,0.969993265307,803.502411227,3366.60518301
17.5,0.553571428571,882,-27.4998277061,70.6940559378,33.2487546586,13897979.4473,5.12888335857,7.06867463626,0.994953451236,0.0350477158797,7048.52466883,-964.595590847,1373.99199277,0.987990815642,0.23066722968,0.968479912887,799.418531608,3356.44031849
18,0.553571428571,882,-33.2901900723,85.4477209057,33.2493729525,13898237.8941,5.09009952234,7.06867463626,0.992729228999,0.0349270180371,7034.0797729,-226.343707188,1655.22035837,0.98808168839,0.229538248392,0.96645921343,795.535431802,3349.56179662
18.5,0.553571428571,882,-31.6733280877,101.214289449,33.2540694731,13900201.0398,5.02929480903,7.06867463626,0.988291125413,0.0347518274816,7006.33650383,552.812665429,1561.34875976,0.98820475057,0.227509251248,0.962375487364,788.726087988,3336.35071611
19,0.553571428571,882,-23.0090011721,114.485625682,33.2605180119,13902896.529,4.9878655033,7.06867463626,0.984588633049,0.0346443041288,6984.03093493,1199.17683323,1126.85955095,0.988396332951,0.225941726832,0.958939695817,783.595632002,3325.72901663
19.5,0.553571428571,882,-9.22506294162,122.308794681,33.2627123501,13903813.7623,4.94344673871,7.06867463626,0.980542091477,0.034529022098,6957.56558648,1570.64996241,448.464416751,0.988525919613,0.224246549414,0.955179842543,777.819155645,3313.12646975
20,0.553571428571,882,6.61149531624,122.943104433,33.2697769969,13906766.7847,4.92957056345,7.06867463626,0.979374432832,0.0344930086321,6952.63737603,1598.57249831,-320.824487162,0.988664001703,0.223743522903,0.954097942188,776.404058244,3310.77970287
20.5,0.553571428571,882,20.9769646739,116.247418027,33.2794421912,13910806.8359,4.92399441585,7.06867463626,0.978892696464,0.0344785366038,6953.41914956,1273.23355138,-1017.56962158,0.988706956096,0.223538250243,0.953651053245,776.142506717,3311.15197598
21,0.553571428571,882,30.6749604244,103.711557277,33.3007700699,13919721.8892,4.94237606396,7.06867463626,0.98063809346,0.0345262433274,6974.19730868,668.125619265,-1494.70454126,0.988724192956,0.224256596837,0.955275934272,779.634996401,3321.04633746
21.5,0.553571428571,882,33.5476327593,88.1248103433,33.325355706,13929998.6851,4.94731311192,7.06867463626,0.981045863112,0.0345390566715,6987.25903966,-91.5799467743,-1638.38916854,0.988667319111,0.224433683905,0.955653417037,781.403173354,3327.26620936
22,0.553571428571,882,28.9557985309,72.9553019552,33.3438428581,13937726.3147,4.97449137363,7.06867463626,0.983585924434,0.0346095936445,7012.30611499,-837.260434573,-1422.35106763,0.988652017735,0.225487459325,0.958015918659,785.943342498,3339.19338809
22.5,0.553571428571,882,17.921162519,61.5783192972,33.3375428587,13935092.9149,5.00178930986,7.06867463626,0.986068204665,0.0346804412143,7026.52618904,-1402.03938814,-884.049609721,0.988567588207,0.226529998401,0.960321507141,789.278806025,3345.96485192
23,0.553571428571,882,2.89898329634,56.5252946862,33.2953389518,13917451.6818,5.0185277087,7.06867463626,0.987556725111,0.0347238831386,7018.82576275,-1651.71821892,-143.042440016,0.988482453191,0.227161513365,0.961702490491,789.476449604,3342.29798226
23.5,0.553571428571,882,-12.7682333868,58.9205499376,33.2429896662,13895569.6805,5.02248375831,7.06867463626,0.987876262507,0.0347341504533,6998.92000127,-1529.66032745,628.423605445,0.988430085319,0.227302371024,0.961997714841,787.483857986,3332.81904822
24,0.553571428571,882,-25.5944579022,68.2311294576,33.2092870825,13881482.0005,5.00374733707,7.06867463626,0.986102731589,0.034685522971,6972.760794,-1065.78414298,1253.08142778,0.988417690053,0.226567018803,0.96034841008,783.345477409,3320.36228286
24.5,0.553571428571,882,-32.7257947823,82.3853853765,33.2089128916,13881325.5887,4.9739644643,7.06867463626,0.983361610587,0.0346082261329,6954.10985312,-370.910433107,1594.08444375,0.988476333778,0.225420931686,0.957801226796,779.365368196,3311.48088244
25,0.553571428571,882,-32.5754879265,98.2339289741,33.2199168532,13885925.2447,4.92787179526,7.06867463626,0.979120848491,0.0344885997422,6930.0756716,398.195532664,1575.3613867,0.988569228208,0.223652945507,0.953858720895,773.765299973,3300.0360341
25.5,0.553571428571,882,-25.1769813192,112.250384528,33.2278229451,13889229.991,4.86636183411,7.06867463626,0.973479069303,0.0343289601552,6895.2294534,1065.26214496,1205.3762527,0.988712208771,0.221308266119,0.948610893477,766.017966913,3283.44259686
26,0.553571428571,882,-12.176477586,121.31602455,33.24095103,13894717.5306,4.86495803329,7.06867463626,0.973533453637,0.0343253168074,6901.09342996,1500.4374236,583.408747451,0.988901525719,0.221302754368,0.948667857384,766.604290384,3286.23496665
26.5,0.553571428571,882,3.53334985741,123.413701363,33.2517478048,13899230.5824,4.85293231187,7.06867463626,0.972406763502,0.0342941059082,6897.93894518,1598.62984307,-169.047974262,0.988905826484,0.220839528311,0.947618542527,765.496680869,3284.73283104
27,0.553571428571,882,18.4569902876,118.076671981,33.267076492,13905637.9737,4.86312496664,7.06867463626,0.973401530007,0.0343205593665,6911.06014688,1346.97973855,-885.47502955,0.988942632763,0.221242521159,0.948546354295,767.600797965,3290.98102232
27.5,0.553571428571,882,29.2738633006,106.49245062,33.2844532595,13912901.4625,4.84210447381,7.06867463626,0.971394005998,0.0342660039298,6904.63497833,789.120014257,-1400.67670701,0.988911441034,0.220423273852,0.94667526336,765.557558361,3287.92141825
28,0.553571428571,882,33.5771636182,91.2385811866,33.3100579813,13923604.2362,4.84572441402,7.06867463626,0.971797594182,0.0342753989245,6918.02420698,59.3960681218,-1610.19036873,0.988975716965,0.220579362811,0.947053383782,767.278802721,3294.29724142
28.5,0.553571428571,882,30.4093866172,75.7091215956,33.3322184321,13932867.3046,4.88792888692,7.06867463626,0.975755964725,0.0343849341038,6954.19563404,-691.294584784,-1470.99735231,0.988964662209,0.222207252751,0.950739692668,773.970153799,3311.5217305
29,0.553571428571,882,20.4753776255,63.3594498725,33.3347600698,13933929.7092,4.943547247,7.06867463626,0.980858464202,0.0345292829518,6989.96950314,-1301.20241127,-1000.07734864,0.988835340035,0.224331076773,0.955484780712,781.486811673,3328.55690626
29.5,0.553571428571,882,5.98550051137,56.9374262401,33.2946601686,13917167.9505,4.96172601401,7.06867463626,0.982397349895,0.0345764631288,6983.56879642,-1615.74631426,-292.507487786,0.988663690259,0.224993400789,0.956910682606,781.909515451,3325.50895068
30,0.553571428571,882,-9.83617870547,57.8719812551,33.2359104464,13892610.5666,4.98173460283,7.06867463626,0.984222383974,0.0346283923252,6971.2764166,-1569.85616842,480.620542994,0.988607285229,0.225758024732,0.958606353484,781.800424551,3319.65543648
30.5,0.553571428571,882,-23.4692617543,65.9551720175,33.1978108439,13876684.9328,4.98208201178,7.06867463626,0.984193065096,0.0346292939714,6955.08926395,-1172.18452067,1144.12568723,0.98854503108,0.225755246961,0.95857693789,779.999438728,3311.94726855
31,0.553571428571,882,-31.8803233372,79.388450447,33.1876613613,13872442.449,4.91078611484,7.06867463626,0.977489625231,0.0344442565022,6905.60870714,-510.649361339,1534.14604249,0.988543948575,0.222983703396,0.952339562478,769.952563535,3288.38509864
31.5,0.553571428571,882,-33.1978625695,95.1828487162,33.1988469478,13877118.0242,4.8950831183,7.06867463626,0.976231639116,0.0344035018044,6901.82062645,248.960555012,1594.67480975,0.988764966355,0.222432605137,0.9511758777,768.567461312,3286.58125069
32,0.553571428571,882,-27.1287207561,109.824038694,33.2117333626,13882504.5455,4.84200045693,7.06867463626,0.971287860297,0.0342657339701,6873.75573671,944.262579106,1292.20065721,0.988813338612,0.220394115477,0.946573125516,762.115202605,3273.21701748
32.5,0.553571428571,882,-15.0233105839,120.054286535,33.2296929755,13890011.6638,4.83321328045,7.06867463626,0.97062124946,0.0342429282132,6876.71600764,1431.16910202,715.402040667,0.988976034529,0.220097094316,0.945957428804,761.911469964,3274.62667031
33,0.553571428571,882,0.424857071651,123.597313828,33.2414087515,13894908.8581,4.82442388488,7.06867463626,0.969820907317,0.0342201166969,6876.1472153,1598.60155593,-20.2152225402,0.989002844242,0.219765376509,0.945212562308,761.299698713,3274.35581681
33.5,0.553571428571,882,15.7784920243,119.664780286,33.2583080782,13901972.7767,4.82343976044,7.06867463626,0.969754608789,0.0342175625542,6882.69694326,1412.7226524,-751.417434692,0.989029625862,0.219734326273,0.945151664397,761.966285279,3277.47473488
34,0.553571428571,882,27.6213380602,109.131693176,33.2793613429,13910773.0413,4.81579032011,7.06867463626,0.969038085236,0.0341977096154,6886.5456374,911.041137498,-1315.31354882,0.989032622355,0.219440635065,0.94448403992,761.911560375,3279.30744638
34.5,0.553571428571,882,33.3183060632,94.3417140717,33.3038527422,13921010.4462,4.8237714183,7.06867463626,0.969811564136,0.0342184233209,6901.95435117,207.350054822,-1591.20395186,0.989055898702,0.219753812168,0.945205603276,764.122377094,3286.64492913
35,0.553571428571,882,31.6017937747,78.5856831032,33.322585905,13928840.9083,4.83467890008,7.06867463626,0.970813643474,0.0342467320022,6916.54104512,-546.762463415,-1513.77211347,0.989031612562,0.22016780406,0.946138524247,766.423386854,3293.59097387
35.5,0.553571428571,882,22.8537332774,65.3693914958,33.3350902539,13934067.7261,4.90464269831,7.06867463626,0.977361176272,0.0344283122152,6966.33571667,-1195.18345168,-1108.96179515,0.988998375052,0.222863320509,0.952235326974,776.389069873,3317.30272222
36,0.553571428571,882,9.02060930432,57.6335264853,33.2981750933,13918637.189,4.91670544569,7.06867463626,0.978283495071,0.0344596192096,6957.12948689,-1569.98230835,-437.557616892,0.988783904044,0.223275436575,0.953086639035,776.102991947,3312.91880328
36.5,0.553571428571,882,-6.81964279728,57.0993545334,33.2395484815,13894131.2653,4.95254552961,7.06867463626,0.981616623764,0.034552636602,6955.20585448,-1600.12473933,331.673710304,0.988746703366,0.224657865056,0.956187180637,778.160898249,3312.00278785
37,0.553571428571,882,-21.1424922021,63.8857314197,33.1981160951,13876812.5278,4.96999406318,7.06867463626,0.983146957809,0.0345979215711,6948.17984461,-1270.57106184,1028.67283779,0.988635788966,0.225308020564,0.957607045032,778.468557408,3308.65706886
37.5,0.553571428571,882,-30.7610373439,76.4826562695,33.1793164396,13868954.2717,4.90668101127,7.06867463626,0.977140911898,0.0344336023411,6899.79289953,-649.719596324,1478.54853469,0.988581582045,0.222834369777,0.952016217468,769.050025542,3285.61566644
38,0.553571428571,882,-33.5351065493,92.0872538728,33.1841779946,13870986.4017,4.84865613507,7.06867463626,0.971878610118,0.0342830077529,6866.33558401,99.3670552768,1596.492324,0.988777622626,0.220641628024,0.947122288518,761.705562096,3269.68361143
38.5,0.553571428571,882,-28.8474563323,107.227427642,33.2040592593,13879296.7704,4.85497023706,7.06867463626,0.972647470104,0.0342993950277,6879.8070478,822.199123293,1376.7785765,0.988955704839,0.220930996698,0.94784441988,763.618704203,3276.09859419
39,0.553571428571,882,-17.741110982,118.534417484,33.2246175717,13887890.145,4.84113195408,7.06867463626,0.971327062239,0.0342634799053,6879.38502818,1360.19984692,845.696480602,0.988936400018,0.220392172816,0.946613721671,762.699906638,3275.89763247
39.5,0.553571428571,882,-2.68728473754,123.492364813,33.2348701966,13892175.7422,4.80957971141,7.06867463626,0.968401137463,0.0341815909415,6863.81514858,1588.79554894,127.478189541,0.988978685887,0.219187945053,0.943888652831,759.000713306,3268.48340408
40,0.553571428571,882,12.9644750394,120.998102957,33.2512952557,13899041.4169,4.80236609382,7.06867463626,0.967816730001,0.0341628691131,6866.65924057,1470.22950525,-614.900652119,0.989074777415,0.218935063084,0.943347106132,758.874571013,3269.83773361
40.5,0.553571428571,882,25.731577955,111.606616948,33.271771137,13907600.3353,4.7811454685,7.06867463626,0.965842147661,0.0341077942635,6861.70878511,1022.26326304,-1217.4255186,0.989096683153,0.218125569739,0.941507106534,757.00014712,3267.48037386
41,0.553571428571,882,32.7732833767,97.4075567304,33.2971455249,13918206.8294,4.80183223169,7.06867463626,0.96785086911,0.0341614835566,6885.86204718,352.309798786,-1558.72567599,0.989160987903,0.21893649711,0.943381747772,760.973825211,3278.98192723
41.5,0.553571428571,882,32.5227786261,81.5602801919,33.319419344,13927517.2858,4.81803058382,7.06867463626,0.969313158567,0.0342035238732,6905.02352419,-403.052175188,-1553.17676019,0.989098303408,0.219543624297,0.94474254559,764.105319804,3288.10644009
42,0.553571428571,882,25.0358021921,67.5908811285,33.3335312743,13933416.0727,4.87033399575,7.06867463626,0.974184359375,0.0343392692862,6944.05837789,-1080.87071819,-1207.56490476,0.989049084579,0.221548472589,0.949279003117,771.736344931,3306.69446566
42.5,0.553571428571,882,11.9782416541,58.6076167379,33.3034040907,13920822.9099,4.87289885195,7.06867463626,0.974268227475,0.0343459259736,6932.04320213,-1511.8250765,-576.859869279,0.988889351565,0.221606472261,0.94935177524,770.543638627,3300.9729534
43,0.553571428571,882,-3.74453416411,56.6093057291,33.246687544,13897115.3934,4.92156843869,7.06867463626,0.978837356388,0.0344722403555,6939.4065907,-1616.20618797,181.246284908,0.988881486839,0.223489430994,0.953605463412,774.446281282,3304.4793289
43.5,0.553571428571,882,-18.6341334644,62.0405817294,33.2012038759,13878103.2201,4.96319017137,7.06867463626,0.982602584555,0.0345802631227,6945.82132952,-1359.15012182,905.833752445,0.988731687716,0.225068165827,0.957103941326,777.784492462,3307.53396644
44,0.553571428571,882,-29.377550155,73.6929602046,33.1778225451,13868329.8238,4.897730407,7.06867463626,0.976320345218,0.0344103724326,6893.64068631,-782.537407477,1409.76119668,0.988602735786,0.222493154638,0.951253008593,767.803272496,3282.6860411
44.5,0.553571428571,882,-33.5843233359,88.9737319692,33.175793565,13867481.7102,4.83408996428,7.06867463626,0.970536014024,0.0342452035104,6853.80934089,-48.7097240543,1594.01157703,0.988805191557,0.220087139732,0.945872369512,759.407446664,3263.71873376
45,0.553571428571,882,-30.3184261271,104.482853212,33.1944906418,13875297.0883,4.83537865816,7.06867463626,0.970848594101,0.034248548116,6863.69622825,688.485562437,1441.27668479,0.989000171041,0.220186723077,0.946170049567,760.607653575,3268.42677536
45.5,0.553571428571,882,-20.3065360659,116.769471287,33.2169365875,13884679.4936,4.82853661023,7.06867463626,0.970201236728,0.0342307906392,6868.59932961,1272.75659644,965.475838174,0.988996240901,0.219922085661,0.945566741703,760.721245645,3270.76158553
46,0.553571428571,882,-5.77634592587,123.099755705,33.2286597974,13889579.7953,4.79797140469,7.06867463626,0.967346958558,0.0341514633775,6854.11690447,1566.45884133,273.367822613,0.989017098574,0.218751473268,0.942907340954,757.206236943,3263.86519261
46.5,0.553571428571,882,10.0391084349,122.065188317,33.2460260249,13896838.8784,4.79569893745,7.06867463626,0.967224089424,0.0341455655404,6860.47175313,1518.64196569,-475.463022902,0.989110017069,0.218687801455,0.942795844445,757.777288271,3266.89131101
47,0.553571428571,882,23.6208138054,113.895965249,33.2695863586,13906687.0979,4.79118948146,7.06867463626,0.966806659183,0.0341338619451,6867.36485348,1132.45466235,-1119.41494908,0.989116908532,0.218516321486,0.942406947139,758.256651652,3270.17373975
47.5,0.553571428571,882,31.9467766636,100.409777174,33.287678154,13914249.4684,4.7575049063,7.06867463626,0.963651531269,0.0340464388422,6853.37835158,490.954631779,-1506.7006442,0.989130576956,0.21722777718,0.939465553672,754.605403887,3263.51350075
48,0.553571428571,882,33.1644309926,84.607364565,33.314738464,13925560.678,4.80871088746,7.06867463626,0.968567825828,0.0341793360433,6898.04023665,-257.081046656,-1581.03523484,0.989232385963,0.219219215544,0.944052326822,762.761880735,3284.78106507
48.5,0.553571428571,882,27.0028429594,70.0048387826,33.3279986522,13931103.4366,4.83261885909,7.06867463626,0.970664840039,0.0342413854845,6917.78539837,-957.814171509,-1293.49823072,0.989077417035,0.220100138441,0.946001391767,766.436768254,3294.18352303
49,0.553571428571,882,14.8329949711,59.8513307062,33.3071436244,13922386.035,4.83475879138,7.06867463626,0.970794697904,0.0342469393476,6909.99660743,-1442.80208152,-709.851430288,0.989004656566,0.220163981329,0.94611998164,765.699907989,3290.47457497
49.5,0.553571428571,882,-0.637264378774,56.4060437859,33.2559679902,13900994.6199,4.89977204728,7.06867463626,0.976902846502,0.0344156711941,6930.19835996,-1621.02017309,30.7501268086,0.988998131407,0.222674516632,0.95180863075,772.053240892,3300.09445712
50,0.553571428571,882,-15.9657293979,60.4355706161,33.2033962338,13879019.6257,4.93129204794,7.06867463626,0.979669944298,0.0344974764788,6926.95023642,-1429.55323647,772.004080884,0.988798906236,0.223845440753,0.954377542852,773.661195573,3298.54773163
50.5,0.553571428571,882,-27.7417443013,71.0433224661,33.1825102619,13870289.2895,4.92617956007,7.06867463626,0.97909287819,0.0344842078076,6914.32140114,-914.559890018,1338.39311091,0.988701631858,0.223621672236,0.95383718339,771.915764993,3292.53400054
51,0.553571428571,882,-33.345090215,85.8690245031,33.1754681792,13867345.6989,4.86099004573,7.06867463626,0.972979141881,0.0343150185097,6870.14524874,-196.968732598,1589.92474365,0.988717439955,0.221102161416,0.94814543465,762.894799038,3271.49773749
51.5,0.553571428571,882,-31.5289962371,101.613888078,33.1876312388,13872429.8578,4.82319029203,7.06867463626,0.969621676219,0.0342169150976,6852.5504621,550.643137307,1494.86763504,0.988917978232,0.219696187451,0.945024114767,758.599543758,3263.11926767
52,0.553571428571,882,-22.697551846,114.774606762,33.2121744956,13882688.9392,4.82090422583,7.06867463626,0.969519813853,0.0342109819664,6862.02781349,1176.04995264,1077.45220863,0.989033381875,0.219637663164,0.944932991095,759.51959291,3267.63229214
52.5,0.553571428571,882,-8.81579508445,122.422858557,33.2233708942,13887369.0338,4.79208430399,7.06867463626,0.966815980745,0.0341361843185,6848.34390636,1532.39154624,416.658199242,0.989040340616,0.218531221932,0.942413139098,756.203056447,3261.11614589
53,0.553571428571,882,7.02751767541,122.856871356,33.2395979619,13894151.9481,4.79207164791,7.06867463626,0.966900348347,0.0341361514716,6855.62816731,1554.57632655,-332.497044353,0.989127865428,0.218552991518,0.942494642091,757.017336045,3264.58484157
53.5,0.553571428571,882,21.3071745974,115.980075263,33.263449949,13904122.0787,4.79286247108,7.06867463626,0.96697477321,0.0341382039308,6865.97597366,1231.14635568,-1009.70648044,0.989127903781,0.218583379141,0.942564021887,758.20956989,3269.51236841
54,0.553571428571,882,30.8458846464,103.322589853,33.2834694681,13912490.2377,4.77530693193,7.06867463626,0.965321103734,0.0340926412452,6862.9986177,630.141834586,-1458.97175816,0.9891255071,0.217908871146,0.94102224489,756.779985343,3268.09457986
54.5,0.553571428571,882,33.5212398339,87.7007653453,33.302286862,13920355.9083,4.77399901296,7.06867463626,0.965249929117,0.0340892467439,6870.28909706,-108.855591895,-1587.0387112,0.989178644673,0.217872175286,0.940957606718,757.508359029,3271.56623669
55,0.553571428571,882,28.7379610086,72.5905313962,33.3278746955,13931051.6227,4.84699516864,7.06867463626,0.972120419591,0.0342786969715,6927.67609911,-836.1499342,-1380.23995753,0.989182597939,0.220681457038,0.947360983877,768.455330352,3298.89338053
55.5,0.553571428571,882,17.5603502762,61.3539863475,33.3177606874,13926823.9673,4.85610646522,7.06867463626,0.972759320901,0.034302343932,6927.76774048,-1376.82515887,-844.01035174,0.988960780112,0.220976162518,0.947948776463,769.014593414,3298.93701927
56,0.553571428571,882,2.47547875939,56.4913144855,33.2636061021,13904187.3507,4.87678442736,7.06867463626,0.974676573535,0.0343560103834,6918.26608832,-1611.06232582,-119.01841288,0.98893292419,0.221767923172,0.949733513518,769.263157217,3294.41242301
56.5,0.553571428571,882,-13.1601984604,59.0844832409,33.204440555,13879456.152,4.89144254369,7.06867463626,0.975992558845,0.0343940532563,6902.55634109,-1484.78096898,632.04546682,0.988869566689,0.222318695163,0.950956793762,768.432748148,3286.93159099
57,0.553571428571,882,-25.8676694343,68.5565003314,33.1815249406,13869877.4252,4.91054919048,7.06867463626,0.977744797318,0.0344436416017,6904.8457044,-1031.81722315,1244.69919824,0.988824537359,0.223047244501,0.952586573415,769.887183786,3288.021764
57.5,0.553571428571,882,-32.8194619181,82.7997972664,33.1749669286,13867136.1761,4.8678576282,7.06867463626,0.973672381129,0.0343328422573,6874.6276612,-343.733061572,1566.78006741,0.988765697013,0.221379815763,0.948792720779,763.82974045,3273.63221962
58,0.553571428571,882,-32.4687692863,98.6451732795,33.1856214342,13871589.7595,4.82632139185,7.06867463626,0.969895503143,0.0342250413826,6853.56550223,410.054264029,1540.04516315,0.988896942142,0.219811372527,0.945278583795,758.905346644,3263.60262011
58.5,0.553571428571,882,-24.893622304,112.566957451,33.2066272132,13880370.1751,4.80673813914,7.06867463626,0.968178099645,0.0341742160803,6850.65604045,1068.22569313,1178.36030834,0.989023847039,0.219090180692,0.943682257119,757.373302417,3262.21716212
59,0.553571428571,882,-11.7795269135,121.467487121,33.2193606975,13885692.7716,4.78648435884,7.06867463626,0.966331356474,0.0341216505273,6843.41873177,1485.49046898,556.077925511,0.989083409281,0.218327128854,0.941962760594,755.314442889,3258.77082465
59.5,0.553571428571,882,3.95556878983,123.366352446,33.229623827,13889982.7597,4.76786030715,7.06867463626,0.964639494836,0.0340733146828,6836.19518253,1571.05838647,-186.248392916,0.989144828657,0.21762820506,0.940387319211,753.361765398,3255.3310393
60,0.553571428571,882,18.8105317755,117.841046933,33.2554819923,13900791.4728,4.79478785309,7.06867463626,0.967227492382,0.0341432009619,6864.41963574,1319.26091537,-891.345768296,0.989201142213,0.218675978129,0.942801992351,758.16741722,3268.77125512
60.5,0.553571428571,882,29.4800626949,106.120977126,33.2685737734,13906263.8373,4.74215508588,7.06867463626,0.962197064609,0.0340066007583,6835.62692103,757.374719163,-1384.99385178,0.989119670823,0.216637439577,0.938108660983,751.691129622,3255.06043859
61,0.553571428571,882,33.5901405809,90.8139138518,33.2859389203,13913522.4687,4.74008290791,7.06867463626,0.96215673156,0.034001222741,6842.52758316,38.2712430394,-1579.4502466,0.989278609303,0.216598249383,0.938076147015,752.339927985,3258.34646817
61.5,0.553571428571,882,30.2262537128,75.3257509053,33.3136726869,13925115.1831,4.80660035246,7.06867463626,0.968420630031,0.0341738584763,6896.60909218,-699.298723392,-1440.4267297,0.989284841137,0.219151403926,0.943916856206,762.477146333,3284.09956771
62,0.553571428571,882,20.1368827892,63.1026776141,33.3141811473,13925327.7196,4.82715976082,7.06867463626,0.970157653948,0.0342272172396,6908.59904121,-1286.15479214,-962.889462622,0.989083827744,0.219891450222,0.945529019138,765.075288127,3289.80906724
62.5,0.553571428571,882,5.56696044137,56.8643854524,33.265568102,13905007.4667,4.82446066573,7.06867463626,0.969842457887,0.0342202121559,6886.29653365,-1578.96997221,-265.275399097,0.989021293283,0.219771508709,0.945233251637,762.427976677,3279.18882555
63,0.553571428571,882,-10.241636869,57.9989238581,33.2079841498,13880937.3746,4.84655794658,7.06867463626,0.971928853603,0.0342775622293,6876.59132491,-1525.53619883,488.233199085,0.989029513862,0.220625316356,0.947177447747,762.742448814,3274.56729758
63.5,0.553571428571,882,-23.7714216571,66.253852683,33.1822426365,13870177.4221,4.88319733177,7.06867463626,0.975308461716,0.0343726540845,6888.73550745,-1137.42070458,1138.63132445,0.988962115888,0.222023497575,0.95032291426,766.386691294,3280.35024164
64,0.553571428571,882,-32.0119529754,79.7924113179,33.1697245934,13864944.88,4.79344710596,7.06867463626,0.966757951774,0.0341397212602,6825.80866431,-480.889958646,1508.11589513,0.988849878333,0.21853512629,0.942352830135,753.776389109,3250.38507824
64.5,0.553571428571,882,-33.1296737275,95.6022065928,33.1815488055,13869887.4007,4.79277050258,7.06867463626,0.966962047091,0.0341379652408,6832.11985993,264.166656702,1562.19785922,0.989123735114,0.218578786134,0.942552022669,754.464591262,3253.39040949
65,0.553571428571,882,-26.8758857729,110.16548447,33.1973937517,13876510.5882,4.74032805345,7.06867463626,0.962031157001,0.0340018589783,6805.28639976,943.041228485,1256.85392648,0.989125785835,0.216569093101,0.937954104084,748.241862376,3240.61257132
65.5,0.553571428571,882,-14.6420864362,120.241846914,33.2094095481,13881533.1911,4.71318655206,7.06867463626,0.95963171835,0.033931417411,6793.99727495,1408.77032478,682.079269911,0.989284103991,0.215571832501,0.935720663972,745.335602691,3235.23679759
66,0.553571428571,882,0.849646212403,123.589255742,33.215337371,13884011.0211,4.69655688882,7.06867463626,0.958146109928,0.0338882576931,6786.3724193,1560.805005,-39.480840867,0.989365552299,0.214957879659,0.934336926355,743.478220289,3231.60591395
66.5,0.553571428571,882,16.1523285702,119.462896697,33.2368031173,13892983.703,4.71402324549,7.06867463626,0.95983769806,0.0339335889193,6806.63845699,1375.16303211,-753.9002482,0.989415290901,0.215636708631,0.935917039574,746.790403549,3241.25640809
67,0.553571428571,882,27.8610416161,108.780904133,33.2568700614,13901371.6857,4.70507718972,7.06867463626,0.958945320603,0.0339103708157,6808.78469428,876.203312844,-1299.82756901,0.989363046472,0.215282181376,0.935082682728,746.463157791,3242.27842585
67.5,0.553571428571,882,33.370541457,93.9200717939,33.2688384733,13906374.4818,4.68951085568,7.06867463626,0.957506666453,0.0338699708043,6803.90905165,182.519649761,-1553.74183417,0.989389822716,0.214695413292,0.933740901287,744.964518445,3239.95669126
68,0.553571428571,882,31.4549383849,78.1870049858,33.2887154837,13914683.0722,4.70334128581,7.06867463626,0.958853012957,0.0339058655457,6821.21913484,-552.056082719,-1469.98200254,0.989436327451,0.215234329462,0.93499887251,747.72716935,3248.19958802
68.5,0.553571428571,882,22.540463121,65.0823853009,33.297036703,13918161.3418,4.72104292995,7.06867463626,0.960478499926,0.0339518074242,6835.69084978,-1168.65744206,-1057.1669998,0.989395014208,0.215899695983,0.936514279294,750.413685206,3255.09088085
69,0.553571428571,882,8.61062846909,57.5220524453,33.2570229455,13901435.5912,4.70171281,7.06867463626,0.958608398598,0.0339016390887,6806.55302787,-1514.29804768,-401.474195932,0.989342010603,0.215148579779,0.934767602998,746.00677035,3241.21572756
69.5,0.553571428571,882,-7.23511164121,57.1882161482,33.2071538799,13880590.3218,4.72943898037,7.06867463626,0.961273203257,0.0339735980739,6804.21938961,-1532.88693283,338.006861877,0.989399883178,0.216221765064,0.937255848196,747.481180418,3240.10447125
70,0.553571428571,882,-21.4710052768,64.1551565607,33.1763490541,13867713.9046,4.75253407935,7.06867463626,0.963365316431,0.0340335378299,6805.72271544,-1209.97781062,1005.20786739,0.989316820854,0.217084469449,0.939204635702,749.071860907,3240.82034069
70.5,0.553571428571,882,-30.9294989404,76.8726965718,33.165656306,13863244.3359,4.70434044731,7.06867463626,0.958763888386,0.0339084587148,6770.23426271,-608.924084469,1434.69806486,0.989247366431,0.21522507798,0.934909697808,742.177203776,3223.92107748
71,0.553571428571,882,-33.5060331675,92.5111235289,33.1711560156,13865543.2145,4.64303826478,7.06867463626,0.953136270328,0.0337493583851,6734.45662858,115.276552635,1538.14017973,0.989392026226,0.212928662733,0.929660773397,734.501835912,3206.88410885
71.5,0.553571428571,882,-28.6273169369,107.590813654,33.1897884609,13873331.5766,4.64361445626,7.06867463626,0.953366290904,0.033750853801,6743.62342406,808.692750961,1316.06781484,0.989574510965,0.212995825056,0.929881273751,735.559154351,3211.24924955
72,0.553571428571,882,-17.3788876271,118.756464749,33.1994275349,13877360.7096,4.60380281402,7.06867463626,0.949618150619,0.0336475288434,6722.13601693,1313.39917161,793.749051295,0.989572803699,0.211486422812,0.926380203345,730.770869416,3201.01715092
72.5,0.553571428571,882,-2.26357382845,123.523666767,33.1969254609,13876314.8427,4.54688297913,7.06867463626,0.944373902158,0.033499802219,6685.5889017,1515.55493011,102.332793701,0.989690411256,0.209366347925,0.921482520823,723.336115054,3183.61376272
73,0.553571428571,882,13.3553958263,120.831694769,33.2112079572,13882284.9261,4.54315612975,7.06867463626,0.944182336356,0.0334901297581,6690.07906803,1394.3907643,-604.009631431,0.989857305237,0.20926673244,0.921308475903,723.614202723,3185.75193716
73.5,0.553571428571,882,26.0027269003,111.279525224,33.2262912716,13888589.7515,4.5250893079,7.06867463626,0.94249201523,0.0334432401174,6684.67212458,960.142268985,-1173.25536841,0.989868181202,0.208589458665,0.919728267922,721.927587306,3183.17720218
74,0.553571428571,882,32.8643285609,96.9925609216,33.2408639229,13894681.1198,4.53874611863,7.06867463626,0.943827763571,0.0334786842566,6699.63459133,316.581865173,-1487.90272263,0.989920815359,0.209116165702,0.920978880773,724.385514769,3190.30218635
74.5,0.553571428571,882,32.4134620661,81.1497188243,33.258076707,13901876.0635,4.53831371216,7.06867463626,0.943749138251,0.0334775620125,6706.03070424,-401.053709312,-1468.8278186,0.98988104264,0.20909018414,0.920904163311,725.045817372,3193.3479544
75,0.553571428571,882,24.7504473383,67.2761060433,33.2678536677,13905962.8331,4.53092774408,7.06867463626,0.943055062313,0.0334583928751,6705.24559227,-1028.97873211,-1120.74470906,0.989882303241,0.20881251153,0.92025520897,724.508737152,3192.97409156
75.5,0.553571428571,882,11.5803413076,58.4586668766,33.237933403,13893456.1625,4.49118259325,7.06867463626,0.939334074168,0.0333552404858,6667.88211413,-1415.52286083,-519.706563863,0.989903822495,0.207324799125,0.916775601022,718.053535808,3175.18195911
76,0.553571428571,882,-4.16644529882,56.6593231387,33.1977126089,13876643.8705,4.49961036125,7.06867463626,0.940237009115,0.0333771134536,6657.9080237,-1495.13291374,186.840522928,0.99001919396,0.207668920495,0.917623716167,717.505727891,3170.43239224
76.5,0.553571428571,882,-18.9861781694,62.2784373002,33.1681761686,13864297.6385,4.52128687984,7.06867463626,0.942254582529,0.0334333715037,6659.72808934,-1245.76806503,853.212161831,0.989994790226,0.208477283689,0.919510038451,719.017511975,3171.29909016
77,0.553571428571,882,-29.5813968225,74.0657299499,33.1599036013,13860839.7053,4.48399791975,7.06867463626,0.938684329871,0.0333365937774,6632.21724142,-710.848645949,1319.66483626,0.989931874028,0.207062229597,0.916168561294,713.78094506,3158.19868639
77.5,0.553571428571,882,-33.5946151206,89.398472862,33.1598409921,13860813.5347,4.40771104409,7.06867463626,0.931604426632,0.0331386029952,6584.24277101,-26.4687940119,1478.25242014,0.990039972538,0.204237971099,0.909544845453,704.042556741,3135.35370048
78,0.553571428571,882,-30.1328730585,104.8650584,33.1719277914,13865865.8168,4.39095330145,7.06867463626,0.930232572299,0.033095110867,6579.7822965,652.747301384,1323.18024203,0.990259144406,0.203666443701,0.908266428224,702.584311541,3133.229665
78.5,0.553571428571,882,-19.966424577,117.024098313,33.1785018352,13868613.7671,4.35312358239,7.06867463626,0.926714837206,0.0329969296845,6558.51761386,1179.01575565,871.101373596,0.990306932691,0.202272708892,0.904972341072,698.052970063,3123.10362565
79,0.553571428571,882,-5.35735242769,123.170148854,33.1718612858,13865838.0175,4.28138165485,7.06867463626,0.920058293689,0.0328107346119,6510.71101707,1427.78912535,230.604016,0.990414339318,0.199645444823,0.898735503056,688.71038555,3100.33857956
79.5,0.553571428571,882,10.4437559123,121.935684781,33.1835814432,13870737.0433,4.27778410212,7.06867463626,0.91990693401,0.0328013977205,6514.3243367,1375.03510564,-449.670364436,0.990616227743,0.199559991623,0.898599192452,688.902143196,3102.05920795
80,0.553571428571,882,23.9210792892,113.595380176,33.1965940116,13876176.2968,4.27325531819,7.06867463626,0.919489640169,0.0327896439625,6516.59705852,1015.89033566,-1029.91319009,0.990626289392,0.199395444894,0.898208113794,688.874061336,3103.14145644
80.5,0.553571428571,882,32.0758496671,100.004992161,33.2008190728,13877942.3724,4.22186338873,7.06867463626,0.914659913917,0.0326562641613,6485.37715662,426.794446535,-1368.29637503,0.99063894706,0.197508981082,0.893677454179,682.530384316,3088.27483649
81,0.553571428571,882,33.0935921635,84.1884461874,33.2173493369,13884852.0228,4.25206613397,7.06867463626,0.917637643017,0.0327346507134,6512.16069691,-249.592695446,-1421.292676,0.990781924045,0.198651613746,0.896475285546,687.162720315,3101.02890329
81.5,0.553571428571,882,26.7478542714,69.6649983556,33.2231709612,13887285.4618,4.20556174975,7.06867463626,0.91317865993,0.0326139557796,6484.02215005,-866.053726112,-1139.17270637,0.99069804434,0.196925019956,0.892288894685,681.428989293,3087.62959526
82,0.553571428571,882,14.4505926103,59.6661843282,33.20516525,13879759.0745,4.15797082991,7.06867463626,0.908813301591,0.0324904409107,6447.27131264,-1279.28757324,-609.434162598,0.990827023009,0.19521459476,0.888193958487,674.778319791,3070.1291965
82.5,0.553571428571,882,-1.06199408296,56.4167873995,33.1776137086,13868242.5302,4.16756698829,7.06867463626,0.909837739158,0.032515346255,6443.57366013,-1416.73185402,44.8009802996,0.99095798511,0.195594917204,0.88915948384,674.971448801,3068.36840958
83,0.553571428571,882,-16.3382820824,60.6398137166,33.1545813085,13858614.987,4.16210566091,7.06867463626,0.909298924092,0.0325011722248,6430.96364706,-1235.56214884,687.562494437,0.990931662036,0.195389459017,0.888652811201,673.32659918,3062.36364146
83.5,0.553571428571,882,-27.9792252362,71.39562,33.1491909243,13856361.8064,4.15233240321,7.06867463626,0.908391681215,0.0324758072466,6422.71186337,-781.25703432,1174.93657572,0.990946648118,0.19503623768,0.887801211166,671.890842326,3058.43422065
84,0.553571428571,882,-33.3946587718,86.290988607,33.146792168,13855359.1262,4.09675905163,7.06867463626,0.903179072217,0.0323315752113,6386.36554535,-154.120727437,1387.64984981,0.990973432014,0.193019999341,0.882904891311,664.848763649,3041.12645017
84.5,0.553571428571,882,-31.3796231782,102.011629748,33.1507885054,13857029.5953,4.04534065566,7.06867463626,0.898470772782,0.0321981267203,6355.9122626,494.510806911,1291.8782134,0.991124895842,0.19119149194,0.878482932285,658.709357247,3026.62488695
85,0.553571428571,882,-22.3824733816,115.0596266,33.155590982,13859037.0305,3.99845859666,7.06867463626,0.894177262225,0.0320764515901,6328.55436095,1023.02545037,913.734281729,0.991263767178,0.189531209117,0.874448280802,653.178415915,3013.59731474
85.5,0.553571428571,882,-8.4051176594,122.531738305,33.1432515803,13853879.1606,3.89115463723,7.06867463626,0.884174089353,0.0317979607662,6255.76934652,1300.34369843,335.965501769,0.991389323263,0.185713338813,0.865034962519,639.544649596,2978.93778406
86,0.553571428571,882,7.44241639648,122.765384756,33.1511188712,13857167.6881,3.90952101393,7.06867463626,0.886159020997,0.0318456278551,6272.31609268,1315.36930678,-298.776473075,0.991672874483,0.186431153912,0.866911402254,642.321433595,2986.81718699
86.5,0.553571428571,882,21.6339776916,115.708578515,33.163348653,13862279.7369,3.90980972478,7.06867463626,0.886143214781,0.0318463771595,6276.82836422,1032.8335154,-869.137794556,0.991624718898,0.186430919725,0.866895322983,642.794631257,2988.96588773
87,0.553571428571,882,31.0118768835,102.931492264,33.1681290832,13864277.9568,3.88304528162,7.06867463626,0.883618634588,0.0317769141884,6261.41649859,517.004540468,-1239.86318287,0.991623960669,0.185475350515,0.86451752904,639.68430548,2981.62690409
87.5,0.553571428571,882,33.4894871579,87.2770879746,33.1736124372,13866569.9987,3.85999409351,7.06867463626,0.881507228775,0.0317170883963,6249.08769501,-108.425637456,-1333.54253069,0.991694087082,0.184669544761,0.862530073282,637.115772791,2975.75604524
88,0.553571428571,882,28.5155285398,72.2285444576,33.1808151335,13869580.7258,3.82412757356,7.06867463626,0.878178001035,0.0316240023933,6229.07084653,-703.126674122,-1128.21533921,0.991754218597,0.183408268194,0.859394022662,633.039131722,2966.22421263
88.5,0.553571428571,882,17.1967302883,61.1342336428,33.170690627,13865348.6821,3.75866741951,7.06867463626,0.872086093912,0.0314541106919,6183.67576064,-1127.09061261,-671.462279423,0.991847291199,0.181112802348,0.853651960169,624.734835673,2944.60750507
89,0.553571428571,882,2.05157841523,56.462692028,33.1496159247,13856539.4565,3.73110341548,7.06867463626,0.869633771622,0.0313825725843,6159.11174628,-1301.07838412,-79.5908941654,0.992015622495,0.180177558688,0.851342357664,620.719294565,2932.91035537
89.5,0.553571428571,882,-13.5500593344,59.2533596626,33.1306140282,13848596.6638,3.70082776198,7.06867463626,0.866839045723,0.0313039968101,6133.00586679,-1184.51023873,522.014237681,0.992085909497,0.179128471015,0.84870658197,616.397876702,2920.47898418
90,0.553571428571,882,-26.1367449543,68.8852998318,33.1301099695,13848385.9672,3.70729223371,7.06867463626,0.867516080949,0.0313207743462,6137.44962131,-814.520546372,1008.25091576,0.992162705221,0.179371651903,0.849347368339,617.215903523,2922.59505777
90.5,0.553571428571,882,-32.9078815114,83.2153604053,33.128553329,13847735.2915,3.6849623435,7.06867463626,0.865394943751,0.0312628205712,6122.4037049,-260.551589758,1263.76658976,0.992146343443,0.178584778558,0.84734482325,614.450536088,2915.43033567
91,0.553571428571,882,-32.3568591763,99.0550352979,33.1268518567,13847024.0761,3.62878408029,7.06867463626,0.860143434054,0.0311170185813,6085.95656205,343.905290507,1228.89582303,0.992202778949,0.17663258128,0.842387041224,607.671253297,2898.07455336
91.5,0.553571428571,882,-24.6062830181,112.879922116,33.1280295804,13847516.3646,3.55309694222,7.06867463626,0.853123110291,0.0309205843253,6038.47962949,856.230071666,920.835279301,0.99234373851,0.17403121883,0.83575610002,598.764326086,2875.46649023
92,0.553571428571,882,-11.3806927985,121.613918318,33.1193351801,13843882.1053,3.47948981617,7.06867463626,0.846336840331,0.0307295484186,5988.99298092,1165.45288761,419.551323932,0.992531333577,0.171528232337,0.829342159762,589.842929755,2851.90141949
92.5,0.553571428571,882,4.37715526168,123.313668543,33.1158299884,13842416.9352,3.45263550695,7.06867463626,0.843955079529,0.0306598522141,5971.48162443,1221.50760924,-160.49653769,0.992711223199,0.170641580586,0.827092288548,586.66975456,2843.5626783
93,0.553571428571,882,19.1610656252,117.600970347,33.1281335296,13847559.8154,3.46018734588,7.06867463626,0.844723312708,0.0306794518436,5981.18239825,1014.41048526,-704.221106524,0.992776226718,0.17091409531,0.827820678542,588.04337529,2848.18209441
93.5,0.553571428571,882,29.6815484872,105.74692603,33.1337427408,13849904.4657,3.44868345849,7.06867463626,0.843621723716,0.0306495952838,5975.67042645,577.587550317,-1088.70092152,0.992757980577,0.170515350379,0.826777797054,586.870147691,2845.55734593
94,0.553571428571,882,33.5977467763,90.3891163793,33.1344338299,13850193.3409,3.41372495652,7.06867463626,0.840344864551,0.0305588659009,5953.50402352,14.1733362975,-1223.77825572,0.992785764784,0.169322982221,0.823676552631,582.790632415,2835.00191596
94.5,0.553571428571,882,30.038287897,74.9447264981,33.1359407751,13850823.244,3.36639255449,7.06867463626,0.835946931878,0.030436021975,5923.95224134,-543.249902521,-1083.89242944,0.992869819594,0.167723854463,0.819513473345,577.33912567,2820.92963873
95,0.553571428571,882,19.7951682431,62.8502060002,33.1300443188,13848358.5253,3.28563845011,7.06867463626,0.828416396554,0.030226437192,5870.29435254,-963.443235187,-702.455456323,0.992982722307,0.165005339024,0.812379592111,567.779326912,2795.37826311
95.5,0.553571428571,882,5.14753026351,56.7966427573,33.115558809,13842303.5822,3.22668884039,7.06867463626,0.823007428093,0.030073442601,5828.15621665,-1163.3119888,-180.348740776,0.993172945542,0.163054379217,0.807253930349,560.575597365,2775.31248412
96,0.553571428571,882,-10.6454574852,58.1309831509,33.1034737431,13837252.0246,3.21440928418,7.06867463626,0.821960975423,0.0300415729128,5816.76048406,-1113.10383794,371.818799415,0.993309895255,0.162668069779,0.806263877584,558.839373405,2769.88594479
96.5,0.553571428571,882,-24.0697807193,66.5563301481,33.1007255436,13836103.2772,3.23267867582,7.06867463626,0.823710206468,0.0300889882921,5827.76834961,-821.811608834,843.759758695,0.993338219767,0.1632879309,0.807923822572,560.875742765,2775.12778553
97,0.553571428571,882,-32.1384641846,80.1980042921,33.1007328039,13836106.312,3.20586175774,7.06867463626,0.821142125505,0.0300193891305,5810.19133236,-341.692419216,1120.32997202,0.993296053477,0.162378324575,0.805486706105,557.751591655,2766.75777732
97.5,0.553571428571,882,-33.0561877429,96.020668726,33.0997317113,13835687.8553,3.17974439929,7.06867463626,0.818726059828,0.0299516055677,5793.31167142,208.748173083,1146.12165433,0.993357894533,0.161514471914,0.803195203597,554.750796185,2758.71984354
98,0.553571428571,882,-26.6187535727,110.503705963,33.0944047035,13833461.1661,3.06955771796,7.06867463626,0.808365970289,0.0296656330851,5720.51831531,694.571244971,901.720929939,0.993417801683,0.157854775555,0.793358343715,542.006403103,2724.05634063
98.5,0.553571428571,882,-14.2585211481,120.42457189,33.0892009488,13831285.9966,3.00280653718,7.06867463626,0.802028252465,0.0295303776145,5675.35644341,1015.63811592,475.980322984,0.993667061929,0.155605302867,0.78734258787,534.114659484,2702.55068734
99,0.553571428571,882,1.27429950222,123.57582703,33.0815067267,13828069.8118,2.97691721389,7.06867463626,0.79959836891,0.0294799472181,5656.09988507,1114.09115524,-42.2829734995,0.993815327204,0.154741171931,0.785036170225,530.901546154,2693.38089765
99.5,0.553571428571,882,16.5235825013,119.25630225,33.091256171,13832145.0795,2.97565652829,7.06867463626,0.799520030532,0.0294774915002,5658.90498251,971.129554642,-548.481458066,0.993872276292,0.154708319055,0.78496276201,531.101734651,2694.71665834
100,0.553571428571,882,28.0962904372,108.42711219,33.1008184716,13836142.1211,2.98897511258,7.06867463626,0.80083393453,0.0295034350708,5671.18371089,613.835910569,-935.931351922,0.993875041517,0.155167221787,0.786211534295,532.985009684,2700.56367185
100.5,0.553571428571,882,33.4174411955,93.4978027311,33.1028100494,13836974.6007,2.97360534827,7.06867463626,0.799296720108,0.0294734959604,5661.32259343,116.130011917,-1109.48733894,0.993845790975,0.154632889632,0.784750025921,531.213545623,2695.86790163
101,0.553571428571,882,31.3030536278,77.7902156621,33.0971685518,13834616.4547,2.89350575976,7.06867463626,0.79143522579,0.0293174681664,5605.48836032,-398.062576418,-1020.54007114,0.993879539064,0.151895221218,0.777275416009,521.630935193,2669.28017158
101.5,0.553571428571,882,22.2235889433,64.7993632128,33.0919170146,13832421.3121,2.79764911762,7.06867463626,0.782131741725,0.0291307468524,5539.89738647,-803.892227279,-708.925356315,0.994053648335,0.148670533174,0.768424189099,510.394866014,2638.04637451
102,0.553571428571,882,8.19927087031,57.4157713426,33.0823357835,13828416.3575,2.72626650913,7.06867463626,0.775259795456,0.0289916990602,5489.55178304,-1022.27003647,-257.236990931,0.99425811028,0.146301336474,0.761882003994,501.970470301,2614.07227764
102.5,0.553571428571,882,-7.6494236546,57.2823240778,33.0710057718,13823680.4126,2.7193363638,7.06867463626,0.774693489025,0.0289781996739,5481.92481124,-1024.30636018,239.483798291,0.994407614551,0.146094899629,0.761344874742,500.918885614,2610.44038631
103,0.553571428571,882,-21.7960853272,64.4287140642,33.0641276134,13820805.3424,2.75669710524,7.06867463626,0.778386193163,0.0290509755043,5504.96816999,-807.133588854,687.972932502,0.994422004019,0.147353736507,0.764863321922,505.024950802,2621.41341428
103.5,0.553571428571,882,-31.0930151828,77.264835814,33.0642605654,13820860.9164,2.75537071613,7.06867463626,0.778194575687,0.0290483918011,5503.68922004,-401.817325567,981.040528579,0.994344167769,0.147295309824,0.764679474289,504.828765078,2620.80439049
104,0.553571428571,882,-33.4716024666,92.9345916784,33.0644902454,13820956.9226,2.71682488687,7.06867463626,0.774398762163,0.0289733075113,5477.73622726,91.7786604831,1046.8164485,0.994346942143,0.145999983762,0.761063006675,500.396214754,2608.4458225
104.5,0.553571428571,882,-28.402600286,107.951387049,33.0588158263,13818585.0154,2.6312729349,7.06867463626,0.76603102051,0.0288066589356,5418.46808338,550.29793453,870.678807703,0.994427213285,0.14315539625,0.753086901033,490.478364057,2580.22289685
105,0.553571428571,882,-17.0138855413,118.973914109,33.0553747614,13817146.6503,2.55147074471,7.06867463626,0.758301312016,0.0286512104504,5364.30670289,871.787413917,511.925700511,0.994602929778,0.140540564413,0.745714503962,481.419202468,2554.43176328
105.5,0.553571428571,882,-1.83950099387,123.549608583,33.0473645735,13813798.3917,2.51887849319,7.06867463626,0.755211249907,0.028587723269,5340.51482689,1001.45733817,54.909188115,0.994763803955,0.139493435341,0.742767037101,477.600725832,2543.10229852
106,0.553571428571,882,13.7441812033,120.660356864,33.053628073,13816416.5345,2.50629684733,7.06867463626,0.75402020166,0.0285632151974,5334.36627291,912.915486032,-409.234501698,0.994828666642,0.139090521117,0.741630736087,476.40175361,2540.17441567
106.5,0.553571428571,882,26.269718239,110.949031091,33.0637631886,13820653.0128,2.52430435422,7.06867463626,0.755814294752,0.028598292426,5349.97019544,626.819629714,-786.020842108,0.994853575464,0.139687170768,0.743344203451,478.738803336,2547.60485497
107,0.553571428571,882,32.9501190288,96.5764470641,33.0729520777,13824493.9685,2.53582443052,7.06867463626,0.756922822912,0.0286207326423,5360.56143864,197.410944683,-989.092447874,0.994817902277,0.140060738653,0.744401971834,480.285948349,2552.64830412
107.5,0.553571428571,882,32.2989628794,80.7405725386,33.0695841824,13823086.1883,2.4536075066,7.06867463626,0.748800778615,0.0284605804429,5303.62009688,-272.528523556,-950.640706744,0.994795002865,0.13735763319,0.73664475244,470.92073404,2525.53337947
108,0.553571428571,882,24.4611351062,66.9649643084,33.0617379327,13819806.4558,2.35071251481,7.06867463626,0.738778156808,0.028260148969,5232.17605197,-661.278369055,-702.218123072,0.99495710122,0.134037557911,0.727066526575,459.320056913,2491.5124057
108.5,0.553571428571,882,11.1805893668,58.3147601964,33.0546769816,13816854.9783,2.2743062203,7.06867463626,0.73139099534,0.0281113154255,5179.12389898,-892.726808402,-315.011403521,0.995155614692,0.131606754989,0.720001872332,450.797564511,2466.2494757
109,0.553571428571,882,-4.58769025567,56.7146714284,33.0379798406,13809875.5734,2.2776408224,7.06867463626,0.731825918327,0.0281178109722,5176.89849315,-937.788459752,129.254634499,0.995299902052,0.13173692002,0.72042013432,450.787659307,2465.18975864
109.5,0.553571428571,882,-19.335187152,62.5207253044,33.0263407686,13805010.4413,2.33417223024,7.06867463626,0.737396766067,0.0282279297758,5211.52563834,-784.352669397,551.892501673,0.995293660321,0.133557301477,0.725750131827,456.694830899,2481.6788754
110,0.553571428571,882,-29.7805136855,74.4410474445,33.0222561559,13803303.0732,2.3427581876,7.06867463626,0.738164502266,0.0282446545557,5215.49746053,-444.861245932,851.483824206,0.995187075058,0.133817579782,0.726482930466,457.471665236,2483.5702193
110.5,0.553571428571,882,-33.5995354227,89.8233099337,33.0222907878,13803317.5493,2.29035124929,7.06867463626,0.732984379475,0.0281425698992,5179.92883192,-4.98802284454,948.526726742,0.995170759734,0.132124799957,0.721526951702,451.685639011,2466.63277711
111,0.553571428571,882,-29.9425020092,105.244886796,33.0167621942,13801006.5972,2.22376713654,7.06867463626,0.726490610583,0.0280128692051,5133.59372622,423.326245456,831.455629974,0.99526982252,0.130006319967,0.715312298842,444.294537428,2444.56844106
111.5,0.553571428571,882,-19.623120633,117.274404423,33.0149653037,13800255.497,2.14976804699,7.06867463626,0.719282237428,0.0278687247104,5083.499501,743.680720816,535.056101344,0.995393883371,0.127670921835,0.708409301615,436.265861156,2420.71404809
112,0.553571428571,882,-4.9375023361,123.235238388,33.011018492,13798605.7297,2.10146456289,7.06867463626,0.714615082019,0.0277746332649,5050.20596087,895.305021286,133.008542998,0.995529402011,0.126164395677,0.703937988011,431.014821483,2404.85998137
112.5,0.553571428571,882,10.8467335252,121.801075011,33.0161491733,13800750.3544,2.10111684875,7.06867463626,0.714643318173,0.0277739559447,5051.97829274,856.953846607,-292.290434031,0.995616527458,0.126166841987,0.703966187271,431.157171294,2405.70394892
113,0.553571428571,882,24.2175200034,113.29102241,33.0290567546,13806145.7234,2.14505101582,7.06867463626,0.718978202202,0.0278595362991,5085.76876159,635.038105711,-660.299395941,0.995617150816,0.127556128044,0.708120924139,436.245756526,2421.79464837
113.5,0.553571428571,882,32.199794025,99.5986074379,33.0423934842,13811720.4764,2.13149271409,7.06867463626,0.717583490405,0.0278331257775,5080.26222931,261.013957221,-875.605728703,0.995537956585,0.127114455307,0.706783321708,435.086375036,2419.17249015
114,0.553571428571,882,33.0174619608,83.7704570259,33.0482546643,13814170.4497,2.08638729838,7.06867463626,0.713151428787,0.0277452639215,5051.51899397,-167.566115798,-888.124197442,0.995562489279,0.12569424596,0.70253520665,430.377936861,2405.48523522
114.5,0.553571428571,882,26.4885888374,69.3284093161,33.039613312,13810558.3644,1.9694758092,7.06867463626,0.701674959575,0.0275175293963,4969.7649175,-539.620633295,-691.470206723,0.995643506894,0.122047018993,0.691526925342,417.671298969,2366.55472262
115,0.553571428571,882,14.0658797272,59.4858880598,33.0327877827,13807705.2932,1.91085994276,7.06867463626,0.696035703184,0.0274033502288,4928.83651358,-784.565199362,-361.655608853,0.995849238709,0.120259747667,0.686115323253,411.38484431,2347.06500647
115.5,0.553571428571,882,-1.48655398366,56.4329006726,33.0103867634,13798341.6671,1.92610131082,7.06867463626,0.697610363103,0.0274330392332,4933.01015228,-865.379257924,38.3242224982,0.99595007945,0.120746313396,0.687628619352,412.489264912,2349.05245347
116,0.553571428571,882,-16.7082224197,60.8487512519,32.9918990085,13790613.7856,1.98988486033,7.06867463626,0.703886767581,0.0275572846471,4970.65705163,-762.994609512,437.315181623,0.995924006537,0.122724738539,0.693653100666,418.778415213,2366.9795484
116.5,0.553571428571,882,-28.2122325398,71.7508922102,32.9776268558,13784648.0257,1.99678746209,7.06867463626,0.704489981752,0.0275707303807,4970.49198906,-478.00546738,738.97319016,0.995813766641,0.12292348542,0.694230578623,419.093775223,2366.90094717
117,0.553571428571,882,-33.4388878173,86.7135457492,32.9774626838,13784579.4018,1.96321890881,7.06867463626,0.70116905982,0.027505341439,4947.62258128,-85.3489372617,868.405071422,0.995801727271,0.121876083328,0.691043279809,415.518638618,2356.01075299
117.5,0.553571428571,882,-31.2252327943,102.407450864,32.9725691449,13782533.9025,1.8784946324,7.06867463626,0.692849417076,0.0273403051112,4888.9788745,315.21674345,793.290765582,0.995860076168,0.119262408633,0.683055111183,406.487033514,2328.08517834
118,0.553571428571,882,-22.0638161571,115.340639625,32.9709186756,13781844.0064,1.80220595978,7.06867463626,0.685420930626,0.0271917006861,4837.41339286,631.20413438,549.582496135,0.99600510178,0.116942561751,0.675918395945,398.540301258,2303.53018707
118.5,0.553571428571,882,-7.99309633017,122.635416514,32.9717263448,13782181.6121,1.74406957701,7.06867463626,0.679770347999,0.0270784555156,4798.7742397,800.762981796,196.123608483,0.996132949498,0.115189765036,0.670486604492,392.586002484,2285.13059033
119,0.553571428571,882,7.85612514081,122.668659259,32.9782486946,13784907.9543,1.75059560844,7.06867463626,0.680479887023,0.0270911677193,4805.56659622,803.370900957,-193.193797223,0.996228641955,0.1154016573,0.671170071967,393.46378783,2288.36504582
119.5,0.553571428571,882,21.9573217036,115.432971191,32.9937498003,13791387.4165,1.80991537008,7.06867463626,0.686328473801,0.0272067180202,4850.38462205,635.826956061,-548.935353136,0.996217974691,0.117208989226,0.676793197587,400.001683663,2309.70696288
120,0.553571428571,882,31.1729105949,102.538327043,33.0143146767,13799983.5348,1.80801041081,7.06867463626,0.686073043629,0.0272030073071,4854.66313815,313.656541351,-779.815942545,0.996120147272,0.117136601669,0.676546555199,400.253131408,2311.7443515
120.5,0.553571428571,882,33.4523798083,86.8538459736,33.0267507171,13805181.7997,1.77623982609,7.06867463626,0.682939223026,0.0271411206689,4836.68667099,-78.1110378533,-830.537883247,0.996123313097,0.116167105495,0.673533834621,397.239485145,2303.18412904
121,0.553571428571,882,28.2885366895,71.8693990181,33.0271633149,13805354.2656,1.69670571169,7.06867463626,0.675124216167,0.0269861943747,4782.83120141,-440.825083036,-687.803815636,0.996175874807,0.11376115362,0.666017538709,389.02192683,2277.53866734
121.5,0.553571428571,882,16.8303606949,60.9190963194,33.0184367733,13801706.5712,1.66120577076,7.06867463626,0.671707305532,0.0269170432395,4756.71280368,-700.158579085,-405.211666015,0.996305497615,0.112708829045,0.662730677861,385.219709415,2265.10133509
122,0.553571428571,882,1.62735004177,56.4394318904,32.9906101034,13790075.0232,1.67124778144,7.06867463626,0.672737166648,0.0269366042985,4755.8052742,-808.871990274,-39.2221568736,0.996362453376,0.11301920191,0.663722484206,385.629700966,2264.66917819
122.5,0.553571428571,882,-13.9377536733,59.427152201,32.9579714789,13776432.0782,1.72225876743,7.06867463626,0.677762630686,0.027035969748,4780.97786301,-745.420452295,339.827245255,0.996346398362,0.114558389751,0.668557778021,390.10848172,2276.65612524
123,0.553571428571,882,-26.4016414392,69.2174753864,32.9356999763,13767122.5901,1.72816677151,7.06867463626,0.678289933821,0.0270474780823,4778.13450184,-506.769945014,643.788886539,0.996264156649,0.114725824769,0.66906411167,390.150824839,2275.30214373
123.5,0.553571428571,882,-32.9910394247,83.6320083482,32.9313642522,13765310.2574,1.69649071002,7.06867463626,0.675156315471,0.0269857755681,4755.35175626,-153.93980897,797.525277113,0.996254557365,0.113765727949,0.666049278619,386.783946681,2264.45321727
124,0.553571428571,882,-32.2397754899,99.463449496,32.9294083994,13764492.7109,1.60159232943,7.06867463626,0.665822155843,0.0268009208733,4690.64802358,223.021751399,759.783332441,0.996305844233,0.110920631644,0.657064719831,377.066314338,2233.64191599
124.5,0.553571428571,882,-24.3150094046,113.189228483,32.9269291013,13763456.3644,1.52322838112,7.06867463626,0.658185357293,0.026648273972,4637.44149749,535.019933167,560.993856089,0.996456850044,0.108608456943,0.649709395147,369.150657031,2208.305475
125,0.553571428571,882,-10.9800390111,121.755294729,32.9313931064,13765322.3185,1.45419538987,7.06867463626,0.651448555022,0.0265138030522,4592.34224431,719.210943566,248.681811491,0.996578569928,0.106586541432,0.643216534908,362.376579884,2186.82964015
125.5,0.553571428571,882,4.79804186502,123.255658079,32.9394800329,13768702.6537,1.45942918958,7.06867463626,0.652034104685,0.0265239980886,4598.63835633,754.749441576,-108.893332067,0.996683578917,0.10675450544,0.643782161694,363.125908877,2189.82778873
126,0.553571428571,882,19.5085357895,117.35648061,32.9591518808,13776925.4862,1.52892687897,7.06867463626,0.658892704238,0.0266593742044,4651.41302107,633.55862395,-451.805232787,0.996675690081,0.108807032004,0.650393225455,370.549784083,2214.95858146
126.5,0.553571428571,882,29.8782884616,105.37035714,32.983682794,13787179.4079,1.5445576345,7.06867463626,0.660366274666,0.0266898217054,4668.50150812,357.971207709,-695.856765566,0.99656980906,0.109256751936,0.651812032303,372.635409266,2223.09595625
127,0.553571428571,882,33.5999809883,89.9642566905,33.0037323457,13795560.1205,1.51246423287,7.06867463626,0.657181093951,0.0266273062449,4652.16672833,-0.826177311518,-776.636029146,0.996545705655,0.108301588636,0.648742452429,369.826889802,2215.31748968
127.5,0.553571428571,882,29.8455192239,74.5661092962,33.012671626,13799296.7397,1.49444643597,7.06867463626,0.655434316965,0.0265922089722,4642.61086664,-355.200582815,-686.874491094,0.99659508012,0.107775325382,0.64705932392,368.229206369,2210.76707935
128,0.553571428571,882,19.4502886241,62.602075399,33.0061878581,13796586.5247,1.48554613432,7.06867463626,0.65457344958,0.026574871874,4634.83765069,-628.781470846,-446.383485886,0.996622603171,0.10751616677,0.646229756815,367.199475145,2207.06554795
128.5,0.553571428571,882,4.72727704095,56.7342089861,32.9777370249,13784694.0764,1.50318582958,7.06867463626,0.656324414853,0.026609232634,4638.93589791,-765.840786193,-108.830767442,0.996636146708,0.108039203421,0.64791767943,368.34995368,2209.01709424
129,0.553571428571,882,-11.0475759866,58.2681380184,32.9340385947,13766428.1326,1.55744875532,7.06867463626,0.661665497207,0.0267149326102,4663.39998813,-739.424367863,257.4335819,0.996609270969,0.109645461376,0.653064155056,372.836295981,2220.66666102
129.5,0.553571428571,882,-24.3642912358,66.8625560492,32.9008132335,13752539.9316,1.57059985893,7.06867463626,0.662908683544,0.0267405499414,4662.52391276,-539.933594288,568.563207206,0.996525746676,0.110025700402,0.65426089978,373.374756822,2220.24948227
130,0.553571428571,882,-32.2598367368,80.6051645191,32.8902534066,13748125.924,1.49861979903,7.06867463626,0.655787378769,0.0266003383602,4610.66042477,-214.83680867,737.703218629,0.996505310368,0.107886601195,0.647398753039,365.880695378,2195.55258322
130.5,0.553571428571,882,-32.9774163653,96.4381682074,32.8891647905,13747670.8824,1.42205456704,7.06867463626,0.648299063541,0.0264511952189,4558.94471981,144.160599388,738.415641895,0.996616240727,0.105647933845,0.640179549495,358.264884654,2170.92605705
131,0.553571428571,882,-26.3573652685,110.838649095,32.8844198511,13745687.4977,1.2999674201,7.06867463626,0.636315910254,0.0262133789133,4475.30811103,450.853914304,570.253918474,0.99673176413,0.102110017742,0.628616435637,346.167479284,2131.09910049
131.5,0.553571428571,882,-13.8726760482,120.602432244,32.8919275215,13748825.704,1.2276455304,7.06867463626,0.629285795263,0.0260725014741,4429.00113222,649.04553582,294.224929152,0.996910734001,0.100051363225,0.621828040675,339.343242074,2109.0481582
132,0.553571428571,882,1.69874904279,123.55702984,32.9023151632,13753167.7382,1.23006236306,7.06867463626,0.629589587879,0.0260772092769,4433.8972095,712.744603152,-36.0810899571,0.99701373734,0.100133626435,0.622122437199,339.83680036,2111.37962357
132.5,0.553571428571,882,16.8921944572,119.045029978,32.9245604599,13762466.2722,1.29189483405,7.06867463626,0.635696212274,0.0261976541409,4481.98790645,628.71925998,-365.654571767,0.997010331235,0.101912487313,0.628020569975,346.34180675,2134.27995545
133,0.553571428571,882,28.3270469092,108.070373914,32.9510787184,13773550.9043,1.33238925422,7.06867463626,0.639640427105,0.0262765341348,4516.42456864,396.250991502,-621.161492139,0.996922342067,0.103073348969,0.631827679803,350.851393231,2150.67836602
133.5,0.553571428571,882,33.4589977799,93.0749744005,32.9808277661,13785986.0062,1.34663518009,7.06867463626,0.641010113542,0.0263042840949,4534.04675987,67.8166256535,-737.917143898,0.996863831343,0.103479424958,0.633149184344,352.869932926,2159.06988565
134,0.553571428571,882,31.1461637885,77.3953785752,32.9958779811,13792276.9961,1.34830737804,7.06867463626,0.641161947922,0.026307541407,4539.23476407,-278.364196345,-687.841114781,0.996843079976,0.103525331111,0.633295536078,353.348743403,2161.54036385
134.5,0.553571428571,882,21.9031614097,64.5203704842,32.9947344784,13791799.012,1.37757273419,7.06867463626,0.644051173485,0.026364548054,4558.90312748,-567.289667096,-487.66160971,0.996840638444,0.10437702788,0.636083673358,356.231030279,2170.90625118
135,0.553571428571,882,7.78660228044,57.3147001708,32.9698429234,13781394.342,1.41175306713,7.06867463626,0.64739958631,0.026431128695,4575.14207909,-733.535738551,-174.749844255,0.996797714094,0.10537012278,0.639313668041,359.077991578,2178.63908528
135.5,0.553571428571,882,-8.06251259261,57.3816632752,32.9206438159,13760829.1151,1.46560727142,7.06867463626,0.652685875289,0.0265360325135,4597.86870462,-740.757412638,183.098421537,0.996747113442,0.106944878638,0.64441120859,363.357540337,2189.46128792
136,0.553571428571,882,-22.1176803757,64.7063601908,32.8755564192,13741982.5832,1.4721908066,7.06867463626,0.653283198211,0.0265488567301,4589.37522605,-573.823670443,501.772328166,0.996666362651,0.107128085298,0.644986319389,362.983690617,2185.41677431
136.5,0.553571428571,882,-31.2515599263,77.6590112967,32.8568389955,13734158.7001,1.3881871893,7.06867463626,0.644980430622,0.0263852241903,4527.23672978,-273.218909205,691.882742891,0.996656404856,0.104662637933,0.636978546077,354.22628222,2155.82701418
137,0.553571428571,882,-33.4318199516,93.3575906126,32.8554344681,13733571.6077,1.29721712924,7.06867463626,0.636076361289,0.0262080215597,4465.78166331,72.4631805552,721.52215232,0.996782054393,0.10203699466,0.62838558983,345.310379567,2126.56269682
137.5,0.553571428571,882,-28.1733423099,108.309090176,32.8517457344,13732029.717,1.17279856495,7.06867463626,0.623870175302,0.0259656638337,4381.00225627,381.303772671,586.735966012,0.996914691946,0.0984849503793,0.616594620378,333.21482957,2086.1915506
138,0.553571428571,882,-16.6461630853,119.186730796,32.8567821932,13734134.9567,1.07860589597,7.06867463626,0.614673546009,0.0257821838105,4319.15138988,591.691069006,337.461091471,0.997090367228,0.0958389267139,0.607703208229,324.361682382,2056.73875708
138.5,0.553571428571,882,-1.4151340393,123.570186113,32.8682698406,13738936.7934,1.05745793901,7.06867463626,0.612663081667,0.0257409892284,4308.34603158,676.91433124,28.5349776915,0.997218999795,0.0952595904021,0.6057592431,322.626429995,2051.59334837
139,0.553571428571,882,14.1307690069,120.484116639,32.8915682934,13748675.5466,1.10825187785,7.06867463626,0.617699919654,0.0258399318869,4349.15949351,624.830959524,-289.637454871,0.997247366862,0.0966945952913,0.610631679544,327.950961174,2071.02833024
139.5,0.553571428571,882,26.5325092815,110.615187393,32.9207358057,13760867.5668,1.15705533412,7.06867463626,0.622479903226,0.0259349972395,4389.84918899,429.31799883,-552.548156453,0.997178917574,0.0980697752323,0.615252934319,333.205216644,2090.40437571
140,0.553571428571,882,33.0306410633,96.1592816906,32.9559187415,13775574.0339,1.21433925644,7.06867463626,0.628098186615,0.026046581883,4438.05892495,130.674363155,-700.772947619,0.997112127382,0.0996955827504,0.620682323928,339.453513494,2113.36139283
140.5,0.553571428571,882,32.1792993735,80.3329067537,32.9759722786,13783956.4124,1.23503023544,7.06867463626,0.630092216507,0.0260868863075,4457.24889888,-206.545806884,-687.538558358,0.997032445708,0.100278468786,0.622608187898,341.853836097,2122.49947566
141,0.553571428571,882,24.1679117544,66.6575056724,32.9826452099,13786745.6978,1.31245429633,7.06867463626,0.63772291308,0.0262377023809,4511.83002281,-510.017756492,-528.052570522,0.997003322074,0.102506051692,0.629977333132,349.589207964,2148.49048705
141.5,0.553571428571,882,10.7790497483,58.1759197065,32.9644381684,13779135.1544,1.36340916192,7.06867463626,0.642685691791,0.0263369585122,4541.11200516,-704.494189263,-238.617356524,0.996892723379,0.10397109907,0.634766527453,354.194274407,2162.43428817
142,0.553571428571,882,-5.00820168131,56.7753417486,32.9147470606,13758364.2713,1.42426633951,7.06867463626,0.648649126846,0.0264555035803,4568.46165873,-745.755170853,112.413264638,0.996818534256,0.105739473656,0.640519123164,359.133347388,2175.45793273
142.5,0.553571428571,882,-19.6811046086,62.7674070022,32.8622085593,13736403.1778,1.41919660933,7.06867463626,0.6480897901,0.0264456281386,4550.04718583,-608.383727709,439.681369606,0.996728462588,0.105578998129,0.639978767174,357.444465318,2166.68913611
143,0.553571428571,882,-29.9748689071,74.8188526783,32.8348960829,13724986.5626,1.33367439939,7.06867463626,0.639647816353,0.026279037498,4484.67021815,-330.594393698,652.751956259,0.996736027107,0.103086557,0.631833109723,348.426254424,2135.55724674
143.5,0.553571428571,882,-33.5990834554,90.2481752565,32.8288619694,13722464.3032,1.20379845842,7.06867463626,0.626899374329,0.026026049225,4395.66989606,5.20728349801,704.985481866,0.99686196291,0.0993627321243,0.61952177382,335.716530031,2093.17614098
144,0.553571428571,882,-29.7473434179,105.622277669,32.8248427484,13720784.2688,1.09282662385,7.06867463626,0.616051939621,0.0258098846869,4320.21374621,317.393602006,604.36875322,0.997047212433,0.0962345332828,0.60903617057,325.067684724,2057.24464105
144.5,0.553571428571,882,-19.276679125,117.520349596,32.8283371739,13722244.9387,0.990724415571,7.06867463626,0.60609998888,0.025513200589,4252.68547122,543.316963499,380.56735914,0.997199819078,0.093494052595,0.599388840448,315.877942811,2025.08831963
145,0.553571428571,882,-4.51686278144,123.2950139,32.838679261,13726567.9311,0.931906090685,7.06867463626,0.600435875083,0.0252477831851,4216.23376153,647.487667724,87.8393670761,0.997335653733,0.0920371949903,0.593876961484,311.151775297,2007.73036263
145.5,0.553571428571,882,11.2479768411,121.661380529,32.8610460344,13735917.2424,0.980074522079,7.06867463626,0.605188314556,0.0254651429966,4254.86445589,624.693233151,-221.927626084,0.997411931441,0.0932516712642,0.598502711263,315.687173569,2026.12593137
146,0.553571428571,882,24.5100885497,112.982940614,32.8921879779,13748934.5748,1.05138368342,7.06867463626,0.612142987339,0.0257291570491,4311.04181581,463.351761614,-494.1401058,0.997349571428,0.0951047337221,0.605257066125,322.570915106,2052.87705515
146.5,0.553571428571,882,32.3185899199,99.1906879823,32.9284646317,13764098.2161,1.09933649327,7.06867463626,0.61682392773,0.0258225654083,4352.87511657,188.313887258,-662.196269769,0.997255479976,0.0964436861686,0.609784534162,327.834238516,2072.79767456
147,0.553571428571,882,32.9360525572,83.3534639135,32.9574244767,13776203.4313,1.18536428172,7.06867463626,0.62528475793,0.0259901408767,4419.02734545,-139.867541871,-693.0955689,0.997191010295,0.0988775010122,0.617964202617,336.698791792,2104.29873593
147.5,0.553571428571,882,26.2250881116,68.9951254815,32.9675454318,13780433.9905,1.25411275597,7.06867463626,0.632003184447,0.0261240575794,4468.18235495,-451.032549214,-563.124922928,0.997072923678,0.100831680101,0.624454533032,343.564098946,2127.70588331
148,0.553571428571,882,13.678917834,59.3104707287,32.9592137363,13776951.3418,1.3324183363,7.06867463626,0.639677920935,0.0262765907844,4518.91724823,-673.349888132,-300.125091911,0.996976300814,0.103081164753,0.631864364582,351.05126947,2151.8653563
148.5,0.553571428571,882,-1.91087619749,56.4543810288,32.9160370771,13758903.4982,1.41613477774,7.06867463626,0.647875330691,0.0264396639278,4563.49907315,-751.363894954,42.800324649,0.996863789069,0.1055071433,0.639773196265,358.372350488,2173.09479674
149,0.553571428571,882,-17.0754912597,61.0623498148,32.8587299755,13734949.1298,1.39176359694,7.06867463626,0.645388148422,0.0263921907554,4530.5595752,-641.435326388,378.497329233,0.996740590267,0.10477809611,0.637372701355,354.657864634,2157.40932152
149.5,0.553571428571,882,-28.4407289562,72.1090822918,32.8223396138,13719737.9586,1.30528192283,7.06867463626,0.636869566679,0.0262237311529,4462.22106811,-386.220264567,613.964361196,0.996776767109,0.102269423246,0.629151407935,345.40007024,2124.86717529
150,0.553571428571,882,-33.4777702795,87.1366283664,32.8123925855,13715580.1007,1.18849429082,7.06867463626,0.625413408118,0.0259962378919,4381.08429544,-59.7589463808,698.685513116,0.99690307672,0.0989308756082,0.618086092134,333.922125533,2086.23061687
150.5,0.553571428571,882,-31.065849771,102.801288139,32.8059073112,13712869.2561,1.0472576681,7.06867463626,0.611562860163,0.0257211198908,4284.46164983,256.326389188,622.046548183,0.99706856823,0.0949550304057,0.604693517528,320.375745209,2040.21983325
151,0.553571428571,882,-21.741631123,115.617600905,32.8066181078,13713166.3691,0.927981778249,7.06867463626,0.600007534886,0.0252300747444,4205.04809663,496.636925064,421.495239424,0.997260982099,0.0919305930887,0.593459657134,310.184815143,2002.40385554
151.5,0.553571428571,882,-7.57979697534,122.733876608,32.8167421107,13717398.2023,0.860161887354,7.06867463626,0.59347469902,0.0249240378177,4162.54857204,623.487606437,144.373656991,0.997416969588,0.0902655210089,0.587099277597,304.754668148,1982.16598669
152,0.553571428571,882,8.26857776002,122.566710332,32.8353710753,13725185.1095,0.886816928867,7.06867463626,0.596130599529,0.0250443185625,4185.63722656,625.615545065,-158.841673892,0.997503034598,0.0909352406126,0.589686095819,307.364441145,1993.16058408
152.5,0.553571428571,882,22.2771549335,115.15329736,32.8671111343,13738452.4541,0.969720443166,7.06867463626,0.604211454189,0.0254184202661,4249.67651581,495.122109391,-438.507595411,0.997469434818,0.0929986760301,0.59755236065,314.946928705,2023.65548372
153,0.553571428571,882,31.3289600329,102.143157055,32.9035100083,13753667.1835,1.03205313494,7.06867463626,0.61024081604,0.0256915026379,4300.89175229,243.590414053,-628.455541825,0.99736305732,0.0945641581862,0.603416545063,320.958265408,2048.04369157
153.5,0.553571428571,882,33.4099237183,86.4311070148,32.9363049544,13767375.4709,1.13264631935,7.06867463626,0.620131591605,0.0258874503694,4377.79388407,-73.8775419787,-691.599062293,0.997281196145,0.0973893795407,0.61298340903,331.206532825,2084.66375432
154,0.553571428571,882,28.0570217517,71.5131525017,32.9564517598,13775796.8356,1.23608754443,7.06867463626,0.630268234709,0.0260889458635,4453.19638741,-394.695564836,-599.019494749,0.997145658094,0.100323096946,0.622779220108,341.601186356,2120.56970829
154.5,0.553571428571,882,16.4613000753,60.7086087761,32.956606739,13775861.6169,1.33321886027,7.06867463626,0.639773387816,0.0262781501431,4518.86300855,-642.737453448,-361.20831578,0.997001828963,0.103107692193,0.631956749108,351.086064044,2151.83952788
155,0.553571428571,882,1.2028614694,56.4215377915,32.9199016302,13760518.8814,1.41120509562,7.06867463626,0.647387615646,0.0264300612889,4561.21413429,-751.245723649,-26.911432972,0.996862625285,0.105362626886,0.639302737274,357.965516817,2172.00673061
155.5,0.553571428571,882,-14.3232194884,59.6058330681,32.8607365806,13735787.8907,1.37986164322,7.06867463626,0.644217348978,0.0263690066714,4523.08288358,-671.575160853,316.479094604,0.996747928639,0.104431671646,0.636243147856,353.528445037,2153.84899218
156,0.553571428571,882,-26.6623165346,69.5529738835,32.8189802507,13718333.7448,1.29065046783,7.06867463626,0.635435585328,0.0261952302119,4451.49066876,-439.495386217,573.088968343,0.996794341332,0.101848923001,0.627766971153,343.909482944,2119.75746131
156.5,0.553571428571,882,-33.0689223618,84.0496744768,32.8019796129,13711227.4782,1.18092624722,7.06867463626,0.624678990695,0.0259814959292,4373.27731647,-123.837837896,688.228539908,0.996924128936,0.0987176855102,0.617376463848,332.991094118,2082.51300784
157,0.553571428571,882,-32.1175369477,99.870350572,32.7944904913,13708097.0254,1.01491934286,7.06867463626,0.608389898118,0.0256223800803,4259.69152479,195.699561454,636.794797693,0.997079092138,0.0940888013893,0.601616216492,317.232195597,2028.42453562
157.5,0.553571428571,882,-24.0198480355,113.494827098,32.7931005,13707516.009,0.900676293339,7.06867463626,0.597365613783,0.025106858877,4183.37501851,451.769325874,461.864669593,0.997303859296,0.0912561125427,0.590887766684,307.6553483,1992.08334215
158,0.553571428571,882,-10.5776296123,121.891593748,32.801611386,13711073.5594,0.819882925307,7.06867463626,0.589559654624,0.0247422791981,4131.69862055,600.238607805,199.083862743,0.997451848933,0.0892770399296,0.583285844918,301.139472702,1967.4755336
158.5,0.553571428571,882,5.21816130378,123.192330328,32.8163618206,13717239.241,0.823929259156,7.06867463626,0.590015013596,0.0247605382598,4138.56356015,626.059563825,-98.4227307189,0.997553254512,0.0893880544886,0.583729882941,301.78516911,1970.74455245
159,0.553571428571,882,19.8528867111,117.107616812,32.8472306271,13730142.4021,0.906103827071,7.06867463626,0.598042387328,0.0251313505965,4201.88523239,523.895720894,-383.687082025,0.997548239557,0.0914194136037,0.591547777141,309.224215185,2000.89772971
159.5,0.553571428571,882,30.0702511613,104.991330665,32.8828765714,13745042.4068,0.985743293406,7.06867463626,0.605762254662,0.0254907232996,4264.4963522,296.643486702,-595.020171991,0.997444940454,0.0933979763438,0.599061352586,316.602701481,2030.71254867
160,0.553571428571,882,33.5968428597,89.5394027168,32.9157236422,13758772.4824,1.06373728996,7.06867463626,0.613359332059,0.0257532209177,4325.60724726,-9.33310654415,-680.774562438,0.997342169132,0.0954509981778,0.606433842689,324.20882654,2059.81297489
160.5,0.553571428571,882,29.6479785155,74.1899598374,32.9434210624,13770350.0041,1.20488332827,7.06867463626,0.627243664714,0.0260281624674,4428.80172174,-334.313028547,-626.924750719,0.997238963558,0.099440974535,0.61985770363,338.329846207,2108.95320083
161,0.553571428571,882,19.1022990755,62.3583254843,32.952486997,13774139.5648,1.32298643353,7.06867463626,0.638790581946,0.0262582181684,4510.95403522,-604.674307749,-417.871553452,0.997045694806,0.102816593337,0.631008438722,350.007338322,2148.0733501
161.5,0.553571428571,882,4.30626796849,56.6770941216,32.9253220943,13762784.6354,1.40774142656,7.06867463626,0.647055113205,0.0264233143299,4560.42818435,-745.069961152,-96.2842472291,0.996877480239,0.10526319822,0.63898213603,357.745492602,2171.63246874
162,0.553571428571,882,-11.447928078,58.4103665308,32.866942278,13738381.8722,1.38730415816,7.06867463626,0.644955775283,0.0263835041141,4529.85863459,-699.709841725,253.571411373,0.996753078409,0.104649517172,0.636955665581,354.399726686,2157.07554028
162.5,0.553571428571,882,-24.654906117,67.1724814235,32.8195756867,13718582.637,1.31162444293,7.06867463626,0.637500248773,0.0262360858908,4465.78791397,-493.594199919,533.107381696,0.996783358998,0.102453749427,0.629760373965,345.964331263,2126.56567332
163,0.553571428571,882,-32.3760512257,81.0138268974,32.7967187806,13709028.4503,1.17130723299,7.06867463626,0.623709857889,0.0259627588346,4365.23953291,-186.433657914,671.697016057,0.996893922403,0.0984399050351,0.616439483462,331.947592435,2078.68549186
163.5,0.553571428571,882,-32.8933721898,96.8546382824,32.7890804055,13705835.6095,1.03297802242,7.06867463626,0.610166615748,0.0256933042471,4270.50578495,136.539050753,655.210330556,0.997092433033,0.0945575696168,0.603342614843,318.707526501,2033.57418331
164,0.553571428571,882,-26.0917626541,111.17026031,32.7823657896,13703028.9001,0.868639331654,7.06867463626,0.59422140019,0.0249622922438,4158.97347224,403.252970847,496.998178142,0.997279969292,0.0904593017575,0.587825912327,304.769400047,1980.46355821
164.5,0.553571428571,882,-13.4846128297,120.77539954,32.7910567379,13706661.7165,0.793526097169,7.06867463626,0.587008088868,0.0246233441398,4111.44287602,574.695672139,251.809846487,0.997492380115,0.0886351203976,0.580799983562,298.781848221,1957.82994096
165,0.553571428571,882,2.12292696836,123.532867177,32.8029313905,13711625.3212,0.781727463147,7.06867463626,0.585909999147,0.0245701028613,4106.84371997,624.675440867,-39.547478386,0.997585756992,0.0883569812415,0.579730334656,298.060019777,1955.63986665
165.5,0.553571428571,882,17.2581055002,118.829113662,32.8316263052,13723619.7956,0.849524275521,7.06867463626,0.592544139309,0.0248760356463,4159.89902271,548.140010595,-328.135586914,0.9976002149,0.0900239073925,0.586193713952,304.214700192,1980.90429653
166,0.553571428571,882,28.5532741363,107.710746345,32.8668686015,13738351.0754,0.945142532696,7.06867463626,0.60183813143,0.0253075125651,4233.18833342,346.330619975,-558.35439915,0.997516362234,0.0923889024022,0.595242721374,312.877267376,2015.8039683
166.5,0.553571428571,882,33.4952045657,92.6516544086,32.9012561289,13752725.0619,1.04194910047,7.06867463626,0.611238348498,0.0257107792122,4307.18360425,53.3427911901,-673.81620214,0.997394891097,0.094845404777,0.604382091094,321.868738347,2051.03981155
167,0.553571428571,882,30.9842939523,77.0025568561,32.9314158012,13765331.8049,1.16265589572,7.06867463626,0.623088997566,0.0259459066997,4396.90712815,-271.322089799,-646.79824278,0.997268050695,0.0982401144292,0.615842487069,334.0005714,2093.76529912
167.5,0.553571428571,882,21.5792317538,64.2454517237,32.9471760035,13771919.5694,1.29120202567,7.06867463626,0.635687736831,0.0261963046039,4488.09481767,-558.21476071,-467.717218743,0.997104398356,0.101904514671,0.628013228381,346.790635796,2137.18800841
168,0.553571428571,882,7.37268868153,57.2188550901,32.929862223,13764682.4092,1.38355895139,7.06867463626,0.644695964631,0.0263762087414,4545.44085198,-728.278307273,-163.794438779,0.996923336999,0.104562477944,0.636706588159,355.462048333,2164.4956438
168.5,0.553571428571,882,-8.47431240597,57.4862178569,32.8775152257,13742801.3644,1.40413347305,7.06867463626,0.646641239191,0.0264162863159,4544.34736641,-724.061973928,188.717736416,0.99678888849,0.105145989129,0.638582049055,356.310180461,2163.97493639
169,0.553571428571,882,-22.4357390022,64.9880505473,32.8228839117,13719965.4751,1.32946276682,7.06867463626,0.639246212267,0.026270833564,4478.64141129,-543.648099835,487.652787721,0.996758437189,0.102967293182,0.631445653345,347.768558137,2132.68638633
169.5,0.553571428571,882,-31.405107821,78.0551599947,32.7956669107,13708588.7687,1.18637669653,7.06867463626,0.625182275733,0.0259921129823,4375.03517978,-248.873273663,654.332078927,0.996868083425,0.0988661055923,0.617862412672,333.363391793,2083.35008561
170,0.553571428571,882,-33.3866919835,93.7800526977,32.7862435828,13704649.8176,1.04344035716,7.06867463626,0.611187511189,0.0257136840648,4276.75690066,75.5141420943,666.966204997,0.997071515344,0.0948483005247,0.604330346143,319.632124237,2036.55090508
170.5,0.553571428571,882,-27.9395796648,108.663865842,32.780447659,13702227.1215,0.887395960434,7.06867463626,0.596045550466,0.0250469314396,4171.05320192,357.288186126,534.856059523,0.997266066211,0.0909221568608,0.589602245922,306.292974162,1986.21581044
171,0.553571428571,882,-16.2757790546,119.394880782,32.7873690744,13705120.2731,0.807806397271,7.06867463626,0.588389556051,0.0246877839243,4120.04389266,550.943059405,305.054052545,0.997468701681,0.0889824403048,0.58214592815,299.885174427,1961.92566317
171.5,0.553571428571,882,-0.990540817281,123.585396066,32.7939263357,13707861.2083,0.755269710818,7.06867463626,0.583314096073,0.0244507123831,4086.67650833,620.726965442,18.3072247966,0.997568182149,0.0877093195979,0.577200352797,295.712798135,1946.03643254
172,0.553571428571,882,14.5150974251,120.303002273,32.818853427,13718280.7325,0.800040955655,7.06867463626,0.587727210744,0.0246527424069,4123.38899283,567.956039511,-272.050180787,0.997632429951,0.0888105771897,0.581501258241,299.881066252,1963.51856802
172.5,0.553571428571,882,26.7910580097,110.278047508,32.8510631855,13731744.4115,0.886055813454,7.06867463626,0.596100870195,0.0250408840329,4189.43547046,389.875502642,-515.097777728,0.997577749442,0.0909250167812,0.589657472304,307.623701933,1994.96927165
173,0.553571428571,882,33.1058817897,95.7411315023,32.8903699527,13748174.6402,1.01539557598,7.06867463626,0.608675197503,0.02562452908,4286.62549278,114.567605083,-660.647050023,0.997470398291,0.0941476015413,0.601895623568,319.289269125,2041.25023466
173.5,0.553571428571,882,32.0544906813,79.9267866517,32.9190965078,13760182.3402,1.10429193415,7.06867463626,0.6173431823,0.0258322182233,4353.98433849,-206.590977099,-657.403781823,0.99730323103,0.09658950505,0.610287125658,328.143117722,2073.32587547
174,0.553571428571,882,23.8708241666,66.3537792955,32.9432118961,13770262.5726,1.25951635009,7.06867463626,0.632607721195,0.0261345833621,4465.76778906,-507.852884127,-512.676721198,0.997184292924,0.101001248543,0.625039433281,343.634031314,2126.55609003
174.5,0.553571428571,882,10.3757866548,58.0421676064,32.9337027567,13766287.7523,1.35255691232,7.06867463626,0.641662512629,0.0263158191706,4525.60198182,-704.058696097,-228.587556664,0.996968620997,0.103665170629,0.63377979997,352.493842474,2155.04856277
175,0.553571428571,882,-5.42791233968,56.8413243987,32.8872309065,13746862.5189,1.40493842605,7.06867463626,0.646750293815,0.026417854302,4547.78573741,-739.06737176,120.981698885,0.996834428403,0.105175521939,0.638687682017,356.620936564,2165.61225591
175.5,0.553571428571,882,-20.0238752302,63.0184429514,32.8299963497,13722938.4742,1.34360876537,7.06867463626,0.640642653291,0.0262983888735,4490.14688375,-589.051198674,437.153707817,0.996757242105,0.103377685452,0.632793543443,349.305978222,2138.16518274
176,0.553571428571,882,-30.1644314114,75.1990852437,32.7976112879,13709401.5183,1.21590103825,7.06867463626,0.628085762494,0.0260496241131,4395.42273498,-311.040101829,633.903239922,0.996847495706,0.0997070430376,0.620668038111,336.238787346,2093.05844523
176.5,0.553571428571,882,-33.593259291,90.6730008984,32.7841152106,13703760.158,1.03648660342,7.06867463626,0.610475204652,0.0257001386911,4271.32210837,13.4144664032,669.59145109,0.997030253773,0.0946483965892,0.603640748829,318.917051919,2033.96290875
177,0.553571428571,882,-29.5474284887,105.997170678,32.7774312892,13700966.2789,0.897376597046,7.06867463626,0.597026146696,0.0250919690136,4177.03943071,307.01994967,567.07840343,0.997275311947,0.0911708542171,0.590557111624,307.074250415,1989.06639558
177.5,0.553571428571,882,-18.9271554461,117.761894509,32.7832791541,13703410.6864,0.819857641783,7.06867463626,0.589559663064,0.0247421651063,4127.08182852,521.927918681,355.833455291,0.997456043037,0.0892768961177,0.583285870621,300.80247932,1965.2770612
178,0.553571428571,882,-4.09550102025,123.349465834,32.7866371883,13704814.3447,0.733237913618,7.06867463626,0.581152362898,0.0243512940057,4069.94730832,612.316725928,75.1959203263,0.997553285827,0.0871717828509,0.57509315306,293.769851178,1938.07014682
178.5,0.553571428571,882,11.6474217047,121.516623671,32.8091235157,13714213.6296,0.775573341727,7.06867463626,0.585351574145,0.0245423324185,4104.53992303,586.392103826,-216.709638343,0.997659039046,0.088214831329,0.579186442321,297.692854384,1954.54282049
179,0.553571428571,882,24.798738149,112.67118405,32.8426204478,13728215.3472,0.880031078058,7.06867463626,0.595529997236,0.0250136974438,4183.33570156,434.964119135,-475.782882403,0.997607733589,0.0907791401814,0.589101697821,306.97231741,1992.06461979
179.5,0.553571428571,882,32.4322183573,98.7812990169,32.8786453469,13743273.755,0.968009401705,7.06867463626,0.60404945621,0.0254106991998,4251.53805681,172.896132416,-638.562143128,0.997478016398,0.0929567901651,0.597394747503,315.026069986,2024.54193182
180,0.553571428571,882,32.8493769693,82.9375335235,32.9145660408,13758288.6051,1.09421701515,7.06867463626,0.616385880488,0.0258125930615,4346.18585147,-144.388663161,-671.589400393,0.997365281613,0.0963125466638,0.609361745584,327.112152427,2069.61231022
180.5,0.553571428571,882,25.9573942256,68.6652001411,32.9366279543,13767510.4849,1.20495976222,7.06867463626,0.627225413945,0.0260283113548,4426.84695642,-450.938038824,-548.642430324,0.997197939177,0.0994380199432,0.619839715636,338.180281461,2108.0223602
181,0.553571428571,882,13.2897688024,59.1399603827,32.9363914048,13767411.6072,1.31236773268,7.06867463626,0.637741395549,0.0262375337617,4499.31457155,-672.400437424,-289.566911346,0.997045587863,0.102508980781,0.629995559217,348.619351505,2142.53074836
181.5,0.553571428571,882,-2.33489287906,56.4812250337,32.8979264387,13751333.2514,1.40331705689,7.06867463626,0.646628031751,0.0264146960005,4549.90784059,-747.297030343,52.0561540941,0.996892848466,0.105135771461,0.638570291487,356.71806316,2166.62278124
182,0.553571428571,882,-17.4400298791,61.2805752527,32.8392096188,13726789.6206,1.35108688009,7.06867463626,0.641382819245,0.0263129556617,4497.73943458,-628.664220076,381.759832537,0.996759649006,0.103595300035,0.633507937021,350.237778428,2141.78068313
182.5,0.553571428571,882,-28.6646779509,72.4701329733,32.8012532663,13710923.8653,1.23855606688,7.06867463626,0.630316710028,0.026093754354,4411.66579608,-370.864827557,606.434768105,0.996836577508,0.100354901261,0.622823355976,338.498702351,2100.79323623
183,0.553571428571,882,-33.5112999415,87.5601688114,32.7847085244,13704008.1632,1.07322779104,7.06867463626,0.614085488278,0.0257717076787,4296.19277845,-49.1614334617,675.236692612,0.996998341109,0.0956763376408,0.60713359835,322.392360208,2045.80608498
183.5,0.553571428571,882,-30.9014995924,103.1930786,32.7757609239,13700268.0662,0.916012779817,7.06867463626,0.598817358956,0.0251760646974,4188.9460203,254.44819545,595.981502606,0.997226231571,0.0916283986584,0.59230085276,308.583860572,1994.73620014
184,0.553571428571,882,-21.4159697938,115.890466156,32.7782798334,13701320.9703,0.814743548142,7.06867463626,0.589045921151,0.0247190877837,4122.28219162,485.896908985,401.922215804,0.997432296402,0.0891485711383,0.582785263016,300.278507804,1962.99151982
184.5,0.553571428571,882,-7.16528567781,122.827102844,32.7848979088,13704087.3259,0.740320576221,7.06867463626,0.581848196314,0.0243832544862,4074.31549956,603.856503537,131.80585496,0.997559614514,0.0873445795259,0.575771474702,294.320948833,1940.15023789
185,0.553571428571,882,8.67970830658,122.459554275,32.8011330962,13710873.6342,0.754215612725,7.06867463626,0.583259213891,0.0244459557706,4088.09629874,600.070174261,-160.459198915,0.997650506362,0.0876928599277,0.577147188904,295.787265189,1946.71252321
185.5,0.553571428571,882,22.5934262428,114.869601738,32.8337886888,13724523.6719,0.859900284608,7.06867463626,0.59357809384,0.0249228573366,4167.5954463,474.284692849,-430.876068657,0.997633707532,0.0902839845284,0.58720090637,305.133759901,1984.56926014
186,0.553571428571,882,31.4800002465,101.746045483,32.8702814657,13739777.6527,0.939377598249,7.06867463626,0.601266947499,0.0252814983265,4230.11238711,229.37765786,-614.743807752,0.997503362912,0.0922433416184,0.594686692502,312.449200985,2014.33923196
186.5,0.553571428571,882,33.362125676,86.0089386905,32.9066173559,13754966.0548,1.06156381474,7.06867463626,0.613181511326,0.0257489871563,4321.99116093,-80.7807503409,-675.26337886,0.997402321683,0.0953971584217,0.606262285102,323.846692704,2058.09102902
187,0.553571428571,882,27.8210207436,71.1598618693,32.9342664177,13766523.3626,1.17999343422,7.06867463626,0.624785912602,0.0259796788817,4409.37952441,-395.320841383,-583.765854165,0.997241874068,0.0987306684108,0.617482498065,335.726490869,2099.70453543
187.5,0.553571428571,882,16.089607439,60.5028046679,32.9401042655,13768963.583,1.29808289775,7.06867463626,0.636352276726,0.0262097080097,4490.75056964,-640.287449467,-349.252652465,0.997080387601,0.102100240121,0.628654682521,347.307568605,2138.45265221
188,0.553571428571,882,0.778180570082,56.4090125927,32.9074001629,13755293.2681,1.38948717362,7.06867463626,0.645275193784,0.0263877564591,4543.22545529,-746.476666777,-17.2931397062,0.996913446368,0.104734257891,0.63726534868,355.560452082,2163.44069299
188.5,0.553571428571,882,-14.706395147,59.7893736943,32.8498984569,13731257.555,1.35735475857,7.06867463626,0.642015095899,0.0263251650035,4505.00431553,-662.918341424,322.705626178,0.996780133162,0.103780242429,0.634118331983,351.091478723,2145.24015025
189,0.553571428571,882,-26.9187285607,69.8917416797,32.8058713688,13712854.2322,1.24902876952,7.06867463626,0.63134537881,0.0261141543675,4419.94824998,-426.803642508,571.357857968,0.996827407752,0.100654441528,0.623816976207,339.604662489,2104.73726189
189.5,0.553571428571,882,-33.1415178698,84.4682920099,32.7859173161,13704513.4381,1.10835859796,7.06867463626,0.617547031718,0.0258401397694,4320.20289782,-112.621733274,674.738289244,0.996983515018,0.0966653259125,0.61048166555,325.748889062,2057.23947515
190,0.553571428571,882,-31.9901630946,100.275673466,32.7738921441,13699486.9162,0.915414119064,7.06867463626,0.598730379446,0.0251733632436,4187.86804791,198.114895967,616.770069079,0.997178772618,0.0916079643893,0.592215962592,308.479862265,1994.22287996
190.5,0.553571428571,882,-23.7208461046,113.796669096,32.7756216119,13700209.8338,0.822796339718,7.06867463626,0.589833224523,0.0247554259664,4127.0381733,447.520750422,446.094821355,0.997433061458,0.0893465050416,0.583552282065,300.896397633,1965.256273
191,0.553571428571,882,-10.1735289439,122.022793583,32.7818886846,13702829.4702,0.738246611158,7.06867463626,0.581639706765,0.024373895729,4072.12946055,588.605653365,186.997946809,0.997549644352,0.0872930580797,0.575568203856,294.093344154,1939.10926693
191.5,0.553571428571,882,5.63744640457,123.123695416,32.7958811277,13708678.3114,0.742205859422,7.06867463626,0.582086924272,0.0243917618174,4078.69620962,610.113384872,-103.837493513,0.997653007031,0.0874008387883,0.57600454758,294.707883141,1942.23629029
192,0.553571428571,882,20.1940633311,116.854418746,32.8275141343,13721900.9081,0.839120221925,7.06867463626,0.591555843257,0.0248290874052,4152.02877533,509.042804118,-382.791477331,0.997648231682,0.0897728451556,0.585231266719,303.290305516,1977.15655968
192.5,0.553571428571,882,30.257405893,104.609907208,32.8628152179,13736656.7611,0.923783685344,7.06867463626,0.599758759125,0.0252111308706,4217.75342552,283.980408464,-588.129025198,0.997529352344,0.0918573325335,0.593218678674,311.000369181,2008.45401215
193,0.553571428571,882,33.5883328923,89.1146223885,32.8969711166,13750933.9268,1.00972492182,7.06867463626,0.608091795825,0.0255989402808,4284.30091776,-17.647390698,-669.484325926,0.997422352169,0.0939988575659,0.601327824626,318.912797761,2040.14329417
193.5,0.553571428571,882,29.4456973569,73.8163382645,32.9295408871,13764548.0908,1.15734718796,7.06867463626,0.622591013411,0.0259355657482,4392.97242,-337.294996566,-613.698342885,0.997310705833,0.0980943949081,0.615361449262,333.467174072,2091.89162857
194,0.553571428571,882,18.7512552378,62.1189952296,32.9421421336,13769815.4118,1.28088299343,7.06867463626,0.634672829249,0.0261762039284,4479.72216029,-602.359678892,-405.11452786,0.997111724938,0.101607610099,0.627033242667,345.674588905,2133.20102871
194.5,0.553571428571,882,3.88457036176,56.6253072957,32.916053165,13758910.223,1.37459733293,7.06867463626,0.64382022791,0.0263587522028,4535.6031201,-739.004590609,-86.0147344372,0.9969381317,0.104302997086,0.635861741641,354.282616308,2159.81100957
195,0.553571428571,882,-11.8464497467,58.5576459469,32.859653945,13735335.349,1.36891238565,7.06867463626,0.64317084537,0.0263476783658,4515.61021698,-692.613516845,260.954100554,0.996802095043,0.104119572374,0.635233855472,352.44868278,2150.29057951
195.5,0.553571428571,882,-24.9415788962,67.4860567167,32.8112262332,13715092.5655,1.28276258485,7.06867463626,0.634666725586,0.0261798652269,4444.12623326,-482.622584763,534.662858634,0.996810454893,0.101623368996,0.627024663617,342.985733732,2116.25058726
196,0.553571428571,882,-32.4870890695,81.4239260855,32.786694556,13704838.3244,1.12581199313,7.06867463626,0.619241442369,0.0258741376313,4332.0011313,-175.492451542,664.784254555,0.996935440267,0.0971531963324,0.612119834173,327.408468334,2062.85768157
196.5,0.553571428571,882,-32.8040686542,97.2700123613,32.7759494632,13700346.8756,0.960854937195,7.06867463626,0.603154966161,0.0253784147137,4218.85312729,141.914771301,640.354055738,0.997155001341,0.0927394097026,0.596522739739,312.329089414,2008.97767966
197,0.553571428571,882,-25.821988197,111.498486587,32.7701312398,13697914.8582,0.805714742667,7.06867463626,0.588129661766,0.0246783453431,4113.91985506,402.238362825,483.131415553,0.997374568993,0.0889204549828,0.581892320333,299.361249407,1959.00945479
197.5,0.553571428571,882,-13.0943935406,120.94344612,32.7785113806,13701417.7571,0.728015175272,7.06867463626,0.580652151035,0.0243277264245,4064.48142651,567.045848944,239.957807955,0.997570761563,0.0870469345285,0.574605595138,293.203722294,1935.46734596
198,0.553571428571,882,2.54676545664,123.503342903,32.7909607042,13706621.5743,0.728003209347,7.06867463626,0.580706019659,0.0243276724283,4067.94376667,614.495170623,-46.711012639,0.997665318013,0.0870571584684,0.574658479511,293.460946816,1937.11607937
198.5,0.553571428571,882,17.6212571244,118.608587825,32.8211113914,13719224.5616,0.811109079106,7.06867463626,0.588828330751,0.0247026872599,4131.56587624,537.934163509,-331.336739481,0.997665332386,0.0890858190513,0.582574237927,300.851851504,1967.41232202
199,0.553571428571,882,28.7749359467,107.348286984,32.8560876689,13733844.6456,0.902827479668,7.06867463626,0.597731719882,0.0251165660948,4202.00235463,335.170638438,-555.934638468,0.997564105668,0.0913398110681,0.591245371871,309.121599157,2000.9535022
199.5,0.553571428571,882,33.5260557637,92.2279104406,32.8908131706,13748359.9053,0.9952620168,7.06867463626,0.606694893386,0.0255336764924,4273.01842038,44.2196982748,-665.427138895,0.997449112233,0.0936378130553,0.599968851076,317.568946892,2034.77067637
200,0.553571428571,882,30.8174700008,76.6118133136,32.9239934293,13762229.2534,1.11830413786,7.06867463626,0.618744360135,0.0258595129108,4364.95163064,-275.795380553,-634.836969756,0.997329709478,0.0969890382564,0.611642398845,329.598487995,2078.54839554
200.5,0.553571428571,882,21.2518517691,63.9746508883,32.9412208808,13769430.3282,1.25435700193,7.06867463626,0.632085835799,0.0261245333516,4461.62565395,-558.047513328,-455.691986397,0.997165242667,0.100850410083,0.62453517903,343.079363698,2124.58364474
201,0.553571428571,882,6.95759625474,57.1282514253,32.9240515446,13762253.5456,1.35466000899,7.06867463626,0.641875001723,0.02631991584,4524.41389421,-724.202404673,-153.283842719,0.99697595395,0.103727293843,0.633984940136,352.498390782,2154.48280677
201.5,0.553571428571,882,-8.88475725151,57.5959711057,32.8709295987,13740048.5722,1.38173243085,7.06867463626,0.644456059597,0.0263726508208,4527.53329291,-716.877569997,196.558372703,0.996831352177,0.104497150143,0.636474253269,353.969599193,2155.96823472
202,0.553571428571,882,-22.7502103519,65.2737400939,32.8170648236,13717533.0963,1.30868156126,7.06867463626,0.637214828567,0.0262303533853,4463.15138034,-534.129673393,491.443609792,0.996791583005,0.10236965589,0.629484886822,345.627474869,2125.31018112
202.5,0.553571428571,882,-31.5536343159,78.4532185672,32.7884912863,13705589.3577,1.15035797674,7.06867463626,0.621643055477,0.0259219513061,4348.90879012,-237.990042356,650.350126659,0.996898172081,0.0978447236926,0.614441572509,329.775071941,2070.90894768
203,0.553571428571,882,-33.3362257778,94.2019103858,32.7770865081,13700822.1604,0.992514254046,7.06867463626,0.60622713023,0.0255212772264,4240.28989919,82.72841052,656.333124259,0.997121352617,0.0935297206101,0.599512185348,315.012564953,2019.18566628
203.5,0.553571428571,882,-27.7013497273,109.015657319,32.7708187547,13698202.2395,0.830296903802,7.06867463626,0.590507055625,0.0247892722252,4130.46687738,358.196707772,521.808534227,0.997333310069,0.0895195933894,0.584208296038,301.390965777,1966.88898923
204,0.553571428571,882,-15.9027926704,119.598330785,32.7777002407,13701078.7006,0.744149467618,7.06867463626,0.5822111181,0.0244005323399,4075.02840329,544.790700815,292.708856679,0.997540334045,0.0874355297168,0.576125160153,294.498067348,1940.48971585
204.5,0.553571428571,882,-0.565789216521,123.59523601,32.7866462667,13704818.1395,0.714905148677,7.06867463626,0.579414602243,0.0242685674934,4057.96281806,613.755757499,10.3364771442,0.997645885122,0.0867373860597,0.573399398779,292.30609117,1932.36324669
205,0.553571428571,882,14.8971050073,120.117042723,32.8130151226,13715840.3213,0.77167610171,7.06867463626,0.584983576798,0.0245247461419,4102.97220926,559.895648938,-276.946988188,0.997681030744,0.0881221181678,0.578827902391,297.450532089,1953.79629012
205.5,0.553571428571,882,27.045323084,109.937665342,32.8463185792,13729761.1661,0.855780399022,7.06867463626,0.593162834684,0.024904266373,4167.90355677,380.07942041,-515.575447093,0.997612487002,0.0901797628719,0.586796371241,305.014184074,1984.71597941
206,0.553571428571,882,33.1758291775,95.3220633578,32.8866409885,13746615.9332,0.985185743137,7.06867463626,0.605746390018,0.0254882073567,4265.36499137,105.328051902,-656.577199969,0.997508529697,0.0933915136292,0.599046211003,316.653282222,2031.12618637
206.5,0.553571428571,882,31.9245567589,79.5222771677,32.9158620144,13758830.322,1.07076751619,7.06867463626,0.614054567176,0.0257669152539,4330.44124586,-212.752568255,-648.235456271,0.997342897775,0.0956488773328,0.607106446726,324.883674304,2062.11487898
207,0.553571428571,882,23.5699198446,66.0538337407,32.9404477582,13769107.1629,1.22984397043,7.06867463626,0.629704278302,0.0260767838649,4444.98554744,-509.898003729,-501.886395788,0.997229535782,0.100154567353,0.622235115858,340.696208792,2116.6597845
207.5,0.553571428571,882,9.9708645645,57.9135252819,32.9298588034,13764680.9798,1.32819264895,7.06867463626,0.63928247362,0.0262683594728,4508.14847194,-701.940936447,-218.12798293,0.997010639124,0.102963018628,0.631482956684,350.024584558,2146.73736759
208,0.553571428571,882,-5.84675512273,56.9126088285,32.8830792601,13745127.1307,1.39171288872,7.06867463626,0.645466885198,0.0263920919797,4537.82604111,-734.614778041,129.811162641,0.996869927718,0.104793564701,0.637449881327,355.236119637,2160.86954339
208.5,0.553571428571,882,-20.3634442108,63.2737930137,32.8264380762,13721451.1159,1.33321613461,7.06867463626,0.63962874514,0.0262781448337,4482.23213598,-581.661953887,443.184502521,0.996776842114,0.103078536971,0.63181507399,348.219680666,2134.39625523
209,0.553571428571,882,-30.3491708893,75.5816843448,32.7921254576,13707108.4413,1.19257661933,7.06867463626,0.625791289435,0.0260041899517,4378.25682587,-300.879093278,633.32161934,0.996862629248,0.0990423157614,0.618450948351,333.885427922,2084.88420279
209.5,0.553571428571,882,-33.5820638607,91.0977189333,32.777622006,13701045.9985,1.0011180932,7.06867463626,0.60703196436,0.0255601020086,4245.96541467,21.6613138977,662.675667283,0.997062881374,0.0937391892914,0.600295001613,315.728381689,2021.8882927
210,0.553571428571,882,-29.3427891864,106.36950588,32.7694877173,13697645.8658,0.845555250587,7.06867463626,0.591991126381,0.0248581254406,4140.35109256,309.616210595,554.995566919,0.997322025344,0.0898941134974,0.585653881122,302.627300162,1971.59575836
210.5,0.553571428571,882,-18.5746054819,117.999000539,32.7754882577,13700154.0917,0.760715400674,7.06867463626,0.583818850297,0.024475286032,4085.56032537,517.6483016,343.409150163,0.997521323045,0.0878367709288,0.577692124978,295.809588418,1945.50491685
211,0.553571428571,882,-3.67348442458,123.398585482,32.7828167214,13703217.3895,0.707046470334,7.06867463626,0.578634917411,0.0242331052458,4051.63586472,608.666708913,66.9467776164,0.997625822516,0.0865448801846,0.572639148811,291.589215595,1929.35041177
211.5,0.553571428571,882,12.0450042483,121.366827584,32.8059349457,13712880.8073,0.753772640655,7.06867463626,0.583239251841,0.0244439568613,4089.15659257,579.997229234,-222.721570153,0.997690416285,0.0876865374198,0.577127891433,295.852541766,1947.21742503
212,0.553571428571,882,25.0834226489,112.355802563,32.839340349,13726844.2659,0.849960960844,7.06867463626,0.592607029578,0.0248780061866,4162.28998538,425.329348281,-477.223565471,0.997634244286,0.090038587469,0.586255114658,304.407303358,1982.04285018
212.5,0.553571428571,882,32.5406611691,98.3705059991,32.8779343268,13742976.5486,0.948873851584,7.06867463626,0.602202425466,0.0253243501233,4238.56263832,163.959322594,-637.398116987,0.997515816034,0.0924821235997,0.595597297476,313.403892404,2018.36316111
213,0.553571428571,882,32.7574490557,82.5227323596,32.9134854316,13757836.9104,1.06898054119,7.06867463626,0.613907000861,0.025763434365,4328.80049455,-151.734968325,-664.74155185,0.997390074354,0.095604302996,0.606964066074,324.685381073,2061.33356883
213.5,0.553571428571,882,25.6855499811,68.3386860471,32.9355444936,13767057.5983,1.1851334573,7.06867463626,0.625287609567,0.0259896912485,4413.18399381,-455.221774983,-539.792815857,0.997231934142,0.0988760191853,0.617967306222,336.246841515,2101.51618753
214,0.553571428571,882,12.898494854,58.9743842849,32.9341260473,13766464.6878,1.29796140921,7.06867463626,0.636335714732,0.0262094713594,4489.00603583,-673.190830524,-279.870302753,0.997073244708,0.102095813442,0.628638626804,347.166463586,2137.62192183
214.5,0.553571428571,882,-2.75853623186,56.513428395,32.8941649899,13749760.9658,1.38957607394,7.06867463626,0.645284089037,0.02638792963,4539.63281682,-743.576408133,61.2538807253,0.996913621172,0.104736877118,0.637273932439,355.283385545,2161.72991277
215,0.553571428571,882,-17.8017799917,61.5033926734,32.8363052464,13725575.593,1.34820892247,7.06867463626,0.641111651756,0.0263073496232,4495.08746188,-623.188728818,389.304892212,0.996780001751,0.103514288412,0.633246412351,349.901991728,2140.51783899
215.5,0.553571428571,882,-28.8840437164,72.833986526,32.7976418606,13709414.2977,1.22644386487,7.06867463626,0.629122940134,0.0260701607227,4402.52725385,-361.832429804,608.829984682,0.99684078223,0.100008114316,0.621670092697,337.254708883,2096.44154945
216,0.553571428571,882,-33.5394714423,87.984099364,32.7793283745,13701759.2605,1.04176291298,7.06867463626,0.610987406889,0.0257104165334,4273.58016276,-40.2318466568,669.355844195,0.997015429953,0.0947945089189,0.60413627434,319.31610865,2035.03817275
216.5,0.553571428571,882,-30.7322085365,103.582759604,32.7696196137,13697700.9985,0.874774075973,7.06867463626,0.594813783156,0.0249899752476,4159.81812875,258.95437382,585.907433354,0.997268298398,0.0906097377791,0.588402762497,305.038895026,1980.86577559
217,0.553571428571,882,-21.08688424,116.159191751,32.771262278,13698387.6322,0.757029403664,7.06867463626,0.583437204089,0.0244586529885,4081.87582392,482.991929989,389.339051969,0.997484651522,0.0877428326884,0.57732000843,295.417035567,1943.75039235
217.5,0.553571428571,882,-6.74962871431,122.915080316,32.780758387,13702357.0058,0.709037965646,7.06867463626,0.578832142961,0.0242420918586,4052.48760211,600.117303233,123.061190887,0.997630296175,0.0865935757843,0.572831459834,291.71664658,1929.75600101
218,0.553571428571,882,9.08945104432,122.347208221,32.7993451691,13710126.2807,0.738840626042,7.06867463626,0.58177845804,0.0243765762182,4077.42925835,595.405711523,-167.306897998,0.997688040221,0.0873229267567,0.575704002219,294.507375078,1941.63298017
218.5,0.553571428571,882,22.9060850625,114.581929686,32.8330038913,13724195.6266,0.842993264621,7.06867463626,0.591936774794,0.0248465644914,4156.05110308,466.620283128,-434.808985038,0.997652290979,0.0898687791564,0.58560233918,303.715966374,1979.07195385
219,0.553571428571,882,31.6260070857,101.347055821,32.8700429749,13739677.9635,0.918114785638,7.06867463626,0.599201886444,0.0251855499884,4215.75259195,220.315068315,-614.052316418,0.997524521794,0.0917155350158,0.592676533434,310.656891844,2007.50123426
219.5,0.553571428571,882,33.3089933242,85.5874085018,32.9070781375,13755158.6615,1.04834560484,7.06867463626,0.611891836987,0.0257232391073,4313.21797191,-88.9705925645,-671.605534969,0.997429608981,0.0950290859157,0.60501469241,322.606223939,2053.91331996
220,0.553571428571,882,27.5805713996,70.8095836087,32.933633716,13766258.8933,1.16600385895,7.06867463626,0.623414521789,0.0259524282727,4399.74582931,-401.038856573,-576.375238148,0.997259532006,0.0983343362576,0.616157084536,334.365944663,2095.11706157
220.5,0.553571428571,882,15.7153422163,60.3017169011,32.9381349088,13768140.3919,1.2858067504,7.06867463626,0.635151709963,0.0261857950255,4481.93464437,-642.352551241,-339.911574439,0.997099771678,0.101748154315,0.627495580561,346.068518022,2134.25459256
221,0.553571428571,882,0.353375246556,56.4018582964,32.9040849557,13753907.5115,1.3777982103,7.06867463626,0.644131880099,0.026364987264,4534.44842573,-744.070157014,-7.82590827522,0.996931078046,0.10439541636,0.636162391655,354.338719601,2159.26115511
221.5,0.553571428571,882,-15.0872193828,59.9777447333,32.8474286418,13730225.1723,1.35371040947,7.06867463626,0.641666236946,0.0263180660937,4501.93653869,-658.027248943,330.681402062,0.99679738195,0.103676480711,0.633781813865,350.687711152,2143.77930414
222,0.553571428571,882,-27.1708365195,70.233724609,32.8031167228,13711702.7901,1.24098979704,7.06867463626,0.630554683366,0.0260984950718,4413.79541512,-418.515238662,575.293468579,0.996832741404,0.100424262932,0.623053214079,338.771148642,2101.80734053
222.5,0.553571428571,882,-33.2088143414,84.8877940144,32.7824905555,13703081.0522,1.09001678418,7.06867463626,0.615742021462,0.0258044113369,4306.9487215,-103.503285545,672.355809422,0.996994899873,0.0961489043056,0.608735979583,323.940892323,2050.92796262
223,0.553571428571,882,-31.8576742966,100.67935337,32.7687876847,13697353.2522,0.883107577109,7.06867463626,0.59558929644,0.0250275801308,4164.94372682,204.037705369,608.666698854,0.997203615687,0.0908086380297,0.589157687771,305.69297341,1983.30653658
223.5,0.553571428571,882,-23.4180514196,114.094706218,32.7695673196,13697679.1396,0.771231118126,7.06867463626,0.584818778962,0.0245227381556,4090.97256687,446.577981687,434.0366736,0.997474128119,0.0880879888077,0.578666462775,296.548446887,1948.0821747
224,0.553571428571,882,-9.76780161783,122.148873255,32.7779989515,13701203.5617,0.707036054489,7.06867463626,0.578626479289,0.0242330582443,4050.38655129,585.7080716,177.955855685,0.997613029349,0.0865432132542,0.572630872278,291.497903249,1928.75550061
224.5,0.553571428571,882,6.0558301274,123.049764318,32.7943520216,13708039.145,0.729732032884,7.06867463626,0.580889605505,0.0243354737361,4070.05310106,606.613057462,-111.151946311,0.997690428708,0.0871019176635,0.57483754662,293.672560749,1938.12052432
225,0.553571428571,882,20.5320110985,116.596926895,32.8278486576,13722040.7389,0.830679529736,7.06867463626,0.590739807124,0.0247909988229,4146.4740693,503.01428157,-388.311583994,0.997663255162,0.0895666742468,0.584436415881,302.599940848,1974.51146157
225.5,0.553571428571,882,30.4397227323,104.226147756,32.8625843778,13736560.2699,0.906137513863,7.06867463626,0.598040654715,0.0251315026079,4205.80206037,275.198513401,-588.842924159,0.997539858481,0.0914192760002,0.591546053229,309.51289765,2002.76288589
226,0.553571428571,882,33.5744524467,88.6899836242,32.8979098848,13751326.3318,1.00537642071,7.06867463626,0.607680636644,0.0255793176907,4281.69601624,-26.0831065412,-668.484788768,0.997444897538,0.0938919621461,0.600927913389,318.568311346,2038.90286488
226.5,0.553571428571,882,29.2387080909,73.4453043164,32.9297591523,13764639.3256,1.15014334493,7.06867463626,0.621882659646,0.0259215332199,4388.14229654,-344.314803729,-608.124741768,0.997316428746,0.0978903367752,0.61467670382,332.777899695,2089.59156978
227,0.553571428571,882,18.3972132397,61.8841229016,32.9413297619,13769475.8405,1.27564792924,7.06867463626,0.634161886371,0.0261660064288,4475.976821,-606.50916042,-396.860404426,0.997121647947,0.101457910214,0.626539903336,345.148278062,2131.41753381
227.5,0.553571428571,882,3.46225164649,56.5788567889,32.9135091115,13757846.8086,1.36719888627,7.06867463626,0.643094177369,0.0263443406017,4529.90589846,-738.396109403,-76.4938868008,0.996945619956,0.104088358751,0.635161206955,353.498911627,2157.09804689
228,0.553571428571,882,-12.2430772726,58.7099527182,32.856739044,13734116.9204,1.35993496147,7.06867463626,0.642291109171,0.0263301910389,4508.77605812,-687.415471089,268.969894968,0.996812971905,0.103859589873,0.634385004136,351.506261348,2147.03621815
228.5,0.553571428571,882,-25.224263737,67.8032317909,32.8091110329,13714208.4118,1.27477869581,7.06867463626,0.633886487617,0.0261643132294,4438.2143163,-474.692357846,539.437323282,0.996823628067,0.101394874963,0.626271290896,342.170430127,2113.43538872
229,0.553571428571,882,-32.5929325144,81.8353965122,32.7843346302,13703851.8754,1.11502467467,7.06867463626,0.618182865417,0.0258531247705,4324.13476662,-166.525947549,664.768225236,0.996946862177,0.0968493042079,0.611096270182,326.337361607,2059.11179363
229.5,0.553571428571,882,-32.7095200373,97.6842240293,32.7721782051,13698770.4897,0.930638886643,7.06867463626,0.600212181623,0.025242064933,4197.62965299,148.747844551,633.176568426,0.997169708667,0.091986159112,0.593658463548,309.720995089,1998.87126333
230,0.553571428571,882,-25.5480850317,111.823275446,32.7647542588,13695667.2802,0.756831295156,7.06867463626,0.583376264348,0.0244577590248,4079.83296319,402.716723014,471.452651941,0.997413559011,0.0877300420457,0.577260329058,295.256666858,1942.77760152
230.5,0.553571428571,882,-12.7020805734,121.106545117,32.7734580326,13699305.4576,0.690247451182,7.06867463626,0.576995866679,0.0241572997538,4038.02184062,563.917285642,230.27059971,0.997630536461,0.086139338246,0.571040996517,290.057174025,1922.86754315
231,0.553571428571,882,2.97019673958,123.468461741,32.7895775792,13706043.4281,0.718168945846,7.06867463626,0.579771068434,0.0242832953622,4061.15016284,612.157111772,-54.3265797978,0.997710395593,0.0868236303891,0.573747180763,292.649057613,1933.88102992
231.5,0.553571428571,882,17.9815912649,118.383487728,32.8205632944,13718995.457,0.805190475535,7.06867463626,0.588256833079,0.0246759795902,4127.47950591,532.821644317,-337.554747224,0.99767712549,0.0889419147941,0.582017475189,300.355840371,1965.46643138
232,0.553571428571,882,28.9919968986,106.983053784,32.8563242296,13733943.528,0.885889242348,7.06867463626,0.596080802565,0.0250401323816,4190.63836301,326.611484519,-557.562807408,0.997571407805,0.0909201519886,0.589637903614,307.70577652,1995.54207762
232.5,0.553571428571,882,33.551546441,91.8038102494,32.8910150184,13748444.2777,0.988093168398,7.06867463626,0.606007462407,0.025501327099,4268.3077121,35.7346164223,-664.677253534,0.997470609116,0.0934600824542,0.599300071054,316.970070969,2032.52748195
233,0.553571428571,882,30.6457186076,76.223210424,32.9243423937,13762375.1206,1.11724032244,7.06867463626,0.618645049076,0.0258574406807,4364.35933346,-283.721840252,-631.123792027,0.997339096739,0.0969600791929,0.611546438978,329.507061059,2078.26634927
233.5,0.553571428571,882,20.9210738007,63.7080112767,32.9411984809,13769420.965,1.25907309269,7.06867463626,0.632552756453,0.0261337199311,4464.84155859,-564.523565541,-449.20296069,0.997166691876,0.100986259046,0.624986189046,343.541036158,2126.1150279
234,0.553571428571,882,6.54139136966,57.0429036633,32.9220785925,13761428.8517,1.35183647421,7.06867463626,0.641591745219,0.026314415813,4521.92055629,-725.414824467,-143.981806641,0.996969251442,0.103644301222,0.633711507578,352.174144011,2153.29550299
234.5,0.553571428571,882,-9.29378150274,57.7109054729,32.8676579539,13738681.0247,1.37047296063,7.06867463626,0.643346538505,0.026350718245,4519.01829176,-711.952597747,204.921568123,0.996835481759,0.10416939279,0.635403703613,352.789129915,2151.91347227
235,0.553571428571,882,-23.0610441437,65.5633831514,32.8144467153,13716438.727,1.30106282482,7.06867463626,0.63647288167,0.0262155126768,4457.36209772,-526.663772573,497.017102795,0.996808161417,0.102151472613,0.628768684692,344.835801674,2122.55337986
235.5,0.553571428571,882,-31.697115663,78.8531233682,32.7867632728,13704867.048,1.13694621911,7.06867463626,0.62032501723,0.0258958262411,4339.43265377,-228.833004937,650.70660281,0.996909156702,0.0974654778787,0.613167351903,328.462241033,2066.39650179
236,0.553571428571,882,-33.2804294036,94.6230962254,32.7745986386,13699782.2309,0.972696139094,7.06867463626,0.604302436001,0.0254318480794,4226.40208773,90.5249654171,651.664939248,0.997139769574,0.0930343029681,0.597639382508,313.296409175,2012.57242273
236.5,0.553571428571,882,-27.4586905883,109.364408361,32.7659820083,13696180.4795,0.782929678426,7.06867463626,0.585894389482,0.0245755278519,4097.4829709,359.938193378,510.391606013,0.997359186123,0.0883608246769,0.579714202739,297.401861532,1951.18236709
237,0.553571428571,882,-15.5272635698,119.797048277,32.773343111,13699257.4204,0.709280945175,7.06867463626,0.578837582223,0.0242431883026,4050.6910362,543.037671263,282.977326197,0.997598744314,0.0865959660841,0.572836641139,291.592732924,1928.90049343
237.5,0.553571428571,882,-0.140947151055,123.599704372,32.7841309422,13703766.7338,0.701000070468,7.06867463626,0.578079881645,0.0242058208959,4048.1331091,611.394524149,2.56473436178,0.997687750212,0.086405457616,0.572098215538,291.142811199,1927.68243291
238,0.553571428571,882,15.2767306738,119.926267725,32.8120586459,13715440.514,0.764929663924,7.06867463626,0.584333923648,0.0244943028743,4098.24580635,555.288844289,-283.463283777,0.997697620466,0.0879593215755,0.578194831305,296.883714014,1951.54562207
238.5,0.553571428571,882,27.2952638497,109.594095319,32.8475872305,13730291.4623,0.8497843684,7.06867463626,0.59258172628,0.0248772093141,4164.20530724,372.949376756,-519.531597422,0.997620700943,0.0900326757654,0.586230411322,304.540216373,1982.95490821
239,0.553571428571,882,33.2404720429,94.9021442622,32.8875853592,13747010.6802,0.98641471297,7.06867463626,0.605871043513,0.0254937530771,4266.47391149,97.0560876375,-658.118161182,0.997516036923,0.0934232892722,0.599167540705,316.779213163,2031.65424356
239.5,0.553571428571,882,31.7895183813,79.1194429792,32.916599233,13759138.4794,1.07204532032,7.06867463626,0.614179861525,0.0257694043173,4331.49975838,-221.024739284,-645.763815103,0.997341291505,0.0956846506186,0.607227644412,325.019741341,2062.61893256
240,0.553571428571,882,23.2652469003,65.7577169667,32.9406038285,13769172.4003,1.23172889104,7.06867463626,0.629889457311,0.0260804555443,4446.30558281,-516.485786939,-495.669873053,0.997227819976,0.100208412729,0.62241400419,340.882604979,2117.28837277
240.5,0.553571428571,882,9.56434822093,57.7900133016,32.9286028112,13764155.9751,1.3281153222,7.06867463626,0.639273129778,0.0262682088463,4507.74002449,-704.571505339,-209.213598463,0.997007981106,0.102960432926,0.631473912766,349.989094717,2146.5428688
241,0.553571428571,882,-6.2646630612,56.9891836404,32.8797811049,13743748.5019,1.37976029495,7.06867463626,0.644286260531,0.0263688092529,4528.80849558,-730.328008168,138.598780639,0.996870039979,0.104444672855,0.636310780926,353.98240393,2156.57547409
241.5,0.553571428571,882,-20.6997572562,63.5334163607,32.8249136073,13720813.8878,1.3265359428,7.06867463626,0.638980239603,0.0262651323375,4477.37641412,-574.888339536,449.625431072,0.996794490719,0.102887086353,0.631189235682,347.540640604,2132.08400672
242,0.553571428571,882,-30.5290578024,75.9665888074,32.7905793639,13706462.1741,1.18281697962,7.06867463626,0.624833304768,0.0259851789295,4371.29066044,-291.999854268,635.232610724,0.99687233232,0.0987651303631,0.617525171386,332.919601953,2081.56698116
242.5,0.553571428571,882,-33.5654989546,91.5222614527,32.7759881445,13700363.0444,0.98875623272,7.06867463626,0.605832768521,0.0255043191735,4237.29037538,29.9367345068,660.097796627,0.997076465215,0.0934299304337,0.599128251553,314.655377545,2017.75732161
243,0.553571428571,882,-29.1334582308,106.739223743,32.7673279949,13696743.1019,0.823352689048,7.06867463626,0.589831502108,0.02475793649,4124.93514682,314.649073808,547.624895277,0.997338229386,0.08934937606,0.583550208033,300.753801866,1964.25483182
243.5,0.553571428571,882,-18.2190856021,118.231629776,32.7716299731,13698541.3288,0.731222612665,7.06867463626,0.580952898333,0.02434219997,4064.84739557,517.58210586,334.018006312,0.997548954557,0.0871223648634,0.574898692225,293.334595254,1935.64161694
244,0.553571428571,882,-3.25088047114,123.442364991,32.7812756342,13702573.2151,0.701304666961,7.06867463626,0.578094419889,0.0242071953861,4047.52757399,608.456940135,59.1471561528,0.997661463223,0.0864099204156,0.572112289912,291.107134466,1927.39408285
244.5,0.553571428571,882,12.440660902,121.212016217,32.803661109,13711930.3436,0.740867998495,7.06867463626,0.581981983493,0.0243857247265,4079.90813242,574.992896633,-229.183901429,0.997697257897,0.0873732438779,0.575902430048,294.754631748,1942.81339639
245,0.553571428571,882,25.3640965306,112.03684658,32.8398099095,13727040.5422,0.834772858277,7.06867463626,0.591131920076,0.0248094699479,4152.20784489,417.537733949,-480.579984559,0.99764984602,0.0896659285201,0.584818329051,303.156067225,1977.2418309
245.5,0.553571428571,882,32.6439010161,97.9583746113,32.8791411236,13743480.9896,0.956059399775,7.06867463626,0.602916049668,0.0253567748745,4243.8176401,156.204854727,-640.725784472,0.997534767156,0.0926641311737,0.596291948439,314.043733514,2020.8655429
246,0.553571428571,882,32.6602835149,82.1091267449,32.9138227791,13757977.9216,1.06738375745,7.06867463626,0.613743467675,0.0257603239539,4327.76036138,-160.054338594,-662.464078087,0.997380782301,0.0955582456702,0.606805784488,324.535616617,2060.83826732
246.5,0.553571428571,882,25.4095988438,68.0156354061,32.9364560508,13767438.6292,1.19264913415,7.06867463626,0.626031634967,0.0260043312049,4418.56387142,-463.039981535,-535.183090199,0.997234076107,0.0990907868099,0.618686390015,336.995853254,2104.07803401
247,0.553571428571,882,12.5051585501,58.8137689094,32.9341823121,13766488.2065,1.31063747567,7.06867463626,0.637581441612,0.026234163355,4497.60941036,-679.099266448,-272.307479974,0.997062780294,0.102461105081,0.629841287914,348.409791219,2141.71876684
247.5,0.553571428571,882,-3.18173851905,56.5509859638,32.8913287058,13748575.399,1.37958717926,7.06867463626,0.644285516276,0.0263684720369,4531.98672102,-740.530186055,70.440743483,0.99689534805,0.104442930053,0.636310299432,354.225178776,2158.08891477
248,0.553571428571,882,-18.1606837566,61.7307664502,32.8339774838,13724602.5882,1.34009037203,7.06867463626,0.640319231403,0.0262915353158,4489.02280286,-616.731822166,396.200044308,0.99679474588,0.103280366253,0.632481722171,349.061786103,2137.62990612
248.5,0.553571428571,882,-29.098791178,73.2005847728,32.7970933707,13709185.029,1.22298108866,7.06867463626,0.62878836098,0.0260634155028,4400.09156726,-353.747302654,612.736738183,0.996852624316,0.0999103999383,0.621346937319,336.913920271,2095.2816987
249,0.553571428571,882,-33.5622802773,88.4083522413,32.7776118444,13701041.751,1.02413877673,7.06867463626,0.609254500568,0.0256639827307,4261.2551635,-31.6007212423,666.348604778,0.99702030403,0.0943143670283,0.602457041327,317.665474108,2029.16912548
249.5,0.553571428571,882,-30.5580036715,103.970268845,32.7682057344,13697109.997,0.857252026042,7.06867463626,0.59311586311,0.0249109070828,4147.77039893,265.053918261,579.768270532,0.997291679836,0.0901792416957,0.586749252007,303.563427383,1975.12876139
250,0.553571428571,882,-20.7544270793,116.423734721,32.7691376295,13697499.5291,0.745910635939,7.06867463626,0.582363578264,0.0244084796034,4073.94926518,486.321876805,381.979763109,0.997506684916,0.087474610717,0.576273636084,294.475785161,1939.97584056
250.5,0.553571428571,882,-6.3328925447,122.997794957,32.7784369634,13701386.6507,0.700644425712,7.06867463626,0.578019633428,0.0242042160507,4046.31033966,600.139888975,115.178042461,0.997643757503,0.0863920004922,0.572039301931,290.996360094,1926.81444746
251,0.553571428571,882,9.49774045902,122.229690135,32.7985656699,13709800.45,0.734704184747,7.06867463626,0.581380005481,0.0243579105471,4074.48494774,592.539089535,-174.61484925,0.997698043751,0.087223520109,0.575315631735,294.158131616,1940.2309275
251.5,0.553571428571,882,23.2150814012,114.290327201,32.8327733987,13724099.2806,0.835680126583,7.06867463626,0.591224992099,0.0248135639917,4151.07231895,460.156803202,-439.787309379,0.997657274256,0.089689123766,0.584909023112,303.104556406,1976.70110426
252,0.553571428571,882,31.7669572053,100.946251866,32.8705876318,13739905.6301,0.917875892329,7.06867463626,0.599184017288,0.0251844719835,4215.76884681,212.528758255,-616.776596322,0.997533637757,0.091710649537,0.592659177744,310.650638567,2007.50897467
252.5,0.553571428571,882,33.250535158,85.1665838475,32.9081393818,13755602.2616,1.05076080603,7.06867463626,0.612130736049,0.0257279437322,4315.14422589,-97.5315056749,-670.948798141,0.997429914498,0.095096935291,0.605245849224,322.857383174,2054.83058376
253,0.553571428571,882,27.3357121655,70.4623737264,32.9332545241,13766100.3911,1.16368966494,7.06867463626,0.62318381972,0.025947920402,4398.05194168,-408.010280653,-570.86011557,0.997256311052,0.0982680740724,0.615934049515,334.132939132,2094.31044842
253.5,0.553571428571,882,15.3385642491,60.1053776278,32.937660584,13767942.1241,1.2864120831,7.06867463626,0.635213557211,0.0261869741668,4482.23232989,-646.694232402,-331.810882562,0.997102970257,0.101766034912,0.627555332237,346.119365202,2134.39634757
254,0.553571428571,882,-0.0714865785548,56.4000760467,32.9030224629,13753463.3895,1.38339467383,7.06867463626,0.644684180802,0.0263758887414,4537.95369598,-745.224512475,1.58552592934,0.996930210145,0.104558582459,0.63669528294,354.869618639,2160.93033142
254.5,0.553571428571,882,-15.4656313052,60.1709160662,32.8446461286,13729062.0817,1.34637934228,7.06867463626,0.640936809116,0.0263037857427,4496.17350561,-652.332187142,338.217865396,0.996789130894,0.103462306265,0.63307774689,349.903973498,2141.03500267
255,0.553571428571,882,-27.4186001011,70.5788679914,32.8021065847,13711280.5524,1.23997743737,7.06867463626,0.630461459407,0.0260965230736,4412.88630495,-411.068697305,580.343525832,0.996843453412,0.100396560171,0.622963250136,338.656838024,2101.37443093
255.5,0.553571428571,882,-33.2708010165,85.3081134155,32.7812682227,13702570.1171,1.07716153104,7.06867463626,0.614472881267,0.0257793702995,4297.94234591,-94.628591871,671.024116615,0.996996331631,0.0957868313601,0.607508337954,322.696945605,2046.63921234
256,0.553571428571,882,-31.7200917375,101.08132574,32.7683253998,13697160.0171,0.876071155268,7.06867463626,0.59491225127,0.0249958283115,4160.16598152,211.310128862,604.871369142,0.997220943182,0.0906363766867,0.588498449756,305.104474047,1981.03141977
256.5,0.553571428571,882,-23.1115123948,114.388890808,32.7682296772,13697120.0051,0.767352638743,7.06867463626,0.584444998009,0.0245052365364,4088.06373776,451.513031044,427.864846158,0.99748301547,0.0879943361283,0.57830222127,296.208981117,1946.69701798
257,0.553571428571,882,-9.36051250648,122.269812606,32.7755692749,13700187.9569,0.698091324327,7.06867463626,0.577755052896,0.0241926951931,4043.77716625,586.358478025,170.085148429,0.997617753045,0.0863274108588,0.571781221957,290.727924671,1925.60817441
257.5,0.553571428571,882,6.47324557641,122.970548854,32.7936977125,13707765.6438,0.72667859794,7.06867463626,0.580597371254,0.0243216951258,4067.87397482,604.628263912,-118.709192623,0.997701080931,0.0870289867734,0.574552702389,293.414958469,1937.08284515
258,0.553571428571,882,20.8666759784,116.33518243,32.8250825965,13720884.5253,0.814643139722,7.06867463626,0.589174669474,0.0247186346912,4134.9593689,495.790112433,-392.839186022,0.997666923121,0.0891727813135,0.582911671803,301.218410773,1969.02827091
258.5,0.553571428571,882,30.6171725285,103.840113669,32.8627184421,13736616.3088,0.906756817711,7.06867463626,0.598113094079,0.0251342972135,4206.33844872,267.784914324,-592.395201271,0.997559738662,0.0914369889177,0.591616669189,309.575393075,2003.01830891
259,0.553571428571,882,33.5552037422,88.2655543201,32.8991043685,13751825.626,1.01095692902,7.06867463626,0.608225442635,0.0256044997072,4285.78380797,-34.5879217491,-669.15025057,0.997444108471,0.0940325150494,0.601457949974,319.068365412,2040.84943237
259.5,0.553571428571,882,29.0270438134,73.0769173182,32.9306752407,13765022.2506,1.14846638637,7.06867463626,0.621712353411,0.0259182666346,4387.21053701,-351.821752127,-603.456569084,0.997309082997,0.0978417870533,0.614511994704,332.631361547,2089.14787477
260,0.553571428571,882,18.0402296895,61.6537460544,32.9415331658,13769560.8633,1.2766626868,7.06867463626,0.63426361847,0.0261679830979,4476.73412114,-611.664445283,-389.277789826,0.997123954743,0.101487460203,0.626638170298,345.253067418,2131.77815292
260.5,0.553571428571,882,3.03937934772,56.5377500281,32.9126575814,13757490.869,1.3694155262,7.06867463626,0.643312221351,0.0263486584446,4531.1719348,-739.723386095,-67.1891455181,0.996944169358,0.104152750726,0.635371600292,353.699293606,2157.70092133
261,0.553571428571,882,-12.6377472384,58.8672624921,32.8552770392,13733505.8024,1.36048625021,7.06867463626,0.642343464908,0.0263312649067,4508.73367368,-684.001504643,277.657501983,0.996809715575,0.103875210643,0.634435499508,351.527843367,2147.01603509
261.5,0.553571428571,882,-25.5029154404,68.1239559325,32.8072196327,13713417.8065,1.26018542411,7.06867463626,0.632444494152,0.0261358866665,4427.83406498,-465.8406153,543.073225857,0.996822820124,0.100974601181,0.624878590345,340.712873947,2108.4924119
262,0.553571428571,882,-32.6935646368,82.248172387,32.7830687677,13703322.7449,1.10477056839,7.06867463626,0.617182750262,0.0258331505657,4316.95857567,-157.625746563,664.791297088,0.996967669213,0.0965620057964,0.610129230513,325.34417313,2055.69455984
262.5,0.553571428571,882,-32.6097414566,98.0972070576,32.7716696597,13698557.9178,0.921383992553,7.06867463626,0.599316484407,0.0252003022686,4191.33466734,156.347116198,629.654027671,0.997183643562,0.0917571531404,0.592786579271,308.940334781,1995.87365111
263,0.553571428571,882,-25.270096953,112.144574956,32.765775585,13696094.1946,0.764566077893,7.06867463626,0.584138977626,0.0244926621941,4085.34178161,409.555718892,467.361091579,0.99742542566,0.0879198985861,0.578003743167,295.914078968,1945.40084839
263.5,0.553571428571,882,-12.3077366556,121.264670451,32.7723996559,13698863.0562,0.692023282074,7.06867463626,0.577163985959,0.0241653131821,4038.91994884,567.022585491,223.21567953,0.997621143091,0.086181183798,0.57120489547,290.179337794,1923.29521373
264,0.553571428571,882,3.39315311426,123.428229267,32.7890750513,13705833.3714,0.715587848982,7.06867463626,0.579517571434,0.0242716481752,4059.27633199,610.960356644,-62.015909376,0.997708288952,0.0867608433495,0.573500030137,292.428463026,1932.98872952
264.5,0.553571428571,882,18.3390503077,118.15384936,32.8202648735,13718870.7171,0.801915696844,7.06867463626,0.587938590957,0.0246612021673,4125.2056327,528.026057265,-343.949287501,0.997680214224,0.0888619514688,0.581707413749,300.080348093,1964.38363462
265,0.553571428571,882,29.2044222859,106.615105144,32.8550846644,13733425.3897,0.883826192305,7.06867463626,0.595881600295,0.0250308228783,4188.94377891,319.333013562,-561.292636851,0.99757544195,0.090869467212,0.589443944402,307.511037257,1994.73513281
265.5,0.553571428571,882,33.571672522,91.3794216448,32.8912968449,13748562.0812,0.985530834853,7.06867463626,0.605758668304,0.0254897645814,4266.65672105,27.3089399894,-664.631292197,0.997473219325,0.0933959942458,0.59905799434,316.758143884,2031.74129574
266,0.553571428571,882,30.4690672344,75.8368103215,32.9252523556,13762755.4847,1.1205388167,7.06867463626,0.618973112335,0.0258638658921,4366.86494754,-291.977705066,-628.127457765,0.997342446802,0.0970538643521,0.611863710941,329.84401022,2079.45949883
266.5,0.553571428571,882,20.5869507371,63.4455755222,32.941581398,13769581.0244,1.25648281814,7.06867463626,0.632293958369,0.0261286742769,4463.15927386,-569.747686691,-441.710479108,0.997162196867,0.100911166494,0.624736179428,343.293562799,2125.31393993
267,0.553571428571,882,6.1241405738,56.9628254502,32.9213219504,13761112.5753,1.35473004801,7.06867463626,0.641879976645,0.0263200522706,4523.69778431,-727.7377904,-134.901624912,0.996972933915,0.103728938965,0.633989713474,352.445534616,2154.14180205
267.5,0.553571428571,882,-9.70131976027,57.8310025815,32.865759183,13737887.3385,1.3702409195,7.06867463626,0.643320886657,0.0263502662468,4518.31987387,-709.172797403,213.867780317,0.996831249697,0.104162079759,0.635378911266,352.723605615,2151.58089232
268,0.553571428571,882,-23.3681906779,65.8569334085,32.8130994132,13715875.5547,1.29640420078,7.06867463626,0.636012941129,0.026206438038,4453.84814416,-519.60894121,502.932002034,0.996808502499,0.10201689761,0.628324590701,344.353233996,2120.88006865
268.5,0.553571428571,882,-31.8355289209,79.2548104565,32.7855828784,13704373.6432,1.12384449784,7.06867463626,0.619034919505,0.0258703051029,4330.29301909,-219.732696798,651.017517696,0.996915861212,0.0970950800745,0.611919969994,327.190426426,2062.0442948
269,0.553571428571,882,-33.2193117823,95.0435428726,32.7744294739,13699711.5201,0.970167897332,7.06867463626,0.60406632441,0.0254204394008,4224.73413047,98.6916862547,650.033117356,0.997157687463,0.0929730352183,0.597409690035,313.086855798,2011.77815736
269.5,0.553571428571,882,-27.2116410469,109.710063205,32.7668790376,13696555.4377,0.794409276741,7.06867463626,0.587017932903,0.0246273294833,4105.44620467,367.549253578,507.437152866,0.997362475445,0.0886420537866,0.580809043669,298.364748817,1954.97438318
270,0.553571428571,882,-15.1492517968,119.991001484,32.772216936,13698786.6792,0.707229709141,7.06867463626,0.578628957181,0.02423393211,4048.97401588,546.211660979,275.90602438,0.997584672472,0.0865447633525,0.572633178824,291.400291531,1928.0828647
270.5,0.553571428571,882,0.283917450617,123.598800438,32.7838247689,13703638.7534,0.699870013963,7.06867463626,0.577970851631,0.0242007215214,4047.30534067,611.1752344,-5.16456873962,0.997690197728,0.0863784036251,0.571991915716,291.046216618,1927.28825746
271,0.553571428571,882,15.6539137258,119.730707779,32.8124949125,13715622.8734,0.764471933649,7.06867463626,0.584289973774,0.0244922373687,4098.05121199,551.605765574,-290.433350226,0.997698965272,0.0879483061018,0.578152003021,296.854427909,1951.45295809
271.5,0.553571428571,882,27.5408403435,109.247392373,32.8482596593,13730572.5376,0.858389360669,7.06867463626,0.593423023558,0.0249160392997,4170.1966138,367.230203648,-525.464863593,0.997621257569,0.0902452185515,0.587049822785,305.271651577,1985.80791133
272,0.553571428571,882,33.2998000499,94.481441357,32.8878326364,13747114.042,0.985529489594,7.06867463626,0.60577799407,0.0254897585109,4265.8929822,88.7057073339,-659.13666657,0.997505258584,0.0933997633108,0.599076948398,316.704203908,2031.37761057
272.5,0.553571428571,882,31.6493971402,78.7183484958,32.9179366083,13759697.5023,1.07914531257,7.06867463626,0.614882255623,0.0257832345523,4336.69906674,-229.670367298,-644.314235663,0.99734244856,0.0958847440483,0.607907130508,325.725881126,2065.09479368
273,0.553571428571,882,22.9568540482,65.4654763199,32.9408206461,13769263.0301,1.23369228716,7.06867463626,0.63007744288,0.0260842800878,4447.66090873,-523.006429441,-489.374989444,0.997218273787,0.100263533387,0.622595532884,341.074600843,2117.93376606
273.5,0.553571428571,882,9.15630262244,57.6716514142,32.9279554154,13763885.3637,1.33080419378,7.06867463626,0.639537000774,0.0262734465598,4509.3807847,-707.665988003,-200.43102185,0.997005210817,0.103038068739,0.631728601334,350.239226665,2147.32418319
274,0.553571428571,882,-6.68156933531,57.0710365906,32.8783078222,13743132.6697,1.38321781868,7.06867463626,0.644625275284,0.0263755442413,4530.73027095,-729.151835398,147.951166382,0.996866134836,0.104545040904,0.636637847832,354.290817519,2157.49060522
274.5,0.553571428571,882,-21.032760593,63.7972714811,32.8242002353,13720515.6984,1.32574841202,7.06867463626,0.638899183721,0.0262635982886,4476.62646263,-569.002406576,456.734549064,0.996789391844,0.102863599373,0.631110943875,347.446201972,2131.72688697
275,0.553571428571,882,-30.7040633884,76.3537370887,32.7889792773,13705793.3379,1.17160413097,7.06867463626,0.623726393063,0.0259633371688,4363.29142901,-282.998646535,636.746370675,0.996873474957,0.098445816928,0.616455293927,331.810868221,2077.75782334
275.5,0.553571428571,882,-33.5435672212,91.9465605758,32.7756658591,13700228.3291,0.988208061331,7.06867463626,0.605788676453,0.0255018455528,4236.9041321,38.2753454229,659.569313204,0.997092021842,0.0934180045087,0.599085420519,314.609025977,2017.57339624
276,0.553571428571,882,-28.9194690923,107.106265151,32.7700749604,13697891.3334,0.849889246599,7.06867463626,0.592424612376,0.0248776825765,4143.48510062,323.954738203,547.670631548,0.997338946461,0.0900029417939,0.58607618183,303.004528776,1973.08814315
276.5,0.553571428571,882,-17.8606526512,118.459745025,32.7719894629,13698691.5955,0.736763916864,7.06867463626,0.581475146304,0.0243672050782,4068.53532371,522.559667427,327.945900476,0.997515905739,0.0872532688263,0.575407658562,293.781784467,1937.3977732
277,0.553571428571,882,-2.82775673059,123.48079736,32.7809342926,13702430.5343,0.696762899101,7.06867463626,0.577646672953,0.0241867006808,4044.35450361,608.364334004,51.3818808323,0.99765479371,0.086299391942,0.571675686219,290.728719491,1925.88309696
277.5,0.553571428571,882,12.8343284037,121.052214324,32.804303102,13712198.6966,0.737805326104,7.06867463626,0.581685795125,0.0243719044323,4078.02251311,571.5878502,-236.245509079,0.997702660191,0.0872993920354,0.575613733441,294.51701923,1941.91548244
278,0.553571428571,882,25.6407149171,111.7143671,32.8406754039,13727402.3188,0.838533181867,7.06867463626,0.591501616831,0.0248264383898,4154.98382918,411.876333352,-486.350976572,0.997653538882,0.0897589862873,0.585178467766,303.486687103,1978.56372818
278.5,0.553571428571,882,32.7419213912,97.5449707495,32.8800348177,13743854.5538,0.958881150009,7.06867463626,0.60318896382,0.0253695080086,4245.93868651,148.21075076,-643.170783802,0.997530083977,0.0927342249819,0.596557542512,314.298370516,2021.87556501
279,0.553571428571,882,32.5578958828,81.6967828112,32.9144325101,13758232.7892,1.06729714565,7.06867463626,0.613732658646,0.0257601552409,4327.8459156,-168.419271485,-660.391867511,0.997377127474,0.0955553660715,0.606795298187,324.537860745,2060.87900743
279.5,0.553571428571,882,25.1295849357,67.6960998711,32.9373650814,13767818.604,1.20156703305,7.06867463626,0.626912954764,0.0260217025812,4424.89079338,-471.003983583,-530.675556386,0.99723419226,0.0993455683734,0.619538085916,337.880984661,2107.09085399
280,0.553571428571,882,12.1098227816,58.6581399372,32.933266645,13766105.4576,1.3049327547,7.06867463626,0.637009857822,0.0262230510005,4493.41804895,-681.340157125,-263.255229276,0.997050332409,0.102294441539,0.62928932503,347.823724953,2139.72288045
280.5,0.553571428571,882,-3.60443207431,56.5938917349,32.8901194145,13748069.9153,1.38510331766,7.06867463626,0.644835748418,0.0263792170472,4535.43494231,-740.673257939,79.9167154195,0.996903580182,0.104604969541,0.636841272122,354.748659526,2159.73092491
281,0.553571428571,882,-18.5166837883,61.9626602281,32.8320024085,13723777.0068,1.33383376295,7.06867463626,0.639696017843,0.0262793479259,4484.21326965,-610.517564876,403.203755706,0.996786609092,0.103097718389,0.631880099255,348.402563064,2135.33965221
281.5,0.553571428571,882,-29.3088859996,73.5698690979,32.7967906094,13709058.4747,1.21600454539,7.06867463626,0.628104956383,0.0260498257369,4395.33496835,-345.277127188,615.922540078,0.996861731167,0.0997117938148,0.620686706663,336.237980569,2093.01665159
282,0.553571428571,882,-33.5797227997,88.832859609,32.7764929153,13700574.0386,1.0141871822,7.06867463626,0.608288497921,0.025619076209,4254.31803946,-23.1095404267,664.883134517,0.997030108466,0.0940644852156,0.601517336732,316.802202797,2025.86573307
282.5,0.553571428571,882,-30.3789128513,104.355544364,32.7704379189,13698043.0501,0.878743410295,7.06867463626,0.595223369544,0.0250078868493,4162.84700414,274.010731458,579.85597205,0.997304825006,0.0907122321819,0.588801787521,305.399195759,1982.30809721
283,0.553571428571,882,-20.4186514688,116.684052769,32.770876887,13698226.5388,0.760531211362,7.06867463626,0.583776457766,0.0244744548786,4084.11746324,493.147152684,377.356465321,0.997479642679,0.0878276073742,0.577650640929,295.695504396,1944.81783964
283.5,0.553571428571,882,-5.91514380143,123.075233541,32.7781227104,13701255.2929,0.694848792173,7.06867463626,0.577442961276,0.0241780632826,4042.2549834,600.547824779,107.40141075,0.997626046196,0.0862499720209,0.57147694144,290.51239153,1924.88332543
284,0.553571428571,882,9.90451126878,122.107018805,32.7995636042,13710217.5865,0.734865197981,7.06867463626,0.581399758009,0.0243586371185,4074.86946053,590.351381735,-182.114133626,0.997704934471,0.0872281994946,0.575334913792,294.191814108,1940.41402882
284.5,0.553571428571,882,23.5203658532,113.994840907,32.8334992891,13724402.7029,0.83563747546,7.06867463626,0.591220708775,0.0248133715288,4151.22625206,454.573763199,-445.585001349,0.997657080409,0.0896880510336,0.584904849862,303.114333598,1976.77440575
285,0.553571428571,882,31.9028280687,100.543697701,32.8704273418,13739838.6289,0.912877813301,7.06867463626,0.59869562936,0.0251619181763,4212.34558651,204.433177269,-618.568237689,0.997533690858,0.0915862273034,0.592183706049,310.226158688,2005.87885072
285.5,0.553571428571,882,33.1867605246,84.7465320138,32.9090854278,13755997.7088,1.05330433854,7.06867463626,0.612386052693,0.0257328983365,4317.15404768,-106.094150089,-670.208928903,0.997436301077,0.0951691431946,0.605492934537,323.121108928,2055.78764175
286,0.553571428571,882,27.0864821921,70.1182877383,32.9327206572,13765877.2347,1.16251870929,7.06867463626,0.623065984955,0.0259456394711,4397.09583071,-415.039923216,-565.442822089,0.997252916313,0.0982343343388,0.615820114459,334.007387495,2093.85515748
286.5,0.553571428571,882,14.9593337807,59.9138182409,32.9366450909,13767517.648,1.28629858064,7.06867463626,0.635203373103,0.0261867530728,4481.88582009,-650.778372961,-323.577480729,0.997104587838,0.101762965468,0.627545512371,346.087584352,2134.2313429
287,0.553571428571,882,-0.496336973593,56.4036661285,32.9011244126,13752670.0045,1.38225203489,7.06867463626,0.644571407414,0.0263736629693,4536.65473089,-744.82145932,11.0036538629,0.996930372892,0.104525258162,0.636586474692,354.715588751,2160.31177662
287.5,0.553571428571,882,-15.8415704095,60.3688568064,32.8423162211,13728088.1804,1.33839883829,7.06867463626,0.640149628059,0.0262882403391,4490.14048546,-646.461407216,345.614876637,0.996790816622,0.10323074861,0.632317982051,349.071328361,2138.16213593
288,0.553571428571,882,-27.6619796905,70.9271166416,32.8010661431,13710845.6478,1.2346883126,7.06867463626,0.629946357034,0.0260862202683,4409.08232138,-403.067780823,584.581395351,0.996855088099,0.100246276192,0.62246573218,338.128450323,2099.56301018
288.5,0.553571428571,882,-33.3274679839,85.7291830079,32.7801351858,13702096.5077,1.06881964157,7.06867463626,0.613653350707,0.025763120945,4292.03715447,-85.9199845715,670.479568734,0.997003804829,0.0955529688789,0.606715586888,321.886832355,2043.82721641
289,0.553571428571,882,-31.5774374154,101.481526304,32.7701887016,13697938.8773,0.895939025087,7.06867463626,0.596859868262,0.0250854819771,4174.04771143,220.159378678,605.500420187,0.997232150026,0.0911301570835,0.590395018795,306.801549332,1987.64176735
289.5,0.553571428571,882,-22.8012780429,114.679175829,32.7703646836,13698012.4378,0.783019771907,7.06867463626,0.585961163641,0.0245759343983,4099.04205849,458.919007353,423.998757423,0.99745786887,0.0883741565687,0.579779673926,297.526309973,1951.92478976
290,0.553571428571,882,-8.95172673174,122.385592298,32.7754457022,13700136.3035,0.691604899744,7.06867463626,0.577110075979,0.0241634252338,4039.29840436,587.375274449,162.356856018,0.997598634085,0.0861686009549,0.571152241635,290.190906641,1923.47543065
290.5,0.553571428571,882,6.88962601054,122.886061689,32.7945591304,13708125.7165,0.726571898839,7.06867463626,0.580591426121,0.0243212136466,4068.04686295,603.098575748,-126.349079852,0.997708785387,0.0870272538268,0.57454693682,293.424530524,1937.16517283
291,0.553571428571,882,21.1980044609,116.069227201,32.8258603425,13721209.6232,0.814060413009,7.06867463626,0.58911779258,0.0247160051398,4134.76222278,490.727762382,-399.031747882,0.997667051225,0.0891584836934,0.582856259493,301.184386383,1968.9343918
291.5,0.553571428571,882,30.7897269088,103.451866669,32.8634879555,13736937.9654,0.907322889325,7.06867463626,0.598168844883,0.0251368516089,4206.92140622,260.325431946,-595.854029347,0.997560459083,0.0914511498923,0.591670952034,309.6378379,2003.29590772
292,0.553571428571,882,33.5305898567,87.8414023385,32.9002661078,13752311.2331,1.01612319532,7.06867463626,0.608729812383,0.0256278124587,4289.58313949,-43.1089177707,-669.632635443,0.99744338709,0.0941627284583,0.601948627231,319.53276733,2042.65863785
292.5,0.553571428571,882,28.8107383676,72.7112361716,32.9312563488,13765265.1538,1.15195756559,7.06867463626,0.622053120942,0.0259250671812,4389.71705931,-359.798057658,-599.582931853,0.997302270944,0.097940137864,0.614841380989,332.977474831,2090.34145681
293,0.553571428571,882,17.6803616657,61.4279015231,32.9408093385,13769258.3035,1.2762594302,7.06867463626,0.634220718519,0.0261671975853,4476.24111818,-616.436347827,-381.449671338,0.997119150997,0.101475221325,0.626596697634,345.196261074,2131.54338961
293.5,0.553571428571,882,2.616021079,56.501993586,32.9118850013,13757167.9306,1.37637721703,7.06867463626,0.644000332451,0.0263622192791,4535.69424318,-741.922361903,-57.9402999011,0.996944745867,0.104355759566,0.636035588822,354.372067512,2159.85440152
294,0.553571428571,882,-13.0303965399,59.0295501161,32.8508961533,13731674.5921,1.33629336373,7.06867463626,0.639947220841,0.0262841390377,4491.09935597,-675.641206353,284.266869562,0.996799474819,0.103170755163,0.632122691181,349.050767495,2138.61874094
294.5,0.553571428571,882,-25.7774894525,68.4481778607,32.8068095518,13713246.3927,1.24858740003,7.06867463626,0.631321252809,0.026113294614,4420.03783472,-457.429932849,547.118252604,0.996858153084,0.100645654483,0.623793940847,339.594437922,2104.77992129
295,0.553571428571,882,-32.7889693465,82.6621877106,32.7819607038,13702859.5742,1.09922215849,7.06867463626,0.61664480315,0.025822342693,4312.98670567,-148.958079615,665.61826792,0.996984140803,0.0964073296593,0.609609082464,324.801068743,2053.80319317
295.5,0.553571428571,882,-32.5047488659,98.5088954139,32.772204395,13698781.4371,0.928698268753,7.06867463626,0.600035521633,0.0252333079043,4196.42107026,164.629593754,628.8999148,0.99719116516,0.0919402856528,0.593486588664,309.567032138,1998.29574774
296,0.553571428571,882,-24.9880684086,112.462333744,32.7683365142,13697164.6629,0.787053234903,7.06867463626,0.586330706687,0.0245941353804,4101.07913034,418.088120548,465.099249096,0.997416050212,0.0884680795284,0.580139610786,297.805651235,1952.89482397
296.5,0.553571428571,882,-11.9114248393,121.41779684,32.773490982,13699319.2305,0.695353425029,7.06867463626,0.577473552757,0.0241803404359,4041.32273631,570.349529151,216.236535716,0.997593695785,0.0862585968576,0.571506646913,290.459337833,1924.43939824
297,0.553571428571,882,3.81556695369,123.382651914,32.7898063664,13706139.0611,0.715759230356,7.06867463626,0.579532025313,0.0242724215328,4059.55704487,610.1806884,-69.7423702713,0.997704335026,0.0867645578436,0.573514106464,292.454027904,1933.12240232
297.5,0.553571428571,882,18.693577098,117.919709441,32.8215181335,13719394.5798,0.806800795549,7.06867463626,0.588415919386,0.0246832461514,4128.81903054,524.380725421,-351.097905943,0.997680009219,0.0889817479923,0.582172487628,300.507841043,1966.10430026
298,0.553571428571,882,29.4121781436,106.244499895,32.8545963854,13733221.2891,0.880574984454,7.06867463626,0.595560280364,0.0250161518188,4186.5955164,311.921660085,-564.763180916,0.997569422473,0.0907881889354,0.589131021207,307.226851766,1993.61691257
298.5,0.553571428571,882,33.5864307887,90.9548124828,32.8915913628,13748685.1897,0.982307917964,7.06867463626,0.605446233731,0.0254752211847,4264.5679097,18.8868385632,-664.362382812,0.997477329257,0.0933155124567,0.598753992862,316.490852865,2030.74662367
299,0.553571428571,882,30.287544126,75.4526747882,32.9259970029,13763066.7472,1.12415211953,7.06867463626,0.619332823856,0.0258709043261,4369.54535665,-300.228126866,-625.075229152,0.99734665665,0.0971567095083,0.612211584498,330.208471999,2080.73588412
299.5,0.553571428571,882,20.2495360017,63.187385586,32.9414368391,13769520.5987,1.25959280017,7.06867463626,0.63259813053,0.026134732281,4465.21867064,-575.788848557,-434.849688218,0.99715726759,0.101000017188,0.625029931691,343.592811751,2126.29460507
300,0.553571428571,882,5.70591058187,56.88802959,32.9202432496,13760661.6783,1.35839943358,7.06867463626,0.642239633746,0.0263271999495,4525.87750961,-730.084225162,-125.809344912,0.996968512253,0.103835128772,0.634336767533,352.783221837,2155.17976648
300.5,0.553571428571,882,-10.1073068623,57.9562432291,32.8630132161,13736739.5243,1.35779749698,7.06867463626,0.642088292008,0.0263260274236,4509.10737893,-703.832333001,222.004224415,0.996825877775,0.10379906985,0.634189394071,351.435613762,2147.19398997
301,0.553571428571,882,-23.6716008444,66.1543439289,32.8121937082,13715496.97,1.29149867376,7.06867463626,0.635540034742,0.0261968824514,4450.36678222,-512.478797453,508.738090425,0.996826759398,0.101877558943,0.627868119428,343.863919483,2119.22227725
301.5,0.553571428571,882,-31.9688519585,79.6582156058,32.784590143,13703958.6798,1.11726138142,7.06867463626,0.618388971254,0.025857481702,4325.61115504,-211.066604963,652.455784248,0.996922911012,0.0969096366522,0.611295388051,326.545744011,2059.81483573
302,0.553571428571,882,-33.1528826861,95.4631831019,32.7744364603,13699714.4404,0.974969142281,7.06867463626,0.604540774073,0.0254421049952,4228.00134448,107.04287671,649.580998433,0.997166663193,0.0930944921591,0.597871444169,313.495995909,2013.33397356
302.5,0.553571428571,882,-26.9602406041,110.052566583,32.768003475,13697025.4525,0.802175042566,7.06867463626,0.58777300237,0.0246623724637,4110.92859131,374.761472842,503.858667422,0.997356226608,0.0888315920169,0.58154473877,299.023246756,1957.58504348
303,0.553571428571,882,-14.7688177921,120.180159394,32.7724466998,13698882.7205,0.70634368754,7.06867463626,0.578536831021,0.0242299339418,4048.39539831,549.521534594,268.911217844,0.997575122626,0.0865222675776,0.572543318676,291.328632127,1927.80733253
303.5,0.553571428571,882,0.708736656393,123.592524352,32.7846933056,13704001.8017,0.702108413688,7.06867463626,0.578190238118,0.0242108222893,4049.03349473,611.477205534,-12.9009747993,0.997691254396,0.0864326479865,0.57220583074,291.244420514,1928.11118797
304,0.553571428571,882,16.0285938551,119.530394156,32.8141272001,13716305.1697,0.772271751181,7.06867463626,0.585050747663,0.0245274340072,4103.71481158,549.127999695,-298.05730445,0.997696300998,0.0881383808298,0.578893425584,297.525591721,1954.14991028
304.5,0.553571428571,882,27.7820132998,108.897611939,32.8497523895,13731196.4988,0.863523676142,7.06867463626,0.593919146898,0.0249392078732,4174.00808496,361.092016657,-530.853487806,0.997611760896,0.0903710226882,0.587532973883,305.724992399,1987.6228976
305,0.553571428571,882,33.3538037126,94.0600219089,32.8881822451,13747260.1785,0.983875935923,7.06867463626,0.605612497615,0.0254822968581,4264.83672106,80.3294259559,-659.920553582,0.997498813023,0.0933574505069,0.598915879866,316.567458041,2030.87462908
305.5,0.553571428571,882,31.5042154396,78.319057849,32.9190884617,13760178.977,1.08549190885,7.06867463626,0.615510813515,0.0257955972302,4341.34046889,-238.260028487,-642.601869869,0.997344609008,0.0960638862068,0.608515163457,326.357275509,2067.30498519
306,0.553571428571,882,22.6447905976,65.1771585271,32.9409149817,13769302.4623,1.23668145742,7.06867463626,0.630367415862,0.02609010276,4449.68707625,-529.602575459,-483.133223661,0.997209722649,0.100348229836,0.622875593688,341.364674814,2118.89860774
306.5,0.553571428571,882,8.74679301192,57.5584585445,32.9269242969,13763454.3561,1.33318928787,7.06867463626,0.639769927886,0.0262780925384,4510.70293292,-710.572456977,-191.582456391,0.997000990041,0.10310672563,0.631953401688,350.450650665,2147.95377758
307,0.553571428571,882,-7.09740728541,57.1581545917,32.8756129803,13742006.2258,1.37166776904,7.06867463626,0.6434821087,0.0263530456392,4522.13869086,-724.757765285,156.626431296,0.996862668282,0.104207755982,0.635534775465,353.089910155,2153.3993766
307.5,0.553571428571,882,-21.3624009769,64.0653161866,32.8204799081,13718960.6016,1.31534744474,7.06867463626,0.637882728789,0.02624333801,4468.65411873,-561.416733253,462.439004739,0.996806404775,0.102564479052,0.630129840679,346.357325837,2127.93053273
308,0.553571428571,882,-30.8741596654,76.7430672871,32.7874411257,13705150.3905,1.16372702447,7.06867463626,0.622957691247,0.0259479931755,4357.62412903,-274.27811076,638.768134964,0.996888540871,0.0982235185584,0.615712371027,331.030553388,2075.05910906
308.5,0.553571428571,882,-33.5162721673,92.3705484611,32.7752427757,13700051.4803,0.991712453765,7.06867463626,0.606137603492,0.0255176591066,4239.19620832,46.6556330501,659.646035964,0.997102918639,0.0935073719878,0.599424988366,314.901863869,2018.66486111
309,0.553571428571,882,-28.7008559857,107.470571419,32.7711847006,13698355.2048,0.857587098081,7.06867463626,0.593173983419,0.0249124190937,4148.92610449,331.572881919,544.711750103,0.997334360134,0.0901924217352,0.586806041459,303.662998971,1975.67909737
309.5,0.553571428571,882,-17.4993639395,118.683309811,32.7722540184,13698802.1797,0.733710138048,7.06867463626,0.581171114684,0.0243534249162,4066.50514679,526.218882865,321.040207835,0.997506264758,0.0871780151999,0.575111247946,293.533144582,1936.43102228
310,0.553571428571,882,-2.40418085668,123.513876446,32.7811937847,13702539.002,0.695933527685,7.06867463626,0.577567744427,0.0241829581463,4043.8741583,608.83647707,43.6760279103,0.997658470776,0.0862797558217,0.571598739154,290.667170327,1925.6543611
310.5,0.553571428571,882,13.2259438095,120.887447456,32.8062908251,13713029.5649,0.744387319992,7.06867463626,0.582329681722,0.0244016056476,4082.96389804,569.667034262,-243.930295502,0.997703645805,0.0874595513151,0.576241376037,295.093097647,1944.26852288
311,0.553571428571,882,25.9132335794,111.388415684,32.8427638829,13728275.3031,0.836732817518,7.06867463626,0.591320954594,0.0248183142545,4154.26237384,405.540695457,-491.33469831,0.997645597853,0.0897137203747,0.585002451653,303.37221902,1978.22017802
311.5,0.553571428571,882,32.8347066219,97.1303605135,32.8811839016,13744334.8709,0.961441132441,7.06867463626,0.603440485085,0.0253810599169,4247.97792635,140.173329526,-645.486317628,0.997532326908,0.0927986046341,0.596802342673,314.538552178,2022.84663159
312,0.553571428571,882,32.4503025303,81.2857664887,32.9149133628,13758433.7856,1.06610271783,7.06867463626,0.613612569317,0.025757828588,4327.14352706,-176.698429266,-657.994472935,0.997373808839,0.0955213607284,0.606679091944,324.431846425,2060.5445367
312.5,0.553571428571,882,24.8455530286,67.380130533,32.9378876017,13768037.0175,1.20236083972,7.06867463626,0.626992403876,0.0260232488551,4425.5796513,-477.801710206,-524.81504128,0.997235793752,0.0993684593875,0.619614874965,337.969561427,2107.41888157
313,0.553571428571,882,11.7125507592,58.5075222519,32.9325860151,13765820.9543,1.30827745171,7.06867463626,0.637339603063,0.0262295662112,4495.50542473,-685.232755834,-254.848903881,0.997049222752,0.10239106302,0.629607679424,348.137869019,2140.71686892
313.5,0.553571428571,882,-4.02654931267,56.6421388481,32.8885874638,13747429.5599,1.38323316338,7.06867463626,0.644647885215,0.0263755741316,4533.72136917,-739.144281419,89.2203755137,0.996898755347,0.104549754999,0.636659968549,354.528380847,2158.9149377
314,0.553571428571,882,-18.8697231656,62.1990369294,32.8307709714,13723262.2661,1.33553471812,7.06867463626,0.639865798789,0.0262826612548,4485.03999523,-605.616898083,411.058537154,0.996789369204,0.103147431546,0.632044006465,348.544413542,2135.73333106
314.5,0.553571428571,882,-29.5142945889,73.9417804561,32.7953184494,13708443.1119,1.20886157355,7.06867463626,0.627397810288,0.0260359117811,4390.10202103,-336.738585821,618.910570637,0.996859256994,0.0995071356961,0.62000339596,335.517730244,2090.52477192
315,0.553571428571,882,-33.5917962207,89.2575535922,32.7754456649,13700136.2879,1.00790789719,7.06867463626,0.60768129163,0.025590740966,4249.8686878,-14.6750598158,663.96929624,0.997040125349,0.0939074387838,0.600926643744,316.253071734,2023.74699419
315.5,0.553571428571,882,-30.1949647108,104.738524557,32.7710046848,13698279.9582,0.883259733789,7.06867463626,0.595669551549,0.025028266737,4166.06322624,281.680540413,577.08177943,0.997313098116,0.0908250741795,0.589236314799,305.789675839,1983.83963154
316,0.553571428571,882,-20.079611096,116.940104273,32.7712388802,13698377.8519,0.76063649081,7.06867463626,0.583783405205,0.0244749299516,4084.25540508,497.901151811,371.107008026,0.997473935712,0.087829533627,0.577657389299,295.708522442,1944.88352623
316.5,0.553571428571,882,-5.49644927884,123.147383687,32.7781778909,13701278.3584,0.693539748136,7.06867463626,0.577314953689,0.0241721562278,4041.38570019,601.639121649,99.762893732,0.997625918346,0.0862183356313,0.571352122154,290.406809694,1924.46938104
317,0.553571428571,882,10.3096984345,121.979213846,32.8005941347,13710648.3483,0.738798050133,7.06867463626,0.581785054702,0.0243763840946,4077.7858546,588.683866404,-189.784313185,0.997706488985,0.0873239489667,0.575710505301,294.533252378,1941.80278791
317.5,0.553571428571,882,23.8218896061,113.695518049,32.8348357362,13724961.3377,0.836632138233,7.06867463626,0.591315112441,0.0248178599397,4152.21677144,449.059677062,-451.454575991,0.997652342307,0.089712011257,0.58499678923,303.219993682,1977.24608164
318,0.553571428571,882,32.0335979512,100.139457693,32.87008432,13739695.2457,0.907354086321,7.06867463626,0.598155099741,0.0251369923852,4208.51433288,196.295932416,-620.157918601,0.997532452297,0.0914486658908,0.591657445858,309.753737708,2004.05444423
318.5,0.553571428571,882,33.1176796209,84.3273201633,32.9099021075,13756339.0809,1.0547612533,7.06867463626,0.612534378075,0.0257357362936,4318.39200627,-114.61614311,-669.140655942,0.99744334733,0.0952109226664,0.605636502079,323.279004376,2056.37714584
319,0.553571428571,882,26.8329213291,69.7773806606,32.9331199132,13766044.1237,1.16436333534,7.06867463626,0.623247054214,0.0259492326598,4398.45213238,-422.391290712,-560.461139261,0.997250970613,0.0982865824724,0.615995130637,334.19313977,2094.50101542
319.5,0.553571428571,882,14.5777114467,59.7270693692,32.9361352183,13767304.5212,1.28608465759,7.06867463626,0.635180613012,0.0261863363672,4481.58993259,-654.755739992,-315.29290514,0.997102039373,0.101756465225,0.627523511228,346.054763169,2134.09044409
320,0.553571428571,882,-0.921108008726,56.4126279677,32.8997825616,13752109.1107,1.38160684294,7.06867463626,0.644507868703,0.0263724061853,4535.84784617,-744.428219239,20.4153749809,0.996930679614,0.10450647159,0.636525171555,354.622906977,2159.92754579
320.5,0.553571428571,882,-16.2149765865,60.5715353051,32.8409729671,13727526.7003,1.34232461652,7.06867463626,0.640538003726,0.026295887451,4492.43497746,-642.696718754,354.123545176,0.996791768221,0.10334486072,0.632692854138,349.428609568,2139.25475117
321,0.553571428571,882,-27.9009363733,71.2784148776,32.8000777528,13710432.5007,1.23227434373,7.06867463626,0.62970429145,0.0260815180439,4407.15988552,-395.343880991,589.184323708,0.996849368171,0.100176325019,0.622231825094,337.872143544,2098.64756453
321.5,0.553571428571,882,-33.3788061832,86.1509354663,32.7795038808,13701832.6222,1.06536783654,7.06867463626,0.613314425562,0.0257563970961,4289.55254681,-77.3538835391,670.807221746,0.997007211654,0.0954563039928,0.606387723013,321.54881421,2042.64406991
322,0.553571428571,882,-31.4297341396,101.879891073,32.7705934298,13698108.0536,0.900763960056,7.06867463626,0.597333998236,0.0251072544726,4177.41486808,228.104505341,603.478930463,0.997236778785,0.091250495255,0.590856688878,307.214271827,1989.24517527
322.5,0.553571428571,882,-22.4873979678,114.965514868,32.7704808839,13698061.0095,0.782225363119,7.06867463626,0.585879937258,0.0245723496325,4098.51133152,464.141227684,418.069827729,0.997451737442,0.088354043228,0.579700495336,297.46070458,1951.67206263
323,0.553571428571,882,-8.54150965484,122.49619382,32.774418704,13699707.0183,0.683964356169,7.06867463626,0.576363943403,0.0241289473183,4033.90004279,588.083845327,154.575759563,0.997599605925,0.0859843069805,0.570424666636,289.552111156,1920.90478228
323.5,0.553571428571,882,7.30490485423,122.796316334,32.7952013756,13708394.175,0.727999517772,7.06867463626,0.580736229434,0.0243276557701,4069.20598806,601.722716083,-134.025027228,0.997717838934,0.0870629090005,0.57468813533,293.556244528,1937.71713717
324,0.553571428571,882,21.5259435695,115.799103733,32.8275529859,13721917.1481,0.819812046949,7.06867463626,0.589678912755,0.0247419593598,4139.06702857,486.461785261,-405.888090007,0.99766533682,0.0892996025721,0.583402918815,301.692207784,1970.98429932
324.5,0.553571428571,882,30.9573582833,103.061468835,32.8645434617,13737379.167,0.908093533035,7.06867463626,0.598239887383,0.0251403291349,4207.68325091,252.837236218,-599.256715154,0.997553342298,0.0914694875629,0.591740088088,309.719820235,2003.65869091
325,0.553571428571,882,33.5006147255,87.4175954976,32.9014879576,13752821.9663,1.02076621436,7.06867463626,0.609182894204,0.0256487640594,4293.04294879,-51.6406281384,-669.915493821,0.997442404797,0.0942797896945,0.602389391461,319.953767683,2044.30616609
325.5,0.553571428571,882,28.5898263388,72.3483193459,32.9319901345,13765571.8762,1.15450224671,7.06867463626,0.622300771763,0.025930024023,4391.62172241,-367.635568817,-595.446817468,0.997296139322,0.0980117052374,0.615080744553,333.235640069,2091.24843924
326,0.553571428571,882,17.3176667079,61.2066254185,32.9405481422,13769149.1234,1.27503653759,7.06867463626,0.634097660225,0.0261648154852,4475.32094366,-620.981926137,-373.487240894,0.997115646354,0.101439520353,0.626477824015,345.069341909,2131.10521127
326.5,0.553571428571,882,2.19224453157,56.4715931796,32.9105839763,13756624.1021,1.37723399618,7.06867463626,0.644086102103,0.0263638882185,4535.92589664,-742.716382073,-48.5622814061,0.996946493729,0.104380974248,0.636118364567,354.429668455,2159.96471269
327,0.553571428571,882,-13.4209623959,59.1967896418,32.8502231188,13731393.2636,1.34368099762,7.06867463626,0.640676121121,0.0262985295763,4495.91357119,-673.361231666,293.383568269,0.996798213041,0.103385091646,0.632826222322,349.761585931,2140.91122438
327.5,0.553571428571,882,-26.0479418715,68.7758457351,32.8063546136,13713056.2285,1.2449392624,7.06867463626,0.630954075663,0.0261061883244,4417.40143733,-449.987707857,552.260104731,0.996847390361,0.100539505392,0.62343916024,339.226865573,2103.52449397
328,0.553571428571,882,-32.8791313892,83.0773762857,32.7818819381,13702826.6501,1.09980367088,7.06867463626,0.61670545003,0.0258234754341,4313.38127078,-140.553899479,667.563386219,0.996989310052,0.0964243782079,0.609667781064,324.856945065,2053.99108132
328.5,0.553571428571,882,-32.3945590525,98.9192232729,32.7718050581,13698614.5143,0.923547994475,7.06867463626,0.599531928289,0.0252100673167,4192.85248032,172.323309801,625.87710439,0.997190377451,0.0918118426503,0.592996345757,309.127025128,1996.5964192
329,0.553571428571,882,-24.7020444925,112.776501002,32.7689280037,13697411.9056,0.793938653051,7.06867463626,0.587007367361,0.0246252057962,4105.88862344,424.762078114,460.671801668,0.997422654144,0.0886373368122,0.580798995022,298.38618536,1955.18505878
329.5,0.553571428571,882,-11.5132084911,121.565899801,32.7740629933,13699558.3312,0.699521117878,7.06867463626,0.577875958306,0.0241991471295,4044.23827852,573.721086478,209.256524479,0.997585250424,0.0863583841861,0.571898987051,290.805503456,1925.82775168
330,0.553571428571,882,4.23737071761,123.331736969,32.7889082739,13705763.6585,0.710187129344,7.06867463626,0.57898454276,0.0242472774542,4055.55648602,608.265149406,-77.3270512423,0.997699380367,0.0866290420712,0.57298031405,291.981254965,1931.2173743
330.5,0.553571428571,882,19.0451149502,117.681105407,32.822338303,13719737.4107,0.809458281622,7.06867463626,0.588679580251,0.0246952380443,4130.84752185,520.310784988,-357.983489617,0.99768666842,0.0890477194505,0.582429400569,300.745668842,1967.0702485
331,0.553571428571,882,29.6152312535,105.871297294,32.8569689302,13734213.0128,0.884551980025,7.06867463626,0.595946973607,0.0250340979919,4189.87643298,305.129229716,-569.359424922,0.997566143795,0.0908863848992,0.589507562678,307.603567934,1995.1792538
331.5,0.553571428571,882,33.5958188813,90.5300506548,32.8923734092,13749012.085,0.979271125273,7.06867463626,0.60514644014,0.0254615176725,4262.69264481,10.4766240777,-664.032318119,0.997472301245,0.0932386548086,0.598462242874,316.245218711,2029.85364039
332,0.553571428571,882,30.1011783064,75.0708652439,32.9267825369,13763395.1004,1.12672572439,7.06867463626,0.619589632246,0.025875917509,4371.5265486,-308.35540001,-621.727985516,0.997350619424,0.0972301077058,0.612459942893,330.473699966,2081.67930886
332.5,0.553571428571,882,19.9088835441,62.9334827503,32.9415786652,13769579.8821,1.26143568244,7.06867463626,0.632777995895,0.0261383220729,4466.49800761,-581.548952538,-427.760626328,0.997153753315,0.101052606983,0.625203626502,343.774677576,2126.90381315
333,0.553571428571,882,5.28676826517,56.8185280418,32.9191491533,13760204.3461,1.36043172268,7.06867463626,0.642438716859,0.0263311586912,4526.94719282,-731.982374633,-116.625965049,0.996965890161,0.103893938503,0.634528868043,352.959567583,2155.68913944
333.5,0.553571428571,882,-10.5116778952,58.0866073908,32.8621745601,13736388.9661,1.36468755604,7.06867463626,0.642766953414,0.026339448725,4513.53338932,-702.284799891,231.31954968,0.996822900043,0.103999232591,0.634844297904,352.095339278,2149.30161396
334,0.553571428571,882,-23.9712261308,66.4555671594,32.8116713163,13715278.6102,1.28882741253,7.06867463626,0.635269737282,0.0261916790414,4448.37447207,-505.599530575,514.764605337,0.99681665859,0.101799152263,0.627607023349,343.588335467,2118.27355813
334.5,0.553571428571,882,-32.0970634586,80.0632743152,32.7847333281,13704018.5311,1.11639894763,7.06867463626,0.618306152323,0.0258558017478,4325.08243261,-202.751417621,654.916450765,0.996926745587,0.0968857097868,0.611215330079,326.46797193,2059.56306315
335,0.553571428571,882,-33.0811527362,95.8819498164,32.7742170747,13699622.7372,0.971192074283,7.06867463626,0.604172520728,0.0254250609943,4225.41053697,115.129352641,647.508363389,0.997167837722,0.0929999111353,0.597513083587,313.173301331,2012.1002557
335.5,0.553571428571,882,-26.7045294566,110.391863733,32.7675792015,13696848.1062,0.800472359087,7.06867463626,0.587609539899,0.0246546891128,4109.69643056,380.916080068,498.835457802,0.997361143279,0.0887904195187,0.581385488706,298.876912915,1956.99830027
336,0.553571428571,882,-14.3860223836,120.364491762,32.772645654,13698965.8834,0.707415624615,7.06867463626,0.578642802437,0.0242347710527,4049.17520061,553.051809583,262.023674701,0.997577218584,0.0865484379876,0.572646649184,291.420288626,1928.17866696
336.5,0.553571428571,882,1.13344254143,123.580877118,32.7850755142,13704161.5649,0.702426295002,7.06867463626,0.57822056594,0.0242122567271,4049.33712095,611.33282063,-20.6340836019,0.997689975966,0.0864401949545,0.572235396448,291.276642232,1928.25577188
337,0.553571428571,882,16.4007111536,119.325358884,32.8153389603,13716811.6854,0.77683077393,7.06867463626,0.585496112733,0.0245480065751,4107.09486715,546.044401454,-305.384719784,0.997695922473,0.0882497068239,0.579327447906,297.923393126,1955.75946055
337.5,0.553571428571,882,28.0187441572,108.544809944,32.8508327291,13731648.0808,0.865496801639,7.06867463626,0.59410866625,0.0249481115924,4175.59382367,354.562858599,-535.697375858,0.997606198596,0.0904191718585,0.58771752479,305.908000931,1988.37801127
338,0.553571428571,882,33.4024743963,93.6379532991,32.8887023807,13747477.5951,0.983987000594,7.06867463626,0.605621844979,0.0254827980368,4265.0363106,71.9828030853,-660.922100797,0.997496333103,0.0933599466303,0.598924963979,316.585935739,2030.96967171
338.5,0.553571428571,882,31.3539964928,77.9216348817,32.9202111459,13760648.259,1.09142974196,7.06867463626,0.616097552289,0.0258071636692,4345.68582685,-246.812708874,-640.696380069,0.997344463933,0.0962313499479,0.609082696291,326.948498685,2069.37420326
339,0.553571428571,882,22.3291064447,64.8928096877,32.9409042173,13769297.9629,1.2378410294,7.06867463626,0.630476931464,0.0260923615164,4450.43946828,-535.841151746,-476.550899004,0.997201706937,0.100380499895,0.622981322095,341.474227952,2119.25688966
339.5,0.553571428571,882,8.33588486633,57.4504527912,32.9269664223,13763471.9645,1.35019213287,7.06867463626,0.64144866411,0.0263112127634,4522.27969498,-716.353459861,-183.456928808,0.996999351675,0.103600394022,0.633573694974,352.12948691,2153.46652142
340,0.553571428571,882,-7.51211042268,57.2505237141,32.874636747,13741598.1602,1.37746243659,7.06867463626,0.644038499553,0.0263643332028,4525.68837698,-723.82552431,166.031884538,0.996837885123,0.104373451742,0.636071418587,353.630338631,2155.08970333
340.5,0.553571428571,882,-21.6886257013,64.3375076193,32.8194621036,13718535.1593,1.31378908449,7.06867463626,0.637723345053,0.0262403024449,4467.28527682,-555.239779612,469.260256402,0.996797876563,0.102518267786,0.629975890862,346.179799764,2127.27870325
341,0.553571428571,882,-31.0393194367,77.1345171521,32.7875225042,13705184.4067,1.16050959414,7.06867463626,0.622641269535,0.0259417258704,4355.48108031,-265.933353283,641.591955703,0.996890794176,0.0981322945711,0.615406513153,330.7247542,2074.03860967
341.5,0.553571428571,882,-33.4836181571,92.7941573166,32.7753108215,13700079.9234,0.991658515026,7.06867463626,0.606135035833,0.0255174157083,4239.19628831,54.9925757371,659.000263331,0.997107361917,0.0935065442705,0.599422510711,314.900383938,2018.6648992
342,0.553571428571,882,-28.4776538653,107.832084296,32.7711199231,13698328.1278,0.853109065666,7.06867463626,0.592736512755,0.0248922119943,4145.89713279,338.017863101,539.811025234,0.997334430764,0.0900818744221,0.586379955039,303.289605408,1974.2367299
342.5,0.553571428571,882,-17.1352772339,118.902288389,32.7722528922,13698801.7089,0.729138509909,7.06867463626,0.580727647366,0.0243327954665,4063.44825701,529.564914101,313.962738671,0.997511876116,0.0870676486187,0.574678962478,293.161514119,1934.97536048
343,0.553571428571,882,-1.98022057545,123.541596958,32.7814446423,13702643.8605,0.695884353958,7.06867463626,0.577566121189,0.0241827362501,4043.92500099,609.345283245,35.9743773965,0.997663968431,0.0862791738775,0.571597177418,290.669658461,1925.6785719
343.5,0.553571428571,882,13.6154445035,120.717741958,32.8075266461,13713546.1381,0.747022390065,7.06867463626,0.582587262736,0.0244134963884,4085.05063226,566.995181992,-251.317022092,0.997703704234,0.087523673574,0.576492449276,295.331698677,1945.26220584
344,0.553571428571,882,26.1816089442,111.059044449,32.8439307372,13728763.0481,0.83526174174,7.06867463626,0.591175295926,0.0248116760322,4153.54982044,399.161026987,-496.256035726,0.997642413776,0.0896771200073,0.584860550839,303.270001036,1977.88086688
344.5,0.553571428571,882,32.9222418726,96.7146101957,32.8824456776,13744862.2932,0.966167838108,7.06867463626,0.603903494174,0.0254023891531,4251.51162652,132.179159021,-648.084418449,0.997534158618,0.0929172598001,0.597252956863,314.964902308,2024.52934596
345,0.553571428571,882,32.3375206607,80.8761434953,32.9153708662,13758625.0221,1.06549633848,7.06867463626,0.613548866052,0.025756647408,4326.82388187,-184.975017174,-655.603629506,0.997367674222,0.095503560282,0.606617413114,324.380405726,2060.3923247
345.5,0.553571428571,882,24.5575485367,67.0677779126,32.9383695422,13768238.4686,1.20696848347,7.06867463626,0.627448233093,0.0260322241882,4428.8554074,-485.056502504,-519.434992294,0.997236606558,0.0995003100515,0.620055360599,338.427912065,2108.97876543
346,0.553571428571,882,11.3134060033,58.3619399361,32.9321087459,13765621.4558,1.31444270494,7.06867463626,0.637944602069,0.0262415756469,4499.54511987,-689.574710984,-246.583976995,0.997042776473,0.102568696355,0.630191715377,348.731728604,2142.64053327
346.5,0.553571428571,882,-4.4480227413,56.695719589,32.8870959257,13746806.0969,1.38654151842,7.06867463626,0.644968937408,0.0263820185509,4535.5152173,-738.563429087,98.6403815947,0.996889849202,0.10464515655,0.636969647891,354.81970244,2159.76915109
347,0.553571428571,882,-19.2197454407,62.4398587595,32.8295265354,13722742.0918,1.33368405753,7.06867463626,0.639679868102,0.0262790563113,4483.42623437,-600.009105331,418.431174424,0.996784485463,0.103093100407,0.631864491093,348.334415326,2134.96487351
347.5,0.553571428571,882,-29.7149841027,74.3162593819,32.7938872559,13707844.873,1.20184006998,7.06867463626,0.626705914157,0.026022234436,4384.98527493,-328.194922857,621.810010299,0.996861948866,0.0993067676166,0.619334824978,334.812905516,2088.08822616
348,0.553571428571,882,-33.5984986097,89.6823662861,32.7751357996,13700006.7642,0.999862346567,7.06867463626,0.606901437996,0.0255544354581,4244.42276378,-6.26470709037,662.665023349,0.997049950762,0.0937060465423,0.600167944375,315.568873978,2021.15369704
348.5,0.553571428571,882,-30.0061886617,105.11914819,32.7710326724,13698291.6571,0.879016956449,7.06867463626,0.595261345115,0.025009121225,4163.2601541,288.62494013,572.818937755,0.997323674293,0.0907211852614,0.588838850347,305.440424553,1982.50483528
349,0.553571428571,882,-19.7373601705,117.191848291,32.7716442682,13698547.3041,0.759100280176,7.06867463626,0.583636430477,0.0244679978086,4083.34376592,502.355460327,364.637613002,0.997479297256,0.0877926932152,0.577514163388,295.591799392,1944.44941234
349.5,0.553571428571,882,-5.07687592248,123.214233859,32.7783304367,13701342.1225,0.691784418545,7.06867463626,0.577144483368,0.0241642353116,4040.24758109,602.563099422,92.1032261102,0.997627783451,0.0861761469893,0.571185903748,290.267408592,1923.92741957
350,0.553571428571,882,10.7132371705,121.846295692,32.8013275807,13710954.9287,0.739579856176,7.06867463626,0.581862682241,0.0243799119906,4078.50427573,586.39244059,-197.265055618,0.997708572386,0.0873431869816,0.575786183214,294.611314925,1942.14489321
350.5,0.553571428571,882,24.119604449,113.392406486,32.83591424,13725412.1523,0.837595076135,7.06867463626,0.591408664588,0.0248222051923,4153.13638155,443.461162655,-457.247006117,0.99765139968,0.0897356269324,0.585087914488,303.319737823,1977.68399121
351,0.553571428571,882,32.1592459439,99.7335964741,32.871455413,13740268.3626,0.914010960965,7.06867463626,0.598804898758,0.0251670314996,4213.36577033,188.795354162,-623.769050188,0.997531252854,0.0916141457192,0.592290076361,310.340137341,2006.36465254
351.5,0.553571428571,882,33.0433034922,83.9090153243,32.910689689,13756668.29,1.05730760682,7.06867463626,0.612780837914,0.025740696393,4320.29857926,-123.165020955,-668.164407518,0.997434854038,0.0952814479796,0.605874891736,323.533950617,2057.28503774
352,0.553571428571,882,26.5750701187,69.4397070014,32.9334989956,13766202.5801,1.16671961389,7.06867463626,0.623477772915,0.0259538225079,4400.1456953,-429.745380951,-555.464537044,0.99724756784,0.0983532253713,0.616218124759,334.427437182,2095.30747395
352.5,0.553571428571,882,14.1937582653,59.5451608721,32.9356159493,13767087.4668,1.28851436452,7.06867463626,0.635418603554,0.0261910692481,4483.08962885,-659.120678275,-307.189262626,0.997098781934,0.101826187787,0.627753296552,346.280957457,2134.80458517
353,0.553571428571,882,-1.34573176681,56.4269601315,32.8988519879,13751720.1309,1.38708905041,7.06867463626,0.645047188516,0.0263830851008,4539.29885698,-745.204501181,29.8705560753,0.996927194765,0.104666030553,0.637045496523,355.144248647,2161.57088427
353.5,0.553571428571,882,-16.5857901318,60.7789191558,32.8403479048,13727265.4242,1.34305647714,7.06867463626,0.640605092312,0.0262973130588,4492.72320472,-638.268092315,362.278886376,0.99678367675,0.103365068603,0.632757532996,349.483632432,2139.39200225
354,0.553571428571,882,-28.1354319424,71.6327065299,32.7993482718,13710127.5776,1.22966380806,7.06867463626,0.629445749901,0.0260764329226,4405.19472036,-387.554758347,593.665068028,0.996848301105,0.100101346003,0.621982035875,337.604238951,2097.7117716
354.5,0.553571428571,882,-33.4248074057,86.5733033562,32.7795177854,13701838.4343,1.0608207132,7.06867463626,0.612867454251,0.0257475396521,4286.49737646,-68.7738050159,670.835917544,0.9970108931,0.0953289282445,0.605955318252,321.120015754,2041.18922689
355,0.553571428571,882,-31.2770055266,102.276356352,32.7708365327,13698209.6707,0.899208282732,7.06867463626,0.597185667217,0.0251002344863,4176.45592315,235.622513348,600.305696625,0.997242868705,0.0912125673589,0.590712290762,307.091135622,1988.78853483
355.5,0.553571428571,882,-22.169922356,115.247862142,32.7705596853,13698093.9484,0.778437267403,7.06867463626,0.585510950322,0.0245552558691,4095.98885894,468.902010856,411.73866979,0.997453715413,0.0882616831192,0.579340926252,297.151185775,1950.47088521
356,0.553571428571,882,-8.12992686588,122.601599488,32.7753437647,13700093.6937,0.688754791423,7.06867463626,0.576834780421,0.024150564134,4037.37494438,590.821368941,147.334320885,0.997604236556,0.0861004087655,0.570883817657,289.959451426,1922.55949733
356.5,0.553571428571,882,7.71901570807,122.701327137,32.795688881,13708597.9522,0.727205467422,7.06867463626,0.580655317349,0.0243240726217,4068.7682818,599.860596076,-141.594662027,0.99771216533,0.0870430055159,0.574609235276,293.497860105,1937.50870562
357,0.553571428571,882,21.8504408695,115.524855216,32.8284128506,13722276.5715,0.822675018743,7.06867463626,0.58995928754,0.0247548785061,4141.22186955,481.69577456,-412.353564787,0.997666290485,0.0893700938285,0.58367606709,301.946174725,1972.01041407
357.5,0.553571428571,882,31.1200398493,102.668982587,32.8657567752,13737886.332,0.910884957478,7.06867463626,0.598510546509,0.0251529254241,4209.86772323,245.442877481,-602.904935397,0.997549794757,0.0915385140608,0.592003584773,309.976433612,2004.69891582
358,0.553571428571,882,33.4652831415,86.9942015605,32.90267094,13753316.4529,1.02643034201,7.06867463626,0.609734174357,0.0256743234078,4297.17371326,-60.202538542,-670.269493673,0.997438844684,0.0944224095752,0.602925652822,320.460814672,2046.27319679
358.5,0.553571428571,882,28.364343049,71.9882248682,32.9323854847,13765737.1326,1.15707995066,7.06867463626,0.622550833524,0.0259350451906,4393.4527648,-375.421301854,-591.200951365,0.997288647024,0.0980840639522,0.615322422222,333.489663607,2092.12036419
359,0.553571428571,882,16.9522028081,60.9899531204,32.9399664761,13768905.987,1.2817073953,7.06867463626,0.634754519384,0.0261778097993,4479.69400276,-626.816432823,-366.284113113,0.997112093439,0.101631438987,0.627112133684,345.709986847,2133.18762036
359.5,0.553571428571,882,1.76811746359,56.4465536698,32.9092969398,13756086.1208,1.37952753491,7.06867463626,0.644306512028,0.0263683558543,4537.08685704,-743.680377406,-39.1886499431,0.996936951405,0.104446626511,0.63633094679,354.624854967,2160.51755097
360,0.553571428571,882,-13.8093823583,59.3689543293,32.8493224311,13731016.7762,1.34349073268,7.06867463626,0.640655155888,0.0262981589549,4495.52306261,-669.522349083,301.840499189,0.996794833789,0.103379127219,0.632805956029,349.722229547,2140.72526791
360.5,0.553571428571,882,-26.3142294543,69.1069071646,32.8058482778,13712844.5801,1.24036958667,7.06867463626,0.630502861156,0.0260972869501,4414.17674865,-442.377124751,557.160840559,0.996847667844,0.100408347833,0.623003282494,338.773873825,2101.98892793
361,0.553571428571,882,-32.9640363488,83.4936717273,32.78208,13702909.44,1.09857449592,7.06867463626,0.616588015032,0.0258210810965,4312.63016973,-132.056757029,669.059960759,0.996995777075,0.0963904665344,0.609554252279,324.746619585,2053.63341416
361.5,0.553571428571,882,-32.2791896349,99.3281250268,32.7714640632,13698471.9784,0.914672580995,7.06867463626,0.598665907489,0.0251700170567,4186.80416894,179.786340119,622.135461285,0.997192042307,0.0915910595218,0.59215325412,308.377239118,1993.71627092
362,0.553571428571,882,-24.4120709373,113.087026499,32.7694429124,13697627.1374,0.794278843832,7.06867463626,0.587047290543,0.0246267409054,4106.29300398,430.613343249,455.32773493,0.997434008898,0.0886469509389,0.580837942795,298.427928445,1955.37762094
362.5,0.553571428571,882,-11.1131512825,121.708955652,32.7747186446,13699832.3935,0.701695128965,7.06867463626,0.578088174841,0.024208957344,4045.86339911,576.694714216,202.116262457,0.99758483266,0.0864108993847,0.572105906257,290.993986953,1926.60161862
363,0.553571428571,882,4.65849696332,123.275492574,32.7904616218,13706412.9579,0.716204322519,7.06867463626,0.579571146638,0.0242744300091,4059.98907454,608.316047163,-85.1629304103,0.997696793066,0.0867745072623,0.573552218073,292.499254007,1933.32813073
363.5,0.553571428571,882,19.3936076565,117.438075407,32.8232009009,13720097.9766,0.812760123011,7.06867463626,0.588998044924,0.0247101375875,4133.26515575,516.234534861,-364.881642723,0.99767947675,0.0891279637763,0.582739645037,301.032504471,1968.22150274
364,0.553571428571,882,29.8135491491,105.495557013,32.8586397146,13734911.4007,0.891201277356,7.06867463626,0.596594335454,0.0250641029136,4194.78316369,298.474945991,-574.267673291,0.997562066123,0.0910508420366,0.590137911437,308.191511407,1997.51579223
364.5,0.553571428571,882,33.5998352987,90.1052040763,32.8931727366,13749346.2039,0.976960424188,7.06867463626,0.604915541844,0.0254510906451,4261.2990634,2.07817798366,-663.723692434,0.997463880162,0.0931796507032,0.598237514265,316.060450431,2029.19003019
365,0.553571428571,882,29.9099995739,74.6914427365,32.9273927702,13763650.178,1.1299064907,7.06867463626,0.619905857728,0.0258821133954,4373.87134415,-316.498304886,-618.377290645,0.997353632137,0.0973206216797,0.612765740586,330.793607197,2082.79587817
365.5,0.553571428571,882,19.5650478316,62.683907612,32.9415318248,13769560.3028,1.26552819572,7.06867463626,0.63317961587,0.0261462939718,4469.25621633,-587.590709617,-420.85962281,0.997149406096,0.101169872807,0.625591489295,344.172629831,2128.21724587
366,0.553571428571,882,4.86678064085,56.7543319184,32.9178106618,13759644.8566,1.36091297396,7.06867463626,0.642482504373,0.0263320961315,4526.88013274,-733.432432343,-107.366010944,0.996960062061,0.103907189365,0.634571070654,352.975879103,2155.65720606
366.5,0.553571428571,882,-10.9143682034,58.2220742225,32.8605770084,13735721.1895,1.36094290651,7.06867463626,0.642396613527,0.0263321544377,4510.55386647,-698.502151246,239.905830323,0.996822194648,0.103890125047,0.634486905575,351.691752891,2147.88279356
367,0.553571428571,882,-24.2670186296,66.7605549371,32.810945731,13714975.3156,1.2852375416,7.06867463626,0.634918640976,0.0261846862509,4445.77515727,-498.523676712,520.566791389,0.996822150771,0.101696258835,0.627268036323,343.225873329,2117.03578918
367.5,0.553571428571,882,-32.2201429214,80.4699218195,32.7844959284,13703919.2981,1.1166338824,7.06867463626,0.61833255413,0.0258562593825,4325.20075931,-194.465869963,657.467651876,0.996931894011,0.0968929868085,0.611240904026,326.487764368,2059.6194092
368,0.553571428571,882,-33.0041334018,96.299776059,32.7741143011,13699579.7779,0.965845549123,7.06867463626,0.603650048173,0.0254009348256,4221.78838165,123.129116893,645.065754966,0.997167517801,0.0928658765766,0.597004620683,312.719984306,2010.37541983
368.5,0.553571428571,882,-26.4445484903,110.727900404,32.7670278585,13696617.6448,0.795856657168,7.06867463626,0.587162655833,0.0246338607804,4106.4804508,386.690509425,493.337758679,0.997368092804,0.0886781321309,0.580950084245,298.488898071,1955.46688133
369,0.553571428571,882,-14.0009267771,120.543969116,32.7729073541,13699075.274,0.706969130927,7.06867463626,0.578602460518,0.0242327562521,4048.9618934,556.264236173,254.983719034,0.99758289444,0.0865382610151,0.572607337687,291.390675025,1928.07709209
369.5,0.553571428571,882,1.557967199,123.563860597,32.7857137986,13704428.3678,0.703144010465,7.06867463626,0.578291021854,0.0242154954147,4049.98094795,611.169962156,-28.3692858063,0.997690508526,0.0864576134786,0.572304095081,291.346681234,1928.56235617
370,0.553571428571,882,16.770206123,119.115634745,32.8145448199,13716479.7347,0.771051311742,7.06867463626,0.584930741969,0.0245219267802,4102.99014888,541.245265079,-311.749846363,0.997695067687,0.0881084408726,0.578776468458,297.432095064,1953.8048328
370.5,0.553571428571,882,28.2509950645,108.189042797,32.8515314798,13731940.1586,0.871148767179,7.06867463626,0.594665227345,0.0249736160593,4179.6228017,348.316595296,-541.001003983,0.997613248475,0.0905598132976,0.588259580736,306.396855897,1990.29657224
371,0.553571428571,882,33.4458043189,93.2153030126,32.8890959705,13747642.1157,0.983986507064,7.06867463626,0.605617478443,0.0254827958098,4265.10790003,63.6209212587,-661.789223182,0.997489220581,0.0933590903412,0.598920682001,316.590609392,2031.00376192
371.5,0.553571428571,882,31.1987643185,77.5261431386,32.9212783732,13761094.36,1.0978572015,7.06867463626,0.616732770138,0.0258196838625,4350.35146251,-255.391410176,-638.76766453,0.997344464577,0.096412775494,0.609697090823,327.586135404,2071.59593453
372,0.553571428571,882,22.0098520647,64.6124752666,32.9409623648,13769322.2685,1.24122214692,7.06867463626,0.630805535802,0.0260989476714,4452.72239752,-542.344031778,-470.188095646,0.997193013553,0.100476472039,0.623298690545,341.801912536,2120.34399882
372.5,0.553571428571,882,7.92364388628,57.3476514235,32.9252371284,13762749.1197,1.34159383686,7.06867463626,0.64059612818,0.0262944639488,4515.93183001,-716.803089851,-173.944376689,0.996994571203,0.103349899635,0.632750817083,351.241179811,2150.44372858
373,0.553571428571,882,-7.92561243975,57.3481291891,32.8727539702,13740811.1595,1.37297240711,7.06867463626,0.643603082827,0.0263555869731,4522.18185067,-720.691907597,174.934072879,0.996850433431,0.104244184162,0.635651394443,353.151909375,2153.41992889
373.5,0.553571428571,882,-22.0113826057,64.6138022582,32.8182787321,13718040.51,1.31193593792,7.06867463626,0.637544528654,0.0262366926589,4465.73944582,-548.939396339,475.963955023,0.996804485956,0.10246548046,0.629803314831,345.976598416,2126.54259325
374,0.553571428571,882,-31.1995162945,77.5280240944,32.7870525031,13704987.9463,1.15495361848,7.06867463626,0.622094100751,0.0259309032602,4351.6128587,-257.378049128,643.849114077,0.99689347237,0.0979746964818,0.614877581948,330.184151831,2072.19659938
374.5,0.553571428571,882,-33.4456104116,93.217319411,32.7753804009,13700109.0076,0.990817211822,7.06867463626,0.606057514905,0.0255136193317,4238.6810895,63.3075096245,658.11255661,0.99711502442,0.09348630742,0.599347116844,314.833569373,2018.41956643
375,0.553571428571,882,-28.2498984193,108.19074598,32.7708711158,13698224.1264,0.846835549088,7.06867463626,0.592124231671,0.0248639027814,4141.61773819,344.219336174,534.566382912,0.997335532256,0.0899272305835,0.585783588532,302.764349792,1972.19892295
375.5,0.553571428571,882,-16.7684507485,119.116645746,32.7715305558,13698499.7723,0.720995292891,7.06867463626,0.579936459631,0.0242960492395,4057.81578607,532.264037075,306.534048214,0.99751972353,0.0868709895184,0.573907681076,292.486458348,1932.29323146
376,0.553571428571,882,-1.55594367442,123.563954464,32.7819927837,13702872.9836,0.696539600943,7.06867463626,0.57763581895,0.0241856930489,4044.54132638,609.891361785,28.2730870542,0.997673740182,0.0862960854625,0.571665175357,290.736355245,1925.97206018
376.5,0.553571428571,882,14.002768208,120.543124963,32.808491878,13713949.605,0.750768697881,7.06867463626,0.582952965022,0.0244304015842,4087.81698732,564.392123369,-258.750605628,0.997702925583,0.0876147805883,0.576848900642,295.65651795,1946.57951777
377,0.553571428571,882,26.4457981006,110.726306058,32.8437803699,13728700.1946,0.837380748513,7.06867463626,0.591379704742,0.0248212380399,4154.92571755,393.076979862,-501.547859911,0.99763788209,0.0897288005855,0.585059647715,303.441995891,1978.53605598
377.5,0.553571428571,882,33.0045131472,96.297786271,32.8835059618,13745305.492,0.969767286451,7.06867463626,0.604253639434,0.0254186316462,4254.2115242,124.101844793,-650.37471769,0.997531519855,0.0930071908843,0.597593699806,315.290076743,2025.81501152
378,0.553571428571,882,32.2195683067,80.4679793261,32.9147971176,13758385.1951,1.06207798442,7.06867463626,0.613208150655,0.025749988719,4324.32169478,-193.047641006,-652.528133185,0.997362996408,0.0954068584992,0.606287744639,324.040658508,2059.20080704
378.5,0.553571428571,882,24.2656175094,66.7590919522,32.9391570143,13768567.632,1.21401136518,7.06867463626,0.628147080987,0.0260459431763,4433.89099463,-492.607756634,-514.327210453,0.99724118572,0.099702404041,0.620730680035,339.131504239,2111.37666411
379,0.553571428571,882,10.9124523335,58.2214162671,32.9312649651,13765268.7554,1.31718328856,7.06867463626,0.638209050126,0.0262469140915,4501.13665531,-693.12941074,-238.013805752,0.997032905766,0.102646796457,0.630446926664,348.979383885,2143.39840729
379.5,0.553571428571,882,-4.86878497033,56.7546253907,32.8849692585,13745917.1501,1.38204627808,7.06867463626,0.644522318172,0.0263732621709,4531.86046001,-736.233890554,107.821450145,0.996885885003,0.104513437292,0.636538694036,354.327252657,2158.02879048
380,0.553571428571,882,-19.5666946479,62.6850872131,32.8282141468,13722193.5134,1.33216158227,7.06867463626,0.639533745081,0.0262760906475,4482.06747972,-594.372906707,425.77156527,0.996791120114,0.103049789385,0.631723503555,348.160236919,2134.31784749
380.5,0.553571428571,882,-29.9109224526,74.6932459995,32.7925550695,13707288.019,1.19619744585,7.06867463626,0.626149921045,0.0260112430413,4380.82531852,-319.761240902,624.84532512,0.996864162274,0.0991458732932,0.61879754702,334.243292488,2086.10729453
381,0.553571428571,882,-33.5998288951,90.1072297667,32.7748989577,13699907.7643,0.993328967936,7.06867463626,0.60626808792,0.0255249536189,4240.00365857,2.1111802668,661.52615927,0.997057831492,0.0935426504911,0.599551741075,315.014060976,2019.04936122
381.5,0.553571428571,882,-29.8126148878,105.497354405,32.7709248499,13698246.5872,0.87410766243,7.06867463626,0.594786812578,0.0249869680597,4159.96576509,295.449809625,568.363551795,0.997332242819,0.0906006244339,0.58837677371,305.032512678,1980.93607861
382,0.553571428571,882,-19.3919534152,117.439244573,32.7718118779,13698617.365,0.756505652646,7.06867463626,0.583386516322,0.0244562895645,4081.66344865,506.570126962,358.004910718,0.997485491824,0.0877301669425,0.57727060841,295.384299294,1943.64926126
382.5,0.553571428571,882,-4.65649081844,123.275773368,32.7785727974,13701443.4293,0.689753067534,7.06867463626,0.576947778472,0.02415506885,4038.95064109,603.347293665,84.4302280277,0.997630931399,0.0861274458966,0.570994106361,290.10765856,1923.30982909
383,0.553571428571,882,11.1150629542,121.708285597,32.8022336396,13711333.6614,0.741319477735,7.06867463626,0.582034116093,0.0243877620244,4079.91342122,584.168041117,-204.775011658,0.997710981847,0.0873857533732,0.575953301354,294.771176738,1942.81591487
383.5,0.553571428571,882,24.4134627799,113.085554685,32.8370646636,13725893.0294,0.840724164262,7.06867463626,0.591713235331,0.0248363251871,4155.53340102,438.049621189,-463.246747533,0.997649301321,0.0898124980953,0.585384583928,303.600846277,1978.82542906
384,0.553571428571,882,32.2797519568,99.3261789393,32.873661375,13741190.4548,0.924804496507,7.06867463626,0.599857311373,0.025215737276,4221.22048196,181.447281091,-628.024967674,0.997527352615,0.0918825424558,0.593314609466,311.291099641,2010.10499141
384.5,0.553571428571,882,32.9636440308,83.49168438,32.9114292805,13756977.4393,1.05935923736,7.06867463626,0.612975129169,0.0257446928103,4321.83245257,-131.687077193,-666.975326564,0.997421044008,0.0953374438582,0.606062760765,323.73863809,2058.0154536
385,0.553571428571,882,26.3129697889,69.1053207517,32.9342354866,13766510.4334,1.17059833217,7.06867463626,0.623859347974,0.0259613779507,4402.97615821,-437.243064647,-550.626473551,0.997244824205,0.0984633223021,0.616586939012,334.816770874,2096.65531343
385.5,0.553571428571,882,13.8075356271,59.3681218351,32.9350352517,13766844.7352,1.28844282244,7.06867463626,0.635408114546,0.0261909298897,4482.85887176,-662.9109642,-298.811803394,0.997093414677,0.101823436062,0.62774312,346.259389324,2134.69470084
386,0.553571428571,882,-1.77014035426,56.4466603283,32.8972516055,13751051.1711,1.38714479268,7.06867463626,0.645052761564,0.0263831936824,4538.89555146,-744.706443379,39.2877412621,0.996927297411,0.104667671513,0.63705087446,355.11526455,2161.37883403
386.5,0.553571428571,882,-16.9539517555,60.9909751995,32.8395360487,13726926.0684,1.34482091796,7.06867463626,0.640779318718,0.0263007500528,4493.69498262,-633.918986499,370.485805293,0.996783594411,0.103416311032,0.632925691818,349.639598496,2139.85475363
387,0.553571428571,882,-28.3654289041,71.9899349505,32.7981707038,13709635.3542,1.22566472072,7.06867463626,0.629049097927,0.0260686430102,4402.1642852,-379.553562064,597.787934159,0.996845727572,0.0999864119514,0.621598792773,337.192396381,2096.26870724
387.5,0.553571428571,882,-33.4654642964,86.9962191446,32.7789962544,13701620.4343,1.05395835272,7.06867463626,0.612192942349,0.0257341723054,4281.7449462,-60.1624917013,670.277165651,0.997016527093,0.0951368364724,0.605302757826,320.462747967,2038.92616486
388,0.553571428571,882,-31.1192759961,102.670858751,32.7709614482,13698261.8853,0.897747760926,7.06867463626,0.59704847702,0.0250936438888,4175.54361049,243.102277719,597.052419618,0.997252042992,0.0911773676434,0.590578752162,306.97496674,1988.35410023
388.5,0.553571428571,882,-21.8489019692,115.526172505,32.7703849432,13698020.9063,0.773730825556,7.06867463626,0.585052155268,0.0245340180732,4092.78416978,473.449370992,405.244808727,0.99745557149,0.0881469309087,0.578893825324,296.761683894,1948.94484275
389,0.553571428571,882,-7.71704417332,122.701792447,32.7764724433,13700565.4813,0.693609663866,7.06867463626,0.577312564096,0.0241724717222,4040.94825424,593.489222219,140.052951278,0.997609981652,0.0862182680148,0.571349731174,290.376363038,1924.26107345
389.5,0.553571428571,882,8.13189235938,122.601109286,32.7959871385,13708722.6239,0.725615492872,7.06867463626,0.580496563866,0.0243168978693,4067.74623906,597.763622856,-149.103804868,0.997706405976,0.0870037811622,0.574454449235,293.370936611,1937.0220186
390,0.553571428571,882,22.1714444767,115.2465255,32.8293987659,13722688.6841,0.826229362155,7.06867463626,0.590307798932,0.0247709174634,4143.8797052,476.939077174,-418.84687334,0.997668199297,0.0894577289248,0.584015591031,302.260413411,1973.2760501
390.5,0.553571428571,882,31.2777455954,102.27447068,32.8668397676,13738339.0229,0.91189493169,7.06867463626,0.59860659862,0.0251574829278,4210.81008257,237.879416584,-606.163155081,0.997545385864,0.0915631308554,0.592097079816,310.080227864,2005.14765837
391,0.553571428571,882,33.4246007539,86.571288224,32.9038411321,13753805.5932,1.03148877603,7.06867463626,0.610230618187,0.0256904033105,4300.91214378,-68.7759762784,-670.458673324,0.997437555795,0.0945572913605,0.603407261181,320.941418334,2048.0534018
391.5,0.553571428571,882,28.1343245509,71.6310103145,32.9329777908,13765984.7166,1.15990543503,7.06867463626,0.622825871005,0.0259405490153,4395.50886794,-383.190970083,-586.903215792,0.997281944585,0.0981635895806,0.61558824498,333.772059667,2093.09946093
392,0.553571428571,882,16.5840284005,60.777919273,32.9396408436,13768769.8726,1.2818388514,7.06867463626,0.634765026714,0.0261780658656,4479.67766697,-631.405807211,-358.333547048,0.997108195773,0.101634733829,0.62712224578,345.714359281,2133.17984141
392.5,0.553571428571,882,1.34370768921,56.4268790601,32.9077804423,13755452.2249,1.3802147986,7.06867463626,0.644374283985,0.0263696945908,4537.13491041,-744.1905218,-29.7849737644,0.996936763172,0.104466651622,0.63639633669,354.660157157,2160.54043353
393,0.553571428571,882,-14.1955943224,59.5460166508,32.8481141648,13730511.7209,1.34290566631,7.06867463626,0.640596715368,0.026297019291,4494.7916091,-665.492959653,310.207961017,0.996793820748,0.103362002366,0.632749540838,349.638575432,2140.37695671
393.5,0.553571428571,882,-26.5763096239,69.4413092154,32.805134039,13712546.0283,1.23932749378,7.06867463626,0.630400463311,0.0260952570338,4413.28374426,-435.148566985,562.518458482,0.996848521009,0.10037854759,0.622904369679,338.658582139,2101.56368774
394,0.553571428571,882,-33.0436706498,83.9110074734,32.7816987978,13702750.0975,1.09472708568,7.06867463626,0.616208824164,0.0258135866394,4309.93520263,-123.444371867,669.906417148,0.996997250603,0.0962820612756,0.609187508826,324.373850229,2052.35009649
394.5,0.553571428571,882,-32.1586590595,99.7355352958,32.7709412661,13698253.4492,0.906337661535,7.06867463626,0.597854807334,0.0251324057733,4181.08750828,187.209215118,618.39407273,0.997197249324,0.0913843849231,0.591363595992,307.671571298,1990.99405156
395,0.553571428571,882,-24.1181941073,113.393860584,32.7697818848,13697768.8278,0.79408505258,7.06867463626,0.587034613171,0.0246258664233,4106.29093303,436.327924003,449.837748153,0.997444642543,0.0886434083489,0.580825633486,298.422176156,1955.37663477
395.5,0.553571428571,882,-10.711317179,121.846941522,32.7751411387,13700008.996,0.702360011054,7.06867463626,0.578153289379,0.0242119576211,4046.41671367,579.327162294,194.849385506,0.997585070647,0.0864270037666,0.572169396186,291.055723212,1926.86510175
396,0.553571428571,882,5.07887835646,123.213927721,32.7912538604,13706744.1136,0.718621380237,7.06867463626,0.579806923715,0.0242853369702,4061.81246328,607.629227279,-92.9150854161,0.997696001406,0.0868330008425,0.573782080885,292.710567633,1934.19641109
396.5,0.553571428571,882,19.738999496,117.190658302,32.8240583819,13720456.4036,0.816112660615,7.06867463626,0.589323998979,0.0247252658971,4135.73356748,512.076997765,-371.741187305,0.997676583795,0.0892099776196,0.583057196542,301.325251976,1969.39693689
397,0.553571428571,882,30.0071001211,105.117339128,32.859557471,13735295.0229,0.894643209723,7.06867463626,0.596928215619,0.0250796346166,4197.32836877,291.477687647,-578.567437168,0.997557921286,0.0911357929292,0.590462996234,308.49628779,1998.72779465
397.5,0.553571428571,882,33.5984793989,89.6803406766,32.8943620513,13749843.3375,0.982089473502,7.06867463626,0.605414075094,0.0254742354551,4265.06290101,-6.32362853118,-664.658551726,0.99745951393,0.0933079129532,0.598722617223,316.518396602,2030.98233381
398,0.553571428571,882,29.7140384963,74.3144679324,32.9281017103,13763946.5149,1.13425118625,7.06867463626,0.62033108103,0.0258905765258,4376.99420928,-324.713821388,-615.124749828,0.99734694183,0.0974429824748,0.61317684008,331.223774866,2084.2829568
398.5,0.553571428571,882,19.2180838405,62.438700076,32.941607458,13769591.9175,1.26783585031,7.06867463626,0.633403857463,0.0261507891042,4470.82359931,-593.253066465,-413.666525213,0.997143461213,0.101235575638,0.625808012609,344.397727597,2128.96361872
399,0.553571428571,882,4.44601486123,56.695451484,32.9170470468,13759325.6656,1.36833752667,7.06867463626,0.643213858149,0.026346558585,4531.70438254,-736.223126505,-98.2826402841,0.996956772605,0.104122984047,0.635276800031,353.692529969,2157.95446788
399.5,0.553571428571,882,-11.3153134005,58.3626220643,32.8587272278,13734947.9812,1.35696296436,7.06867463626,0.641996469958,0.0263244018187,4507.30045656,-694.549898292,248.410275573,0.996811299462,0.103772895007,0.634100644875,351.255353564,2146.33355074
400,0.553571428571,882,-24.5589310461,67.0692584971,32.8100873998,13714616.5331,1.2795397165,7.06867463626,0.634359537755,0.0261735873289,4441.71643714,-491.084494006,525.953782374,0.996827981433,0.101532665073,0.626728168936,342.655814383,2115.10306531
400.5,0.553571428571,882,-32.3380706674,80.8780930992,32.7839703127,13703699.5907,1.1149780126,7.06867463626,0.618174034301,0.0258530338764,4323.97783886,-186.042916305,659.540712271,0.996940054246,0.096847150043,0.611087674211,326.322850391,2059.03706613
401,0.553571428571,882,-32.9218369976,96.7165950229,32.7737763496,13699438.5141,0.959989718585,7.06867463626,0.603079381061,0.0253745104189,4217.77399089,131.066208584,642.429734142,0.997169772179,0.0927194910988,0.59644924479,312.22060139,2008.46380518
401.5,0.553571428571,882,-26.180339274,111.060622866,32.7668721319,13696552.5511,0.793166021286,7.06867463626,0.586904237463,0.0246217192991,4104.66176993,392.605810512,488.046027206,0.997375690714,0.0886131094511,0.580698312247,298.267197899,1954.60084283
402,0.553571428571,882,-13.6135925458,120.718562759,32.7730157671,13699120.5907,0.705264341333,7.06867463626,0.578437773833,0.0242250633973,4047.85335223,559.183324541,247.814131096,0.997586199064,0.0864973780454,0.572446779609,291.25494128,1927.54921535
402.5,0.553571428571,882,1.98224275135,123.541477512,32.7864445454,13704733.82,0.706179701847,7.06867463626,0.578588899631,0.0242291939572,4052.21693813,611.310057259,-36.1273569241,0.997692541194,0.0865312829194,0.57259453865,291.607932677,1929.62711339
403,0.553571428571,882,17.1370196843,118.901255273,32.8173091401,13717635.2205,0.787788981196,7.06867463626,0.586564509932,0.0245974554319,4114.96983464,539.843346446,-320.100492771,0.99769144993,0.0885171756616,0.580368562844,298.862228012,1959.50944507
403.5,0.553571428571,882,28.4787288869,107.830367382,32.8523922938,13732299.9788,0.873939014326,7.06867463626,0.594925718157,0.0249862070359,4181.64372288,341.717460806,-545.792395274,0.997592794272,0.0906265226122,0.588513172381,306.638626993,1991.25891566
404,0.553571428571,882,33.4837865524,92.7921386275,32.889502637,13747812.1023,0.983638113795,7.06867463626,0.605581299773,0.0254812236869,4264.96255063,55.2437439624,-662.492081501,0.997485704448,0.0933499204825,0.598885461288,316.567341852,2030.93454792
404.5,0.553571428571,882,31.0385437369,77.1326458551,32.9222675772,13761507.8473,1.10343512295,7.06867463626,0.617284310498,0.0258305492215,4354.41934545,-263.894464945,-636.56442497,0.997344919641,0.0965703896893,0.61023052783,328.141387233,2073.53302165
405,0.553571428571,882,21.6870785034,64.3362000867,32.9408834266,13769289.2723,1.24235425081,7.06867463626,0.630912620992,0.0261011529221,4453.43958223,-548.415543705,-463.436084641,0.997185455117,0.100508027064,0.623402070903,341.907618082,2120.68551535
405.5,0.553571428571,882,7.51013598546,57.2500708782,32.9249324146,13762621.7493,1.34859306316,7.06867463626,0.641286579647,0.0263080978995,4520.60414272,-720.345285888,-165.187870587,0.996992969464,0.103553076763,0.633417203384,351.925176123,2152.66863939
406,0.553571428571,882,-8.33784722129,57.4509554101,32.8719331657,13740468.0632,1.37776581052,7.06867463626,0.644069975743,0.0263649241517,4525.16024369,-719.340355688,184.268081027,0.996840221203,0.104382604039,0.636101811704,353.603180555,2154.83821128
406.5,0.553571428571,882,-22.3306200842,64.8941559263,32.8168611692,13717447.9687,1.30719708719,7.06867463626,0.637071937976,0.0262274617448,4462.11823042,-542.099099377,482.174947021,0.996797429678,0.102327465276,0.629346982003,345.480740044,2124.81820496
407,0.553571428571,882,-31.3547246248,77.9235251956,32.7866539818,13704821.3644,1.14861887234,7.06867463626,0.621472594455,0.0259185636654,4347.25526839,-248.754680365,645.853581305,0.996900314332,0.0977956019178,0.614276792535,329.572573975,2070.12155638
407.5,0.553571428571,882,-33.4022550081,93.6399670844,32.7751678381,13700020.1563,0.988809867696,7.06867463626,0.605866735308,0.0255045612011,4237.31357531,71.5852034451,656.903528193,0.997123745035,0.0934368945631,0.599161522738,314.663080339,2017.76836919
408,0.553571428571,882,-28.0176260636,108.546499124,32.7705672289,13698097.1017,0.840444332625,7.06867463626,0.591501354421,0.0248350624483,4137.2514461,350.331036031,529.234326132,0.997338159218,0.0897699927638,0.585176880104,302.229360863,1970.11973624
408.5,0.553571428571,882,-16.3989431358,119.326347608,32.7727346852,13699003.0984,0.725073314811,7.06867463626,0.580339605956,0.0243144512935,4060.89328941,536.752676405,300.14568251,0.997527701573,0.0869707697456,0.574300736542,292.843927831,1933.75870924
409,0.553571428571,882,-1.13141799172,123.580945391,32.782450452,13703064.2889,0.697437672584,7.06867463626,0.577720760405,0.0241897455928,4045.24012232,610.366802052,20.5646378729,0.997668849964,0.0863172501325,0.571747980429,290.815780176,1926.30482015
409.5,0.553571428571,882,14.3878529934,120.363624392,32.8094198573,13714337.5003,0.754265452767,7.06867463626,0.583294107064,0.0244461806735,4090.40463546,561.65158829,-266.139522128,0.997701858095,0.0876998228436,0.577181403164,295.960235067,1947.81173117
410,0.553571428571,882,26.7057588071,110.390253714,32.8442813892,13728909.6207,0.835858490853,7.06867463626,0.591228422125,0.0248143688596,4154.00577877,386.551798398,-506.279089957,0.997633647135,0.0896908164606,0.584912264765,303.322796323,1978.09798989
410.5,0.553571428571,882,33.0815072913,95.8799553858,32.8846104817,13745767.1814,0.973282543486,7.06867463626,0.604598303957,0.0254344942264,4256.88530984,115.986141699,-652.555358088,0.997533415683,0.0930955890862,0.597929121164,315.610943524,2027.08824278
411,0.553571428571,882,32.0964643279,80.0613392429,32.9140930601,13758090.8991,1.058183732,7.06867463626,0.612820469397,0.025742403017,4321.4613082,-201.042413489,-649.257562024,0.997358422814,0.095296834441,0.60591262767,323.653125349,2057.83871819
411.5,0.553571428571,882,23.9698066239,66.454122008,32.9396061421,13768755.3674,1.21855714705,7.06867463626,0.62859957265,0.0260547980073,4437.13531665,-499.740242906,-508.737749711,0.997246396418,0.0998332174099,0.621167935373,339.585718112,2112.92157936
412,0.553571428571,882,10.5097538589,58.0859737133,32.9308605673,13765099.7171,1.32318322137,7.06867463626,0.638797741351,0.0262586014959,4505.08307659,-697.239824061,-229.611233183,0.997026523587,0.102819825752,0.631015175681,349.559064869,2145.27765552
412.5,0.553571428571,882,-5.28876872359,56.8188468346,32.8833533517,13745241.701,1.38152932149,7.06867463626,0.644465633548,0.0263722551795,4531.02516788,-734.625437442,117.092495783,0.996877194975,0.10449721741,0.636483919845,354.237447399,2157.63103232
413,0.553571428571,882,-19.9105153132,62.9346830803,32.8266733061,13721549.4419,1.32779364187,7.06867463626,0.639102795566,0.0262675822379,4478.69560676,-588.163079452,432.680320532,0.996791882546,0.102923212646,0.63130751736,347.69994747,2132.7121937
413.5,0.553571428571,882,-30.1020783099,75.0726800321,32.7917549652,13706953.5754,1.19140759645,7.06867463626,0.625680756648,0.0260019127856,4377.40214886,-311.392039017,627.945777523,0.996870506958,0.0990099361832,0.618344193184,333.768729751,2084.47721374
414,0.553571428571,882,-33.5957868642,90.5320761023,32.775310418,13700079.7547,0.993818158189,7.06867463626,0.606319931121,0.0255271610875,4240.46708405,10.4774453156,661.555777834,0.997064510595,0.0935557446063,0.599602216039,315.066067306,2019.27004002
414.5,0.553571428571,882,-29.6142743397,105.873082729,32.7707257578,13698163.3667,0.867782895558,7.06867463626,0.594168489776,0.0249584275801,4155.65779827,302.086327728,563.59987131,0.997331601862,0.0904440722572,0.587774605732,304.501735802,1978.88466584
415,0.553571428571,882,-19.0434460575,117.682253562,32.7719722959,13698684.4197,0.753489358372,7.06867463626,0.583096430357,0.0244426785514,4079.70447265,510.638668576,351.283536879,0.997493457828,0.0876575919824,0.576987901258,295.142831454,1942.71641555
415.5,0.553571428571,882,-4.23536118259,123.331992374,32.7772321764,13700883.0498,0.679870055594,7.06867463626,0.575984012336,0.0241104718069,4031.97305614,602.647052064,76.5759184881,0.9976345875,0.0858894151093,0.570054300651,289.282222457,1919.98716959
416,0.553571428571,882,11.5151115375,121.565205627,32.803022703,13711663.4899,0.74277905034,7.06867463626,0.58218359953,0.0243943483386,4081.14226371,581.80495,-212.24474098,0.99772268074,0.0874225555127,0.576099057958,294.909506055,1943.40107796
416.5,0.553571428571,882,24.7034176134,112.775011706,32.8382008284,13726367.9463,0.84070254685,7.06867463626,0.591710077842,0.0248362276387,4155.79908178,432.183423384,-468.777260409,0.997647539815,0.0898117636528,0.585381500846,303.619372992,1978.9519437
417,0.553571428571,882,32.3950967221,98.9172702307,32.875501234,13741959.5158,0.933960892864,7.06867463626,0.600752098792,0.0252570554699,4227.89079686,173.942375094,-631.906392819,0.997527379573,0.0921109241434,0.594185644986,312.099771513,2013.28133184
417.5,0.553571428571,882,32.8787139734,83.075394058,32.9121657593,13757285.2874,1.06135915543,7.06867463626,0.613165568313,0.0257485884958,4323.33914876,-140.196970409,-665.669083356,0.997409290885,0.0953922470174,0.606246916019,323.939231391,2058.73292798
418,0.553571428571,882,26.0466622473,68.774275377,32.9347360412,13766719.6652,1.17502380191,7.06867463626,0.624294992341,0.0259699984229,4406.11686114,-444.751243922,-545.766311411,0.997242148027,0.0985890562281,0.61700800341,335.254509758,2098.15088626
418.5,0.553571428571,882,13.4191052857,59.1959805654,32.934645505,13766681.8211,1.29057602666,7.06867463626,0.635614974539,0.0261950852063,4484.17880653,-667.018649784,-290.572258208,0.997087283061,0.101884246807,0.627942814753,346.457981537,2135.32324121
419,0.553571428571,882,-2.19426591187,56.4717254081,32.8956975124,13750401.5602,1.38683894604,7.06867463626,0.645020566893,0.0263825979169,4538.24522321,-744.013494062,48.6921402269,0.99692423581,0.104658340993,0.637019783718,355.050059984,2161.06915391
419.5,0.553571428571,882,-17.3194025918,61.2076695305,32.8365793744,13725690.1785,1.33689264576,7.06867463626,0.639996508603,0.0262853063927,4487.52237843,-627.670360437,377.561506487,0.996784046174,0.103186152811,0.632170124432,348.798641973,2136.9154183
420,0.553571428571,882,-28.5908904839,72.3500430216,32.7974949614,13709352.8939,1.22253930535,7.06867463626,0.628747658683,0.0260625549432,4399.92111567,-371.621471526,601.98383525,0.99685728089,0.0998983320294,0.621307651914,336.881475218,2095.20053127
420.5,0.553571428571,882,-33.5007703544,87.4196152111,32.7784372681,13701386.7781,1.04649368259,7.06867463626,0.611458158777,0.0257196317062,4276.57018297,-51.567037966,669.487552462,0.997020925501,0.094927853657,0.604591830899,319.747896125,2036.46199189
421,0.553571428571,882,-30.956570768,103.06333519,32.770993271,13698275.1873,0.895698534696,7.06867463626,0.596854239344,0.0250843967654,4174.21484927,250.496131594,593.608072669,0.997262000106,0.0911276520996,0.590389668784,306.808180851,1987.72135679
421.5,0.553571428571,882,-21.5243881357,115.800401458,32.7702379443,13697959.4607,0.768841205525,7.06867463626,0.584575897015,0.0245119536867,4089.46606325,477.884991321,398.683022598,0.997458174229,0.0880278663227,0.578429693217,296.35817387,1947.36479202
422,0.553571428571,882,-7.30292759346,122.796756678,32.7769865549,13700780.3799,0.694375855046,7.06867463626,0.577390892164,0.0241759291561,4041.61538736,595.36366421,132.570966521,0.997615940806,0.0862374327625,0.571426130917,290.450019831,1924.57875588
422.5,0.553571428571,882,8.54346879281,122.495678805,32.7959838516,13708721.25,0.724357425743,7.06867463626,0.580373073122,0.0243112208476,4066.89292228,595.62063551,-156.595168927,0.997705496172,0.08697315646,0.574334057427,293.267613377,1936.61567728
423,0.553571428571,882,22.4889030655,114.964159087,32.830140414,13722998.6931,0.827589296926,7.06867463626,0.590441605155,0.0247770541624,4144.99192213,471.803425201,-425.022988294,0.997669708919,0.0894913593663,0.584145947611,302.38770619,1973.80567721
423.5,0.553571428571,882,31.4304503058,101.877996194,32.8679396574,13738798.7768,0.912994635594,7.06867463626,0.598713051331,0.0251624453363,4211.8289659,230.279454907,-609.344105343,0.997543697601,0.0915903010547,0.592200711957,310.193000439,2005.63284091
424,0.553571428571,882,33.3785740674,86.1489231082,32.9051145401,13754337.8777,1.03678979789,7.06867463626,0.610753700542,0.0257007292905,4304.85322343,-77.3753501584,-670.638091331,0.997436151918,0.0947056875131,0.60391343996,321.469977706,2049.9301064
424.5,0.553571428571,882,27.8998076224,71.2767328002,32.9332986949,13766118.8545,1.16129798736,7.06867463626,0.622959091802,0.0259432615994,4396.51367565,-390.74322824,-582.252060035,0.99727490924,0.0982023309444,0.615716968321,333.910293815,2093.57794079
425,0.553571428571,882,16.213202353,60.5705577786,32.9390719811,13768532.0881,1.28226610413,7.06867463626,0.634806017761,0.0261788981209,4479.8055712,-635.939916242,-350.350593423,0.997106273549,0.101646814602,0.62716181323,345.743510303,2133.24074819
425.5,0.553571428571,882,0.919083067832,56.4125724963,32.9063843826,13754868.6719,1.37987360109,7.06867463626,0.644340182223,0.0263690299645,4536.51535014,-744.372973404,-20.3689489447,0.996936151337,0.104456617632,0.636363426983,354.596003911,2160.24540483
426,0.553571428571,882,-14.5795365361,59.7279482956,32.8469714253,13730034.0558,1.34192536788,7.06867463626,0.640500210422,0.0262951097456,4493.81728979,-661.28950519,318.488307168,0.996794323706,0.10333359671,0.632656399744,349.518168982,2139.91299514
426.5,0.553571428571,882,-26.8341404759,69.7789984195,32.8042721784,13712185.7706,1.23732465658,7.06867463626,0.630203527466,0.0260913556621,4411.70409009,-427.734226932,567.621751384,0.996849950186,0.1003212569,0.622714132074,338.447509817,2100.81147147
427,0.553571428571,882,-33.1180215592,84.3293167957,32.7814758697,13702656.9136,1.09082605729,7.06867463626,0.615825173311,0.0258059877382,4307.25142366,-114.831283773,670.639638053,0.997000081332,0.096172358624,0.608816450601,323.999855779,2051.0721065
427.5,0.553571428571,882,-32.0329865982,100.141388938,32.7704250601,13698037.6751,0.900494756005,7.06867463626,0.597287180831,0.0251060396907,4177.0485953,194.698950918,614.983699301,0.997202522551,0.0912398286188,0.590810953934,307.175203869,1989.07075967
428,0.553571428571,882,-23.8204609907,113.696954196,32.7701525004,13697923.7452,0.793750379079,7.06867463626,0.587006288156,0.0246243562108,4106.18890098,441.954370684,444.25780458,0.997452079794,0.0886360546731,0.580798063931,298.404169258,1955.32804808
428.5,0.553571428571,882,-10.3077704304,121.979835346,32.7753171178,13700082.5552,0.701178861418,7.06867463626,0.578038097837,0.0242066276892,4045.66586292,581.558933855,187.448619327,0.99758548161,0.0863984877536,0.57205708167,290.962815819,1926.50755377
429,0.553571428571,882,5.49844768174,123.147052253,32.792036688,13707071.3356,0.720910120078,7.06867463626,0.580031436767,0.0242956648976,4063.55597362,606.823357526,-100.660126816,0.997697407651,0.0868886463288,0.574000966993,292.912131256,1935.02665411
429.5,0.553571428571,882,20.0812352436,116.93889365,32.8249759801,13720839.9597,0.818564174113,7.06867463626,0.589561978813,0.0247363283398,4137.60935988,507.704729393,-378.461648709,0.997673842246,0.0892699017464,0.583289034222,301.544516853,1970.29017137
430,0.553571428571,882,30.1958532225,104.736704115,32.8606556532,13735754.063,0.898015297627,7.06867463626,0.597255932755,0.0250948511468,4199.87727627,284.417637306,-582.778426104,0.997554887502,0.0912191768993,0.590782077022,308.799183417,1999.94156013
430.5,0.553571428571,882,33.5917513985,89.2555283876,32.8958149897,13750450.6657,0.990282246177,7.06867463626,0.606212023022,0.0255112053018,4270.97112531,-14.7611550003,-666.046953155,0.997455231562,0.0935132896277,0.599499043465,317.243097094,2033.79577396
431,0.553571428571,882,29.5133264059,73.9400011066,32.9288086512,13764242.0162,1.14268770797,7.06867463626,0.621158183603,0.0259070102166,4382.89016657,-333.292382009,-612.488638643,0.997336232516,0.097681040443,0.613976446269,332.047227869,2087.09055551
431.5,0.553571428571,882,18.8680470472,62.1978993487,32.9415132852,13769552.5532,1.27067885303,7.06867463626,0.633677420566,0.0261563270533,4472.68480063,-598.908282249,-406.452368049,0.997131894693,0.101316004093,0.62607211573,344.669369994,2129.84990506
432,0.553571428571,882,4.02453820304,56.6418961532,32.9161696563,13758958.9163,1.37376282434,7.06867463626,0.643747206,0.0263571266447,4535.13359391,-738.483681973,-89.0954654999,0.996952716906,0.104280570932,0.635791416963,354.208949221,2159.58742567
432.5,0.553571428571,882,-11.7144493787,58.5082284437,32.8571502414,13734288.8009,1.35362923977,7.06867463626,0.641662043874,0.0263179079814,4504.5733675,-690.634123855,256.905155959,0.99680332308,0.103674891779,0.633777821988,350.889944757,2145.0349369
433,0.553571428571,882,-24.8469167061,67.3816284804,32.8091399976,13714220.519,1.27361291247,7.06867463626,0.633777204599,0.0261620423738,4437.47479385,-483.554833565,531.198572895,0.996832860134,0.10136245943,0.626165832148,342.061643577,2113.08323517
433.5,0.553571428571,882,-32.4508278412,81.2877228913,32.7836489816,13703565.2743,1.11308133242,7.06867463626,0.617991916425,0.0258493392903,4322.64739084,-177.588456655,661.4679907,0.99694852769,0.096794550632,0.610911623786,326.13922526,2058.40351945
434,0.553571428571,882,-32.834276682,97.1323400625,32.7734396343,13699297.7671,0.953555088075,7.06867463626,0.60245236788,0.0253454741801,4213.37212595,138.934875034,639.597395475,0.997172352987,0.0925587802849,0.595839005788,311.673024709,2006.36767902
434.5,0.553571428571,882,-25.9119440524,111.38997792,32.7670939882,13696645.2871,0.792036688319,7.06867463626,0.586798797141,0.0246166231896,4103.99134963,398.630784914,482.903658656,0.997384023204,0.0885864059556,0.580595603792,298.181353081,1954.28159506
435,0.553571428571,882,-13.2240816212,120.888244775,32.7729818365,13699106.4076,0.702156632586,7.06867463626,0.578134871186,0.0242110398768,4045.75663902,561.783326731,240.514429364,0.997587585225,0.0864223632862,0.572151447483,291.001748179,1926.55078049
435.5,0.553571428571,882,2.40620136058,123.51373144,32.7872270009,13705060.8864,0.708905459466,7.06867463626,0.578857455299,0.0242414939252,4054.26357618,611.302125953,-43.8899502981,0.997696243583,0.0865976653042,0.572856393826,291.845568818,1930.60170294
436,0.553571428571,882,17.5010931874,118.682254745,32.8184803642,13718124.7922,0.793658005168,7.06867463626,0.587136216978,0.024623939374,4119.21362748,536.658406685,-327.453642287,0.997688198365,0.0886604947997,0.580925634087,299.36748639,1961.5302988
436.5,0.553571428571,882,28.7019092117,107.468841049,32.8538911735,13732926.5105,0.878368019976,7.06867463626,0.595354256445,0.0250061929023,4184.9906149,335.221554704,-550.780592814,0.997585595033,0.0907353777872,0.58893046412,307.03495785,1992.85267376
437,0.553571428571,882,33.5164150237,92.3685278041,32.8900699537,13748049.2406,0.983785021359,7.06867463626,0.605592262639,0.0254818866065,4265.18547349,46.8655461403,-663.182037389,0.997480116656,0.0933529482381,0.598896102983,316.588531044,2031.04070166
437.5,0.553571428571,882,30.873360366,76.7412059481,32.9232463936,13761916.9925,1.10885421268,7.06867463626,0.617819753455,0.0258411051885,4358.37363399,-272.369873227,-634.218558342,0.99734472776,0.0967235386598,0.610748366797,328.681323095,2075.41601619
438,0.553571428571,882,21.3608373695,64.0640283222,32.9408350093,13769269.0339,1.2447046712,7.06867463626,0.631140217295,0.026105731359,4454.99664998,-554.597154602,-456.76559846,0.997178099368,0.100574606881,0.623621865835,342.133103161,2121.42697618
438.5,0.553571428571,882,7.09542728012,57.1577267578,32.9240925858,13762270.7009,1.35123291575,7.06867463626,0.641545239897,0.0263132401279,4522.15486183,-722.871948083,-156.17327408,0.996989642263,0.103629396889,0.633666812718,352.166583721,2153.40707706
439,0.553571428571,882,-8.7487488546,57.5589859363,32.8688800991,13739191.8814,1.36714747587,7.06867463626,0.643018622036,0.0263442404583,4517.10379498,-714.691000638,192.739106766,0.996836364053,0.104072626596,0.635087281941,352.487625318,2151.00180713
439.5,0.553571428571,882,-22.6462870935,65.1785237973,32.8154140719,13716843.0821,1.30311283826,7.06867463626,0.63667849363,0.0262195059442,4459.03263902,-535.303543623,488.393100881,0.996813047403,0.102211361167,0.628967252241,345.058312731,2123.34887572
440,0.553571428571,882,-31.5049196112,78.3209572186,32.7862384781,13704647.6838,1.14182166828,7.06867463626,0.620804802135,0.0259053232384,4342.57640656,-240.08937945,647.655526284,0.996906203458,0.0976034008531,0.613631211941,328.916516799,2067.89352693
440.5,0.553571428571,882,-33.3535588785,94.0620327592,32.7750475486,13699969.8753,0.986343796126,7.06867463626,0.605631517993,0.0254934330652,4235.66415116,79.8331219034,655.513849764,0.997133083423,0.0933760434463,0.598932688393,314.455846659,2016.98292912
441,0.553571428571,882,-27.7808739367,108.899286847,32.7702743025,13697974.6584,0.833782322199,7.06867463626,0.590852370894,0.0248050001587,4132.70810458,356.337594212,523.795943415,0.997341384211,0.0896062930269,0.584544715547,301.672838433,1967.95624027
441.5,0.553571428571,882,-16.0268134767,119.531360446,32.7728920834,13699068.8909,0.722042200551,7.06867463626,0.580048227951,0.0243007734052,4058.92390299,540.059026991,293.092670344,0.997535999824,0.0868981792396,0.574016707755,292.60231501,1932.82090618
442,0.553571428571,882,-0.706711405259,123.59256702,32.7829563807,13703275.7672,0.698021510323,7.06867463626,0.577779927028,0.0241923801578,4045.77327225,610.699541621,12.8477329819,0.997672485409,0.0863317625386,0.571805685623,290.8736525,1926.55870107
442.5,0.553571428571,882,14.770637288,120.179268946,32.8104462898,13714766.5492,0.756582240584,7.06867463626,0.583520139249,0.0244566351672,4092.22193071,558.635231746,-273.412798675,0.997701163945,0.0877561918277,0.577401706534,296.168993489,1948.67710986
443,0.553571428571,882,26.9614494984,110.050941149,32.844434929,13728973.8003,0.834477159222,7.06867463626,0.591091758694,0.0248081356074,4153.09907357,379.977226814,-510.935458608,0.997630838517,0.089656474021,0.584779127068,303.209489468,1977.66622551
443.5,0.553571428571,882,33.153211994,95.4611843476,32.8858040551,13746266.095,0.97706751434,7.06867463626,0.60496921973,0.0254515738889,4259.76431038,107.843572963,-654.685981847,0.997535135179,0.0931907783621,0.598290078693,315.956586995,2028.45919542
444,0.553571428571,882,31.9682284076,79.6562882639,32.9150329183,13758483.7598,1.06280372784,7.06867463626,0.613274032336,0.025751402411,4324.83773602,-209.531732923,-647.577819993,0.997353492561,0.0954261156026,0.606351407951,324.110707287,2059.44654096
444.5,0.553571428571,882,23.6701631777,66.152916842,32.9402281507,13769015.367,1.22424597124,7.06867463626,0.629157835927,0.0260658793961,4441.15561051,-506.974556332,-503.213344618,0.997240213938,0.0999954247425,0.621707268422,340.150317235,2114.836005
445,0.553571428571,882,10.1053749673,57.9556339309,32.9299167781,13764705.2133,1.32483952838,7.06867463626,0.638956253301,0.0262618278536,4505.91673081,-700.367162195,-220.864808919,0.997018524219,0.102866807624,0.631168121124,349.698744889,2145.67463372
445.5,0.553571428571,882,-5.70790684937,56.8883736522,32.8818588032,13744616.9797,1.38170147613,7.06867463626,0.644481086732,0.0263725905234,4530.7192808,-733.05252121,126.366354307,0.996874793336,0.104501926423,0.636498807587,354.221209679,2157.48537181
446,0.553571428571,882,-20.2511524628,63.188606453,32.8255319446,13721072.3528,1.32582935243,7.06867463626,0.638908612224,0.0262637559542,4477.05442175,-582.281961362,439.808574486,0.996791628657,0.102866234155,0.631120065852,347.483295319,2131.93067702
446.5,0.553571428571,882,-30.2884211103,75.4545008115,32.790813712,13706560.1316,1.18625366818,7.06867463626,0.625173430382,0.0259918733326,4373.68021609,-302.960133916,630.86072171,0.996873357532,0.0988632545663,0.617853908648,333.255124478,2082.7048648
447,0.553571428571,882,-33.5863731632,90.9568373636,32.7757168373,13700249.638,0.993812229575,7.06867463626,0.606323715745,0.0255271343347,4240.59853021,18.8422957286,661.391788928,0.997071686508,0.093556449032,0.599605932015,315.076253438,2019.33263343
447.5,0.553571428571,882,-29.4111987303,106.246273088,32.7704497487,13698047.995,0.860699001274,7.06867463626,0.593476385802,0.0249264615417,4150.82223314,308.584860708,558.642010651,0.99733160963,0.0902689727782,0.587100554883,303.907101931,1976.58201578
448,0.553571428571,882,-18.6918938208,117.920836402,32.7721397557,13698754.4179,0.750312892528,7.06867463626,0.582791235189,0.0244283447647,4077.64306228,514.596386669,344.501893915,0.997502360427,0.0875812520446,0.576690464749,294.888808778,1941.73479156
448.5,0.553571428571,882,-3.81355434984,123.382881889,32.7788371463,13701553.9271,0.688672529833,7.06867463626,0.576846514357,0.0241501929289,4038.31750135,605.121602935,69.1271690899,0.997638433755,0.0861021872622,0.570895389974,290.027256458,1923.00833398
449,0.553571428571,882,11.9133189559,121.417078659,32.8039009126,13712030.5815,0.743212501919,7.06867463626,0.582219885678,0.0243963042868,4081.61107518,579.167838122,-219.619757123,0.997712262835,0.0874319354439,0.576134386759,294.956940796,1943.62432151
449.5,0.553571428571,882,24.9894225882,112.460827204,32.8379551688,13726265.2606,0.836111723381,7.06867463626,0.591261094317,0.0248155115702,4152.63204663,425.67789708,-473.599870556,0.997647016532,0.0896985824932,0.58494414739,303.232213635,1977.44383173
450,0.553571428571,882,32.5052617971,98.5069357292,32.8769161417,13742550.9472,0.941570419681,7.06867463626,0.601499158095,0.0252913934225,4233.42959206,166.296121079,-635.422568547,0.997533100372,0.0923016059269,0.594912855226,312.772779995,2015.91885336
450.5,0.553571428571,882,32.7885268997,82.6602109194,32.9128838287,13757585.4404,1.0631477531,7.06867463626,0.613336321921,0.0257520725456,4324.70539451,-148.685842915,-664.213876784,0.997399496916,0.0954413564311,0.60641203856,324.120143032,2059.38352119
451,0.553571428571,882,25.7761900742,68.4466238084,32.9354358511,13767012.1858,1.18058172999,7.06867463626,0.624842718251,0.0259808248363,4410.08463064,-452.360205876,-540.988221288,0.997239753205,0.0987471775687,0.617537384077,335.806475499,2100.04030031
451.5,0.553571428571,882,13.0285293478,59.0287645866,32.9339571608,13766394.0932,1.29095349044,7.06867463626,0.635647352432,0.0261958204765,4484.21412744,-670.676703196,-282.130531567,0.997079570636,0.101894160731,0.627974010348,346.477210479,2135.34006069
452,0.553571428571,882,-2.61804062572,56.5021513634,32.8940652715,13749719.2835,1.38661409658,7.06867463626,0.644998004046,0.0263821599275,4537.63976306,-743.217432971,58.0865193574,0.996923693866,0.104651705381,0.636998009531,354.992317761,2160.78083955
452.5,0.553571428571,882,-17.6820842084,61.4289675012,32.8353306393,13725168.2072,1.33743434432,7.06867463626,0.640050227129,0.0262863615795,4487.54913787,-622.893869442,385.497508808,0.996784378272,0.103201918595,0.632221978463,348.825402494,2136.92816089
453,0.553571428571,882,-28.8117806324,72.7129731652,32.7970647398,13709173.0612,1.22140816821,7.06867463626,0.628635427224,0.0260603515756,4399.03774118,-363.852001798,606.421460361,0.99685649237,0.0998658368688,0.621199208718,336.763058471,2094.77987675
453.5,0.553571428571,882,-33.5307199348,87.8434238583,32.7778878469,13701157.12,1.03829225959,7.06867463626,0.610648860107,0.0257036559695,4270.88776358,-42.9917783764,668.441634114,0.99702251633,0.0946980686375,0.603808731368,318.96321244,2033.7560779
454,0.553571428571,882,-30.7889158572,103.453722917,32.7710549062,13698300.9508,0.893297563576,7.06867463626,0.5966262055,0.025073562395,4172.66101741,257.817881715,590.017582144,0.997272913084,0.0910693320037,0.590167679044,306.612982351,1986.98143686
454.5,0.553571428571,882,-21.1964327424,116.070505154,32.770112256,13697906.923,0.762594931265,7.06867463626,0.583967331926,0.0244837674046,4085.24157798,482.05035862,391.927503686,0.997461221518,0.0878758508902,0.577836598402,295.844123169,1945.35313237
455,0.553571428571,882,-6.88764333989,122.886476996,32.7773231828,13700921.0904,0.694846886337,7.06867463626,0.57744132394,0.0241780546825,4042.04642739,597.089205752,125.052540343,0.997623539223,0.0862496495915,0.571475335309,290.497133309,1924.78401304
455.5,0.553571428571,882,8.95367920094,122.385052552,32.7976226073,13709406.2499,0.730234956081,7.06867463626,0.580947207427,0.0243377431745,4071.26301939,594.625511152,-164.399488408,0.997704936735,0.0871157421122,0.574893756303,293.777759455,1938.6966759
456,0.553571428571,882,22.802765877,114.677801125,32.8309317059,13723329.4531,0.829249930645,7.06867463626,0.590599728544,0.024784547764,4146.28460046,466.622744803,-431.168447659,0.997662650661,0.0895314186531,0.584299955706,302.537648272,1974.42123831
456.5,0.553571428571,882,31.5781295644,101.479622521,32.868967316,13739228.3381,0.913724812044,7.06867463626,0.598783167906,0.025165740254,4212.5778113,222.61365451,-612.365329292,0.997541635015,0.0916082338031,0.592268966053,310.273135357,2005.98943395
457,0.553571428571,882,33.3272104413,85.7271737458,32.9063299652,13754845.9255,1.04171014992,7.06867463626,0.61123944583,0.0257103137551,4308.52200155,-85.9804120002,-670.630424467,0.997435219502,0.0948435561336,0.604383471177,321.961743854,2051.6771436
457.5,0.553571428571,882,27.6608297607,70.9254489713,32.9337413927,13766303.9022,1.16325107709,7.06867463626,0.623148012697,0.0259470660669,4397.93554136,-398.306985779,-577.602152185,0.997268368591,0.0982570892606,0.615899537568,334.105466643,2094.25501969
458,0.553571428571,882,15.8397839575,60.3679017925,32.9383409053,13768226.4984,1.28262611991,7.06867463626,0.634839871794,0.0261795994037,4479.84005541,-640.353939293,-342.300028289,0.997103576199,0.101656857071,0.627194481525,345.762320202,2133.25716924
458.5,0.553571428571,882,0.494311493173,56.403636266,32.904753409,13754186.925,1.37957064619,7.06867463626,0.644309920608,0.0263684398318,4535.85749866,-744.433742578,-10.9530352087,0.996935635725,0.104447712238,0.636334223362,354.530626456,2159.93214222
459,0.553571428571,882,-14.9611476105,59.9147201745,32.845938798,13729602.4175,1.34197759833,7.06867463626,0.640505656374,0.0262952114864,4493.57210879,-657.178187883,326.808988725,0.996794770248,0.103335171387,0.632661660249,349.501519252,2139.79624228
459.5,0.553571428571,882,-27.0876807856,70.1199207834,32.8034251301,13711831.7044,1.2365708437,7.06867463626,0.630129017933,0.026089887293,4410.9663247,-420.410298738,572.831719992,0.996849874049,0.100299620176,0.622642150559,338.357041063,2100.46015462
460,0.553571428571,882,-33.1870771891,84.7485328102,32.7811397747,13702516.4258,1.08592952076,7.06867463626,0.615342079372,0.0257964496643,4303.8572982,-106.187471391,671.060426009,0.997001146298,0.0960344295755,0.608349175883,323.528545613,2049.45585629
460.5,0.553571428571,882,-31.9021923448,100.545621063,32.7701912272,13697939.933,0.900082678761,7.06867463626,0.59725088418,0.0251041801941,4176.73933388,202.435687352,612.400369502,0.997209132405,0.0912303626129,0.590775642232,307.138951647,1988.92349232
461,0.553571428571,882,-23.5189191926,113.996258875,32.7704724677,13698057.4915,0.792882906422,7.06867463626,0.58692183268,0.0246204417447,4105.68727892,447.43827761,438.537721626,0.997452603782,0.0886148747075,0.580715771965,298.338690166,1955.08918044
461.5,0.553571428571,882,-9.90257556014,122.107615877,32.7754541214,13700139.8227,0.699852275169,7.06867463626,0.57790907206,0.0242006414752,4044.80998896,583.671571854,180.014980396,0.997586546613,0.0863665326807,0.571931279657,290.85763283,1926.09999474
462,0.553571428571,882,5.91713785374,123.074876865,32.7927973901,13707389.3091,0.722995274589,7.06867463626,0.580236152801,0.0243050741471,4065.15749336,605.883773662,-108.393383496,0.997698986378,0.0869393905968,0.574200550339,293.096794229,1935.78928255
462.5,0.553571428571,882,20.4202601787,116.682821707,32.8259968314,13721266.6755,0.821423443769,7.06867463626,0.589839952451,0.0247492307801,4139.78776267,503.304267361,-385.176807818,0.997671342716,0.0893398974002,0.583559831263,301.799725917,1971.32750603
463,0.553571428571,882,30.3797782732,104.353712832,32.8614676107,13736093.4613,0.90107301135,7.06867463626,0.59755262208,0.0251086490651,4202.13844331,277.26906882,-586.842786341,0.99755134601,0.0912947276559,0.591070937464,309.070214305,2001.01830634
463.5,0.553571428571,882,33.5796523733,88.8308351331,32.8971159832,13750994.481,0.997951970493,7.06867463626,0.606959095715,0.0255458148954,4276.4878399,-23.2313960161,-667.23028074,0.997451344379,0.0937057707506,0.600225925013,317.921233167,2036.42278091
464,0.553571428571,882,29.307895395,73.5681021329,32.9295773256,13764563.3221,1.14778398736,7.06867463626,0.621655573132,0.0259169373741,4386.52713529,-341.527208894,-609.147147445,0.997326181591,0.0978245157996,0.614457242905,332.550469003,2088.82244538
464.5,0.553571428571,882,18.5149934197,61.9615439322,32.9413841458,13769498.5729,1.27198290348,7.06867463626,0.633801820286,0.0261588672425,4473.50758428,-604.213767419,-398.98822891,0.997124893099,0.10135268805,0.626192196021,344.791462672,2130.2417068
465,0.553571428571,882,3.60241805669,56.593674489,32.9145629847,13758287.3276,1.37118846781,7.06867463626,0.643491684138,0.0263521119975,4532.9321761,-738.945175443,-79.6851914182,0.996950855452,0.104205288536,0.635544836501,353.918685346,2158.53913148
465.5,0.553571428571,882,-12.1117123198,58.6588700797,32.8554937975,13733596.4074,1.35004804191,7.06867463626,0.64131074686,0.0263109320854,4501.7099537,-686.574184104,265.325118309,0.996807109531,0.103571260006,0.63343881574,350.503857825,2143.67140653
466,0.553571428571,882,-25.1309295633,67.6976149418,32.8096194748,13714420.9405,1.27324400996,7.06867463626,0.633744093662,0.0261613237803,4437.3782024,-476.766479866,537.233340397,0.99683809567,0.101352497403,0.626133901321,342.038022299,2113.03723924
466.5,0.553571428571,882,-32.5583964139,81.6987456997,32.7831622353,13703361.8143,1.11033001894,7.06867463626,0.617720442128,0.0258439799448,4320.66146735,-169.069402944,663.10806095,0.996949054607,0.0967168297317,0.610649089714,325.867676047,2057.45784159
467,0.553571428571,882,-32.7414664552,97.5469447039,32.7730747888,13699145.2617,0.946847848345,7.06867463626,0.60179942143,0.0253152077936,4208.78456003,146.74228298,636.622861868,0.997176094,0.0923915308096,0.595203501681,311.102919102,2004.18312382
467.5,0.553571428571,882,-25.6394057394,111.715912906,32.7672462507,13696708.9328,0.790254870576,7.06867463626,0.586629799091,0.0246085827457,4102.86570494,404.514022229,477.599039387,0.997392690429,0.0885437756723,0.580430963436,298.040629641,1953.74557378
468,0.553571428571,882,-12.8324562825,121.052988033,32.7725991125,13698946.429,0.696204027103,7.06867463626,0.577554407737,0.0241841787736,4041.66015347,563.827690186,232.998324592,0.997589771199,0.0862787155774,0.571585471857,290.511271685,1924.60007308
468.5,0.553571428571,882,2.82977523942,123.480626818,32.7879200125,13705350.5652,0.710871170032,7.06867463626,0.579053688403,0.0242503641845,4055.78926509,611.065274654,-51.6471030638,0.997703324378,0.0866460418176,0.573047744654,292.020948346,1931.32822147
469,0.553571428571,882,17.86236842,118.458668177,32.8194919511,13718547.6356,0.79827620753,7.06867463626,0.587586202457,0.0246447789896,4122.57671445,533.185791009,-334.65940767,0.9976858516,0.0887733737542,0.581364084341,299.767107968,1963.13176879
469.5,0.553571428571,882,28.9205003543,107.104521603,32.854998506,13733389.3755,0.882752800443,7.06867463626,0.595779376978,0.0250259792028,4188.21453925,328.643212993,-555.673311338,0.997579920241,0.0908433769224,0.589344420977,307.421132846,1994.38787583
470,0.553571428571,882,33.5436845159,91.944538274,32.8904545434,13748209.9992,0.983231568557,7.06867463626,0.605534818176,0.0254793891535,4264.88694015,38.471055522,-663.633607357,0.997474576707,0.0933383873297,0.598840179635,316.546553277,2030.89854293
470.5,0.553571428571,882,30.703240617,76.3518860053,32.9241208622,13762282.5204,1.11367674969,7.06867463626,0.618296806747,0.025850499117,4361.89763139,-280.778039432,-631.647398899,0.997345450598,0.0968600209999,0.611209723311,329.162595846,2077.09411018
471,0.553571428571,882,21.0311808262,63.7960034907,32.9410788395,13769370.9549,1.25523711275,7.06867463626,0.632176794575,0.0261262477393,4462.21521943,-562.018781289,-451.073125919,0.997171542967,0.100876521122,0.624623092678,343.165230443,2124.8643902
471.5,0.553571428571,882,6.67958407855,57.0706338273,32.9231428368,13761873.7058,1.35533252435,7.06867463626,0.641940636061,0.0263212258479,4524.61608481,-725.567429215,-147.178315631,0.996974703857,0.103746695503,0.634048271293,352.544862435,2154.57908801
472,0.553571428571,882,-9.15825164013,57.6722034946,32.8670948844,13738445.6617,1.36485103524,7.06867463626,0.642787917028,0.0263397671698,4515.0294423,-711.656429152,201.607575029,0.996830368079,0.104004965387,0.634864597207,352.220197393,2150.01402014
472.5,0.553571428571,882,-22.9583331612,65.4668604035,32.8142840928,13716370.7508,1.29929710139,7.06867463626,0.636303742269,0.0262120731843,4456.16073839,-528.480148244,494.556486126,0.996816418682,0.102101498993,0.628605447884,344.663688015,2121.981304
473,0.553571428571,882,-31.6500772389,78.7202566175,32.7857973733,13704463.302,1.13462531066,7.06867463626,0.620097326314,0.0258913052912,4337.6191876,-231.391387215,649.266125073,0.996911698956,0.0973999887778,0.6129472212,328.222200621,2065.53294648
473.5,0.553571428571,882,-33.2995298091,94.4834489508,32.7748461993,13699885.7113,0.983698362649,7.06867463626,0.605379095541,0.0254814955595,4233.87539789,88.0527426332,653.986464501,0.997142948923,0.0933107695849,0.598687110446,314.232167601,2016.13114185
474,0.553571428571,882,-27.5396798931,109.24905274,32.7697908603,13697772.5796,0.825760129187,7.06867463626,0.590070626368,0.0247688000519,4127.20236466,362.123779937,518.091623304,0.997344840949,0.0894093176968,0.58378318875,301.00081065,1965.33445936
474.5,0.553571428571,882,-15.6521212715,119.73165148,32.7729633599,13699098.6845,0.718600154619,7.06867463626,0.579717658315,0.0242852411897,4056.66298032,543.209067095,285.970464835,0.997545968208,0.0868158436179,0.573694470601,292.326347209,1931.74427634
475,0.553571428571,882,-0.281891821878,123.598817494,32.7829911096,13703290.2838,0.695995354077,7.06867463626,0.577584287823,0.0241832371376,4044.43223087,610.471231548,5.12181262616,0.99767660921,0.0862832500776,0.57161493967,290.71081762,1925.92010994
475.5,0.553571428571,882,15.151059888,119.9900881,32.8113246343,13715133.6971,0.758831484897,7.06867463626,0.583741384814,0.0244667848712,4093.96947066,555.511609411,-280.64571316,0.997703572341,0.0878112800298,0.57761735345,296.370778266,1949.50927174
476,0.553571428571,882,27.2128292917,109.708422614,32.8457731622,13729533.1818,0.843100262298,7.06867463626,0.591932884283,0.0248470473179,4159.25679561,374.400668954,-516.961792953,0.997628109696,0.089868648094,0.585598447185,303.951808854,1980.5984741
476.5,0.553571428571,882,33.2196157906,95.0415401141,32.8867711141,13746670.3257,0.979930495923,7.06867463626,0.605242474379,0.0254644930793,4261.90782568,99.6380269664,-656.532904436,0.997524388256,0.0932613844083,0.598555935046,316.21456844,2029.47991699
477,0.553571428571,882,31.8348810495,79.2528911532,32.9162167158,13758978.5872,1.0682794346,7.06867463626,0.613812896599,0.0257620686636,4328.86727448,-218.069360106,-645.960903388,0.997349759323,0.0955796890426,0.606872704326,324.655664274,2061.3653688
477.5,0.553571428571,882,23.3667350811,65.8555246143,32.940437416,13769102.8399,1.22766763964,7.06867463626,0.629491326839,0.0260725445411,4443.51325848,-513.802197192,-497.251633516,0.997232874756,0.100092583139,0.622029406816,340.48514303,2115.95869451
478,0.553571428571,882,9.69938031539,57.83041776,32.9292407538,13764422.6351,1.32915677493,7.06867463626,0.639379691937,0.0262702375155,4508.64938358,-703.92645282,-212.239323751,0.997013706192,0.102991377666,0.631576829821,350.107849119,2146.97589694
478.5,0.553571428571,882,-6.12613233119,56.9631947268,32.8801253654,13743892.4027,1.38024754129,7.06867463626,0.644333414144,0.026369758371,4529.22705655,-731.016376719,135.554967347,0.996868527808,0.104458688986,0.636356264237,354.037320824,2156.77478884
479,0.553571428571,882,-20.5885516316,63.4468167311,32.8244837053,13720634.1888,1.32343537007,7.06867463626,0.63867352282,0.026259092662,4475.15885128,-576.249993136,446.807172468,0.99679377248,0.102797125357,0.630893144452,347.227667463,2131.02802442
479.5,0.553571428571,882,-30.4699210594,75.8386472879,32.7900206332,13706228.6247,1.18092762192,7.06867463626,0.624649488323,0.025981498607,4369.88439267,-294.492947068,633.638398262,0.996876829436,0.0987118328882,0.617347548453,332.728606433,2080.89732984
480,0.553571428571,882,-33.5715892975,91.381445635,32.7756070388,13700203.7422,0.993768256344,7.06867463626,0.606323922809,0.0255269359057,4240.57178776,27.2035469732,661.094641218,0.997079090229,0.0935562239436,0.599606168071,315.073384396,2019.31989893
480.5,0.553571428571,882,-29.2034205296,106.616865811,32.7709029251,13698237.4227,0.862792435936,7.06867463626,0.593680952253,0.0249359081554,4152.3456684,315.813595271,555.028688124,0.99733166725,0.0903207076335,0.587299789167,304.089687062,1977.30746114
481,0.553571428571,882,-18.3373529152,118.154954947,32.7722535589,13698801.9876,0.746490728991,7.06867463626,0.582416204467,0.0244110972704,4075.08657712,518.362091255,337.609796325,0.997499731675,0.0874879461788,0.576324905039,294.576690878,1940.51741768
481.5,0.553571428571,882,-3.39113776339,123.428433775,32.7793865283,13701783.5688,0.689866978347,7.06867463626,0.576965923353,0.024155582872,4039.27666645,606.174134747,61.4931591873,0.997643056433,0.0861315309821,0.571011845994,290.135823328,1923.46507926
482,0.553571428571,882,12.3096215398,121.263928377,32.8041929892,13712152.6695,0.741459281783,7.06867463626,0.582047701586,0.0243883928895,4080.49465532,576.072682618,-226.818479654,0.997710846777,0.0873891379787,0.575966543467,294.817810827,1943.09269301
482.5,0.553571428571,882,25.2714319748,112.143051414,32.837576669,13726107.0476,0.831124755097,7.06867463626,0.590774957973,0.0247930079001,4149.17458068,419.072342979,-478.279077708,0.997649132634,0.089576021541,0.584470598554,302.810907231,1975.79741937
483,0.553571428571,882,32.6102295675,98.0952410437,32.8781780149,13743078.4102,0.948340225117,7.06867463626,0.602164458751,0.0253219421365,4238.36324429,158.551710671,-638.697187071,0.997539305038,0.0924715419903,0.595560450381,313.372678717,2018.26821157
483.5,0.553571428571,882,32.6930972297,82.2462013483,32.9135172812,13757850.2235,1.06428528578,7.06867463626,0.613443377565,0.0257542883711,4325.61004041,-157.129605087,-662.520873643,0.997390763564,0.0954722915124,0.606515541764,324.237679404,2059.81430496
484,0.553571428571,882,25.5015965156,68.1224184345,32.9359900213,13767243.8289,1.18622590413,7.06867463626,0.62539951045,0.0259918192504,4414.07614118,-459.927749717,-536.11464615,0.997238229421,0.0989079713772,0.618075509575,336.364601061,2101.94101961
484.5,0.553571428571,882,12.6358702629,58.8665006352,32.9343441746,13766555.865,1.31040655197,7.06867463626,0.63756434583,0.0262337135336,4497.53633452,-677.921046413,-275.141650176,0.997071725134,0.102455570878,0.629824863589,348.394397157,2141.68396882
485,0.553571428571,882,-3.04139673797,56.5379333292,32.8923677919,13749009.737,1.38494667313,7.06867463626,0.644815165271,0.0263789119158,4535.91307026,-741.975629422,67.4388190417,0.996895681553,0.104599363712,0.636821338735,354.778148868,2159.95860489
485.5,0.553571428571,882,-18.0419386157,61.654833728,32.8340288609,13724624.0638,1.33718293569,7.06867463626,0.640026975563,0.026285871855,4487.03419077,-617.878843034,393.285121385,0.996786840338,0.103194939811,0.632199557817,348.7741576,2136.68294799
486,0.553571428571,882,-29.0280640314,73.0786673519,32.7968088151,13709066.0847,1.22001728142,7.06867463626,0.628498265692,0.0260576422359,4398.0306465,-356.007546865,610.7208032,0.996856858347,0.0998260535805,0.621066687018,336.623649467,2094.30030786
486.5,0.553571428571,882,-33.5553082487,88.2675773231,32.7772762613,13700901.4772,1.03016325312,7.06867463626,0.609846936377,0.0256878212945,4265.23966204,-34.4519438103,667.299966527,0.997024471725,0.0944705806519,0.603032718318,318.185110543,2031.06650573
487,0.553571428571,882,-30.6163380703,103.841959513,32.7710239995,13698288.0318,0.890399036412,7.06867463626,0.596349482552,0.0250604828053,4170.74838218,265.051472984,586.254099004,0.997283701941,0.09099867335,0.589898274779,306.37451032,1986.07065818
487.5,0.553571428571,882,-20.8650882264,116.336440407,32.7702784251,13697976.3817,0.760231715452,7.06867463626,0.583738562741,0.0244731034048,4083.70675806,486.655546583,385.553657156,0.997464897136,0.0878186540185,0.577613648062,295.654561704,1944.62226574
488,0.553571428571,882,-6.4712578129,122.970939057,32.7775568749,13701018.7737,0.694572803484,7.06867463626,0.577416199242,0.024176817885,4041.93086026,598.58748024,117.48570162,0.997626409875,0.0862433446344,0.571450847559,290.480039625,1924.72898108
488.5,0.553571428571,882,9.36245799474,122.269248214,32.7983722694,13709719.6086,0.732174325052,7.06867463626,0.581136947639,0.0243464945675,4072.75908614,592.846861597,-172.005985457,0.99770526227,0.0871628722917,0.575078722787,293.950132418,1939.40908864
489,0.553571428571,882,23.1129827274,114.3874974,32.8319867448,13723770.4593,0.831498971356,7.06867463626,0.590818155569,0.0247946965492,4148.06104015,461.446916879,-437.33124578,0.997660318627,0.0895865108833,0.584512726119,302.743268361,1975.26716198
489.5,0.553571428571,882,31.7207597586,101.079413357,32.8699532217,13739640.4467,0.913814495692,7.06867463626,0.59879025412,0.025166144951,4212.87951172,214.870130569,-615.180928037,0.9975388398,0.0916101401609,0.592275852539,310.29820608,2006.13310082
490,0.553571428571,882,33.2705180882,85.3061075705,32.9075546295,13755357.8351,1.04608911672,7.06867463626,0.611672182553,0.0257188436432,4311.82794345,-94.5827497782,-670.406732703,0.997435104964,0.0949664096181,0.604802198137,322.402785998,2053.25140164
490.5,0.553571428571,882,27.4174291764,70.5772149948,32.9333875051,13766155.9771,1.16260741371,7.06867463626,0.623080762917,0.0259458122605,4397.37648617,-405.491368195,-572.396330708,0.99726253909,0.098238051487,0.615834480629,334.033553344,2093.98880294
491,0.553571428571,882,15.4638329202,60.1699837175,32.9375296406,13767887.3898,1.28401666608,7.06867463626,0.63497783068,0.02618230808,4480.57096626,-644.854359498,-334.291472679,0.99710446532,0.101697093392,0.627327713327,345.882136109,2133.60522203
491.5,0.553571428571,882,0.0694608824659,56.4000717979,32.904275765,13753987.2698,1.38939490379,7.06867463626,0.645279151807,0.0263875767246,4542.39135354,-746.533222653,-1.54330259647,0.996933643677,0.104734208576,0.637269357113,355.492770419,2163.04350168
492,0.553571428571,882,-15.3403665293,60.1063024243,32.8446265821,13729053.9113,1.34193169736,7.06867463626,0.640491804964,0.0262951220749,4493.11717874,-652.920832124,335.0554027,0.996780269551,0.103331960451,0.632648157841,349.462734997,2139.57960892
492.5,0.553571428571,882,-27.336890014,70.4640217967,32.8025502652,13711466.0108,1.23670857217,7.06867463626,0.630142665004,0.0260901555774,4410.82444543,-413.127759431,578.093812543,0.996849940959,0.100303579952,0.622655335097,338.352350832,2100.39259306
493,0.553571428571,882,-33.250826498,85.168588488,32.7808779138,13702406.968,1.08107268094,7.06867463626,0.614862129465,0.0257869889166,4300.50409536,-97.5529141039,671.380405746,0.997000951737,0.0958975460862,0.607884913205,323.062240049,2047.85909303
493.5,0.553571428571,882,-31.7662972122,100.948167035,32.7700574895,13697884.0306,0.899515222973,7.06867463626,0.597199369957,0.0251016195526,4176.35083759,210.130607811,609.697616035,0.997215678721,0.091217031106,0.590725513261,307.091562841,1988.73849409
494,0.553571428571,882,-23.2136169266,114.291726764,32.7705542964,13698091.6959,0.790312605793,7.06867463626,0.586671103776,0.0246088432756,4103.98047479,452.628706125,432.540242858,0.997453325232,0.0885520397195,0.580471459621,298.12863319,1954.27641657
494.5,0.553571428571,882,-9.49579735542,122.230262683,32.7755704422,13700188.4448,0.697760750475,7.06867463626,0.57770650064,0.0241912034802,4043.44188272,585.564679982,172.521198303,0.997589700388,0.086316326139,0.571733772878,290.690614966,1925.44851558
495,0.553571428571,882,6.33488192757,122.997413095,32.7934744601,13707672.3243,0.724568728567,7.06867463626,0.580391385692,0.0243121743505,4066.39687228,604.757021095,-116.101959644,0.997701473991,0.0869778359251,0.574351894282,293.238512657,1936.37946299
495.5,0.553571428571,882,20.7560200944,116.422483415,32.8258952842,13721224.2288,0.817696292473,7.06867463626,0.589474564225,0.0247324120281,4137.23685247,497.878321435,-391.105267501,0.99766945541,0.0892480756472,0.583203853782,301.487676904,1970.11278689
496,0.553571428571,882,30.5588458654,103.968426517,32.8623440586,13736459.8165,0.903710551517,7.06867463626,0.597813137187,0.0251205509522,4204.16612208,270.036259511,-590.760628775,0.997555961799,0.0913608133073,0.591324607018,309.310439996,2001.98386766
496.5,0.553571428571,882,33.5621842579,88.4063288177,32.8984564856,13751554.811,1.00515228919,7.06867463626,0.607660619034,0.0255783062983,4281.69963216,-31.7300917422,-668.22516302,0.997447988252,0.0938866841154,0.600908452448,318.560988944,2038.90458674
497,0.553571428571,882,29.0977783101,73.1988304748,32.930430971,13764920.1459,1.14772499491,7.06867463626,0.621643847711,0.0259168224614,4386.6730723,-349.210251903,-604.793760237,0.997316723504,0.0978216715288,0.614445828095,332.558041396,2088.89193919
497.5,0.553571428571,882,18.158979408,61.7296716174,32.9411503923,13769400.864,1.27384521113,7.06867463626,0.633985880776,0.0261624948736,4474.71399055,-609.524509296,-391.518020704,0.99712497421,0.101406369401,0.626369955702,344.969185245,2130.81618598
498,0.553571428571,882,3.17972191547,56.5507942017,32.9136397352,13757901.4093,1.37375240642,7.06867463626,0.643743257512,0.0263571063514,4534.40901086,-740.380332695,-70.3814489302,0.99694819586,0.104279677259,0.635787564803,354.151467588,2159.24238612
498.5,0.553571428571,882,-12.5070387049,58.8145228859,32.8549724264,13733378.4742,1.35416123243,7.06867463626,0.641714601356,0.0263189442619,4504.33671588,-683.928297552,274.291705,0.996803338408,0.103690365096,0.633828545118,350.895794244,2144.92224566
499,0.553571428571,882,-25.4109242065,68.0171673579,32.8086151461,13714001.1311,1.26212250274,7.06867463626,0.632641710997,0.0261396599456,4429.56121461,-468.41830139,541.465340128,0.996832081916,0.101031509189,0.625069156547,340.933898022,2109.3148641
499.5,0.553571428571,882,-32.6607591861,82.1110958055,32.782804205,13703212.1577,1.10745237791,7.06867463626,0.617445982609,0.0258383745229,4318.6899848,-160.535786789,664.632316957,0.996964912568,0.0966374400124,0.61038378765,325.593076717,2056.51904038
500,0.553571428571,882,-32.6434211566,97.9603426554,32.772742735,13699006.4632,0.939899383716,7.06867463626,0.601123007055,0.0252838528809,4204.04386887,154.487240132,633.514442942,0.997180003372,0.0922184274408,0.594545123996,310.513749109,2001.92565184
500.5,0.553571428571,882,-25.3627679116,112.038375708,32.7679282957,13696994.0276,0.786989528307,7.06867463626,0.586316016673,0.0245938479047,4100.87534596,410.172068379,472.044723792,0.997401649706,0.0884648954106,0.580125237377,297.787513059,1952.79778379
501,0.553571428571,882,-12.4387791473,121.212766192,32.7726848575,13698982.2704,0.694304261908,7.06867463626,0.577371065959,0.0241756060924,4040.41730446,566.433158862,225.732539101,0.997593773834,0.0862332597878,0.571406713859,290.359735699,1924.00824022
501.5,0.553571428571,882,3.25289666217,123.442168938,32.7885917934,13705631.3696,0.712461948051,7.06867463626,0.579210478245,0.0242575425625,4057.037483,610.661532582,-59.3986252718,0.997705581195,0.086684816553,0.573200618509,292.163601569,1931.92261095
502,0.553571428571,882,18.2207876174,118.23053132,32.8203840903,13718920.5497,0.802279771751,7.06867463626,0.58797637655,0.0246628450536,4125.49679638,529.523789885,-341.769710409,0.997683951306,0.0888713021444,0.581744245319,300.114104909,1964.52228399
502.5,0.553571428571,882,29.134467364,106.737467294,32.8553990013,13733556.7825,0.883570525211,7.06867463626,0.595856347314,0.0250296691818,4188.84915979,321.668279588,-559.919480598,0.997574993669,0.0908630772628,0.589419351705,307.495296812,1994.69007609
503,0.553571428571,882,33.5655906688,91.5202378294,32.8909418704,13748413.7018,0.98238825211,7.06867463626,0.605451785263,0.0254755836921,4264.43784035,30.0706533644,-663.935091252,0.997473542678,0.0933170811827,0.598759377382,316.483674155,2030.68468588
503.5,0.553571428571,882,30.5282116907,75.9647482755,32.9249938554,13762647.4316,1.11808796482,7.06867463626,0.618733444965,0.0258590918224,4365.14255586,-289.130347315,-628.890213179,0.997346551768,0.0969849852411,0.61163198182,329.604744386,2078.63931231
504,0.553571428571,882,20.6981615825,63.5321684472,32.9412938217,13769460.8175,1.25494755037,7.06867463626,0.632144375156,0.0261256836942,4462.04937816,-567.633726098,-443.896378856,0.997165537193,0.100867431297,0.624591725604,343.138787152,2124.78541817
504.5,0.553571428571,882,6.26267287039,56.9888060119,32.9219578737,13761378.3912,1.35639175569,7.06867463626,0.642045544595,0.0263232891485,4525.01285873,-727.534487944,-138.023196058,0.996975115182,0.10377756598,0.634149519975,352.624379818,2154.76802797
505,0.553571428571,882,-9.56629010199,57.7905899824,32.8656283562,13737832.6529,1.36433611195,7.06867463626,0.642736054409,0.0263387641391,4514.27053041,-708.883435981,210.540478493,0.996828817701,0.103989769676,0.63481453507,352.137309236,2149.65263353
505.5,0.553571428571,882,-23.2667083939,65.7591196424,32.8134146569,13716007.3266,1.29673726211,7.06867463626,0.63605137278,0.0262070868157,4454.19732159,-521.779010117,500.810197293,0.9968171743,0.102027630489,0.628361777029,344.396079627,2121.04634361
506,0.553571428571,882,-31.7901742983,79.1213595479,32.7853022257,13704256.3303,1.12658373004,7.06867463626,0.619305220337,0.025875640915,4332.06845381,-222.635457765,650.597842488,0.996915382191,0.0971725868211,0.612181340046,327.446002093,2062.88973991
506.5,0.553571428571,882,-33.2401764385,94.9041482784,32.7747846393,13699859.9792,0.980911948834,7.06867463626,0.605113583889,0.0254689218808,4232.03271695,96.2438426161,652.338006129,0.997153947282,0.0932421127859,0.598428795925,313.999780277,2015.25367474
507,0.553571428571,882,-27.2940824975,109.59574088,32.7691769921,13697515.9827,0.816249296338,7.06867463626,0.589143538273,0.0247258824651,4120.66278952,367.670158222,512.112284604,0.997348478755,0.0891760154376,0.58288001872,300.204139649,1962.22037596
507.5,0.553571428571,882,-15.2749264301,119.927188684,32.7730130744,13699119.4651,0.7147841481,7.06867463626,0.579351591635,0.0242680214789,4054.15198075,546.20915204,278.786781505,0.997557752262,0.086724687968,0.573337624871,292.020293813,1930.54856226
508,0.553571428571,882,0.142972833519,123.599695814,32.7826356619,13703141.7067,0.692636473947,7.06867463626,0.577258647985,0.0241680802074,4042.0980521,609.903385002,-2.59525013591,0.997681175443,0.0862026072249,0.571297429788,290.432812671,1924.80859624
508.5,0.553571428571,882,15.5290599671,119.796112104,32.8125275061,13715636.4976,0.764937072434,7.06867463626,0.58434046988,0.0244943363052,4098.40843455,552.897727513,-288.157795089,0.997707561236,0.0879606182459,0.578201251199,296.896575272,1951.62306407
509,0.553571428571,882,27.4598579936,109.362752877,32.8477998016,13730380.3171,0.853141914397,7.06867463626,0.592909854005,0.024892360224,4166.52944413,368.890082928,-523.152330498,0.997620691933,0.0901155514319,0.586550008067,304.824492899,1984.06164006
509.5,0.553571428571,882,33.2807080637,94.6210897829,32.8874634979,13746959.7421,0.981604019704,7.06867463626,0.605398393435,0.0254720448472,4263.16723468,91.372041743,-658.053920025,0.997511834984,0.0933019246111,0.598707600341,316.365345961,2030.07963556
510,0.553571428571,882,31.6964435746,78.8512124104,32.9174947221,13759512.7939,1.0751415019,7.06867463626,0.614489723877,0.0257754354392,4333.87415339,-226.693974974,-644.499926893,0.997347575523,0.0957725883352,0.607527452175,325.33614713,2063.74959685
510.5,0.553571428571,882,23.0595708497,65.5619928753,32.9407878941,13769249.3397,1.23203204572,7.06867463626,0.629916786235,0.0260810460661,4446.54362689,-520.70399517,-491.333462958,0.997223659653,0.100216583953,0.622440370514,340.914211221,2117.40172709
511,0.553571428571,882,9.2918348181,57.7103452215,32.9282041088,13763989.3175,1.3299593819,7.06867463626,0.639455040036,0.0262718009317,4508.88430315,-706.663617577,-203.353106483,0.997007553471,0.10301386403,0.631649506902,350.162241089,2147.08776341
511.5,0.553571428571,882,-6.54337829849,57.0432980952,32.8785349582,13743227.6125,1.37950009127,7.06867463626,0.644258826517,0.0263683023962,4528.27665514,-729.020091998,144.743071164,0.99686736212,0.104436732706,0.636284285346,353.928663907,2156.32221674
512,0.553571428571,882,-20.9226588727,63.709272629,32.824597508,13720681.7583,1.32736952878,7.06867463626,0.639062822271,0.0262667560985,4477.85568423,-571.191922998,454.565352532,0.996794874238,0.102911302387,0.631268957835,347.615744479,2132.31223058
512.5,0.553571428571,882,-30.6465491368,76.2250580397,32.7889525196,13705782.1532,1.17440456309,7.06867463626,0.624001552921,0.0259687921937,4365.16667764,-285.897302313,636.065527439,0.996871122571,0.0985252695146,0.616721239688,332.078120561,2078.65079888
513,0.553571428571,882,-33.5514376307,91.8058330254,32.7756369162,13700216.231,0.993536580002,7.06867463626,0.606306797259,0.0255258904673,4240.4619708,35.5588800139,660.66548136,0.997088141533,0.093551475177,0.599589547089,315.057966163,2019.26760514
513.5,0.553571428571,882,-28.9909729595,106.984801643,32.7714951742,13698484.9828,0.864354858484,7.06867463626,0.593833784366,0.0249429585795,4153.54818061,322.956252224,551.246707028,0.997331970809,0.0903593592054,0.587448636769,304.230814356,1977.880086
514,0.553571428571,882,-17.9798800285,118.384571763,32.7723734865,13698852.1173,0.742357035283,7.06867463626,0.582011122004,0.0243924439978,4072.32439877,521.991547955,330.649533364,0.997497768547,0.0873871892658,0.575930044895,294.239590333,1939.20209465
514.5,0.553571428571,882,-2.96817896391,123.46864075,32.7800135738,13702045.6738,0.691071403766,7.06867463626,0.577086522589,0.0241610178359,4040.26324715,607.135238405,53.8440164438,0.997648049219,0.0861611614759,0.571129463072,290.246738346,1923.93487959
515,0.553571428571,882,12.7039559237,121.105779268,32.8038743677,13712019.4857,0.737385445571,7.06867463626,0.58164869669,0.0243700097234,4077.65991064,572.496881091,-233.814272297,0.997709418309,0.0872899403533,0.575577596896,294.477435156,1941.74281459
515.5,0.553571428571,882,25.5494006824,111.821735146,32.8413883783,13727700.3421,0.836460806431,7.06867463626,0.591299376735,0.0248170868057,4153.76541066,413.695658387,-484.364605568,0.997654044863,0.0897079852053,0.584981468181,303.32741599,1977.98352888
516,0.553571428571,882,32.7099832497,97.6822520006,32.8795244698,13743641.2284,0.954527339713,7.06867463626,0.60276506445,0.0253498614609,4242.8706649,150.725908404,-641.77039998,0.997532665669,0.0926255378172,0.596144989194,313.920258573,2020.41460233
516.5,0.553571428571,882,32.5924402218,81.8334315413,32.9141551408,13758116.8488,1.06509148477,7.06867463626,0.613518136898,0.0257558587843,4326.29309286,-165.538370308,-660.656855562,0.997382765294,0.0954939993168,0.606587804575,324.323972586,2060.13956803
517,0.553571428571,882,25.2229254767,67.801711093,32.9373773288,13767823.7234,1.20021455619,7.06867463626,0.626781164473,0.026019068061,4423.98465554,-468.593429317,-532.441810989,0.997237149148,0.0993072835853,0.619410755047,337.751026688,2106.65935978
517.5,0.553571428571,882,12.2411908139,58.7092146558,32.9331779389,13766068.3785,1.30180136536,7.06867463626,0.636701684888,0.0262169512966,4491.26936705,-679.62560424,-265.874653255,0.99705222241,0.102204125122,0.62899179715,347.514757083,2138.69969859
518,0.553571428571,882,-3.4642665577,56.5790655843,32.890693475,13748309.8725,1.3838158206,7.06867463626,0.64471148148,0.0263767091027,4534.73965367,-740.765817168,76.7845152258,0.99690809297,0.104567980857,0.636721416724,354.635598373,2159.39983508
518.5,0.553571428571,882,-18.3989082761,61.8852320969,32.8327449926,13724087.4069,1.33712339957,7.06867463626,0.640022166678,0.0262857558832,4486.65046235,-612.799624529,401.029242788,0.996788509437,0.103193427677,0.632194931398,348.741772518,2136.50022017
519,0.553571428571,882,-29.239706099,73.4470671104,32.7966999848,13709020.5936,1.21709900132,7.06867463626,0.628210051492,0.0260519576523,4396.02947015,-347.963057721,614.654672312,0.99685694501,0.0997425179652,0.620788211392,336.339726662,2093.34736674
519.5,0.553571428571,882,-33.5745313649,88.6920077869,32.7766820322,13700653.0895,1.02136694517,7.06867463626,0.608988822364,0.0256514748543,4259.18572812,-25.9485352309,666.066587617,0.997028571749,0.0942453974578,0.602198629178,317.415164669,2028.18368006
520,0.553571428571,882,-30.4388650009,104.227982902,32.7711034589,13698321.2458,0.887475426497,7.06867463626,0.596070813686,0.0250472900298,4168.85042278,272.231492391,582.402839747,0.997295345333,0.0909275180433,0.589626973712,306.136429057,1985.16686799
520.5,0.553571428571,882,-20.5304075669,116.598164695,32.7709546575,13698259.0469,0.763670178774,7.06867463626,0.584076720255,0.0244886194537,4086.20559559,491.983578977,379.748885251,0.997468601054,0.0879028969376,0.577943239718,295.950391838,1945.81218838
521,0.553571428571,882,-6.05383758885,123.050129356,32.7778503375,13701141.4411,0.694168483309,7.06867463626,0.577374267045,0.0241749933922,4041.71391644,599.964764934,109.896370051,0.997622232345,0.0862331168349,0.571409944009,290.450791752,1924.62567449
521.5,0.553571428571,882,9.76973981407,122.148284308,32.799351141,13710128.777,0.73519140004,7.06867463626,0.581432111295,0.0243601091037,4075.04006221,591.156788509,-179.650271774,0.997705742437,0.0872362148913,0.575366455203,294.215035721,1940.49526772
522,0.553571428571,882,23.4195040157,114.09329433,32.8332595606,13724302.4963,0.834422875486,7.06867463626,0.591101768848,0.0248078906523,4150.34333549,456.279792866,-443.519524358,0.997656687655,0.0896580909046,0.584788986994,303.008654025,1976.35396928
522.5,0.553571428571,882,31.8583180831,100.677432693,32.870418956,13739835.1236,0.912221991459,7.06867463626,0.598632448756,0.0251589587834,4211.90594274,206.989583712,-617.596025875,0.997535202736,0.0915700828532,0.592122201777,310.171315015,2005.66949654
523,0.553571428571,882,33.2085060727,84.8857919072,32.9086810134,13755828.6636,1.04994753624,7.06867463626,0.612054787507,0.0257263595456,4314.76273975,-103.177049901,-669.967984494,0.997437138324,0.0950749698614,0.605172420548,322.793435165,2054.64892369
523.5,0.553571428571,882,27.1696447869,70.2320865503,32.9330884912,13766030.9893,1.16263846268,7.06867463626,0.623080617769,0.0259458727415,4397.29532564,-412.690186136,-567.214430239,0.997257395915,0.0982382971252,0.615834297136,334.028322969,2093.95015507
524,0.553571428571,882,15.0854093524,59.976835199,32.936767782,13767568.9329,1.28418821034,7.06867463626,0.634994752785,0.0261826422349,4480.48039957,-649.0313047,-326.111620104,0.997104422435,0.101702038101,0.62734405414,345.882952181,2133.56209503
524.5,0.553571428571,882,-0.355400834424,56.401879662,32.9018481519,13752972.5275,1.38239945583,7.06867463626,0.644587926647,0.0263739501338,4536.96811685,-744.927311501,7.87983927163,0.996933397871,0.104529955641,0.636602441716,354.747136569,2160.46100802
525,0.553571428571,882,-15.7171326588,60.3026644127,32.8431964717,13728456.1252,1.3424155657,7.06867463626,0.640546235888,0.0262960646129,4493.09966968,-648.672122333,343.305740976,0.996790599165,0.10334735072,0.632700789017,349.48434774,2139.57127128
525.5,0.553571428571,882,-27.5817283148,70.8112464405,32.801480829,13711018.9865,1.23622827743,7.06867463626,0.630094775775,0.0260892200005,4410.20909209,-405.702433122,583.152743734,0.996849235578,0.100289711875,0.622609064784,338.283511216,2100.09956766
526,0.553571428571,882,-33.3092592931,85.5894166659,32.7804357393,13702222.139,1.07505950424,7.06867463626,0.614268477735,0.0257752757141,4296.32551693,-88.8962334593,671.355117039,0.997001630186,0.0957282944285,0.607310646394,322.483360501,2045.86929378
526.5,0.553571428571,882,-31.6253229289,101.348962492,32.7703401745,13698002.193,0.899906729143,7.06867463626,0.597242462174,0.0251033862223,4176.71978162,217.852384353,607.073290707,0.997223769885,0.0912276935729,0.590767506342,307.132757921,1988.91418172
527,0.553571428571,882,-22.9046030081,114.58331062,32.7705766846,13698101.0542,0.78729571023,7.06867463626,0.586376019335,0.0245952295491,4101.95312027,457.680277352,426.426904799,0.997452827495,0.0884781633246,0.580183915653,297.880320142,1953.31100965
527.5,0.553571428571,882,-9.08750085646,122.347756154,32.7757105229,13700246.9986,0.695529878273,7.06867463626,0.577490625096,0.0241811366803,4041.98786524,587.340084587,165.002280107,0.997593398703,0.0862628272178,0.571523292688,290.512927967,1924.75612631
528,0.553571428571,882,6.75161310966,122.91467333,32.7942019133,13707976.3997,0.725937858884,7.06867463626,0.58052674443,0.0243183525444,4067.51165592,603.49982803,-123.792732492,0.997704125396,0.0870113499073,0.574483862485,293.364517147,1936.91031234
528.5,0.553571428571,882,21.0884613055,116.157920402,32.8250027936,13720851.1677,0.811095965346,7.06867463626,0.588828512784,0.0247026280842,4132.54697523,491.970091026,-396.625269461,0.997667812369,0.0890857788165,0.582574425558,300.92306022,1967.87951201
529,0.553571428571,882,30.7330273676,103.580906775,32.8632009482,13736817.9964,0.905812409933,7.06867463626,0.598023430374,0.0251300355781,4205.8414064,262.711353874,-594.504870876,0.997564121863,0.0914140156692,0.591529390397,309.506701707,2002.7816221
529.5,0.553571428571,882,33.5393498453,87.9820773163,32.8997376007,13752090.3171,1.0118643249,7.06867463626,0.608314840581,0.0256085943267,4286.5685965,-40.2523578542,-669.023606846,0.997445311696,0.0940555379923,0.601544928619,319.158771977,2041.22314119
530,0.553571428571,882,28.8830087471,72.8322451755,32.931203695,13765243.1445,1.15036135581,7.06867463626,0.621898878545,0.0259219578882,4388.63873668,-357.115658986,-600.810927677,0.997307887343,0.0978954750796,0.614692312458,332.824565716,2089.82796985
530.5,0.553571428571,882,17.8000619357,61.5023194789,32.9409732508,13769326.8189,1.27462315938,7.06867463626,0.634060441573,0.0261640102565,4475.1800413,-614.552808476,-383.858540541,0.997121347968,0.101428330949,0.626441930813,345.040184177,2131.0381149
531,0.553571428571,882,2.75651736476,56.5132621473,32.9126174823,13757474.1076,1.37735364174,7.06867463626,0.644098303428,0.0263641212788,4536.57045192,-741.910358546,-61.0716037919,0.99694708442,0.104384540843,0.636130143133,354.485581395,2160.27164377
531.5,0.553571428571,882,-12.9003653248,58.9751619749,32.8522783699,13732252.3586,1.34427273403,7.06867463626,0.640734456352,0.026299682233,4496.87620561,-678.403524001,282.085382369,0.996798036813,0.103402257786,0.632882524586,349.863434427,2141.36962172
532,0.553571428571,882,-25.686855867,68.340234635,32.8073400583,13713468.1444,1.25123269993,7.06867463626,0.631575191073,0.0261184474533,4421.91820076,-460.076334463,545.615997775,0.996846527271,0.100720191719,0.624039131992,339.856929536,2105.6753337
532.5,0.553571428571,882,-32.7578997909,82.5247072774,32.7824344681,13703057.6077,1.10467193322,7.06867463626,0.617180880134,0.0258329584321,4316.77946157,-151.99486295,666.065219656,0.996980388982,0.0965607744781,0.610127525504,325.327434986,2055.60926742
533,0.553571428571,882,-32.5401564629,98.3724678183,32.7723510004,13698842.7182,0.932560404637,7.06867463626,0.600408357579,0.0252507357736,4199.02466015,162.15961123,630.244180799,0.997183777388,0.0920357275593,0.59384949302,309.891161841,1999.53555245
533.5,0.553571428571,882,-25.0820748009,112.357314769,32.7684252396,13697201.7501,0.787461164607,7.06867463626,0.586367649901,0.0245959761612,4101.35568131,416.179976759,466.901209537,0.997411090794,0.0884774986197,0.580175589914,297.838971134,1953.02651491
534,0.553571428571,882,-12.043113161,121.367553704,32.774177821,13699606.3292,0.702656772431,7.06867463626,0.578187000135,0.0242132967554,4046.41151434,570.626390143,219.08365102,0.997593195974,0.0864350781003,0.572202296517,291.065804122,1926.86262588
534.5,0.553571428571,882,3.67549797543,123.398363951,32.7892921551,13705924.1208,0.713863077589,7.06867463626,0.579341654326,0.0242638651527,4058.11576372,610.11873922,-67.1437138069,0.997695648001,0.0867176551254,0.573328471192,292.286767152,1932.43607796
535,0.553571428571,882,18.5762934716,117.997880649,32.8212773899,13719293.949,0.806235507432,7.06867463626,0.588362007682,0.0246806952915,4128.38600798,525.760761942,-348.836625602,0.997682276714,0.0889681359878,0.582119970094,300.457463064,1965.89809904
535.5,0.553571428571,882,29.3437760294,106.367736812,32.8548819656,13733340.6616,0.880301639823,7.06867463626,0.595533983887,0.0250149183524,4186.48634011,314.270310451,-563.418003886,0.997570119526,0.0907814962341,0.589105416752,307.209544305,1993.56492386
536,0.553571428571,882,33.5821299797,91.0956943121,32.891346753,13748582.9428,0.981043431894,7.06867463626,0.605322882798,0.0254695151975,4263.64959487,21.6658877413,-664.041649398,0.9974776746,0.093283795108,0.598633963465,316.378573866,2030.30933089
536.5,0.553571428571,882,30.3483015725,75.5798546587,32.9257778905,13762975.1582,1.12208423325,7.06867463626,0.619129481503,0.0258668762438,4368.08390977,-297.42064664,-625.944556349,0.99734830717,0.0970983443948,0.6120149685,330.005713092,2080.03995703
537,0.553571428571,882,20.3618328853,63.2725653765,32.9414147462,13769511.3639,1.25702470101,7.06867463626,0.63234616564,0.0261297298227,4463.47423228,-573.54102714,-436.942292144,0.99716008928,0.100926487109,0.624786587708,343.342208615,2125.46392013
537.5,0.553571428571,882,5.84476031608,56.9122563953,32.9209010083,13760936.6215,1.35968884463,7.06867463626,0.642369369279,0.0263297116223,4526.95193515,-729.846219282,-128.923152641,0.996972163782,0.103873131025,0.634462002766,352.926438504,2155.69139769
538,0.553571428571,882,-9.97279899844,57.9141264707,32.8641338103,13737207.9327,1.36349649249,7.06867463626,0.642650005582,0.0263371286254,4513.26920923,-705.930086628,219.414280695,0.996823988722,0.103964694467,0.63473145213,352.020379802,2149.17581392
538.5,0.553571428571,882,-23.5713634852,66.0552547842,32.8126779375,13715699.3779,1.29372974659,7.06867463626,0.635755086736,0.0262012284084,4451.96952073,-514.943599321,506.913840367,0.996818406147,0.101940915555,0.628075699591,344.087920539,2119.98548606
539,0.553571428571,882,-31.9251883892,79.524201877,32.7851309019,13704184.717,1.12247711778,7.06867463626,0.618902228079,0.0258676415524,4329.26587092,-214.133533767,652.575901683,0.996919705984,0.0970568421293,0.611791690199,327.052554855,2061.55517663
539.5,0.553571428571,882,-33.1755082569,95.3240634759,32.7745523411,13699762.8786,0.976775026173,7.06867463626,0.60471287116,0.0254502540375,4229.21534693,104.367596393,650.339364196,0.997159553316,0.0931389542666,0.598038884333,313.647940118,2013.91206996
540,0.553571428571,882,-27.0441210188,109.939295833,32.7683759746,13697181.1574,0.806112768009,7.06867463626,0.588156346874,0.0246801414305,4113.66235237,373.056917476,505.985592851,0.997353873765,0.0889278683297,0.581918234792,299.354136153,1958.88683446
540.5,0.553571428571,882,-14.8952892627,120.117940796,32.7730209366,13699122.7515,0.712425178615,7.06867463626,0.579128331549,0.0242573766406,4052.61510018,549.337536382,271.68329876,0.997570270858,0.0866689403802,0.573120004447,291.832719962,1929.81671437
541,0.553571428571,882,0.567814628821,123.595201838,32.7840268134,13703723.208,0.699010102282,7.06867463626,0.577883213947,0.0241968411742,4046.75041422,610.965381218,-10.3263282307,0.997683995241,0.0863569296759,0.571906440584,290.977448107,1927.02400677
541.5,0.553571428571,882,15.9045770865,119.597371973,32.8137618293,13716152.4446,0.77079123092,7.06867463626,0.584908207081,0.0245207531668,4102.63880828,550.138068051,-295.624669636,0.997699988252,0.0881026439494,0.5787545267,297.398333099,1953.63752775
542,0.553571428571,882,27.7024961063,109.013987206,32.8494797659,13731082.5422,0.860983576042,7.06867463626,0.593671978907,0.0249277456839,4172.22871813,363.058068112,-528.958740173,0.997613565406,0.0903084400183,0.58729225834,305.508204397,1986.77558006
542.5,0.553571428571,882,33.336479045,94.1999005802,32.8879549061,13747165.1508,0.982602460344,7.06867463626,0.605489992462,0.0254765503057,4263.92901579,83.0677035314,-659.345311924,0.997502003189,0.0933258373417,0.598796688093,316.455885354,2030.44238847
543,0.553571428571,882,31.5529381181,78.4513162604,32.9186595898,13759999.7085,1.08233291681,7.06867463626,0.615199640254,0.0257894437584,4339.08007623,-235.338301726,-642.983654118,0.997346272091,0.0959750348295,0.608214177299,326.046925563,2066.22860773
543.5,0.553571428571,882,22.7487195964,65.2723685581,32.9407936833,13769251.7596,1.23456198287,7.06867463626,0.630160670232,0.0260859741877,4448.22774859,-527.250416958,-485.055429617,0.997213981057,0.100287945021,0.622675899999,341.157085391,2118.20368981
544,0.553571428571,882,8.88280363838,57.5954355141,32.9274081135,13763656.5915,1.33355504283,7.06867463626,0.639807983312,0.0262788050007,4511.09788784,-709.859130882,-194.587996184,0.997003983179,0.103117726326,0.631990162597,350.49834103,2148.14185135
544.5,0.553571428571,882,-6.9595780373,57.1286709496,32.8767974377,13742501.329,1.3775387684,7.06867463626,0.644061708024,0.0263644818912,4526.44426583,-726.651753125,153.848041071,0.996862136469,0.104378845185,0.636094038901,353.695101046,2155.4496504
545,0.553571428571,882,-21.2534207651,63.9759321823,32.8219244077,13719564.4024,1.31984959547,7.06867463626,0.638321897201,0.0262521078508,4472.05384228,-564.111342179,460.70029473,0.996797764126,0.102693748223,0.630553734181,346.824391102,2129.54944871
545.5,0.553571428571,882,-30.8182771012,76.6136712833,32.7880308897,13705396.9119,1.16797339458,7.06867463626,0.6233730882,0.0259562647756,4360.62246458,-277.303599906,638.413964272,0.996882025153,0.0983435289708,0.61611385724,331.446933091,2076.48688789
546,0.553571428571,882,-33.5259213849,92.2299316791,32.7755012798,13700159.535,0.992835339876,7.06867463626,0.606243716641,0.0255227261247,4239.99308964,43.9017170429,660.040631752,0.997097047686,0.0935349032095,0.599528210677,314.999548761,2019.0443284
546.5,0.553571428571,882,-28.7738899886,107.350021756,32.7712805465,13698395.2684,0.8592527722,7.06867463626,0.593335848163,0.02491993544,4150.06497083,329.436485527,546.349124298,0.99733288949,0.0902333925789,0.586963684363,303.802718097,1976.22141468
547,0.553571428571,882,-17.6195323176,118.609650136,32.772471451,13698893.0665,0.737738742792,7.06867463626,0.581563567074,0.0243716039754,4069.26412896,525.462316919,323.611097325,0.997504175424,0.0872756474698,0.575493804473,293.865777132,1937.74482332
547.5,0.553571428571,882,-2.5447455788,123.503496384,32.7806854434,13702326.5153,0.693115625303,7.06867463626,0.577289532913,0.0241702423756,4041.82945086,608.145031853,46.1914291973,0.997653619124,0.0862111439792,0.571327440336,290.427016876,1924.68069089
548,0.553571428571,882,13.0962590571,120.94265662,32.8059963893,13712906.4907,0.743245275744,7.06867463626,0.582220013406,0.0243964521785,4082.13328376,570.496199327,-241.458453591,0.99770699249,0.087432144273,0.576134490408,294.995329629,1943.87299227
548.5,0.553571428571,882,25.823284266,111.496929774,32.8422324308,13728053.1561,0.836361354961,7.06867463626,0.591285468011,0.0248166380315,4153.88250364,407.544157033,-489.564264693,0.997646976963,0.0897047272599,0.584967889812,303.331991175,1978.03928745
549,0.553571428571,882,32.8045068942,97.2680346332,32.880752697,13744154.6273,0.959573893332,7.06867463626,0.603258295675,0.0253726340095,4246.60446263,142.804149827,-644.551099983,0.997532789518,0.0927518917045,0.596625031693,314.371974345,2022.19260125
549.5,0.553571428571,882,32.4865719701,81.4219674965,32.9146750615,13758334.1757,1.06544185517,7.06867463626,0.613548744426,0.0257565412787,4326.64060081,-173.900846984,-658.594191487,0.997376229704,0.0955030635571,0.606617363794,324.365004516,2060.305048
550,0.553571428571,882,24.9402215144,67.4845530621,32.937595122,13767914.761,1.20119962048,7.06867463626,0.626878211442,0.02602098689,4424.71295554,-475.42920668,-526.629995918,0.997236679581,0.0993353781921,0.619504532976,337.851046344,2107.00616931
550.5,0.553571428571,882,11.8445541063,58.5569317969,32.9329060616,13765954.7337,1.30820844012,7.06867463626,0.637333822318,0.0262294317819,4495.55305539,-684.159020121,-257.721621784,0.997050845921,0.102389274613,0.62960211293,348.138554776,2140.73955019
551,0.553571428571,882,-3.88658247176,56.6255415521,32.8891297977,13747656.2554,1.383330393,7.06867463626,0.644657554405,0.0263757635273,4533.93733669,-739.556597371,86.1241752493,0.996898854947,0.104552605527,0.636669298797,354.549739778,2159.01777938
551.5,0.553571428571,882,-18.7529361134,62.1201257692,32.8314274294,13723536.6655,1.3359416433,7.06867463626,0.639905900193,0.0262834539136,4485.49403085,-607.42961487,408.577480182,0.996789225742,0.103159222131,0.632082712896,348.598195151,2135.9495385
552,0.553571428571,882,-29.4466729954,73.8181135369,32.7963248433,13708863.7845,1.21310674078,7.06867463626,0.62781677763,0.026044181038,4393.23816794,-339.766539116,618.283547779,0.996858664905,0.0996284871065,0.620408228666,335.94751998,2092.01817521
552.5,0.553571428571,882,-33.5883862095,89.1166473872,32.7760244342,13700378.2135,1.01232685687,7.06867463626,0.608109276023,0.0256106815,4252.96341669,-17.4813741928,664.707546421,0.997034174791,0.094018075946,0.601342996955,316.636848117,2025.22067461
553,0.553571428571,882,-30.2565250256,104.611731361,32.7710332171,13698291.8848,0.883647793862,7.06867463626,0.595703988399,0.0250300178562,4166.30739651,279.285271739,578.31625867,0.997307277744,0.0908340176178,0.589269823452,305.820319118,1983.9559031
553.5,0.553571428571,882,-20.1924442762,116.855636171,32.7712664423,13698389.3729,0.762067218224,7.06867463626,0.583922922382,0.0244813861021,4085.22367516,496.537654262,373.340957215,0.997473444956,0.0878643561801,0.577793364847,295.826262226,1945.34460722
554,0.553571428571,882,-5.63544940957,123.124035231,32.778132644,13701259.4452,0.69364971585,7.06867463626,0.577324695171,0.0241726524565,4041.44168449,601.23086416,102.28844689,0.997624180445,0.0862208003376,0.571361614365,290.414309718,1924.49604023
554.5,0.553571428571,882,10.1754595382,122.022180175,32.8001958683,13710481.873,0.737494773524,7.06867463626,0.581657598367,0.0243705030653,4076.80683061,589.246556424,-187.240670687,0.997706358423,0.0872922563953,0.575586262111,294.419207285,1941.336586
555,0.553571428571,882,23.7222807319,113.795238954,32.8344174415,13724786.4906,0.83650430109,7.06867463626,0.59130354953,0.0248172830752,4152.03108154,450.923096352,-449.54052787,0.997653913123,0.0897090416125,0.584985532367,303.202231152,1977.15765788
555.5,0.553571428571,882,31.9907825435,100.273744802,32.8701770772,13739734.0183,0.908748738502,7.06867463626,0.598291482575,0.0251432857464,4209.48259383,198.972281558,-619.56755928,0.997532611503,0.0914833703796,0.591790229628,309.873037178,2004.51552087
556,0.553571428571,882,33.14118431,84.4662939607,32.9095522567,13756192.8433,1.05329138244,7.06867463626,0.612388006707,0.025732873099,4317.29030838,-111.757066966,-669.309415421,0.997441569453,0.0951694151949,0.60549486697,323.131199735,2055.8525278
556.5,0.553571428571,882,26.9175162108,69.8901188209,32.9327789105,13765901.5846,1.16263278997,7.06867463626,0.623077269172,0.0259458616915,4397.18927394,-419.818420283,-561.936146361,0.997252933612,0.0982375823598,0.615831022692,334.019612781,2093.89965426
557,0.553571428571,882,14.7045737607,59.7884871197,32.9362942349,13767370.9902,1.28664638238,7.06867463626,0.635237637245,0.0261874305636,4482.0266261,-653.539759627,-318.091438819,0.99710443027,0.101772984483,0.627578598203,346.114284163,2134.29839338
557.5,0.553571428571,882,-0.780205725854,56.4090595692,32.9005516669,13752430.5968,1.38368736232,7.06867463626,0.644712877539,0.0263764588759,4537.46947182,-744.973919991,17.3032642294,0.996929874175,0.104567080734,0.636722967761,354.845162624,2160.69974849
558,0.553571428571,882,-16.0913857575,60.5037747431,32.8416782714,13727821.5175,1.34169772489,7.06867463626,0.640474111089,0.0262946663146,4492.18984353,-644.088265795,351.37624074,0.996788699002,0.103326257353,0.632631157147,349.380714412,2139.13802073
558.5,0.553571428571,882,-27.8221565406,71.1615391968,32.8005925373,13710647.6806,1.23393405459,7.06867463626,0.629868814502,0.0260847510321,4408.42409338,-398.013906499,587.819001119,0.996850282007,0.100224036441,0.622390777758,338.043674084,2099.24956828
559,0.553571428571,882,-33.3623662313,86.0109500572,32.7800577868,13702064.1549,1.06907971581,7.06867463626,0.613679700102,0.0257636275494,4292.19727562,-80.2572893249,671.230773635,0.997004869577,0.0955604137689,0.606741086579,321.910391598,2043.90346458
559.5,0.553571428571,882,-31.4792920354,101.74794335,32.7705245973,13698079.2817,0.899455610161,7.06867463626,0.597203201407,0.0251013505501,4176.4967749,225.488291025,604.208885968,0.997231801072,0.0912174235873,0.590729314665,307.1016389,1988.80798805
560,0.553571428571,882,-22.5919268456,114.870963821,32.7705874784,13698105.566,0.783893709325,7.06867463626,0.586043934588,0.0245798780366,4099.6679285,462.600861653,420.210688265,0.997453401015,0.0883950213401,0.579860314105,297.600601232,1952.2228231
560.5,0.553571428571,882,-8.67775134626,122.460077504,32.7753962045,13700115.6135,0.690535103175,7.06867463626,0.577004908487,0.0241585977821,4038.56092435,588.547142488,157.339912618,0.997597564658,0.0861426523801,0.571049687598,290.102643119,1923.12424969
561,0.553571428571,882,7.16726476837,122.826670799,32.79485048,13708247.5006,0.726764790005,7.06867463626,0.580611017564,0.024322084067,4068.25441203,602.053458667,-131.450324933,0.997710054442,0.0870320759845,0.574566040799,293.446003029,1937.26400573
561.5,0.553571428571,882,21.4175306576,115.889174968,32.8273142833,13721817.3704,0.819843915236,7.06867463626,0.589682903818,0.0247421031653,4139.03446398,488.158252547,-403.842314502,0.997666819634,0.0893005546741,0.583406813175,301.691036905,1970.96879237
562,0.553571428571,882,30.9022949298,103.191215564,32.8641810961,13737227.6982,0.907842284935,7.06867463626,0.598215310886,0.0251391953791,4207.4203224,255.325719389,-598.13674071,0.997553302828,0.0914632341731,0.591716160095,309.691816517,2003.53348686
562.5,0.553571428571,882,33.5111527864,87.558148463,32.9010098218,13752622.1055,1.0183631088,7.06867463626,0.608948276126,0.0256379200573,4291.29163427,-48.7971603173,-669.675887384,0.997442725075,0.094219170365,0.602161152747,319.73875284,2043.47220679
563,0.553571428571,882,28.6636210458,72.4684048488,32.9317049062,13765452.6508,1.15329634107,7.06867463626,0.622183580045,0.0259276750122,4390.73694659,-365.001963808,-596.767030115,0.997299314013,0.0979778206653,0.614967477405,333.114663587,2090.82711742
563.5,0.553571428571,882,17.4382983905,61.2795238681,32.9405972116,13769169.6344,1.27571420312,7.06867463626,0.63416567416,0.0261661355252,4475.80360551,-619.532163554,-376.163218218,0.99711730752,0.101459267573,0.626543522794,345.137544772,2131.33505024
564,0.553571428571,882,2.33287207123,56.4810843269,32.9112692634,13756910.5521,1.37814400511,7.06867463626,0.644175375419,0.0263656608455,4536.7289889,-742.724966765,-51.6926725336,0.996945525231,0.104407389248,0.636204494985,354.534125869,2160.34713757
564.5,0.553571428571,882,-13.2916292901,59.1407616618,32.8505790851,13731542.0576,1.34075340868,7.06867463626,0.640386088582,0.0262928268598,4494.0220627,-674.044701562,290.323182962,0.996796872524,0.103299893726,0.632546272735,349.480927131,2140.01050605
565,0.553571428571,882,-25.9586804259,68.6667651176,32.8065582987,13713141.3688,1.24620323755,7.06867463626,0.63108163231,0.0261086504501,4418.32963587,-452.471754083,550.57611894,0.996851658243,0.100576345875,0.623562416217,339.355381649,2103.96649327
565.5,0.553571428571,882,-32.8498026965,82.9395139828,32.7822811382,13702993.5158,1.10221769491,7.06867463626,0.616942832038,0.0258281777659,4315.11059369,-143.457504562,667.454153822,0.996987519698,0.0964923250936,0.609897355272,325.093777878,2054.81456842
566,0.553571428571,882,-32.4316888852,98.7832542974,32.771932749,13698667.8891,0.924601046863,7.06867463626,0.599632831494,0.0252148192105,4193.57959618,169.745437665,626.775798312,0.997187105926,0.0918376962767,0.59309456013,309.216482943,1996.94266485
566.5,0.553571428571,882,-24.7973712876,112.672679092,32.7688085721,13697361.9831,0.793657862721,7.06867463626,0.586979137053,0.0246239387312,4105.6641939,422.789283172,462.409527719,0.997421304761,0.0886303091268,0.580771481736,298.360352704,1955.07818757
567,0.553571428571,882,-11.6455215871,121.517325822,32.7744903787,13699736.9783,0.703082290951,7.06867463626,0.578224179344,0.0242152169057,4046.74484487,573.424617522,211.878025428,0.997585595208,0.0864445294856,0.572238518128,291.103183443,1927.0213547
567.5,0.553571428571,882,4.09751160897,123.349218861,32.7888932685,13705757.3862,0.7098905711,7.06867463626,0.57895309788,0.0242459392366,4055.33566002,608.529877741,-74.7681152255,0.997695141202,0.0866213926211,0.572949639545,291.955205444,1931.11221906
568,0.553571428571,882,18.9288291404,117.760753365,32.8221435605,13719656.0083,0.809592209768,7.06867463626,0.588692878837,0.0246958423944,4130.8904075,521.821202531,-355.806784303,0.997687022484,0.0890510469348,0.582442358749,300.753338024,1967.09067024
568.5,0.553571428571,882,29.5483928838,105.995389273,32.8561551125,13733872.837,0.883730026465,7.06867463626,0.595866549709,0.0250303889304,4189.11228941,307.430683629,-567.91882145,0.997565978484,0.0908659882389,0.589429247334,307.519301606,1994.81537591
569,0.553571428571,882,33.5932998043,90.670975603,32.8920272281,13748867.3813,0.979600682529,7.06867463626,0.605179273794,0.025463004798,4262.83052302,13.2629669373,-664.02835308,0.997473340953,0.0932470525335,0.598494198165,316.267044654,2029.91929668
569.5,0.553571428571,882,30.1635390286,75.197266696,32.926500543,13763277.227,1.12559499943,7.06867463626,0.619477616486,0.0258737149444,4370.67854334,-305.638485567,-622.799735611,0.997350189563,0.0971980181821,0.612351624243,330.358972809,2081.27549683
570,0.553571428571,882,20.0222485106,63.0172357869,32.941553649,13769569.4253,1.26124151155,7.06867463626,0.632759789902,0.026137943843,4466.365697,-579.717624526,-430.172767053,0.997155297672,0.101047214594,0.625186055705,343.755810901,2126.8408081
570.5,0.553571428571,882,5.42591323614,56.8409972171,32.9196150764,13760399.1019,1.35988523087,7.06867463626,0.642384906343,0.0263300941675,4526.7048641,-731.395663335,-119.680601873,0.9969661665,0.103878067202,0.634476941197,352.915637723,2155.57374481
571,0.553571428571,882,-10.3777133323,58.0427932073,32.8625802237,13736558.5335,1.36208820852,7.06867463626,0.642510713854,0.0263343853973,4511.88678699,-702.755286626,228.211212409,0.996823700943,0.103923658537,0.634597029986,351.848165547,2148.51751761
571.5,0.553571428571,882,-23.8722497233,66.3552184796,32.8119511461,13715395.5791,1.29016762424,7.06867463626,0.635404549113,0.02619428967,4449.37328662,-507.958502214,512.845179113,0.996820471626,0.101838326379,0.627737235733,343.726417113,2118.7491841
572,0.553571428571,882,-32.0550979241,79.9287191938,32.7849886111,13704125.2394,1.11826680013,7.06867463626,0.618489479113,0.0258594401798,4326.4041939,-205.611694959,654.425503876,0.996924822105,0.096938316088,0.611392598331,326.650322105,2060.19247329
572.5,0.553571428571,882,-33.1055356041,95.7431274027,32.7743438451,13699675.7272,0.972043790202,7.06867463626,0.604254179464,0.0254289043582,4226.00511071,112.438453938,648.137326425,0.99716529354,0.0930209650509,0.597592538974,313.246622764,2012.38338605
573,0.553571428571,882,-26.7898354238,110.279662669,32.767760728,13696923.9843,0.80148883802,7.06867463626,0.587708201565,0.024659275969,4110.42147486,378.930129703,500.574194824,0.997360035104,0.0888152048561,0.581481615758,298.963655077,1957.34355946
573.5,0.553571428571,882,-14.5132704699,120.303877314,32.7729771891,13699104.465,0.710798175624,7.06867463626,0.578972638727,0.0242500347976,4051.53106873,552.480236489,264.596342519,0.997575967468,0.0866301754396,0.572968230607,291.701411414,1929.30050892
574,0.553571428571,882,0.992565635572,123.585336286,32.7847359823,13704019.6406,0.700758817878,7.06867463626,0.578055252896,0.0242047322448,4048.11255161,611.112956529,-18.0605522283,0.997685938772,0.0863994238834,0.572074194503,291.133226154,1927.67264362
574.5,0.553571428571,882,16.2775512043,119.393899483,32.8150254473,13716680.637,0.776354329931,7.06867463626,0.585450711214,0.0245458566239,4106.70278392,547.239368831,-303.046448548,0.997697907608,0.0882382884118,0.579283211216,297.879153682,1955.57275425
575,0.553571428571,882,27.9407048343,108.662181367,32.8503950158,13731465.1166,0.865291919105,7.06867463626,0.594088989767,0.024947187061,4175.34642374,356.777674677,-534.16154863,0.997606780284,0.0904141721122,0.587698364287,305.882934191,1988.26020178
575.5,0.553571428571,882,33.3869198173,93.7780398504,32.8884971606,13747391.8131,0.983568745078,7.06867463626,0.605581130328,0.0254809106609,4264.70096918,74.7453204142,-660.531947309,0.997496590684,0.0933494692833,0.598885346958,316.54645636,2030.80998533
576,0.553571428571,882,31.4043876249,78.053266643,32.9198203126,13760484.8907,1.08917787469,7.06867463626,0.615875340537,0.0258027772062,4344.04919005,-243.956120276,-641.287650417,0.997345010243,0.0961678867708,0.608867765567,326.72512291,2068.5948524
576.5,0.553571428571,882,22.4342310234,64.9866979711,32.9410029894,13769339.2496,1.23800481067,7.06867463626,0.630495038543,0.0260926805496,4450.59130907,-533.867621372,-478.821610193,0.997204748564,0.100385585302,0.622998840986,341.493575381,2119.32919479
577,0.553571428571,882,8.47235217669,57.4857070107,32.9271599927,13763552.877,1.34732641279,7.06867463626,0.641165397883,0.0263056305627,4520.381439,-715.010362391,-186.312511921,0.996999120221,0.103517055631,0.633300302254,351.850363224,2152.56259
577.5,0.553571428571,882,-7.37466500097,57.2192996395,32.8750480994,13741770.1055,1.37539164026,7.06867463626,0.643836652875,0.0263602994519,4524.4161251,-724.118407119,162.904715726,0.996842070871,0.104313616641,0.635876694301,353.436454575,2154.4838691
578,0.553571428571,882,-21.580784423,64.2467527545,32.8198845435,13718711.7392,1.31449263991,7.06867463626,0.637794789496,0.0262416729163,4467.88959901,-557.330548732,467.033547649,0.996800925887,0.102539026705,0.630044892772,346.258811353,2127.56647572
578.5,0.553571428571,882,-30.985077495,77.0044248828,32.787631024,13705229.768,1.16289131136,7.06867463626,0.622875908924,0.0259463652711,4357.11516398,-268.809240829,640.916241361,0.996889777001,0.0981999009468,0.615633325319,330.954791494,2074.81674475
579,0.553571428571,882,-33.49504464,92.6536737864,32.7754187988,13700125.0579,0.991879211139,7.06867463626,0.606154594101,0.0255184115984,4239.35869924,52.230905441,659.265851859,0.997104073181,0.0935117012524,0.59944152593,314.919825995,2018.74223773
579.5,0.553571428571,882,-28.5522063264,107.712467753,32.7711117826,13698324.7251,0.85424381334,7.06867463626,0.592847208069,0.0248973325376,4146.65735873,335.854562517,541.392023884,0.997334141765,0.0901098499776,0.586487769881,303.38364339,1974.59874225
580,0.553571428571,882,-17.2563673989,118.830154079,32.7724413319,13698880.4767,0.732569150612,7.06867463626,0.581062059579,0.024348276216,4065.8000454,528.753632567,316.486929698,0.997510454958,0.0871507740469,0.575004954952,293.444776535,1936.09525971
580.5,0.553571428571,882,-2.12090531131,123.532995104,32.7811907274,13702537.724,0.694392405581,7.06867463626,0.577417919406,0.0241760038403,4042.83989051,608.921854858,38.5132789996,0.997659843674,0.0862426721687,0.571452652728,290.542185315,1925.16185262
581,0.553571428571,882,13.4864682142,120.774586514,32.8070393884,13713342.4643,0.74681826379,7.06867463626,0.58256834666,0.0244125752696,4084.79869205,567.996604609,-248.915388363,0.997705476517,0.0875189040321,0.57647401832,295.306832786,1945.14223431
581.5,0.553571428571,882,26.0930389343,111.168687233,32.8432689941,13728486.4395,0.836696286364,7.06867463626,0.591315643326,0.0248181494078,4154.35332813,401.381293351,-494.752348109,0.997642660531,0.089712484593,0.58499726554,303.37737163,1978.26348959
582,0.553571428571,882,32.8937853873,96.8526551711,32.8820095064,13744679.9737,0.964426491926,7.06867463626,0.603732246056,0.025394531337,4250.21245997,134.829373848,-647.201468123,0.997532372405,0.0928734065524,0.597086289831,314.80789967,2023.91069523
582.5,0.553571428571,882,32.3755094021,81.0118750035,32.9152032012,13758554.9381,1.06542483301,7.06867463626,0.613543190041,0.0257565081209,4326.7407634,-182.218055252,-656.355175668,0.99736993533,0.0955018226582,0.606611939897,324.371199237,2060.35274447
583,0.553571428571,882,24.6535298307,67.1709950526,32.9383342266,13768223.7067,1.20594263477,7.06867463626,0.627346921057,0.0260302259144,4428.14665856,-482.729922221,-521.310349051,0.997236702395,0.0994709832279,0.619957462667,338.327437982,2108.64126598
583.5,0.553571428571,882,11.4460235591,58.4096764074,32.9322594715,13765684.4591,1.31188625481,7.06867463626,0.63769294629,0.0262365958801,4497.85168445,-688.044938878,-249.297179784,0.997044212457,0.102494865636,0.629948771909,348.483895386,2141.83413545
584,0.553571428571,882,-4.30827695556,56.6773538014,32.8880477646,13747203.9656,1.38880224676,7.06867463626,0.645194651792,0.0263864222746,4537.32873489,-739.483065824,95.6075886811,0.996893544153,0.104711649143,0.637187454769,355.065710649,2160.6327309
584.5,0.553571428571,882,-19.1039655216,62.3594771875,32.8300526386,13722962.0029,1.33426098783,7.06867463626,0.639734709767,0.0262801801269,4483.94534129,-601.873562138,415.989663343,0.996781145498,0.103109407906,0.631917397094,348.400681836,2135.21206728
585,0.553571428571,882,-29.6489316285,74.1917473044,32.7943861371,13708053.4053,1.20496441248,7.06867463626,0.627014011739,0.0260283204132,4387.22665061,-331.107586025,621.003874923,0.996861109852,0.0993959495727,0.619632544004,335.123778599,2089.15554791
585.5,0.553571428571,882,-33.5968705675,89.5414282278,32.7753678517,13700103.762,1.00292763711,7.06867463626,0.607198176596,0.0255682675667,4246.52453891,-9.0519604829,663.184180022,0.997045581357,0.0937826757672,0.600456635981,315.831406352,2022.15454234
586,0.553571428571,882,-30.0693472987,104.993143534,32.770982927,13698270.8635,0.879842714286,7.06867463626,0.595339618995,0.0250128474532,4163.78631409,286.281698282,574.149363098,0.997319648036,0.090741172837,0.588915056723,305.506791296,1982.75538766
586.5,0.553571428571,882,-19.8512523918,117.108813668,32.7714964915,13698485.5335,0.760093559377,7.06867463626,0.583732879601,0.0244724799762,4083.97155976,500.954350044,366.839042142,0.997478254337,0.0878167842923,0.577608162512,295.670245807,1944.74836179
587,0.553571428571,882,-5.21616017163,123.192644864,32.7782571131,13701311.4733,0.691711869555,7.06867463626,0.577136695521,0.0241639079346,4040.17575761,602.155573754,94.6275879436,0.997626577626,0.0861742621994,0.571178305171,290.259761449,1923.89321791
587.5,0.553571428571,882,10.579552296,121.890955978,32.8010888832,13710855.1532,0.739672967633,7.06867463626,0.581871833031,0.0243803321556,4078.50810175,587.221516502,-194.805723209,0.997708658467,0.0873454602582,0.575795103525,294.61469485,1942.14671512
588,0.553571428571,882,24.0212644646,113.493378929,32.8355871739,13725275.4387,0.838257030523,7.06867463626,0.591473292835,0.0248251922582,4153.50050168,445.447358352,-455.456357819,0.997651287398,0.0897519241504,0.585150868083,303.368781266,1977.85738175
588.5,0.553571428571,882,32.11813196,99.8684142293,32.8707120188,13739957.6239,0.910036444275,7.06867463626,0.59841600917,0.0251490965124,4210.48195395,191.194829174,-622.270266608,0.997530428098,0.0915151479822,0.591911458562,309.990764037,2004.99140664
589,0.553571428571,882,33.0685635642,84.047680805,32.9104002728,13756547.314,1.05618783523,7.06867463626,0.612673278484,0.0257385151647,4319.48083173,-120.319991608,-668.44689611,0.997439927197,0.0952505932417,0.605770865772,323.42349304,2056.89563416
589.5,0.553571428571,882,26.6610837614,69.551366484,32.9334693903,13766190.2052,1.16637320613,7.06867463626,0.62344447691,0.0259531477324,4399.90805493,-427.368693711,-557.206550311,0.997249064561,0.0983435504223,0.616185952255,334.39393855,2095.19431187
590,0.553571428571,882,14.3213870374,59.6049695949,32.9358460969,13767183.6685,1.28742159285,7.06867463626,0.635310938182,0.0261889406136,4482.40983199,-657.632043556,-309.859963896,0.997099260973,0.101794701321,0.627649334874,346.17871924,2134.48087238
590.5,0.553571428571,882,-1.20488586927,56.4216103715,32.8991677326,13751852.1122,1.38545660241,7.06867463626,0.644886937371,0.0263799052186,4538.28436106,-744.999633994,26.7326557808,0.996928762404,0.104618577274,0.636890896999,354.990047938,2161.08779098
591,0.553571428571,882,-16.4630659855,60.7096012598,32.8401000635,13727161.8265,1.34024032024,7.06867463626,0.64032848035,0.0262918274033,4490.759923,-639.268277215,359.309407958,0.996786087519,0.103283599224,0.632490569943,349.202908645,2138.45710619
591.5,0.553571428571,882,-28.0581362489,71.5148440569,32.7995766445,13710223.0374,1.23097899079,7.06867463626,0.629578255454,0.0260789947967,4406.16300353,-390.196048954,592.268409259,0.996852405852,0.100139567184,0.622110087359,337.737847735,2098.17285882
592,0.553571428571,882,-33.4101388215,86.4331212624,32.7795792996,13701864.1472,1.06267200837,7.06867463626,0.613049213933,0.0257511458317,4287.75731979,-71.6264337446,670.908452659,0.997009038758,0.0953807361404,0.606131153621,321.295738994,2041.7891999
592.5,0.553571428571,882,-31.3282278808,102.145045815,32.7706929432,13698149.6503,0.898934944252,7.06867463626,0.59715747988,0.0250990010477,4176.22520524,233.082119958,601.23690599,0.997240390329,0.091205491921,0.59068483464,307.064623395,1988.67866916
593,0.553571428571,882,-22.2756384332,115.154640375,32.7705211708,13698077.8494,0.780020548665,7.06867463626,0.585665862551,0.0245624004181,4097.04655869,467.374598667,413.882584589,0.997454062847,0.0883004126871,0.579491890531,297.280878089,1950.97455176
593.5,0.553571428571,882,-8.26661434015,122.567208774,32.7747875248,13699861.1854,0.68530548144,7.06867463626,0.576496566768,0.0241349991395,4034.9055031,589.606067111,149.661151596,0.997602301837,0.0860169567452,0.570554005184,289.668578574,1921.3835729
594,0.553571428571,882,7.58177044465,122.733419573,32.7955352575,13708533.7376,0.72758522101,7.06867463626,0.580694812325,0.0243257862579,4069.00290479,600.510376034,-139.091237034,0.997716251489,0.0870526766666,0.574647753344,293.527720048,1937.62043085
594.5,0.553571428571,882,21.7431755355,115.616290083,32.8282025508,13722188.6662,0.822659255083,7.06867463626,0.589957477203,0.0247548073727,4141.1562857,483.412728825,-410.322017152,0.997665834428,0.0893696542658,0.583674301552,301.940821097,1971.97918367
595,0.553571428571,882,31.0666214877,102.799415195,32.8653617949,13737721.2302,0.909977424148,7.06867463626,0.598421871274,0.0251488301844,4209.15261665,247.902701004,-601.707129608,0.997549814299,0.0915159376699,0.591917251676,309.892534583,2004.35838888
595.5,0.553571428571,882,33.4775975897,87.1346100401,32.9022504454,13753140.6862,1.02433946645,7.06867463626,0.609530577794,0.0256648883421,4295.6523861,-57.3568409083,-670.124927433,0.997440002482,0.0943697312765,0.602727604792,320.273843134,2045.54875529
596,0.553571428571,882,28.4396502842,72.1073676695,32.932293437,13765698.6567,1.15628645162,7.06867463626,0.622474144684,0.0259334995159,4392.89903419,-372.851428181,-592.632991591,0.997291414317,0.0980618444574,0.615248309107,333.412252637,2091.85668295
596.5,0.553571428571,882,17.0737466151,61.0613204081,32.9402207228,13769012.2621,1.27789184727,7.06867463626,0.63437821762,0.0261703774073,4477.16730422,-624.607843668,-368.517023133,0.997113187438,0.101521529004,0.626748746144,345.341447489,2131.98443058
597,0.553571428571,882,1.90885377203,56.4542658856,32.9097699299,13756283.8307,1.3794951451,7.06867463626,0.644306841177,0.0263682927615,4537.2199054,-743.529168665,-42.3090594285,0.996942411682,0.104446395127,0.636331315429,354.634263124,2160.58090733
597.5,0.553571428571,882,-13.6807680411,59.3112954688,32.8494873629,13731085.7177,1.34159948288,7.06867463626,0.640468379813,0.0262944749468,4494.28750663,-670.433001158,298.873429689,0.996794881528,0.103324204981,0.632625682073,349.539942542,2140.13690792
598,0.553571428571,882,-26.2263544207,68.9967065963,32.8059573193,13712890.1595,1.24172848643,7.06867463626,0.630638836944,0.0260999339816,4415.1369722,-444.887700901,555.521569736,0.996850425202,0.100447702285,0.623134663072,338.90890717,2102.44617724
598.5,0.553571428571,882,-32.9364532084,83.3554495975,32.7820190073,13702883.945,1.09927051609,7.06867463626,0.616655588846,0.0258224368899,4313.07641071,-134.888866226,668.632271814,0.996993854884,0.0964098808594,0.609619593168,324.810819226,2053.84590986
599,0.553571428571,882,-32.3180357665,99.1926364116,32.7714823847,13698479.6368,0.916592628324,7.06867463626,0.598852907053,0.0251786812609,4188.09603493,177.267406349,623.209068876,0.997191099661,0.0916387320252,0.592335304594,308.538092292,1994.3314452
599.5,0.553571428571,882,-24.5087028934,112.984418254,32.7692174216,13697532.8822,0.794118288822,7.06867463626,0.587030158356,0.0246260164017,4106.11840549,428.67326629,457.102094368,0.997431555246,0.0886427420091,0.580821239102,298.409652347,1955.2944788
600,0.553571428571,882,-11.246067997,121.662058597,32.7747516178,13699846.1762,0.702876328535,7.06867463626,0.578203723645,0.0242142875013,4046.66829312,576.033450454,204.601710671,0.997585029832,0.0864394858064,0.572218571046,291.090839182,1926.98490149
600.5,0.553571428571,882,4.51887008655,123.294741524,32.7900797711,13706253.3443,0.715198651069,7.06867463626,0.579472037898,0.0242698919215,4059.21051594,608.481747262,-82.585112245,0.997695386515,0.0867499830321,0.573455587473,292.409777358,1932.95738854
601,0.553571428571,882,19.2783382563,117.51918738,32.822945566,13719991.2466,0.812488236179,7.06867463626,0.588972182021,0.0247089106995,4133.02216694,517.714574326,-362.680647,0.997680679733,0.0891214242146,0.582714452548,301.005733735,1968.10579378
601.5,0.553571428571,882,29.7482852107,105.620484212,32.8582247231,13734737.9343,0.889305612454,7.06867463626,0.596409283797,0.025055548735,4193.39643174,300.718392941,-572.700333731,0.997562402064,0.0910038458355,0.589957722524,308.024656708,1996.85544368
602,0.553571428571,882,33.5990983565,90.2461496108,32.8928860411,13749226.3652,0.977596790035,7.06867463626,0.604979181364,0.0254539622429,4261.66597615,4.86314840258,-663.813365219,0.997466282806,0.0931959083936,0.598299454067,316.110085182,2029.36475055
602.5,0.553571428571,882,29.9739536009,74.8170455598,32.9271771435,13763560.046,1.12866452383,7.06867463626,0.619782599173,0.0258796941401,4372.96330068,-313.78353719,-619.466601279,0.997352802659,0.0972853179922,0.612646550394,330.669278816,2082.36347651
603,0.553571428571,882,19.679462755,62.7662205033,32.9415921677,13769585.5261,1.26390069913,7.06867463626,0.633019881854,0.0261431237345,4468.17053726,-585.552147044,-423.127156122,0.997151104026,0.101123228403,0.6254372282,344.015209268,2127.70025584
603.5,0.553571428571,882,5.00619860054,56.775039871,32.9183946259,13759888.9536,1.36215497661,7.06867463626,0.642606697026,0.0263345154564,4527.89591154,-733.258799028,-110.4843816,0.996962380616,0.103943648713,0.634690941844,353.112260749,2156.14091026
604,0.553571428571,882,-10.7809683613,58.1765696193,32.8608810242,13735848.2681,1.3598355673,7.06867463626,0.642286060656,0.0263299974267,4509.87875009,-699.296724358,236.903934312,0.996820373719,0.103857659952,0.634380200626,351.588356626,2147.56130957
604.5,0.553571428571,882,-24.1693189993,66.658962767,32.8110887033,13715035.078,1.28580603275,7.06867463626,0.634975828609,0.0261857936276,4446.20540882,-500.789136291,518.560176464,0.99682377372,0.101712868706,0.627323274752,343.284923488,2117.24067087
605,0.553571428571,882,-32.1798821315,80.3348468196,32.7845710074,13703950.6811,1.11685651683,7.06867463626,0.618354042229,0.0258566930571,4325.36756354,-197.235660209,656.691123174,0.996931079075,0.096899184885,0.611261677259,326.510144687,2059.69883978
605.5,0.553571428571,882,-33.0302696682,96.161273054,32.7740637443,13699558.6451,0.966981256526,7.06867463626,0.603760806898,0.0254060596997,4222.5375954,120.458556903,645.772161603,0.997167214608,0.0928942962995,0.59711240946,312.814720844,2010.73218829
606,0.553571428571,882,-26.5312663703,110.616786966,32.7671334723,13696661.7914,0.797212001216,7.06867463626,0.587294211434,0.0246399767638,4107.41297662,384.763359448,495.143069385,0.997366617581,0.08871116073,0.581078264265,298.601996587,1955.91094125
606.5,0.553571428571,882,-14.1289311332,120.48496851,32.7729565649,13699095.8441,0.708602382628,7.06867463626,0.578761105805,0.0242401262924,4050.06775816,555.443791699,257.432677971,0.997581228696,0.0865776032369,0.572762009855,291.524023204,1928.60369436
607,0.553571428571,882,1.41715793983,123.570100735,32.7854243369,13704307.3728,0.702807975438,7.06867463626,0.578257049514,0.0242139790582,4049.67497963,611.213807203,-25.8023205424,0.997688560055,0.0864492701818,0.5722709636,291.313421797,1928.41665697
607.5,0.553571428571,882,16.6479226853,119.185727167,32.8150344212,13716684.3881,0.77499491849,7.06867463626,0.585316414323,0.0245397222864,4105.77714265,543.157814432,-309.824362053,0.997695467924,0.0882048007049,0.579152325367,297.766267093,1955.13197269
608,0.553571428571,882,28.17444609,108.307391609,32.8512916029,13731839.89,0.869193803543,7.06867463626,0.594471304445,0.0249647942954,4178.21980364,350.388404067,-539.23570391,0.997608439474,0.0905108810586,0.58807070423,306.226828204,1989.62847792
608.5,0.553571428571,882,33.4320223157,93.3555750454,32.8889546966,13747583.0632,0.983944303896,7.06867463626,0.605614849026,0.0254826053682,4265.0531198,66.3953550184,-661.50539345,0.997491682224,0.0933583221131,0.598918134831,316.58528447,2030.9776761
609,0.553571428571,882,31.2508158472,77.657127203,32.9208874568,13760930.9569,1.09546793519,7.06867463626,0.616496676139,0.0258150297568,4348.6188476,-252.526831916,-639.370562306,0.997344519705,0.0963453250644,0.609468740617,327.349181759,2070.77087981
609.5,0.553571428571,882,22.1161554147,64.7050267904,32.9408957668,13769294.4305,1.23963598639,7.06867463626,0.630650846436,0.0260958579536,4451.63706724,-540.121971924,-472.244875492,0.997196247155,0.100431337993,0.62314928409,341.646993621,2119.82717488
610,0.553571428571,882,8.06054606062,57.381177256,32.9257856799,13762978.4142,1.34316473468,7.06867463626,0.640752765188,0.0262975239361,4517.16149036,-716.409168234,-177.034258536,0.99699681444,0.103395823361,0.632902022096,351.408963521,2151.02928112
610.5,0.553571428571,882,-7.78857282074,57.3151696744,32.873172242,13740985.9972,1.3723502348,7.06867463626,0.643540146319,0.0263543750297,4521.86472136,-721.310181608,171.88331161,0.996848143244,0.104225751367,0.635590643228,353.098449364,2153.26891493
611,0.553571428571,882,-21.9046975038,64.5216910438,32.8185252533,13718143.5559,1.31153992864,7.06867463626,0.637505998053,0.0262359212635,4465.5428235,-550.878454422,473.611726988,0.996805401118,0.102454137512,0.629766123911,345.943495932,2126.44896357
611.5,0.553571428571,882,-31.1469236482,77.3972563601,32.7872718511,13705079.6338,1.15723989332,7.06867463626,0.622320305297,0.0259353567465,4353.21876182,-260.252787997,643.199127789,0.996894044498,0.0980397427147,0.615096263981,330.407784758,2072.96131515
612,0.553571428571,882,-33.4588123329,93.0769915946,32.7752707176,13700063.16,0.990573883105,7.06867463626,0.606031830978,0.025512521312,4238.47587579,60.541656568,658.32221608,0.997111872893,0.0934798168013,0.599322111016,314.809603894,2018.32184561
612.5,0.553571428571,882,-28.3259574183,108.072081682,32.770837332,13698210.0048,0.848397125581,7.06867463626,0.592276990129,0.0248709493877,4142.66119539,342.119766731,536.23429302,0.997335850784,0.0899657795397,0.585932381484,302.893510769,1972.69580733
613,0.553571428571,882,-16.8904433392,119.046048334,32.771635014,13698543.4359,0.723226353701,7.06867463626,0.580153344026,0.0243061168905,4059.33659988,531.306203686,308.957598157,0.997517771695,0.0869248700174,0.574119113839,292.669734668,1933.01742852
613.5,0.553571428571,882,-1.69672592977,123.557132195,32.7817233716,13702760.3693,0.69628897062,7.06867463626,0.577609775071,0.0241845620808,4044.29511081,609.712492068,30.8284685652,0.997671065607,0.0862897338575,0.571639770425,290.71017799,1925.85481467
614,0.553571428571,882,13.874521004,120.601595823,32.8081008003,13713786.1345,0.750012222925,7.06867463626,0.582879202618,0.0244269879946,4087.2100641,565.340443643,-256.320876373,0.997703223436,0.0875963957102,0.576777005476,295.587431147,1946.29050671
614.5,0.553571428571,882,26.3586215558,110.837060006,32.8441404505,13728850.7083,0.836564062457,7.06867463626,0.591300431242,0.0248175527481,4154.46844024,395.097957014,-499.793997984,0.997638797612,0.0897087856542,0.584982431094,303.380962119,1978.31830488
615,0.553571428571,882,32.9778044542,96.4361800299,32.8831616186,13745161.5566,0.968638908303,7.06867463626,0.604143988928,0.0254135398453,4253.36282641,126.787905752,-649.637944191,0.997532537078,0.092979016562,0.597486995545,315.187965939,2025.41086972
615.5,0.553571428571,882,32.2592702757,80.6032196323,32.9149705508,13758457.6902,1.06308362464,7.06867463626,0.613308440722,0.0257519476283,4325.05940751,-190.367447355,-653.533944144,0.997364463418,0.0954353138544,0.606384784717,324.140720386,2059.55209881
616,0.553571428571,882,24.3628962649,66.8610871996,32.9387929913,13768415.4704,1.21109370415,7.06867463626,0.627857914377,0.0260402597986,4431.79712503,-490.023466917,-515.944331303,0.997239839092,0.0996187309638,0.620451258535,338.839406082,2110.37958335
616.5,0.553571428571,882,11.0456628936,58.267472032,32.9317170752,13765457.7374,1.31752052869,7.06867463626,0.638244987987,0.0262475710092,4501.50822258,-692.213304323,-240.950069207,0.99703699747,0.102657091815,0.63048165808,349.023969358,2143.57534409
617,0.553571428571,882,-4.72928258388,56.734494048,32.8853769098,13746087.5483,1.38075870054,7.06867463626,0.644394811602,0.0263707540696,4531.09686988,-736.432716547,104.696992301,0.99688539697,0.104475806108,0.636415662777,354.208454901,2157.66517613
617.5,0.553571428571,882,-19.4519403742,62.6032480816,32.8285376574,13722328.7408,1.33163891665,7.06867463626,0.639483337514,0.0262750725353,4481.81071185,-596.07918513,423.221584878,0.996793018881,0.103034873418,0.63167486356,348.116703413,2134.19557707
618,0.553571428571,882,-29.846449659,74.567908672,32.7929802564,13707465.7472,1.19781421557,7.06867463626,0.626310104603,0.0260143923834,4382.03491365,-322.538358539,623.805592944,0.996864921907,0.0991921374926,0.618952353254,334.4079313,2086.68329221
618.5,0.553571428571,882,-33.5999830822,89.96628239,32.7746877346,13699819.4731,0.993066473577,7.06867463626,0.606241076687,0.0255237691144,4239.76306946,-0.66378778356,661.472099348,0.997055574824,0.0935357825704,0.59952544836,314.986872573,2018.93479498
619,0.553571428571,882,-29.8773617484,105.372158435,32.7708442956,13698212.9156,0.87513730661,7.06867463626,0.594887615764,0.024991614324,4160.63938159,293.144135214,569.755601279,0.997332586709,0.0906261507967,0.588474941665,305.116954343,1981.25684838
619.5,0.553571428571,882,-19.5068864672,117.357656704,32.7716862684,13698564.8602,0.757503395389,7.06867463626,0.583483253039,0.0244607918738,4082.29877416,505.199124018,360.223174889,0.997484193436,0.087754329768,0.577364888544,295.463389706,1943.95179722
620,0.553571428571,882,-4.79603691569,123.255947286,32.7784089491,13701374.9407,0.690400992152,7.06867463626,0.577010400862,0.0241579926067,4039.34216567,603.090368051,86.9752301377,0.997629721205,0.086142955554,0.571055165915,290.156999762,1923.49626937
620.5,0.553571428571,882,10.9819534768,121.754632699,32.8019223733,13711203.552,0.740955332203,7.06867463626,0.581998076715,0.0243861188194,4079.58712275,584.950947359,-202.298170193,0.9977102135,0.0873768128696,0.575918168375,294.735424797,1942.66053464
621,0.553571428571,882,24.316407409,113.187762521,32.8367036175,13725742.1121,0.83956708665,7.06867463626,0.591600411382,0.0248311038801,4154.66189525,439.839885027,-461.248722445,0.997649740661,0.0897840303028,0.585274686254,303.497940094,1978.41042631
621.5,0.553571428571,882,32.2403459704,99.4615057844,32.8729370316,13740887.6792,0.921332785632,7.06867463626,0.599518919774,0.0252000711976,4218.69087675,183.899059499,-626.641196122,0.997528795317,0.0917961930782,0.592985191798,310.984849454,2008.9004175
622,0.553571428571,882,32.9906554468,83.6300193727,32.9111987191,13756881.0646,1.05875845595,7.06867463626,0.61291848298,0.0257435225347,4321.38133962,-128.864144116,-667.398038812,0.997425491219,0.0953210939636,0.606007990687,323.678583417,2057.80063791
622.5,0.553571428571,882,26.4003884397,69.2158837034,32.933883966,13766363.4978,1.16866903561,7.06867463626,0.623669199726,0.0259576198304,4401.56975647,-434.677907585,-552.136325771,0.99724562781,0.0984084835329,0.616403146555,334.623152705,2095.98559832
623,0.553571428571,882,13.9359104505,59.4263119674,32.9353012965,13766955.9419,1.28920585675,7.06867463626,0.635485207256,0.0261924162214,4483.46309147,-661.807724554,-301.661126883,0.997096085178,0.101845807996,0.627817587125,346.34106234,2134.98242451
623.5,0.553571428571,882,-1.62937336206,56.4395300622,32.8978109186,13751284.964,1.38646891776,7.06867463626,0.644985285298,0.0263818771305,4538.5859572,-744.748571783,36.1578215843,0.996926202519,0.104647795199,0.636985761734,355.059901444,2161.23140819
624,0.553571428571,882,-16.8321139144,60.920111053,32.8406866778,13727407.0313,1.34707312803,7.06867463626,0.641002418494,0.0263051371836,4495.53885795,-635.914992333,368.082340696,0.996784592686,0.103481877378,0.633141028375,349.885788624,2140.7327895
624.5,0.553571428571,882,-28.2896297086,71.8711045303,32.7986115622,13709819.633,1.22682169638,7.06867463626,0.629161308595,0.0260708967092,4403.05022542,-382.193226719,596.401743234,0.996842440656,0.100019150105,0.621707176652,337.311869757,2096.69058353
625,0.553571428571,882,-33.4525694251,86.85586278,32.7791309242,13701676.7263,1.05585058516,7.06867463626,0.612378887008,0.0257378582276,4283.05267644,-63.0092403583,670.397263228,0.997014897823,0.0951897792581,0.605482654189,320.643717238,2039.54889354
625.5,0.553571428571,882,-31.1721546188,102.540206395,32.7708151999,13698200.7536,0.897626500854,7.06867463626,0.597035117328,0.0250930967033,4175.41429368,240.584723931,598.039934685,0.997249515237,0.0911740635284,0.590565732975,306.961102689,1988.2925208
626,0.553571428571,882,-21.9557883427,115.434294923,32.7703917459,13698023.7498,0.775520301528,7.06867463626,0.585227102257,0.0245420930748,4093.99125681,471.979433434,407.429440204,0.997455725552,0.0881906499082,0.579064318377,296.908994635,1949.5196461
626.5,0.553571428571,882,-7.85415557532,122.669132835,32.7762151201,13700457.9202,0.693385920706,7.06867463626,0.577289434469,0.0241714620822,4040.72523511,592.848371401,142.529750179,0.997607798322,0.0862126231093,0.571327169269,290.352792353,1924.15487386
627,0.553571428571,882,7.9950638627,122.634934561,32.7961654264,13708797.1482,0.727314189856,7.06867463626,0.58066274644,0.0243245632312,4068.93765874,598.67406133,-146.666062537,0.997706671612,0.0870450334482,0.574616456109,293.513227772,1937.58936131
627.5,0.553571428571,882,22.0653438714,115.33930938,32.8290551001,13722545.0318,0.825053335317,7.06867463626,0.590191653881,0.024765610648,4142.99007494,478.5258222,-416.69789259,0.997666159923,0.0894285678563,0.583902436228,302.155557616,1972.85241664
628,0.553571428571,882,31.2259807667,102.405568313,32.8664895106,13738192.6155,0.911637233477,7.06867463626,0.598582291352,0.0251563200659,4210.55208624,240.398575873,-605.105797443,0.997546845208,0.0915568884646,0.592073421236,310.052479422,2005.02480297
628.5,0.553571428571,882,33.4386896204,86.7115297678,32.9035030641,13753664.2808,1.0300786398,7.06867463626,0.61009144443,0.0256876564743,4299.86382216,-65.9340084525,-670.44756024,0.997437884699,0.0945178266944,0.603272580762,320.800877235,2047.55420103
629,0.553571428571,882,28.2111322734,71.7491913644,32.9327179568,13765876.1059,1.15856294987,7.06867463626,0.622694370567,0.0259379339582,4394.5319498,-380.572424826,-588.268675143,0.997283814095,0.0981256380891,0.615461139881,333.637753745,2092.63426181
629.5,0.553571428571,882,16.7064648983,60.8477439878,32.9397646735,13768821.6335,1.28452213367,7.06867463626,0.635031328884,0.0261832926917,4481.54845004,-630.383137837,-361.257590505,0.99711004811,0.101712392864,0.627379424765,345.981120678,2134.0706905
630,0.553571428571,882,1.48453026395,56.4328111112,32.9083803102,13755702.9697,1.37964532529,7.06867463626,0.644315542437,0.0263685853009,4536.89596967,-743.964246371,-32.9022916603,0.996932919356,0.104449535841,0.636339622355,354.61497778,2160.42665222
630.5,0.553571428571,882,-14.067719358,59.4867361289,32.8484650055,13730658.3723,1.34225466685,7.06867463626,0.640532952873,0.0262957511944,4494.45049465,-666.68135315,307.364240579,0.996794660178,0.103343203757,0.632688005642,349.582453568,2140.21452126
631,0.553571428571,882,-26.4898350527,69.3300063164,32.8053354641,13712630.224,1.23897226126,7.06867463626,0.630365973796,0.0260945650684,4413.10193457,-437.465884329,560.638735281,0.996849470147,0.100368473161,0.622871059563,338.628751242,2101.4771117
631.5,0.553571428571,882,-33.0178374719,83.7724476173,32.7818402319,13702809.2169,1.09585729986,7.06867463626,0.616320793318,0.025815788209,4310.7386272,-126.296437197,669.610623955,0.996997752799,0.0963140153098,0.609295811287,324.48430314,2052.73267962
632,0.553571428571,882,-32.1992152789,99.6005487044,32.7710247444,13698288.3431,0.908432403231,7.06867463626,0.59805852263,0.025141858285,4182.5110833,184.71927153,619.528713754,0.997195720358,0.0914362793309,0.59156192943,307.847856981,1991.67194443
632.5,0.553571428571,882,-24.2161157737,113.29248241,32.7696056968,13697695.1813,0.794171855913,7.06867463626,0.587041523687,0.0246262581229,4106.2943051,434.441346103,451.66855764,0.997441972782,0.0886452319053,0.580832356177,298.42510623,1955.37824052
633,0.553571428571,882,-10.8448162598,121.801728888,32.7750091457,13699953.8229,0.702773993395,7.06867463626,0.578193684659,0.0242138257144,4046.66266204,578.566974584,197.299101422,0.997584964049,0.0864370036097,0.572208782475,291.087054601,1926.98222002
633.5,0.553571428571,882,4.93950603666,123.234940652,32.7910215807,13706647.0207,0.718054054217,7.06867463626,0.579751188257,0.0242827769143,4061.37025313,607.908359402,-90.3497028168,0.997695508397,0.0868191943303,0.573727741211,292.659880227,1933.98583482
634,0.553571428571,882,19.6247649359,117.273221321,32.8237535254,13720328.9736,0.815039047575,7.06867463626,0.589219470017,0.0247204212235,4134.93442753,513.470953157,-369.474021371,0.997677263035,0.0891836814486,0.582955361959,301.230835694,1969.01639406
634.5,0.553571428571,882,29.9434210493,105.243081574,32.8593316974,13735200.6495,0.893506059314,7.06867463626,0.596817883282,0.025074503231,4196.50706518,293.80755299,-577.153853308,0.997559249124,0.0911077176201,0.590355571082,308.397014414,1998.33669771
635,0.553571428571,882,33.5995247092,89.8212842615,32.8940105443,13749696.4075,0.979940941618,7.06867463626,0.6052050085,0.0254645402155,4263.52259679,-3.53331277768,-664.281897908,0.997460956992,0.0932541282674,0.598519183221,316.329187943,2030.24885562
635.5,0.553571428571,882,29.7795756023,74.4392520441,32.9278101653,13763824.6491,1.1314077064,7.06867463626,0.620051806086,0.0258850376473,4374.98934212,-321.859504649,-615.9626439,0.997349745696,0.0973627000342,0.612906829825,330.945021985,2083.32825815
636,0.553571428571,882,19.3335304269,62.5195596609,32.9415992789,13769588.4986,1.26740122583,7.06867463626,0.633363384634,0.0261499424893,4470.54237067,-591.442031048,-416.101865978,0.997147352871,0.101223552456,0.625768958095,344.356654405,2128.82970032
636.5,0.553571428571,882,4.58568351792,56.714394903,32.9170785021,13759338.8139,1.36170951157,7.06867463626,0.6425594741,0.026333647725,4527.20844443,-734.442228906,-101.182466539,0.996957392316,0.103930030481,0.634645324195,353.037765973,2155.81354497
637,0.553571428571,882,-11.1824996086,58.3154343173,32.8593455569,13735206.4428,1.357702619,7.06867463626,0.642075795656,0.0263258426087,4508.01491683,-695.764735953,245.557694095,0.996821026902,0.103795678749,0.63417728943,351.345695779,2146.67376992
637.5,0.553571428571,882,-24.4625238143,66.9664390804,32.8102633837,13714690.0944,1.28070577426,7.06867463626,0.634474028669,0.0261758587191,4442.54761383,-493.454449245,524.067522953,0.996826898346,0.101566149819,0.626838723952,342.772496857,2115.49886373
638,0.553571428571,882,-32.2995210596,80.7425198181,32.7841998706,13703795.5459,1.11557859121,7.06867463626,0.618232329723,0.025854203757,4324.43720343,-188.843319601,658.877865098,0.996938385387,0.0968639321518,0.611144035408,326.383967803,2059.25581116
638.5,0.553571428571,882,-32.9497224835,96.5784335722,32.7738244643,13699458.6261,0.961419429472,7.06867463626,0.603218549052,0.0253809619823,4218.74413722,128.419956649,643.223327635,0.997168954657,0.0927551893274,0.596584684688,312.341727531,2008.92577963
639,0.553571428571,882,-26.2684552013,110.95061482,32.7667485365,13696500.8883,0.793455659832,7.06867463626,0.586931446019,0.0246230262916,4104.8181515,390.582455534,489.722990173,0.997373836985,0.0886199906975,0.58072481693,298.288109549,1954.67531024
639.5,0.553571428571,882,-13.742332705,120.661185428,32.7729805265,13699105.8601,0.706443977172,7.06867463626,0.578552849469,0.0242303864983,4048.63801689,558.321571113,250.239535087,0.997585843474,0.0865258797062,0.572558978098,291.350285817,1927.92286518
640,0.553571428571,882,1.84152365304,123.549497621,32.7861581579,13704614.11,0.70497570574,7.06867463626,0.578470409142,0.0242237609306,4051.32852783,611.238588798,-33.5507354426,0.997691134807,0.0865019945427,0.572479003796,291.504139084,1929.20406087
640.5,0.553571428571,882,17.0156323102,118.972888311,32.8162443327,13717190.1311,0.781460950332,7.06867463626,0.585946870362,0.0245689002235,4110.43571543,540.200909636,-317.257290792,0.997692885226,0.0883625424427,0.579766700353,298.320777044,1957.35034068
641,0.553571428571,882,28.4036825003,107.949674661,32.8521896882,13732215.2896,0.872837904808,7.06867463626,0.594822728608,0.0249812382846,4180.87974384,343.899653076,-544.189058722,0.997600540826,0.0906001570057,0.588412909686,306.545636801,1990.89511611
641.5,0.553571428571,882,33.4717793285,92.9325737135,32.889463923,13747795.9198,0.984220924807,7.06867463626,0.605639092918,0.0254838536187,4265.35304499,58.0313832735,-662.357998416,0.997487092395,0.0933647273442,0.59894170447,316.616809362,2031.12049762
642,0.553571428571,882,31.0922473397,77.2629612795,32.9219663057,13761381.9158,1.10157594906,7.06867463626,0.617100099642,0.0258269276947,4353.06833159,-261.074731267,-637.306700312,0.997344158357,0.0965177692671,0.610052361186,327.956583311,2072.88968171
642.5,0.553571428571,882,21.7945436278,64.4274000529,32.940997102,13769336.7886,1.24245321329,7.06867463626,0.630923994654,0.0261013456934,4453.54896633,-546.487628256,-465.750392244,0.99718797587,0.100511187886,0.623413080058,341.920730398,2120.73760301
643,0.553571428571,882,7.64745113433,57.2818629634,32.9250202533,13762658.4659,1.34548729896,7.06867463626,0.640979659159,0.0263020481114,4518.51413213,-719.022397688,-168.062400517,0.996992829422,0.103462790546,0.633120977509,351.620214505,2151.67339625
643.5,0.553571428571,882,-8.20123531642,57.4162657253,32.8721124753,13740543.0147,1.37477243459,7.06867463626,0.643777222037,0.0263590932872,4523.20035382,-719.516807246,181.100379735,0.99684475527,0.104295914565,0.635819373421,353.313368532,2153.90493039
644,0.553571428571,882,-22.2251082167,64.80070309,32.8172428581,13717607.5147,1.30836748825,7.06867463626,0.637190361268,0.0262297415954,4463.03297346,-544.312682032,480.069277531,0.996801837331,0.102361887401,0.629461356912,345.604996188,2125.25379689
644.5,0.553571428571,882,-31.303789683,77.7921029049,32.786860631,13704907.7438,1.15092725889,7.06867463626,0.621699574418,0.0259230602236,4348.8629617,-251.632951216,645.243396206,0.9968986254,0.0978609482457,0.614496216987,329.79694931,2070.88712462
645,0.553571428571,882,-33.4172302568,93.499817419,32.7751904061,13700029.5898,0.988962689648,7.06867463626,0.605879733433,0.0255052508094,4237.40875155,68.8316038873,657.223300716,0.9971205692,0.0934403575912,0.599174155631,314.675175969,2017.81369122
645.5,0.553571428571,882,-28.0951794394,108.428806046,32.7705989996,13698110.3818,0.842326968703,7.06867463626,0.591685173783,0.0248435578344,4138.52539125,348.288374137,530.974407338,0.997337959283,0.0898163612987,0.585355933159,302.386056502,1970.72637678
646,0.553571428571,882,-16.5218186466,119.257298382,32.772431819,13698876.5003,0.725285353132,7.06867463626,0.580358960286,0.0243154081154,4060.95158247,535.509051173,302.406029142,0.997525353251,0.0869756523964,0.574319595475,292.854955605,1933.78646784
646.5,0.553571428571,882,-1.27227525672,123.575903795,32.78221172,13702964.499,0.696612879399,7.06867463626,0.577640002124,0.0241860237176,4044.6240692,610.125150833,23.119173132,0.997668595511,0.0862972888752,0.571669234549,290.744293075,1926.01146152
647,0.553571428571,882,14.2603553803,120.423712207,32.8091452164,13714222.7005,0.753023453281,7.06867463626,0.583173289597,0.0244405761569,4089.50166084,562.560218469,-263.686054604,0.997702838493,0.0876696796172,0.577063648776,295.853557724,1947.38174326
647.5,0.553571428571,882,26.6199896662,110.502101116,32.8443114782,13728922.1979,0.836117448575,7.06867463626,0.591254622209,0.0248155374051,4154.19468879,388.701264618,-504.690889429,0.997635151902,0.0896973671906,0.584937792845,303.345505844,1978.18794704
648,0.553571428571,882,33.0565506611,96.0186758003,32.8843400679,13745654.1484,0.972599768903,7.06867463626,0.604531386805,0.0254314132094,4256.3516819,118.698651186,-651.932103761,0.997533093243,0.0930784214967,0.59786399947,315.54755265,2026.83413424
648.5,0.553571428571,882,32.1378731765,80.1960667235,32.9143745898,13758208.5786,1.05956123634,7.06867463626,0.612957154462,0.0257450862887,4322.47848511,-198.401292296,-650.371171453,0.997359311553,0.0953356588807,0.606044878553,323.790522356,2058.32308815
649,0.553571428571,882,24.068367287,66.5548790547,32.93957486,13768742.2915,1.21749896878,7.06867463626,0.628493843391,0.026052736758,4436.39704652,-497.448615651,-510.672391746,0.997244553978,0.099802680905,0.621065762345,339.481202464,2112.57002215
649.5,0.553571428571,882,10.643536124,58.1303414079,32.9309662679,13765143.9,1.32041979885,7.06867463626,0.638525674929,0.0262532185629,4503.23696908,-695.733940422,-232.354837006,0.997028010031,0.102739930742,0.630752547089,349.289686132,2144.3985567
650,0.553571428571,882,-5.14953204162,56.7969531556,32.8839264401,13745481.252,1.38147001392,7.06867463626,0.64446236372,0.026372139653,4531.1609084,-735.127292463,114.012474968,0.996881199308,0.104496010493,0.636480802375,354.245703249,2157.69567067
650.5,0.553571428571,882,-19.7968050331,62.8513994747,32.8271438412,13721746.1256,1.32921533107,7.06867463626,0.6392432775,0.0262703515783,4479.78608266,-590.226221267,430.393950396,0.996791970009,0.102964447508,0.631443126299,347.849220864,2133.23146793
651,0.553571428571,882,-30.0391955054,74.9465374949,32.7920700723,13707085.2902,1.19318247607,7.06867463626,0.625854786391,0.0260053701137,4378.67681216,-314.189325309,626.965029839,0.996868442772,0.0990603347614,0.618512362852,333.945044422,2085.08419627
651.5,0.553571428571,882,-33.5977232559,90.3911419433,32.7751405126,13700008.7343,0.993109385393,7.06867463626,0.606249197188,0.0255239627537,4239.93630584,7.700650931,661.458949426,0.997062036787,0.0935376298737,0.599533379858,315.001796705,2019.0172885
652,0.553571428571,882,-29.6805990714,105.748715464,32.7707254372,13698163.2327,0.869548435405,7.06867463626,0.594341539441,0.02496639457,4156.84928142,299.864504994,565.135497489,0.997332530493,0.0904878462632,0.587943140144,304.649105568,1979.45203877
652.5,0.553571428571,882,-19.1594015636,117.602125493,32.7719275622,13698665.721,0.754819511647,7.06867463626,0.583225110496,0.0244486808615,4080.580089,509.345920471,353.551143284,0.997491235797,0.0876897377071,0.577113314185,295.250259971,1943.13337571
653,0.553571428571,882,-4.37514681574,123.313932376,32.7777003322,13701078.7389,0.683017635279,7.06867463626,0.576290698588,0.0241246752449,4034.20358438,602.868782243,79.1752652669,0.997632975654,0.0859651395757,0.57035336767,289.545539298,1921.04932589
653.5,0.553571428571,882,11.3825987401,121.613232133,32.8027652603,13711555.8788,0.742118660745,7.06867463626,0.582116881653,0.0243913683338,4080.61740325,582.571200719,-209.759450958,0.9977189591,0.087406078618,0.576034009565,294.849295136,1943.1511444
654,0.553571428571,882,24.6076623743,112.878438593,32.8378403295,13726217.2577,0.840629171457,7.06867463626,0.591703379432,0.0248358965326,4155.66154097,434.128240286,-466.941007381,0.997648336923,0.0898100463003,0.585374979455,303.606901154,1978.88644808
654.5,0.553571428571,882,32.3574050339,99.0530845282,32.8751007193,13741792.1007,0.931832777707,7.06867463626,0.600544192571,0.0252474523606,4226.34778264,176.4855113,-630.791986304,0.997527471077,0.0920578304393,0.593983263179,311.912273877,2012.54656316
655,0.553571428571,882,32.9074724145,83.213376444,32.9119769475,13757206.3641,1.06094201445,7.06867463626,0.613126021223,0.0257477759375,4323.01684901,-137.385357787,-666.164085018,0.997412025621,0.0953808494919,0.606208676461,323.89681061,2058.57945191
655.5,0.553571428571,882,26.1354719288,68.8837241196,32.9346833484,13766697.6396,1.17397986141,7.06867463626,0.624192181117,0.0259679649077,4405.39315634,-442.323327011,-547.460592105,0.99724270636,0.0985593814393,0.616908633834,335.152527475,2097.80626492
656,0.553571428571,882,13.5482056346,59.252542803,32.934785134,13766740.186,1.28933029163,7.06867463626,0.635492814259,0.0261926586109,4483.37454838,-665.565658087,-293.267190886,0.997088730218,0.101848460335,0.627824866876,346.339226075,2134.94026113
656.5,0.553571428571,882,-2.05360033243,56.462815776,32.896202351,13750612.5827,1.38676947703,7.06867463626,0.645014861182,0.0263824625966,4538.34541776,-744.221288392,45.571300054,0.996926023941,0.104656546825,0.63701429551,355.054870878,2161.1168656
657,0.553571428571,882,-17.1984705368,61.1352704638,32.8371996591,13725949.4575,1.33803113145,7.06867463626,0.640109026328,0.0262875240746,4488.46290354,-629.474034937,375.059486699,0.996784148781,0.103219211818,0.632278731115,348.923572846,2137.3632874
657.5,0.553571428571,882,-28.5165999061,72.2302636543,32.7976233889,13709406.5766,1.22306952864,7.06867463626,0.628798988919,0.0260635877771,4400.30668664,-374.202466162,600.514369139,0.996855623515,0.09991331062,0.621357231739,336.934625372,2095.3841365
658,0.553571428571,882,-33.4896512579,87.2791070174,32.7786096583,13701458.8372,1.04862567896,7.06867463626,0.611668335246,0.02572378467,4278.05365287,-54.4097740641,669.693505073,0.997020179609,0.0949875841722,0.604795192022,319.952453331,2037.16840613
658.5,0.553571428571,882,-31.0110972042,102.933361906,32.7709278953,13698247.8602,0.896014468605,7.06867463626,0.596883403775,0.0250858224156,4174.39888223,248.023282555,594.700293709,0.997259158619,0.0911351643983,0.590418053585,306.832249008,1987.80899154
659,0.553571428571,882,-21.6324277153,115.709882752,32.7703114434,13697990.1834,0.770800810746,7.06867463626,0.584767142916,0.0245207963957,4090.80211727,476.468983683,400.903455974,0.997457773071,0.0880756462863,0.578616074285,296.52036193,1948.00100822
659.5,0.553571428571,882,-7.44044100029,122.76583339,32.7767647036,13700687.6461,0.693842583721,7.06867463626,0.577337394345,0.0241735227719,4041.19165974,594.70359532,135.04484873,0.997613553733,0.0862242878469,0.571373956615,290.401816183,1924.37698083
660,0.553571428571,882,8.40707894056,122.531231512,32.7952391558,13708409.9671,0.72091248159,7.06867463626,0.580036738155,0.0242956755539,4064.38654182,595.672879565,-153.940342511,0.997706129423,0.0868896716479,0.574006169323,292.972802752,1935.42216277
660.5,0.553571428571,882,22.3839841534,115.058277144,32.8298920775,13722894.8884,0.827196288331,7.06867463626,0.59040563888,0.024775280713,4144.68072359,473.52634163,-422.990218617,0.997673839416,0.0894821607073,0.584110927711,302.352050086,1973.65748742
661,0.553571428571,882,31.3803472868,102.009737889,32.8676037606,13738658.3719,0.912923796157,7.06867463626,0.598706421595,0.0251621256737,4211.69699078,232.824443375,-608.348987925,0.997544185571,0.0915885949187,0.592194259604,310.180882252,2005.56999561
661.5,0.553571428571,882,33.3944350996,86.288975293,32.9047392592,13754181.0103,1.03536386128,7.06867463626,0.610612819501,0.0256979516764,4303.78326777,-74.5282779977,-670.65835966,0.997436242367,0.0946657262481,0.603777111469,321.327003213,2049.4206037
662,0.553571428571,882,27.9781035513,71.3939332025,32.9332531944,13766099.8352,1.16098055613,7.06867463626,0.622928905482,0.0259426432679,4396.29327861,-388.261475625,-583.83213864,0.997276802852,0.0981935352953,0.615687803722,333.879464028,2093.47298982
662.5,0.553571428571,882,16.336511965,60.6388287561,32.93932842,13768639.2796,1.28114280185,7.06867463626,0.634695308731,0.026176710015,4479.11167868,-634.272604014,-352.908332522,0.997106711791,0.101614464828,0.627054906376,345.63885684,2132.91032318
663,0.553571428571,882,1.05996939258,56.4167234343,32.9068236489,13755052.2853,1.38011256734,7.06867463626,0.644364828875,0.0263694954522,4536.80610848,-744.352023169,-23.4935492467,0.996937759764,0.104463799348,0.636387223007,354.629851182,2160.38386118
663.5,0.553571428571,882,-14.4524213706,59.6670555909,32.8474635491,13730239.7635,1.34283918548,7.06867463626,0.640590245632,0.0262968897915,4494.56920927,-662.809452493,315.801900621,0.996793971452,0.103360090983,0.632743297715,349.618259831,2140.27105204
664,0.553571428571,882,-26.7490801937,69.6666109861,32.8045743158,13712312.064,1.23819733747,7.06867463626,0.630288888266,0.0260930555769,4412.36950771,-430.226112745,565.973177585,0.996848617944,0.100346128477,0.622796583742,338.537653473,2101.12833701
664.5,0.553571428571,882,-33.0939424744,84.1904413678,32.7815379018,13702682.843,1.09193696861,7.06867463626,0.61593416346,0.0258081517074,4308.01348536,-117.682100456,670.371866319,0.99699884813,0.0962035418869,0.608921861112,324.10613723,2051.43499303
665,0.553571428571,882,-32.0752464207,100.006925954,32.7704715322,13698057.1004,0.900169675449,7.06867463626,0.597254525004,0.0251045727662,4176.83559785,192.10064795,615.741102599,0.997201021525,0.0912315807896,0.590779151527,307.148307214,1988.96933231
665.5,0.553571428571,882,-23.9196567107,113.596822304,32.7700287462,13697872.0159,0.793946425537,7.06867463626,0.587025687824,0.0246252408695,4106.29154187,440.107627057,446.128856649,0.997452493165,0.0886409017764,0.580816968748,298.418233703,1955.3769247
666,0.553571428571,882,-10.4418305321,121.936314364,32.7752167995,13700040.6222,0.701385116226,7.06867463626,0.578058114921,0.024207558413,4045.77912,580.79728623,189.896265652,0.99758524088,0.0864034482844,0.572076598224,290.977740069,1926.56148571
666.5,0.553571428571,882,5.35935220332,123.169825805,32.7917274577,13706942.0773,0.71993185968,7.06867463626,0.57993568128,0.0242912505023,4062.81846307,607.062863398,-98.0850401083,0.99769716213,0.0868648994406,0.573907613225,292.826554814,1934.67545861
667,0.553571428571,882,19.9680537887,117.022894514,32.8246532943,13720705.077,0.817777065907,7.06867463626,0.589485743128,0.0247327765178,4137.00120618,509.168256589,-376.240196251,0.997675014307,0.0892506929417,0.583214767812,301.473704134,1970.00057437
667.5,0.553571428571,882,30.1337691989,104.863241701,32.8602919146,13735602.0203,0.897131226366,7.06867463626,0.597170121405,0.0250908617796,4199.19036529,286.784764063,-581.428066886,0.997555861828,0.0911973330021,0.590698528606,308.718401896,1999.61445966
668,0.553571428571,882,33.5945787943,89.3964474872,32.8953752248,13750266.844,0.987950104826,7.06867463626,0.605984822939,0.0255006815253,4269.28203657,-11.959248655,-665.668542063,0.997456354738,0.0934547933906,0.599277975553,317.036172361,2032.99144598
668.5,0.553571428571,882,29.5804361122,74.0639465547,32.9286055939,13764157.1383,1.13988029342,7.06867463626,0.62088263235,0.0259015415905,4380.93451132,-330.447559947,-613.375386134,0.997339283856,0.0976017329146,0.613710057554,331.773545897,2086.1592911
669,0.553571428571,882,18.9845068378,62.2772926985,32.9415695731,13769576.0815,1.26947008243,7.06867463626,0.633560432491,0.0261539724617,4471.89315327,-596.997660847,-408.82393091,0.997135747011,0.101281669336,0.625959164283,344.553743242,2129.47293013
669.5,0.553571428571,882,4.16443522496,56.6590720097,32.9169434989,13759282.3826,1.37816153901,7.06867463626,0.644182868965,0.0263656950001,4538.3456516,-739.047680705,-92.3104538465,0.996954441705,0.104409065415,0.636211808755,354.662080633,2161.11697695
670,0.553571428571,882,-11.5822428728,58.4593650978,32.857744248,13734537.0957,1.35492196197,7.06867463626,0.641785562796,0.0263204261042,4505.58311049,-691.975971581,254.105023244,0.996796846692,0.103711646845,0.633896969351,351.027034795,2145.5157669
670.5,0.553571428571,882,-24.7518172875,67.2775982571,32.8094447391,13714347.901,1.27586399479,7.06867463626,0.633998359148,0.0261664273078,4439.07072467,-486.097639033,529.512684502,0.996830968882,0.101427087321,0.626379395637,342.286097769,2113.84320222
671,0.553571428571,882,-32.4139955792,81.1516730061,32.7837363297,13703601.7858,1.11364784681,7.06867463626,0.618045888002,0.0258504428165,4323.03955386,-180.391734068,660.827394222,0.996945311127,0.0968101762354,0.610963791765,326.193612315,2058.59026374
671.5,0.553571428571,882,-32.8639069287,96.9945422568,32.7735164578,13699329.8794,0.955509981668,7.06867463626,0.602642868061,0.0253542956279,4214.70295784,136.32312681,640.515188447,0.997171582291,0.0926075925737,0.596024412696,311.838852191,2007.0014085
672,0.553571428571,882,-26.001443938,111.281092856,32.7670181409,13696613.5829,0.792458722389,7.06867463626,0.586838544358,0.0246185276163,4104.24604477,396.644700578,484.624310193,0.997381493542,0.0885964507166,0.580634323793,298.21378311,1954.40287846
672.5,0.553571428571,882,-13.353536999,120.832499892,32.7729389748,13699088.4915,0.702979189656,7.06867463626,0.578214956835,0.0242147516616,4046.29819792,560.89669894,242.924020046,0.997587067275,0.0864421985876,0.572229531578,291.067776351,1926.80866568
673,0.553571428571,882,2.26559492285,123.523530238,32.7868764288,13704914.3472,0.707636836723,7.06867463626,0.578732895144,0.0242357692712,4053.31736839,611.250186416,-41.3096505376,0.997695264004,0.0865668486789,0.57273494493,291.735473952,1930.15112781
673.5,0.553571428571,882,17.3806212856,118.755416946,32.8181809119,13717999.6212,0.792057546542,7.06867463626,0.586980684102,0.0246167173122,4118.06389482,537.78068447,-325.050491498,0.997689712082,0.0886214718034,0.580774087762,299.23026217,1960.98280706
674,0.553571428571,882,28.6283774123,107.589087718,32.8533398885,13732696.0734,0.877085142529,7.06867463626,0.595230057416,0.0250004039241,4183.9907966,337.400360295,-549.160082012,0.997587559628,0.0907038269843,0.588809525414,306.917894286,1992.37656981
674.5,0.553571428571,882,33.506184499,92.5091034889,32.889907672,13747981.4069,0.984094473852,7.06867463626,0.605623484375,0.0254832830094,4265.35980077,49.6508335732,-663.029642896,0.99748173601,0.0933609148249,0.598926491418,316.612423794,2031.12371465
675,0.553571428571,882,30.928707456,76.8708318961,32.9229298927,13761784.6951,1.10704458959,7.06867463626,0.61764066039,0.0258375801829,4357.0538416,-269.559042936,-635.006933807,0.997344323543,0.0966723286068,0.610575160647,328.500987484,2074.78754362
675.5,0.553571428571,882,21.4694470856,64.1538621485,32.9407906457,13769250.4899,1.24331274068,7.06867463626,0.631004232777,0.0261030199861,4454.04639497,-552.45672111,-458.905713849,0.997180557084,0.100534935785,0.623490526088,341.997229472,2120.9744738
676,0.553571428571,882,7.23313344805,57.1877800123,32.9245200375,13762449.3757,1.35131339081,7.06867463626,0.641554458419,0.026313396887,4522.33590862,-722.247308288,-159.212365554,0.996991612932,0.103631992791,0.633675727832,352.184550053,2153.49328982
676.5,0.553571428571,882,-8.6125865069,57.522571628,32.8700773871,13739692.3478,1.37156510283,7.06867463626,0.643454911999,0.0263528456534,4520.42752247,-716.430161417,189.987848504,0.996836246422,0.104201317934,0.635508286013,352.949206796,2152.58453451
677,0.553571428571,882,-22.5419653308,65.0837442816,32.8159899226,13717083.7876,1.3052382408,7.06867463626,0.63688428479,0.0262236460637,4460.59739555,-537.685150496,486.448692706,0.996806555742,0.102271984057,0.629165886792,345.275088888,2124.09399788
677.5,0.553571428571,882,-31.4556505179,78.1889013848,32.7863714515,13704703.2667,1.14419944971,7.06867463626,0.621037783297,0.0259099549724,4344.20554727,-242.972966484,647.092448217,0.996903139707,0.0976704948687,0.613856439635,329.145288716,2068.66930822
678,0.553571428571,882,-33.3703050603,93.9220836535,32.7750452932,13699968.9326,0.987002607898,7.06867463626,0.605693889232,0.0254964059501,4236.09266611,77.095965677,655.956405021,0.99712981891,0.0933922065825,0.598993363835,314.510234815,2017.18698386
678.5,0.553571428571,882,-27.8599092891,108.782583805,32.7703493198,13698006.0157,0.83591463921,7.06867463626,0.591060193516,0.0248146222288,4134.1582802,354.345921667,525.595697426,0.997340522901,0.0896586920796,0.584747156273,301.850629575,1968.6468001
679,0.553571428571,882,-16.1505522609,119.463870446,32.7728003808,13699030.5592,0.72283419142,7.06867463626,0.580124079186,0.0243043472601,4059.42399882,538.939033099,295.418181241,0.997533345772,0.0869170894149,0.574090644511,292.664351255,1933.05904706
679.5,0.553571428571,882,-0.847621158073,123.589306905,32.7827002681,13703168.7121,0.697552352713,7.06867463626,0.577733524,0.0241902630863,4045.3899031,610.549786107,15.4071329373,0.997671535873,0.0863203181668,0.571760436069,290.830549296,1926.37614433
680,0.553571428571,882,14.6439096514,120.240964107,32.8100938751,13714619.2398,0.755716609084,7.06867463626,0.583435860428,0.0244527290093,4091.5518758,559.631075679,-270.996218288,0.997701721758,0.0877351617694,0.577319565387,296.091658294,1948.35803609
680.5,0.553571428571,882,26.8771014751,110.163864121,32.8442947605,13728915.2099,0.835151822789,7.06867463626,0.591158316239,0.0248111800235,4153.52411006,382.185249969,-509.42774083,0.997631888168,0.0896732097537,0.584843966341,303.263499631,1977.86862384
681,0.553571428571,882,33.1300114171,95.6002092375,32.8854212783,13746106.0943,0.976131266172,7.06867463626,0.604877218825,0.0254473490736,4259.0277043,110.558358144,-654.046931507,0.997534295449,0.093167178827,0.598200546821,315.869221183,2028.10843062
681.5,0.553571428571,882,32.0113375149,79.7904813772,32.9146386298,13758318.9473,1.06084818515,7.06867463626,0.613081516855,0.0257475931653,4323.40574459,-206.689599455,-648.062927686,0.99735471266,0.0953712803013,0.606165162111,323.916701018,2058.76464028
682,0.553571428571,882,23.7699899894,66.2524195779,32.9399392445,13768894.6042,1.22192629837,7.06867463626,0.628930260736,0.0260613608531,4439.50720941,-504.516397781,-504.992488143,0.997242831938,0.0999292824653,0.621487414116,339.919361089,2114.0510521
682.5,0.553571428571,882,10.2397075469,57.9983064612,32.9303139649,13764871.2373,1.32505974379,7.06867463626,0.638980101319,0.0262622568162,4506.18999387,-699.497649604,-223.821009754,0.997021787701,0.102873612877,0.631191172141,349.730315994,2145.80475899
683,0.553571428571,882,-5.5689581346,56.8647211375,32.8823717766,13744831.4026,1.38112703013,7.06867463626,0.644424135243,0.0263714715471,4530.46946311,-733.48109876,123.274216235,0.996874473935,0.104485124349,0.636443854071,354.175307498,2157.366411
683.5,0.553571428571,882,-20.1385043574,63.1038916896,32.8260909655,13721306.0236,1.3276413884,7.06867463626,0.639088137243,0.0262672856599,4478.43636355,-584.440595324,437.600835769,0.996792475785,0.102918874842,0.631293372895,347.672957636,2132.58874455
684,0.553571428571,882,-30.2271383493,75.3275732338,32.7911405217,13706696.7381,1.18820219978,7.06867463626,0.62536426066,0.0259956689212,4375.07282456,-305.780725156,629.948707947,0.996870727968,0.0989185060403,0.618038317967,333.448016503,2083.3680117
684.5,0.553571428571,882,-33.59009145,90.8159389564,32.7755972117,13700199.6345,0.993655136494,7.06867463626,0.606306722556,0.0255264254529,4240.45054986,16.0668357923,661.42997503,0.997068974854,0.0935521765842,0.599589384887,315.059564998,2019.2621666
685,0.553571428571,882,-29.4790907285,106.122754412,32.77052403,13698079.0445,0.862881031002,7.06867463626,0.593689696376,0.0249363079402,4152.30986471,306.423109105,560.268698753,0.997331815471,0.0903229141779,0.587308305927,304.090084142,1977.29041177
685.5,0.553571428571,882,-18.8088532406,117.842180945,32.7720459094,13698715.1901,0.751167658225,7.06867463626,0.582873160459,0.0244322018908,4078.18424853,513.263900251,346.736679593,0.997499620385,0.0876017529189,0.576770306585,294.956146583,1941.9924993
686,0.553571428571,882,-3.9535571684,123.366590861,32.7781617643,13701271.6175,0.685309544091,7.06867463626,0.576517245932,0.0241350174722,4035.87993105,604.230498786,71.594363049,0.997637399156,0.0860209145786,0.570574303821,289.741556778,1921.84758621
686.5,0.553571428571,882,11.7814240262,121.466776891,32.8035721754,13711893.1693,0.742987564851,7.06867463626,0.582200225257,0.0243952892594,4081.39361685,580.039040672,-217.171460349,0.997716246679,0.0874269089544,0.576115238488,294.934072303,1943.52076993
687,0.553571428571,882,24.8949827914,112.565456605,32.8383423203,13726427.0899,0.839133701134,7.06867463626,0.591556601116,0.02482914823,4154.77354075,428.026062532,-472.212977886,0.997647288096,0.0897730693755,0.585232000954,303.491177699,1978.46359083
687.5,0.553571428571,882,32.4692904336,98.6432157637,32.8764523337,13742357.0755,0.939304194335,7.06867463626,0.601275429959,0.0252811670917,4231.76039509,168.850968178,-634.309182565,0.997529335543,0.0922445558058,0.594695066405,312.570640919,2015.12399766
688,0.553571428571,882,32.8190277676,82.7978186366,32.9126788576,13757499.7625,1.06275526801,7.06867463626,0.613299326052,0.025751308015,4324.39643899,-145.880103905,-664.749044662,0.997402416207,0.0954306723403,0.606376269306,324.079823141,2059.23639952
688.5,0.553571428571,882,25.8663765865,68.5549408421,32.9351269794,13766883.0774,1.17831645922,7.06867463626,0.624619197224,0.0259764122643,4408.45914763,-449.784365396,-542.516189503,0.997240278833,0.0986826627927,0.617321348731,335.580787786,2099.26626077
689,0.553571428571,882,13.15833458,59.0836898857,32.934199386,13766495.3433,1.29088691448,7.06867463626,0.63564277949,0.0261956907917,4484.24875846,-669.487164295,-284.941381175,0.997082715606,0.101892640431,0.6279696228,346.477137444,2135.35655165
689.5,0.553571428571,882,-2.47749895021,56.4914637898,32.8946477634,13749962.7651,1.38623753027,7.06867463626,0.644960866032,0.0263814264055,4537.54522225,-743.402874222,54.9644970736,0.996923789457,0.104640724095,0.636962178809,354.96763908,2160.73582012
690,0.553571428571,882,-17.5620772754,61.3550450904,32.835962438,13725432.2991,1.33852504151,7.06867463626,0.640158315938,0.0262884861732,4488.46244092,-624.721558485,383.01363435,0.996784934403,0.103233651086,0.632326313902,348.946087271,2137.36306711
690.5,0.553571428571,882,-28.7390105507,72.5922640023,32.7972365068,13709244.8599,1.222118242,7.06867463626,0.628704566994,0.0260617347444,4399.55678651,-366.470366633,605.018121518,0.996854904321,0.0998859731797,0.621265996928,336.834489385,2095.02704119
691,0.553571428571,882,-33.5213783909,87.7027863017,32.7780493815,13701224.6415,1.04093872709,7.06867463626,0.610909710746,0.0257088110832,4272.71522195,-45.8316853667,668.784653589,0.997021517748,0.0947721335231,0.604061139587,319.215824977,2034.62629617
691.5,0.553571428571,882,-30.8450813886,103.324449487,32.7710224202,13698287.3716,0.89400764182,7.06867463626,0.596693472142,0.0250767666196,4173.11572674,255.388328448,591.204445966,0.997269394717,0.0910865443588,0.590233161859,306.670325044,1987.19796511
692,0.553571428571,882,-21.3056082535,115.981359798,32.7701269033,13697913.0456,0.76483451985,7.06867463626,0.584185644324,0.0244938735372,4086.74946719,480.700472196,394.190913315,0.997460320541,0.0879303623077,0.578049364898,296.027906736,1946.07117485
692.5,0.553571428571,882,-7.02553676436,122.857294976,32.7771877161,13700864.4653,0.694698062583,7.06867463626,0.577425203517,0.0241773831161,4041.90176465,596.527500058,127.549327649,0.99762081665,0.0862457540656,0.571459606111,290.481611701,1924.71512602
693,0.553571428571,882,8.81774980064,122.422327006,32.7973133044,13709276.9612,0.729476742423,7.06867463626,0.580873203839,0.0243343217391,4070.67535292,595.173025428,-161.866445472,0.997705113501,0.0870973534055,0.574821615097,293.710207945,1938.41683472
693.5,0.553571428571,882,22.6990454338,114.773238311,32.830669675,13723219.9241,0.828853846179,7.06867463626,0.590561557017,0.0247827604347,4145.95457619,468.369397103,-429.154157858,0.997663561976,0.0895217750628,0.584262774469,302.500232698,1974.2640839
694,0.553571428571,882,31.5296963661,101.611987214,32.8686415458,13739092.1661,0.913700103205,7.06867463626,0.598781048663,0.0251656287554,4212.4796494,225.174645765,-611.410267634,0.997542127073,0.0916076761668,0.592266905015,310.265096389,2005.94269019
694.5,0.553571428571,882,33.3448411032,85.8670141782,32.9059664537,13754693.9777,1.04037633043,7.06867463626,0.611107633527,0.025707715578,4307.51756847,-83.1318182759,-670.705729599,0.997435251059,0.0948061477718,0.604255923214,321.827644654,2051.19884213
695,0.553571428571,882,27.7406013773,71.0416499867,32.9335458162,13766222.1512,1.16230346158,7.06867463626,0.623055476596,0.0259452201853,4397.2446777,-395.768074367,-579.103370344,0.997270142645,0.0982303461604,0.615810100972,334.010564497,2093.926037
695.5,0.553571428571,882,15.9639469676,60.4346081167,32.9385562215,13768316.5006,1.28277439911,7.06867463626,0.634855355885,0.0261798882401,4480.00551164,-638.948697807,-345.00280487,0.997104885122,0.101661302326,0.627209445922,345.781960383,2133.33595792
696,0.553571428571,882,0.635239041444,56.4060054272,32.9053612261,13754440.9925,1.37920208906,7.06867463626,0.644273374266,0.026367721911,4535.77369191,-744.331923046,-14.0747982883,0.996935423345,0.104436933096,0.636298958472,354.507134985,2159.89223424
696.5,0.553571428571,882,-14.8348125685,59.8522250231,32.8464939012,13729834.4507,1.34304624216,7.06867463626,0.64061155993,0.0262972931218,4494.45006644,-658.763831799,324.157851752,0.996795313432,0.103366278733,0.632763882315,349.618547865,2140.21431735
697,0.553571428571,882,-27.0040483928,70.0064667855,32.8037511379,13711967.9756,1.23683849319,7.06867463626,0.630154471369,0.0260904086535,4411.22810659,-422.849490875,571.117070301,0.996848316029,0.100307102168,0.62266672664,338.389007156,2100.58481266
697.5,0.553571428571,882,-33.1647560474,84.6093640155,32.7812503679,13702562.6538,1.08749676786,7.06867463626,0.615496681624,0.0257995025403,4304.94429872,-109.052367818,670.921795769,0.997000768198,0.0960785636049,0.608498717366,323.679411872,2049.97347558
698,0.553571428571,882,-31.9461490136,100.411703185,32.7702634458,13697970.1203,0.900171052526,7.06867463626,0.597258250926,0.0251045789803,4176.8083885,199.870125944,613.259974241,0.997207017869,0.091232311671,0.590782805684,307.146867176,1988.95637548
698.5,0.553571428571,882,-23.6193731056,113.897389274,32.7703686596,13698014.0997,0.793049242574,7.06867463626,0.586938019857,0.0246211923357,4105.7727791,445.612329072,440.428188212,0.997452491414,0.0886189343854,0.580731544463,298.350467639,1955.12989481
699,0.553571428571,882,-10.0371752479,122.065793504,32.7753996084,13700117.0363,0.700341560589,7.06867463626,0.577956770005,0.0242028493733,4045.12544002,582.989043233,182.486149728,0.997586342424,0.0863783388318,0.571977786713,290.896424895,1926.25020953
699.5,0.553571428571,882,5.77834145683,123.099407397,32.7925037902,13707266.5843,0.722159464543,7.06867463626,0.580154124103,0.0243013025584,4064.51853877,606.18045253,-105.824179787,0.997698404178,0.086919054191,0.574120578832,293.022987519,1935.48501846
700,0.553571428571,882,20.3081499258,116.768246984,32.8256755374,13721132.3746,0.820529226375,7.06867463626,0.589753148501,0.0247451956285,4139.10685564,504.782126225,-382.960867979,0.997672344835,0.0893180289264,0.583475269898,301.719945443,1971.00326459
700.5,0.553571428571,882,30.3192992245,104.481025327,32.8611964747,13735980.1264,0.900296690128,7.06867463626,0.597477421048,0.0251051459194,4201.54859647,279.665027977,-585.541940169,0.997552453947,0.0912755674698,0.590997722328,309.000250083,2000.73742689
701,0.553571428571,882,33.5842614025,88.9717072156,32.8967346325,13750835.0764,0.995777427678,7.06867463626,0.606747214211,0.0255360022815,4274.91993988,-20.4198767106,-666.917523574,0.997452331659,0.0936511644522,0.600019773643,317.728600588,2035.67616185
701.5,0.553571428571,882,29.3765669713,73.6911890997,32.9292654818,13764432.9714,1.1474116435,7.06867463626,0.621620553256,0.0259162120771,4386.20252956,-338.927074071,-610.499070149,0.997329033747,0.0978142920114,0.614423409838,332.509415818,2088.66787122
702,0.553571428571,882,18.6324477934,62.0394583524,32.9414192176,13769513.2329,1.27185915441,7.06867463626,0.633789918405,0.0261586261889,4473.43502563,-602.515224187,-401.506294152,0.997125405021,0.101349187251,0.626180706058,344.780287467,2130.20715506
702.5,0.553571428571,882,3.74252107554,56.6090800366,32.9149117767,13758433.1227,1.3690496013,7.06867463626,0.643280500172,0.0263479456513,4531.57476822,-738.178430731,-82.736514524,0.996951032128,0.104142983033,0.635341054259,353.714569849,2157.89274677
703,0.553571428571,882,-11.9801342385,58.6083389476,32.8562365122,13733906.8621,1.35200448177,7.06867463626,0.641506018272,0.0263147430787,4503.25309447,-688.092615897,262.599736064,0.996810253278,0.103628546364,0.633627304937,350.713580781,2144.40623546
703.5,0.553571428571,882,-25.0371531634,67.5923905453,32.8094951327,13714368.9655,1.27410048731,7.06867463626,0.633826877022,0.0261629921318,4437.91097808,-479.127181865,535.352986287,0.996835236134,0.101376811058,0.626213824801,342.117481356,2113.29094194
704,0.553571428571,882,-32.5232873868,81.5622409635,32.7833205117,13703427.9739,1.11114122084,7.06867463626,0.617799822223,0.0258455601032,4321.24629453,-171.89169746,662.555431096,0.99694783118,0.0967396116698,0.610725847537,325.947582465,2057.73633073
704.5,0.553571428571,882,-32.7728367251,97.4095325758,32.773214192,13699203.5322,0.94907420972,7.06867463626,0.602016241121,0.0253252542384,4210.31261921,144.15824534,637.621143949,0.997174991325,0.0924470464371,0.595414533482,311.292500822,2004.91077105
705,0.553571428571,882,-25.7302752732,111.608168233,32.7672140227,13696695.4615,0.790755145857,7.06867463626,0.586676988796,0.0246108402355,4103.18258848,402.560391075,479.355286621,0.99738981555,0.0885556939763,0.580476934688,298.080160608,1953.89647071
705.5,0.553571428571,882,-12.9626061803,120.998884512,32.7730209709,13699122.7658,0.700488696817,7.06867463626,0.577972780154,0.0242035133248,4044.64878213,563.534975653,235.649832989,0.99758915758,0.086382206889,0.571993408169,290.86722804,1926.02322959
706,0.553571428571,882,2.68930394402,123.492202739,32.7876806447,13705250.5095,0.710221390362,7.06867463626,0.578987223238,0.0242474320569,4055.27127336,611.152649184,-49.0733691858,0.997698229082,0.0866297441862,0.572982923006,291.961757881,1931.08155874
706.5,0.553571428571,882,17.7428312529,118.533347843,32.81915601,13718407.2122,0.796774772882,7.06867463626,0.587439914476,0.0246380037731,4121.48158268,534.352976289,-332.275579435,0.997686627513,0.0887366691045,0.58122154804,299.637030595,1962.61027747
707,0.553571428571,882,28.8484948992,107.225688435,32.8546251207,13733233.3005,0.881490466753,7.06867463626,0.595657116297,0.0250202829282,4187.27334267,330.850559058,-554.087617542,0.99758176614,0.0908123031544,0.589225373137,307.30899174,1993.93968699
707.5,0.553571428571,882,33.5352323262,92.0852320808,32.8903782943,13748178.127,0.98377249075,7.06867463626,0.605588643563,0.0254818300622,4265.24023414,41.2604627364,-663.561248878,0.997476172413,0.093352165482,0.598892563049,316.591812419,2031.06677816
708,0.553571428571,882,30.7602223448,76.4808017509,32.9238547603,13762171.2898,1.11212863078,7.06867463626,0.618143370158,0.0258474835013,4360.76815688,-277.99540799,-632.522757865,0.997344744127,0.0968161411154,0.611061333495,329.008159056,2076.55626518
708.5,0.553571428571,882,21.1409177682,63.8844568137,32.941092599,13769376.7064,1.25227220346,7.06867463626,0.631885161644,0.0261204723256,4460.20669401,-559.650184315,-453.045086642,0.997173648755,0.100791527167,0.62434141672,342.876381515,2123.90794953
709,0.553571428571,882,6.81765924752,57.0989434458,32.9234172773,13761988.4219,1.3531215951,7.06867463626,0.641724923652,0.0263169191289,4523.20616681,-724.51016281,-150.130844682,0.996978913841,0.103682930071,0.633840128013,352.334053037,2153.90769848
709.5,0.553571428571,882,-9.02256062075,57.634070385,32.8677983711,13738739.7191,1.36588176346,7.06867463626,0.642891816114,0.0263417749485,4515.93601507,-712.734906029,198.687137143,0.996833602621,0.104035402731,0.634964889826,352.338358024,2150.44572146
710,0.553571428571,882,-22.8552181834,65.3707693626,32.814666463,13716530.5815,1.30138118675,7.06867463626,0.636508634625,0.0262161328212,4457.66694835,-530.874453763,492.636235674,0.996814905807,0.102161539854,0.628803266011,344.874404941,2122.69854683
710.5,0.553571428571,882,-31.6024818717,78.5875883553,32.7859023289,13704507.1735,1.13687063381,7.06867463626,0.620317265188,0.0258956790067,4339.15169056,-234.266552641,648.715163231,0.996908698189,0.0974632781039,0.613159852813,328.43757822,2066.26270979
711,0.553571428571,882,-33.3180442463,94.3437227814,32.7749333848,13699922.1548,0.984544548275,7.06867463626,0.605459886089,0.025485313968,4234.45378579,85.3281379038,654.500026174,0.997139873152,0.0933316556068,0.598765711237,314.30417528,2016.40656466
711.5,0.553571428571,882,-27.620184585,109.133358395,32.7700399395,13697876.6947,0.8287947386,7.06867463626,0.590366462521,0.0247824937121,4129.30257647,360.252712111,520.047040362,0.997343735571,0.0894838268076,0.584071379888,301.256228762,1966.33456022
712,0.553571428571,882,-15.7767035444,119.665731497,32.7729680907,13699100.6619,0.719840248397,7.06867463626,0.579836653602,0.0242908371068,4057.4843738,542.189885278,288.345125943,0.997542200498,0.0868454834247,0.57381046665,292.426234803,1932.1354161
712.5,0.553571428571,882,-0.422831532281,123.597339381,32.7832417874,13703395.0671,0.697978084428,7.06867463626,0.577777210891,0.0241921841986,4045.82504977,610.791569835,7.68697581816,0.997675124047,0.086331004035,0.571803047337,290.876161546,1926.58335703
713,0.553571428571,882,15.0251224906,120.053380744,32.811014186,13715003.9298,0.757974073645,7.06867463626,0.583656204317,0.0244629158071,4093.30351845,556.539295371,-278.240613096,0.997701215581,0.0877901171718,0.577534323148,296.293744847,1949.19215164
713.5,0.553571428571,882,27.1299158724,109.822403102,32.8452393439,13729310.0457,0.839819991049,7.06867463626,0.591612917903,0.0248322451099,4156.90804611,376.215406495,-514.906909892,0.997629150164,0.0897879071002,0.585286781643,303.668857545,1979.48002195
714,0.553571428571,882,33.1981749764,95.1808472506,32.8865048032,13746559.0078,0.979311687229,7.06867463626,0.605184486437,0.0254617007081,4261.43715772,102.373026002,-655.992633193,0.99752848003,0.0932463309871,0.598499525968,316.158407459,2029.25578939
714.5,0.553571428571,882,31.8796835227,79.3865284428,32.9158454635,13758823.4038,1.06654014411,7.06867463626,0.613641500518,0.0257586806605,4327.58692791,-215.242834158,-646.524880807,0.997350566519,0.0955308516801,0.606706895597,324.482458729,2060.75567996
715,0.553571428571,882,23.46781208,65.9537571297,32.9405166052,13769135.941,1.22713189055,7.06867463626,0.629439857656,0.0260715009434,4443.17954228,-511.637214285,-499.329814756,0.997235207319,0.100077517105,0.621979700744,340.435529689,2115.79978204
715.5,0.553571428571,882,9.8342417309,57.871388303,32.9294249082,13764499.6116,1.3269492717,7.06867463626,0.639162083451,0.0262659374702,4507.20029029,-702.601455386,-215.059169624,0.997014460906,0.102927454085,0.631366777387,349.894461428,2146.28585252
716,0.553571428571,882,-5.9874938003,56.9377871583,32.8807653615,13744159.9211,1.38091740848,7.06867463626,0.644401656248,0.0263710632204,4529.8722557,-731.746863014,132.517742435,0.99687173251,0.10447865026,0.636422139142,354.118759814,2157.08202652
716.5,0.553571428571,882,-20.4769837126,63.360684355,32.8249509039,13720829.4778,1.32538127184,7.06867463626,0.638865094594,0.026262883128,4476.59800904,-578.452134983,444.641863341,0.996792784876,0.102853395036,0.631078067477,347.427624758,2131.71333764
717,0.553571428571,882,-30.4102481405,75.7109549642,32.7902001131,13706303.6473,1.18254541829,7.06867463626,0.624807529401,0.025984649949,4371.01330466,-297.289394939,632.697583846,0.996874007554,0.0987575973074,0.617500273525,332.886509008,2081.43490698
717.5,0.553571428571,882,-33.5770888847,91.2406055081,32.7756628787,13700227.0833,0.993699815268,7.06867463626,0.606315870927,0.0255266270657,4240.53075487,24.4296750729,661.19114091,0.997076842607,0.0935542357279,0.59959832305,315.067762154,2019.30035946
718,0.553571428571,882,-29.2728689389,106.494215473,32.7707485966,13698172.9134,0.861836161172,7.06867463626,0.59358757594,0.0249315929702,4151.66358746,313.397617142,556.197861433,0.997331756929,0.0902970868302,0.587208847641,304.00729773,1976.9826607
718.5,0.553571428571,882,-18.4552975478,118.077784678,32.7722502173,13698800.5908,0.747909677958,7.06867463626,0.582555563,0.0244175002707,4076.04625397,517.145987639,339.915815546,0.997500932705,0.0875226046477,0.576460746259,294.693327737,1940.97440665
719,0.553571428571,882,-3.53133538215,123.413914324,32.7792768369,13701737.7178,0.689797539402,7.06867463626,0.576958144852,0.0241552695291,4039.19593172,605.893669381,64.0336158101,0.997641340991,0.086129665667,0.571004254493,290.127598229,1923.42663415
719.5,0.553571428571,882,12.1783655665,121.315290389,32.8043829594,13712232.077,0.743198040153,7.06867463626,0.582217693902,0.0243962390281,4081.71585961,577.305051557,-224.511153306,0.997710929115,0.0874314347954,0.576132245045,294.963920509,1943.67421886
720,0.553571428571,882,25.1783227204,112.2488666,32.8369227825,13725833.7231,0.830403772834,7.06867463626,0.590703251747,0.0247897544712,4148.51341308,420.973650541,-476.402264467,0.997647033992,0.0895580348629,0.584400737459,302.738046379,1975.48257766
720.5,0.553571428571,882,32.5759842802,98.2319650251,32.8778127192,13742925.7166,0.946381639013,7.06867463626,0.601973602495,0.0253131040263,4236.94710214,161.140779718,-637.67514694,0.997540201224,0.0924226777462,0.595374688725,313.200125076,2017.59385816
721,0.553571428571,882,32.7253356476,82.3834123945,32.9133405615,13757776.3547,1.06407111226,7.06867463626,0.61342376526,0.0257538711777,4325.42841353,-154.338142056,-663.127343061,0.99739329218,0.0954665738289,0.606496587746,324.214779742,2059.72781597
721.5,0.553571428571,882,25.5931454386,68.2295864404,32.9357960097,13767162.7321,1.18338970706,7.06867463626,0.625119422514,0.0259862945582,4412.09092701,-457.295175249,-537.592999622,0.997238516359,0.0988270994988,0.617804810853,336.085613805,2100.99567953
722,0.553571428571,882,12.7663596238,58.9197802138,32.9341987188,13766495.0645,1.30265739255,7.06867463626,0.636801234876,0.0262186187712,4492.23566079,-675.277407193,-277.373657115,0.997075669186,0.102231885964,0.629088125943,347.630698542,2139.15983847
722.5,0.553571428571,882,-2.90100143776,56.525469523,32.8929170022,13749239.3069,1.38556057295,7.06867463626,0.644883039871,0.0263801077451,4536.53175931,-742.414330264,64.3398132495,0.996906859727,0.104618746229,0.636886931202,354.855740019,2160.25321872
723,0.553571428571,882,-17.9228759928,61.5793997926,32.8346053071,13724865.0184,1.33834334522,7.06867463626,0.640141011158,0.0262881322429,4487.97293807,-619.746452979,390.830550468,0.996785934012,0.103228505907,0.632309620069,348.899853462,2137.12997051
723.5,0.553571428571,882,-28.9568260811,72.9570476938,32.7968020356,13709063.2509,1.22053749199,7.06867463626,0.628548587044,0.0260586555658,4398.37302627,-358.618893627,609.311388403,0.996855168905,0.0998407370461,0.621115292865,336.673024424,2094.46334584
724,0.553571428571,882,-33.5477457511,88.1268328901,32.7774737039,13700984.0082,1.03270412163,7.06867463626,0.610097519068,0.0256927707096,4267.0062022,-37.2793395373,667.659493887,0.997023740477,0.0945416479379,0.603275209208,318.428307567,2031.90771533
724.5,0.553571428571,882,-30.6741337166,103.713406606,32.77106195,13698303.8951,0.891343004114,7.06867463626,0.596439690327,0.0250647424549,4171.37897888,262.656940946,587.510773933,0.997280332656,0.0910216987045,0.589986098037,306.452741902,1986.37094232
725,0.553571428571,882,-20.9753822129,116.248682653,32.7700737998,13697890.8483,0.758512917874,7.06867463626,0.583569910719,0.0244653473391,4082.49361098,484.795773697,387.401409163,0.997463700472,0.0877766317102,0.577449267765,295.509396858,1944.04457666
725.5,0.553571428571,882,-6.60950920707,122.943502972,32.7775324854,13701008.5789,0.694813278427,7.06867463626,0.577440908658,0.024177903027,4042.09531925,598.130371465,120.003880602,0.997628496311,0.0862493841628,0.571474949336,290.499949313,1924.80729488
726,0.553571428571,882,9.2270107803,122.308238455,32.7981388284,13709622.0303,0.731566393556,7.06867463626,0.581077363091,0.0243437512796,4072.28974735,593.453982378,-169.48637731,0.997704976654,0.0871480766631,0.575020636897,293.896051661,1939.18559398
726.5,0.553571428571,882,23.010477337,114.484238455,32.8316070505,13723611.7471,0.830616029276,7.06867463626,0.59073229513,0.0247907122774,4147.37157026,463.154719655,-435.276400354,0.99766104981,0.0895648594122,0.584429088841,302.663100103,1974.93884298
727,0.553571428571,882,31.6740041251,101.212379885,32.8696738632,13739523.6748,0.914026256307,7.06867463626,0.598811606676,0.0251671005197,4212.95580082,217.457953682,-614.299924965,0.99753993741,0.0916155389641,0.59229664549,310.311218014,2006.16942896
727.5,0.553571428571,882,33.2899155607,85.4457138914,32.9071750156,13755199.1565,1.04484510164,7.06867463626,0.611549061165,0.0257164203982,4310.87912311,-91.73377357,-670.535294317,0.997434834502,0.0949314652676,0.604683061935,322.276717389,2052.79958243
728,0.553571428571,882,27.4986637257,70.6923980438,32.9336078291,13766248.0726,1.16314354202,7.06867463626,0.623134778739,0.0259468565969,4397.8082711,-403.155511033,-574.1903035,0.997264196002,0.0982535118491,0.615886709753,334.09059246,2094.19441481
728.5,0.553571428571,882,15.5888294759,60.2351147227,32.9378721259,13768030.5486,1.28345732104,7.06867463626,0.634922093073,0.0261812185191,4480.27965908,-643.357042096,-336.946812592,0.997103724754,0.101680858705,0.627273882326,345.834112164,2133.46650432
729,0.553571428571,882,0.210407121191,56.4006588034,32.9042370016,13753971.0667,1.38470127204,7.06867463626,0.644815995713,0.0263784338935,4539.19553003,-745.542374957,-4.66876489997,0.996934445074,0.104597272288,0.636822503318,355.027139655,2161.52168097
729.5,0.553571428571,882,-15.2148318107,60.0422148186,32.8452378714,13729309.4303,1.34254283728,7.06867463626,0.640556624275,0.0262963125281,4493.72922483,-654.463031912,332.385885557,0.996787202588,0.103350607146,0.632710784607,349.538807599,2139.87105944
730,0.553571428571,882,-27.2546988826,70.3495193744,32.8027813154,13711562.5899,1.23700688003,7.06867463626,0.630171568547,0.026090736658,4411.08433127,-415.589989991,576.412366276,0.996849050025,0.100312025898,0.622683249979,338.385608299,2100.51634822
730.5,0.553571428571,882,-33.2302668684,85.0291485783,32.7809177093,13702423.6025,1.0825148056,7.06867463626,0.615004343715,0.0257897980637,4301.48774123,-100.411113066,671.250818154,0.997000530307,0.0959381238715,0.608022477266,323.199724305,2048.32749583
731,0.553571428571,882,-31.8119436989,100.814815676,32.7700601388,13697885.138,0.89953798586,7.06867463626,0.597200430225,0.02510172227,4176.35875112,207.571971796,610.57609102,0.99721373598,0.0912173706933,0.590726537075,307.092755752,1988.74226244
731.5,0.553571428571,882,-23.315312971,114.194135262,32.7705591822,13698093.7381,0.791325408586,7.06867463626,0.586770051397,0.0246134135433,4104.66337454,450.936596307,434.556877493,0.997453296294,0.0885768254845,0.580567876591,298.212168481,1954.60160692
732,0.553571428571,882,-9.63091510784,122.190145607,32.7755624145,13700185.0892,0.698477161008,7.06867463626,0.577775793728,0.0241944362793,4043.91770512,584.951927678,175.010775858,0.997588457994,0.0863335038996,0.571801333218,290.748322706,1925.67509768
732.5,0.553571428571,882,6.19640680451,123.023696685,32.7932558236,13707580.9343,0.723989858636,7.06867463626,0.580334312617,0.0243095622028,4065.94870601,605.132282972,-113.544096279,0.997700622107,0.0869636980219,0.574296251461,293.186938459,1936.16605048
733,0.553571428571,882,20.6449989689,116.509319448,32.8265644247,13721503.9295,0.822145813463,7.06867463626,0.589909847929,0.0247524904698,4140.41395846,500.147521028,-389.50622917,0.997670149862,0.089357521518,0.583627918982,301.869701041,1971.62569451
733.5,0.553571428571,882,30.4999814617,104.096493565,32.8620877064,13736352.6613,0.903008247969,7.06867463626,0.597741203224,0.0251173818109,4203.60241606,272.453808589,-589.496676785,0.997550450754,0.0913427163355,0.591254545076,309.244346277,2001.71543622
734,0.553571428571,882,33.5685741835,88.547131359,32.8980397841,13751380.6298,1.00302158472,7.06867463626,0.607452965672,0.0255686915048,4280.15168251,-28.9094684864,-667.954149556,0.997448882175,0.093833118824,0.60070642522,318.371174613,2038.16746786
734.5,0.553571428571,882,29.1680007764,73.3210392798,32.9301619503,13764807.6952,1.1478374186,7.06867463626,0.621656704073,0.0259170414541,4386.69030133,-346.677035974,-606.265355743,0.997319524574,0.0978252109785,0.614458280808,332.564640485,2088.90014349
735,0.553571428571,882,18.277409585,61.8060946504,32.9412836903,13769456.5825,1.27317899349,7.06867463626,0.633919955574,0.0261611971332,4474.29535575,-607.76648287,-393.999937282,0.997124819634,0.101387148224,0.62630628648,344.906589043,2130.61683607
735.5,0.553571428571,882,3.32000853,56.5644269772,32.913910041,13758014.3972,1.37333113489,7.06867463626,0.643702254764,0.0263562857471,4534.20137373,-740.004454948,-73.4792581838,0.996949147466,0.104267520375,0.635748008869,354.115997088,2159.1435113
736,0.553571428571,882,-12.3761100864,58.7623320472,32.8550491849,13733410.5593,1.3519056535,7.06867463626,0.641492205257,0.0263145505689,4502.83248056,-684.643278497,271.250100916,0.996803958223,0.103624855696,0.633613915771,350.675744185,2144.20594312
736.5,0.553571428571,882,-25.3184858194,67.9107656127,32.8091204728,13714212.3576,1.26755493037,7.06867463626,0.633180410227,0.0261502418939,4433.38505286,-471.430495484,540.349479999,0.996835380621,0.101188293062,0.625589479127,341.473488647,2111.13573946
737,0.553571428571,882,-32.6273790075,81.9741580442,32.7828410869,13703227.5743,1.10819461469,7.06867463626,0.617514515207,0.0258398203427,4319.16820392,-163.356627379,664.092144379,0.996957173165,0.0966574682805,0.610450003384,325.661289177,2056.74676377
737.5,0.553571428571,882,-32.6765264339,97.8233381759,32.7728371233,13699045.9175,0.942146566079,7.06867463626,0.601341919366,0.0252939932803,4205.57478623,151.921445171,634.545638625,0.997178995352,0.0922744228757,0.594758203781,310.704084124,2002.65466011
738,0.553571428571,882,-25.4549925643,111.931788654,32.767684937,13696892.3037,0.78839023578,7.06867463626,0.586451175419,0.0246001685903,4101.74535369,408.338835913,473.935901716,0.997398754401,0.0884988349194,0.580256930733,297.897334219,1953.21207318
738.5,0.553571428571,882,-12.5696027551,121.160312684,32.7719732348,13698684.8121,0.689327626116,7.06867463626,0.576883719728,0.0241531490477,4036.88170017,564.667438933,227.77837527,0.997592057388,0.0861128955608,0.570931493189,289.941860163,1922.32461913
739,0.553571428571,882,3.1125829692,123.455520131,32.7883800338,13705542.8541,0.711914146364,7.06867463626,0.579160364842,0.0242550706101,4056.63943006,610.80854574,-56.8274613412,0.997711486268,0.0866722030297,0.573151782581,292.117315572,1931.73306193
739.5,0.553571428571,882,18.102204298,118.30671651,32.8200943944,13718799.4569,0.801112335033,7.06867463626,0.587862661338,0.0246575770011,4124.6382651,530.77286638,-339.430356035,0.997684605808,0.0888427521602,0.581633449939,300.012396676,1964.11345957
740,0.553571428571,882,29.0639997662,106.859534916,32.8556111345,13733645.4542,0.884507936315,7.06867463626,0.595948814949,0.0250338992448,4189.5432127,324.101881426,-558.716302245,0.997576430929,0.0908864834239,0.589509400503,307.5784788,1995.02057748
740.5,0.553571428571,882,33.5589181654,91.6610272625,32.8907997656,13748354.302,0.982931684368,7.06867463626,0.605504167307,0.0254780359275,4264.76397695,32.8599732935,-663.893470961,0.997472356964,0.0933305908792,0.598810343721,316.526757001,2030.83998902
741,0.553571428571,882,30.5868189454,76.0929332063,32.9246968957,13762523.3024,1.11663609069,7.06867463626,0.618589517742,0.0258562636841,4364.07046256,-286.362891179,-629.818640775,0.997345842209,0.0969438056258,0.611492793402,329.45885188,2078.12879169
741.5,0.553571428571,882,20.8090082045,63.6192271238,32.9411761147,13769411.616,1.25515424552,7.06867463626,0.632166052627,0.0261260863203,4462.16719701,-565.797357953,-446.297836648,0.997167514794,0.10087362684,0.624612681498,343.157411261,2124.84152239
742,0.553571428571,882,6.40109496341,57.015367468,32.9223925856,13761560.1008,1.35683052463,7.06867463626,0.642088702404,0.0263241438364,4525.42954615,-727.057460398,-141.09491271,0.996974821574,0.103790294369,0.634191167629,352.67694297,2154.96645055
742.5,0.553571428571,882,-9.43109210675,57.7507441687,32.8660697796,13738017.1679,1.36408346481,7.06867463626,0.642710684365,0.026338272002,4514.21765004,-709.728670058,207.555687273,0.996828175342,0.103982329649,0.634790046779,352.121573916,2149.6274524
743,0.553571428571,882,-23.1648166882,65.6617324405,32.8138279516,13716180.0838,1.29831946809,7.06867463626,0.636207894061,0.0262101688304,4455.38088325,-524.123420023,498.853212011,0.996817545003,0.102073392504,0.628512911529,344.559229611,2121.60994441
743.5,0.553571428571,882,-31.7442602674,78.9881000697,32.785375948,13704287.1462,1.12917903885,7.06867463626,0.619560186347,0.0258806963756,4333.83243912,-225.533520385,650.150729249,0.996913105959,0.0972458203177,0.612427861369,327.694253398,2063.72973292
744,0.553571428571,882,-33.2604561709,94.7646673864,32.7747614013,13699850.2658,0.981732632394,7.06867463626,0.605191599297,0.0254726252113,4232.56347106,93.5266392059,652.876356706,0.997150400696,0.0932622953562,0.598504695687,314.06730123,2015.50641479
744.5,0.553571428571,882,-27.376043657,109.48107373,32.769391746,13697605.7498,0.819506806537,7.06867463626,0.589461174924,0.024740581964,4122.9044778,365.850951472,514.117022402,0.997347407646,0.0892559086998,0.58318946827,300.477032455,1963.28784657
745,0.553571428571,882,-15.4003322721,119.86284926,32.7729815245,13699106.2772,0.715906790233,7.06867463626,0.579458958494,0.0242730873961,4054.88424741,545.201940159,281.161752545,0.997553720327,0.0867514378686,0.573442286005,292.109803947,1930.89726067
745.5,0.553571428571,882,0.00202570054366,123.599999939,32.7820604347,13702901.2617,0.689687424061,7.06867463626,0.576969643249,0.0241547726342,4039.96233897,609.382611899,-0.0367388895949,0.9976798327,0.0861312451545,0.571015613517,290.18219667,1923.79158999
746,0.553571428571,882,15.4039329453,119.86099211,32.8121254201,13715468.4256,0.763104118274,7.06867463626,0.584163367965,0.0244860651085,4097.08466195,553.808885289,-285.684913011,0.997711059681,0.0879162991626,0.57802866036,296.739710853,1950.99269617
746.5,0.553571428571,882,27.3783924355,109.477772656,32.8471543425,13730110.5152,0.849829473051,7.06867463626,0.592587452718,0.0248774128486,4164.13523636,370.731178936,-521.10802832,0.997622920405,0.0900340434728,0.586235998387,304.536815767,1982.92154113
747,0.553571428571,882,33.2610304404,94.760656892,32.8872788632,13746882.5648,0.981405512553,7.06867463626,0.605381511314,0.0254711490847,4263.00252926,94.1260880238,-657.625775192,0.997515980505,0.0932974304453,0.598691191808,316.346555226,2030.00120441
747.5,0.553571428571,882,31.7429322502,78.9842725089,32.9170581714,13759330.3157,1.07266854247,7.06867463626,0.614245483327,0.0257706183058,4332.07376506,-223.819683623,-644.959042357,0.997347834618,0.0957029888777,0.607291179317,325.091097331,2062.89226908
748,0.553571428571,882,23.1618818745,65.6589394637,32.9405868472,13769165.3021,1.23024350576,7.06867463626,0.629742147167,0.0260775621288,4445.28428156,-518.368698864,-493.256838691,0.997226982879,0.100165703664,0.622271679393,340.736968689,2116.80203884
748.5,0.553571428571,882,9.42720350635,57.7496072264,32.928612922,13764160.2014,1.33055303569,7.06867463626,0.639515308182,0.0262729573233,4509.41171447,-705.942115285,-206.355935917,0.997010075846,0.103031410951,0.631707706176,350.230582426,2147.33891165
749,0.553571428571,882,-6.40507211854,57.0161395353,32.8790194875,13743430.1458,1.37934458284,7.06867463626,0.644242907841,0.0263679994779,4528.30075071,-729.609880364,141.681532613,0.996866499733,0.104432083908,0.636268917636,353.92334073,2156.33369081
749.5,0.553571428571,882,-20.8121889786,63.621736412,32.8246378075,13720698.6036,1.32629660676,7.06867463626,0.638956992132,0.0262646661295,4477.14202865,-572.922088522,452.029859227,0.99679510343,0.102880227232,0.631166799924,347.511631528,2131.97239459
750,0.553571428571,882,-30.5884956011,76.0966213869,32.789262658,13705911.791,1.17681133339,7.06867463626,0.624240273017,0.0259734803958,4366.8825504,-288.769808775,635.315650337,0.996872679603,0.0985940193936,0.616951991228,332.316127538,2079.46788114
750.5,0.553571428571,882,-33.5587176391,91.665073698,32.7755721337,13700189.1519,0.993478834123,7.06867463626,0.606299127324,0.0255256298893,4240.39231821,32.786393215,660.793161072,0.997084804032,0.0935496263079,0.599582068605,315.050494207,2019.23443724
751,0.553571428571,882,-29.0619666758,106.863039256,32.7713724183,13698433.6708,0.864749342311,7.06867463626,0.593872371178,0.0249447386858,4153.78277457,320.673241456,552.652159303,0.997332046469,0.0903691192217,0.587486217308,304.261395917,1977.99179741
751.5,0.553571428571,882,-18.0987910158,118.308899021,32.7723081973,13698824.8265,0.743625191405,7.06867463626,0.582134754317,0.0243981665461,4073.16027493,520.781233652,332.952217812,0.997497272734,0.0874179712639,0.576050554217,294.342062979,1939.60013092
752,0.553571428571,882,-3.10854896651,123.455895195,32.7797941636,13701953.9604,0.690675558991,7.06867463626,0.577046950076,0.0241592315882,4039.93614828,606.827391361,56.3832666634,0.997646518243,0.0861514346928,0.57109086962,290.210087193,1923.77911823
752.5,0.553571428571,882,12.5733598936,121.158796848,32.8032747697,13711768.8537,0.736015906013,7.06867463626,0.581515113315,0.0243638296829,4076.58837897,573.233393869,-231.314122924,0.997709887851,0.0872567105608,0.575447382193,294.354571737,1941.23256142
753,0.553571428571,882,25.4576368576,111.928719197,32.8400998605,13727161.7417,0.834654486731,7.06867463626,0.591123816726,0.0248089357969,4152.22529624,415.485941933,-482.348747051,0.997655694742,0.0896636815743,0.584810460066,303.153823585,1977.25014107
753.5,0.553571428571,882,32.6774695142,97.819398068,32.8790815525,13743456.0889,0.952901133881,7.06867463626,0.602607507827,0.025342523215,4241.66505787,153.345622362,-640.83537586,0.997534914484,0.0925851090601,0.59599165225,313.774786303,2019.84050375
754,0.553571428571,882,32.6264110351,81.9702239776,32.9139491007,13758030.7241,1.06499548521,7.06867463626,0.613509943099,0.0257556717846,4326.18251118,-162.75934749,-661.320235603,0.997384869077,0.0954915537131,0.606579894226,324.311606271,2060.08691009
754.5,0.553571428571,882,25.3158221726,67.9077129358,32.9368283659,13767594.2569,1.19516118463,7.06867463626,0.62628188088,0.0260092244847,4420.39119036,-465.66234344,-533.608179394,0.997237277798,0.0991629243433,0.618928257969,337.248808753,2104.94818589
755,0.553571428571,882,12.3723434392,58.7608399949,32.9336178368,13766252.2558,1.3061054692,7.06867463626,0.637131437374,0.0262253353575,4494.35265599,-679.354882311,-269.060113003,0.997059277309,0.102329513076,0.629406790128,347.95039672,2140.16793143
755.5,0.553571428571,882,-3.32404008076,56.5648275383,32.8912319986,13748534.9754,1.38382224851,7.06867463626,0.644708104315,0.0263767216238,4534.86452927,-741.101245638,73.6784069899,0.996901889049,0.10456735696,0.63671810016,354.645095485,2159.45929965
756,0.553571428571,882,-18.2808090003,61.8082986981,32.8332671857,13724305.6836,1.3374311582,7.06867463626,0.640052559016,0.0262863553732,4487.00138049,-614.549224966,398.502271381,0.996788499951,0.103202359316,0.632224267023,348.783051231,2136.66732404
756.5,0.553571428571,882,-29.1700116703,73.3245564031,32.7967488034,13709040.9998,1.21857873749,7.06867463626,0.628355938013,0.0260548400638,4397.04071079,-350.688098898,613.451502988,0.996856497008,0.0997848209647,0.620929165873,336.483377475,2093.8289099
757,0.553571428571,882,-33.5687491226,88.5511789814,32.7768188214,13700710.2673,1.02414580481,7.06867463626,0.609258969095,0.0256640144449,4261.07992539,-28.7639144262,666.451283343,0.997026493253,0.0943152861461,0.602461417735,317.65319865,2029.08567876
757.5,0.553571428571,882,-30.4982815212,104.100171072,32.7710420656,13698295.5834,0.888410140358,7.06867463626,0.596159936796,0.0250515079215,4169.44827525,269.852496001,583.683513508,0.997291670538,0.0909502698995,0.589713741314,306.211883107,1985.45155964
758,0.553571428571,882,-20.6418023936,116.511808575,32.7708007237,13698194.7025,0.763770375221,7.06867463626,0.584085817764,0.0244890715897,4086.22986231,490.394540939,381.815792768,0.997467417249,0.0879052074076,0.57795210152,295.955390319,1945.82374396
758.5,0.553571428571,882,-6.19242484755,123.024443591,32.7777187392,13701086.433,0.694216584144,7.06867463626,0.577378897453,0.024175210447,4041.71339524,599.501657569,112.412763298,0.99762211054,0.0862342653646,0.571414458603,290.452327974,1924.6254263
759,0.553571428571,882,9.63479644232,122.188984102,32.798999363,13709981.7338,0.734330348691,7.06867463626,0.581347920262,0.0243562236137,4074.37139938,591.750518343,-177.122576184,0.997705685316,0.0872152892252,0.575284384759,294.138151844,1940.17685685
759.5,0.553571428571,882,23.3182300678,114.191323786,32.8328169002,13724117.4643,0.833426317496,7.06867463626,0.591004985781,0.0248033936892,4149.56236394,457.999132849,-441.469398087,0.997657724284,0.0896336680928,0.584694712736,302.917946554,1975.98207807
760,0.553571428571,882,31.8132474902,100.810979795,32.8704391254,13739843.5544,0.913368582163,7.06867463626,0.598745239788,0.0251641327684,4212.69225766,209.644385073,-616.91621238,0.997536442755,0.0915987622046,0.592232017464,310.268840084,2006.04393222
760.5,0.553571428571,882,33.2296672544,85.0251417948,32.9083869651,13755705.7514,1.04897864647,7.06867463626,0.611958126348,0.0257244722234,4314.01872799,-100.335026034,-670.189861008,0.997435674426,0.0950475895348,0.605078881303,322.694708136,2054.29463237
761,0.553571428571,882,27.2523292804,70.3462332162,32.9331159914,13766042.4844,1.16233240358,7.06867463626,0.62305118024,0.025945276562,4397.09955733,-410.272156149,-568.892061096,0.997258688007,0.0982297492603,0.615805851656,333.999816452,2093.85693206
761.5,0.553571428571,882,15.2112194678,60.0403804713,32.9369427848,13767642.084,1.28423338739,7.06867463626,0.634999485703,0.0261827302363,4480.56068122,-647.67313141,-328.83922761,0.997104845151,0.101703395765,0.627348628353,345.891245136,2133.60032439
762,0.553571428571,882,-0.214458441305,56.400684418,32.9027966863,13753369.0149,1.38584825437,7.06867463626,0.644928584553,0.0263806681263,4539.57230629,-745.714131242,4.75976035449,0.996933333135,0.104630608697,0.636931122295,355.109200685,2161.70109823
762.5,0.553571428571,882,-15.5924183354,60.2369945998,32.8436818612,13728659.018,1.3422434553,7.06867463626,0.640525965144,0.0262957293552,4493.09320055,-650.090157925,340.573055773,0.99678550924,0.103341692971,0.632681177134,349.475544789,2139.56819074
763,0.553571428571,882,-27.5009915865,70.6957139019,32.8018959368,13711192.5016,1.23702868528,7.06867463626,0.63017399838,0.026090779133,4410.86287045,-408.249018684,581.593785493,0.996849486491,0.100312706617,0.622685601152,338.369638004,2100.41089069
763.5,0.553571428571,882,-33.2904644628,85.4497279364,32.7805367725,13702264.3709,1.07695793064,7.06867463626,0.614455335403,0.0257789737017,4297.63070928,-91.763328201,671.354102301,0.997000499501,0.0957816046518,0.607491398211,322.664937548,2046.49081394
764,0.553571428571,882,-31.6726519351,101.216198973,32.7702050557,13697945.7133,0.89966298737,7.06867463626,0.597217121918,0.0251022863387,4176.51082309,215.287121791,607.934478616,0.997221217055,0.0912213439365,0.590742822133,307.108848283,1988.81467766
764.5,0.553571428571,882,-23.0075249236,114.487012821,32.7705402627,13698085.8298,0.788185046905,7.06867463626,0.586463101812,0.0245992426765,4102.54395835,455.998726506,428.447607796,0.997453137381,0.0884999562516,0.580268774165,297.953028303,1953.59236112
765,0.553571428571,882,-9.22311506941,122.309350789,32.7756200317,13700209.1733,0.696127586571,7.06867463626,0.577548406604,0.0241838338361,4042.36397865,586.736909925,167.491512628,0.997592308879,0.0862771484584,0.571579630011,290.559554107,1924.93522793
765.5,0.553571428571,882,6.61348140139,122.942705775,32.7939567961,13707873.9408,0.725787571032,7.06867463626,0.580511642346,0.0243176743712,4067.34659346,603.978919029,-121.25304385,0.997703415213,0.0870076242186,0.574469137129,293.347570493,1936.83171117
766,0.553571428571,882,20.9785470587,116.246153305,32.824443988,13720617.587,0.809061415617,7.06867463626,0.588629773215,0.0246934471884,4131.0327942,493.336138867,-394.323514182,0.997667992761,0.0890358583881,0.582380796533,300.744194022,1967.15847343
766.5,0.553571428571,882,30.6757870208,103.709707898,32.8629150441,13736698.4884,0.90521421548,7.06867463626,0.597966477731,0.0251273362285,4205.37405361,265.155990314,-593.292632234,0.997566633612,0.091399434892,0.59147395109,309.451950143,2002.55907315
767,0.553571428571,882,33.5475196456,88.1227878033,32.8993371376,13751922.9235,1.00991173098,7.06867463626,0.608124511603,0.0255997832562,4285.14481417,-37.4250719617,-668.820679457,0.997446073636,0.0940063993853,0.601359765357,318.984264243,2040.5451496
767.5,0.553571428571,882,28.9547708755,72.9535562786,32.9309374885,13765131.8702,1.14897127093,7.06867463626,0.62176310708,0.0259192501106,4387.63081164,-354.444572281,-602.052929406,0.997310459803,0.0978562997459,0.614561073817,332.685998861,2089.34800554
768,0.553571428571,882,17.91944898,61.5772389052,32.9409900092,13769333.8238,1.27458408652,7.06867463626,0.63405779698,0.0261639341456,4475.1664706,-612.932460272,-386.430154108,0.997123260357,0.101427448357,0.626439393782,345.037532829,2131.03165267
768.5,0.553571428571,882,2.89696514438,56.5251199711,32.9129403669,13757609.0734,1.37561332313,7.06867463626,0.643926414595,0.026360731273,4535.47663534,-741.301653664,-64.1533308044,0.996947140249,0.104333796646,0.635964287082,354.320208119,2159.75077873
769,0.553571428571,882,-12.7701071035,58.9213197744,32.8533690261,13732708.2529,1.34906475121,7.06867463626,0.641209434212,0.0263090167113,4500.4324821,-680.543369028,279.632585681,0.996800599539,0.103541833807,0.633340975727,350.358954287,2143.06308672
769.5,0.553571428571,882,-25.5957702727,68.2326725539,32.8078309837,13713673.3512,1.25361341073,7.06867463626,0.63180592263,0.0261230848935,4423.62941256,-462.684959537,544.062102354,0.996839532228,0.100787731741,0.624261942269,340.095005734,2106.49019646
770,0.553571428571,882,-32.7262537981,82.3873583862,32.7825179498,13703092.503,1.10551385632,7.06867463626,0.617261963805,0.025834598433,4317.35608619,-154.825826821,665.586213051,0.996977009876,0.0965841462939,0.610205916983,325.407835388,2055.88385057
770.5,0.553571428571,882,-32.5749914544,98.2358928932,32.7724429146,13698881.1383,0.934834341875,7.06867463626,0.600629804091,0.0252609969043,4200.57239752,159.613381304,631.310362995,0.997182634953,0.0920923200392,0.594065050408,310.083452273,2000.27257025
771,0.553571428571,882,-25.1756398266,112.251902375,32.7683011118,13697149.8647,0.784972560669,7.06867463626,0.586122772041,0.0245847463481,4099.63767167,413.928087172,468.315214625,0.997408167916,0.0884162999537,0.579936954815,297.630705143,1952.20841508
771.5,0.553571428571,882,-12.1745895613,121.316758597,32.7739086821,13699493.8291,0.701964081485,7.06867463626,0.578121071696,0.0242101709909,4045.89056461,569.584799226,221.429722028,0.99759624405,0.0864186633758,0.572138025776,291.005748868,1926.61455458
772,0.553571428571,882,3.53536431983,123.413488281,32.7890770324,13705834.1995,0.713829568896,7.06867463626,0.579338858246,0.0242637139449,4058.04324271,610.381949628,-64.5823790684,0.997696472852,0.0867169347738,0.573325748342,292.280503964,1932.40154415
772.5,0.553571428571,882,18.4586829603,118.075559182,32.8209724802,13719166.4967,0.804884772959,7.06867463626,0.588230015828,0.0246746001088,4127.39727527,527.013329586,-346.49254548,0.997682316772,0.0889350047246,0.581991367931,300.339993899,1965.42727394
773,0.553571428571,882,29.2748575559,106.490685707,32.8550484054,13733410.2334,0.881426695059,7.06867463626,0.595644924193,0.0250199951587,4187.29655575,316.732122963,-562.274240623,0.99757178458,0.0908095684624,0.589213457204,307.30765582,1993.95074084
773.5,0.553571428571,882,33.5772382296,91.2365568606,32.891239655,13748538.1758,0.981762949343,7.06867463626,0.605392328383,0.0254727620164,4264.10307982,24.4557891231,-664.068013075,0.997476253009,0.0933016969763,0.598701533496,316.437228593,2030.52527611
774,0.553571428571,882,30.4085249833,75.707288279,32.9255170157,13762866.1125,1.12079782376,7.06867463626,0.619001763991,0.0258643704177,4367.13318331,-294.676669669,-626.94071262,0.997347368073,0.0970618019593,0.611891457761,329.87628987,2079.58723015
774.5,0.553571428571,882,20.4737714639,63.3582154869,32.9414131002,13769510.6759,1.25636002181,7.06867463626,0.632281600858,0.0261284350792,4463.02837582,-571.59596696,-439.262061874,0.997161843712,0.100907589414,0.624724240206,343.277886166,2125.25160753
775,0.553571428571,882,5.98350720068,56.9370654421,32.921175826,13761051.4952,1.35776273793,7.06867463626,0.64217969419,0.0263259597157,4525.72149947,-728.918442779,-131.914750139,0.996973108417,0.103817197755,0.634278964837,352.742284991,2155.10547594
775.5,0.553571428571,882,-9.83811564429,57.872574324,32.8645517277,13737382.6222,1.36354658086,7.06867463626,0.642656772247,0.0263372261937,4513.43061463,-706.874676539,216.460381356,0.996826810303,0.103966520079,0.634738008238,352.035514413,2149.25267363
776,0.553571428571,882,-23.4707113432,65.9565869926,32.8129665765,13715820.029,1.2948753666,7.06867463626,0.635868200277,0.0262034599875,4452.82204393,-517.242379801,504.921933797,0.996818332668,0.101973994047,0.628184920208,344.205628139,2120.39144949
776.5,0.553571428571,882,-31.8809630358,79.3903724897,32.7852256487,13704224.3211,1.12401287655,7.06867463626,0.619052918019,0.0258706330915,4330.32194236,-216.967061844,651.966232738,0.996918059425,0.0971001172761,0.611937392377,327.200270333,2062.05806779
777,0.553571428571,882,-33.1975500419,95.184850163,32.7746025348,13699783.8596,0.97805304158,7.06867463626,0.604836442762,0.0254560210758,4230.07861977,101.673633135,650.995769953,0.997157457648,0.0931707738572,0.598159124649,313.756054471,2014.32315227
777.5,0.553571428571,882,-27.1275255411,109.825674213,32.7686087969,13697278.4771,0.809306509947,7.06867463626,0.588467404956,0.0246945531754,4115.86321294,371.262355128,507.999320111,0.997352207849,0.0890060197258,0.582221294789,299.621471537,1959.93486331
778,0.553571428571,882,-15.0214986225,120.055192216,32.7729813347,13699106.1979,0.71280114361,7.06867463626,0.579162785447,0.0242590731808,4052.84272656,548.246534403,274.012040987,0.997566331121,0.0866776087346,0.573153580485,291.861202798,1929.92510788
778.5,0.553571428571,882,0.426882609477,123.597288153,32.7837561014,13703610.0504,0.698387640638,7.06867463626,0.577822116695,0.024194032319,4046.26204302,610.886420371,-7.76184042099,0.997683545981,0.0863418329949,0.571846865531,290.921775633,1926.79144906
779,0.553571428571,882,15.7802804469,119.663828968,32.8133383181,13715975.417,0.768788254212,7.06867463626,0.584712874414,0.0245117147442,4101.18351634,551.053612113,-293.144238051,0.997700728567,0.0880538298207,0.578564164738,297.225884205,1952.94453159
779.5,0.553571428571,882,27.6224914351,109.130027886,32.8491107065,13730928.2753,0.859347839161,7.06867463626,0.593513570994,0.0249203644292,4171.03903707,365.103208256,-527.184816618,0.997616005287,0.0902682971788,0.587137988928,305.365541907,1986.20906527
780,0.553571428571,882,33.3185677589,94.3397053463,32.8878188208,13747108.2671,0.982486713142,7.06867463626,0.605479927963,0.025476027997,4263.82405908,85.8296706895,-658.966789315,0.997504056143,0.0933231733522,0.598786904069,316.444233297,2030.39240909
780.5,0.553571428571,882,31.6011055629,78.5837778927,32.9182842224,13759842.805,1.08000204708,7.06867463626,0.614969376203,0.0257849034047,4337.39210379,-232.474527989,-643.509913404,0.997346423216,0.095909366222,0.607991437754,325.816405188,2065.42481133
781,0.553571428571,882,22.8522482883,65.3680137186,32.9408877068,13769291.0615,1.2341904214,7.06867463626,0.630125937831,0.0260852504148,4448.01363306,-525.160280382,-487.215808801,0.997217120447,0.100277680044,0.622642373038,341.124113586,2118.10173003
781.5,0.553571428571,882,9.0186579551,57.6329827032,32.9275918327,13763733.3861,1.33151319306,7.06867463626,0.639606595348,0.0262748276355,4509.76067637,-708.637609048,-197.452862324,0.997004507704,0.103058547186,0.631795773357,350.301099444,2147.50508399
782,0.553571428571,882,-6.82162632225,57.0997657407,32.8772921988,13742708.1391,1.37804054599,7.06867463626,0.6441131919,0.0263654593151,4526.93420969,-727.417290185,150.82472954,0.996865104614,0.104393866703,0.636143743206,353.75664961,2155.68295699
782.5,0.553571428571,882,-21.1440665592,63.8870061207,32.8230711978,13720043.7607,1.32329390209,7.06867463626,0.638661633343,0.0262588170933,4474.692511,-566.628064168,458.806889721,0.996797024946,0.102793445094,0.630881696537,347.185354104,2130.80595762
783,0.553571428571,882,-30.7618522312,76.4845108373,32.7884006393,13705551.4672,1.17040135767,7.06867463626,0.623609807415,0.0259609942596,4362.34003266,-280.180515903,637.703269521,0.996877034525,0.0984120170898,0.616342631999,331.685239096,2077.30477746
783.5,0.553571428571,882,-33.5349806505,92.0892756572,32.7755240871,13700169.0684,0.992935762,7.06867463626,0.60625148263,0.025523179279,4240.05232014,41.1335474029,660.234905564,0.997093687399,0.0935370284264,0.599535751382,315.007144305,2019.0725334
784,0.553571428571,882,-28.8464176605,107.229166786,32.7713152203,13698409.7621,0.860805673018,7.06867463626,0.593487491145,0.0249269428974,4151.11799137,327.281453917,547.960190369,0.997332757941,0.0902717403505,0.587111375739,303.932472624,1976.72285304
784.5,0.553571428571,882,-17.7393906466,118.53548702,32.7724064189,13698865.8831,0.739297757071,7.06867463626,0.58171477525,0.0243786390198,4070.29014203,524.324321348,325.951821159,0.997502226522,0.087313317102,0.575641192446,293.991447758,1938.23340097
785,0.553571428571,882,-2.6852655213,123.492526765,32.7803955805,13702205.3526,0.692035468626,7.06867463626,0.577182878437,0.0241653681738,4041.02219936,607.74973783,48.7263749327,0.997651739837,0.0861848488397,0.571223434402,290.333299533,1924.29628541
785.5,0.553571428571,882,12.9663438513,120.99732129,32.8056193746,13712748.8986,0.742408864538,7.06867463626,0.582139011858,0.024392677877,4081.48006974,571.358890878,-239.002453548,0.99770827449,0.0874119440403,0.576055538902,294.920395496,1943.56193797
786,0.553571428571,882,25.7328805432,111.605065585,32.8419749369,13727945.5236,0.836495331623,7.06867463626,0.591299160341,0.0248172426005,4153.91210918,409.603396575,-487.861294957,0.997647986661,0.0897081430921,0.584981231847,303.338785031,1978.05338532
786.5,0.553571428571,882,32.7737299091,97.405580858,32.8803667473,13743993.3004,0.958057107055,7.06867463626,0.603109972291,0.0253657895188,4245.4773107,145.443662773,-643.667446493,0.997532622674,0.0927138906804,0.596480675654,314.23579716,2021.65586224
787,0.553571428571,882,32.5222697472,81.558319451,32.9145170904,13758268.1438,1.06539337782,7.06867463626,0.613545162376,0.0257564468486,4326.57446533,-171.132949509,-659.303786049,0.997378195144,0.0955019378882,0.606613914025,324.358067834,2060.27355492
787.5,0.553571428571,882,25.0344511298,67.5893717931,32.937646204,13767936.1133,1.20167531876,7.06867463626,0.626925259848,0.0260219135134,4425.05141314,-473.282165977,-528.693758398,0.997236744553,0.0993489830658,0.619549998775,337.898366156,2107.16733959
788,0.553571428571,882,11.9763490261,58.6068946422,32.9330329883,13766007.7891,1.30568140921,7.06867463626,0.63708372784,0.0262245093215,4493.86353884,-682.588837862,-260.405017929,0.997050181052,0.102316077853,0.629360644925,347.89235666,2139.9350185
788.5,0.553571428571,882,-3.74654723908,56.6095315429,32.8894084955,13747772.7511,1.38217519071,7.06867463626,0.644545795395,0.0263735132827,4533.24650497,-739.68870922,82.9961009642,0.99690250064,0.1045193714,0.636561501794,354.443046006,2158.68881189
789,0.553571428571,882,-18.6358190678,62.041705208,32.8317705552,13723680.0921,1.33590038407,7.06867463626,0.639902918919,0.0262833735438,4485.56747768,-609.145157308,406.030447209,0.99679092997,0.103158245133,0.632079850832,348.602180121,2135.98451318
789.5,0.553571428571,882,-29.378533232,73.6947313687,32.7968271749,13709073.7591,1.21544957488,7.06867463626,0.628048241915,0.0260487446974,4394.9565266,-342.598048086,617.286864051,0.996858724942,0.0996955333123,0.620631881159,336.183898183,2092.83644124
790,0.553571428571,882,-33.5843851472,88.9757567265,32.7762418841,13700469.1076,1.01530574441,7.06867463626,0.608398225701,0.0256241237155,4255.00788765,-20.2859475512,665.165291535,0.997030887501,0.0940927806955,0.601624089755,316.892645731,2026.19423221
790.5,0.553571428571,882,-30.3175529195,104.484681045,32.7710326721,13698291.6569,0.884833989855,7.06867463626,0.595817532134,0.0250353705598,4167.08887157,276.945073101,579.667366065,0.997303349547,0.0908629620933,0.589380372507,305.917759314,1984.32803408
791,0.553571428571,882,-20.3049221322,116.770695493,32.7711352236,13698334.5234,0.762666941349,7.06867463626,0.583980646209,0.0244840923497,4085.58868686,495.044630452,375.479324985,0.99747194446,0.0878788096371,0.577849617757,295.872555465,1945.51842231
791.5,0.553571428571,882,-5.77435037391,123.100103893,32.7779855853,13701197.9747,0.693740232692,7.06867463626,0.577333119694,0.0241730609134,4041.46350599,600.805773644,104.811243338,0.997623451715,0.0862229064601,0.571369826269,290.418797755,1924.50643142
792,0.553571428571,882,10.0410415854,122.064583014,32.7999289555,13710370.3034,0.736727350554,7.06867463626,0.581582529008,0.0243670400729,4076.2221815,589.891074241,-184.724710271,0.99770625095,0.0872735937622,0.575513084578,294.35147133,1941.05818167
792.5,0.553571428571,882,23.6222544193,113.894541137,32.8340334044,13724625.963,0.835779244962,7.06867463626,0.591233235374,0.0248140112629,4151.44785106,452.704679168,-447.545949795,0.997654837762,0.0896912867469,0.584917042706,303.135131373,1976.87992908
793,0.553571428571,882,31.9474041976,100.407851125,32.8702813982,13739777.6245,0.910035243507,7.06867463626,0.598417743264,0.0251490910939,4210.38374274,201.641550582,-618.948526664,0.99753351435,0.0915154775762,0.591913160523,309.983758473,2004.9446394
793.5,0.553571428571,882,33.1641058174,84.6053651342,32.9092740434,13756076.5501,1.05227066397,7.06867463626,0.612286113438,0.0257308848185,4316.51428553,-108.913537498,-669.55784263,0.997439928728,0.0951405466359,0.60539626653,323.027719821,2055.48299311
794,0.553571428571,882,27.001637428,70.0032108525,32.9327167637,13765875.6072,1.16192351224,7.06867463626,0.623008029876,0.0259444800734,4396.6948535,-417.37087399,-563.575328486,0.997254296239,0.0982175713207,0.615764102575,333.950312452,2093.66421595
794.5,0.553571428571,882,14.8311773199,59.8504364989,32.9364986105,13767456.4192,1.28574424569,7.06867463626,0.635149125684,0.0261856732712,4481.47188582,-652.041688432,-320.752434799,0.997105409832,0.101747070687,0.627493135379,346.030449646,2134.03423134
795,0.553571428571,882,-0.639289713787,56.4060822668,32.9008523611,13752556.2869,1.38311637592,7.06867463626,0.644657307572,0.0263753466386,4537.17040469,-744.936039701,14.1760764967,0.996931167654,0.104550585726,0.636669363281,354.795672535,2160.55733557
795.5,0.553571428571,882,-15.9675117701,60.436533223,32.842033603,13727970.046,1.3413989425,7.06867463626,0.640445140591,0.0262940843097,4492.0885468,-645.517011883,348.649925355,0.996789541517,0.103317689834,0.632603202603,349.359304443,2139.08978419
796,0.553571428571,882,-27.7428871244,71.0449950145,32.8009859284,13710812.1181,1.23493527844,7.06867463626,0.629967990328,0.0260867013386,4409.20852284,-400.600796565,586.326550139,0.996850717491,0.100252808358,0.622486593624,338.148829289,2099.62310611
796.5,0.553571428571,882,-33.3453392055,85.8710348429,32.7802197217,13702131.8437,1.07120339937,7.06867463626,0.613888639222,0.0257677643205,4293.66953412,-83.1249113041,671.313091397,0.997003456147,0.0956199899783,0.60694320703,322.114265989,2044.60454006
797,0.553571428571,882,-31.5282959935,101.615788899,32.7704575425,13698051.2528,0.899589980406,7.06867463626,0.597214621202,0.0251019568952,4176.55820707,222.958172092,605.166924528,0.997228950565,0.0912204293109,0.590740421246,307.11050145,1988.83724146
797.5,0.553571428571,882,-22.6960581758,114.775975123,32.770563893,13698095.7073,0.785103290092,7.06867463626,0.586162026748,0.0245853362639,4100.47562801,460.987513516,422.28809858,0.997453230195,0.0884245817612,0.5799753906,297.699694148,1952.60744191
798,0.553571428571,882,-8.81384033622,122.423389991,32.7757395809,13700259.1448,0.693820770163,7.06867463626,0.577325152497,0.0241734243383,4040.85398591,588.434661646,159.957646546,0.997596083993,0.0862218354602,0.571361952916,290.375392236,1924.21618377
798.5,0.553571428571,882,7.02949856092,122.856447617,32.794666401,13708170.5556,0.726557206985,7.06867463626,0.580588459664,0.0243211473497,4068.05292715,602.554931467,-128.914089345,0.997706155324,0.0870266049452,0.574544034635,293.424262293,1937.16806055
799,0.553571428571,882,21.3087408638,115.978790634,32.8267057193,13721562.9907,0.817552930241,7.06867463626,0.589459142683,0.0247317651067,4137.33448529,489.521187045,-401.522929573,0.997667068864,0.0892442814481,0.583188819618,301.48974612,1970.15927871
799.5,0.553571428571,882,30.8466877921,103.32073017,32.863791561,13737064.8725,0.90713090973,7.06867463626,0.598147493604,0.0251359853019,4206.85119195,257.777518091,-596.932939783,0.997556139229,0.0914458728213,0.591650145107,309.625691449,2003.26247236
800,0.553571428571,882,33.5211011551,87.6987443973,32.9005915833,13752447.2818,1.01631519045,7.06867463626,0.608748722061,0.0256286788358,4289.79911618,-45.9611985729,-669.491031218,0.997443631757,0.0941676017959,0.60196702448,319.555627064,2042.7614839
800.5,0.553571428571,882,28.7369113621,72.5887988533,32.9315636062,13765393.5874,1.15240339319,7.06867463626,0.62209702159,0.0259259356189,4390.10197643,-362.399633182,-598.13484714,0.997302017571,0.0979527764889,0.61488381991,333.026658073,2090.52475068
801,0.553571428571,882,17.5586232132,61.3529277088,32.9407737655,13769243.434,1.27532475069,7.06867463626,0.634127975868,0.026165376902,4475.59158196,-617.887959704,-378.721488957,0.997118537182,0.101448197098,0.626507126881,345.103585272,2131.23408665
801.5,0.553571428571,882,2.47345855958,56.491165303,32.9116456523,13757067.8827,1.37821707415,7.06867463626,0.64418295351,0.0263658031783,4536.88493777,-742.53424605,-54.8102523792,0.996946081848,0.104409593224,0.636211812224,354.549719327,2160.42139894
802,0.553571428571,882,-13.162062293,59.0852767084,32.8508040892,13731636.1093,1.3402013453,7.06867463626,0.64033148968,0.0262917514831,4493.70920285,-675.161006484,287.452394167,0.996796764872,0.103283849765,0.632493572496,349.431434396,2139.86152516
802.5,0.553571428571,882,-25.8689621882,68.5580598987,32.8067432617,13713218.6834,1.24722212076,7.06867463626,0.631182786778,0.0261106351557,4419.07187523,-454.915280829,548.839617265,0.996852462637,0.100605713255,0.623660136655,339.458298031,2104.31994059
803,0.553571428571,882,-32.8198959494,82.8017759224,32.7823969567,13703041.9279,1.10328373653,7.06867463626,0.617047256319,0.0258302543324,4315.8555568,-146.302518637,667.05806697,0.996986076008,0.0965222570268,0.609998338086,325.196919819,2055.16931276
803.5,0.553571428571,882,-32.468248021,98.6471307639,32.7720890048,13698733.204,0.927335003989,7.06867463626,0.599899035485,0.0252271561787,4195.45189016,167.239974761,627.952684866,0.997185660428,0.0919056588907,0.593353698942,309.448263157,1997.83423341
804,0.553571428571,882,-24.8922617261,112.568458214,32.768651475,13697296.3165,0.792125096012,7.06867463626,0.586827307241,0.0246170221289,4104.57886679,420.661727288,463.975948843,0.997417799324,0.0885923881327,0.580623522661,298.229837978,1954.56136514
804.5,0.553571428571,882,-11.777629758,121.468197236,32.7744046853,13699701.1584,0.703200402914,7.06867463626,0.578236812621,0.0242157498853,4046.81084285,572.54807696,214.288070541,0.997587476731,0.0864475939793,0.572250843169,291.111980857,1927.05278231
805,0.553571428571,882,3.95758039687,123.366113909,32.7892514766,13705907.1172,0.712065515696,7.06867463626,0.579165589478,0.0242557536635,4056.89066917,609.221543949,-72.2602352268,0.997695000515,0.0866740434018,0.573156812593,292.13904651,1931.85269961
805.5,0.553571428571,882,18.812210242,117.83991282,32.8218433736,13719530.5302,0.808468980757,7.06867463626,0.588581565933,0.024690773829,4130.04560598,523.135864351,-353.497582015,0.997684424968,0.0890231841477,0.582333896277,300.653737094,1966.6883838
806,0.553571428571,882,29.4810345542,106.119199782,32.8554749814,13733588.5422,0.881891980857,7.06867463626,0.59568775506,0.0250220947586,4187.70156341,309.642705293,-566.317647129,0.997567364684,0.0908205886826,0.589255146287,307.352930149,1994.14360162
806.5,0.553571428571,882,33.5901895896,90.8118887442,32.8917251692,13748741.1207,0.980206892424,7.06867463626,0.605239920081,0.0254657403172,4263.17263654,16.050725697,-664.065025028,0.997475664934,0.093262549653,0.598553223717,316.313796684,2030.08220787
807,0.553571428571,882,30.2253689663,75.3239286303,32.926260076,13763176.7118,1.12443880611,7.06867463626,0.619362859636,0.0258714627693,4369.82264098,-302.916401095,-623.856327649,0.997349398731,0.0971651671998,0.612240651023,330.242494426,2080.86792428
807.5,0.553571428571,882,20.1352611479,63.1014636363,32.9414857937,13769541.0618,1.25962819599,7.06867463626,0.632601379731,0.0261348012293,4465.25433786,-577.641241748,-432.401120088,0.997156876256,0.101000986047,0.625033066558,343.597128967,2126.31158946
808,0.553571428571,882,5.56496272791,56.8640498878,32.920058386,13760584.4054,1.36058651926,7.06867463626,0.642455666653,0.026331460223,4527.31414084,-731.052602918,-122.775428911,0.996968461905,0.103898779031,0.634545249078,352.995511132,2155.86387659
808.5,0.553571428571,882,-10.2435661539,57.9995413712,32.8629680215,13736720.633,1.36210313819,7.06867463626,0.642511526097,0.0263344144792,4511.99877881,-703.725062246,225.267216102,0.99682267316,0.103923959396,0.634597804295,351.857488249,2148.57084705
809,0.553571428571,882,-23.7728532384,66.2552858744,32.8121572184,13715481.7173,1.29085931866,7.06867463626,0.6354728585,0.0261956370372,4449.89670747,-510.211762319,510.816398209,0.996820449734,0.101858292396,0.62780319652,343.798125088,2118.99843213
809.5,0.553571428571,882,-32.0125683195,79.7943412957,32.7851305158,13704184.5556,1.11996007959,7.06867463626,0.618656137066,0.025862738557,4327.58203249,-208.459632437,653.885106153,0.996923829079,0.0969861077803,0.611553752399,326.814193539,2060.7533488
810,0.553571428571,882,-33.1293359175,95.6042039278,32.7744430799,13699717.2074,0.973792163028,7.06867463626,0.604423571219,0.0254367938821,4227.19636315,109.770678928,648.911021605,0.997162985871,0.093064535979,0.597757372243,313.395244973,2012.95064912
810.5,0.553571428571,882,-26.8746699731,110.167104746,32.7679490265,13697002.6931,0.802738240833,7.06867463626,0.587828932533,0.0246649138931,4111.3001994,376.960128729,502.336809383,0.997357759337,0.0888455707886,0.581599240415,299.069307946,1957.76199971
811,0.553571428571,882,-14.6402631678,120.242729612,32.7730146157,13699120.1094,0.711582714396,7.06867463626,0.579048415324,0.024253575025,4052.06269744,551.486506147,266.970200345,0.997574429084,0.0866490006167,0.573042104808,291.765466001,1929.55366545
811.5,0.553571428571,882,0.851671263645,123.589204457,32.7844663097,13703906.9174,0.699865419767,7.06867463626,0.577967392528,0.0242007007901,4047.43973685,611.019749943,-15.4927147266,0.997685001738,0.0863777189602,0.571988522972,291.055300568,1927.35225564
812,0.553571428571,882,16.1541048208,119.46192284,32.8145792078,13716494.1089,0.774517495916,7.06867463626,0.585271807129,0.0245375679194,4105.35516104,548.212665705,-300.587470612,0.997698970738,0.0881935320119,0.579108868323,297.719965492,1954.93102907
812.5,0.553571428571,882,27.8621738419,108.779224393,32.8500741963,13731331.014,0.863985437837,7.06867463626,0.593962643779,0.0249412915706,4174.39074173,358.8810012,-532.461013019,0.997609022,0.0903821242515,0.587575324402,305.768539693,1987.80511511
813,0.553571428571,882,33.3707777324,93.91805992,32.8883185689,13747317.1618,0.983378352792,7.06867463626,0.605563522499,0.0254800515166,4264.53269829,77.51084716,-660.1729696,0.997498232802,0.0933448810229,0.598868220891,316.527459992,2030.72985633
813.5,0.553571428571,882,31.4542261375,78.1851086297,32.919439622,13760325.762,1.08695543972,7.06867463626,0.61565585356,0.025798448075,4342.4340609,-241.101107374,-641.872067688,0.997345258902,0.096105234371,0.608655464013,326.50471317,2067.82574329
814,0.553571428571,882,22.5389608292,65.0810264108,32.9408627631,13769280.635,1.23658614957,7.06867463626,0.630356749985,0.0260899171077,4449.59923735,-531.636083856,-480.859487513,0.997207748348,0.100345245198,0.622865272585,341.353439429,2118.85677969
814.5,0.553571428571,882,8.60867039999,57.5215333806,32.9271919004,13763566.2144,1.34181722631,7.06867463626,0.640622408653,0.0262948990942,4516.64955389,-713.121221036,-189.018330794,0.997001124677,0.103357237067,0.632776243022,351.307827131,2150.78550185
815,0.553571428571,882,-7.23708980807,57.1886524033,32.8755710583,13741988.7024,1.37583415441,7.06867463626,0.64388555517,0.0263611614352,4524.89635803,-724.915396639,159.892177951,0.99685010782,0.104327567852,0.635923955811,353.494970362,2154.71255144
815.5,0.553571428571,882,-21.47256339,64.1564510668,32.8202254063,13718854.2198,1.3146467252,7.06867463626,0.637809592402,0.0262419730626,4468.08370885,-559.320274463,464.721005608,0.996800274424,0.102543403603,0.630059177925,346.280784212,2127.65890897
816,0.553571428571,882,-30.9302903123,76.8745612951,32.7878370672,13705315.8941,1.16478771207,7.06867463626,0.623063103039,0.0259500593128,4358.45061588,-271.647905899,640.142305419,0.996889554202,0.0982538177237,0.615814276588,331.140664484,2075.45267423
816.5,0.553571428571,882,-33.5058817142,92.5131435597,32.7754759003,13700148.9263,0.99240038561,7.06867463626,0.60620390906,0.0255207633957,4239.71273891,49.4718589864,659.571654383,0.997101452867,0.0935244918052,0.599489497953,314.963998266,2018.91082805
817,0.553571428571,882,-28.6262563575,107.592539526,32.7711743755,13698350.8889,0.856035192905,7.06867463626,0.593021823513,0.0249054161292,4147.87564555,333.745248715,543.064122945,0.997333459212,0.0901539965739,0.586657838793,303.533436528,1975.17887883
817.5,0.553571428571,882,-17.3771539054,118.757512447,32.7725126596,13698910.2917,0.734598766015,7.06867463626,0.581259084086,0.0243574348455,4067.17574775,527.720443555,318.882913936,0.99750821036,0.0871998142969,0.575197009599,293.611177684,1936.75035607
818,0.553571428571,882,-2.26155272583,123.523803174,32.7809908562,13702454.1779,0.693742740439,7.06867463626,0.577353011619,0.0241730722296,4042.34276828,608.634838188,41.0591772712,0.997657401166,0.0862267087918,0.571389352488,290.484864154,1924.92512775
818.5,0.553571428571,882,13.357254605,120.830889533,32.8066445108,13713177.4055,0.74550397836,7.06867463626,0.582440340947,0.024406644563,4083.81629592,568.814703136,-246.434758383,0.997706247973,0.0874870093271,0.576349250247,295.192107264,1944.67442663
819,0.553571428571,882,26.0040097681,111.277957514,32.842884119,13728325.5618,0.83670972887,7.06867463626,0.591317898532,0.024818210067,4154.27161061,403.446026727,-493.05552062,0.997644248886,0.0897129973515,0.584999469043,303.371995329,1978.22457648
819.5,0.553571428571,882,32.8647500736,96.9905795611,32.8815946188,13744506.5507,0.962955764655,7.06867463626,0.603588514427,0.0253878946873,4249.10951997,137.48505505,-646.357277475,0.997532355664,0.0928365525793,0.596946408357,314.675036823,2023.3854857
820,0.553571428571,882,32.4129284352,81.1477646747,32.9150466662,13758489.5065,1.06555394813,7.06867463626,0.613557124849,0.0257567596271,4326.795875,-179.468688982,-657.134108906,0.997371844063,0.0955056856723,0.606625436429,324.38123459,2060.37898809
820.5,0.553571428571,882,24.7490772991,67.2746139121,32.9379589354,13768066.835,1.20326584014,7.06867463626,0.627082296697,0.0260250117258,4426.2193124,-480.158053376,-522.916034644,0.997236529343,0.0993944230319,0.619701748211,338.059332604,2107.7234821
821,0.553571428571,882,11.5784397004,58.4579687702,32.9325008428,13765785.3523,1.31116829555,7.06867463626,0.637624407566,0.026235197351,4497.44539365,-686.867114195,-252.134981604,0.997047957331,0.102474564333,0.629882635392,348.419977998,2141.64066364
821.5,0.553571428571,882,-4.16845535754,56.6595743889,32.8889633172,13747586.6666,1.39105916231,7.06867463626,0.645418270479,0.0263908185713,4539.11781708,-740.385544826,92.5682271416,0.996894581347,0.104777699807,0.637403210532,355.309462914,2161.4846748
822,0.553571428571,882,-18.9878494321,62.2795820027,32.8304490609,13723127.7075,1.33448750838,7.06867463626,0.639754942391,0.0262806213714,4484.19199434,-603.663813186,413.495842433,0.996777808966,0.103115549204,0.631936896284,348.42984734,2135.32952111
822.5,0.553571428571,882,-29.5823574253,74.067513403,32.7950776749,13708342.4681,1.20768766519,7.06867463626,0.627282809505,0.0260336250985,4389.2508131,-333.985017643,620.120663932,0.99686078039,0.0994737597524,0.619892284076,335.400268487,2090.11943481
823,0.553571428571,882,-33.5946513249,89.400498239,32.7756184856,13700208.527,1.00626992489,7.06867463626,0.607522307523,0.025583349624,4248.81964152,-11.8445857982,663.742387185,0.997041769495,0.0938663781985,0.600771974179,316.118125242,2023.24744834
823.5,0.553571428571,882,-30.1319768086,104.866875045,32.7710085489,13698281.5734,0.881228471028,7.06867463626,0.595472384297,0.0250191006737,4164.7067856,283.976951585,575.560559522,0.997315253479,0.0907749930928,0.589044324722,305.621135011,1983.19370743
824,0.553571428571,882,-19.9647952928,117.025302013,32.7714387929,13698461.4154,0.760828999163,7.06867463626,0.583803719172,0.0244757986446,4084.44529363,499.510175258,369.010432918,0.997476503518,0.0878345140595,0.57767719825,295.728898799,1944.97394935
824.5,0.553571428571,882,-5.35535263258,123.170471781,32.7782063525,13701290.2553,0.692291727715,7.06867463626,0.577192848711,0.0241665245417,4040.55052477,601.848560002,97.1680864683,0.997625684555,0.0861881670632,0.571233056965,290.305697898,1924.07167846
825,0.553571428571,882,10.4456812544,121.935055083,32.8007603014,13710717.806,0.738941572542,7.06867463626,0.581799946219,0.0243770317388,4077.93003034,587.901533316,-192.29752415,0.997707970388,0.0873276030258,0.575725027115,294.548561408,1941.87144302
825.5,0.553571428571,882,23.9225017806,113.593937962,32.8351789011,13725104.7807,0.8377784494,7.06867463626,0.591427042448,0.0248230326632,4153.07746012,447.284616902,-453.513400837,0.99765216928,0.0897402329811,0.585105819552,303.321721111,1977.65593339
826,0.553571428571,882,32.0764527968,100.003058331,32.8699838373,13739653.244,0.906371779515,7.06867463626,0.598058251278,0.0251325597306,4207.81784675,193.602031616,-620.816776525,0.9975310244,0.0914240730013,0.59156314655,309.668543692,2003.72278417
826.5,0.553571428571,882,33.0932417323,84.1864510281,32.9101463972,13756441.194,1.05539132644,7.06867463626,0.612597422335,0.0257369636272,4318.89112852,-117.486165949,-668.782203218,0.997444599074,0.0952287766213,0.605697509696,323.344425972,2056.6148231
827,0.553571428571,882,26.7466282518,69.6633857991,32.9331852269,13766071.4248,1.16492680097,7.06867463626,0.623302209467,0.0259503302472,4398.85022626,-424.842846651,-558.751499761,0.99725012888,0.0983025139048,0.616048439432,334.248635454,2094.69058394
827.5,0.553571428571,882,14.4487637975,59.6653131758,32.9359588704,13767230.8078,1.28736736108,7.06867463626,0.635306853929,0.0261888349743,4482.41248939,-656.322488195,-312.614027034,0.997101260623,0.10179339138,0.627645408808,346.176635084,2134.4821378
828,0.553571428571,882,-1.06401876948,56.4168514868,32.8997171821,13752081.7821,1.38490817081,7.06867463626,0.644832809495,0.0263788369163,4538.0638084,-745.016156572,23.6044328557,0.996928840189,0.104602578278,0.636838673335,354.947616078,2160.9827659
828.5,0.553571428571,882,-16.3400521404,60.6407987839,32.8406054866,13727373.0934,1.34080130574,7.06867463626,0.640384410938,0.0262929201596,4491.28151513,-640.891337458,356.692193131,0.996786897175,0.103299993038,0.632544561957,349.269086847,2138.7054834
829,0.553571428571,882,-27.9803468193,71.3973068652,32.7999563734,13710381.7641,1.23186661751,7.06867463626,0.62966541885,0.0260807238248,4406.86141122,-392.78558314,590.789557309,0.996851588448,0.100164913944,0.622194289483,337.831156203,2098.50543392
829.5,0.553571428571,882,-33.3948823226,86.2930019345,32.7797812311,13701948.5546,1.06500188541,7.06867463626,0.613278625121,0.0257556842517,4289.38015464,-74.4920864245,671.069802622,0.997007786831,0.0954460840562,0.606353092133,321.519828644,2042.5619784
830,0.553571428571,882,-31.3788989555,102.013521563,32.770656835,13698134.557,0.899249259166,7.06867463626,0.59718631713,0.0251004193922,4176.41442044,230.576273064,602.25717632,0.997237269221,0.0912129344906,0.590712898964,307.089003817,1988.76877164
830.5,0.553571428571,882,-22.3809625284,115.060975965,32.7705613436,13698094.6416,0.781351664263,7.06867463626,0.585795696157,0.0245684070707,4097.95111554,465.806778948,415.993538314,0.997453663326,0.0883329024402,0.579618411206,297.390990426,1951.40529311
831,0.553571428571,882,-8.4031563477,122.532244979,32.774165959,13699601.3708,0.681365269204,7.06867463626,0.576110557,0.024117218951,4032.09049309,588.298800713,151.958981149,0.997600674467,0.0859217412118,0.570177576307,289.336958374,1920.04309195
831.5,0.553571428571,882,7.44439176563,122.764936002,32.7952558144,13708416.9304,0.727236575264,7.06867463626,0.580663449041,0.0243242129957,4068.71719985,601.023467944,-136.55616954,0.997720913324,0.0870447330555,0.574617196782,293.495933775,1937.48438088
832,0.553571428571,882,21.6355275892,115.707274183,32.8278902843,13722058.1389,0.821820802665,7.06867463626,0.589875779073,0.0247510238602,4140.5128326,485.008842902,-408.188831177,0.997666253129,0.089349086833,0.583594712622,301.865589914,1971.67277743
832.5,0.553571428571,882,31.0126564501,102.929622574,32.8649740077,13737559.1352,0.90941865031,7.06867463626,0.598367889566,0.0251463087201,4208.67959892,250.380979622,-600.557306146,0.997550853577,0.0915021582471,0.591864700031,309.838562646,2004.13314234
833,0.553571428571,882,33.4893229362,87.2750689417,32.9018658506,13752979.9255,1.02254823373,7.06867463626,0.609355987668,0.0256568054131,4294.34156741,-54.5178873416,-670.023239456,0.997440715176,0.0943245803701,0.602557768939,320.11312536,2044.92455591
833.5,0.553571428571,882,28.5144570699,72.2268253256,32.9320835843,13765610.9383,1.15522781263,7.06867463626,0.622371004898,0.0259314373692,4392.13128328,-370.244852652,-594.003668435,0.997293783578,0.098032039899,0.615148621339,333.306668672,2091.49108728
834,0.553571428571,882,17.1949899773,61.1331969266,32.940282428,13769038.0549,1.27560600685,7.06867463626,0.634153291368,0.0261659247672,4475.63246845,-622.655470875,-370.895057336,0.997114646572,0.101455809262,0.626531540578,345.119184437,2131.25355641
834.5,0.553571428571,882,2.04955649058,56.462568402,32.9103514838,13756526.9202,1.37885484512,7.06867463626,0.644245698644,0.0263670455067,4536.95981182,-743.241519374,-45.4213518304,0.996945679875,0.104428143876,0.636272350552,354.584824876,2160.45705325
835,0.553571428571,882,-13.5519129849,59.2541766341,32.8498897766,13731253.9266,1.34149013602,7.06867463626,0.640458185455,0.0262942619476,4494.32777708,-671.677441087,296.056935188,0.996795825151,0.103321151729,0.632615851155,349.538177251,2140.15608432
835.5,0.553571428571,882,-26.1380178848,68.8868756207,32.8061707614,13712979.3783,1.24306682657,7.06867463626,0.630771138685,0.0261025409645,4416.09999637,-447.39109304,553.869535426,0.996850584578,0.100486144345,0.623262470262,339.043021773,2102.90476018
836,0.553571428571,882,-32.9082904888,83.2173443912,32.7821515433,13702939.3451,1.10040053648,7.06867463626,0.616766056426,0.0258246380821,4313.86709321,-137.73884463,668.285428619,0.996991961006,0.0964415540323,0.609726419755,324.92015535,2054.22242534
836.5,0.553571428571,882,-32.3563132011,99.0569860346,32.7716621052,13698554.76,0.919339831354,7.06867463626,0.599120355922,0.0251910780012,4189.98289966,174.783490682,624.418470481,0.997189568797,0.0917069418408,0.592595670006,308.771134263,1995.22995222
837,0.553571428571,882,-24.6049035725,112.881405555,32.7691033766,13697485.2114,0.794015934799,7.06867463626,0.587018089482,0.0246255545297,4106.00658675,426.735068316,458.878069422,0.997428041913,0.0886398384269,0.580809464764,298.397800631,1955.24123178
837.5,0.553571428571,882,-11.3787868156,121.614604388,32.7746668327,13699810.7361,0.70296444031,7.06867463626,0.578212407356,0.0242146851052,4046.70723643,575.181403648,207.020353381,0.997585155524,0.0864416306647,0.572227038407,291.096556055,1927.00344592
838,0.553571428571,882,4.37916369172,123.31340459,32.7893571773,13705951.3001,0.711918444617,7.06867463626,0.579151378296,0.0242550900059,4056.81876141,608.238284543,-79.9550524597,0.997695281571,0.0866705126939,0.57314295826,292.129029516,1931.81845782
838.5,0.553571428571,882,19.1627296172,117.599815101,32.822659694,13719871.7521,0.811566274607,7.06867463626,0.588884387608,0.0247047503524,4132.34361878,519.093078204,-360.409671852,0.997684600673,0.0890992324354,0.582628932888,300.925539567,1967.78267561
839,0.553571428571,882,29.682497795,105.74513654,32.8575353899,13734449.793,0.88759482358,7.06867463626,0.596242778859,0.0250478288086,4192.06813566,302.964516914,-571.144212228,0.997563541003,0.0909615400674,0.589795594505,307.86854458,1996.22292175
839.5,0.553571428571,882,33.5977701745,90.3870908139,32.8926284663,13749118.6989,0.978454149092,7.06867463626,0.605064272658,0.0254578310714,4262.18909993,7.649374285,-663.931847512,0.997468449859,0.0932176874658,0.598382267412,316.179005482,2029.61385711
840,0.553571428571,882,30.0373801794,74.9429155559,32.9269664307,13763471.968,1.12769066607,7.06867463626,0.61968565875,0.0258777971407,4372.23820261,-311.089502913,-620.592499399,0.997351684859,0.0972575816842,0.612552804949,330.570773186,2082.01819172
840.5,0.553571428571,882,19.7935313811,62.8490126245,32.9416071606,13769591.7931,1.26338982596,7.06867463626,0.632970247561,0.0261421285931,4467.83220987,-583.688639908,-425.518941578,0.99715243496,0.101108689875,0.625389301169,343.966063163,2127.53914756
841,0.553571428571,882,5.14552846669,56.7963324797,32.9188084786,13760061.944,1.36075119427,7.06867463626,0.642468485056,0.0263317809971,4527.05825951,-732.519859058,-113.517634306,0.99696310818,0.10390287622,0.634557569724,352.982625723,2155.74202834
841.5,0.553571428571,882,-10.6473788077,58.1316250096,32.8615185173,13736114.7402,1.36089880352,7.06867463626,0.642392409991,0.0263320685285,4510.78351549,-700.521984624,234.04779615,0.996822431788,0.103888872234,0.634482851205,351.707664962,2147.99215024
842,0.553571428571,882,-24.0711940641,66.5577813266,32.8113793909,13715156.5854,1.2872330093,7.06867463626,0.635115788359,0.0261885732674,4447.24201508,-503.171561901,516.672098439,0.996822215419,0.10175384651,0.627458413533,343.429310279,2117.7342929
842.5,0.553571428571,882,-32.1390550758,80.1999418964,32.7847529314,13704026.7253,1.11718382853,7.06867463626,0.61838510738,0.025857330635,4325.62802679,-200.009461631,655.926223609,0.996929032885,0.096908193426,0.611291701746,326.544123746,2059.8228699
843,0.553571428571,882,-33.0558247045,96.0226616299,32.7741981776,13699614.8383,0.968819973645,7.06867463626,0.603940153105,0.0254143569018,4223.80648978,117.807883116,646.597297408,0.997166768823,0.0929403224401,0.597286944888,312.972277988,2011.3364237
843.5,0.553571428571,882,-26.6175173824,110.505310736,32.7673674396,13696759.5898,0.798726833372,7.06867463626,0.587440810907,0.0246468124365,4108.48128027,382.847301704,496.966119601,0.99736422805,0.0887479991934,0.581221097623,298.730260955,1956.41965727
844,0.553571428571,882,-14.2566868641,120.425431462,32.7729561457,13699095.6689,0.70931337327,7.06867463626,0.578829507425,0.0242433346342,4050.53918211,554.467870875,259.811428511,0.997579366052,0.0865946066448,0.57282869345,291.581269604,1928.82818196
844.5,0.553571428571,882,1.27632374309,123.575750144,32.7851603615,13704197.0311,0.702034192551,7.06867463626,0.578180930791,0.0242104873667,4049.08454756,611.173821803,-23.2327098155,0.997687711505,0.0864304616224,0.572196742155,291.245351393,1928.13549884
845,0.553571428571,882,16.5253462959,119.255306011,32.8155976558,13716919.8201,0.778500951421,7.06867463626,0.585659625616,0.0245555432429,4108.28932113,545.000869949,-307.852808104,0.997696389373,0.0882905762286,0.579486795303,298.066064183,1956.32824816
845.5,0.553571428571,882,28.0974013329,108.425418268,32.8509983797,13731717.3227,0.867973389196,7.06867463626,0.594349484424,0.0249592871817,4177.30217994,352.521480765,-537.569208994,0.997604158756,0.0904801938141,0.587952047517,306.117538843,1989.19151426
846,0.553571428571,882,33.4176520128,93.4957880304,32.8888278733,13747530.051,0.983976980499,7.06867463626,0.605618974618,0.0254827528212,4265.04886566,69.1699003161,-661.223059981,0.997493218143,0.0933593253025,0.59892215645,316.586244768,2030.97565032
846.5,0.553571428571,882,31.3023174588,77.7883284637,32.9205552361,13760792.0887,1.09343976933,7.06867463626,0.616296208764,0.0258110790468,4347.14763797,-249.689037021,-640.03076725,0.997344477021,0.0962880728818,0.609274844187,327.148055076,2070.0703038
847,0.553571428571,882,22.2220695891,64.7980234272,32.9410297597,13769350.4396,1.23956885622,7.06867463626,0.630645947762,0.0260957271892,4451.63964722,-538.132128638,-474.502846082,0.997198990165,0.100429757286,0.623144575726,341.644395761,2119.82840344
847.5,0.553571428571,882,8.19730639441,57.4152770784,32.9263115996,13763198.2486,1.34566280479,7.06867463626,0.640999621169,0.0263023899832,4519.00636087,-716.185589052,-180.17009759,0.996996909355,0.103468419544,0.633140281624,351.666928468,2151.90779089
848,0.553571428571,882,-7.65139614706,57.2827853111,32.8738609082,13741273.8596,1.37369808076,7.06867463626,0.643670932876,0.0263570005292,4522.95182355,-722.323986364,168.925962028,0.996844499162,0.104264562175,0.635716809893,353.244733444,2153.78658264
848.5,0.553571428571,882,-21.7976269473,64.4300281685,32.8189934042,13718339.243,1.31268804993,7.06867463626,0.637618135747,0.0262381577149,4466.43778677,-553.054048765,471.461834847,0.996803418342,0.102487110923,0.629874368464,346.064705841,2126.87513656
849,0.553571428571,882,-31.0937829128,77.2667103948,32.7873955573,13705131.343,1.15910108089,7.06867463626,0.622503125071,0.0259389821957,4354.50231477,-263.09196091,642.451760096,0.996892385584,0.0980924446879,0.615272983167,330.587892453,2073.57253085
849.5,0.553571428571,882,-33.471425483,92.9366096327,32.7753561628,13700098.8761,0.991159597757,7.06867463626,0.606087483239,0.0255151643465,4238.88085511,57.7887696837,658.675391062,0.997109305698,0.0934942339163,0.599376250092,314.859797721,2018.51469291
850,0.553571428571,882,-28.4015179685,107.953099373,32.7709657733,13698263.6933,0.850452451051,7.06867463626,0.592477344295,0.0248802240338,4144.07339831,340.061203401,537.971420883,0.997335084016,0.0900163935625,0.586127527029,303.066291868,1973.36828491
