time,root_dist,x,y,z,rel_vel_mag,Re,alpha_deg,alpha_geom_deg,cl,cd,fx,fy,fz,end_effect_factor,c_ref_t,c_ref_n,f_ref_t,f_ref_n
0.5,0.105952380952,1764,3.33712873794,96.4700828269,12.1684473583,3577523.52333,36.2651404602,36.2651404602,0,1.1,247.922380167,-152.769365173,78.7951332985,0.368450173245,-0.626757583948,0.90397728454,-204.634345535,295.145690675
1,0.105952380952,1764,5.93173058747,94.2205416996,12.116716325,3562314.59956,36.0880655889,36.2651404602,0,1.1,245.290996555,-99.248437064,139.48801642,0.397241433801,-0.629548363815,0.9020359514,-203.801592888,292.013091137
1.5,0.105952380952,1764,7.20649439599,91.031910132,12.0472356974,3541887.29502,35.8443589378,36.2651404602,0,1.1,241.763896045,-24.1344364175,168.546344682,0.397578151692,-0.63337945233,0.899350026055,-202.697026734,287.814161959
2,0.105952380952,1764,6.87777920191,87.6136736917,11.982176942,3522760.02095,35.6089449961,36.2651404602,0,1.1,238.465689383,55.532146811,160.052647889,0.398045972204,-0.637069298614,0.896740045254,-201.681808568,283.887725457
2.5,0.105952380952,1764,5.01872568675,84.7264061134,11.9202630168,3504557.32695,35.3831034012,36.2651404602,0,1.1,235.34495243,122.129651219,116.227231535,0.398502753515,-0.640599002227,0.894221962572,-200.708852442,280.172562417
3,0.105952380952,1764,2.04298202846,83.0125380551,11.8604389456,3486969.05,35.1650586713,36.2651404602,0,1.1,232.351766472,161.050322194,47.0876144321,0.398945509723,-0.643997404973,0.891777630572,-199.753425496,276.6092458
3.5,0.105952380952,1764,-1.38733476973,82.8534132457,11.8024472897,3469919.50316,34.9564805337,36.2651404602,0,1.1,229.478758299,163.932230272,-31.8234271486,0.399377244468,-0.647239535787,0.889427334477,-198.800636519,273.188997975
4,0.105952380952,1764,-4.50896303636,84.284437706,11.7462886399,3453408.86012,34.7572608328,36.2651404602,0,1.1,226.723632619,130.481632233,-102.935953875,0.399794189472,-0.650328191226,0.887171484943,-197.852941586,269.909086452
4.5,0.105952380952,1764,-6.62732575458,86.9872017421,11.691798863,3437388.86572,34.5647689031,36.2651404602,0,1.1,224.070563204,68.4550123937,-150.582159121,0.400196067624,-0.653305072737,0.884981628021,-196.918851944,266.750670481
5,0.105952380952,1764,-7.27107722537,90.3603276047,11.638217179,3421635.85062,34.3651490617,36.2651404602,0,1.1,221.449133614,-8.15051778432,-164.469897565,0.400587780233,-0.656384398232,0.882700131277,-196.037771945,263.629920969
5.5,0.105952380952,1764,-6.29697970932,93.6532788753,11.5905401333,3407618.7992,34.1835060921,36.2651404602,0,1.1,219.119587946,-82.3095757123,-141.873025805,0.400997561955,-0.659179490897,0.880614784557,-195.262853051,260.856652317
6,0.105952380952,1764,-3.92177449945,96.1333583603,11.5437472049,3393861.67824,33.9962756259,36.2651404602,0,1.1,216.821089468,-137.670733573,-88.0290275789,0.40137361856,-0.662053628784,0.878456027707,-194.533938431,258.120344605
6.5,0.105952380952,1764,-0.673955960927,97.2487366736,11.5007866089,3381231.26301,33.8147560915,36.2651404602,0,1.1,214.69534296,-162.176047438,-15.0784224635,0.401764436876,-0.664833350061,0.876354161653,-193.89940727,255.589694
7,0.105952380952,1764,2.72382095856,96.7512368782,11.4629011194,3370092.9291,33.6419528396,36.2651404602,0,1.1,212.794220514,-150.64783617,60.7796380016,0.402146453163,-0.667473393962,0.874345051083,-193.388945417,253.326452993
7.5,0.105952380952,1764,5.51553486406,94.7515550258,11.4290770623,3360148.65631,33.4756661217,36.2651404602,0,1.1,211.070698717,-105.802193042,122.813622329,0.402512999738,-0.67000814788,0.87240419633,-192.979421414,251.27464133
8,0.105952380952,1764,7.08001624058,91.6946297628,11.3965021444,3350571.63046,33.3116868436,36.2651404602,0,1.1,209.407082212,-37.6589489027,157.335823837,0.40286838944,-0.672502202368,0.870483077268,-192.595199444,249.29414549
8.5,0.105952380952,1764,7.06916060079,88.2606413825,11.3672525266,3341972.24281,33.1640395404,36.2651404602,0,1.1,207.918106901,38.5829232669,156.81003232,0.403221425984,-0.67474314231,0.868747196776,-192.246343923,247.521555835
9,0.105952380952,1764,5.48538337576,85.2136685007,11.3384040351,3333490.78632,33.0463321141,36.2651404602,0,1.1,206.533601699,105.912670083,121.381396137,0.403541505951,-0.676526455911,0.867359184221,-191.777315785,245.873335355
9.5,0.105952380952,1764,2.68108247015,83.2316769589,11.3054379978,3323798.77134,32.9460543893,36.2651404602,0,1.1,205.05374994,149.234725024,59.1151756163,0.403798186083,-0.678043450627,0.866173815733,-191.091295293,244.111607072
10,0.105952380952,1764,-0.719771934141,82.755669226,11.2702743435,3313460.657,32.8655632538,36.2651404602,0,1.1,203.555863641,159.02285319,-15.7999669237,0.404017917205,-0.679259612727,0.865220421926,-190.245048712,242.328409097
10.5,0.105952380952,1764,-3.96047368727,83.8915592683,11.2352581942,3303165.90911,32.7977628537,36.2651404602,0,1.1,202.104880861,133.457378408,-86.5285362951,0.404194999499,-0.680282987027,0.864416021116,-189.349567864,240.601048644
11,0.105952380952,1764,-6.31995135988,86.3866061924,11.2024691882,3293525.94132,32.7205399969,36.2651404602,0,1.1,200.713650997,78.6197513652,-137.508677718,0.404344652867,-0.681447422748,0.863498355545,-188.568203407,238.944822615
11.5,0.105952380952,1764,-7.27321003804,89.6856502863,11.1689227364,3283663.28449,32.6054471742,36.2651404602,0,1.1,199.196673347,6.81596994859,-157.703280425,0.404515652702,-0.683180597938,0.862127757703,-187.917268515,237.138896841
12,0.105952380952,1764,-6.60814516849,93.0546386746,11.1469340228,3277198.60269,32.4981454321,36.2651404602,0,1.1,198.118309781,-66.128265558,-143.056258072,0.404771598869,-0.684793964822,0.860846807361,-187.620106956,235.855130692
12.5,0.105952380952,1764,-4.4727368224,95.7439555463,11.1255714498,3270918.00625,32.3698965939,36.2651404602,0,1.1,197.007757125,-124.219957117,-96.7283210665,0.405011397326,-0.686719136634,0.859311833609,-187.427105416,234.533044197
13,0.105952380952,1764,-1.34212343141,97.1552152095,11.1083262493,3265847.91731,32.2377650295,36.2651404602,0,1.1,196.035014792,-154.70555312,-29.0185468544,0.405299507491,-0.688698994334,0.857725885819,-187.385203814,233.37501761
13.5,0.105952380952,1764,2.08711875506,96.9744057311,11.0965991378,3262400.14651,32.1122268217,36.2651404602,0,1.1,195.276701746,-150.888243506,45.1539091759,0.40559805633,-0.69057666435,0.856214850756,-187.499574989,232.472263984
14,0.105952380952,1764,5.05196717172,95.241758073,11.0892871344,3260250.41752,31.9951718293,36.2651404602,0,1.1,194.697681078,-113.540397253,109.429384492,0.405883330039,-0.692324464639,0.854802220202,-187.726476974,231.782953664
14.5,0.105952380952,1764,6.89272905802,92.3427945136,11.0813926626,3257929.44281,31.8843240732,36.2651404602,0,1.1,194.115562722,-50.7954033267,149.445011287,0.40615075837,-0.693976918176,0.853461210037,-187.906718358,231.089955622
15,0.105952380952,1764,7.19982620972,88.9225481218,11.0727837982,3255398.43668,31.7940324802,36.2651404602,0,1.1,193.565477963,23.3697129365,156.162771738,0.406405285757,-0.695321013121,0.85236652252,-187.978244054,230.435092813
15.5,0.105952380952,1764,5.90492806173,85.7420398562,11.0656511545,3253301.43944,31.7708651867,36.2651404602,0,1.1,193.252403598,92.281060134,127.975134373,0.406613536965,-0.695665606881,0.852085302891,-187.829186001,230.062385236
16,0.105952380952,1764,3.29615556116,83.5089478113,11.0471735332,3247869.01876,31.7735055959,36.2651404602,0,1.1,192.614796313,140.200631959,71.1938649194,0.406667104958,-0.695626338785,0.852117360925,-187.191861707,229.303328944
16.5,0.105952380952,1764,-0.0460271026874,82.7201455024,11.029767878,3242751.75612,31.8365263193,36.2651404602,0,1.1,192.180607994,156.531646554,-0.989676122261,0.406660996965,-0.694688658004,0.852881978026,-186.3509228,228.786438088
17,0.105952380952,1764,-3.37796851903,83.5511451649,10.9948030256,3232472.08952,31.8396017228,36.2651404602,0,1.1,190.97244587,137.776641923,-72.1686517951,0.406515424266,-0.694642877781,0.852919264848,-185.159111273,227.348149845
17.5,0.105952380952,1764,-5.95829600299,85.8170454532,10.968395043,3224708.14263,31.841872826,36.2651404602,0,1.1,190.062304595,88.9336798978,-126.679165058,0.406508330719,-0.694609069027,0.85294679859,-184.261758163,226.264648327
18,0.105952380952,1764,-7.21287451566,89.0136728629,10.9437563414,3217464.36438,31.7813717682,36.2651404602,0,1.1,189.046565351,20.9032243709,-152.86240101,0.406503092944,-0.69550934452,0.852212855855,-183.672608271,225.055434942
18.5,0.105952380952,1764,-6.86255441899,92.429762714,10.9337895824,3214534.13724,31.7135385178,36.2651404602,0,1.1,188.519923317,-51.4747219039,-145.383776873,0.406642804574,-0.696517803211,0.85138883585,-183.604042456,224.428480139
19,0.105952380952,1764,-4.98528358728,95.3052188979,10.9292771584,3213207.48458,31.623361335,36.2651404602,0,1.1,188.121579741,-112.514652673,-105.729369909,0.406799893391,-0.697856931289,0.850291540269,-183.805231906,223.954261597
19.5,0.105952380952,1764,-1.99876363735,97.0002388475,10.927111787,3212570.86537,31.5100378269,36.2651404602,0,1.1,187.741421296,-148.761663452,-42.4756083353,0.40700945777,-0.69953732991,0.848909608888,-184.174822889,223.50169202
20,0.105952380952,1764,1.43249065185,97.1376726271,10.9301393873,3213460.97987,31.3992324092,36.2651404602,0,1.1,187.545764133,-152.122217883,30.5300714168,0.407274000537,-0.701177743472,0.84755517346,-184.709025456,223.268766825
20.5,0.105952380952,1764,4.54500901268,95.6869405725,10.9372041933,3215538.03282,31.3007660919,36.2651404602,0,1.1,187.521020296,-121.612033119,97.1924674669,0.407533950501,-0.702633282945,0.846348905415,-185.331803677,223.239309876
21,0.105952380952,1764,6.6462414253,92.97083741,10.942496514,3217093.97512,31.2131203023,36.2651404602,0,1.1,187.463947493,-63.7082858652,142.525688961,0.407766024464,-0.703927126715,0.845273092127,-185.852808922,223.171366063
21.5,0.105952380952,1764,7.26865376451,89.5937089077,10.9415548652,3216817.13036,31.13749784,36.2651404602,0,1.1,187.225505103,8.72503085472,156.093080975,0.407973447607,-0.70504215621,0.84434327022,-186.115165973,222.887506075
22,0.105952380952,1764,6.27375634836,86.3069820903,10.9486514351,3218903.52191,31.1757065148,36.2651404602,0,1.1,187.572798022,79.3463922748,134.794887116,0.408153063571,-0.704478934668,0.844813251914,-186.207798029,223.300950026
22.5,0.105952380952,1764,3.88291854577,83.8419691811,10.9394795329,3216206.98266,31.2410688567,36.2651404602,0,1.1,187.436677891,131.906096923,83.1727942099,0.40806223651,-0.703514723591,0.845616363187,-185.641515436,223.138902251
23,0.105952380952,1764,0.62811304754,82.747147182,10.9210391964,3210785.52375,31.3382329538,36.2651404602,0,1.1,187.068585095,154.518223108,13.3816188543,0.40790721702,-0.702079688197,0.846808190455,-184.638785207,222.700696541
23.5,0.105952380952,1764,-2.76645056714,83.2661191532,10.8961946997,3203481.24172,31.428952816,36.2651404602,0,1.1,186.462645064,142.53690056,-58.5578061689,0.407677600165,-0.700738006226,0.847918773604,-183.448420451,221.979339362
24,0.105952380952,1764,-5.54546587881,85.2834113825,10.8702674406,3195858.62755,31.4735949896,36.2651404602,0,1.1,185.695770983,99.268360929,-116.713445462,0.407464101218,-0.700077135207,0.848464498232,-182.4042469,221.066394028
24.5,0.105952380952,1764,-7.09058886951,88.3501668316,10.8470625344,3189036.38512,31.4459100324,36.2651404602,0,1.1,184.830062119,34.5956038076,-148.683641466,0.40735935501,-0.700487026129,0.848126126366,-181.732657623,220.035788237
25,0.105952380952,1764,-7.05802238407,91.7840179444,10.838831374,3186616.42395,31.3932366953,36.2651404602,0,1.1,184.409451764,-37.394152014,-147.940643073,0.407424289273,-0.701266432,0.847481794111,-181.658851474,219.535061623
25.5,0.105952380952,1764,-5.45501261917,94.8209166478,10.8437188741,3188053.34898,31.3335704418,36.2651404602,0,1.1,184.416648913,-101.267865176,-114.587644386,0.407548052839,-0.702148595893,0.846751055084,-182.051442837,219.543629658
26,0.105952380952,1764,-2.63823681031,96.7851386524,10.8490953224,3189634.02477,31.2301835333,36.2651404602,0,1.1,184.323051165,-142.979779995,-55.594224088,0.407688596023,-0.703675365094,0.84548269087,-182.628264028,219.432203768
26.5,0.105952380952,1764,0.765559135772,97.2396352953,10.8590806932,3192569.72381,31.1206407391,36.2651404602,0,1.1,184.368329516,-153.18892539,16.1990454694,0.407933002587,-0.705290541541,0.844135801879,-183.384562787,219.486106566
27,0.105952380952,1764,3.99901456231,96.0832789292,10.8716722381,3196271.63799,31.0196865027,36.2651404602,0,1.1,184.523804667,-129.291274661,84.993257118,0.408193183945,-0.706776799577,0.842891781654,-184.197435863,219.671196032
27.5,0.105952380952,1764,6.3426703818,93.573364301,10.8841872666,3199951.05639,30.9382492788,36.2651404602,0,1.1,184.728269261,-76.2505872223,135.343698663,0.408434084833,-0.707974127536,0.841886355003,-184.934523022,219.914606263
28,0.105952380952,1764,7.27505211728,90.2683592571,10.8856600473,3200384.05389,30.8595960203,36.2651404602,0,1.1,184.564782314,-5.73730535347,155.534770478,0.408629198764,-0.709129166602,0.840913684675,-185.28637171,219.719978945
28.5,0.105952380952,1764,6.58870043372,86.9036430124,10.9001839746,3204654.08852,30.9168416671,36.2651404602,0,1.1,185.213440226,66.2957145421,141.06984592,0.408818310911,-0.708288634896,0.841621773529,-185.560922614,220.492190746
29,0.105952380952,1764,4.43633181885,84.2278808057,10.8987217665,3204224.19935,31.0112949837,36.2651404602,0,1.1,185.420388856,123.310782189,94.7741251033,0.408680605612,-0.706900241619,0.842788258342,-185.147501232,220.738558162
29.5,0.105952380952,1764,1.29685844413,82.836442352,10.886750811,3200704.73844,31.1451305369,36.2651404602,0,1.1,185.375268963,152.274652018,27.5671220922,0.408454157458,-0.704929670182,0.844437185407,-184.226011107,220.684844004
30,0.105952380952,1764,-2.13117205285,83.0389292719,10.8634004304,3193839.72653,31.2630142606,36.2651404602,0,1.1,184.897555991,146.972910226,-44.9966062746,0.408134907373,-0.703190784393,0.845885761048,-182.984094218,220.116138084
30.5,0.105952380952,1764,-5.08500671342,84.7902872705,10.8352587206,3185566.06385,31.3272962219,36.2651404602,0,1.1,184.112280409,109.27862595,-106.662799935,0.407855269642,-0.70224131583,0.846674160667,-181.791487183,219.181286201
31,0.105952380952,1764,-6.90740338972,87.7008309302,10.8098256298,3178088.73515,31.3205531074,36.2651404602,0,1.1,183.231089916,48.0079078547,-144.230361221,0.407703396441,-0.702340955668,0.846591508339,-180.964740785,218.132249901
31.5,0.105952380952,1764,-7.1928702234,91.1229505552,10.7969100578,3174291.55699,31.2671129015,36.2651404602,0,1.1,182.651980614,-23.4181130478,-150.000770072,0.407719307526,-0.703130272343,0.845936061481,-180.735455191,217.442834064
32,0.105952380952,1764,-5.87788949715,94.2952083837,10.8066229615,3177147.15069,31.2350242451,36.2651404602,0,1.1,182.89554829,-89.7943466889,-122.881406478,0.407845573259,-0.703603930828,0.845542138822,-181.182751053,217.732795584
32.5,0.105952380952,1764,-3.25505062651,96.5117620825,10.8156620989,3179804.65709,31.1411279805,36.2651404602,0,1.1,182.951562219,-136.629153312,-68.2971529756,0.407921534193,-0.704988658975,0.844387938519,-181.843149935,217.799478833
33,0.105952380952,1764,0.0920523655244,97.2794179961,10.8305469158,3184180.79325,31.037519115,36.2651404602,0,1.1,183.178197181,-153.488191217,1.94094515373,0.408144427648,-0.706514425566,0.843111716481,-182.738646312,218.069282359
33.5,0.105952380952,1764,3.41867327193,96.427369062,10.8448440691,3188384.15632,30.9234530595,36.2651404602,0,1.1,183.355370789,-136.203127983,72.445504326,0.408391453714,-0.708191514968,0.841703497751,-183.656344889,218.28020332
34,0.105952380952,1764,5.98462324639,94.145200188,10.8593083992,3192636.66938,30.8320490305,36.2651404602,0,1.1,183.597798047,-88.2427792343,127.40030975,0.408664724249,-0.709533383876,0.840572648356,-184.495493263,218.568807199
34.5,0.105952380952,1764,7.21896631369,90.9407047155,10.8640149468,3194020.39435,30.7512728239,36.2651404602,0,1.1,183.538120167,-20.0764849808,154.06691003,0.408884699972,-0.710717726729,0.839571505539,-184.96367701,218.497762103
35,0.105952380952,1764,6.84705531786,87.5268980057,10.8782516247,3198205.97767,30.7924514143,36.2651404602,0,1.1,184.131377705,52.8743315778,146.388411817,0.40907983997,-0.710114141519,0.840082082903,-185.291269048,219.204021078
35.5,0.105952380952,1764,4.95164221011,84.6633681574,10.8844115704,3200017.00171,30.9059399152,36.2651404602,0,1.1,184.648250419,113.957286143,105.736300509,0.408980273201,-0.708448758681,0.841486991179,-185.066132042,219.819345737
36,0.105952380952,1764,1.95446534927,82.9872640718,10.8771627294,3197885.84244,31.0562561061,36.2651404602,0,1.1,184.809048309,149.082522452,41.5496358765,0.408706803079,-0.706238671556,0.843342717286,-184.243145778,220.010771797
36.5,0.105952380952,1764,-1.47758927274,82.8715268156,10.8559508574,3191649.55209,31.1913736758,36.2651404602,0,1.1,184.451986023,150.526969615,-31.2012165589,0.40834669677,-0.704247899603,0.845005855544,-183.007922769,219.585697647
37,0.105952380952,1764,-4.58087331046,84.3419084743,10.8252386511,3182620.16341,31.2646088421,36.2651404602,0,1.1,183.605040976,118.6205842,-96.0369527007,0.408025037949,-0.703167242529,0.845905331012,-181.694668316,218.577429733
37.5,0.105952380952,1764,-6.66489142451,87.0712421917,10.7973651333,3174425.34918,31.27433961,36.2651404602,0,1.1,182.686526933,61.0724610599,-138.980874705,0.407851497043,-0.703023568956,0.846024740473,-180.723261249,217.483960635
38,0.105952380952,1764,-7.26593975234,90.4522383391,10.7765785123,3168314.0826,31.2085152537,36.2651404602,0,1.1,181.809950038,-9.40708970407,-151.140098315,0.407828480913,-0.703995061796,0.845216512479,-180.276866683,216.440416712
38.5,0.105952380952,1764,-6.25028220532,93.7326093224,10.7889039446,3171937.75972,31.2019863635,36.2651404602,0,1.1,182.208772187,-77.8310180805,-130.328621431,0.407984368197,-0.704091370179,0.845136286311,-180.714195289,216.915204985
39,0.105952380952,1764,-3.84390737944,96.1824571214,10.7999433833,3175183.3547,31.119695226,36.2651404602,0,1.1,182.363185352,-129.400873624,-80.4542535857,0.407999854871,-0.705304471641,0.844124162836,-181.396201551,217.099030181
39.5,0.105952380952,1764,-0.582245026468,97.2566790427,10.8160767395,3179926.56141,31.01369982,36.2651404602,0,1.1,182.625393504,-152.675844939,-12.2500596835,0.408195435179,-0.706864867226,0.842817927836,-182.341074801,217.411182743
40,0.105952380952,1764,2.80896959186,96.7162556408,10.8326862355,3184809.75322,30.8975441514,36.2651404602,0,1.1,182.874869457,-142.08232953,59.423727228,0.408448404296,-0.708572057296,0.841383170511,-183.34325778,217.708177925
40.5,0.105952380952,1764,5.57517522357,94.6814336721,10.8482483775,3189385.02297,30.7966477768,36.2651404602,0,1.1,183.128411067,-99.5279696078,118.529046671,0.40872698714,-0.710052611715,0.840134089653,-184.254610236,218.010013175
41,0.105952380952,1764,7.10087806494,91.6049706249,10.8548853426,3191336.29072,30.7104607172,36.2651404602,0,1.1,183.119245164,-34.224443059,151.419342653,0.408970136885,-0.711315577892,0.839065044349,-184.808267043,217.999101386
41.5,0.105952380952,1764,7.04660203565,88.1713940416,10.8659847611,3194599.51976,30.7224310707,36.2651404602,0,1.1,183.526420745,39.0634037556,150.532299841,0.409178699679,-0.711140263154,0.839213635567,-185.140761276,218.48383422
42,0.105952380952,1764,5.42442380829,85.1446909112,10.8780791692,3198155.27576,30.843351566,36.2651404602,0,1.1,184.263733403,103.692926854,115.847286112,0.409149685237,-0.709367553284,0.840712599137,-185.090591823,219.361587384
42.5,0.105952380952,1764,2.59528569171,83.1983169599,10.8756431638,3197439.09014,31.0044572274,36.2651404602,0,1.1,184.617462678,144.711386603,55.2168321964,0.408857450742,-0.707000816083,0.842703889903,-184.390443242,219.782693664
43,0.105952380952,1764,-0.811315735558,82.7653495746,10.8569732726,3191950.14215,31.1516888646,36.2651404602,0,1.1,184.380191005,152.924765444,-17.1494490081,0.408470518972,-0.704833007558,0.844517869234,-183.194472332,219.500227387
43.5,0.105952380952,1764,-4.03739558396,83.9421260414,10.8276754905,3183336.5942,31.2459094603,36.2651404602,0,1.1,183.637868617,127.10899391,-84.714421957,0.408119311715,-0.70344327963,0.845675796239,-181.847837719,218.616510258
44,0.105952380952,1764,-6.36513586692,86.4668080443,10.7959775027,3174017.38581,31.2593027052,36.2651404602,0,1.1,182.599736839,73.6808598759,-132.737957571,0.407895754402,-0.703245578434,0.845840207376,-180.733869054,217.380639094
44.5,0.105952380952,1764,-7.27660338944,89.7776419267,10.7685057958,3165940.70397,31.1849342393,36.2651404602,0,1.1,181.475418436,4.62066427112,-151.209896683,0.407864051792,-0.70434286483,0.844926700231,-180.095808596,216.042164805
45,0.105952380952,1764,-6.56899232755,93.1379515294,10.7802070598,3169380.87558,31.192472431,36.2651404602,0,1.1,181.889967132,-65.3390030784,-136.780764743,0.408040323992,-0.704231694884,0.845019360678,-180.458925102,216.535675157
45.5,0.105952380952,1764,-4.39974948094,95.8000521123,10.7948338018,3173681.13773,31.133846949,36.2651404602,0,1.1,182.228263825,-121.246312968,-91.9738982037,0.40802243014,-0.70509595639,0.844298343172,-181.171023763,216.938409316
46,0.105952380952,1764,-1.25154161727,97.1716137361,10.8099046941,3178111.98006,31.024716846,36.2651404602,0,1.1,182.446442032,-150.679416389,-26.2955545873,0.408161750257,-0.706702794282,0.842953830618,-182.091273097,217.198145276
46.5,0.105952380952,1764,2.17514016089,96.9474574688,10.8271045391,3183168.7345,30.906117573,36.2651404602,0,1.1,182.709479395,-146.795891775,45.959495411,0.408422055755,-0.708446149469,0.841489187871,-183.121820863,217.511284994
47,0.105952380952,1764,5.11784299116,95.1774591372,10.8431153932,3187875.92559,30.7977061881,36.2651404602,0,1.1,182.958009439,-109.96699976,108.700778521,0.408706376058,-0.710037091997,0.840147206142,-184.076263277,217.807154094
47.5,0.105952380952,1764,6.92180161045,92.2554517209,10.8513128936,3190285.99072,30.7069680875,36.2651404602,0,1.1,182.989275177,-48.0671258829,147.514179202,0.40896758059,-0.711366724204,0.839021682494,-184.699922318,217.844375211
48,0.105952380952,1764,7.18562671507,88.8315956558,10.8579579289,3192239.63109,30.6853898368,36.2651404602,0,1.1,183.154943573,24.942062123,153.392401186,0.409187168213,-0.71168265898,0.838753714095,-185.008331632,218.041599492
48.5,0.105952380952,1764,5.85061597454,85.6677150696,10.8747018606,3197162.34702,30.8055472135,36.2651404602,0,1.1,184.046773596,92.5377494456,124.969350781,0.409239517738,-0.709922109767,0.840244368064,-185.120286733,219.1033019
49,0.105952380952,1764,3.21381557708,83.4677883197,10.876445668,3197675.02639,30.9693379435,36.2651404602,0,1.1,184.549722376,139.100199216,68.4366044598,0.408948646516,-0.707517216175,0.842270377501,-184.55235667,219.702050448
49.5,0.105952380952,1764,-0.138073948734,82.721309487,10.8616588681,3193327.70723,31.12793417,36.2651404602,0,1.1,184.475502402,154.06498875,-2.92255335218,0.408554631072,-0.705183082081,0.844225574563,-183.443697751,219.613693336
50,0.105952380952,1764,-3.45924136954,83.5943736335,10.8335966384,3185077.41169,31.2334144293,36.2651404602,0,1.1,183.805416485,134.588002471,-72.6817893132,0.408175821703,-0.703627687398,0.84552236962,-182.094503801,218.815972006
50.5,0.105952380952,1764,-6.01071126527,85.8927198677,10.8009622654,3175482.90603,31.2583497216,36.2651404602,0,1.1,182.76586968,85.7336711732,-125.465107451,0.407925347823,-0.703259646944,0.845828510385,-180.904424881,217.578416285
51,0.105952380952,1764,-7.22476954657,89.104955309,10.7716142402,3166854.58662,31.1954956994,36.2651404602,0,1.1,181.608102088,18.6059081825,-150.18624229,0.407866306941,-0.704187105623,0.845056518982,-180.159947173,216.200121533
51.5,0.105952380952,1764,-6.83128251805,92.5163424168,10.7775898736,3168611.42285,31.1941745129,36.2651404602,0,1.1,181.806161331,-52.3684392884,-142.168093428,0.408015255306,-0.70420659164,0.845040280869,-180.364883624,216.435906347
52,0.105952380952,1764,-4.91780289997,95.367831465,10.7933844614,3173255.03165,31.1548992637,36.2651404602,0,1.1,182.235224164,-112.131528326,-102.730638764,0.408018390634,-0.704785686396,0.844557361137,-181.042677133,216.946695434
52.5,0.105952380952,1764,-1.91008893496,97.0249526874,10.8083517289,3177655.4083,31.0549973217,36.2651404602,0,1.1,182.474812785,-147.462546925,-40.0951567557,0.408111679057,-0.706257199567,0.843327201067,-181.924177555,217.231919982
53,0.105952380952,1764,1.52262882967,97.1189887939,10.8254135575,3182671.5859,30.9391016495,36.2651404602,0,1.1,182.74090719,-150.270422237,32.1402496577,0.408349702459,-0.707961602988,0.84189688721,-182.939416973,217.548699036
53.5,0.105952380952,1764,4.6165544961,95.629016307,10.8405103286,3187110.0366,30.8240793612,36.2651404602,0,1.1,182.941228154,-119.435340496,97.9531285908,0.408627152944,-0.709650298121,0.840473946281,-183.887597378,217.787176374
54,0.105952380952,1764,6.68327500672,92.8865611347,10.8500585313,3189917.20821,30.732112085,36.2651404602,0,1.1,183.015024792,-61.4709718552,142.324167292,0.408903922201,-0.710998454789,0.83933378181,-184.561628138,217.875029515
54.5,0.105952380952,1764,7.26293529735,89.5018324915,10.851346362,3190295.83043,30.6759593808,36.2651404602,0,1.1,182.906409957,10.6235524231,154.883994956,0.409126231062,-0.711820701915,0.838636565101,-184.818933575,217.745726139
55,0.105952380952,1764,6.22655821854,86.2279484692,10.8714582108,3196208.71399,30.7877597042,36.2651404602,0,1.1,183.888741472,80.5526715645,132.968994473,0.409262412017,-0.710182929923,0.840023931829,-185.077841025,218.915168419
55.5,0.105952380952,1764,3.80474255984,83.7933637086,10.8764075999,3197663.83437,30.9432405587,36.2651404602,0,1.1,184.477800723,132.23795974,81.0634568923,0.408991608257,-0.707900784535,0.841948026457,-184.651115991,219.616429432
56,0.105952380952,1764,0.536353731202,82.7397848052,10.8658845083,3194570.04545,31.1052794278,36.2651404602,0,1.1,184.558077638,153.866311826,11.3669868234,0.408617220024,-0.705516833607,0.843946679298,-183.673348523,219.711997188
56.5,0.105952380952,1764,-2.85137633309,83.3016380355,10.8402238308,3187025.80627,31.2173885627,36.2651404602,0,1.1,183.987519431,140.958237735,-60.0034732618,0.408229770354,-0.703864155976,0.845325528972,-182.37862732,219.032761228
57,0.105952380952,1764,-5.60466171077,85.3539084051,10.806702541,3177170.54705,31.2457590404,36.2651404602,0,1.1,182.926753777,97.1093659636,-117.144729944,0.407963327676,-0.7034454998,0.84567394947,-181.144621847,217.769944973
57.5,0.105952380952,1764,-7.1108834156,88.4399560744,10.7781095771,3168764.21568,31.2019335564,36.2651404602,0,1.1,181.844212866,32.4644476618,-147.977181082,0.407896110561,-0.704092149104,0.84513563738,-180.352964288,216.481205792
58,0.105952380952,1764,-7.03490001203,91.8731208772,10.7758330073,3168094.90415,31.1800255231,36.2651404602,0,1.1,181.709485994,-38.980980551,-146.401283485,0.407999980149,-0.70441524987,0.84486635378,-180.359510635,216.32081666
58.5,0.105952380952,1764,-5.39361816587,94.8895074477,10.7911854692,3172608.52796,31.1569714057,36.2651404602,0,1.1,182.166473844,-102.093520398,-112.619414559,0.408051979309,-0.704755141928,0.844582849652,-180.961072171,216.864849814
59,0.105952380952,1764,-2.55223083126,96.8179555428,10.8043309658,3176473.30396,31.0668815503,36.2651404602,0,1.1,182.370744371,-142.975533545,-53.521405726,0.408106753158,-0.706082262361,0.843473674028,-181.743820848,217.108029013
59.5,0.105952380952,1764,0.857039904463,97.2293763633,10.8200468757,3181093.78146,30.9582887689,36.2651404602,0,1.1,182.611164286,-152.388542388,18.065605558,0.408321332307,-0.707679630207,0.842133921054,-182.685287683,217.394243198
60,0.105952380952,1764,4.07561521802,96.0322268355,10.8285644781,3183597.95657,30.8221170127,36.2651404602,0,1.1,182.532982252,-127.713834372,86.2886063664,0.408581121318,-0.709679083468,0.840449640662,-183.489988261,217.301169347
60.5,0.105952380952,1764,6.38734691723,93.4928783773,10.8402567289,3187035.4783,30.7377098804,36.2651404602,0,1.1,182.699625716,-74.2399485533,135.760898405,0.408908656273,-0.710916448518,0.839403242325,-184.20706877,217.499554423
61,0.105952380952,1764,7.27786379252,90.1763480012,10.842460066,3187683.25939,30.677254247,36.2651404602,0,1.1,182.610466927,-3.75441049628,154.94413333,0.409112673874,-0.711801748817,0.838652651806,-184.511443716,217.393413009
61.5,0.105952380952,1764,6.54902163776,86.8205793628,10.855342134,3191470.58739,30.7355271865,36.2651404602,0,1.1,183.202561455,67.7687722662,139.591204368,0.40925926791,-0.710948425233,0.839376159215,-184.728422774,218.098287446
62,0.105952380952,1764,4.362991271,84.1722468164,10.8576017456,3192134.9132,30.8488837125,36.2651404602,0,1.1,183.585606936,123.978701722,92.8175879039,0.409117959697,-0.709286375669,0.840781087615,-184.373299235,218.554293971
62.5,0.105952380952,1764,1.2061747623,82.820616848,10.852980784,3190776.35049,31.0137088665,36.2651404602,0,1.1,183.873765746,152.082070044,25.5506010478,0.40884411828,-0.706864734152,0.842818039444,-183.587444652,218.897340173
63,0.105952380952,1764,-2.21902132162,83.0664335026,10.8292276197,3183792.92019,31.1198241541,36.2651404602,0,1.1,183.353832847,145.909516322,-46.696938418,0.408448382655,-0.705302572174,0.844125749924,-182.380762041,218.278372436
63.5,0.105952380952,1764,-5.15047469237,84.8550014147,10.7941060367,3173467.17478,31.1379984762,36.2651404602,0,1.1,182.214718687,107.529013412,-107.643462498,0.4081951282,-0.705034778522,0.844349430671,-181.130879003,216.922284151
64,0.105952380952,1764,-6.93592314466,87.7883557855,10.7657702995,3165136.46806,31.1037293344,36.2651404602,0,1.1,181.168748722,46.0133038816,-144.302025284,0.4081518725,-0.70553966568,0.843927591771,-180.310180257,215.677081811
64.5,0.105952380952,1764,-7.17809597429,91.2138114284,10.7531464064,3161425.0435,31.0484964465,36.2651404602,0,1.1,180.598373458,-25.2232219195,-149.162137937,0.40823346363,-0.706352880339,0.843247062513,-180.094907259,214.99806364
65,0.105952380952,1764,-5.82310858413,94.3691883019,10.7655548907,3165073.13788,31.031484955,36.2651404602,0,1.1,180.970385626,-91.0344370726,-121.327664395,0.408365227725,-0.706603214768,0.84303730456,-180.574758235,215.440935269
65.5,0.105952380952,1764,-3.17245206118,96.5524001648,10.7743645897,3167663.18936,30.9448136749,36.2651404602,0,1.1,181.036657762,-136.993026133,-66.3274215849,0.408405875374,-0.707877667696,0.841967462303,-181.196639902,215.519830669
66,0.105952380952,1764,0.184090012687,97.2776720775,10.786671374,3171281.38395,30.842300018,36.2651404602,0,1.1,181.177225961,-152.828603625,3.8658267755,0.408613445197,-0.709382982742,0.84069957999,-181.997010947,215.687173763
66.5,0.105952380952,1764,3.49967119021,96.3836276176,10.7894924932,3172110.79299,30.6966491979,36.2651404602,0,1.1,180.882591256,-134.527744532,73.751618989,0.40885998534,-0.711517819294,0.838893552739,-182.640214799,215.336418162
67,0.105952380952,1764,6.03655901683,94.0691958955,10.7972668451,3174396.45247,30.6027902679,36.2651404602,0,1.1,180.891428326,-86.0430819234,127.642943558,0.409212195936,-0.712891095252,0.837726856625,-183.256527615,215.346938484
67.5,0.105952380952,1764,7.23028398234,90.8493488887,10.7934344628,3173269.73208,30.5096194346,36.2651404602,0,1.1,180.512658364,-17.9809923567,153.067464687,0.409440369187,-0.714252411407,0.836566490363,-183.476153522,214.896021862
68,0.105952380952,1764,6.81523665005,87.4405177469,10.8024785828,3175928.70334,30.536955534,36.2651404602,0,1.1,180.88893239,54.2455805863,144.441895806,0.409667808347,-0.713853200127,0.836907168489,-183.681041162,215.343967131
68.5,0.105952380952,1764,4.88376700954,84.6011834819,10.8057109144,3176879.00882,30.6236002619,36.2651404602,0,1.1,181.230458828,114.287707407,103.384609045,0.409600981068,-0.712586783403,0.837985725487,-183.464924372,215.750546224
69,0.105952380952,1764,1.8656361683,82.9631113631,10.8012724059,3175574.08733,30.7566704117,36.2651404602,0,1.1,181.438747406,148.434833373,39.3533858594,0.409389697856,-0.710638631171,0.83963845546,-182.813071082,215.998508817
69.5,0.105952380952,1764,-1.56760752226,82.8907801654,10.77991426,3169294.79243,30.8452496166,36.2651404602,0,1.1,180.958166772,149.095084709,-32.8759810163,0.409066778676,-0.709339702413,0.84073609806,-181.757974979,215.426389014
70,0.105952380952,1764,-4.65205114331,84.4002839215,10.7434770703,3158582.25866,30.83996665,36.2651404602,0,1.1,179.722937446,116.657846878,-96.9153189794,0.408852876076,-0.709417219605,0.840670689704,-180.551059869,213.955877912
70.5,0.105952380952,1764,-6.70139143708,87.1557509239,10.7160224279,3150510.59381,30.8061328189,36.2651404602,0,1.1,178.716424919,58.992500152,-138.993395019,0.408865609991,-0.709913521808,0.840251623952,-179.755120233,212.757648713
71,0.105952380952,1764,-7.25964051963,90.5440767646,10.6938364649,3143987.92067,30.7136506067,36.2651404602,0,1.1,177.734231938,-11.2594597691,-150.235473537,0.408947232692,-0.71126886262,0.839104644885,-179.353339485,211.588371355
71.5,0.105952380952,1764,-6.20258533633,93.8113429583,10.7030255577,3146689.51396,30.7010377474,36.2651404602,0,1.1,178.006586898,-79.0304061335,-128.614203333,0.409170966337,-0.71145356246,0.838948048727,-179.708358442,211.91260345
72,0.105952380952,1764,-3.76542565253,96.2305673622,10.7062723072,3147644.0583,30.615694756,36.2651404602,0,1.1,177.889415541,-129.499737373,-78.2627977118,0.40920155043,-0.712702399466,0.837887396847,-180.133042784,211.77311374
72.5,0.105952380952,1764,-0.490440996165,97.2634611329,10.7121764493,3149379.87609,30.5116071978,36.2651404602,0,1.1,177.810188872,-151.45709421,-10.2266353191,0.409408941889,-0.714223387966,0.836591269428,-180.716620603,211.678796276
73,0.105952380952,1764,2.8936690957,96.6802005333,10.7099816534,3148734.60611,30.3699528718,36.2651404602,0,1.1,177.361639752,-139.640714107,60.4883067357,0.409662946231,-0.716289536402,0.834822915379,-181.165148596,211.144809228
73.5,0.105952380952,1764,5.63392416174,94.6105637985,10.7116461398,3149223.96511,30.2669586321,36.2651404602,0,1.1,177.142846901,-96.6094918325,118.052926731,0.410010508427,-0.717789046463,0.83353397338,-181.60084084,210.884341549
74,0.105952380952,1764,7.12060452152,91.5150548664,10.7036470205,3146872.22403,30.1604482213,36.2651404602,0,1.1,176.594920119,-31.7673512388,149.303335405,0.410264585185,-0.719337309442,0.83219819469,-181.720840732,210.232047761
74.5,0.105952380952,1764,7.02291678099,88.0824390786,10.7023666935,3146495.80789,30.1354084242,36.2651404602,0,1.1,176.485964411,40.2177149166,147.294232913,0.41052855625,-0.719700933736,0.831883745471,-181.769207636,210.102338585
75,0.105952380952,1764,5.36259692329,85.0764896427,10.7044811501,3147117.45814,30.1892724023,36.2651404602,0,1.1,176.69922713,103.19111257,112.393861823,0.410590794626,-0.718918558776,0.832559971322,-181.643362298,210.356222773
75.5,0.105952380952,1764,2.50907394999,83.1660444899,10.6993382082,3145605.43321,30.2787174099,36.2651404602,0,1.1,176.767229268,142.835375965,52.4417404301,0.410456996791,-0.71761796568,0.833681267232,-181.140569304,210.4371777
76,0.105952380952,1764,-0.902729814744,82.77618668,10.6800246977,3139927.26112,30.3323428267,36.2651404602,0,1.1,176.271455747,150.275496014,-18.779301827,0.410235518863,-0.716837375766,0.834352549409,-180.290876084,209.846971127
76.5,0.105952380952,1764,-4.11367193671,83.993661415,10.6500100065,3131102.94191,30.3193219633,36.2651404602,0,1.1,175.247848094,124.280168574,-85.1180522911,0.410103154615,-0.717026969658,0.834189621598,-179.326353164,208.628390589
77,0.105952380952,1764,-6.40930264488,86.5475748225,10.6162437434,3121175.66055,30.2347147847,36.2651404602,0,1.1,173.91713075,71.1054710765,-132.004738815,0.410135265311,-0.718258013438,0.833129897514,-178.496964977,207.044203274
77.5,0.105952380952,1764,-7.27883327613,89.8696691201,10.5924097904,3114168.47839,30.1268508051,36.2651404602,0,1.1,172.855793367,2.67806064413,-149.566679415,0.410344365809,-0.719825174725,0.831776242647,-178.084111251,205.78070639
78,0.105952380952,1764,-6.52878916267,93.2207626534,10.5907024189,3113666.51117,30.0815228331,36.2651404602,0,1.1,172.681712804,-66.2198941758,-134.233960703,0.410612081069,-0.720482986174,0.831206512627,-178.189395273,205.573467624
78.5,0.105952380952,1764,-4.32605865836,95.8552213011,10.5902210444,3113524.98704,30.0042754661,36.2651404602,0,1.1,172.464076506,-120.561372466,-89.0752957748,0.410724965517,-0.721602981011,0.830234387265,-178.450168544,205.314376793
79,0.105952380952,1764,-1.16075969267,97.1868655849,10.5857636341,3112214.50842,29.8846929601,36.2651404602,0,1.1,172.005961787,-148.210647935,-23.9376880106,0.410917864127,-0.723334197306,0.828726516414,-178.727745346,204.769002128
79.5,0.105952380952,1764,2.26281378099,96.9193983693,10.5805003998,3110667.11755,29.7623632671,36.2651404602,0,1.1,171.514350344,-142.901342644,46.7322605522,0.411217783292,-0.725101924767,0.827180269771,-178.986414255,204.18375041
80,0.105952380952,1764,5.18290051265,95.1123323714,10.573496653,3108608.01598,29.6481173915,36.2651404602,0,1.1,170.98762452,-105.681215099,107.13998702,0.41152623888,-0.726749852109,0.825732797253,-179.155774243,203.556695857
80.5,0.105952380952,1764,6.94976742786,92.1677483015,10.5595653078,3104512.2005,29.5336108964,36.2651404602,0,1.1,170.237037651,-44.7946927476,143.611090081,0.41181582276,-0.728398639343,0.824278728467,-179.0893667,202.663140061
81,0.105952380952,1764,7.17027830209,88.7408300073,10.5457743564,3100457.66079,29.4574976618,36.2651404602,0,1.1,169.593193702,25.9907575691,148.003022728,0.412107540108,-0.729492990058,0.823310377353,-178.890247993,201.896659169
81.5,0.105952380952,1764,5.79536842547,85.5940829771,10.5450540561,3100245.89248,29.4817693207,36.2651404602,0,1.1,169.633659883,90.8874320454,119.549721705,0.412302266183,-0.729144153571,0.823619331556,-178.780279707,201.944833194
82,0.105952380952,1764,3.13096173224,83.4276732711,10.5385958093,3098347.16792,29.5243327203,36.2651404602,0,1.1,169.53731922,135.297521135,64.4537891397,0.412240098956,-0.728532109137,0.82416076463,-178.411476616,201.830141929
82.5,0.105952380952,1764,-0.230098717975,82.7236372699,10.5222819701,3093550.89921,29.5367920097,36.2651404602,0,1.1,169.045319272,149.290629885,-4.72098269649,0.412131242051,-0.728352873521,0.824319168547,-177.815781547,201.244427705
83,0.105952380952,1764,-3.53996111785,83.6386263053,10.493753297,3085163.46932,29.4765921099,36.2651404602,0,1.1,167.973730307,129.965125402,-72.3226637321,0.412099415905,-0.729218572323,0.823553443183,-177.063080114,199.968726556
83.5,0.105952380952,1764,-6.06216546784,85.969051,10.4614113265,3075654.93,29.3614231305,36.2651404602,0,1.1,166.64246671,82.0325070443,-123.369120137,0.412253353791,-0.730872504601,0.822085994296,-176.372460774,198.38388894
84,0.105952380952,1764,-7.23550940056,89.1963808649,10.4312046638,3066774.17116,29.2062777751,36.2651404602,0,1.1,165.282055422,16.3093432284,-146.843698818,0.412548999298,-0.733095864655,0.820103928308,-175.888844765,196.764351693
84.5,0.105952380952,1764,-6.79891835528,92.6025197787,10.4266507105,3065435.30888,29.1501605043,36.2651404602,0,1.1,164.993111966,-52.8294800501,-138.013676037,0.412949657134,-0.733898748229,0.819385518146,-175.927767206,196.420371388
85,0.105952380952,1764,-4.84953589935,95.4295857633,10.4213951467,3063890.17313,29.0689963,36.2651404602,0,1.1,164.617528052,-110.280053888,-98.4986891499,0.413095257346,-0.73505873875,0.818345068164,-176.028247586,195.973247681
85.5,0.105952380952,1764,-1.8211088262,97.0485432994,10.4096367444,3060433.20285,28.9437480641,36.2651404602,0,1.1,163.923371105,-143.187029805,-36.994759442,0.413306484783,-0.736845878551,0.816736280119,-176.058258509,195.146870363
86,0.105952380952,1764,1.61252355257,97.099166697,10.3992079291,3057367.13114,28.830270649,36.2651404602,0,1.1,163.302448688,-144.242275199,32.7635729603,0.41363393332,-0.738462023051,0.815275315775,-176.091050083,194.40767701
86.5,0.105952380952,1764,4.68736183318,95.5701920115,10.3842529749,3052970.37463,28.7115714192,36.2651404602,0,1.1,162.527194591,-113.108853133,95.182018874,0.413932181176,-0.740149436797,0.81374370118,-175.986164414,193.484755466
87,0.105952380952,1764,6.71923999142,92.8018233238,10.3648516887,3047266.39646,28.5993511026,36.2651404602,0,1.1,161.631682486,-56.803644412,136.224620572,0.414245762296,-0.741741825924,0.81229247422,-175.706386406,192.418669626
87.5,0.105952380952,1764,7.25605555089,89.4100357278,10.3384283265,3039497.928,28.4740514334,36.2651404602,0,1.1,160.487118582,11.9283901231,146.708988067,0.414543748345,-0.743516446554,0.810668424021,-175.229901104,191.05609355
88,0.105952380952,1764,6.17836451696,86.1495179658,10.3339946803,3038194.436,28.4751388254,36.2651404602,0,1.1,160.352289036,77.7838905913,124.809627822,0.414878221352,-0.743501061093,0.810682534753,-175.076015368,190.895582186
88.5,0.105952380952,1764,3.72595822913,83.7457506226,10.3250391296,3035561.50411,28.4737260086,36.2651404602,0,1.1,160.070863325,126.12709004,75.1399953366,0.414875310683,-0.743521050923,0.810664201032,-174.777400301,190.560551577
89,0.105952380952,1764,0.444508656634,82.7335832727,10.312033069,3031737.7223,28.4500847156,36.2651404602,0,1.1,159.60740809,146.235887081,8.94569086219,0.414879092457,-0.743855482588,0.810357341562,-174.415772671,190.008819155
89.5,0.105952380952,1764,-2.93584618911,83.3382279269,10.2888997396,3024936.52345,28.3571086693,36.2651404602,0,1.1,158.655216271,133.70240265,-58.9227138045,0.414942409735,-0.74516950038,0.809149192487,-173.940828894,188.875257466
90,0.105952380952,1764,-5.66296140676,85.4251482969,10.2585592341,3016016.41484,28.2036333336,36.2651404602,0,1.1,157.331253585,91.5421586923,-113.315085473,0.415192067725,-0.747334251861,0.807150243756,-173.418818099,187.299111411
90.5,0.105952380952,1764,-7.13004099414,88.5299947545,10.2321865343,3008262.84108,28.0400194543,36.2651404602,0,1.1,156.10887704,29.3536948772,-142.375714945,0.415606436976,-0.749636100636,0.805012867365,-173.059715067,185.843901238
91,0.105952380952,1764,-7.01065282153,91.9619243145,10.22070496,3004887.25825,27.9418998903,36.2651404602,0,1.1,155.510115234,-39.1605020615,-139.934391065,0.416051298327,-0.751013592883,0.803727928658,-172.988843326,185.131089564
91.5,0.105952380952,1764,-5.33136132059,94.9573164585,10.2129210997,3002598.80333,27.8610585297,36.2651404602,0,1.1,155.068471329,-98.9477097415,-106.413620534,0.416319636547,-0.752146863203,0.802667487927,-172.98609539,184.60532301
92,0.105952380952,1764,-2.46581677301,96.8496823023,10.1953836012,2997442.77874,27.7293523062,36.2651404602,0,1.1,154.203082244,-136.583941286,-49.1688458654,0.416541602356,-0.753989971956,0.800936403337,-172.814948039,183.57509791
92.5,0.105952380952,1764,0.948383640032,97.2179615177,10.1808260097,2993162.84686,27.6228017913,36.2651404602,0,1.1,153.493583789,-143.800035406,18.8941989618,0.416904939062,-0.755478134559,0.799532856237,-172.661903289,182.730456892
93,0.105952380952,1764,4.15156421879,95.9802102419,10.1678930768,2989360.56458,27.5444936413,36.2651404602,0,1.1,152.905993345,-119.010180234,82.6189023374,0.417200438831,-0.756570178194,0.798499571364,-172.472458377,182.030944459
93.5,0.105952380952,1764,6.43100217222,93.4118339732,10.1419738825,2981740.32145,27.4203100888,36.2651404602,0,1.1,151.81466897,-67.7064265653,127.62056411,0.417418507143,-0.758299077226,0.79685789792,-171.986396418,180.731748774
94,0.105952380952,1764,7.27951180153,90.0843085488,10.1168630812,2974357.74587,27.312172377,36.2651404602,0,1.1,150.792250674,-1.66809242639,144.029267146,0.417765887318,-0.759801682774,0.795425296841,-171.474912416,179.514584136
94.5,0.105952380952,1764,6.50829571101,86.7380240746,10.1001535407,2969445.14096,27.2496338486,36.2651404602,0,1.1,150.137759745,64.4004900593,128.491884313,0.418069949052,-0.760669439276,0.794595497188,-171.104138496,178.735428268
95,0.105952380952,1764,4.28895311933,84.1175446334,10.0857007991,2965196.03493,27.2003054246,36.2651404602,0,1.1,149.584947273,115.908026896,84.5096243879,0.418246463768,-0.761353259038,0.793940309439,-170.768186156,178.077318182
95.5,0.105952380952,1764,1.11529822376,82.8059392641,10.0793707964,2963335.01416,27.1789039772,36.2651404602,0,1.1,149.343717053,141.62918507,21.9568313835,0.418386040009,-0.761649763047,0.793655869033,-170.620318945,177.790139349
96,0.105952380952,1764,-2.30651578846,83.0950463494,10.0610001287,2957934.03785,27.0664304412,36.2651404602,0,1.1,148.519219285,135.719267066,-45.3353705361,0.418446691425,-0.763206267614,0.792159196799,-170.346349508,176.808594386
96.5,0.105952380952,1764,-5.21511915584,84.9205381987,10.0336810791,2949902.23726,26.8851366626,36.2651404602,0,1.1,147.262705836,99.622748809,-102.283376862,0.418766391544,-0.765708971847,0.789740318353,-169.978078412,175.312745042
97,0.105952380952,1764,-6.96333390666,87.8762342633,10.0124308674,2943654.67502,26.7209320099,36.2651404602,0,1.1,146.231524925,41.5992926443,-136.394405445,0.419285092556,-0.767969150322,0.787542623706,-169.758460967,174.08514872
97.5,0.105952380952,1764,-7.16217401095,91.304478224,9.99698563418,2939113.77645,26.5863916509,36.2651404602,0,1.1,145.446505816,-25.533984034,-140.193092904,0.419758530065,-0.769816317093,0.785737130303,-169.64217894,173.150602162
98,0.105952380952,1764,-5.76739660742,94.4424696254,9.98981068553,2937004.34155,26.5133364056,36.2651404602,0,1.1,145.056251715,-86.9454935779,-112.876212326,0.420149031,-0.770817548767,0.784754934048,-169.619080049,172.686013947
98.5,0.105952380952,1764,-3.08934624875,96.5919905761,9.97058732466,2931352.67345,26.3841371272,36.2651404602,0,1.1,144.178108751,-128.813366476,-60.3685769751,0.420362056449,-0.772585172872,0.783014783167,-169.354384927,171.640605655
99,0.105952380952,1764,0.276098225481,97.2747625233,9.9538616661,2926435.32983,26.2815614215,36.2651404602,0,1.1,143.440738933,-141.935649496,5.38686738338,0.420740499736,-0.773985752691,0.781630382362,-169.092662251,170.762784444
99.5,0.105952380952,1764,3.58010954194,96.3388654874,9.93918573739,2922120.60679,26.2097613502,36.2651404602,0,1.1,142.840491846,-123.467182653,69.7326737107,0.421042517371,-0.774964642984,0.780659850463,-168.807638913,170.048204578
100,0.105952380952,1764,6.08752959473,93.9925409745,9.91996313377,2916469.16133,26.1305048757,36.2651404602,0,1.1,142.09298691,-77.5732915669,118.277986672,0.421254745995,-0.77604377738,0.779587105839,-168.389470399,169.15831775
100.5,0.105952380952,1764,7.24044559236,90.7578572584,9.88950376333,2907514.10642,25.9892444467,36.2651404602,0,1.1,140.874707179,-14.6707431207,140.161905408,0.421489806523,-0.777963457351,0.77767143385,-167.770960784,167.707984737
101,0.105952380952,1764,6.78232828601,87.3545467268,9.8733779022,2902773.10325,25.9323551771,36.2651404602,0,1.1,140.276119152,51.094945074,130.995582026,0.421910830451,-0.778735227647,0.776898606783,-167.390164019,166.995379943
101.5,0.105952380952,1764,4.81511093771,84.5398620294,9.85757476287,2898126.98028,25.867263836,36.2651404602,0,1.1,139.668114153,105.240222922,92.8077918932,0.422081140584,-0.779617326974,0.776013417076,-167.043751808,166.271564467
102,0.105952380952,1764,1.77650868857,82.9400837909,9.85256089944,2896652.90443,25.8431625804,36.2651404602,0,1.1,139.46709532,135.993311516,34.2204202345,0.422276537891,-0.779943685136,0.775685405313,-166.943723537,166.032256334
102.5,0.105952380952,1764,-1.65737512516,82.9111702168,9.8383564295,2892476.79027,25.735268388,36.2651404602,0,1.1,138.801685821,136.411576663,-31.8931559737,0.422349031831,-0.781403001485,0.774215311958,-166.774164506,165.240102168
103,0.105952380952,1764,-4.72248515422,84.4595547139,9.81319454994,2885079.19768,25.5437189301,36.2651404602,0,1.1,137.62589131,106.42185614,-90.7103327897,0.422674526363,-0.783986962298,0.77159862814,-166.470871128,163.840346797
103.5,0.105952380952,1764,-6.73681995627,87.2407144264,9.79623133794,2880092.01335,25.3920378816,36.2651404602,0,1.1,136.781106084,52.9552009289,-129.290588048,0.423256281244,-0.786026891735,0.769520451625,-166.327501257,162.834650101
104,0.105952380952,1764,-7.25218053443,90.635828197,9.77880217239,2874967.83868,25.2316161287,36.2651404602,0,1.1,135.904495657,-12.19248197,-139.065994285,0.423720508785,-0.788178378852,0.767316651136,-166.189825449,161.791066258
104.5,0.105952380952,1764,-6.15389672864,93.889467194,9.77436398615,2873663.01193,25.17380068,36.2651404602,0,1.1,135.640354125,-74.5889252759,-118.014247287,0.424214937317,-0.788952253616,0.766520933513,-166.202032347,161.476612054
105,0.105952380952,1764,-3.68634186728,96.2776813903,9.75651993622,2868416.86125,25.0525551097,36.2651404602,0,1.1,134.850899352,-120.195268729,-70.5803343339,0.424394002376,-0.790572547252,0.764849689502,-165.935839083,160.536784943
105.5,0.105952380952,1764,-0.398558548672,97.2690818597,9.74055273032,2863722.50272,24.9544041748,36.2651404602,0,1.1,134.171682732,-138.951591464,-7.61861617438,0.424771035836,-0.791881617716,0.763494272096,-165.667019475,159.728193728
106,0.105952380952,1764,2.97790592737,96.6430773206,9.73342847761,2861627.97242,24.926503943,36.2651404602,0,1.1,133.907806801,-126.859078716,56.8673800132,0.425077761027,-0.792253308043,0.763108574119,-165.502416396,159.414055716
106.5,0.105952380952,1764,5.69177228513,94.5389567363,9.71644000323,2856633.36095,24.8471138054,36.2651404602,0,1.1,133.248688479,-86.4907729387,108.457915096,0.425165197622,-0.79330992513,0.762010080439,-165.145151705,158.629391046
107,0.105952380952,1764,7.13919245624,91.4248968639,9.69001209095,2848863.55474,24.7123659228,36.2651404602,0,1.1,132.199984135,-27.0651366705,135.605056368,0.425414599748,-0.795099820502,0.760142273155,-164.618593638,157.380933494
107.5,0.105952380952,1764,6.99810862388,87.9937907167,9.6700642809,2842998.89859,24.6215361717,36.2651404602,0,1.1,131.43777653,38.0075852313,132.578994721,0.425839951821,-0.796303857899,0.758880864099,-164.189785555,156.473543488
108,0.105952380952,1764,5.29991260635,85.0090756001,9.6556617169,2838764.54477,24.5597943794,36.2651404602,0,1.1,130.898286753,94.368253118,100.210593122,0.426128129286,-0.797121163569,0.758022328557,-163.869080788,155.831293754
108.5,0.105952380952,1764,2.42246102946,83.1348647092,9.64858642492,2836684.40893,24.5301884598,36.2651404602,0,1.1,130.635482852,129.679287156,45.759188444,0.426324693117,-0.797512743021,0.757610338314,-163.709396501,155.518431967
109,0.105952380952,1764,-0.993999555395,82.7881788095,9.63688841817,2833245.19494,24.4472080551,36.2651404602,0,1.1,130.120092659,136.084727405,-18.7564493023,0.426419141999,-0.798609139107,0.756454521393,-163.537189801,154.904872213
109.5,0.105952380952,1764,-4.18929054959,84.0461571493,9.62581011892,2829988.17496,24.3548264501,36.2651404602,0,1.1,129.599947695,112.259972883,-78.9892604301,0.426684539162,-0.799827779913,0.755165890701,-163.410387103,154.285652018
110,0.105952380952,1764,-6.45244463187,86.628893613,9.60001928169,2822405.66882,24.1596859962,36.2651404602,0,1.1,128.440645849,63.4251414512,-121.398486579,0.426981175138,-0.802395112821,0.752437427911,-163.057612586,152.905530773
110.5,0.105952380952,1764,-7.27989934158,89.9617171523,9.5882123882,2818934.44213,24.0338621556,36.2651404602,0,1.1,127.824548978,0.719973787489,-136.910836472,0.427611849095,-0.804045559592,0.750673522978,-162.991344672,152.172082116
111,0.105952380952,1764,-6.48754210199,93.3030588059,9.57865084661,2816123.3489,23.9445363274,36.2651404602,0,1.1,127.356557642,-62.0859452,-121.943085819,0.428021457039,-0.805214904372,0.749419080207,-162.903000933,151.614949574
111.5,0.105952380952,1764,-4.25167613714,95.9094542916,9.5716266923,2814058.24754,23.8871056364,36.2651404602,0,1.1,127.032818053,-111.017625293,-79.8738707449,0.428313666755,-0.80596568344,0.748611592962,-162.815837988,151.229545302
112,0.105952380952,1764,-1.06979217282,97.2009683173,9.55199022953,2808285.12748,23.7479792216,36.2651404602,0,1.1,126.181023004,-135.02955131,-20.060296161,0.428502163237,-0.807781094739,0.746652330728,-162.513714793,150.215503576
112.5,0.105952380952,1764,2.35012559712,96.890232919,9.54957461205,2807574.93594,23.729650943,36.2651404602,0,1.1,126.073557973,-129.175607458,44.059309051,0.428960834611,-0.808019899129,0.746393892399,-162.479548147,150.087569015
113,0.105952380952,1764,5.24712933406,95.0463881888,9.53828564448,2804255.97948,23.6525199067,36.2651404602,0,1.1,125.592248426,-94.5016051527,98.2608007876,0.429021474947,-0.809023955064,0.745305467666,-162.297049036,149.51458146
113.5,0.105952380952,1764,6.97662203875,92.0796982782,9.51804427771,2798305.01765,23.5206759423,36.2651404602,0,1.1,124.747060716,-38.8626296205,130.369814283,0.429277220819,-0.810736842431,0.743441841925,-161.951115813,148.508405614
114,0.105952380952,1764,7.15378342484,88.650265689,9.4973766093,2792228.72313,23.3934681459,36.2651404602,0,1.1,123.904863897,25.1636846184,133.371100118,0.429716456444,-0.81238542868,0.741640017305,-161.57644131,147.505790353
114.5,0.105952380952,1764,5.7391942481,85.5211553518,9.48657103697,2789051.88487,23.3447795483,36.2651404602,0,1.1,123.507962991,83.3757547184,106.837742654,0.430142744709,-0.813015363422,0.740949403698,-161.333989228,147.033289275
115,0.105952380952,1764,3.04760727422,83.3886090796,9.47798152304,2786526.56777,23.3208691794,36.2651404602,0,1.1,123.227943247,122.89802643,56.6514556235,0.430306558591,-0.813324501668,0.740610055958,-161.103199294,146.699932437
115.5,0.105952380952,1764,-0.322086696459,82.7271284791,9.46751038058,2783448.05189,23.2788841486,36.2651404602,0,1.1,122.85683431,134.985595772,-5.97797781615,0.430387138318,-0.813866985291,0.740013871663,-160.85464455,146.258136083
116,0.105952380952,1764,-3.62011485761,83.6838961046,9.45246132891,2779023.6307,23.2052845573,36.2651404602,0,1.1,122.29345528,116.991851361,-67.054618851,0.43052884301,-0.814816902219,0.738967804345,-160.530826479,145.587446762
116.5,0.105952380952,1764,-6.11265038361,86.0460266455,9.43222294218,2773073.545,23.0863190649,36.2651404602,0,1.1,121.491287568,73.0624919555,-112.951056935,0.430777904252,-0.816349492774,0.737274376096,-160.144797866,144.6324852
117,0.105952380952,1764,-7.24509236041,89.2879349123,9.4098639507,2766500.00151,22.9139165172,36.2651404602,0,1.1,120.512577907,13.1309350687,-133.604131135,0.431182250878,-0.818564246572,0.734814652979,-159.818869414,143.467354651
117.5,0.105952380952,1764,-6.76546710542,92.6882810205,9.40758171159,2765829.02321,22.880971409,36.2651404602,0,1.1,120.376952441,-49.5751431346,-124.763370183,0.431772121983,-0.818986630103,0.73434385659,-159.823782267,143.305895763
118,0.105952380952,1764,-4.7804935007,95.4904719187,9.40063970119,2763788.07215,22.8165636066,36.2651404602,0,1.1,120.048591989,-101.203388705,-88.1166772397,0.431885371063,-0.819811609117,0.733422746823,-159.748751734,142.914990463
118.5,0.105952380952,1764,-1.7318375382,97.0710069114,9.39068483606,2760861.3418,22.7198373485,36.2651404602,0,1.1,119.568246484,-130.257025618,-31.9026709216,0.432107265309,-0.821048598478,0.732037703222,-159.651126942,142.343150576
119,0.105952380952,1764,1.70216044718,97.0782095061,9.39189157763,2761216.12382,22.6899382683,36.2651404602,0,1.1,119.528962192,-130.483883552,31.3786283643,0.43244172823,-0.821430491316,0.731609149708,-159.766438553,142.296383562
119.5,0.105952380952,1764,4.75741970244,95.5104770914,9.38766494078,2759973.49259,22.6093535392,36.2651404602,0,1.1,119.232701384,-101.61900611,87.7318340668,0.432545413193,-0.822458663997,0.730453110073,-159.82246879,141.943692124
120,0.105952380952,1764,6.7541306289,92.716637526,9.37606661971,2756563.58619,22.4817437723,36.2651404602,0,1.1,118.639701568,-50.0726736543,124.491168057,0.432825573252,-0.824083495666,0.728619511247,-159.742758287,141.237739962
120.5,0.105952380952,1764,7.24801562514,89.3183332943,9.35768341147,2751158.92297,22.3162322241,36.2651404602,0,1.1,117.788341183,12.5470750961,133.410353744,0.433271335216,-0.826184833194,0.726235926817,-159.522706017,140.224215694
121,0.105952380952,1764,6.1291829494,86.0717031206,9.35328959713,2749867.14156,22.2885351015,36.2651404602,0,1.1,117.613025398,72.2688652875,112.758559368,0.433853382604,-0.82653580344,0.725836459288,-159.440639303,140.015506426
121.5,0.105952380952,1764,3.64657815056,83.6991375359,9.34424431317,2747207.82807,22.27400956,36.2651404602,0,1.1,117.351763478,115.718608876,66.9713000628,0.43395121524,-0.826719789866,0.725626893826,-159.167830748,139.704480331
122,0.105952380952,1764,0.352592509051,82.7285435762,9.33562766853,2744674.53455,22.2921494728,36.2651404602,0,1.1,117.17768117,133.260844761,6.46181079474,0.434002572429,-0.826490014087,0.725888597936,-158.830260948,139.497239488
122.5,0.105952380952,1764,-3.01984662922,83.3758829769,9.32274612725,2740887.36141,22.2976142225,36.2651404602,0,1.1,116.867224103,121.05240983,-55.1861796085,0.433938441405,-0.826420776616,0.725967423496,-158.378978139,139.127647742
123,0.105952380952,1764,-5.72035564517,85.4971196671,9.29949094271,2734050.33716,22.2188722922,36.2651404602,0,1.1,116.102876749,81.9766304342,-104.141226505,0.433919132017,-0.827417697209,0.724830983296,-157.779927046,138.217710415
123.5,0.105952380952,1764,-7.14805854202,88.6202684754,9.27645457959,2727277.6464,22.0901540887,36.2651404602,0,1.1,115.231811842,25.0433661786,-129.74368154,0.434197829655,-0.829043981572,0.722970315172,-157.307782723,137.180728384
124,0.105952380952,1764,-6.98528468947,92.0504140575,9.2688147353,2725031.53218,22.0423444941,36.2651404602,0,1.1,114.931966719,-37.1826041364,-126.672500339,0.434655583426,-0.829646964497,0.722278280375,-157.163005528,136.823769904
124.5,0.105952380952,1764,-5.26825203766,95.0243328381,9.26518766213,2723965.17267,22.0011035294,36.2651404602,0,1.1,114.747054019,-91.0979531852,-95.5205383407,0.434826295496,-0.830166638665,0.721680921217,-157.138394234,136.603635737
125,0.105952380952,1764,-2.37900845241,96.8803138579,9.25911838288,2722180.80457,21.9088150105,36.2651404602,0,1.1,114.384288661,-124.760306354,-43.1384133735,0.434973854325,-0.831328000494,0.720342804222,-157.152131535,136.171772216
125.5,0.105952380952,1764,1.03957573742,97.2053925838,9.26369066055,2723525.0542,21.8602923387,36.2651404602,0,1.1,114.385339273,-130.879933889,18.8830243745,0.435305073423,-0.831937746495,0.719638510612,-157.422756247,136.173022944
126,0.105952380952,1764,4.22684942107,95.9272374654,9.27454209762,2726715.3767,21.8311285943,36.2651404602,0,1.1,114.585996214,-107.963195458,76.9910388914,0.435479782919,-0.83230393713,0.719214958297,-157.861235148,136.411900255
126.5,0.105952380952,1764,6.47362916668,93.330244047,9.26465044481,2723807.23078,21.6482381902,36.2651404602,0,1.1,113.918751042,-60.6969198801,117.988155019,0.435584976729,-0.83459545573,0.7165545515,-157.958385295,135.617560764
127,0.105952380952,1764,7.2799958808,89.9922556163,9.26145747879,2722868.49877,21.5291565678,36.2651404602,0,1.1,113.564418972,0.141303001596,132.829842379,0.436247889645,-0.836082914991,0.71481840999,-158.130854211,135.195736871
127.5,0.105952380952,1764,6.46652916518,86.6559903475,9.25427748627,2720757.58096,21.4387673675,36.2651404602,0,1.1,113.179037162,61.0018826988,117.963311891,0.436682527614,-0.837209563878,0.713498525683,-158.098521934,134.736949002
128,0.105952380952,1764,4.21422920188,84.0637830031,9.2527863939,2720319.19981,21.4810536309,36.2651404602,0,1.1,113.240518847,108.186272122,76.8034166304,0.437014036497,-0.836682749368,0.71411622087,-157.948127382,134.810141484
128.5,0.105952380952,1764,1.02424335887,82.792411947,9.23911963985,2716301.17412,21.5061807417,36.2651404602,0,1.1,112.964246633,130.919947455,18.6045436751,0.436858776621,-0.836369492669,0.714483080088,-157.422918217,134.481245992
129,0.105952380952,1764,-2.39364146376,83.1247632373,9.22644046549,2712573.49685,21.583484324,36.2651404602,0,1.1,112.832229761,124.396873932,-43.3092743835,0.43676666222,-0.835404749696,0.715610860863,-156.810052942,134.324083049
129.5,0.105952380952,1764,-5.27892976776,84.986887144,9.20065218805,2704991.74329,21.5582775638,36.2651404602,0,1.1,112.14473328,90.2322407342,-95.0167441477,0.436483940116,-0.835719495368,0.715243262856,-155.993446685,133.505634857
130,0.105952380952,1764,-6.98963129298,87.9644523125,9.17670351446,2697950.83325,21.4885079051,36.2651404602,0,1.1,111.402867675,36.4857909945,-125.28432915,0.436576018087,-0.836589834604,0.714225068614,-155.344033724,132.622461517
130.5,0.105952380952,1764,-7.14510687916,91.3949364449,9.16189263225,2693596.43388,21.4217391598,36.2651404602,0,1.1,110.891908889,-24.9474100007,-127.784969316,0.436831438591,-0.837421577442,0.713249676925,-154.996944454,132.014177249
131,0.105952380952,1764,-5.71076247485,94.5150406372,9.16018369496,2693094.00632,21.4030570096,36.2651404602,0,1.1,110.808101264,-80.7404652836,-102.123027541,0.437076643479,-0.8376540987,0.712976585121,-154.982148633,131.914406267
131.5,0.105952380952,1764,-3.0057464771,96.6305269863,9.15617394467,2691915.13973,21.3089626384,36.2651404602,0,1.1,110.497353663,-118.6324205,-53.7783770017,0.437145388045,-0.838823859087,0.711599981328,-155.062734299,131.544468647
132,0.105952380952,1764,0.368062292603,97.2706897987,9.16398555271,2694211.7525,21.2451801125,36.2651404602,0,1.1,110.540660827,-130.43116015,6.60278366443,0.437492528711,-0.839615503,0.710665749225,-155.47402231,131.596024794
132.5,0.105952380952,1764,3.65997546572,96.2930898286,9.17494237445,2697433.05809,21.1642796519,36.2651404602,0,1.1,110.620198826,-113.298944676,65.8931254921,0.437728699464,-0.840618111103,0.7094795214,-156.032126339,131.690712888
133,0.105952380952,1764,6.13752683034,93.9152476814,9.18035021356,2699022.96279,21.0267424184,36.2651404602,0,1.1,110.435326293,-70.7148658656,110.852344952,0.438029256554,-0.842318777201,0.707459594305,-156.532158551,131.470626539
133.5,0.105952380952,1764,7.24944951898,90.6662444534,9.17566744037,2697646.22747,20.827050464,36.2651404602,0,1.1,109.864220811,-12.0561523451,131.183783021,0.438542815158,-0.844779352567,0.704519584878,-156.829303596,130.790739061
134,0.105952380952,1764,6.7483354875,87.2689986913,9.18277969877,2699737.23144,20.7982355494,36.2651404602,0,1.1,109.968234093,49.5167448368,122.356443163,0.439294302043,-0.845133559281,0.70409464348,-157.13838018,130.914564396
134.5,0.105952380952,1764,4.7456849721,84.4794136049,9.17705919752,2698055.40407,20.7973790845,36.2651404602,0,1.1,109.829294571,99.9722654127,85.9395802625,0.439403314594,-0.845144084087,0.704082010232,-156.944613894,130.749160204
135,0.105952380952,1764,1.68709716076,82.918185037,9.17117961823,2696326.80776,20.9112342195,36.2651404602,0,1.1,109.950028465,127.867982316,30.4619241035,0.439406557001,-0.843743301938,0.705760044516,-156.483780763,130.89289103
135.5,0.105952380952,1764,-1.7468777284,82.9326937096,9.15766776882,2692354.32403,21.0416361629,36.2651404602,0,1.1,109.924288999,126.987747795,-31.3884893746,0.438976651205,-0.842134848246,0.707678526853,-155.725595534,130.862248808
136,0.105952380952,1764,-4.7921640814,84.5197113747,9.12983224991,2684170.68147,21.0697454804,36.2651404602,0,1.1,109.320828404,97.8335992748,-85.549264364,0.438487044589,-0.841787559728,0.708091593148,-154.716521644,130.143843338
136.5,0.105952380952,1764,-6.77117131736,87.3261191143,9.104688458,2676778.40665,21.0593593916,36.2651404602,0,1.1,108.696082259,47.4785502857,-120.231757369,0.438381892154,-0.841915902685,0.707938989466,-153.888967658,129.400097927
137,0.105952380952,1764,-7.24356098952,90.7274779661,9.08180472211,2670050.5883,20.9701182335,36.2651404602,0,1.1,107.949915218,-12.8693695,-128.141424507,0.43842072891,-0.843017532824,0.706626803449,-153.31672005,128.511803831
137.5,0.105952380952,1764,-6.10422416714,93.9669695382,9.08137004791,2669922.79409,20.9776391807,36.2651404602,0,1.1,107.956484636,-70.1628024947,-107.963892965,0.438755199361,-0.842924769988,0.706737456302,-153.285175437,128.519624567
138,0.105952380952,1764,-3.60666866847,96.3237916724,9.07804850436,2668946.26028,20.8812274057,36.2651404602,0,1.1,107.66086991,-111.9230512,-63.833437747,0.438726957951,-0.844112805236,0.705318064448,-153.388951965,128.167702274
138.5,0.105952380952,1764,-0.306612375182,97.2735403244,9.08814739403,2671915.33384,20.8070945027,36.2651404602,0,1.1,107.733366737,-129.158344682,-5.44460401278,0.439089733868,-0.845024683541,0.704225307842,-153.896489282,128.25400802
139,0.105952380952,1764,3.06166661815,96.6048919385,9.10713241134,2677496.92893,20.7442821449,36.2651404602,0,1.1,108.041566492,-117.883019492,54.6441196899,0.4393697839,-0.845796205446,0.703298499112,-154.681234017,128.62091249
139.5,0.105952380952,1764,5.74871034432,94.466623935,9.11669964505,2680309.69565,20.5822598272,36.2651404602,0,1.1,107.900055457,-80.0746745923,103.059070305,0.439607823328,-0.847781624663,0.700903928426,-155.37025799,128.452446972
140,0.105952380952,1764,7.15663889706,91.334511033,9.120616678,2681461.30333,20.393903107,36.2651404602,0,1.1,107.562795584,-24.0097423362,128.758063191,0.440225051928,-0.850081222474,0.698113110604,-155.925600044,128.050947123
140.5,0.105952380952,1764,6.97218153092,87.90546313,9.13034224925,2684320.62128,20.3384875347,36.2651404602,0,1.1,107.665312308,37.7940697375,125.806863929,0.440948470108,-0.850756028733,0.697290599087,-156.382353101,128.172990843
141,0.105952380952,1764,5.23638088012,84.9424595624,9.13230526574,2684897.74813,20.373755615,36.2651404602,0,1.1,107.792486164,91.2520222336,94.4787986153,0.441162513922,-0.850326654457,0.697814144826,-156.370644804,128.32438829
141.5,0.105952380952,1764,2.33546077879,83.1047826031,9.125288592,2682834.84605,20.4898084528,36.2651404602,0,1.1,107.892331271,124.010965814,42.003425001,0.441026226312,-0.84891148569,0.699535052348,-155.870604486,128.443251513
142,0.105952380952,1764,-1.08511036428,82.8013240455,9.11110726656,2678665.53637,20.6520480248,36.2651404602,0,1.1,107.92641154,128.764919844,-19.4097011677,0.440579336109,-0.846927271293,0.701936034935,-155.02331897,128.483823261
142.5,0.105952380952,1764,-4.26423933187,84.0996048505,9.08611021206,2671316.40234,20.7537195667,36.2651404602,0,1.1,107.564654123,104.80930439,-75.7461062856,0.439958622249,-0.845680350805,0.703437804118,-153.946859776,128.05315967
143,0.105952380952,1764,-6.49455492987,86.7107514136,9.05551786853,2662322.25335,20.7594123562,36.2651404602,0,1.1,106.854308685,58.0296731788,-114.578418178,0.439572014114,-0.845610454513,0.703521825687,-152.899308462,127.207510339
143.5,0.105952380952,1764,-7.27980141533,90.0537713056,9.03282731263,2655651.22991,20.7060976242,36.2651404602,0,1.1,106.200527224,-0.944627831543,-127.887968316,0.439550421059,-0.846264727777,0.702734665802,-152.251734468,126.429199076
144,0.105952380952,1764,-6.44525774054,93.3848268284,9.02451759541,2653208.17305,20.676563276,36.2651404602,0,1.1,105.939402251,-59.3790147739,-113.067248047,0.439752870341,-0.846626855107,0.702298347009,-152.03676706,126.118336014
144.5,0.105952380952,1764,-4.17661381042,95.9627424126,9.03065544542,2655012.70095,20.65739634,36.2651404602,0,1.1,106.040769804,-104.774020433,-73.3891539219,0.439865235454,-0.846861744886,0.702015088904,-152.285885854,126.239011671
145,0.105952380952,1764,-0.978653602645,97.2139196784,9.03463994355,2656184.1434,20.5213428369,36.2651404602,0,1.1,105.830041019,-127.120278011,-17.2453705602,0.439938239658,-0.848526347851,0.700002169284,-152.719897811,125.98814407
145.5,0.105952380952,1764,2.4370616489,96.8599657812,9.05528270328,2662253.11476,20.4480132282,36.2651404602,0,1.1,106.149181708,-121.564214849,43.1867294,0.440458321559,-0.849421545619,0.698915615678,-153.580434989,126.368073461
146,0.105952380952,1764,5.31051918576,94.9796371331,9.06847527973,2666131.73224,20.2780005697,36.2651404602,0,1.1,106.074317001,-88.7162455023,94.6111757209,0.440740000909,-0.851491681894,0.696392070364,-154.403645714,126.27894881
146.5,0.105952380952,1764,7.00236114931,91.9913157295,9.07982450971,2669468.40585,20.1117257349,36.2651404602,0,1.1,105.962205671,-35.6500108659,125.361461953,0.441396777766,-0.853509053454,0.69391807562,-155.157093504,126.145482941
147,0.105952380952,1764,7.13614472073,88.5599171812,9.09059554275,2672635.08957,20.026564456,36.2651404602,0,1.1,106.019456901,25.8738340889,128.214448596,0.442044169581,-0.854539511741,0.692648700911,-155.713194073,126.213639168
147.5,0.105952380952,1764,5.68210242418,85.4489438543,9.10103670562,2675704.79145,20.0992308925,36.2651404602,0,1.1,106.42932192,81.8720266765,102.219183056,0.44237769642,-0.853660360131,0.693731929163,-155.910527538,126.701573714
148,0.105952380952,1764,2.96376553069,83.3506019912,9.09455021607,2673797.76353,20.2098251945,36.2651404602,0,1.1,106.529901932,119.26247268,53.1575948932,0.442093021551,-0.852319705232,0.695378400637,-155.443860511,126.821311824
148.5,0.105952380952,1764,-0.414023176122,82.7317825562,9.0806421625,2669708.79577,20.3835637829,36.2651404602,0,1.1,106.598562833,129.640980732,-7.38480528598,0.441661611622,-0.850207186806,0.697959697621,-154.58469357,126.903050992
149,0.105952380952,1764,-3.69968977293,83.7301757932,9.05611979231,2662499.21894,20.5189892096,36.2651404602,0,1.1,106.328565961,111.01361146,-65.5067685197,0.440988364055,-0.848555102207,0.699967312465,-153.452143832,126.581626144
149.5,0.105952380952,1764,-6.1621579405,86.1236344966,9.02397560897,2653048.82904,20.5476155337,36.2651404602,0,1.1,105.639022961,68.1205296055,-108.289443306,0.440467347576,-0.848205276118,0.700391183244,-152.301923728,125.76074162
150,0.105952380952,1764,-7.25351689389,89.3796028127,8.98897515559,2642758.69574,20.4324279862,36.2651404602,0,1.1,104.565729302,10.8359534079,-126.691050051,0.440357634403,-0.849611628875,0.698684535453,-151.373342959,124.483011074
150.5,0.105952380952,1764,-6.73093411705,92.77361243,8.98521461045,2641653.09547,20.4544456688,36.2651404602,0,1.1,104.527071417,-48.3885195333,-117.42806366,0.44079999209,-0.84934307492,0.699010973509,-151.198907515,124.436989782
151,0.105952380952,1764,-4.71068674331,95.550480196,8.9847434935,2641514.58709,20.3921025244,36.2651404602,0,1.1,104.377867594,-96.9103260754,-82.2476924899,0.44071525365,-0.850103161024,0.698086395525,-151.318347781,124.259366184
151.5,0.105952380952,1764,-1.64228934466,97.0923399318,8.99537850147,2644641.27943,20.3149417497,36.2651404602,0,1.1,104.453435522,-124.261382483,-28.7737398891,0.440955416216,-0.851042509486,0.696940920773,-151.844383076,124.349328002
152,0.105952380952,1764,1.79152518134,97.0561205719,9.01562076088,2650592.5037,20.2349254906,36.2651404602,0,1.1,104.745033204,-124.325724692,31.5658815926,0.441253627415,-0.852014990131,0.695751720509,-152.702834798,124.6964681
152.5,0.105952380952,1764,4.82671690225,95.4498810946,9.03124433275,2655185.83383,20.0726927965,36.2651404602,0,1.1,104.743504806,-96.5800040606,85.5366071159,0.441564009142,-0.85398158933,0.693336458788,-153.586231943,124.694648578
153,0.105952380952,1764,6.78794134047,92.6310173619,9.04819967639,2660170.70486,19.9365502971,36.2651404602,0,1.1,104.829167305,-46.8909318571,120.97711686,0.442196874042,-0.855626637918,0.691305327974,-154.460431158,124.796627745
153.5,0.105952380952,1764,7.23881680562,89.2267398532,9.05790184362,2663023.14203,19.82034962,36.2651404602,0,1.1,104.790181564,13.8334913672,129.501190775,0.442731675169,-0.857026902864,0.689568624408,-155.04517983,124.750216147
154,0.105952380952,1764,6.07902137954,85.9945163754,9.07706299361,2668656.52012,19.9328375146,36.2651404602,0,1.1,105.49057235,71.8470916956,109.040517302,0.443190841453,-0.855671432899,0.691249881678,-155.455583657,125.584014702
154.5,0.105952380952,1764,3.56661501631,83.6535319015,9.07244612632,2667299.16114,20.0326214279,36.2651404602,0,1.1,105.610314377,113.561815968,63.8199502185,0.442746307627,-0.85446628423,0.692739033918,-155.078760308,125.726564734
155,0.105952380952,1764,0.260619985036,82.7246665215,9.05838149274,2663164.15887,20.1891848996,36.2651404602,0,1.1,105.637583922,129.491345785,4.63869219197,0.442353930951,-0.852570153806,0.69507131493,-154.255242519,125.759028479
155.5,0.105952380952,1764,-3.10336422249,83.4145971647,9.03765982853,2657071.98959,20.3528861542,36.2651404602,0,1.1,105.522919251,116.403593731,-54.8550722241,0.441741957061,-0.85058077043,0.697504374879,-153.192017391,125.622522918
156,0.105952380952,1764,-5.77683524916,85.5698110081,9.00395849783,2647163.79836,20.3807627011,36.2651404602,0,1.1,104.799528873,77.6940791944,-101.310778425,0.441106845813,-0.850241307714,0.697918131772,-151.990961916,124.761343897
156.5,0.105952380952,1764,-7.16493317838,88.7107628033,8.96949159198,2637030.52804,20.2892394788,36.2651404602,0,1.1,103.796209331,22.4665147705,-124.857611535,0.440999175246,-0.851355064053,0.696559082139,-151.027130753,123.56691587
157,0.105952380952,1764,-6.958799672,92.1385759573,8.95862320264,2633835.22158,20.2695898436,36.2651404602,0,1.1,103.501412275,-37.1874383876,-121.005724943,0.441353199906,-0.851593899498,0.696267068256,-150.703617329,123.215966994
157.5,0.105952380952,1764,-5.2043004077,95.0905458712,8.95872794318,2633866.0153,20.2276996079,36.2651404602,0,1.1,103.411249101,-88.5738470995,-90.5531391403,0.44142940454,-0.852102728393,0.695644262728,-150.797189069,123.108629882
158,0.105952380952,1764,-2.29181974934,96.9098453121,8.96624835796,2636077.01724,20.1436015959,36.2651404602,0,1.1,103.398591494,-120.575185188,-39.9917188034,0.441592095269,-0.853122867889,0.694392808348,-151.231307085,123.093561302
158.5,0.105952380952,1764,1.13060161582,97.1916715711,8.98513724251,2641630.3493,20.0682399816,36.2651404602,0,1.1,103.666819056,-126.157096445,19.8331383292,0.441919671289,-0.854035470283,0.693270088421,-152.031623207,123.412879829
159,0.105952380952,1764,4.3014587874,95.873316976,9.00132414125,2646389.29753,19.9234693719,36.2651404602,0,1.1,103.716496411,-103.613687617,75.8838674839,0.44221431202,-0.855784444228,0.691109965937,-152.892359863,123.472019537
159.5,0.105952380952,1764,6.51522108494,93.248121644,9.0214973629,2652320.22469,19.822211508,36.2651404602,0,1.1,103.953751091,-57.640685674,115.618148521,0.442783239739,-0.857004494137,0.689596474055,-153.797383203,123.754465585
160,0.105952380952,1764,7.27931595295,89.900203922,9.03512970674,2656328.13378,19.7372925168,36.2651404602,0,1.1,104.075988714,1.77843915167,129.722738038,0.443183464507,-0.85802561445,0.688325537045,-154.446343163,123.899986564
160.5,0.105952380952,1764,6.42372867836,86.5744912981,9.05520585056,2662230.52006,19.8320407508,36.2651404602,0,1.1,104.754368258,61.2352321863,114.832146508,0.443520575591,-0.856886179424,0.689743485298,-154.927455102,124.707581259
161,0.105952380952,1764,4.13883146636,84.0109705216,9.05784076027,2663005.18352,19.9552870504,36.2651404602,0,1.1,105.095196922,106.937942856,73.9014767643,0.443144530935,-0.85540052286,0.691585096348,-154.748863416,125.113329669
161.5,0.105952380952,1764,0.933024726506,82.7800370597,9.04319747534,2658700.05775,20.0675897359,36.2651404602,0,1.1,105.009429717,128.296676866,16.5795825871,0.442657870454,-0.854043338101,0.693260395988,-154.004188391,125.011225853
162,0.105952380952,1764,-2.4803844169,83.155579415,9.0238132093,2653001.08353,20.2132696998,36.2651404602,0,1.1,104.886904905,120.852213657,-43.796248898,0.442216858796,-0.852277898962,0.695429639101,-153.027687105,124.865362982
162.5,0.105952380952,1764,-5.34189632536,85.0540376418,8.99006554953,2643079.27156,20.226263174,36.2651404602,0,1.1,104.132781024,86.6630298526,-93.600575011,0.441648210901,-0.852120168275,0.695622899867,-151.857118525,123.967596457
163,0.105952380952,1764,-7.0148110989,88.0529958278,8.95765626405,2633550.94163,20.1548497968,36.2651404602,0,1.1,103.225408118,33.904265606,-122.152803813,0.441597679641,-0.852986529544,0.694560278461,-150.917482754,122.887390616
163.5,0.105952380952,1764,-7.12689730779,91.4851716279,8.93976082655,2628289.68301,20.085182018,36.2651404602,0,1.1,102.659771303,-25.7843730894,-123.731544359,0.441875783131,-0.853830436924,0.693522591545,-150.463799996,122.214013456
164,0.105952380952,1764,-5.65321524173,94.5868897339,8.94082606458,2628602.86299,20.0678718795,36.2651404602,0,1.1,102.646039617,-79.6724672438,-98.194121137,0.442147983485,-0.854039924244,0.693264601575,-150.536584958,122.19766621
164.5,0.105952380952,1764,-2.9216661131,96.6680032336,8.94425319734,2629610.44002,19.9766314409,36.2651404602,0,1.1,102.523095238,-116.059081573,-50.8526876594,0.442215753732,-0.85514282739,0.691903710615,-150.846563566,122.051303854
165,0.105952380952,1764,0.459967509811,97.2654545549,8.96062751589,2634424.48967,19.911509234,36.2651404602,0,1.1,102.754204912,-127.038022341,8.04263000281,0.442573872927,-0.855928690493,0.690931311196,-151.53851494,122.326434419
165.5,0.105952380952,1764,3.73925619171,96.2463079601,8.97915188856,2639870.65524,19.8212691457,36.2651404602,0,1.1,102.978051714,-109.809363917,65.7356868338,0.442830413826,-0.857015836039,0.689582378529,-152.358987104,122.592918707
166,0.105952380952,1764,6.18654272953,93.8373283747,8.99594980165,2644809.24168,19.7220238525,36.2651404602,0,1.1,103.14103895,-67.8066962017,109.31798961,0.44318719814,-0.858209014796,0.688096858678,-153.142492995,122.786951131
166.5,0.105952380952,1764,7.25729432257,90.5745251219,9.00380914207,2647119.88777,19.6069832564,36.2651404602,0,1.1,103.062389518,-10.1861218924,128.669194374,0.443581331487,-0.859588870425,0.686372328872,-153.656854517,122.693320854
167,0.105952380952,1764,6.71326368966,87.1838873188,9.02990173875,2654791.11119,19.7433959278,36.2651404602,0,1.1,103.969384637,50.1228449562,119.486651694,0.444040493498,-0.857952285968,0.688416933989,-154.254477289,123.773076949
167.5,0.105952380952,1764,4.67550021333,84.4198478735,9.03323920823,2655772.32722,19.8371851291,36.2651404602,0,1.1,104.258373966,99.2616085827,83.1693583939,0.443496301529,-0.856824246429,0.68982041919,-154.165559447,124.117111864
168,0.105952380952,1764,1.597415881,82.8974186029,9.02618688335,2653698.94371,19.960589263,36.2651404602,0,1.1,104.373885952,125.926860874,28.3217546067,0.443124161226,-0.855336519175,0.691664253064,-153.65767269,124.254626134
168.5,0.105952380952,1764,-1.83610102129,82.9553472023,9.00986346561,2648899.85889,20.0786982225,36.2651404602,0,1.1,104.261603221,124.240748779,-32.3818039399,0.442636996594,-0.853908912956,0.693425964595,-152.846873651,124.120956216
169,0.105952380952,1764,-4.86107678381,84.5807442852,8.9773110213,2639329.44026,20.0620063725,36.2651404602,0,1.1,103.47243575,94.9080275959,-85.1325779458,0.442173361521,-0.854110890936,0.693177167818,-151.780296495,123.181471131
169.5,0.105952380952,1764,-6.80444002788,87.4119513322,8.94797246278,2630703.90406,19.9981012981,36.2651404602,0,1.1,102.655890228,45.0697501833,-118.496385329,0.442238729983,-0.85488349741,0.692224100893,-150.926258244,122.209393129
170,0.105952380952,1764,-7.2337832631,90.8190114178,8.92378716628,2623593.42689,19.8704390161,36.2651404602,0,1.1,101.820501166,-14.2112919155,-125.51889188,0.442489466172,-0.856423737392,0.690317595047,-150.381944929,121.21488234
170.5,0.105952380952,1764,-6.05357559403,94.043837599,8.92682467564,2624486.45464,19.8818808266,36.2651404602,0,1.1,101.915070057,-70.2041834525,-105.094806886,0.44299260724,-0.85628586578,0.69048860676,-150.460111636,121.327464353
171,0.105952380952,1764,-3.52641879516,96.368890836,8.9261569197,2624290.13439,19.7853620648,36.2651404602,0,1.1,101.686803908,-110.702402019,-61.2952931994,0.442947390215,-0.857447826775,0.689045154078,-150.641743155,121.055718938
171.5,0.105952380952,1764,-0.214617177078,97.2768358142,8.93875105153,2627992.80915,19.728714319,36.2651404602,0,1.1,101.848440134,-126.941950637,-3.74392439158,0.44332958458,-0.858128659415,0.688197067627,-151.187081895,121.248143017
172,0.105952380952,1764,3.14493777544,96.5656504924,8.957115426,2633391.93524,19.6855712633,36.2651404602,0,1.1,102.171308972,-115.076082097,55.1212889044,0.443554703945,-0.85864662048,0.687550711685,-151.900568877,121.632510681
172.5,0.105952380952,1764,5.80472923544,94.39357696,8.96901930587,2636891.67592,19.5960868664,36.2651404602,0,1.1,102.243123147,-77.307455132,102.137472271,0.443726556805,-0.859719387716,0.68620884167,-152.494869347,121.718003747
173,0.105952380952,1764,7.17294105443,91.2439118255,8.97748891165,2639381.74002,19.5240050964,36.2651404602,0,1.1,102.274776222,-21.9506866901,126.577285064,0.444084112927,-0.860582001928,0.685126716716,-152.936310071,121.755685979
173.5,0.105952380952,1764,6.94513964762,87.8174704412,8.99724579913,2645190.26495,19.621309364,36.2651404602,0,1.1,102.944411813,38.6313476746,122.930799858,0.444373226798,-0.859417224566,0.686587237078,-153.402281234,122.552871206
174,0.105952380952,1764,5.17201190277,84.8766521807,9.00601373858,2647768.03914,19.7333636295,36.2651404602,0,1.1,103.397454527,90.7193005847,91.5809972274,0.443983178472,-0.858072812305,0.688266698877,-153.460972421,123.092207771
174.5,0.105952380952,1764,2.24808710853,83.0758029814,9.00033035035,2646097.123,19.8171183905,36.2651404602,0,1.1,103.45508243,122.308595221,39.710074026,0.443536204963,-0.857065790134,0.689520290769,-153.087473161,123.160812417
175,0.105952380952,1764,-1.1760476736,82.8156202864,8.98854816305,2642633.15994,19.9044361692,36.2651404602,0,1.1,103.379738544,126.417074155,-20.6938541516,0.443203645365,-0.856013978245,0.690825643016,-152.49954573,123.071117314
175.5,0.105952380952,1764,-4.33850629988,84.1539959728,8.95898687515,2633942.14129,19.8501382028,36.2651404602,0,1.1,102.580225723,102.269491137,-75.897455684,0.442858324372,-0.856668274221,0.690014107061,-151.613920505,122.119316337
176,0.105952380952,1764,-6.53562680581,86.7931351361,8.93426249048,2626673.1722,19.7849583733,36.2651404602,0,1.1,101.870671942,55.8424853208,-113.80761568,0.443072893888,-0.85745268159,0.689039112702,-150.916308188,121.274609455
176.5,0.105952380952,1764,-7.27853951304,90.1458168613,8.91032678944,2619636.0761,19.6348638417,36.2651404602,0,1.1,100.994899823,-2.53089113646,-126.331008456,0.443331186746,-0.859254774395,0.686790530424,-150.424235245,120.232023599
177,0.105952380952,1764,-6.40194283923,93.4660536469,8.91183279267,2620078.84104,19.6380983779,36.2651404602,0,1.1,101.03617805,-60.1766762139,-111.148782051,0.443928986,-0.85921600143,0.686839037102,-150.468298238,120.281164346
177.5,0.105952380952,1764,-4.10088367998,96.0150771436,8.90864960941,2619142.98517,19.5442786404,36.2651404602,0,1.1,100.757061544,-104.493994658,-71.2406020936,0.443916059018,-0.860339522757,0.685431182237,-150.557440703,119.948882791
178,0.105952380952,1764,-0.887358554388,97.2257175973,8.9191873101,2622241.06917,19.5115822246,36.2651404602,0,1.1,100.923208201,-125.879573199,-15.4587159818,0.444291812391,-0.860730530884,0.68494010921,-150.982416123,120.14667643
178.5,0.105952380952,1764,2.52360803602,96.8286017954,8.93260122975,2626184.76155,19.4850754598,36.2651404602,0,1.1,101.168140665,-119.363404518,44.1124634107,0.444423152834,-0.861047312824,0.684541835886,-151.492629112,120.438262696
179,0.105952380952,1764,5.37305993229,94.9120898774,8.93987161486,2628322.25477,19.4201855832,36.2651404602,0,1.1,101.188472439,-86.0801394425,94.1582421627,0.444529777822,-0.861822032826,0.683566224836,-151.875860129,120.462467189
179.5,0.105952380952,1764,7.02698064409,91.902614787,8.94529337657,2629916.25271,19.3799274617,36.2651404602,0,1.1,101.221471997,-33.4007330695,123.359865793,0.444791362404,-0.862302118811,0.682960508298,-152.144838732,120.501752377
180,0.105952380952,1764,7.11736501,88.4697989301,8.9553817925,2632882.24699,19.4325128281,36.2651404602,0,1.1,101.567430729,26.9039890401,125.137482902,0.444954052914,-0.861674942915,0.683751630895,-152.377298382,120.91360801
180.5,0.105952380952,1764,5.62410208221,85.3774600306,8.96675128963,2636224.87915,19.5569929281,36.2651404602,0,1.1,102.104039213,81.3393130467,98.963038264,0.444741607298,-0.860187400159,0.685622080017,-152.500728546,121.552427635
181,0.105952380952,1764,2.87944990719,83.3136580829,8.96091177736,2634508.06254,19.5955419896,36.2651404602,0,1.1,102.057145746,117.438231385,50.5743661716,0.44424079395,-0.859725913451,0.686200665798,-152.220454467,121.496602079
181.5,0.105952380952,1764,-0.50589345713,82.7375987573,8.95416263262,2632523.81399,19.6509802367,36.2651404602,0,1.1,102.0269554,127.265585937,-8.86522585185,0.444086294713,-0.85906155711,0.687032198005,-151.873791408,121.460661191
182,0.105952380952,1764,-3.77867314048,83.7774579714,8.93533189478,2626987.57707,19.6057062203,36.2651404602,0,1.1,101.497863555,108.653627251,-65.9805174516,0.443864595502,-0.859604168411,0.686353169768,-151.331202776,120.830789946
182.5,0.105952380952,1764,-6.21068022269,86.2018621442,8.91096470496,2619823.62326,19.4844681292,36.2651404602,0,1.1,100.677293419,66.0704624686,-108.037814882,0.444045604458,-0.861054568864,0.684532708816,-150.760898227,119.853920737
183,0.105952380952,1764,-7.260781654,89.4713699091,8.88637246474,2612593.50463,19.2921195389,36.2651404602,0,1.1,99.6990048404,9.16944767446,-125.943185233,0.444532222401,-0.863347768265,0.681638196576,-150.329214865,118.689291477
183.5,0.105952380952,1764,-6.69532491168,92.8585003633,8.89094741896,2613938.54117,19.3065342911,36.2651404602,0,1.1,99.8334857934,-49.623834402,-116.231468412,0.445309971922,-0.863176251075,0.681855380253,-150.454146168,118.849387849
184,0.105952380952,1764,-4.64012678866,95.6096010005,8.89135219517,2614057.54538,19.2543150309,36.2651404602,0,1.1,99.7273404221,-97.4621434983,-80.6183368271,0.445251442456,-0.863797334138,0.681068400043,-150.576112319,118.723024312
184.5,0.105952380952,1764,-1.55247856353,97.1125389496,8.89545503532,2615263.78039,19.2078527455,36.2651404602,0,1.1,99.7167025286,-123.767552095,-27.0151731819,0.445463661714,-0.864349341955,0.680367705775,-150.811422721,118.710360153
185,0.105952380952,1764,1.88060346642,97.0329034262,8.90327606356,2617563.16269,19.1933618078,36.2651404602,0,1.1,99.8600255132,-122.621486476,32.7890742343,0.445652923992,-0.864521389218,0.680149077472,-151.106802561,118.880982754
185.5,0.105952380952,1764,4.8952423526,95.3884137099,8.90517262957,2618120.75309,19.1553070291,36.2651404602,0,1.1,99.818211911,-94.0382719928,85.4314751255,0.445712037082,-0.864972940719,0.679574728653,-151.250145432,118.831204656
186,0.105952380952,1764,6.82066672008,92.5449765212,8.90534150734,2618170.40316,19.1430722342,36.2651404602,0,1.1,99.7948645895,-44.4239124093,119.058348248,0.445867466901,-0.865118035654,0.679390009042,-151.28125453,118.803410226
186.5,0.105952380952,1764,7.22846056314,89.1352700496,8.90314619078,2617524.98009,19.147400373,36.2651404602,0,1.1,99.7552627848,15.0859829148,126.106922175,0.445917497616,-0.865066711879,0.679455358356,-151.197706524,118.75626522
187,0.105952380952,1764,6.02788782777,85.9179700717,8.91398359133,2620711.17585,19.2787926078,36.2651404602,0,1.1,100.289965874,71.2593493665,105.227882255,0.445899795623,-0.863506293154,0.681437364462,-151.292626141,119.392816517
187.5,0.105952380952,1764,3.48608161178,83.6089410114,8.90618336943,2618417.91061,19.2695235393,36.2651404602,0,1.1,100.093999539,111.3867504,60.7572709087,0.445364119769,-0.863616521904,0.681297661154,-151.047242487,119.15952326
188,0.105952380952,1764,0.168605790185,82.7219527284,8.90044716871,2616731.4676,19.263701017,36.2651404602,0,1.1,99.9522283806,126.6924636,2.93500195019,0.445401800405,-0.863685752402,0.681209895038,-150.864828192,118.990748072
188.5,0.105952380952,1764,-3.18638561519,83.4543643004,8.89306657011,2614561.57161,19.2256610874,36.2651404602,0,1.1,99.7025095341,113.813672448,-55.40397684,0.445425478547,-0.864137832264,0.680636324956,-150.693562321,118.693463731
189,0.105952380952,1764,-5.83239118814,85.6432106973,8.87456983756,2609123.53224,19.0770786255,36.2651404602,0,1.1,98.9609672605,75.5936671588,-101.19650219,0.44558033344,-0.865899986948,0.678393110669,-150.373375863,117.81067531
189.5,0.105952380952,1764,-7.18066220512,88.8014632688,8.85816357972,2604300.09244,18.900928854,36.2651404602,0,1.1,98.2080420801,20.768528601,-124.428216926,0.446187858227,-0.86798153883,0.675727791533,-150.178054505,116.91433581
190,0.105952380952,1764,-6.93120200383,92.2263959176,8.86020155811,2604899.25809,18.8645150764,36.2651404602,0,1.1,98.1730064322,-38.6163591195,-120.220210426,0.446913642308,-0.868410815759,0.675176017845,-150.321472348,116.872626705
190.5,0.105952380952,1764,-5.139516656,95.1559449709,8.86476888997,2606242.05365,18.8495041541,36.2651404602,0,1.1,98.2411276512,-89.539212885,-89.2539153516,0.447064431964,-0.868587675331,0.67494847971,-150.507136142,116.953723394
191,0.105952380952,1764,-2.2042646045,96.9382719429,8.86524281615,2606381.38795,18.8033182372,36.2651404602,0,1.1,98.1496778838,-120.579800957,-38.3077788614,0.447126667924,-0.869131466556,0.674248095171,-150.617466458,116.844854624
191.5,0.105952380952,1764,1.22144672099,97.1768006735,8.86773456869,2607113.96319,18.7992779194,36.2651404602,0,1.1,98.1959325116,-124.80212653,21.2405436847,0.447318434321,-0.869179010245,0.674186805084,-150.710390204,116.899919657
192,0.105952380952,1764,4.3753803884,95.8184573949,8.86342210857,2605846.09992,18.7835630091,36.2651404602,0,1.1,98.0657560939,-101.104112708,76.0285625385,0.447335229886,-0.869363891434,0.673948383981,-150.595868285,116.744947731
192.5,0.105952380952,1764,6.55577127681,93.1654798951,8.85719874329,2604016.43053,18.7986443277,36.2651404602,0,1.1,97.9613397797,-54.9163664951,113.732877803,0.447400587186,-0.869186465526,0.674177193434,-150.353772171,116.620642595
193,0.105952380952,1764,7.27747212667,89.8081681842,8.84325525599,2599917.04526,18.7704308601,36.2651404602,0,1.1,97.5911431749,3.31879330422,125.904171114,0.447337864012,-0.869518337055,0.673749108738,-149.93798176,116.179932351
193.5,0.105952380952,1764,6.37990109399,86.4935399573,8.84887529152,2601569.33571,18.8880736156,36.2651404602,0,1.1,97.9739497792,60.6440047373,110.339986042,0.447455240263,-0.868133127483,0.675533028775,-149.889452038,116.635654499
194,0.105952380952,1764,4.06277196818,83.9591156331,8.8372080875,2598139.17773,18.8281868356,36.2651404602,0,1.1,97.5844562381,104.286084147,70.1371775402,0.446966846266,-0.86883873478,0.674625268534,-149.61596256,116.171971712
194.5,0.105952380952,1764,0.841656911715,82.7688165807,8.83668608075,2597985.70774,18.8015368151,36.2651404602,0,1.1,97.5144680524,124.864988346,14.5333722545,0.447215126483,-0.869152429643,0.674221072087,-149.652300265,116.088652443
195,0.105952380952,1764,-2.56673077846,83.1874899552,8.83594570132,2597768.03619,18.7343842903,36.2651404602,0,1.1,97.3507522436,117.722656147,-44.3540432036,0.44732583928,-0.869942041617,0.673201934213,-149.763158252,115.893752671
195.5,0.105952380952,1764,-5.40400876085,85.1219789553,8.82488567871,2594516.38954,18.5622121135,36.2651404602,0,1.1,96.7296747126,84.278236326,-93.3657979907,0.447605432877,-0.871961063386,0.670584747767,-149.735184575,115.154374658
196,0.105952380952,1764,-7.0388692984,88.1418506519,8.81711192897,2592230.90712,18.3969046682,36.2651404602,0,1.1,96.1966828422,32.117939568,-121.666204592,0.448326360994,-0.873892175294,0.668066213755,-149.802531499,114.519860526
196.5,0.105952380952,1764,-7.1075482084,91.5751693449,8.81836887239,2592600.44848,18.3111466263,36.2651404602,0,1.1,96.0356069413,-27.2655516242,-123.028817962,0.449024111067,-0.874891130948,0.666757458892,-150.016535155,114.328103502
197,0.105952380952,1764,-5.59476410936,94.6580054273,8.82835469563,2595536.28052,18.3341543638,36.2651404602,0,1.1,96.3039385441,-80.7861829549,-97.0328703956,0.449388255383,-0.874623316776,0.667108727084,-150.31045581,114.647545886
197.5,0.105952380952,1764,-2.83711860046,96.7044133261,8.82747980732,2595279.06335,18.2981177678,36.2651404602,0,1.1,96.2054361496,-116.310790146,-49.2194454767,0.449290414421,-0.875042726625,0.666558494493,-150.352730195,114.53028113
198,0.105952380952,1764,0.551799182272,97.2590576291,8.82550038284,2594697.11256,18.3045053063,36.2651404602,0,1.1,96.1763689052,-125.865815771,9.56772321797,0.449443708462,-0.874968410861,0.666656043245,-150.272545798,114.495677268
198.5,0.105952380952,1764,3.81793904362,96.1985273621,8.8173006414,2592286.38857,18.3283574222,36.2651404602,0,1.1,96.0501806012,-107.243476429,66.0558600307,0.449416517694,-0.874690807504,0.667020233027,-149.945851342,114.345453097
199,0.105952380952,1764,6.23456945511,93.7587955131,8.80239644553,2587904.55499,18.3524278016,36.2651404602,0,1.1,95.7784682247,-64.7921540543,107.468252313,0.449315055959,-0.874410510208,0.667387638212,-149.391473903,114.021985982
199.5,0.105952380952,1764,7.26397874879,90.4827139288,8.77677916454,2580373.07437,18.2894850686,36.2651404602,0,1.1,95.0846855774,-8.27934098389,124.589230542,0.449212782484,-0.875143146411,0.666426645094,-148.64764459,113.196054259
200,0.105952380952,1764,6.67711850017,87.0992262179,8.77482902391,2579799.73303,18.3894106156,36.2651404602,0,1.1,95.2599610912,49.6648305527,114.320517147,0.449480469677,-0.873979548135,0.667951906534,-148.3840395,113.404715585
200.5,0.105952380952,1764,4.6045678833,84.3611743591,8.7623239374,2576123.23759,18.3141974058,36.2651404602,0,1.1,94.8254065611,96.365186362,78.690151186,0.449055872975,-0.874855627443,0.666804042528,-148.109730937,112.887388763
201,0.105952380952,1764,1.50747918853,82.8777878088,8.76106301641,2575752.52682,18.2341039691,36.2651404602,0,1.1,94.6241597141,121.810144648,25.7821942226,0.449375275707,-0.875786893848,0.665580435834,-148.22472175,112.647809183
201.5,0.105952380952,1764,-1.92503073783,82.9791270729,8.76664115368,2577392.49918,18.1432841265,36.2651404602,0,1.1,94.5469619546,120.3745916,-33.0051250448,0.449716662647,-0.876840808235,0.664191385832,-148.592129691,112.555907089
202,0.105952380952,1764,-4.92921224292,84.642643687,8.76332918536,2576418.7805,17.9498993918,36.2651404602,0,1.1,94.054034476,92.0179369701,-84.6641356264,0.450105348957,-0.879077588503,0.66122809483,-148.858642301,111.969088662
202.5,0.105952380952,1764,-6.83662076845,87.4981973562,8.7650327835,2576919.63835,17.7999789,36.2651404602,0,1.1,93.7629737035,43.0721237196,-117.702240141,0.450938620891,-0.880804750702,0.658925633998,-149.209107214,111.622587742
203,0.105952380952,1764,-7.22284891853,90.9104139169,8.76655086547,2577365.95445,17.6664121263,36.2651404602,0,1.1,93.5029197739,-15.7068138897,-124.611390061,0.451589931692,-0.882338430231,0.656870531031,-149.520693664,111.312999731
203.5,0.105952380952,1764,-6.00195910758,94.1200590859,8.78286870413,2582163.39902,17.7294307408,36.2651404602,0,1.1,93.9899320226,-71.2872565942,-103.848801693,0.452174147854,-0.881615416397,0.657840601948,-149.954861717,111.892776217
204,0.105952380952,1764,-3.44560507858,96.4129716702,8.78202799155,2581916.22952,17.707306273,36.2651404602,0,1.1,93.9233018022,-110.971055202,-59.6232840319,0.451898040675,-0.881869372396,0.657500121696,-149.969342537,111.813454526
204.5,0.105952380952,1764,-0.12258766358,97.2789678022,8.77648137448,2580285.5241,17.7220499256,36.2651404602,0,1.1,93.8370700633,-125.773192701,-2.11819069039,0.451994880888,-0.881700151796,0.65772702721,-149.751223851,111.710797694
205,0.105952380952,1764,3.22770608492,96.5253592567,8.76658979063,2577377.39845,17.7975379099,36.2651404602,0,1.1,93.7909467906,-112.386924698,55.591109461,0.45193033556,-0.880832822319,0.658888108198,-149.266879528,111.655889036
205.5,0.105952380952,1764,5.85982000154,94.3198274907,8.743231382,2570510.02631,17.8213219493,36.2651404602,0,1.1,93.3435675032,-73.9818904215,100.355989256,0.451600574984,-0.880559235527,0.659253693754,-148.426386246,111.123294647
206,0.105952380952,1764,7.1880963218,91.1531137275,8.71264732026,2561518.31216,17.7767298471,36.2651404602,0,1.1,92.5952881952,-19.6218674438,122.315665692,0.451496923948,-0.881072052099,0.658568173396,-147.475639614,110.232485947
206.5,0.105952380952,1764,6.91698729776,87.7298267197,8.69663034761,2556809.3222,17.8001707043,36.2651404602,0,1.1,92.3056421052,38.4765470173,117.234128904,0.451691353575,-0.880802544867,0.658928582591,-146.888966747,109.887669173
207,0.105952380952,1764,5.10681596633,84.8116639772,8.68296333595,2552791.22077,17.715793536,36.2651404602,0,1.1,91.8345123048,87.7559997122,86.3771618681,0.451589095433,-0.881771966778,0.657630746395,-146.588808851,109.326800363
207.5,0.105952380952,1764,2.16035398898,83.0479304777,8.67862862547,2551516.81589,17.5752080365,36.2651404602,0,1.1,91.4407367426,117.685191151,36.5706458102,0.45195771945,-0.883382926096,0.655465182815,-146.710029301,108.858019932
208,0.105952380952,1764,-1.26679694326,82.8310652462,8.68912271645,2554602.07864,17.4637212207,36.2651404602,0,1.1,91.4214599168,121.825371322,-21.5273277413,0.452575226934,-0.88465666499,0.653745045938,-147.277095,108.83507133
208.5,0.105952380952,1764,-4.412079579,84.2093218196,8.69340992423,2555862.51773,17.2596780742,36.2651404602,0,1.1,91.0701136001,98.7596801312,-75.247761033,0.453067893696,-0.886979183345,0.650590445913,-147.809496771,108.416801905
209,0.105952380952,1764,-6.57565369268,86.876031608,8.70466218387,2559170.68206,17.1343809711,36.2651404602,0,1.1,91.0335778978,53.5026666023,-112.617979144,0.453976444415,-0.888399803072,0.64864920404,-148.429727526,108.373307021
209.5,0.105952380952,1764,-7.27611383648,90.2378391022,8.7066810294,2559764.22264,16.9570501363,36.2651404602,0,1.1,90.6893059896,-4.08443226696,-124.953356512,0.454538803673,-0.890403118631,0.645896498157,-148.833445175,107.963459511
210,0.105952380952,1764,-6.35760432372,93.5467262741,8.72962333097,2566509.2593,17.0632049466,36.2651404602,0,1.1,91.400569229,-61.1472644568,-109.608152097,0.45534054017,-0.889204905725,0.647545083862,-149.417495932,108.810201463
210.5,0.105952380952,1764,-4.02449785441,96.0664501168,8.72953545102,2566483.4226,17.0561377274,36.2651404602,0,1.1,91.3832473473,-104.595801593,-69.3891107627,0.454859774641,-0.889284771214,0.647435398852,-149.427907538,108.789580175
211,0.105952380952,1764,-0.795921625325,97.2363601877,8.72507596421,2565172.33348,17.1122251796,36.2651404602,0,1.1,91.4126079159,-124.5506879,-13.6992332301,0.454891704817,-0.888650563783,0.648305618892,-149.168817905,108.824533233
211.5,0.105952380952,1764,2.60975092047,96.7961459764,8.71116420796,2561082.27714,17.201999783,36.2651404602,0,1.1,91.3169265895,-116.467664432,44.7241120936,0.45463859778,-0.887633667648,0.649697215676,-148.52335847,108.710626892
212,0.105952380952,1764,5.43474157392,94.8437572219,8.68288631002,2552768.57515,17.2366006776,36.2651404602,0,1.1,90.7998661525,-82.4344557773,92.492241748,0.454234894239,-0.887241153968,0.650233138733,-147.49540849,108.095078753
212.5,0.105952380952,1764,7.05047658663,91.8136096331,8.64710014621,2542247.44298,17.1955952045,36.2651404602,0,1.1,89.9649888686,-30.6274322026,119.065310256,0.454079765317,-0.887706285895,0.649597991055,-146.358808922,107.101177225
213,0.105952380952,1764,7.09744729539,88.3799253446,8.61897468781,2533978.55822,17.1436684894,36.2651404602,0,1.1,89.2699685801,27.1994288115,119.159022585,0.454263636802,-0.888294646808,0.648793203149,-145.504642175,106.273772119
213.5,0.105952380952,1764,5.56520249591,85.3067153102,8.60475360784,2529797.5607,17.0561214606,36.2651404602,0,1.1,88.789381273,78.6232917295,93.2299164209,0.454497002586,-0.889284955028,0.647435146375,-145.186560521,105.701644373
214,0.105952380952,1764,2.79467388504,83.2777832617,8.596827435,2527467.26589,16.8568779703,36.2651404602,0,1.1,88.2020288887,112.689091808,46.8490193436,0.454891778324,-0.891531000105,0.644338789654,-145.285228622,105.002415344
214.5,0.105952380952,1764,-0.597682850237,82.7445761522,8.60935987841,2531151.80425,16.7192725823,36.2651404602,0,1.1,88.1651694444,122.19386166,-10.0660108976,0.455796481464,-0.893075914706,0.642195772776,-145.961626769,104.958535053
215,0.105952380952,1764,-3.85705233153,83.8257350792,8.62539068744,2535864.86211,16.5687449906,36.2651404602,0,1.1,88.1701848238,104.569703529,-65.3245080962,0.456426422856,-0.894760008753,0.639847268288,-146.781969279,104.964505743
215.5,0.105952380952,1764,-6.25820947188,86.2806970806,8.63946263208,2540002.01383,16.4272772451,36.2651404602,0,1.1,88.1524180351,63.3086264665,-106.524973736,0.457120357385,-0.896337112544,0.637636087966,-147.520859313,104.943354804
216,0.105952380952,1764,-7.26688547916,89.5632215289,8.64585696024,2541881.94631,16.2575027687,36.2651404602,0,1.1,87.9148411883,7.46135631153,-124.138036599,0.457777173367,-0.898222569357,0.634977334948,-148.050081008,104.660525224
216.5,0.105952380952,1764,-6.6586451829,92.9429312476,8.67007988796,2549003.48706,16.365545861,36.2651404602,0,1.1,88.6438189094,-50.4878271348,-114.233224857,0.458571415729,-0.897023591429,0.636669990199,-148.682089959,105.528355844
217,0.105952380952,1764,-4.56882491866,95.6678248793,8.67441306071,2550277.43985,16.4079390903,36.2651404602,0,1.1,88.824923261,-97.2811592033,-78.4181928248,0.458065205603,-0.896552272894,0.637333524906,-148.752545767,105.743956263
217.5,0.105952380952,1764,-1.46241955477,97.1316007352,8.66841439056,2548513.83083,16.4730832714,36.2651404602,0,1.1,88.8439288011,-122.136937557,-25.0456317559,0.457867309973,-0.895827057795,0.638352475144,-148.426722808,105.766581906
218,0.105952380952,1764,1.9693810596,97.0085617813,8.65131473515,2543486.53213,16.565327259,36.2651404602,0,1.1,88.693582015,-119.419354654,33.556416073,0.457564006558,-0.89479817448,0.639793894116,-147.6719151,105.587597637
218.5,0.105952380952,1764,4.96298509688,95.3260847654,8.62077704762,2534508.452,16.611412925,36.2651404602,0,1.1,88.1675832922,-90.0601170574,83.9203727441,0.457136172208,-0.89428326903,0.640513414952,-146.546863011,104.961408681
219,0.105952380952,1764,6.85230153524,92.4585287613,8.58183630232,2523059.87288,16.5662592463,36.2651404602,0,1.1,87.2766972239,-41.2204078319,114.887679297,0.456923141728,-0.894787767315,0.63980844904,-145.307852472,103.900830028
219.5,0.105952380952,1764,7.21694855357,89.0439385087,8.54417732737,2511988.13425,16.4330783191,36.2651404602,0,1.1,86.2309319231,15.9155967757,120.140853048,0.457131859375,-0.896272548672,0.637726836896,-144.274372845,102.655871337
220,0.105952380952,1764,5.97579046991,85.8420764485,8.53088157317,2508079.18251,16.3467640069,36.2651404602,0,1.1,85.7806701978,69.0757645732,99.2760666545,0.457750150681,-0.897232246958,0.636375907006,-143.979709798,102.119845474
220.5,0.105952380952,1764,3.40499081354,83.5653719952,8.52078117233,2505109.66467,16.1018544777,36.2651404602,0,1.1,85.061140338,106.968119201,56.6039657539,0.458153011953,-0.899944216545,0.632534905841,-144.073135601,101.263262307
221,0.105952380952,1764,0.076564636754,82.7204026309,8.53271060674,2508616.91838,15.9325795504,36.2651404602,0,1.1,84.9405651501,121.605294083,1.27900826058,0.4593053819,-0.901809050421,0.629873349634,-144.776214299,101.119720417
221.5,0.105952380952,1764,-3.26889753293,83.4951780256,8.55507395067,2515191.7415,15.820040474,36.2651404602,0,1.1,85.1461034525,109.382690161,-54.9685767599,0.460109978409,-0.90304449305,0.628100822776,-145.735474153,101.364408872
222,0.105952380952,1764,-5.88701457922,85.7173069986,8.5730188686,2520467.54737,15.7007187478,36.2651404602,0,1.1,85.2474810138,72.423219915,-99.5533771334,0.460648607179,-0.904350589594,0.626218820463,-146.559163995,101.485096445
222.5,0.105952380952,1764,-7.1952431073,88.8923553698,8.58489844526,2523960.14291,15.5797875118,36.2651404602,0,1.1,85.223146364,18.8103725886,-122.191901646,0.461222961278,-0.905670301895,0.624308661053,-147.180083444,101.456126624
223,0.105952380952,1764,-6.9024960976,92.3138598969,8.60578116205,2530099.66164,15.659604015,36.2651404602,0,1.1,85.8112418902,-39.4481476565,-117.678121142,0.461808514502,-0.904799723487,0.625569708648,-147.754817312,102.156240345
223.5,0.105952380952,1764,-5.07391114092,95.2205196805,8.61382961162,2532465.90581,15.753338606,36.2651404602,0,1.1,86.1751373243,-89.0682995681,-86.5669828184,0.461421649043,-0.903775095329,0.627049102594,-147.863682195,102.589449196
224,0.105952380952,1764,-2.1163570172,96.9655892052,8.60645729939,2530298.44602,15.8245904508,36.2651404602,0,1.1,86.1818196795,-118.53547773,-36.0146690669,0.460969260581,-0.902994611412,0.628172533434,-147.483212604,102.59740438
224.5,0.105952380952,1764,1.3120965276,97.1607822689,8.58800829801,2524874.43962,15.917757926,36.2651404602,0,1.1,86.0132050135,-121.197850258,22.2075288013,0.46062677252,-0.901971959755,0.629640043053,-146.685282342,102.396672635
225,0.105952380952,1764,4.44860240468,95.7626674939,8.55643233184,2515591.10556,15.9592296622,36.2651404602,0,1.1,85.4703782888,-96.7695966459,74.7031580072,0.460180746889,-0.901515978504,0.630292741908,-145.535004143,101.750450344
225.5,0.105952380952,1764,6.59527325867,93.0823320138,8.51700332518,2503998.9776,15.9028478053,36.2651404602,0,1.1,84.5652446732,-51.319386918,109.808216205,0.459982862078,-0.90213578088,0.629405300944,-144.29594799,100.672910325
226,0.105952380952,1764,7.27446469678,89.7161631186,8.47255178795,2490930.22566,15.6768147851,36.2651404602,0,1.1,83.2109883176,4.68938646847,120.184438839,0.46025198986,-0.904611771159,0.625841468329,-143.185583181,99.0607003781
226.5,0.105952380952,1764,6.3350534197,86.4131492686,8.46223288026,2487896.46679,15.5942048218,36.2651404602,0,1.1,82.8353430023,59.1744902483,104.513286132,0.461338428712,-0.90551317873,0.624536534677,-142.979348892,98.6135035742
227,0.105952380952,1764,3.9860628686,83.9082266287,8.45272158995,2485100.14745,15.3245845026,36.2651404602,0,1.1,82.0844210863,100.598290979,65.8250213649,0.461738522077,-0.90844206245,0.620268505707,-143.119548613,97.7195489123
227.5,0.105952380952,1764,0.750154523406,82.7587523043,8.46536107085,2488816.15483,15.1505880645,36.2651404602,0,1.1,81.9635303574,120.186498153,12.4506782574,0.463055740426,-0.910321508687,0.617506883218,-143.844867776,97.5756313779
228,0.105952380952,1764,-2.6526667424,83.2204897556,8.48973330429,2495981.59146,15.0642595203,36.2651404602,0,1.1,82.2529651449,113.287209498,-44.3266846929,0.463915165122,-0.911250883355,0.61613458561,-144.822036833,97.920196601
228.5,0.105952380952,1764,-5.46525714301,85.1907002214,8.50868981825,2501554.80656,14.9713216115,36.2651404602,0,1.1,82.4223796815,80.8122458279,-91.8345131478,0.464344329545,-0.912249099086,0.614655660689,-145.62885023,98.1218805732
229,0.105952380952,1764,-7.06180204478,88.2310025776,8.5233371717,2505861.12848,14.9090519218,36.2651404602,0,1.1,82.5729426644,29.8492986031,-119.157798223,0.464808412534,-0.9129165748,0.613663855426,-146.237590828,98.3011222195
229.5,0.105952380952,1764,-7.08706267474,91.6649152063,8.53882716119,2510415.18539,14.964971423,36.2651404602,0,1.1,82.9936308185,-28.176752481,-119.940288877,0.46512055664,-0.912317216812,0.614554550799,-146.673248327,98.8019414506
230,0.105952380952,1764,-5.53541842354,94.7283763467,8.54917356678,2513457.02863,15.1115316047,36.2651404602,0,1.1,83.5105238716,-80.0778270188,-93.7455579871,0.464840200356,-0.910742229257,0.616886206564,-146.775083723,99.4172903233
230.5,0.105952380952,1764,-2.75211745757,96.739751442,8.53974288457,2510684.40806,15.1823080148,36.2651404602,0,1.1,83.4782825691,-113.794581468,-46.4670035582,0.464109098437,-0.90997950654,0.618010758545,-146.328794845,99.3789078204
231,0.105952380952,1764,0.643542626909,97.2515000439,8.52106121538,2505191.99732,15.2723156432,36.2651404602,0,1.1,83.3055915171,-121.769691914,10.8065899383,0.463757937212,-0.909007532795,0.619439509009,-145.53365835,99.1733232346
231.5,0.105952380952,1764,3.89601144074,96.1497556743,8.49043942166,2496189.18997,15.3015113031,36.2651404602,0,1.1,82.7697586985,-102.492312928,64.9312338411,0.463313135352,-0.908691772956,0.619902622806,-144.439349965,98.535427022
232,0.105952380952,1764,6.28159932802,93.6796616532,8.45193037936,2484867.53153,15.2142456509,36.2651404602,0,1.1,81.8374285755,-60.8335712232,103.849798196,0.463169280947,-0.909634875542,0.618517900466,-143.280641978,97.425510209
232.5,0.105952380952,1764,7.26950172889,90.390825554,8.40739168283,2471773.15475,14.9200025634,36.2651404602,0,1.1,80.3645360118,-6.41560030288,119.332569257,0.463599879911,-0.912799271775,0.61383832517,-142.267742522,95.6720666807
233,0.105952380952,1764,6.63990569832,87.0150289252,8.39881780336,2469252.43419,14.8086739731,36.2651404602,0,1.1,79.9688257283,48.9637327449,108.917158631,0.465065593396,-0.913990266748,0.612063552492,-142.162969028,95.2009830099
233.5,0.105952380952,1764,4.53289932349,84.3034024433,8.39732740549,2468814.25721,14.582729236,36.2651404602,0,1.1,79.4690754595,93.6564696244,74.5243706571,0.465625770742,-0.916396813882,0.608454500769,-142.486702866,94.6060422137
234,0.105952380952,1764,1.41730146343,82.8592957937,8.40859496573,2472126.91992,14.3887740865,36.2651404602,0,1.1,79.2757730806,117.977864579,23.416486006,0.466772275797,-0.918451272709,0.605348874335,-143.189634637,94.3759203341
234.5,0.105952380952,1764,-2.01365265893,83.0040295191,8.43098324197,2478709.07314,14.3071713318,36.2651404602,0,1.1,79.5261855656,116.311883034,-33.4780904488,0.467766844174,-0.919312501014,0.604040168764,-144.088132216,94.6740304353
235,0.105952380952,1764,-4.99655956446,84.7053996828,8.44878701606,2483943.38272,14.2504264971,36.2651404602,0,1.1,79.7419962141,88.4553039793,-83.4760262622,0.468188188265,-0.919910281896,0.603129400097,-144.791407955,94.9309478739
235.5,0.105952380952,1764,-6.86770839366,87.5848433964,8.46339062338,2488236.84327,14.2550611676,36.2651404602,0,1.1,80.0277722908,40.4867585113,-115.127628101,0.468482201636,-0.919861491593,0.603203809905,-145.284674259,95.271157489
236,0.105952380952,1764,-7.21075970412,91.0016708488,8.47114748887,2490517.36173,14.2896346769,36.2651404602,0,1.1,80.2482950874,-16.815759912,-121.052144135,0.468458156449,-0.919497337956,0.603758764319,-145.49348828,95.5336846279
236.5,0.105952380952,1764,-5.9493829608,94.1956218116,8.48169593139,2493618.60383,14.4884061868,36.2651404602,0,1.1,80.8728334578,-70.4491344187,-99.8967253814,0.468278961863,-0.917397238517,0.606945060743,-145.522926609,96.2771826878
237,0.105952380952,1764,-3.36424044013,96.4560271267,8.46913445689,2489925.53032,14.5534988612,36.2651404602,0,1.1,80.7718745816,-108.001677568,-56.2797528795,0.467254741115,-0.916707107584,0.607986906853,-144.983055453,96.1569935496
237.5,0.105952380952,1764,-0.0305385493953,97.2799359473,8.45476531536,2485701.00272,14.6789876785,36.2651404602,0,1.1,80.7636608976,-121.195198438,-0.50840084044,0.466921546584,-0.915373301264,0.609993212531,-144.281267592,96.1472153543
238,0.105952380952,1764,3.30995831266,96.4840246736,8.42357009353,2476529.6075,14.657702256,36.2651404602,0,1.1,80.1240808545,-107.176423572,54.7113115662,0.466282252124,-0.915599851001,0.609653108618,-143.253979492,95.385810541
238.5,0.105952380952,1764,5.91397383411,94.2453873191,8.38685606406,2465735.68283,14.5192264682,36.2651404602,0,1.1,79.1386325027,-69.674679374,97.0592786342,0.466390407089,-0.91707062072,0.607438454999,-142.236073142,94.2126577414
239,0.105952380952,1764,7.20210227595,91.0621312568,8.34894947394,2454591.14534,14.2004244665,36.2651404602,0,1.1,77.7648643564,-17.3377240163,117.563682263,0.467096843776,-0.920436282593,0.602326364761,-141.470532802,92.5772194719
239.5,0.105952380952,1764,6.88772898262,87.6425459788,8.3403423028,2452060.63702,14.0112827794,36.2651404602,0,1.1,77.2127008431,38.4854012653,112.442071541,0.468741974422,-0.922419630515,0.59928459453,-141.483202346,91.9198819561
240,0.105952380952,1764,5.04080349507,84.7475053428,8.34690540446,2453990.18891,13.8219065699,36.2651404602,0,1.1,76.9404134367,86.0658502004,82.5971403702,0.469730548845,-0.924395366822,0.596232509846,-142.009480018,91.5957302818
240.5,0.105952380952,1764,2.07227544787,83.0211695487,8.35950652447,2457694.91819,13.6323076323,36.2651404602,0,1.1,76.7765455008,114.942801001,34.1308111848,0.470729847018,-0.92636331035,0.593170310483,-142.741817409,91.4006494057
241,0.105952380952,1764,-1.35734366326,82.8476564554,8.38003012665,2463728.85723,13.5670804961,36.2651404602,0,1.1,77.0167775841,118.465954968,-22.4820035958,0.471739961257,-0.927037991774,0.592115328131,-143.548046406,91.6866399811
241.5,0.105952380952,1764,-4.48494740551,84.2655735448,8.39483743437,2468082.2057,13.5481920524,36.2651404602,0,1.1,77.2492955701,95.3366779361,-74.5636882261,0.472089719954,-0.927233141411,0.591809683488,-144.086111355,91.9634471072
242,0.105952380952,1764,-6.61462919051,86.9594275749,8.40680431975,2471600.47001,13.6230285579,36.2651404602,0,1.1,77.6281615927,50.6524090025,-110.19204818,0.472191219511,-0.92645936237,0.593020277795,-144.376611809,92.4144780865
242.5,0.105952380952,1764,-7.27252477349,90.3298233147,8.40479657393,2471010.19274,13.636363839,36.2651404602,0,1.1,77.6192979287,-5.491031346,-121.075920685,0.471789646534,-0.926321315034,0.59323589011,-144.286156268,92.4039261056
243,0.105952380952,1764,-6.31224928335,93.6268318109,8.4132277094,2473488.94656,13.8851740192,36.2651404602,0,1.1,78.3017420974,-60.3333270112,-105.005972165,0.471718249442,-0.923736428371,0.597252886892,-144.172341414,93.2163596398
243.5,0.105952380952,1764,-3.94746854712,96.1168531182,8.39649991656,2468570.97547,13.94209978,36.2651404602,0,1.1,78.110487336,-101.286114305,-65.3642882632,0.47039493355,-0.923142576746,0.598170362856,-143.50728613,92.9886754
244,0.105952380952,1764,-0.704357435414,97.245845748,8.37792207581,2463109.09029,14.0080695871,36.2651404602,0,1.1,77.903350489,-119.36103543,-11.6029012662,0.470094504823,-0.922453237415,0.59923286357,-142.766261254,92.7420839155
244.5,0.105952380952,1764,2.69547652876,96.7626035137,8.35450445615,2456224.31011,14.0157081991,36.2651404602,0,1.1,77.4843528764,-110.769082428,44.1509636333,0.469747424586,-0.922373340133,0.599355838723,-141.956971518,92.2432772338
245,0.105952380952,1764,5.49555424831,94.7746500923,8.32183445078,2446619.32853,13.8293593733,36.2651404602,0,1.1,76.4943304226,-77.7602257407,89.5009122464,0.469707310944,-0.924317803487,0.596352746414,-141.145831295,91.0646790746
245.5,0.105952380952,1764,7.07284522015,91.7243144991,8.29239171363,2437963.16381,13.4928332967,36.2651404602,0,1.1,75.2612497492,-27.9891093017,114.806572724,0.470690339028,-0.927804510634,0.590913521632,-140.677516045,89.5967258919
246,0.105952380952,1764,7.07639476155,88.2903107947,8.2857495218,2436010.35941,13.2242987617,36.2651404602,0,1.1,74.5869570095,27.7896725901,115.021310853,0.472489259201,-0.930563810802,0.58655860238,-140.869947807,88.7939964398
246.5,0.105952380952,1764,5.50541308282,85.2367210047,8.3009920585,2440491.6652,13.0702800927,36.2651404602,0,1.1,74.5421007662,77.8399152984,89.9676228219,0.473946977303,-0.932137194218,0.58405500696,-141.627773622,88.7405961502
247,0.105952380952,1764,2.70945101918,83.2429832637,8.31704045496,2445209.89376,12.9024985705,36.2651404602,0,1.1,74.4805599832,111.051192489,44.5296761003,0.474792120298,-0.933843506787,0.581322892059,-142.436182387,88.6673333133
247.5,0.105952380952,1764,-0.689376679127,82.7527136255,8.33613961386,2450825.04647,12.8569933842,36.2651404602,0,1.1,74.7275398852,119.715535512,-11.3875862007,0.475720404939,-0.934304907766,0.580581035967,-143.161810847,88.9613570062
248,0.105952380952,1764,-3.93481481392,83.8749993975,8.34987948181,2454864.56765,12.9094836292,36.2651404602,0,1.1,75.0845808669,101.452835683,-65.1751969789,0.47597355282,-0.933772629453,0.581436734722,-143.552297595,89.3864057939
248.5,0.105952380952,1764,-6.30473808857,86.3601267008,8.35479395922,2456309.42401,13.0189927423,36.2651404602,0,1.1,75.4035970832,60.2889101183,-104.428301947,0.475681599044,-0.93265962769,0.583220386198,-143.550020766,89.7661870039
249,0.105952380952,1764,-7.27182739342,89.6551429856,8.34359195702,2453016.03536,13.0287409389,36.2651404602,0,1.1,75.2219917888,5.69611359142,-120.111098579,0.475075030515,-0.932560386168,0.583379058718,-143.150104923,89.5499902247
249.5,0.105952380952,1764,-6.62090079549,93.0268915832,8.34608490642,2453748.96249,13.3013705934,36.2651404602,0,1.1,75.8386019801,-49.8765425135,-109.097941215,0.475021200458,-0.929773955596,0.587809825961,-142.807681271,90.2840499763
250,0.105952380952,1764,-4.49679253385,95.7251425229,8.32850451921,2448580.32865,13.3926088892,36.2651404602,0,1.1,75.7095652363,-93.8461027333,-73.7110827222,0.473526554335,-0.928836743686,0.589289660166,-142.063343769,90.1304348051
250.5,0.105952380952,1764,-1.37212671802,97.1495222407,8.30643568808,2442092.09229,13.4129083942,36.2651404602,0,1.1,75.3509175951,-116.547957098,-22.3677275881,0.473030986659,-0.928627904076,0.589618703716,-141.279691264,89.7034733275
251,0.105952380952,1764,2.05784376612,96.9830995292,8.28402671248,2435503.85347,13.3797606384,36.2651404602,0,1.1,74.8766043976,-113.263211741,33.3774412406,0.472921041481,-0.928968865167,0.589081359024,-140.570028775,89.138814759
251.5,0.105952380952,1764,5.0299343036,95.2629042269,8.2570282625,2427566.30918,13.1563902496,36.2651404602,0,1.1,73.9314348902,-85.0158096511,81.2524642055,0.473100633515,-0.931258362195,0.585455261179,-139.99944743,88.0136129645
252,0.105952380952,1764,6.88284072783,92.3716879043,8.237213796,2421740.85603,12.8102164997,36.2651404602,0,1.1,72.8685788044,-38.2722039171,111.069202397,0.474318789397,-0.934778588884,0.57981806609,-139.855009315,86.7483081004
252.5,0.105952380952,1764,7.20428261758,88.9527598336,8.23377575884,2420730.0731,12.466098451,36.2651404602,0,1.1,72.1014705736,16.9479314998,116.589959235,0.476234393244,-0.938244091581,0.57419336866,-140.256340153,85.8350840162
253,0.105952380952,1764,5.92273763586,85.7668476407,8.2581231329,2427888.20107,12.3480722305,36.2651404602,0,1.1,72.2842265034,68.9993785727,96.5392175002,0.478172738546,-0.939424907503,0.572259419462,-141.264609337,86.0526505993
253.5,0.105952380952,1764,3.3233555873,83.5228318194,8.27887223666,2433988.43758,12.2138178358,36.2651404602,0,1.1,72.368275671,106.258669064,54.5200204291,0.478845535337,-0.940763234848,0.570056607678,-142.177636821,86.1527091321
254,0.105952380952,1764,-0.0154887586868,82.7200164768,8.3032913658,2441167.66154,12.2604311045,36.2651404602,0,1.1,72.8935282964,120.075249163,-0.255469885696,0.479615862443,-0.940299151155,0.570821781589,-142.947048725,86.7780098767
254.5,0.105952380952,1764,-3.35088678279,83.5370318143,8.3093128723,2442937.98446,12.3084891953,36.2651404602,0,1.1,73.1001271104,106.699759276,-55.3211470047,0.479347795295,-0.939820031164,0.57161027722,-143.081509996,87.0239608457
255,0.105952380952,1764,-5.94069668858,85.7920880648,8.30775239542,2442479.20425,12.4493881556,36.2651404602,0,1.1,73.3679028078,69.3399556601,-97.8935993245,0.479072097745,-0.938411514984,0.57391970566,-142.813417116,87.3427414378
255.5,0.105952380952,1764,-7.20867355357,88.9834245734,8.2918674423,2437809.02804,12.5087381236,36.2651404602,0,1.1,73.2113530635,16.677029076,-118.259064013,0.478267744199,-0.93781651556,0.574891453357,-142.177597653,87.1563726947
256,0.105952380952,1764,-6.87268654312,92.4009539104,8.28254422218,2435068.00132,12.7380563255,36.2651404602,0,1.1,73.5231483423,-39.2026475075,-112.216859644,0.477930684467,-0.935508089123,0.578640315901,-141.508871503,87.5275575504
256.5,0.105952380952,1764,-5.0074943522,95.284259675,8.26299568519,2429320.73145,12.8576927491,36.2651404602,0,1.1,73.4233690791,-85.7632123697,-81.2713280538,0.47663801104,-0.934297820997,0.580592440254,-140.659471636,87.4087727132
257,0.105952380952,1764,-2.02811104307,96.9917927313,8.23652526407,2421538.42764,12.8361907835,36.2651404602,0,1.1,72.9096382415,-112.776779819,-32.7131883544,0.475969657733,-0.934515639987,0.580241776004,-139.79229591,86.7971883827
257.5,0.105952380952,1764,1.40253654156,97.1436189183,8.21533710653,2415309.10932,12.765473231,36.2651404602,0,1.1,72.3907625677,-114.721414865,22.5237345787,0.476089476212,-0.935231093801,0.579087904543,-139.180473305,86.1794792473
258,0.105952380952,1764,4.52111312866,95.7059561931,8.19419625444,2409093.6988,12.5147115906,36.2651404602,0,1.1,71.508934643,-91.4087507565,72.4277034615,0.476484481777,-0.937756574197,0.574989223856,-138.838986212,85.1296840988
258.5,0.105952380952,1764,6.6337207145,92.9986912949,8.18389266621,2406064.44387,12.1674817003,36.2651404602,0,1.1,70.6229027043,-48.0951269198,106.396293696,0.477896817297,-0.941223942269,0.569295609065,-139.002115362,84.0748841718
259,0.105952380952,1764,7.27029414415,89.624203436,8.18377383166,2406029.50651,11.7564551879,36.2651404602,0,1.1,69.7814444336,6.05311191395,117.10565854,0.479882980302,-0.945283681736,0.562528897963,-139.597612864,83.0731481353
259.5,0.105952380952,1764,6.28919282624,86.3333320856,8.21721140503,2415860.15308,11.6767791169,36.2651404602,0,1.1,70.188371823,59.5933757008,102.216573657,0.482280921072,-0.946065025675,0.561213833751,-140.857021906,83.5575855036
260,0.105952380952,1764,3.90871643272,83.8583116451,8.2430809061,2423465.78639,11.5817875161,36.2651404602,0,1.1,70.4335043059,100.547367972,63.9907345908,0.48275174742,-0.946994170536,0.559644566642,-141.884522963,83.849409888
260.5,0.105952380952,1764,0.658532192006,82.7498458394,8.26303926006,2429333.54246,11.6004031696,36.2651404602,0,1.1,70.8138950317,119.246944692,10.8312113286,0.483315655815,-0.946812289548,0.559952219713,-142.545040805,84.3022559901
261,0.105952380952,1764,-2.73817856832,83.2545735399,8.27263008693,2432153.24556,11.7547385057,36.2651404602,0,1.1,71.3014006386,111.025573898,-45.0687363923,0.483204924021,-0.945300535666,0.562500575351,-142.648006934,84.8826198078
261.5,0.105952380952,1764,-5.52563167875,85.2601904521,8.26625427448,2430278.7567,11.9198463272,36.2651404602,0,1.1,71.5360040204,77.7602539648,-90.6522758581,0.482291044672,-0.943675669095,0.565222285087,-142.183392436,85.161909548
262,0.105952380952,1764,-7.0836056713,88.3204373505,8.24550082382,2424177.2422,12.0245191766,36.2651404602,0,1.1,71.3942342658,27.386298815,-115.502533746,0.481321524567,-0.942641498305,0.566945328646,-141.315313921,84.9931360307
262.5,0.105952380952,1764,-7.06544398226,91.7543948625,8.22464286502,2418045.00232,12.2014136208,36.2651404602,0,1.1,71.3977883194,-28.4089538298,-114.410886724,0.480711200255,-0.940886626859,0.569852924357,-140.339520172,84.9973670469
263,0.105952380952,1764,-5.47518767314,94.7979912405,8.20243979665,2411517.30021,12.3442665993,36.2651404602,0,1.1,71.304932837,-77.1581303584,-88.0483567072,0.479687307007,-0.939462915356,0.572197020852,-139.371616771,84.886824806
263.5,0.105952380952,1764,-2.66667627538,96.7740119311,8.17175820656,2402496.91273,12.2868925702,36.2651404602,0,1.1,70.6560998551,-108.18765131,-42.5894500885,0.478867297517,-0.940035422723,0.571255988176,-138.41521404,84.1144045894
264,0.105952380952,1764,0.735183174756,97.2427830079,8.15096288289,2396383.08757,12.1822055815,36.2651404602,0,1.1,70.0854731503,-115.213998227,11.6948682434,0.479195907226,-0.941077613488,0.569537466187,-137.864314984,83.4350870837
264.5,0.105952380952,1764,3.97346089999,96.1000006948,8.1375675442,2392444.85799,11.9414593896,36.2651404602,0,1.1,69.3696921698,-96.961692948,63.1595822696,0.479798030517,-0.943462389318,0.565578217351,-137.75976664,82.5829668688
265,0.105952380952,1764,6.3276248286,93.5999394479,8.13340995396,2391222.52646,11.5754473831,36.2651404602,0,1.1,68.5589515685,-57.3816093723,100.85983429,0.481195230188,-0.947056092876,0.559539772443,-138.143235025,81.6177994863
265.5,0.105952380952,1764,7.27386237977,90.2988746897,8.13936776324,2392974.12239,11.1534454424,36.2651404602,0,1.1,67.8016470763,-4.7915575252,116.614525165,0.483353393671,-0.95115155912,0.552549284303,-138.943956502,80.7162465195
266,0.105952380952,1764,6.60163123411,86.931308903,8.17736516168,2404145.35753,11.0690486177,36.2651404602,0,1.1,68.2625665277,49.7000905692,106.919093473,0.485893805203,-0.951964433412,0.551147636772,-140.364117681,81.2649601521
266.5,0.105952380952,1764,4.46050599305,84.2465413631,8.20969510165,2413650.35989,11.0339647876,36.2651404602,0,1.1,68.7306157806,93.9537522439,72.8398866498,0.486408702148,-0.952301738246,0.550564618672,-141.526324282,81.8221616436
267,0.105952380952,1764,1.32689712432,82.8419455142,8.23119323205,2419970.81022,11.0841821399,36.2651404602,0,1.1,69.1957618481,117.44414889,21.7707623965,0.486623424398,-0.951818825697,0.55139905971,-142.196359696,82.375906962
267.5,0.105952380952,1764,-2.10195261472,83.0300505593,8.23902183494,2422272.41947,11.250834195,36.2651404602,0,1.1,69.6752354027,114.381946769,-34.4945733302,0.486316204353,-0.950210987485,0.554165209357,-142.226312224,82.9467088127
268,0.105952380952,1764,-5.0631079802,84.7690022385,8.22912485541,2419362.70749,11.4378824993,36.2651404602,0,1.1,69.8966592507,85.4748634199,-82.7315328393,0.485302499347,-0.948396794583,0.557264317918,-141.613929773,83.2103086318
268.5,0.105952380952,1764,-6.89769793286,87.6718755989,8.20444896759,2412107.99647,11.5807098199,36.2651404602,0,1.1,69.7726446333,37.7584060295,-111.869485624,0.484175317073,-0.947004696917,0.559626754201,-140.559292609,83.0626721825
269,0.105952380952,1764,-7.19751755284,91.0927676224,8.1733750434,2402972.26276,11.6949992474,36.2651404602,0,1.1,69.4787234254,-17.5681571015,-115.712724752,0.483322069611,-0.945886511132,0.561514655248,-139.331874796,82.7127659826
269.5,0.105952380952,1764,-5.89585556016,94.2705136944,8.14842091153,2395635.74799,11.8555288277,36.2651404602,0,1.1,69.3807650448,-68.123651386,-94.0512635128,0.482643906431,-0.944309565869,0.564162604049,-138.2515128,82.5961488628
270,0.105952380952,1764,-3.28233788932,96.4980503215,8.11429668449,2385603.22524,11.7698734379,36.2651404602,0,1.1,68.6286333657,-102.882842677,-51.9688577302,0.481698204225,-0.945151915686,0.562750261017,-137.218282268,81.7007540068
270.5,0.105952380952,1764,0.0615154476337,97.2797400949,8.09492266154,2379907.26249,11.6561954015,36.2651404602,0,1.1,68.0735711128,-114.844786786,0.970464381345,0.482201822475,-0.946266582713,0.560873920271,-136.724865518,81.0399656105
271,0.105952380952,1764,3.39168130726,96.4416533522,8.08520868569,2377051.35359,11.3997098039,36.2651404602,0,1.1,67.3967227295,-101.647401468,53.5197367263,0.48287370205,-0.948767855415,0.556632335147,-136.757459288,80.2341937257
271.5,0.105952380952,1764,5.96718207442,94.1702683476,8.08654178957,2377443.28613,11.0383105642,36.2651404602,0,1.1,66.6927799364,-66.0696040264,94.5381265551,0.484404448963,-0.952259976221,0.550636847376,-137.306088523,79.3961665909
272,0.105952380952,1764,7.21495667748,90.9709789607,8.09988445408,2381366.0295,10.6529915206,36.2651404602,0,1.1,66.1333245342,-15.4937049386,115.127530493,0.486596805402,-0.955941494705,0.544220413712,-138.292158296,78.730148255
272.5,0.105952380952,1764,6.85736938038,87.5556421741,8.13786664826,2392532.79459,10.5266584494,36.2651404602,0,1.1,66.496300793,39.4200794348,110.588573744,0.488981072076,-0.957139136834,0.542111310287,-139.767052439,79.1622628488
273,0.105952380952,1764,4.97398504378,84.684186536,8.17554147892,2403609.1948,10.5447857486,36.2651404602,0,1.1,67.1509105491,86.5080472582,80.9452280712,0.489773529682,-0.956967575184,0.542414103841,-141.038886079,79.9415601775
273.5,0.105952380952,1764,1.9838655682,82.9955244731,8.19938570239,2410619.3965,10.6261334039,36.2651404602,0,1.1,67.712297319,114.562347704,32.4472968958,0.489659491682,-0.956196499826,0.543772244346,-141.748468716,80.6098777607
274,0.105952380952,1764,-1.44767335598,82.8653912613,8.20685947401,2412816.68536,10.8044579339,36.2651404602,0,1.1,68.2067238816,116.69610049,-23.6786404992,0.489149098492,-0.954499461711,0.546745624211,-141.754963907,81.1984808114
274.5,0.105952380952,1764,-4.55709812848,84.3227421542,8.19487267706,2409292.56706,11.0005820375,36.2651404602,0,1.1,68.4136295091,92.4060295525,-74.173721852,0.488037987822,-0.952622356955,0.550009677215,-141.063217116,81.4447970346
275,0.105952380952,1764,-6.65254706748,87.0433097026,8.16764172905,2401286.66834,11.1740768095,36.2651404602,0,1.1,68.3158291179,47.7215492919,-107.373387423,0.486828107257,-0.950952532594,0.552891744154,-139.881664606,81.3283679976
275.5,0.105952380952,1764,-7.26777289793,90.4217547914,8.12838377159,2389744.82885,11.2163966177,36.2651404602,0,1.1,67.7466217257,-6.73902555745,-116.128395694,0.485768285114,-0.950543896335,0.553593985824,-138.480674912,80.6507401497
276,0.105952380952,1764,-6.26588496999,93.7063574494,8.10119480756,2381751.27342,11.3908928305,36.2651404602,0,1.1,67.6457520604,-58.7220377514,-99.2741630499,0.485511242444,-0.948853501668,0.556486327211,-137.311183318,80.5306572147
276.5,0.105952380952,1764,-3.86980807444,96.1662780887,8.06485540363,2371067.48867,11.2859668011,36.2651404602,0,1.1,66.8307913788,-96.9253569888,-60.8280268418,0.484457438505,-0.949871006042,0.554747755183,-136.22800472,79.5604659272
277,0.105952380952,1764,-0.612680624962,97.2541727614,8.04188311432,2364313.63561,11.1100460759,36.2651404602,0,1.1,66.1009420756,-113.579660945,-9.59283159361,0.48508993469,-0.951569821216,0.551828664851,-135.695287927,78.691597709
277.5,0.105952380952,1764,2.78077115413,96.7279797702,8.03885658043,2363423.83465,10.9058510541,36.2651404602,0,1.1,65.6448599044,-105.478584382,43.5958214569,0.486158292829,-0.953530422645,0.548433891267,-135.872544587,78.1486427433
278,0.105952380952,1764,5.55548823204,94.7047795383,8.04405129838,2364951.08172,10.5620096463,36.2651404602,0,1.1,65.0427313591,-74.1086051081,87.508772775,0.487410921668,-0.956804474823,0.542701756916,-136.515339854,77.4318230465
278.5,0.105952380952,1764,7.0940829681,91.6347436624,8.06217230663,2370278.65815,10.2105038086,36.2651404602,0,1.1,64.6281988595,-25.9557732063,112.636869536,0.489551239517,-0.960115887742,0.536821648321,-137.605692947,76.9383319756
279,0.105952380952,1764,7.05421077461,88.2009696091,8.09851607478,2380963.72598,10.045815672,36.2651404602,0,1.1,64.8766781748,28.8685626592,113.197045913,0.4917804014,-0.961654932859,0.534059725226,-139.071697164,77.2341406842
279.5,0.105952380952,1764,5.44474340273,85.1674883054,8.14066139655,2393354.45059,10.1139798997,36.2651404602,0,1.1,65.6940657227,78.3034179065,88.2236909088,0.492839421439,-0.961018886839,0.535203418466,-140.430000949,78.2072210985
280,0.105952380952,1764,2.62379493601,83.2092636531,8.16688380806,2401063.83957,10.2247238824,36.2651404602,0,1.1,66.3473187182,110.62403531,42.7427555451,0.492399951171,-0.959982625961,0.53705992017,-141.183752449,78.984903236
280.5,0.105952380952,1764,-0.780960282766,82.7620098759,8.17508299881,2403474.40165,10.4086721557,36.2651404602,0,1.1,66.8617742915,117.934051633,-12.7247770074,0.491689400631,-0.958253449002,0.540139174172,-141.212559927,79.5973503471
281,0.105952380952,1764,-4.01194815414,83.9252430494,8.16304052489,2399933.91432,10.6188398751,36.2651404602,0,1.1,67.0983116725,98.4845026906,-65.0420620933,0.490518491604,-0.956265712159,0.543650519864,-140.504774693,79.8789424673
281.5,0.105952380952,1764,-6.35025863326,86.4401383045,8.13419098127,2391452.14849,10.8011934506,36.2651404602,0,1.1,66.9975196065,57.2016052417,-102.039073031,0.489194769056,-0.95453061153,0.546691239781,-139.260254425,79.7589519125
282,0.105952380952,1764,-7.27560660661,89.747119582,8.08894409404,2378149.56365,10.7682123544,36.2651404602,0,1.1,66.1876376454,4.01965067843,-115.649116918,0.488058233383,-0.95484514455,0.546141694005,-137.760657058,78.7948067208
282.5,0.105952380952,1764,-6.58209778444,93.1103679455,8.06049984184,2369786.9535,10.9507469992,36.2651404602,0,1.1,66.0887055649,-49.003924444,-103.70111452,0.488262972239,-0.953100386995,0.549180892157,-136.543549176,78.6770304344
283,0.105952380952,1764,-4.42404115157,95.7815447667,8.02727758905,2360019.61118,10.8866674286,36.2651404602,0,1.1,65.4177819261,-90.3972276597,-69.1720070142,0.487134341901,-0.95371399442,0.548114601928,-135.50749347,77.8783118168
283.5,0.105952380952,1764,-1.28161449031,97.1663006006,8.00131974516,2352388.00508,10.6671852867,36.2651404602,0,1.1,64.5616892656,-111.569328666,-19.9529542873,0.487529303293,-0.955806646765,0.54445721044,-134.927940602,76.8591538876
284,0.105952380952,1764,2.14597744157,96.956520741,7.99769411024,2351322.06841,10.4544277775,36.2651404602,0,1.1,64.0822648674,-108.433351022,33.4499865478,0.488892372221,-0.957821795771,0.540904249887,-135.089902531,76.2884105565
284.5,0.105952380952,1764,5.0960792682,95.1988821964,8.00564627237,2353660.00408,10.1352599701,36.2651404602,0,1.1,63.5753937903,-81.4519197734,79.8412858822,0.490229031895,-0.960820042108,0.535560310967,-135.782387707,75.6849926075
285,0.105952380952,1764,6.91227941488,92.2844678353,8.0265145381,2359795.2742,9.81956359405,36.2651404602,0,1.1,63.2745728935,-36.0879982652,109.194064226,0.492263085021,-0.96375634805,0.530258146183,-136.908319214,75.3268724923
285.5,0.105952380952,1764,7.19046478033,88.861748603,8.05958627146,2369518.36381,9.61956107087,36.2651404602,0,1.1,63.3919248721,18.1642761947,114.745818526,0.494309805014,-0.965601446068,0.526890735685,-138.303126562,75.4665772287
286,0.105952380952,1764,5.86873780829,85.6922956766,8.10532293488,2382964.94286,9.73389385625,36.2651404602,0,1.1,64.3477765853,69.4491496177,94.6162548587,0.495624734653,-0.964548122482,0.528816527179,-139.724685085,76.6044959349
286.5,0.105952380952,1764,3.24118898581,83.4813272855,8.1337110766,2391311.05652,9.87151569105,36.2651404602,0,1.1,65.0830155041,105.692340743,52.5519328406,0.494871293518,-0.963275148233,0.531131799835,-140.519447219,77.479780362
287,0.105952380952,1764,-0.107539677612,82.7207943278,8.14333831872,2394141.4657,10.0555114562,36.2651404602,0,1.1,65.6167887636,118.092927342,-1.7446512582,0.493970576952,-0.96156454371,0.534222452055,-140.602159502,78.1152247186
287.5,0.105952380952,1764,-3.4323402554,83.5799189747,8.13239388338,2390923.80171,10.2833499072,36.2651404602,0,1.1,65.908404026,103.644983889,-55.4112711462,0.492776811648,-0.959432594593,0.538041909551,-139.913581075,78.4623857453
288,0.105952380952,1764,-5.99342893294,85.867541939,8.10348163475,2382423.60062,10.4586083973,36.2651404602,0,1.1,65.7972415116,66.1264302249,-95.9051620835,0.491314961507,-0.957782325829,0.54097413647,-138.681559536,78.3300494186
288.5,0.105952380952,1764,-7.22095139652,89.0746563184,8.05982426281,2369588.33327,10.4306693532,36.2651404602,0,1.1,65.0339858376,14.6520055418,-114.337431573,0.490202619851,-0.958046006251,0.540507030396,-137.22906478,77.4214117114
289,0.105952380952,1764,-6.84177810667,92.4876640326,8.02557888515,2359520.19223,10.5355877937,36.2651404602,0,1.1,64.6916997372,-39.0155466369,-107.303763412,0.490379243922,-0.957054639083,0.542260470448,-135.92459958,77.0139282586
289.5,0.105952380952,1764,-4.94027690929,95.347154763,7.99371927622,2350153.46721,10.49108924,36.2651404602,0,1.1,64.0911067909,-83.2347553974,-76.9012228682,0.489717341745,-0.957475494976,0.541517014063,-134.906863946,76.2989366559
290,0.105952380952,1764,-1.93954079188,97.0168783313,7.96676416633,2342228.6649,10.2643030982,36.2651404602,0,1.1,63.2135766766,-108.732599046,-30.0548621907,0.489997616249,-0.959611402595,0.537722936102,-134.297496299,75.2542579484
290.5,0.105952380952,1764,1.49275230228,97.125313366,7.9617800657,2340763.33932,10.0414810279,36.2651404602,0,1.1,62.6958642571,-110.514262937,23.1527249343,0.491436482065,-0.961695333761,0.533986970836,-134.420793807,74.6379336394
291,0.105952380952,1764,4.59290096653,95.6483325603,7.97087596567,2343437.53391,9.74938552167,36.2651404602,0,1.1,62.2614331463,-88.0538526833,71.6003565264,0.492867422701,-0.964405105513,0.529077302915,-135.107729897,74.1207537456
291.5,0.105952380952,1764,6.6711074969,92.9145711116,7.99298059669,2349936.29543,9.47284551324,36.2651404602,0,1.1,62.0557005328,-45.8090785709,104.851546171,0.494769565586,-0.966947471918,0.524416424754,-136.21627302,73.8758339676
292,0.105952380952,1764,7.26496113561,89.53230384,8.02124909959,2358247.23528,9.23694872444,36.2651404602,0,1.1,62.0204567486,7.41945801501,115.25019604,0.496598487955,-0.96909838494,0.520430898686,-137.486631202,73.8338770817
292.5,0.105952380952,1764,6.24232664631,86.2541011705,8.06981459369,2372525.49055,9.39313861538,36.2651404602,0,1.1,63.0921648294,60.0578335798,100.082952568,0.498180633269,-0.967676076777,0.523070750887,-138.952291039,75.109720035
293,0.105952380952,1764,3.83074502756,83.8093786633,8.10007837938,2381423.04354,9.55386183528,36.2651404602,0,1.1,63.8959010758,99.8477895672,61.7856274188,0.497130789141,-0.966204979861,0.525783165281,-139.783627931,76.0665488998
293.5,0.105952380952,1764,0.566804567116,82.7420986103,8.11178247987,2384864.04908,9.74422320267,36.2651404602,0,1.1,64.4715735579,117.187454814,9.15173423156,0.496059816384,-0.96445277118,0.528990408385,-139.933646637,76.7518732832
294,0.105952380952,1764,-2.82325258364,83.2897358585,8.1031773527,2382334.14169,9.97738985879,36.2651404602,0,1.1,64.8116618919,107.873235125,-45.3861999095,0.494803455061,-0.962292050818,0.53291088273,-139.324078959,77.1567403475
294.5,0.105952380952,1764,-5.58512271472,85.3304385365,8.07611110032,2374376.66349,10.1371276706,36.2651404602,0,1.1,64.7032702777,74.4511359607,-89.0487755305,0.493282211343,-0.960802583658,0.535591631037,-138.180679999,77.0277027116
295,0.105952380952,1764,-7.10427669174,88.4101406706,8.03405817672,2362013.10396,10.1191441903,36.2651404602,0,1.1,63.9951386446,25.0896882575,-112.113118562,0.492251080117,-0.960970642978,0.535290036647,-136.769310895,76.1846888626
295.5,0.105952380952,1764,-7.04269558761,91.8435940064,7.99553166055,2350686.3082,10.1456424327,36.2651404602,0,1.1,63.4354634103,-28.8081029885,-110.049554894,0.492366721756,-0.960722978437,0.535734410603,-135.425817745,75.5184088218
296,0.105952380952,1764,-5.41408148853,94.8668389778,7.96525926812,2341786.22483,10.1242889727,36.2651404602,0,1.1,62.9139385641,-75.4903966168,-83.978771591,0.492196365645,-0.960922573596,0.535376323303,-134.430193191,74.8975459097
296.5,0.105952380952,1764,-2.58080871517,96.8071893154,7.93800939032,2333774.76076,9.9024833482,36.2651404602,0,1.1,62.049579536,-105.091694163,-39.8433990331,0.492333627084,-0.962987937408,0.531652360483,-133.798935294,73.8685470667
297,0.105952380952,1764,0.826706173298,97.2329079147,7.93120746051,2331774.99339,9.67626522895,36.2651404602,0,1.1,61.4998170793,-111.714914527,12.7687799399,0.4937688243,-0.965079523074,0.527846108391,-133.859844106,73.2140679516
297.5,0.105952380952,1764,4.0502750379,96.0492703789,7.94099619602,2334652.88163,9.42551879938,36.2651404602,0,1.1,61.1578264683,-93.8872714753,62.8620061945,0.495250473316,-0.967380313628,0.523617540582,-134.510384749,72.8069362717
298,0.105952380952,1764,6.37263859778,93.519641644,7.96193976551,2340810.29106,9.1704225618,36.2651404602,0,1.1,60.9745260401,-55.0466655489,99.6671084842,0.496914266427,-0.969702004174,0.519305327434,-135.545362193,72.5887214763
298.5,0.105952380952,1764,7.27706000421,90.2068760379,7.98777296056,2348405.2504,8.9418693641,36.2651404602,0,1.1,60.9132223409,-3.26347074433,114.795665388,0.498630538638,-0.971765795631,0.515433059127,-136.716718857,72.5157408821
299,0.105952380952,1764,6.56230122729,86.8480795374,8.03500274651,2362290.80747,9.08793075261,36.2651404602,0,1.1,61.9317154837,50.2430943633,104.606167484,0.500188838558,-0.970448670627,0.51790865766,-138.150742165,73.7282327187
299.5,0.105952380952,1764,4.38739946704,84.1906002103,8.06711532908,2371731.90675,9.26734740742,36.2651404602,0,1.1,62.7937290848,93.1897930539,70.3791894479,0.499190711113,-0.968822130245,0.520944987448,-139.023806653,74.7544393866
300,0.105952380952,1764,1.23628062607,82.8257397445,8.08266064516,2376302.22968,9.47799004516,36.2651404602,0,1.1,63.4665291888,115.298604101,19.868449901,0.49797559941,-0.966900381183,0.524503243907,-139.283289606,75.5553918914
300.5,0.105952380952,1764,-2.18991648684,83.057186033,8.07683227008,2374588.6874,9.69791479139,36.2651404602,0,1.1,63.8230021167,111.185323382,-35.0703005908,0.49656421132,-0.964880004288,0.52821073193,-138.791870351,75.9797644247
301,0.105952380952,1764,-5.12884684963,84.8334411846,8.05108106447,2367017.83295,9.83647723042,36.2651404602,0,1.1,63.6966451096,82.1037449768,-81.5044498305,0.495107885807,-0.963599774575,0.530542622641,-137.725285867,75.8293394162
301.5,0.105952380952,1764,-6.92658459101,87.7592800479,8.01107622689,2355256.4107,9.8312664369,36.2651404602,0,1.1,63.0547987006,35.2569097543,-108.987277774,0.494199260075,-0.963648021056,0.53045498538,-136.366833461,75.0652365483
302,0.105952380952,1764,-7.18312458198,91.1836896721,7.9693803761,2342997.83057,9.78019782125,36.2651404602,0,1.1,62.2990714608,-18.4405878639,-111.90520887,0.494233306196,-0.964120440956,0.52959586038,-135.017168709,74.1655612628
302.5,0.105952380952,1764,-5.84138546422,94.3447227597,7.94067469555,2334558.36049,9.78400588813,36.2651404602,0,1.1,61.8585612283,-67.1968342048,-90.3446853293,0.494567487557,-0.964085240135,0.529659937841,-134.041363586,73.6411443194
303,0.105952380952,1764,-3.19991052162,96.5390345353,7.91350676405,2326570.98863,9.57566141265,36.2651404602,0,1.1,61.0289677185,-100.643886685,-49.2506088174,0.494542536408,-0.966004862897,0.526150743476,-133.39079542,72.6535329982
303.5,0.105952380952,1764,0.153559608885,97.2783802763,7.9049412669,2324052.73247,9.35565908411,36.2651404602,0,1.1,60.4671689626,-112.01391729,2.3632748875,0.495915279417,-0.968018031859,0.522437642208,-133.379577093,71.9847249555
304,0.105952380952,1764,3.47286200194,96.3982520672,7.91438622004,2326829.54869,9.1422442978,36.2651404602,0,1.1,60.1930110254,-98.9019682033,53.6823000536,0.497381890986,-0.969957283062,0.518828361827,-133.966336758,71.6583464588
304.5,0.105952380952,1764,6.01943621495,94.0944825869,7.9335722827,2332470.25111,8.91247385504,36.2651404602,0,1.1,60.031248459,-63.7342402111,93.6978447266,0.498821600886,-0.972030109842,0.514934428409,-134.904326358,71.465771975
305,0.105952380952,1764,7.22665747107,90.8796714136,7.95821834973,2339716.19482,8.70694694162,36.2651404602,0,1.1,59.9953998508,-13.8041639173,113.403667281,0.500390692273,-0.973870984395,0.511444332995,-136.000881049,71.4230950604
305.5,0.105952380952,1764,6.82591334524,87.4691292006,8.00175902307,2352517.15278,8.81657590071,36.2651404602,0,1.1,60.8745582926,40.1108092965,108.181306028,0.501811235513,-0.972890611723,0.513306787039,-137.354705735,72.4697122531
306,0.105952380952,1764,4.90637129615,84.6217176809,8.03681359549,2362823.19707,9.02155418924,36.2651404602,0,1.1,61.8250927818,85.8239680671,78.2934454646,0.501051496072,-0.971048011056,0.516784055699,-138.298378388,73.6013009307
306.5,0.105952380952,1764,1.89513848592,82.9709993513,8.0547010772,2368082.1167,9.22963129383,36.2651404602,0,1.1,62.5239649026,112.44666794,30.3175399573,0.499643304836,-0.969164842962,0.520307127731,-138.645283664,74.4332915507
307,0.105952380952,1764,-1.5377715785,82.8842668282,8.05222125127,2367353.04787,9.43900497351,36.2651404602,0,1.1,62.91037435,113.540147145,-24.5370093402,0.498230039268,-0.967257038707,0.523845226256,-138.287170813,74.8933027976
307.5,0.105952380952,1764,-4.62852021166,84.3808185071,8.02801548711,2360236.55321,9.55213557935,36.2651404602,0,1.1,62.7605749622,89.0271262908,-73.3316505159,0.496824199116,-0.966220820664,0.525754054397,-137.30975389,74.7149701931
308,0.105952380952,1764,-6.68940126084,87.1276645789,7.99043644841,2349188.31583,9.56390508721,36.2651404602,0,1.1,62.1978574318,45.0775698186,-104.981455217,0.496071269275,-0.966112801636,0.525952521161,-136.012064917,74.0450683712
308.5,0.105952380952,1764,-7.26185896958,90.5136188332,7.94622382793,2336189.80541,9.43753543369,36.2651404602,0,1.1,61.2621014777,-7.98117731947,-112.842793826,0.495993205584,-0.967270474133,0.523820417576,-134.672249065,72.9310731877
309,0.105952380952,1764,-6.21851879689,93.785290474,7.91900304703,2328186.89583,9.4688452315,36.2651404602,0,1.1,60.9044845609,-58.4004317878,-95.9409021084,0.496834010197,-0.966984083313,0.524348913053,-133.711555023,72.505338763
309.5,0.105952380952,1764,-3.79152885357,96.2147171257,7.89200645678,2320249.89829,9.27921118865,36.2651404602,0,1.1,60.1203921237,-95.4000087674,-58.2024698076,0.496625147428,-0.968714241543,0.52114558257,-133.039052182,71.5718953853
310,0.105952380952,1764,-0.520905852281,97.2613398965,7.88152909846,2317169.55495,9.06950349054,36.2651404602,0,1.1,59.5525267829,-111.388746387,-7.99068087958,0.497895673151,-0.970615188349,0.517596518676,-132.946418858,70.8958652178
310.5,0.105952380952,1764,2.86562115872,96.6922802821,7.89030712014,2319750.29332,8.89849306574,36.2651404602,0,1.1,59.3509294215,-103.051490678,44.1264441528,0.499316192606,-0.972155730467,0.514697227231,-133.454201193,70.6558683589
311,0.105952380952,1764,5.6145339422,94.6341567315,7.90739112081,2324772.98952,8.69033641278,36.2651404602,0,1.1,59.1987945497,-71.8060743853,86.9969803036,0.50048681118,-0.974019215486,0.51116197811,-134.289655573,70.4747554163
311.5,0.105952380952,1764,7.11418643475,91.5449114446,7.93159478326,2331888.86628,8.51637487868,36.2651404602,0,1.1,59.2168838316,-24.1233768846,111.086108653,0.50192675238,-0.975566714383,0.508202307933,-135.327670117,70.4962902757
312,0.105952380952,1764,7.03089888157,88.1119160726,7.97021660238,2343243.6811,8.57183842846,36.2651404602,0,1.1,59.9060712977,29.7547124064,110.80141679,0.5031429977,-0.975074306584,0.509146439287,-136.579825949,71.3167515449
312.5,0.105952380952,1764,5.38320315619,85.0990282822,8.00820225529,2354411.46306,8.79596511581,36.2651404602,0,1.1,60.9310581679,77.813538829,85.4700071607,0.502753945125,-0.973075198599,0.512956779731,-137.602100565,72.5369740094
313,0.105952380952,1764,2.53771933117,83.1766298213,8.02830049448,2360320.34538,8.99705218444,36.2651404602,0,1.1,61.6446043223,108.678131879,40.4191167881,0.50119397806,-0.971268920131,0.516368748849,-138.036940438,73.3864337171
313.5,0.105952380952,1764,-0.872419017744,82.7724634171,8.02947201162,2360664.77142,9.19702332492,36.2651404602,0,1.1,62.0670251963,114.934663881,-13.873494159,0.499810793303,-0.969460801322,0.519755475873,-137.820183803,73.8893157099
314,0.105952380952,1764,-4.08844001922,83.9764580014,8.00843857803,2354480.94194,9.30788157094,36.2651404602,0,1.1,61.964985243,95.1881407238,-64.6083324362,0.498450444447,-0.968453342897,0.521630254712,-136.956608995,73.767839575
314.5,0.105952380952,1764,-6.39476382759,86.5207190988,7.97214607967,2343810.94742,9.31797071366,36.2651404602,0,1.1,61.4247079343,54.4796103562,-100.131105117,0.497702735795,-0.968361474659,0.521800780371,-135.705232344,73.1246523027
315,0.105952380952,1764,-7.27822251448,89.8391366117,7.9267932008,2330477.20104,9.13874616133,36.2651404602,0,1.1,60.3749898131,2.49445434439,-112.860943419,0.497634913132,-0.9699889578,0.518769141089,-134.391078915,71.8749878727
315.5,0.105952380952,1764,-6.542242354,93.1933469873,7.89971733335,2322516.89601,9.17929998189,36.2651404602,0,1.1,60.0425859258,-49.1618215515,-100.718322321,0.498845340644,-0.969621531258,0.519455567032,-133.423997393,71.4792689592
316,0.105952380952,1764,-4.35058240413,95.8370225925,7.87623438261,2315612.90849,9.05858857171,36.2651404602,0,1.1,59.4512935927,-89.4285789441,-66.6549419363,0.498570406836,-0.970713773531,0.517411605858,-132.78134047,70.7753495151
316.5,0.105952380952,1764,-1.19089734375,97.1819331323,7.86204466368,2311441.13112,8.8396717805,36.2651404602,0,1.1,58.8122159339,-109.860222244,-18.2168567215,0.49939057856,-0.97268361916,0.5136989167,-132.571817167,70.0145427785
317,0.105952380952,1764,2.23376799415,96.9288296666,7.86778969199,2313130.16945,8.68106952081,36.2651404602,0,1.1,58.5892630079,-106.29828335,34.2692365964,0.500892028102,-0.974101876947,0.511004435723,-132.959220152,69.7491226285
317.5,0.105952380952,1764,5.16140941466,95.1340289105,7.88315643148,2317647.99085,8.49528560377,36.2651404602,0,1.1,58.4544800661,-79.2054944226,79.6279085548,0.501991244783,-0.975753706019,0.507843189568,-133.70544465,69.5886667454
318,0.105952380952,1764,6.94061288942,92.1968825001,7.9068677151,2324619.10824,8.35060190841,36.2651404602,0,1.1,58.5211441495,-34.1414144504,107.863001862,0.503291246079,-0.977033002733,0.505377593064,-134.687339244,69.6680287494
318.5,0.105952380952,1764,7.17549725119,88.7709193687,7.940454306,2334493.56596,8.34763810415,36.2651404602,0,1.1,59.0134670367,19.2640869832,112.465691571,0.504313035484,-0.97705914367,0.505327052285,-135.837646669,70.2541274246
319,0.105952380952,1764,5.81379962131,85.6184324765,7.9815320062,2346570.40982,8.58823966863,36.2651404602,0,1.1,60.1092227756,69.2358939356,91.8674907513,0.504334053157,-0.974928520595,0.509425538945,-136.947430546,71.5585985424
319.5,0.105952380952,1764,3.15850414679,83.44086503,8.00393317452,2353156.35331,8.78128632005,36.2651404602,0,1.1,60.836529453,104.043514551,50.1014041725,0.502639127981,-0.973206582762,0.512707467537,-137.473990635,72.424439825
320,0.105952380952,1764,-0.19957340189,82.7227360597,8.00853748216,2354510.01976,8.96947924754,36.2651404602,0,1.1,61.2859479282,115.366998242,-3.16385175718,0.501295551724,-0.971517304193,0.515901277043,-137.393301424,72.9594618193
320.5,0.105952380952,1764,-3.51324492708,83.6238326494,7.990444999,2349190.82971,9.0849480206,36.2651404602,0,1.1,61.2407664303,100.517753788,-55.3849152889,0.499999545176,-0.970475630857,0.517858136861,-136.626568638,72.9056743218
321,0.105952380952,1764,-6.04520288087,85.9436565568,7.95633523717,2339162.55973,9.09718226159,36.2651404602,0,1.1,60.7433265776,63.3946348209,-94.4775595111,0.499211013545,-0.970365031632,0.518065348568,-135.447152378,72.3134840209
321.5,0.105952380952,1764,-7.23207467303,89.1660360177,7.91126760908,2325912.67707,8.90407099746,36.2651404602,0,1.1,59.6776492883,12.9094993184,-111.950234115,0.499127760515,-0.9721056184,0.514791867335,-134.157265543,71.0448205813
322,0.105952380952,1764,-6.80977573025,92.5739763992,7.88246589572,2317444.97334,8.91613554612,36.2651404602,0,1.1,59.2674714288,-39.5503449236,-104.635372363,0.500448453587,-0.971997199136,0.514996548407,-133.167365525,70.5565136058
322.5,0.105952380952,1764,-4.87226955968,95.4091948881,7.85970190096,2310752.35888,8.83276652812,36.2651404602,0,1.1,58.7637574613,-82.6990497491,-74.4902099185,0.500365530183,-0.972745522775,0.513581685733,-132.501252524,69.9568541206
323,0.105952380952,1764,-1.85066042522,97.0408419944,7.84385531085,2306093.46139,8.63335646796,36.2651404602,0,1.1,58.140878248,-107.407388599,-28.2316523525,0.500939684751,-0.974527078018,0.510193075423,-132.209192488,69.2153312476
323.5,0.105952380952,1764,1.58272938508,97.105868539,7.84689916917,2306988.35574,8.4864391187,36.2651404602,0,1.1,57.9008307181,-108.628783465,24.1954895046,0.502323828,-0.975832105524,0.507692526859,-132.489005606,68.9295603786
324,0.105952380952,1764,4.66395444005,95.5898058089,7.86054995641,2311001.68718,8.31995562662,36.2651404602,0,1.1,57.7777124273,-85.8792804015,71.654913396,0.503353485002,-0.977303178577,0.504854926828,-133.150796693,68.7829909849
324.5,0.105952380952,1764,6.70742762805,92.8299849142,7.8838497908,2317851.8385,8.20324005524,36.2651404602,0,1.1,57.8914307261,-43.7826945372,103.770607927,0.50453053075,-0.978329575465,0.502863044746,-134.081993661,68.918369912
325,0.105952380952,1764,7.25846652386,89.4404790245,7.91240680419,2326247.60043,8.13845210688,36.2651404602,0,1.1,58.1832628022,8.72423465183,113.176391839,0.505362288135,-0.978897568818,0.501756464595,-135.133510553,69.2657890503
325.5,0.105952380952,1764,6.19446237341,86.1754691916,7.95662537915,2339247.86147,8.3939263405,36.2651404602,0,1.1,59.3466174499,60.1633067155,97.4444600868,0.505826350099,-0.976650580169,0.506116235914,-136.334455386,70.6507350594
326,0.105952380952,1764,3.75216112005,83.7614355073,7.98154091833,2346573.02999,8.58024363671,36.2651404602,0,1.1,60.093302323,98.5868744771,59.294704382,0.504006200346,-0.974999605044,0.509289475803,-136.957721573,71.5396456227
326.5,0.105952380952,1764,0.474986315175,82.7355118556,7.98845076086,2348604.52369,8.7474837023,36.2651404602,0,1.1,60.5335231948,114.822386388,7.50762629462,0.502695091215,-0.973508893851,0.5121332186,-136.985198257,72.0637180891
327,0.105952380952,1764,-2.90787518577,83.3259710891,7.97465504556,2344548.58339,8.87981041413,36.2651404602,0,1.1,60.5893006455,104.997554098,-45.7474467375,0.5015297726,-0.972323508055,0.514380205377,-136.34624817,72.1301198161
327.5,0.105952380952,1764,-5.64372073882,85.4014332426,7.94283720586,2335194.13852,8.88986014949,36.2651404602,0,1.1,60.126706176,71.7630350289,-88.0732085541,0.500615371949,-0.972233270311,0.514550743951,-135.247857951,71.5794121142
328,0.105952380952,1764,-7.123811801,88.5000981952,7.89990217745,2322571.24017,8.72799980484,36.2651404602,0,1.1,59.1607136091,23.1889102454,-110.13616487,0.500546200258,-0.97368299264,0.51180213935,-133.989141703,70.4294209632
328.5,0.105952380952,1764,-7.01882112805,91.9324983758,7.86694319365,2312881.29893,8.67789068833,36.2651404602,0,1.1,58.570461202,-29.6418077282,-107.658846683,0.501664977933,-0.974130226533,0.510950390699,-132.93448015,69.7267395262
329,0.105952380952,1764,-5.35210964003,94.9349085504,7.84457789429,2306305.90092,8.63037501711,36.2651404602,0,1.1,58.1458106739,-75.2974919166,-81.6632017066,0.502013375346,-0.974553625174,0.510142364111,-132.237154267,69.2212031832
329.5,0.105952380952,1764,-2.49452850641,96.8392782902,7.82704999288,2301152.69791,8.44762207501,36.2651404602,0,1.1,57.5332442389,-104.061730684,-37.9550213639,0.502344639506,-0.976175835733,0.507031298571,-131.866009004,68.4919574273
330,0.105952380952,1764,0.918096988814,97.2218763434,7.82748476487,2301280.52087,8.30989940096,36.2651404602,0,1.1,57.273187228,-110.032172917,13.9880831275,0.503626943975,-0.977391772757,0.504683388421,-132.044931254,68.1823657476
330.5,0.105952380952,1764,4.12644157254,95.9975728381,7.84201884808,2305553.54134,8.19936788287,36.2651404602,0,1.1,57.2711966086,-91.8095931405,63.1667062859,0.504601980782,-0.9783635578,0.502796925975,-132.667524352,68.1799959626
331,0.105952380952,1764,6.41663343825,93.4387810804,7.86241912784,2311551.22359,8.06885343675,36.2651404602,0,1.1,57.3142323458,-52.9761831262,98.8515232952,0.505389976183,-0.979506343055,0.500567002424,-133.514437148,68.2312289831
331.5,0.105952380952,1764,7.27909409094,90.1148443085,7.88926599597,2319444.20282,7.98640589946,36.2651404602,0,1.1,57.5437603156,-1.78264650489,112.988199467,0.506326759298,-0.98022563509,0.499156993654,-134.526501486,68.5044765662
332,0.105952380952,1764,6.52192196638,86.7653541362,7.93328164271,2332384.80296,8.21040790216,36.2651404602,0,1.1,58.6339337712,50.6694555655,102.163343126,0.506922097136,-0.97826665837,0.502985432315,-135.759925523,69.8023021086
332.5,0.105952380952,1764,4.31359143455,84.1355879292,7.96158798431,2340706.86739,8.40153303967,36.2651404602,0,1.1,59.4358928418,92.3612295256,67.9366667551,0.505311050197,-0.976583378586,0.506245893484,-136.495181369,70.7570152878
333,0.105952380952,1764,1.14546645745,82.8106810757,7.9723363051,2343866.8737,8.56982303685,36.2651404602,0,1.1,59.933902196,113.360345505,18.0615820147,0.503952404451,-0.975092215319,0.50911214052,-136.654993061,71.3498835667
333.5,0.105952380952,1764,-2.27753021062,83.0854316013,7.96140166643,2340652.08993,8.69374377966,36.2651404602,0,1.1,60.0170580723,108.606199856,-35.7728620171,0.502768061151,-0.973988815077,0.511219901905,-136.126172715,71.4488786575
334,0.105952380952,1764,-5.19376566168,84.8987062179,7.93107455263,2331735.91847,8.69943929891,36.2651404602,0,1.1,59.5719667163,79.511913983,-80.9532377818,0.501903047363,-0.973937992163,0.511316719286,-135.084016712,70.9190079955
334.5,0.105952380952,1764,-6.95436374937,87.8470427683,7.89033995763,2319759.94754,8.57840594209,36.2651404602,0,1.1,58.7242317942,33.2502602908,-107.403157582,0.501863433722,-0.975015939403,0.509258203578,-133.847954933,69.9097997549
335,0.105952380952,1764,-7.16758309285,91.2744224602,7.85302314612,2308788.80496,8.46293814744,36.2651404602,0,1.1,57.9455171778,-19.5169255647,-109.766729691,0.502707956537,-0.976040263333,0.507292227766,-132.72418959,68.982758545
335.5,0.105952380952,1764,-5.78598138226,94.4182371421,7.83093553066,2302295.04601,8.45010636188,36.2651404602,0,1.1,57.5951876974,-67.290087291,-88.120935964,0.503518974181,-0.976153850453,0.507073624088,-131.993991667,68.5656996398
336,0.105952380952,1764,-3.11697151645,96.5789732151,7.8116477813,2296624.4477,8.27961899683,36.2651404602,0,1.1,56.9832751378,-99.8589608745,-47.310959709,0.503609424852,-0.977658357761,0.504166773498,-131.547020983,67.8372323069
336.5,0.105952380952,1764,0.245579217309,97.2758567089,7.80957767624,2296015.83682,8.14808998439,36.2651404602,0,1.1,56.6993980864,-110.508461443,3.72994996372,0.504817368222,-0.978813153161,0.501921120494,-131.632608708,67.4992834362
337,0.105952380952,1764,3.55348741661,96.3538277581,7.8216780096,2299573.33482,8.04423417475,36.2651404602,0,1.1,56.6740973722,-96.8934396267,54.1893220232,0.505757208948,-0.979721339849,0.500146074907,-132.163347103,67.4691635383
337.5,0.105952380952,1764,6.07072790072,94.0180421545,7.84256433651,2305713.91493,7.94427194819,36.2651404602,0,1.1,56.7823658147,-61.6560515965,93.154102989,0.506504240375,-0.980592438176,0.498436024172,-132.988263095,67.5980545413
338,0.105952380952,1764,7.23720278586,90.7882232148,7.86689132252,2312866.04882,7.82660533997,36.2651404602,0,1.1,56.904219051,-12.1829584735,111.859863233,0.507227409914,-0.98161399258,0.496421161486,-133.953984254,67.7431179178
338.5,0.105952380952,1764,6.79336590677,87.383020891,7.9112757611,2325915.07376,8.03567073883,36.2651404602,0,1.1,57.9629682372,40.8305753749,105.991307976,0.508083913642,-0.979796080814,0.499999640021,-135.21888095,69.0035336157
339,0.105952380952,1764,4.83797306303,84.5601087657,7.94397118953,2335527.52972,8.24529548489,36.2651404602,0,1.1,58.8616652004,85.4167851847,75.9655088774,0.506566032253,-0.977960207604,0.503581008719,-136.08338348,70.0734109529
339.5,0.105952380952,1764,1.80610838771,82.9475981048,7.95768121584,2339558.27746,8.40868727017,36.2651404602,0,1.1,59.3918785023,110.955246281,28.4154539041,0.505061957631,-0.976520158641,0.506367830502,-136.352429813,70.7046172647
340,0.105952380952,1764,-1.62762392491,82.9042801381,7.94976878602,2337232.02309,8.52696670485,36.2651404602,0,1.1,59.5096767539,111.295370376,-25.5290528771,0.503901829388,-0.975472750297,0.508382644697,-135.935450576,70.8448532785
340.5,0.105952380952,1764,-4.69920223528,84.4397933175,7.92072546099,2328693.28553,8.52713593662,36.2651404602,0,1.1,59.0759859221,86.5748664734,-73.1686480886,0.503068607619,-0.975471248707,0.508385525901,-134.943816351,70.3285546691
341,0.105952380952,1764,-6.72518587794,87.2124787163,7.88249843793,2317454.54075,8.45358042918,36.2651404602,0,1.1,58.3629689617,43.0137266703,-103.77510258,0.503067419402,-0.976123102801,0.507132811183,-133.733734455,69.4797249544
341.5,0.105952380952,1764,-7.25478393404,90.6054007519,7.84063829858,2305147.65978,8.27000805559,36.2651404602,0,1.1,57.3883374958,-9.25820884043,-110.945195457,0.503584929905,-0.977742914236,0.504002771481,-132.536686969,68.3194493998
342,0.105952380952,1764,-6.17015833749,93.8636182641,7.8188766806,2298749.7441,8.29086778403,36.2651404602,0,1.1,57.1105218448,-58.74657812,-93.8176765955,0.504885808313,-0.977559356678,0.504358705855,-131.777255302,67.9887164819
342.5,0.105952380952,1764,-3.71264340068,96.2621624843,7.79776241128,2292542.14892,8.12767662413,36.2651404602,0,1.1,56.4886856896,-94.8418322061,-56.228803282,0.504737311797,-0.978991915666,0.501572356755,-131.258578462,67.2484353448
343,0.105952380952,1764,-0.429047791348,97.2673460075,7.79318682505,2291196.92656,7.99948190931,36.2651404602,0,1.1,56.1758687977,-110.062173249,-6.49782359263,0.505903696737,-0.980111692241,0.499380687183,-131.254541503,66.876034283
343.5,0.105952380952,1764,2.95001297576,96.6555107575,7.80448720898,2294519.23944,7.92060227939,36.2651404602,0,1.1,56.1866194221,-101.159418838,44.8382714817,0.506827492861,-0.980798265221,0.498030885527,-131.727675788,66.8888326453
344,0.105952380952,1764,5.6726819379,94.5627929639,7.82452762639,2300411.12216,7.82819174009,36.2651404602,0,1.1,56.29608573,-69.7650933069,86.7352930166,0.507399245255,-0.981600247342,0.496448340131,-132.513312229,67.0191496786
344.5,0.105952380952,1764,7.13315240574,91.4548322091,7.84965352124,2307798.13524,7.72828418152,36.2651404602,0,1.1,56.4627892747,-22.4071805976,109.864101983,0.508072328131,-0.98246441944,0.494735954357,-133.483135697,67.2176062794
345,0.105952380952,1764,7.00646280982,88.023164424,7.89049660294,2319806.00127,7.86973506872,36.2651404602,0,1.1,57.3314172783,30.7263505143,108.902851998,0.50880399305,-0.981240030609,0.497159936369,-134.707732409,68.251687236
345.5,0.105952380952,1764,5.32080218295,85.0313518811,7.92749994104,2330684.98267,8.10071887556,36.2651404602,0,1.1,58.330393182,77.7948718943,83.3086011101,0.507769306747,-0.979227797829,0.501111684118,-135.695305231,69.4409442643
346,0.105952380952,1764,2.45123796738,83.1450869862,7.94426062536,2335612.62386,8.26362668672,36.2651404602,0,1.1,58.902526474,107.625460602,38.4856255291,0.506097405693,-0.977799041933,0.503893871361,-136.070872089,70.1220553261
346.5,0.105952380952,1764,-0.963738260615,82.7840725776,7.93944566978,2334197.02692,8.3791226338,36.2651404602,0,1.1,59.0611517129,113.038493894,-15.0970921839,0.504931270822,-0.976781314553,0.505863878469,-135.764523358,70.3108948963
347,0.105952380952,1764,-4.16427817881,84.0286360646,7.91696094316,2327586.51729,8.45090901297,36.2651404602,0,1.1,58.8691299918,92.9527317322,-64.8228841179,0.504110960417,-0.976146746811,0.507087298884,-134.908933769,70.0822976093
347.5,0.105952380952,1764,-6.43824655558,86.6018561994,7.87633387049,2315642.15792,8.35066932458,36.2651404602,0,1.1,58.0701683192,52.4029163919,-99.2844669799,0.503603765098,-0.977032408088,0.505378742674,-133.649025874,69.131152761
348,0.105952380952,1764,-7.27967469876,89.931179362,7.83283030442,2302852.1095,8.14125249387,36.2651404602,0,1.1,57.0242656737,1.05157196628,-111.232648476,0.504312557447,-0.978873043813,0.501804308567,-132.425736958,67.8860305639
348.5,0.105952380952,1764,-6.50134087671,93.2758154412,7.80852179584,2295705.40798,8.15114404181,36.2651404602,0,1.1,56.6899593877,-49.7395103115,-98.7154244127,0.505806256543,-0.97878639769,0.501973293809,-131.593419645,67.4880468901
349,0.105952380952,1764,-4.27642803694,95.8915671298,7.78993723603,2290241.54739,8.05504352926,36.2651404602,0,1.1,56.2358315715,-89.1078529025,-64.6794498083,0.505735307275,-0.979626965443,0.500330899083,-131.080244267,66.9474185375
349.5,0.105952380952,1764,-1.0999897832,97.1964173362,7.78032263221,2287414.85387,7.88895274117,36.2651404602,0,1.1,55.778470292,-108.735029553,-16.6204120741,0.506426285039,-0.981073222178,0.497489027743,-130.949917452,66.4029408238
350,0.105952380952,1764,2.32120138693,96.9000307334,7.78914241007,2290007.86856,7.80627627775,36.2651404602,0,1.1,55.7458603369,-104.569600136,35.1776840199,0.507629372007,-0.981790065519,0.496072844699,-131.342874092,66.3641194487
350.5,0.105952380952,1764,5.22591429729,95.0683547387,7.80829298072,2295638.13633,7.72034850691,36.2651404602,0,1.1,55.8539745458,-77.2472133508,79.6485916016,0.508232469431,-0.982532932752,0.494599874704,-132.089382759,66.4928268403
351,0.105952380952,1764,6.96783662117,92.1089459027,7.83399911747,2303195.74054,7.6390143304,36.2651404602,0,1.1,56.0637385968,-32.3776919994,106.974042213,0.508862287378,-0.9832340514,0.49320462302,-133.055411062,66.7425459485
351.5,0.105952380952,1764,7.15938242332,88.6802866536,7.87080465152,2314016.56755,7.71150162453,36.2651404602,0,1.1,56.7344580884,20.4387928831,110.87948373,0.509461274766,-0.982609290834,0.494448158624,-134.22324285,67.5410215338
352,0.105952380952,1764,5.75793185905,85.5452698503,7.91196071913,2326116.45142,7.96695810881,36.2651404602,0,1.1,57.8367235259,69.5580241875,89.9067620402,0.508927306293,-0.980395006469,0.498824248899,-135.324966803,68.8532422927
352.5,0.105952380952,1764,3.07531429081,83.4014515223,7.93182491718,2331956.52565,8.13316097298,36.2651404602,0,1.1,58.4586580181,103.397242238,48.1892370359,0.50706293021,-0.978943900703,0.501666063509,-135.80402353,69.5936404978
353,0.105952380952,1764,-0.291575216143,82.7258413618,7.93020379227,2331479.91493,8.24863089096,36.2651404602,0,1.1,58.6644514013,113.819357441,-4.56230134613,0.505864324105,-0.977930890574,0.503637938663,-135.608044891,69.8386326206
353.5,0.105952380952,1764,-3.59358786188,83.6687658171,7.90771508843,2324868.236,8.30085048802,36.2651404602,0,1.1,58.4354049211,98.4579964893,-55.8844375152,0.505038168842,-0.977471466892,0.504529019395,-134.776666221,69.5659582394
354,0.105952380952,1764,-6.09601025418,86.0204197482,7.87177356781,2314301.42894,8.26673446975,36.2651404602,0,1.1,57.8386104267,61.3446115665,-93.9690513778,0.504666308251,-0.977771708764,0.503946907463,-133.595320762,68.8554886032
354.5,0.105952380952,1764,-7.24204160458,89.2575490605,7.82452809563,2300411.26011,8.0148363122,36.2651404602,0,1.1,56.6583962982,11.3333113875,-110.547792749,0.504909128144,-0.979977830573,0.499643324368,-132.29430633,67.4504717836
355,0.105952380952,1764,-6.77668453075,92.6598772097,7.79988669407,2293166.68806,8.02850366808,36.2651404602,0,1.1,56.3284352458,-40.3420620669,-102.781221235,0.506716493643,-0.979858617595,0.499877074415,-131.446370271,67.0576610069
355.5,0.105952380952,1764,-4.80348317714,95.4703701307,7.7801679831,2287369.38703,7.94411490738,36.2651404602,0,1.1,55.8821245902,-82.61146154,-72.5403868961,0.506617771217,-0.980593804325,0.498433336485,-130.880723407,66.5263387978
356,0.105952380952,1764,-1.76148415427,97.063679889,7.76916136393,2284133.441,7.79043495992,36.2651404602,0,1.1,55.4298741129,-106.516055925,-26.5621245068,0.50722854923,-0.981927183777,0.495801377328,-130.688135059,65.9879453725
356.5,0.105952380952,1764,1.67245340342,97.0852875463,7.77566980711,2286046.92329,7.7026212074,36.2651404602,0,1.1,55.35418605,-107.103664929,25.2813859365,0.508348349525,-0.982685914796,0.494295855597,-131.008340403,65.8978405357
357,0.105952380952,1764,4.73426218838,95.5303852969,7.79363943725,2291329.99455,7.62013196704,36.2651404602,0,1.1,55.4511031817,-84.0468003654,71.9478965147,0.508992604544,-0.983396538228,0.492880562207,-131.709738846,66.0132180734
357.5,0.105952380952,1764,6.74267530068,92.7449462271,7.81971559322,2298996.38441,7.55744313095,36.2651404602,0,1.1,55.7008885835,-42.0183278406,103.213658071,0.50960073117,-0.983935223233,0.4918043071,-132.665200393,66.310581647
358,0.105952380952,1764,7.25081134733,89.3487436714,7.85187820635,2308452.19267,7.55796065336,36.2651404602,0,1.1,56.1610429921,10.0512508805,111.90635813,0.510064798847,-0.983930780985,0.491813194446,-133.758148894,66.8583845143
358.5,0.105952380952,1764,6.14560766062,86.0974487214,7.89698472585,2321713.5094,7.84060712414,36.2651404602,0,1.1,57.3681125359,60.7735724526,95.704195991,0.510060960985,-0.981492649239,0.496661030773,-134.964093229,68.2953720666
359,0.105952380952,1764,3.67297727508,83.7144898428,7.92006147648,2328498.07409,8.01409597016,36.2651404602,0,1.1,58.0489097918,98.3044664758,57.4448314253,0.507981694297,-0.979984286586,0.499630661634,-135.545408643,69.1058449902
359.5,0.105952380952,1764,0.383092117111,82.7300866285,7.92244286414,2329198.20206,8.14471815199,36.2651404602,0,1.1,58.3434003738,113.636243707,5.98812488643,0.506721843476,-0.978842689312,0.501863516885,-135.468938229,69.4564290165
360,0.105952380952,1764,-2.9920328443,83.363273438,7.90306921649,2323502.34965,8.21498668949,36.2651404602,0,1.1,58.1972352092,103.167142563,-46.510802595,0.505781393865,-0.978226459209,0.503063608805,-134.722325411,69.2824228681
360.5,0.105952380952,1764,-5.70141638176,85.473163219,7.86853965704,2313350.65917,8.19021449504,36.2651404602,0,1.1,57.6412961084,69.7710934654,-87.8746185254,0.505278330442,-0.97844387052,0.502640619371,-133.577338722,68.6205906052
361,0.105952380952,1764,-7.14220787558,88.5902955409,7.82327304552,2300042.27538,7.98183978173,36.2651404602,0,1.1,56.5762349899,21.5181647984,-109.020869659,0.505455451638,-0.980265411689,0.499078874174,-132.290680067,67.3526607022
361.5,0.105952380952,1764,-6.99382442089,92.0210937558,7.79302537056,2291149.45895,7.92203952214,36.2651404602,0,1.1,56.0244743233,-30.6287517685,-105.988211326,0.506955149227,-0.980785771998,0.49805548832,-131.33937069,66.6958027658
362,0.105952380952,1764,-5.28928203641,95.0021890747,7.77335867119,2285367.44933,7.86446963411,36.2651404602,0,1.1,55.6317390285,-75.4622056016,-79.793243029,0.507388804705,-0.981285715051,0.497069759124,-130.743914736,66.2282607482
362.5,0.105952380952,1764,-2.40784944454,96.8702737247,7.75969663345,2281350.81023,7.70198434957,36.2651404602,0,1.1,55.1257787271,-103.427775943,-36.2487031571,0.507807673932,-0.982691408966,0.494284932752,-130.471374809,65.625927056
363,0.105952380952,1764,1.00934100872,97.2096900577,7.76383766098,2282568.27233,7.60762856205,36.2651404602,0,1.1,55.0038789464,-108.74321041,15.2238141734,0.508997288665,-0.98350407396,0.492665948188,-130.718678521,65.4808082695
363.5,0.105952380952,1764,4.20194832557,95.9449163383,7.78746476557,2289514.64108,7.63189056415,36.2651404602,0,1.1,55.3859417436,-90.1941623293,63.7504697813,0.509693158073,-0.983295365497,0.493082370595,-131.487593047,65.9356449329
364,0.105952380952,1764,6.45960231563,93.3573706861,7.80667051345,2295161.13095,7.48296996132,36.2651404602,0,1.1,55.3707875604,-51.2549364112,98.6148200138,0.509513870003,-0.98457364011,0.490524971027,-132.30872919,65.9176042385
364.5,0.105952380952,1764,7.27996431473,90.0227942165,7.83765614938,2304270.90792,7.46941024251,36.2651404602,0,1.1,55.7846936075,-0.350794663774,112.035990833,0.510618262766,-0.984689701029,0.490291946383,-133.376833352,66.4103495328
365,0.105952380952,1764,6.48049990768,86.6831459262,7.88243698895,2317436.47475,7.72054718369,36.2651404602,0,1.1,56.9201307396,51.516961364,100.654311567,0.510719288277,-0.98253121769,0.494603281697,-134.609579406,67.7620604043
365.5,0.105952380952,1764,4.23909369684,84.0815133159,7.91213578463,2326167.92068,7.95385379667,36.2651404602,0,1.1,57.8132818304,92.4285742263,66.2016166169,0.508860827606,-0.980509068613,0.498600006386,-135.346700272,68.8253355124
366,0.105952380952,1764,1.05446913885,82.7967719156,7.91679550844,2327537.87948,8.07205750385,36.2651404602,0,1.1,58.1161012686,112.506434671,16.4696385972,0.50715791366,-0.979478349055,0.500621777125,-135.363722449,69.1858348436
366.5,0.105952380952,1764,-2.36477977741,83.1147827482,7.90004320534,2322612.70237,8.14439455703,36.2651404602,0,1.1,58.0133112269,107.015636981,-36.7553273841,0.506303679184,-0.97884552372,0.501857988572,-134.704370236,69.0634657463
367,0.105952380952,1764,-5.25785403641,84.964786903,7.86652030442,2312756.9695,8.12083880697,36.2651404602,0,1.1,57.4758801304,77.6149438266,-81.04682718,0.505783715135,-0.979051767554,0.501455517916,-133.591733566,68.4236668219
367.5,0.105952380952,1764,-6.9810309663,87.9351497276,7.82376583676,2300187.15601,7.96437303812,36.2651404602,0,1.1,56.5494793926,31.5273750284,-106.59057671,0.505952803069,-0.980417511421,0.498780014935,-132.327875727,67.3208088007
368,0.105952380952,1764,-7.1508955704,91.3649514794,7.78788175315,2289637.23543,7.82905011146,36.2651404602,0,1.1,55.7716514914,-20.674917262,-108.314600551,0.507081661904,-0.981592809737,0.496463045827,-131.27398224,66.394823204
368.5,0.105952380952,1764,-5.72965217291,94.4910450875,7.76841107371,2283912.85567,7.7991678273,36.2651404602,0,1.1,55.4358967804,-67.7039748934,-86.3763821802,0.508066059862,-0.98185160367,0.495951034247,-130.652837142,65.9951152148
369,0.105952380952,1764,-3.03353413503,96.6178599752,7.75186039602,2279046.95643,7.62294675245,36.2651404602,0,1.1,54.8635648522,-99.495615069,-45.6073935877,0.508284455254,-0.983372323163,0.492928873203,-130.298213294,65.3137676812
369.5,0.105952380952,1764,0.337559559783,97.2721697961,7.75338834942,2279496.17473,7.51925686821,36.2651404602,0,1.1,54.6869513737,-109.474923026,5.08160670885,0.509579932958,-0.984262780455,0.491148428696,-130.467617344,65.1035135401
370,0.105952380952,1764,3.63354465998,96.308387528,7.76962120427,2284268.63406,7.46244995204,36.2651404602,0,1.1,54.807041227,-95.4113888343,54.9556508472,0.510348294737,-0.984749254422,0.490172322675,-131.079249579,65.2464776512
370.5,0.105952380952,1764,6.12104893064,93.9409592727,7.79475376053,2291657.6056,7.41616427078,36.2651404602,0,1.1,55.0726430764,-60.0154914333,93.2153149129,0.510771175719,-0.985144912655,0.489376645408,-131.981637744,65.562670329
371,0.105952380952,1764,7.24659093576,90.6966489861,7.82040800026,2299199.95208,7.32419934853,36.2651404602,0,1.1,55.2565595724,-10.6874730864,111.171834228,0.511116750859,-0.985929137193,0.487794768765,-132.957584955,65.7816185385
371.5,0.105952380952,1764,6.75973226901,87.2973310134,7.86818744302,2313247.10825,7.60521829019,36.2651404602,0,1.1,56.4876292009,41.8681786098,104.717847207,0.511806094958,-0.983524798157,0.49262457451,-134.258967615,67.2471776201
372,0.105952380952,1764,4.76880128068,84.4993696411,7.90003741485,2322610.99997,7.83162533922,36.2651404602,0,1.1,57.3946874891,85.733144615,74.3268140486,0.509710982704,-0.981570494617,0.496507164196,-135.079170601,68.3270089156
372.5,0.105952380952,1764,1.71678950869,82.9253244751,7.91146000732,2325969.24215,8.00541393944,36.2651404602,0,1.1,57.9056757496,110.415224067,26.7941190534,0.508047256055,-0.98005998438,0.499482158859,-135.261601546,68.9353282733
373,0.105952380952,1764,-1.71721602861,82.925427991,7.89811105045,2322044.64883,8.08556678654,36.2651404602,0,1.1,57.8687865843,109.962760011,-26.6913410169,0.506784597945,-0.979360284496,0.500852706045,-134.709292032,68.8914126003
373.5,0.105952380952,1764,-4.7691328979,84.4996571559,7.86556769053,2312476.90102,8.05908599399,36.2651404602,0,1.1,57.3410101611,84.810863894,-73.5361944818,0.506206412501,-0.979591662498,0.500400014752,-133.633031235,68.2631073346
374,0.105952380952,1764,-6.75989519714,87.2977385538,7.8257659468,2300775.18836,7.9572634235,36.2651404602,0,1.1,56.5645959812,41.2834560298,-103.273440299,0.506397143635,-0.980479395582,0.498658354828,-132.403899245,67.3388047395
374.5,0.105952380952,1764,-7.24654892252,90.6970858724,7.78430514466,2288585.71253,7.74702391515,36.2651404602,0,1.1,55.5626588329,-10.556689757,-109.741958364,0.507133193031,-0.982302553579,0.495057262579,-131.248264885,66.1460224201
375,0.105952380952,1764,-6.12081132418,93.9413282956,7.76515597304,2282955.85607,7.74623111476,36.2651404602,0,1.1,55.2881118979,-59.3947119344,-92.2389098642,0.508666437881,-0.982309403581,0.495043670433,-130.604235803,65.8191808309
375.5,0.105952380952,1764,-3.63316432885,96.3086065783,7.74562621693,2277214.10778,7.55416959261,36.2651404602,0,1.1,54.6441446464,-94.7505904329,-54.5674327645,0.508672254305,-0.983963320385,0.491748090121,-130.166903509,65.0525531505
376,0.105952380952,1764,-0.337121129458,97.2721901339,7.74456308651,2276901.54744,7.4428627203,36.2651404602,0,1.1,54.4166885254,-109.298726221,-5.06682434774,0.510089077501,-0.984916768011,0.489835645998,-130.257269104,64.781772054
376.5,0.105952380952,1764,3.03393311174,96.6176770753,7.7596248741,2281329.71298,7.39695334876,36.2651404602,0,1.1,54.5405250852,-99.8886051954,45.7948224638,0.510917305044,-0.985308942251,0.489046304883,-130.816483665,64.92919653
377,0.105952380952,1764,5.72992292179,94.490699646,7.78394452767,2288479.69114,7.35751291034,36.2651404602,0,1.1,54.8068052331,-68.2324007165,87.0613551778,0.511260451011,-0.98564535139,0.488367936379,-131.682704143,65.246196706
377.5,0.105952380952,1764,7.15097784856,91.3645203587,7.81048420168,2296282.3553,7.28556121109,36.2651404602,0,1.1,55.0412743513,-20.8873294018,109.46324759,0.511555966124,-0.986257863589,0.48712978405,-132.664580874,65.5253266087
378,0.105952380952,1764,6.98090646646,87.934728854,7.85414118882,2309117.50951,7.49401712249,36.2651404602,0,1.1,56.0679195776,31.9107831105,107.862927633,0.512096801248,-0.984479044016,0.490714796897,-133.909835919,66.7475233067
378.5,0.105952380952,1764,5.25755046037,84.964469923,7.89093015059,2319933.46427,7.75610212068,36.2651404602,0,1.1,57.1131645719,78.3553545037,81.8101021821,0.510536014662,-0.982224102111,0.495212896876,-134.857647287,67.9918625856
379,0.105952380952,1764,2.36436467227,83.1146401912,7.90616153902,2324411.49247,7.94099316499,36.2651404602,0,1.1,57.7005261094,107.378091225,36.8725778343,0.508599853782,-0.980620959852,0.498379908403,-135.157805807,68.6911025112
379.5,0.105952380952,1764,-1.05490341024,82.7968355013,7.89677650282,2321652.29183,8.03321613151,36.2651404602,0,1.1,57.7458533324,111.975940486,-16.3988760087,0.507251199268,-0.979817500389,0.499957664138,-134.726640084,68.7450634909
380,0.105952380952,1764,-4.23945050704,84.0817688962,7.86997388758,2313772.32295,8.06766422409,36.2651404602,0,1.1,57.4220959914,91.3496447177,-65.4371704691,0.506583749667,-0.97951673245,0.500546671999,-133.772559232,68.359638085
380.5,0.105952380952,1764,-6.48069986474,86.6835366332,7.82898563558,2301721.77686,7.95522686885,36.2651404602,0,1.1,56.6071928114,50.709463955,-99.091345162,0.50633532671,-0.980497119566,0.498623503781,-132.515264708,67.3895152517
381,0.105952380952,1764,-7.27996292726,90.0232331161,7.78637221825,2289193.43217,7.73343591888,36.2651404602,0,1.1,55.5660099106,-0.352071969804,-110.31972098,0.507147957978,-0.982419931395,0.494824290428,-131.333669971,66.1500117983
381.5,0.105952380952,1764,-6.45939989236,93.3577601211,7.76343361038,2282449.48145,7.70377941219,36.2651404602,0,1.1,55.1823242365,-50.5969303409,-97.3344713779,0.508766163189,-0.982675922658,0.494315719988,-130.595013882,65.6932431386
382,0.105952380952,1764,-4.20158990662,95.9451696575,7.7487245513,2278125.01808,7.61190634381,36.2651404602,0,1.1,54.7981119952,-89.3184377482,-63.123420884,0.508984086325,-0.983467288101,0.492739376583,-130.205388869,65.2358476133
382.5,0.105952380952,1764,-1.008906344,97.2097508965,7.73871367875,2275181.82155,7.39940058595,36.2651404602,0,1.1,54.2516298856,-108.237445626,-15.1463548628,0.509661528711,-0.985288053037,0.489088389294,-130.109607886,64.5852736733
383,0.105952380952,1764,2.40826364008,96.8701285461,7.75078476037,2278730.71955,7.33970365863,36.2651404602,0,1.1,54.3067512637,-103.514277379,36.2860270765,0.511242136585,-0.985797103218,0.488061544569,-130.583253467,64.6508943616
383.5,0.105952380952,1764,5.28958360231,95.0018701817,7.77403728654,2285566.96224,7.30539853068,36.2651404602,0,1.1,54.5670030437,-75.8400017012,80.2024072652,0.511689624267,-0.98608914722,0.487471223495,-131.406852012,64.9607179091
384,0.105952380952,1764,6.99394625731,92.0206721035,7.80135058889,2293597.07313,7.25512952717,36.2651404602,0,1.1,54.8535606961,-30.8671314028,106.837253691,0.511947468429,-0.986516455208,0.486605881186,-132.389187914,65.3018579715
384.5,0.105952380952,1764,7.14212287334,88.589864949,7.84022475105,2305026.07681,7.38554659771,36.2651404602,0,1.1,55.6571090017,21.7314928413,110.06675707,0.512326217685,-0.985406284685,0.488850134605,-133.561395053,66.2584630972
385,0.105952380952,1764,5.70114345426,85.4728194962,7.88175015764,2317234.54635,7.68235472267,36.2651404602,0,1.1,56.8348402277,70.32692148,88.5637026663,0.511345849735,-0.982860694109,0.493948232081,-134.631253525,67.6605240805
385.5,0.105952380952,1764,2.99163271921,83.3630930643,7.9007288417,2322814.27946,7.87664234386,36.2651404602,0,1.1,57.4938824581,103.420175,46.6173749839,0.509141748734,-0.981180088515,0.497278225847,-135.049081148,68.4450981644
386,0.105952380952,1764,-0.383530410089,82.7301097378,7.8957044502,2321337.10836,7.98360018643,36.2651404602,0,1.1,57.6321792158,113.03241539,-5.96313934108,0.507718993446,-0.980250077098,0.499108992454,-134.749525974,68.6097371617
386.5,0.105952380952,1764,-3.67335621368,83.7147112932,7.87050745155,2313929.19076,8.0156464413,36.2651404602,0,1.1,57.3278272085,97.0734178214,-56.7333115747,0.506942405432,-0.979970765808,0.499657180636,-133.852714442,68.2474133434
387,0.105952380952,1764,-6.14584292922,86.0978192393,7.83308323629,2302926.47147,7.95409375617,36.2651404602,0,1.1,56.6642597213,59.7282866299,-94.0706467914,0.506710639772,-0.980506980426,0.498604112835,-132.65534903,67.4574520492
387.5,0.105952380952,1764,-7.25085059755,89.3491808147,7.78508025217,2288813.59414,7.67162363303,36.2651404602,0,1.1,55.428562276,9.86451804298,-109.901717954,0.507156173739,-0.98295318984,0.493764140641,-131.361354476,65.9863836619
388,0.105952380952,1764,-6.74250979917,92.7453527293,7.76300481298,2282323.41502,7.66894391297,36.2651404602,0,1.1,55.1095289677,-41.3768478068,-101.620385177,0.509220790089,-0.982976282083,0.493718167441,-130.620500541,65.6065821044
388.5,0.105952380952,1764,-4.73392876,95.5306707093,7.74349200509,2276586.6495,7.53658282851,36.2651404602,0,1.1,54.5804900347,-83.0335327312,-71.0718191876,0.509240535473,-0.9841142146,0.491446042431,-130.11513217,64.9767738509
389,0.105952380952,1764,-1.67202623755,97.0853883635,7.73390728091,2273768.74059,7.36342439971,36.2651404602,0,1.1,54.115710814,-106.27143772,-25.0781782247,0.510219589793,-0.985594958805,0.488469627692,-129.988517165,64.4234652547
389.5,0.105952380952,1764,1.7619100112,97.0635736786,7.74286333945,2276401.8218,7.28842398816,36.2651404602,0,1.1,54.0978098041,-106.258560654,26.5047170612,0.511511630623,-0.986233522974,0.487179061703,-130.374165766,64.4021545287
390,0.105952380952,1764,4.80381296995,95.470080525,7.76475794551,2282838.83598,7.25752354247,36.2651404602,0,1.1,54.3447836211,-82.775430145,72.6932049917,0.512075240134,-0.986496122274,0.486647100821,-131.147440697,64.6961709775
390.5,0.105952380952,1764,6.77684487899,92.6594686473,7.79285857948,2291100.42237,7.23152089024,36.2651404602,0,1.1,54.6884785467,-40.5450202466,103.316620448,0.512308155311,-0.986716876652,0.486199347316,-132.127963165,65.1053316032
391,0.105952380952,1764,7.24199683001,89.2571124485,7.82638867816,2300958.27138,7.27933702589,36.2651404602,0,1.1,55.2535080016,11.4186874066,111.31442146,0.512504473225,-0.986310775908,0.487022641493,-133.212566731,65.7779857162
391.5,0.105952380952,1764,6.09577031936,86.0200522348,7.87237733347,2314478.93604,7.60929719835,36.2651404602,0,1.1,56.5558427865,61.7185201781,94.5293621053,0.512143691155,-0.983489725535,0.492694590763,-134.397201446,67.3283842697
392,0.105952380952,1764,3.59320615343,83.6685491758,7.89501308734,2321133.84768,7.81118693023,36.2651404602,0,1.1,57.2812783912,98.5746562082,55.9427959082,0.509680819477,-0.981747544971,0.496156989211,-134.931741691,68.1919980848
392.5,0.105952380952,1764,0.291136665997,82.7258237964,7.89583935738,2321376.77107,7.9531673017,36.2651404602,0,1.1,57.5740173608,113.133490356,4.52797763935,0.508196568872,-0.980515042567,0.498588258285,-134.790555288,68.5404968581
393,0.105952380952,1764,-3.07571210318,83.401636941,7.87371922134,2314873.45107,7.99747403203,36.2651404602,0,1.1,57.3389318144,102.008386943,-47.5494342371,0.507162891492,-0.980129191971,0.499346339774,-133.983637902,68.2606331124
393.5,0.105952380952,1764,-5.7582004185,85.5456169967,7.83770371316,2304284.89167,7.94820703219,36.2651404602,0,1.1,56.7196657036,68.2645321472,-88.2458597038,0.506842015214,-0.980558203191,0.498503370254,-132.818831437,67.5234115519
394,0.105952380952,1764,-7.15946197412,88.6807182859,7.79210211399,2290878.02151,7.71771221367,36.2651404602,0,1.1,55.6174987784,20.0244450324,-108.668414964,0.507198864562,-0.98255568924,0.494554665878,-131.545210114,66.2113080695
394.5,0.105952380952,1764,-6.96770946289,92.1093659807,7.7636410009,2282510.45427,7.63978172286,36.2651404602,0,1.1,55.0627001428,-31.8048477404,-105.058553418,0.508881659026,-0.983227445563,0.493217791946,-130.675291185,65.5508335034
395,0.105952380952,1764,-5.22560872324,95.0686697931,7.74394013588,2276718.39995,7.53551196183,36.2651404602,0,1.1,54.5847645558,-76.1068999256,-78.4633634431,0.509455610329,-0.984123399629,0.491427649104,-130.131407176,64.9818625665
395.5,0.105952380952,1764,-2.32078538878,96.900170663,7.73027137234,2272699.78347,7.33614678704,36.2651404602,0,1.1,54.0128993455,-103.420515417,-34.7841861892,0.51022754098,-0.98582739975,0.488000346211,-129.89695145,64.3010706494
396,0.105952380952,1764,1.1004236439,97.1963510062,7.73569811928,2274295.24707,7.24072849095,36.2651404602,0,1.1,53.9067177492,-108.100082391,16.5300284086,0.511716334871,-0.986638730242,0.486357909349,-130.186448648,64.1746639872
396.5,0.105952380952,1764,4.27678322413,95.8913092988,7.7577997328,2280793.12144,7.23882403845,36.2651404602,0,1.1,54.2115351334,-89.004246557,64.6124399937,0.512434923064,-0.986654895732,0.486325114228,-130.933566328,64.5375418255
397,0.105952380952,1764,6.50153835957,93.2754234778,7.78488021925,2288754.78446,7.21249117841,36.2651404602,0,1.1,54.5397653292,-49.8415373022,98.9327544562,0.512449305443,-0.986878304163,0.485871601117,-131.879127349,64.9282920586
397.5,0.105952380952,1764,7.27967053642,89.9307404799,7.81570112287,2297816.13012,7.22187705176,36.2651404602,0,1.1,54.9907642929,1.06218565746,111.643303725,0.512648331913,-0.986798698161,0.486033259467,-132.914710098,65.4651955868
398,0.105952380952,1764,6.43804167419,86.601468052,7.86273228871,2311643.29288,7.5361703432,36.2651404602,0,1.1,56.2735662754,52.6068020035,99.6562012154,0.512577357981,-0.984117752606,0.491438957557,-134.153694696,66.992340804
398.5,0.105952380952,1764,4.16391816543,84.0283850165,7.89187248076,2320210.50934,7.78893858401,36.2651404602,0,1.1,57.1917338573,92.9166253206,64.7893786036,0.51022265244,-0.981940132131,0.495775732474,-134.850860557,68.0853974492
399,0.105952380952,1764,0.963303219933,82.7840144882,7.89653060594,2321579.99815,7.93260193415,36.2651404602,0,1.1,57.5434478224,112.26859573,14.9873776198,0.508359300978,-0.980693939368,0.498236286602,-134.838754144,68.5041045505
399.5,0.105952380952,1764,-2.45165123677,83.1452347806,7.87738761279,2315951.95816,7.98076492437,36.2651404602,0,1.1,57.3595182747,106.086798516,-37.9426315069,0.507312102294,-0.980274774136,0.499060484504,-134.128433439,68.2851408032
400,0.105952380952,1764,-5.32110172665,85.0316726744,7.84269590007,2305752.59462,7.93798248684,36.2651404602,0,1.1,56.7720075671,76.2447985357,-81.6585346628,0.50696293088,-0.980647146491,0.498328379764,-133.000144851,67.5857232941
400.5,0.105952380952,1764,-7.00658197795,88.0235868382,7.7996971374,2293110.95839,7.76213920743,36.2651404602,0,1.1,55.8118034285,30.0453473483,-106.513755987,0.507273047257,-0.982171917541,0.495316388174,-131.750291578,66.4426231292
401,0.105952380952,1764,-7.13306468282,91.455262255,7.76512829982,2282947.72015,7.61364417833,36.2651404602,0,1.1,55.033699924,-21.9557540136,-107.61758783,0.50855559376,-0.983452342403,0.492769205838,-130.755264766,65.5163094334
401.5,0.105952380952,1764,-5.67240684271,94.5631349543,7.74536405441,2277137.032,7.54037004412,36.2651404602,0,1.1,54.6141115586,-68.5385091199,-85.1998268772,0.50964868159,-0.984081728171,0.491511090699,-130.173755176,65.0167994745
402,0.105952380952,1764,-2.94961171826,96.6556885978,7.72781894897,2271978.771,7.31767272703,36.2651404602,0,1.1,53.9434713916,-99.7088130163,-44.1881075058,0.510191473609,-0.985984696003,0.487682457393,-129.835257981,64.2184183234
402.5,0.105952380952,1764,0.42948592946,97.2673201276,7.72922276966,2272391.49428,7.19581144504,36.2651404602,0,1.1,53.7309045067,-109.025544752,6.44321931617,0.511855154873,-0.987019707469,0.485584284206,-130.018774174,63.9653625079
403,0.105952380952,1764,3.71302093161,96.2619386424,7.74875796103,2278134.84054,7.18465869243,36.2651404602,0,1.1,53.9814839161,-94.4271545324,55.9906478348,0.512774554925,-0.987114208845,0.485392149397,-130.689347077,64.2636713286
403.5,0.105952380952,1764,6.17039125882,93.8632462662,7.77733464385,2286536.38529,7.19713425757,36.2651404602,0,1.1,54.4044538603,-58.6801692328,93.7241838479,0.512859020336,-0.987008496311,0.485607071829,-131.640965045,64.7672069765
404,0.105952380952,1764,7.25482041968,90.6049633693,7.80282681217,2294031.08278,7.12553666834,36.2651404602,0,1.1,54.6225565566,-9.2550121391,110.987630754,0.512764540192,-0.987614546764,0.484373313696,-132.586713967,65.0268530435
404.5,0.105952380952,1764,6.72501780967,87.2120732686,7.85269561017,2308692.50939,7.46128886055,36.2651404602,0,1.1,55.9830442406,43.0730301244,103.900468919,0.513307687267,-0.984759187498,0.490152366759,-133.898638801,66.6464812388
405,0.105952380952,1764,4.69886700907,84.4395100188,7.88433042285,2317993.14432,7.70471747652,36.2651404602,0,1.1,56.9162227167,86.418343035,73.0274314743,0.51077983341,-0.982667829436,0.494331808598,-134.692981284,67.7574079961
405.5,0.105952380952,1764,1.62719613018,82.9041820236,7.8962068008,2321484.79943,7.90215177579,36.2651404602,0,1.1,57.4785304072,110.419727207,25.3211896648,0.508977187578,-0.980958591285,0.497715021055,-134.864080831,68.4268219133
406,0.105952380952,1764,-1.80653356461,82.9477070055,7.88116029155,2317061.12572,7.96507097177,36.2651404602,0,1.1,57.3835805489,109.263607942,-27.9892476523,0.5075333505,-0.98041143559,0.498791957599,-134.275656099,68.3137863678
406.5,0.105952380952,1764,-4.83830101824,84.5604004507,7.84773495869,2307234.07786,7.92372175523,36.2651404602,0,1.1,56.8171405888,83.5948967495,-74.3542369978,0.507076604334,-0.980771148414,0.498084284472,-133.187948597,67.6394530819
407,0.105952380952,1764,-6.79352366871,87.383430459,7.807533701,2295414.90809,7.80189857057,36.2651404602,0,1.1,56.0009495115,39.8429893238,-103.446243934,0.507376585551,-0.9818279653,0.495997829184,-131.968939509,66.6677970376
407.5,0.105952380952,1764,-7.23715525175,90.788659535,7.76726029609,2283574.52705,7.58863890682,36.2651404602,0,1.1,55.0159582347,-11.9077583992,-109.271862464,0.508264482187,-0.983667305204,0.492339956406,-130.855671197,65.4951883747
408,0.105952380952,1764,-6.07048564712,94.0184081435,7.74757331517,2277786.55466,7.54894436429,36.2651404602,0,1.1,54.6616442406,-60.3866081023,-91.2241924336,0.509833658185,-0.984008162459,0.491658353142,-130.238289606,65.0733860007
408.5,0.105952380952,1764,-3.55310434609,96.3540419817,7.72648858802,2271587.64488,7.30739815801,36.2651404602,0,1.1,53.9053484023,-95.1655148208,-53.2154186704,0.510127840525,-0.986072133834,0.487505637789,-129.802068901,64.1730338123
409,0.105952380952,1764,-0.245140564873,97.2758715013,7.72418187314,2270909.4707,7.16424719073,36.2651404602,0,1.1,53.6007455244,-109.041031406,-3.67383893851,0.511932424912,-0.987287066141,0.48504046123,-129.884409313,63.8104113386
409.5,0.105952380952,1764,3.11736814858,96.578785285,7.74247506861,2276287.67017,7.16520094397,36.2651404602,0,1.1,53.8567564167,-99.0607792337,46.9401119778,0.513013747272,-0.987278991956,0.485056895676,-130.499281579,64.1151862104
410,0.105952380952,1764,5.78624774155,94.4178883048,7.77014035374,2284421.264,7.18382782787,36.2651404602,0,1.1,54.2782137815,-66.9883775772,87.7367922696,0.513006513414,-0.987121247569,0.485377834885,-131.412543494,64.6169211684
410.5,0.105952380952,1764,7.1676599131,91.2739903336,7.79702708758,2292325.96375,7.13510302469,36.2651404602,0,1.1,54.5599533815,-19.4595425491,109.482293059,0.512865315059,-0.987533659891,0.484538203429,-132.378844888,64.9523254542
411,0.105952380952,1764,6.95423393772,87.8466235026,7.8422715064,2305627.82288,7.38532977319,36.2651404602,0,1.1,55.6857475009,33.2029262023,107.227378263,0.513234986272,-0.985408134635,0.488846405526,-133.631389636,66.2925565487
411.5,0.105952380952,1764,5.19345810184,84.8983931017,7.87926080177,2316502.67572,7.6634509552,36.2651404602,0,1.1,56.7616529676,79.2133521637,80.6395384379,0.511347473571,-0.983023610425,0.493623927041,-134.568525651,67.57339639
412,0.105952380952,1764,2.2771133361,83.0852943046,7.89488066158,2321094.9145,7.86394503622,36.2651404602,0,1.1,57.3836952366,107.601625242,35.4347829994,0.509281019465,-0.981290266161,0.497060774491,-134.864368758,68.3139229007
412.5,0.105952380952,1764,-1.14589989011,82.8107501475,7.88446135423,2318031.63814,7.94556298241,36.2651404602,0,1.1,57.3932227851,111.498160112,-17.7717748084,0.507811497101,-0.980581206768,0.498458119537,-134.411434776,68.3252652204
413,0.105952380952,1764,-4.31394498453,84.1358480007,7.85255464416,2308651.06538,7.90373191288,36.2651404602,0,1.1,56.8478661667,90.2460602728,-66.3892305548,0.507218043969,-0.980944864631,0.497742074326,-133.375213068,67.6760311508
413.5,0.105952380952,1764,-6.52211696715,86.7657473403,7.81533350177,2297708.04952,7.83422244761,36.2651404602,0,1.1,56.1755515816,49.3329416098,-99.4836363653,0.507521859984,-0.981547987886,0.496551656404,-132.195040277,66.8756566447
414,0.105952380952,1764,-7.2790871539,90.1152831555,7.77228303925,2285051.21354,7.5973699766,36.2651404602,0,1.1,55.1039051085,-1.74274833874,-110.038773582,0.508028295259,-0.983592268108,0.492489847731,-131.01496807,65.5998870339
414.5,0.105952380952,1764,-6.41642610693,93.4391679247,7.75041589464,2278622.27303,7.5591749108,36.2651404602,0,1.1,54.7213098395,-51.7153947763,-96.4849685847,0.509769040124,-0.98392035787,0.491834046574,-130.322245925,65.1444164756
415,0.105952380952,1764,-4.12607997913,95.997821605,7.72840601895,2272151.36957,7.33749483126,36.2651404602,0,1.1,53.9894012682,-89.8515826828,-61.8115777385,0.510051956694,-0.985815917898,0.488023540436,-129.832757268,64.2730967479
415.5,0.105952380952,1764,-0.917661589562,97.2219316811,7.72241998431,2270391.47539,7.17415473158,36.2651404602,0,1.1,53.5951521932,-108.17409124,-13.7452433642,0.511706210987,-0.987203178569,0.485211174875,-129.814131751,63.8037526109
416,0.105952380952,1764,2.49494083312,96.8391278859,7.73673772233,2274600.89037,7.14796949568,36.2651404602,0,1.1,53.7440467496,-102.843539773,37.5177290267,0.512938621664,-0.987424825987,0.484759954022,-130.325195391,63.9810080352
416.5,0.105952380952,1764,5.35240714956,94.9345858697,7.76323519493,2282391.14731,7.17069680174,36.2651404602,0,1.1,54.1565300294,-74.6985420504,81.023417383,0.513137268657,-0.987232460362,0.485151594048,-131.193859329,64.4720595589
417,0.105952380952,1764,7.01893762312,91.9320752166,7.79136846493,2290662.32869,7.1458402751,36.2651404602,0,1.1,54.5015967192,-29.4659183962,107.045233772,0.51296483714,-0.987442839911,0.484723259096,-132.174612338,64.8828532372
417.5,0.105952380952,1764,7.12372136091,88.4996687126,7.83146882374,2302451.83418,7.30761404368,36.2651404602,0,1.1,55.3805518467,23.0854311639,109.611910706,0.513153434556,-0.986070296947,0.487509353222,-133.353039045,65.9292283889
418,0.105952380952,1764,5.64344348692,85.4010929983,7.87341816913,2314784.94172,7.61791077812,36.2651404602,0,1.1,56.5877744353,71.3304357854,87.5315119674,0.511930800872,-0.983415645019,0.492842438444,-134.422616051,67.3663981373
418.5,0.105952380952,1764,2.90747281191,83.3257957892,7.89270959427,2320456.62071,7.82093557412,36.2651404602,0,1.1,57.2671305694,103.841441923,45.2362798027,0.5096171457,-0.981663111667,0.496324022381,-134.841418528,68.1751554397
419,0.105952380952,1764,-0.475424280906,82.7355405051,7.88706855551,2318798.15532,7.9211633412,36.2651404602,0,1.1,57.3830678488,112.763505454,-7.37983445711,0.508125328569,-0.980793388269,0.498040489848,-134.529446357,68.3131760104
419.5,0.105952380952,1764,-3.75253722822,83.7616617316,7.86113719834,2311174.33631,7.93809433349,36.2651404602,0,1.1,57.0395277312,96.1852572646,-57.8581575995,0.507395169437,-0.980646173707,0.498330294077,-133.626220172,67.9041996799
420,0.105952380952,1764,-6.19469293817,86.1758426547,7.82288417592,2299927.94772,7.85792603804,36.2651404602,0,1.1,56.3301739085,58.4314484121,-94.6521934535,0.507272235538,-0.981342477645,0.496957685894,-132.422868755,67.0597308434
420.5,0.105952380952,1764,-7.25850024346,89.4409166291,7.77557985978,2286020.47878,7.5812789292,36.2651404602,0,1.1,55.1197268379,8.46008648511,-109.83610496,0.50785537053,-0.983730541032,0.492213594532,-131.144572257,65.6187224261
421,0.105952380952,1764,-6.70725699973,92.8303892912,7.75366093993,2279576.31634,7.56779396324,36.2651404602,0,1.1,54.7836232376,-42.5935234573,-100.935129045,0.509888153859,-0.983846359727,0.491982052978,-130.421589396,65.2185990924
421.5,0.105952380952,1764,-4.66361742941,95.5900869825,7.73266393099,2273403.19571,7.39743064644,36.2651404602,0,1.1,54.1630886688,-83.7922719788,-69.9050124394,0.509988060265,-0.985304868258,0.4890545129,-129.908477767,64.4798674629
422,0.105952380952,1764,-1.58230097858,97.1059639468,7.72142350148,2270098.50943,7.18926985228,36.2651404602,0,1.1,53.610078927,-106.395794306,-23.6913908807,0.51125687885,-0.987075141326,0.485471590699,-129.763799942,63.8215225321
422.5,0.105952380952,1764,1.85108490511,97.0407304077,7.7315059451,2273062.74786,7.1320684866,36.2651404602,0,1.1,53.6410426385,-105.746401293,27.8018835928,0.512824091134,-0.987559320948,0.48448590032,-130.166723924,63.8583840935
423,0.105952380952,1764,4.87259566419,95.4089011355,7.75659123495,2280437.82308,7.15750427357,36.2651404602,0,1.1,54.0385402614,-81.7477688001,73.6422822004,0.513258043375,-0.987344141827,0.484924267901,-130.984213834,64.3315955493
423.5,0.105952380952,1764,6.80993089958,92.573565842,7.78579592548,2289024.00209,7.15698000063,36.2651404602,0,1.1,54.4452178313,-39.1893736238,103.699280596,0.513064901076,-0.987348578983,0.484915233397,-131.973012905,64.8157355135
424,0.105952380952,1764,7.23202438127,89.1656000068,7.8203392894,2299179.75108,7.22854849037,36.2651404602,0,1.1,55.0690665707,12.8110769833,111.037897708,0.5130688792,-0.986742098454,0.486148157601,-133.064878665,65.5584125841
424.5,0.105952380952,1764,6.04495831819,85.9432921067,7.86676259853,2312828.20397,7.56771916203,36.2651404602,0,1.1,56.393376079,62.8419847313,93.6417381596,0.512526933279,-0.983847002022,0.491980768539,-134.25431376,67.1349715226
425,0.105952380952,1764,3.51286050981,83.623620852,7.88963444454,2319552.5267,7.77305460676,36.2651404602,0,1.1,57.1279134588,99.1722515999,54.6357545922,0.509988614661,-0.982077537163,0.49550349242,-134.793246646,68.0094207843
425.5,0.105952380952,1764,0.199134664697,82.7227240409,7.8897744235,2319593.68051,7.90544076331,36.2651404602,0,1.1,57.3914150119,113.055720674,3.09364563814,0.508475607585,-0.980930019004,0.49777133085,-134.640523644,68.3231131094
426,0.105952380952,1764,-3.15889958281,83.441055464,7.86688077179,2312862.94691,7.93365546278,36.2651404602,0,1.1,57.1141987172,101.280311774,-48.7783259724,0.507509434641,-0.980684777861,0.49825431907,-133.826821866,67.993093711
426.5,0.105952380952,1764,-5.81406376978,85.6187829909,7.83017949706,2302072.77214,7.87364728003,36.2651404602,0,1.1,56.46586198,67.05866954,-88.9897442222,0.507304454263,-0.98120608176,0.497226935229,-132.6515292,67.2212642619
427,0.105952380952,1764,-7.17557133783,88.7713519724,7.7851617668,2288837.55944,7.65095337635,36.2651404602,0,1.1,55.389910605,18.6264793449,-108.782684959,0.507740807382,-0.983131258215,0.493409494356,-131.387902824,65.9403697679
427.5,0.105952380952,1764,-6.9404804296,92.1973009367,7.75712913627,2280595.96606,7.5728365158,36.2651404602,0,1.1,54.8422935797,-33.0945326041,-104.533681314,0.509373175798,-0.983803056997,0.492068638549,-130.532544624,65.2884447377
428,0.105952380952,1764,-5.16109988132,95.1343400759,7.73615240926,2274428.80832,7.4375792012,36.2651404602,0,1.1,54.2884903969,-77.0035260716,-77.4048628245,0.509950692391,-0.984961933922,0.489744820009,-129.980461511,64.6291552344
428.5,0.105952380952,1764,-2.23335025991,96.928964325,7.72112634192,2270011.14452,7.20779173516,36.2651404602,0,1.1,53.6411838261,-103.721139831,-33.4314947714,0.510956750434,-0.986918152401,0.485790654976,-129.733175558,63.858552174
429,0.105952380952,1764,1.19133033104,97.1818613216,7.72682878864,2271687.66386,7.11750166436,36.2651404602,0,1.1,53.5483956084,-107.749046845,17.8734595253,0.512683882463,-0.987682464246,0.484234808561,-130.025494902,63.7480900101
429.5,0.105952380952,1764,4.35093430277,95.8367602909,7.75020572436,2278560.48296,7.14366065072,36.2651404602,0,1.1,53.9230617341,-88.0795109151,65.6576844541,0.513368781464,-0.987461278856,0.484685694818,-130.784154775,64.194121112
430,0.105952380952,1764,6.54243486487,93.1929525582,7.78025366825,2287394.57847,7.16696215703,36.2651404602,0,1.1,54.3870180426,-48.5478293932,99.4756438895,0.513169985193,-0.987264081342,0.485087243383,-131.773913665,64.7464500507
430.5,0.105952380952,1764,7.27821280301,89.8386978173,7.81032683605,2296236.0898,7.16914583517,36.2651404602,0,1.1,54.8125283454,2.47149857506,111.517973737,0.512993156321,-0.987245592799,0.485124870008,-132.792092218,65.253009935
431,0.105952380952,1764,6.39455405462,86.5203335731,7.85931593538,2310638.885,7.51292776785,36.2651404602,0,1.1,56.1789969149,53.8268055264,98.9170728736,0.512976597119,-0.984317028493,0.49103970045,-134.06428203,66.8797582321
431.5,0.105952380952,1764,4.08807686024,83.9762115256,7.88567304703,2318387.87583,7.72101412427,36.2651404602,0,1.1,56.9677986012,93.6371793973,63.5473818472,0.510395341849,-0.982527186813,0.494611288966,-134.719574714,67.8188078585
432,0.105952380952,1764,0.871983277326,82.7724108332,7.89277615971,2320476.19095,7.90038085082,36.2651404602,0,1.1,57.425097733,112.374304547,13.5575656149,0.508857396838,-0.980973974427,0.497684700887,-134.749031376,68.3632115869
432.5,0.105952380952,1764,-2.53813069872,83.1767828295,7.87240262094,2314486.37056,7.9286146069,36.2651404602,0,1.1,57.1845007222,105.51376846,-39.2494813183,0.507546229617,-0.980728610248,0.498168036953,-134.020746685,68.076786574
433,0.105952380952,1764,-5.38349861966,85.0993528374,7.8373270372,2304174.14894,7.88317804029,36.2651404602,0,1.1,56.5875635402,75.1397057336,-82.5430782258,0.507341052193,-0.981123357892,0.497390145256,-132.882609464,67.3661470716
433.5,0.105952380952,1764,-7.03101269893,88.1123399598,7.79446058994,2291571.41344,7.71075624019,36.2651404602,0,1.1,55.637748448,28.6705565257,-106.789910642,0.507671404872,-0.98261572323,0.494435375414,-131.632895363,66.235414819
434,0.105952380952,1764,-7.11409328111,91.5453403469,7.76068861116,2281642.45168,7.57228979914,36.2651404602,0,1.1,54.8915883244,-23.296538744,-107.247409987,0.508932785883,-0.983807752274,0.492059251072,-130.652989284,65.3471289576
434.5,0.105952380952,1764,-5.61425454468,94.634495216,7.73985816642,2275518.30093,7.47427477826,36.2651404602,0,1.1,54.4104966264,-69.5514162105,-84.2549913951,0.50995474332,-0.984648070632,0.490375546903,-130.063558681,64.7744007457
435,0.105952380952,1764,-2.86521768459,96.6924530346,7.72144813333,2270105.7512,7.22835760591,36.2651404602,0,1.1,53.684770936,-100.171394569,-42.8860463757,0.510683036474,-0.986743718081,0.486144870206,-129.721057701,63.9104415905
435.5,0.105952380952,1764,0.521343628125,97.2613084786,7.72265562915,2270460.75497,7.10383028864,36.2651404602,0,1.1,53.4645348896,-108.836072019,7.81415537221,0.512528375771,-0.987797979647,0.483999123352,-129.900273522,63.6482558209
436,0.105952380952,1764,3.79190352393,96.214488528,7.74403135905,2276745.21956,7.12749773011,36.2651404602,0,1.1,53.8062345635,-93.643208302,57.1384129121,0.513472796838,-0.987597967547,0.48440711648,-130.593928734,64.055041147
436.5,0.105952380952,1764,6.21874699586,93.7849155607,7.77470155539,2285762.25728,7.17502345563,36.2651404602,0,1.1,54.3249737735,-57.4623599111,94.4126420638,0.513292780614,-0.987195821637,0.485226142888,-131.576810961,64.6725878256
437,0.105952380952,1764,7.2618899218,90.5131810242,7.800415316,2293322.1029,7.10848715177,36.2651404602,0,1.1,54.5556759431,-7.84717573881,111.043323354,0.512932036458,-0.9877586381,0.484079407597,-132.524105905,64.9472332656
437.5,0.105952380952,1764,6.6892280793,87.1272612887,7.85104055412,2308205.92291,7.45214301987,36.2651404602,0,1.1,55.9415014938,44.3681794145,103.31217051,0.513437357016,-0.984837415539,0.489995168297,-133.852835305,66.5970255878
438,0.105952380952,1764,4.62818143006,84.3805394698,7.88242511653,2317432.98426,7.68800814513,36.2651404602,0,1.1,56.8557351671,87.305431239,71.904655871,0.510848049555,-0.98281195104,0.494045209362,-134.647635066,67.6853990084
438.5,0.105952380952,1764,1.53734257736,82.8841741309,7.89413961077,2320877.04557,7.88116648619,36.2651404602,0,1.1,57.4069646562,110.693663934,23.914874498,0.509100127044,-0.981140819781,0.497355699433,-134.818516511,68.3416245907
439,0.105952380952,1764,-1.89556225183,82.9711136195,7.8777536583,2316059.57554,7.92593181306,36.2651404602,0,1.1,57.2569876444,108.844625531,-29.3534071123,0.50768604979,-0.980751935186,0.498122115177,-134.206193823,68.1630805291
439.5,0.105952380952,1764,-4.90669553692,84.6220134894,7.84385063092,2306092.08549,7.88272805607,36.2651404602,0,1.1,56.6809287699,82.5962220632,-75.3580384345,0.50736053423,-0.981127264218,0.497382439786,-133.104447759,67.4772961546
440,0.105952380952,1764,-6.82606591577,87.4695407307,7.80337041581,2294190.90225,7.76002494586,36.2651404602,0,1.1,55.8602973941,38.5048903929,-103.869255312,0.507674680792,-0.982190194456,0.495280144883,-131.87687078,66.5003540406
440.5,0.105952380952,1764,-7.22660442368,90.8801070978,7.76421169403,2282678.23805,7.56456291666,36.2651404602,0,1.1,54.9266228085,-13.2808627727,-109.049843934,0.508571092435,-0.983874102212,0.491926570737,-130.780459538,65.3888366768
441,0.105952380952,1764,-6.01918935295,94.0948454834,7.74363718449,2276629.33224,7.50536231366,36.2651404602,0,1.1,54.5229704698,-61.496105539,-90.3957683397,0.510012009607,-0.984381857818,0.490909724897,-130.155399064,64.9082981783
441.5,0.105952380952,1764,-3.47247625328,96.3984614299,7.72221446219,2270331.05188,7.24872104077,36.2651404602,0,1.1,53.7341592263,-95.7732146603,-51.9765911306,0.510451601649,-0.986570875509,0.486495537078,-129.724080726,63.9692371741
442,0.105952380952,1764,-0.153120804473,97.278389521,7.71955417545,2269548.92758,7.0986764107,36.2651404602,0,1.1,53.4117927386,-109.009288821,-2.2933081489,0.51237458067,-0.987841512407,0.483910266853,-129.801677563,63.5854675459
442.5,0.105952380952,1764,3.20030474574,96.5388416049,7.7395753534,2275435.1539,7.13211911046,36.2651404602,0,1.1,53.7531686857,-98.4134796963,48.166501828,0.513512030143,-0.987558892879,0.48448677288,-130.438520394,63.991867483
443,0.105952380952,1764,5.84164739132,94.3443705822,7.76910115104,2284115.73841,7.18022328951,36.2651404602,0,1.1,54.2567532945,-65.8580473468,88.5558640088,0.51325765869,-0.987151781251,0.485315733078,-131.381458573,64.5913729696
443.5,0.105952380952,1764,7.18319593204,91.1832566086,7.79615830059,2292070.54037,7.13225745996,36.2651404602,0,1.1,54.5422738897,-18.0700446917,109.69782089,0.512892626931,-0.987557723008,0.484489157492,-132.352570737,64.9312784401
444,0.105952380952,1764,6.92644948831,87.7588624572,7.84200009106,2305548.02677,7.38617537637,36.2651404602,0,1.1,55.6835496138,34.5534694605,106.790795429,0.513256607395,-0.985400919858,0.488860948678,-133.621161695,66.2899400165
444.5,0.105952380952,1764,5.12853535516,84.8331319824,7.87865985679,2316325.9979,7.65504936156,36.2651404602,0,1.1,56.7364215672,80.2203389093,79.6251893605,0.511341140817,-0.983095982633,0.493479775604,-134.557905263,67.5433590086
445,0.105952380952,1764,2.18949790958,83.0570540184,7.89392580192,2320814.18576,7.84958205703,36.2651404602,0,1.1,57.3414217105,108.028659512,34.0674585114,0.509342965052,-0.981414839157,0.496814767778,-134.848864576,68.2635972744
445.5,0.105952380952,1764,-1.2367131507,82.8258142913,7.88218295798,2317361.78965,7.91594760053,36.2651404602,0,1.1,57.301724143,111.229437346,-19.1741493036,0.507916215869,-0.980838721751,0.497951204351,-134.369041469,68.2163382655
446,0.105952380952,1764,-4.38774970026,84.1908647315,7.84962504695,2307789.7638,7.87165428,36.2651404602,0,1.1,56.7427708093,89.3580537025,-67.4938274333,0.507433064023,-0.981223376913,0.497192804251,-133.313553503,67.5509176301
446.5,0.105952380952,1764,-6.56249124057,86.8484751758,7.81181249729,2296672.8742,7.79830555361,36.2651404602,0,1.1,56.0553878358,48.042987896,-100.040997558,0.507755325041,-0.981859067381,0.495936257801,-132.117811217,66.7326045665
447,0.105952380952,1764,-7.2770475187,90.2073147621,7.76822443698,2283857.98447,7.55721152117,36.2651404602,0,1.1,54.9693022808,-3.13182612603,-109.931619477,0.508290762696,-0.983937211271,0.491800329682,-130.924073216,65.4396455724
447.5,0.105952380952,1764,-6.37242639156,93.5200258357,7.7474015398,2277736.0527,7.52940187901,36.2651404602,0,1.1,54.6219045959,-52.9038361788,-95.7736725847,0.510066516465,-0.984175800399,0.491322698344,-130.254701229,65.0260768998
448,0.105952380952,1764,-4.04991032785,96.0495145538,7.72330501519,2270651.67447,7.26722450067,36.2651404602,0,1.1,53.7845353008,-90.5612692279,-60.627181948,0.510272917645,-0.986413712132,0.486814121115,-129.740052087,64.0292086914
448.5,0.105952380952,1764,-0.826270109133,97.2329577426,7.71971437516,2269596.0263,7.13755918984,36.2651404602,0,1.1,53.4879939961,-108.297308809,-12.3715404337,0.512234988893,-0.987512887718,0.484580536744,-129.763882182,63.6761833286
449,0.105952380952,1764,2.58121910712,96.8070337094,7.73528692681,2274174.35648,7.13404773493,36.2651404602,0,1.1,53.6973009762,-102.334739723,38.8052118988,0.513216326725,-0.987542584084,0.484520014675,-130.291859195,63.9253583051
449.5,0.105952380952,1764,5.41437489412,94.866512561,7.76342692851,2282447.51698,7.18115120389,36.2651404602,0,1.1,54.1793132535,-73.6650968395,81.9581673538,0.513243004144,-0.987143921355,0.485331720097,-131.188573188,64.4991824446
450,0.105952380952,1764,7.04280672271,91.843169408,7.79162383795,2290737.40836,7.15238302271,36.2651404602,0,1.1,54.517848398,-28.1102900133,107.410278526,0.512885595509,-0.987387481718,0.484836014489,-132.175866414,64.9022004738
450.5,0.105952380952,1764,7.10418082827,88.4097123659,7.83227204327,2302687.98072,7.31534993118,36.2651404602,0,1.1,55.4070391323,24.4729651591,109.326367232,0.513103765691,-0.986004466051,0.487642484743,-133.371490054,65.9607608718
451,0.105952380952,1764,5.58484118274,85.3301018251,7.87375144402,2314882.92454,7.6143674459,36.2651404602,0,1.1,56.585581478,72.4399072711,86.6325907447,0.51187261951,-0.983446121902,0.492781620311,-134.438162499,67.3637874738
451.5,0.105952380952,1764,2.82284802536,83.2895656604,7.89263332189,2320434.19664,7.81201270128,36.2651404602,0,1.1,57.2483839674,104.411334295,43.9222431699,0.509643335134,-0.981740394045,0.496171138521,-134.849427736,68.1528380564
452,0.105952380952,1764,-0.567242135573,82.7421327954,7.88559413942,2318364.67699,7.8983860232,36.2651404602,0,1.1,57.3167038157,112.641783007,-8.80357324629,0.508190532847,-0.980991301377,0.497650546691,-134.506289319,68.2341712091
452.5,0.105952380952,1764,-3.83111824515,83.8096096253,7.85850824124,2310401.42292,7.90676526197,36.2651404602,0,1.1,56.9400401864,95.40863756,-59.0466432606,0.507560738619,-0.980918511831,0.497794006741,-133.573944258,67.7857621267
453,0.105952380952,1764,-6.24255247036,86.2544775191,7.81975768315,2299008.75885,7.82605655497,36.2651404602,0,1.1,56.2233257567,57.200304885,-95.3340705839,0.507499804811,-0.981618747309,0.496411759461,-132.354291878,66.9325306627
453.5,0.105952380952,1764,-7.2649893192,89.532741836,7.77248446823,2285110.43366,7.55178969748,36.2651404602,0,1.1,55.0191896829,7.06677149762,-109.875061376,0.508087921673,-0.983983745279,0.491707218806,-131.073906662,65.4990353368
454,0.105952380952,1764,-6.67093176905,92.9149732988,7.75107700543,2278816.6396,7.54478605592,36.2651404602,0,1.1,54.7031475914,-43.8459649934,-100.341722149,0.51010673117,-0.984043842549,0.491586936301,-130.360838445,65.1227947517
454.5,0.105952380952,1764,-4.59256042752,95.6486094501,7.7303555031,2272724.51791,7.37145809123,36.2651404602,0,1.1,54.0813126804,-84.6379762531,-68.8142849742,0.510158696927,-0.985526458657,0.488607817465,-129.860124693,64.3825150957
455,0.105952380952,1764,-1.49232272364,97.1254033492,7.71995445064,2269666.60849,7.17193217702,36.2651404602,0,1.1,53.5567078054,-106.662130639,-22.3389910023,0.511451402898,-0.987221999602,0.485172880016,-129.733726907,63.7579854826
455.5,0.105952380952,1764,1.93996382687,97.0167613862,7.73107574475,2272936.26896,7.1316100941,36.2651404602,0,1.1,53.6341986858,-105.375090854,29.1336491665,0.512955470836,-0.987563197026,0.484477999377,-130.152749558,63.8502365307
456,0.105952380952,1764,4.94059927336,95.3468569104,7.75778283358,2280788.15307,7.17939192595,36.2651404602,0,1.1,54.0971852316,-80.8197178874,74.6789835898,0.513261526694,-0.987158823093,0.485301409424,-130.999869038,64.4014109899
456.5,0.105952380952,1764,6.84192807229,92.4872515461,7.78681987862,2289325.04432,7.16878698068,36.2651404602,0,1.1,54.4823888552,-37.8811371986,104.203379193,0.512898927042,-0.98724863121,0.485118686689,-131.994365253,64.8599867324
457,0.105952380952,1764,7.22089559562,89.0742209782,7.82190931321,2299641.33808,7.23993958004,36.2651404602,0,1.1,55.1134102463,14.2183924126,110.900684436,0.512979318231,-0.986645426856,0.486344324182,-133.105270999,65.6112026741
457.5,0.105952380952,1764,5.99317978149,85.8671806104,7.86770149985,2313104.24096,7.56594218289,36.2651404602,0,1.1,56.4033395884,64.0372948475,92.8632452973,0.512440880709,-0.983862259908,0.491950255137,-134.288444852,67.1468328434
458,0.105952380952,1764,3.43195319078,83.579712055,7.89023271067,2319728.41694,7.76854136564,36.2651404602,0,1.1,57.1276572648,99.8742814368,53.3876146666,0.510001785594,-0.98211656538,0.495426131735,-134.819047558,68.0091157914
458.5,0.105952380952,1764,0.107100823521,82.7207878576,7.88857845284,2319242.06513,7.88347921133,36.2651404602,0,1.1,57.3306752789,113.073499397,1.66367797324,0.508508673835,-0.981120743384,0.497395302452,-134.625878315,68.2508039034
459,0.105952380952,1764,-3.24158198226,83.4815227045,7.86458491767,2312187.9658,7.90516313437,36.2651404602,0,1.1,57.0249909188,100.62209679,-50.0384923017,0.507669212371,-0.980932430963,0.497766577709,-133.782497451,67.8868939509
459.5,0.105952380952,1764,-5.86899750355,85.6926495031,7.82723248537,2301206.3507,7.84406625307,36.2651404602,0,1.1,56.3658737366,65.8956828136,-89.7864239755,0.507511453246,-0.98146266244,0.496720285709,-132.586358627,67.1022306388
460,0.105952380952,1764,-7.19053339097,88.8621821089,7.78192976336,2287887.35043,7.61879172769,36.2651404602,0,1.1,55.2820214246,17.2400149847,-108.94968727,0.507956453583,-0.983408067218,0.492857558864,-131.315796989,65.8119302673
460.5,0.105952380952,1764,-6.91214167471,92.2848845636,7.75463873546,2279863.78823,7.5514327276,36.2651404602,0,1.1,54.7661472488,-34.3979991091,-104.059455327,0.509610635257,-0.983986808744,0.491701088283,-130.47310881,65.1977943438
461,0.105952380952,1764,-5.09576582505,95.199189423,7.733997638,2273795.30557,7.4160993308,36.2651404602,0,1.1,54.2173390358,-77.9472099616,-76.3966642422,0.51010937932,-0.985145467322,0.489375528828,-129.93227047,64.5444512331
461.5,0.105952380952,1764,-2.14555803803,96.9566501066,7.7201967025,2269737.83054,7.19997811805,36.2651404602,0,1.1,53.6134092633,-104.11748708,-32.1117359479,0.511117236352,-0.98698439212,0.48565606113,-129.71064246,63.8254872182
462,0.105952380952,1764,1.28204653498,97.1662233207,7.72705420902,2271753.93745,7.12609959143,36.2651404602,0,1.1,53.5679104186,-107.512792441,19.2341763361,0.512743012506,-0.987609787815,0.484383016848,-130.023513472,63.771321927
462.5,0.105952380952,1764,4.42438970539,95.7812780365,7.75220265681,2279147.5811,7.17500033784,36.2651404602,0,1.1,54.0109666296,-87.2637729542,66.7826276953,0.513303408138,-0.987196017417,0.485225744573,-130.816409019,64.2987697971
463,0.105952380952,1764,6.58228529254,93.1099711136,7.78175650657,2287836.41293,7.18111869531,36.2651404602,0,1.1,54.4353889413,-47.2986480551,100.108066626,0.512932211694,-0.987144196723,0.485331160009,-131.808817992,64.8040344539
463.5,0.105952380952,1764,7.27559134756,89.7466809455,7.81099326016,2296432.01849,7.16049041955,36.2651404602,0,1.1,54.8050284579,3.88234674731,111.5051075,0.512885841842,-0.987318867165,0.484975725723,-132.824612072,65.2440814975
464,0.105952380952,1764,6.35004400226,86.4397554621,7.86058159824,2311010.98988,7.51075361559,36.2651404602,0,1.1,56.1928178028,55.0920469837,98.2620488004,0.513042244823,-0.984335660834,0.491002349089,-134.110003432,66.8962116701
464.5,0.105952380952,1764,4.01158190761,83.9250011853,7.8867592418,2318707.21709,7.72014228391,36.2651404602,0,1.1,56.9817710454,94.4599622691,62.3759587763,0.510411507244,-0.982534712945,0.494596338299,-134.757722808,67.8354417207
465,0.105952380952,1764,0.780523912284,82.761962806,7.89199040686,2320245.17962,7.88216763685,36.2651404602,0,1.1,57.3776881951,112.532484193,12.1350985725,0.508863802613,-0.981132129149,0.497372843199,-134.743923459,68.3067716609
465.5,0.105952380952,1764,-2.62420433595,83.2094218506,7.87022984417,2313847.57418,7.90132004301,36.2651404602,0,1.1,57.0993328068,104.976468241,-40.5679306046,0.507678760805,-0.98096581625,0.497700780942,-133.979174979,67.9753961986
466,0.105952380952,1764,-5.44503473871,85.1678165707,7.8344661876,2303333.05915,7.85440364954,36.2651404602,0,1.1,56.490235555,74.0547381691,-83.4468781657,0.507539399146,-0.981373027396,0.496897354692,-132.819405594,67.2502804226
466.5,0.105952380952,1764,-7.054319223,88.2013949016,7.79107461724,2290575.93747,7.67590535007,36.2651404602,0,1.1,55.5222115621,27.3025731933,-107.083576649,0.507881052715,-0.982916288072,0.493837595413,-131.55878476,66.0978709072
467,0.105952380952,1764,-7.09398439862,91.6351713525,7.7580930729,2280879.36343,7.54919836149,36.2651404602,0,1.1,54.8106719259,-24.6392497888,-106.89427339,0.509189246715,-0.984005982885,0.491662715331,-130.591919011,65.2507999118
467.5,0.105952380952,1764,-5.55520457687,94.7051144629,7.73759026857,2274851.53896,7.45258877245,36.2651404602,0,1.1,54.3372838478,-70.5831456786,-83.3356588907,0.510125955996,-0.98483360342,0.49000283017,-130.011841519,64.687242676
468,0.105952380952,1764,-2.78036552788,96.7281474071,7.72058976977,2269853.39231,7.22325184377,36.2651404602,0,1.1,53.6631274983,-100.687692385,-41.6085694994,0.510844723991,-0.98678703568,0.486056937214,-129.697911556,63.8846755932
468.5,0.105952380952,1764,0.613117968542,97.2541358105,7.72318536484,2270616.49726,7.11683283269,36.2651404602,0,1.1,53.4966344948,-108.731387075,9.18995300084,0.512566965317,-0.987688116804,0.484223278999,-129.903645672,63.6864696367
469,0.105952380952,1764,3.87017982433,96.1660447718,7.74553286175,2277186.66135,7.14905208349,36.2651404602,0,1.1,53.8683820515,-92.932108235,58.3297695098,0.513373868204,-0.987415666407,0.484778611053,-130.620460038,64.1290262518
469.5,0.105952380952,1764,6.2661084101,93.7059796806,7.77646143198,2286279.661,7.18942516653,36.2651404602,0,1.1,54.3773624949,-56.2824785987,95.1629914048,0.513129049974,-0.987073825333,0.485474266407,-131.620117548,64.7349553511
470,0.105952380952,1764,7.26779831177,90.421316626,7.80199228905,2293785.73298,7.11068028076,36.2651404602,0,1.1,54.5819994226,-6.44493914163,111.176523589,0.512822914801,-0.987740108113,0.484117215997,-132.575207756,64.9785707411
470.5,0.105952380952,1764,6.65236880035,87.0429086345,7.85242934668,2308614.22792,7.44861056481,36.2651404602,0,1.1,55.954359946,45.6885293846,102.782399947,0.513420670082,-0.984867623325,0.489934449213,-133.904301802,66.612333269
471,0.105952380952,1764,4.55675584567,84.322467423,7.88331627308,2317694.98428,7.68299371075,36.2651404602,0,1.1,56.8586905363,88.2314811085,70.8140925411,0.510874406648,-0.982855185317,0.493959193351,-134.684006811,67.6889173051
471.5,0.105952380952,1764,1.44724321702,82.8653039959,7.89374901035,2320762.20904,7.86797458463,36.2651404602,0,1.1,57.3752105294,110.989173915,22.5136893034,0.509137043698,-0.981255306003,0.497129786313,-134.820905246,68.3038220589
472,0.105952380952,1764,-1.98428785536,82.9956440905,7.87574737535,2315469.72835,7.90146113136,36.2651404602,0,1.1,57.1796989107,108.433029491,-30.7183624473,0.507782133441,-0.98096459068,0.497703196525,-134.166929036,68.0710701318
472.5,0.105952380952,1764,-4.97430551826,84.6844864208,7.84101332361,2305257.91714,7.85418198359,36.2651404602,0,1.1,56.584258591,81.5982950084,-76.3604199463,0.507538373083,-0.981374949785,0.496893557952,-133.041748998,67.3622126083
473,0.105952380952,1764,-6.85751673508,87.5560556005,7.79989220476,2293168.3082,7.72362610849,36.2651404602,0,1.1,55.7401884338,37.1671818344,-104.288203723,0.507882669081,-0.982504637589,0.494656079631,-131.801515599,66.3573671831
473.5,0.105952380952,1764,-7.2148981253,90.9714139393,7.76143657487,2281862.35301,7.53829515125,36.2651404602,0,1.1,54.8370315372,-14.651567169,-108.820308439,0.508838207401,-0.984099526967,0.491475453124,-130.716930915,65.2821804014
474,0.105952380952,1764,-5.96693064349,94.1706280937,7.74113688688,2275894.24474,7.48079024259,36.2651404602,0,1.1,54.440904333,-62.6071442693,-89.5722369034,0.510206876804,-0.984592300571,0.490487514273,-130.099169273,64.8106003965
474.5,0.105952380952,1764,-3.39129294215,96.4418578206,7.72114281672,2270015.98811,7.24163770764,36.2651404602,0,1.1,53.7057782729,-96.4018945956,-50.750431608,0.510634497295,-0.98663101219,0.486373566084,-129.695983638,63.9354503248
475,0.105952380952,1764,-0.061076561407,97.2797437904,7.72311809676,2270596.72045,7.15670313542,36.2651404602,0,1.1,53.5716207882,-109.076070259,-0.915140902618,0.512428057236,-0.987350922184,0.484910462316,-129.857034734,63.7757390335
475.5,0.105952380952,1764,3.2827296424,96.4978524218,7.74106816319,2275874.03998,7.15181768945,36.2651404602,0,1.1,53.8115880247,-97.8177903723,49.4177674664,0.51307098007,-0.987392265512,0.484826271986,-130.466826299,64.0614143151
476,0.105952380952,1764,5.8961130132,94.2701582331,7.77094357327,2284657.41054,7.19349347176,36.2651404602,0,1.1,54.3080611099,-64.7563627783,89.4137435718,0.513108056646,-0.987039351588,0.485544352677,-131.428808983,64.6524537023
476.5,0.105952380952,1764,7.1975834213,91.0923336914,7.79761105658,2292497.65064,7.13046374245,36.2651404602,0,1.1,54.5591210404,-16.6879936904,109.960195925,0.512792105646,-0.987572890075,0.4844582405,-132.403934612,64.951334572
477,0.105952380952,1764,6.89755756072,87.6714597498,7.84332977116,2305938.95272,7.38051514592,36.2651404602,0,1.1,55.691342127,35.9149648547,106.386624565,0.51327023821,-0.985449209456,0.488763598873,-133.673029152,66.2992168179
477.5,0.105952380952,1764,5.06279260091,84.7686969998,7.87934360622,2316527.02023,7.64727748877,36.2651404602,0,1.1,56.7309348072,81.2403793317,78.6234694029,0.51138353634,-0.983162911539,0.493346419237,-134.590423745,67.5368271514
478,0.105952380952,1764,2.10153240167,83.029923848,7.89360248351,2320719.13015,7.83840996144,36.2651404602,0,1.1,57.3146382662,108.452609388,32.6993088317,0.509400294026,-0.981511694338,0.4966233924,-134.851125612,68.2317122216
478.5,0.105952380952,1764,-1.32732867176,82.8420255241,7.8802707754,2316799.60797,7.89365109436,36.2651404602,0,1.1,57.2300191307,110.946163405,-20.5731417743,0.507997729212,-0.981032423917,0.497569475775,-134.330377877,68.1309751556
479,0.105952380952,1764,-4.46085285352,84.2468102917,7.84680662913,2306961.14896,7.84346678927,36.2651404602,0,1.1,56.6469718396,88.4559758811,-68.5861430666,0.50759518379,-0.981467859381,0.496710017014,-133.251030561,67.4368712376
479.5,0.105952380952,1764,-6.60181622953,86.9317069124,7.808324056,2295647.27246,7.7617440144,36.2651404602,0,1.1,55.934568877,46.7474604748,-100.583006394,0.507960827421,-0.982175333922,0.495309613711,-132.042359018,66.5887724726
480,0.105952380952,1764,-7.27384434778,90.2993132209,7.76466609259,2282811.83122,7.51896090583,36.2651404602,0,1.1,54.8455898702,-4.51897721642,-109.819194699,0.508558490596,-0.984265317478,0.491143344462,-130.84777575,65.2923688931
480.5,0.105952380952,1764,-6.32740778141,93.6003209257,7.74466379775,2276931.15654,7.50119119857,36.2651404602,0,1.1,54.5294667173,-54.0856708423,-95.0532193148,0.510350494383,-0.984417593286,0.490838060901,-130.194638287,64.9160318063
481,0.105952380952,1764,-3.97309313162,96.1002402385,7.72189231904,2270236.3418,7.25564944297,36.2651404602,0,1.1,53.7428514459,-91.2963282212,-59.4613983082,0.510482630152,-0.986512039587,0.486614833056,-129.70552202,63.9795850547
481.5,0.105952380952,1764,-0.7347465154,97.242827318,7.71972954965,2269600.4876,7.14236950709,36.2651404602,0,1.1,53.4973554541,-108.441041785,-11.0007700142,0.512322294811,-0.987472200855,0.484663442544,-129.759045863,63.6873279215
482,0.105952380952,1764,2.66708466695,96.7738511483,7.73655387198,2274546.83836,7.14909507721,36.2651404602,0,1.1,53.7436430081,-101.856115893,40.1040529215,0.51317979027,-0.987415302637,0.484779351992,-130.317744674,63.9805273906
482.5,0.105952380952,1764,5.47547692788,94.7976611398,7.76525963171,2282986.33172,7.19293561029,36.2651404602,0,1.1,54.2275711666,-72.6498263388,82.9138274551,0.513128723589,-0.987044079053,0.485534742326,-131.23724455,64.5566323412
483,0.105952380952,1764,7.06554973962,91.7539688928,7.79283812826,2291094.40971,7.14651326334,36.2651404602,0,1.1,54.523464208,-26.7595717368,107.796145013,0.512796329888,-0.987437146351,0.484734857428,-132.22371807,64.9088859619
483.5,0.105952380952,1764,7.08350439976,88.3200102921,7.83340908913,2303022.2722,7.30732505493,36.2651404602,0,1.1,55.4074313075,25.8626901458,109.047382005,0.513148324744,-0.986072755836,0.48750437967,-133.419457005,65.9612277471
484,0.105952380952,1764,5.52534591172,85.2598573275,7.87406874344,2314976.21057,7.60292979628,36.2651404602,0,1.1,56.5675960168,73.5428270837,85.7251747544,0.511932974848,-0.983544473662,0.492585290411,-134.462443874,67.3423762105
484.5,0.105952380952,1764,2.7377718903,83.254408471,7.89225406552,2320322.69526,7.8019869537,36.2651404602,0,1.1,57.2230624743,104.957557251,42.5981692903,0.509727909017,-0.981827200184,0.495999343728,-134.848390823,68.1226934218
485,0.105952380952,1764,-0.658969293226,82.7498855547,7.88373370631,2317817.70966,7.87804960039,36.2651404602,0,1.1,57.2495743606,112.48861653,-10.22418952,0.508263835791,-0.98116787444,0.497302324716,-134.467028157,68.1542551912
485.5,0.105952380952,1764,-3.90908670006,83.8585473077,7.85551615538,2309521.74968,7.87669050229,36.2651404602,0,1.1,56.83783091,94.6075083833,-60.2184810791,0.507708745257,-0.981179670541,0.497279050551,-133.507783973,67.6640844167
486,0.105952380952,1764,-6.28941387347,86.3337112596,7.81633582631,2298002.73293,7.79067807471,36.2651404602,0,1.1,56.1055312816,55.9587415652,-95.995626766,0.507718642724,-0.981925080007,0.495805543791,-132.279750606,66.7922991447
486.5,0.105952380952,1764,-7.27031678723,89.6246417533,7.76852557064,2283946.51777,7.50600720692,36.2651404602,0,1.1,54.8752505757,5.67336630238,-109.887475857,0.50834657034,-0.984376332316,0.490920804587,-130.9926585,65.3276792568
487,0.105952380952,1764,-6.63353991522,92.9990912279,7.74818030332,2277965.00918,7.51367756239,36.2651404602,0,1.1,54.6028504826,-45.0897447679,-99.7317517069,0.510446805013,-0.984310602475,0.491052581558,-130.298733282,65.0033934317
487.5,0.105952380952,1764,-4.52076911573,95.7062287548,7.72816738794,2272081.21205,7.34807137732,36.2651404602,0,1.1,54.0061969824,-85.4702252788,-67.7139265454,0.510389767394,-0.985725814127,0.488205509354,-129.812873659,64.2930916458
488,0.105952380952,1764,-1.40210585946,97.1437034624,7.71956777066,2269552.92457,7.1703019649,36.2651404602,0,1.1,53.5482424351,-106.926852952,-20.9867007844,0.511626807692,-0.987235803617,0.485144790817,-129.722544773,63.7479076608
488.5,0.105952380952,1764,2.02853256553,96.9916704464,7.73196725471,2273198.37288,7.1403181889,36.2651404602,0,1.1,53.6631885353,-105.014669948,30.468495259,0.512967830834,-0.987489552267,0.4846280885,-130.173060434,63.8847482564
489,0.105952380952,1764,5.00781292428,95.28395777,7.75950876521,2281295.57697,7.18904372868,36.2651404602,0,1.1,54.1398030469,-79.8978977354,75.7223547795,0.513195369688,-0.987077057281,0.485467695104,-131.047309077,64.4521464844
489.5,0.105952380952,1764,6.87283128103,92.4005395607,7.78772874998,2289592.25249,7.15903395198,36.2651404602,0,1.1,54.4762292222,-36.5720967349,104.707231061,0.512825803788,-0.987331195004,0.484950627768,-132.036220895,64.852653836
490,0.105952380952,1764,7.20861225245,88.9829899736,7.82276356121,2299892.487,7.22940048895,36.2651404602,0,1.1,55.1048773455,15.6243737413,110.746255263,0.513053294733,-0.986734869234,0.486162830581,-133.146415057,65.6010444589
490.5,0.105952380952,1764,5.94044298821,85.7917299155,7.86759090512,2313071.72611,7.55063238597,36.2651404602,0,1.1,56.3716112419,65.2132661995,92.0558049171,0.512520495013,-0.983993677022,0.49168734332,-134.302606309,67.1090610023
491,0.105952380952,1764,3.3504971327,83.5368298054,7.88968495097,2319567.37558,7.75826300645,36.2651404602,0,1.1,57.0994118562,100.536495866,52.1179592974,0.510115316781,-0.98220542467,0.495249940685,-134.812525631,67.975490305
491.5,0.105952380952,1764,0.0150498578678,82.7200155562,7.89015692583,2319706.13619,7.91692534186,36.2651404602,0,1.1,57.4196507422,113.09725748,0.233805121897,0.50858400982,-0.980830224168,0.4979679421,-134.639879942,68.356727074
492,0.105952380952,1764,-3.32374608135,83.5230321919,7.86173667981,2311350.58386,7.87814614191,36.2651404602,0,1.1,56.9307362191,99.9328274341,-51.2819197848,0.507425959463,-0.9811670365,0.497303977951,-133.7175867,67.7746859752
492.5,0.105952380952,1764,-5.92299283637,85.7672047226,7.8238757412,2300219.46791,7.81035376833,36.2651404602,0,1.1,56.252054112,64.7188316875,-90.5617095425,0.507708042234,-0.981754759694,0.496142713157,-132.512088238,66.9667310857
493,0.105952380952,1764,-7.20434574124,88.9531941724,7.77801740338,2286737.11659,7.57366416032,36.2651404602,0,1.1,55.1396404654,15.8513218182,-109.092249798,0.508202659208,-0.983795948903,0.492082849653,-131.235534617,65.6424291255
493.5,0.105952380952,1764,-6.88269772932,92.3721028576,7.75168515919,2278995.4368,7.51892303603,36.2651404602,0,1.1,54.6622895396,-35.6939485255,-103.566612925,0.509944560151,-0.9842656421,0.491142693909,-130.410683037,65.0741542138
494,0.105952380952,1764,-5.02961700077,95.2632074656,7.73160270923,2273091.19651,7.38908583502,36.2651404602,0,1.1,54.1323337434,-78.8765791743,-75.3758969552,0.510350775841,-0.985376085875,0.488911003543,-129.882210417,64.4432544564
494.5,0.105952380952,1764,-2.05742276034,96.9832235812,7.71933612991,2269484.82219,7.19097235183,36.2651404602,0,1.1,53.584334599,-104.499982942,-30.7881655027,0.511319346623,-0.987060715479,0.485500920656,-129.691754574,63.7908745226
495,0.105952380952,1764,1.37255775097,97.1494395039,7.72751062085,2271888.12253,7.12821662362,36.2651404602,0,1.1,53.578274789,-107.271717043,20.5941495983,0.512811197163,-0.987591889585,0.484419507892,-130.036517389,63.7836604631
495.5,0.105952380952,1764,4.49713768711,95.7248714067,7.75368727534,2279584.05895,7.18128060076,36.2651404602,0,1.1,54.0437048192,-86.4408027886,67.9030434589,0.513287316498,-0.987142825279,0.485333949463,-130.859467567,64.3377438324
496,0.105952380952,1764,6.62108327084,93.0264924121,7.78232948599,2288004.86888,7.16793664814,36.2651404602,0,1.1,54.4179270934,-46.0410293964,100.724352814,0.512884615014,-0.987255830797,0.485104034777,-131.843137346,64.7832465398
496.5,0.105952380952,1764,7.27180658922,89.6547045772,7.81151117213,2296584.28461,7.14733088907,36.2651404602,0,1.1,54.7866659147,5.29326768221,111.474454237,0.512985766333,-0.987430228958,0.484748948365,-132.857210223,65.222221327
497,0.105952380952,1764,6.30451863386,86.3597466029,7.86005685348,2310856.71492,7.49188308103,36.2651404602,0,1.1,56.1482150884,56.331852006,97.560573924,0.513142117007,-0.984497320521,0.490678128601,-134.114120857,66.8431132005
497.5,0.105952380952,1764,3.93444553841,83.8747621838,7.88594284346,2318467.19598,7.70795009092,36.2651404602,0,1.1,56.9458908871,95.2316079009,61.1704534686,0.510551898942,-0.982639937788,0.494387249699,-134.744254276,67.7927272466
498,0.105952380952,1764,0.688939748352,82.752672077,7.88993922746,2319642.13287,7.86194905119,36.2651404602,0,1.1,57.3079428083,112.638506463,10.7075525106,0.508953416984,-0.981307581429,0.49702658946,-134.697974166,68.2237414384
498.5,0.105952380952,1764,-2.70985838606,83.2431466253,7.86737106219,2313007.09228,7.87497977539,36.2651404602,0,1.1,57.0061518383,104.403576503,-41.8713995452,0.507826044494,-0.98119451777,0.497249754447,-133.913072577,67.8644664742
499,0.105952380952,1764,-5.50570024474,85.2370529275,7.83120494272,2302374.25316,7.82249099011,36.2651404602,0,1.1,56.3811166345,72.9534686705,-84.3301267479,0.507731101967,-0.981649637532,0.496350671534,-132.746256787,67.1203769459
499.5,0.105952380952,1764,-7.07649782365,88.2907374245,7.78732251221,2289472.81859,7.63361781815,36.2651404602,0,1.1,55.3872477917,25.9309861872,-107.356569992,0.508113965675,-0.983280500456,0.493112013058,-131.480801631,65.937199752
500,0.105952380952,1764,-7.0727412506,91.7247409087,7.75519528599,2280027.41408,7.51734516835,36.2651404602,0,1.1,54.7087857159,-25.9767093369,-106.524140965,0.509501115614,-0.984279167299,0.491115588045,-130.530608852,65.1295068047
500.5,0.105952380952,1764,-5.49526638084,94.7749814035,7.73512532868,2274126.84663,7.423986952,36.2651404602,0,1.1,54.2481800492,-71.6033849464,-82.4044411489,0.51036250349,-0.985078088124,0.489511144202,-129.961274631,64.5811667252
501,0.105952380952,1764,-2.69506881524,96.7627660082,7.71936844819,2269494.32377,7.20852592932,36.2651404602,0,1.1,53.6181570721,-101.186552686,-40.3244356433,0.51105828143,-0.986911927347,0.48580330141,-129.673290814,63.8311393716
501.5,0.105952380952,1764,0.704794276803,97.24580327,7.72322173691,2270627.19065,7.11292538968,36.2651404602,0,1.1,53.4896965084,-108.61114556,10.5645310721,0.512678327766,-0.987721137443,0.48415591977,-129.909212241,63.678210129
502,0.105952380952,1764,3.94783731711,96.1166151193,7.74598308078,2277319.02575,7.14110801563,36.2651404602,0,1.1,53.8594294269,-92.2041171407,59.5111589237,0.51340358983,-0.987482871538,0.484641701073,-130.64453672,64.1183683654
502.5,0.105952380952,1764,6.31246792888,93.626451247,7.77670490136,2286351.241,7.17337101448,36.2651404602,0,1.1,54.3497844999,-55.0857221487,95.8862620005,0.513189370869,-0.98720981541,0.485197671427,-131.646493897,64.7021244046
503,0.105952380952,1764,7.2725446449,90.329384863,7.80171863275,2293705.27803,7.08918407247,36.2651404602,0,1.1,54.5363884406,-5.03921880847,111.261772696,0.512944562773,-0.987921669501,0.483746601984,-132.590275314,64.9242719531
503.5,0.105952380952,1764,6.61444586631,86.959028793,7.85156849928,2308361.13879,7.42704573895,36.2651404602,0,1.1,55.8997628279,46.9830052991,102.193188964,0.513584319974,-0.985051953726,0.489563732788,-133.900000431,66.5473366999
504,0.105952380952,1764,4.4846016762,84.2653031636,7.8816732737,2317211.94247,7.66031411368,36.2651404602,0,1.1,56.7902243728,89.1004110323,69.6775896029,0.511035426109,-0.983050633979,0.493570107515,-134.654644231,67.6074099676
504.5,0.105952380952,1764,1.35691245525,82.8475746359,7.89188882452,2320215.31441,7.85081750767,36.2651404602,0,1.1,57.3142735465,111.229409585,21.1017331287,0.509304144172,-0.98140412627,0.496835929598,-134.777808552,68.2312780315
505,0.105952380952,1764,-2.07269618876,83.0212944962,7.87305973867,2314679.56317,7.87754326656,36.2651404602,0,1.1,57.0936608027,107.985074227,-32.0718866374,0.507907204997,-0.981172269158,0.497293653927,-134.103759327,67.9686438128
505.5,0.105952380952,1764,-5.04112015202,84.7478092558,7.83795811488,2304359.68577,7.82551208177,36.2651404602,0,1.1,56.4842877015,80.5838102612,-77.3453763625,0.507712432482,-0.981623464591,0.496402431263,-132.97175527,67.2431996447
506,0.105952380952,1764,-6.88787109796,87.6429612354,7.79639719428,2292140.77512,7.68582702062,36.2651404602,0,1.1,55.6172607299,35.8253034707,-104.690714492,0.508091898335,-0.982830757544,0.494007795511,-131.727134943,66.2110246784
506.5,0.105952380952,1764,-7.20203822834,91.0625654603,7.75870799585,2281060.15078,7.50927066077,36.2651404602,0,1.1,54.7428909888,-16.0191635573,-108.577431353,0.509116183358,-0.984348368845,0.490976871912,-130.658068622,65.17010832
507,0.105952380952,1764,-5.91371787445,94.2457438573,7.73873310217,2275187.53204,7.45304702086,36.2651404602,0,1.1,54.354209859,-63.710521266,-88.739702881,0.510422534554,-0.984829684374,0.490010706798,-130.049732046,64.7073926893
507.5,0.105952380952,1764,-3.30956739319,96.484224215,7.71970553131,2269593.42621,7.22380692896,36.2651404602,0,1.1,53.6518913697,-97.0146577325,-49.5165708723,0.510841305289,-0.986782326683,0.486066497247,-129.667585894,63.8712992497
508,0.105952380952,1764,0.0309774472624,97.279934093,7.72488291898,2271115.57818,7.17998872021,36.2651404602,0,1.1,53.6404540758,-109.106988141,0.464270133211,0.512562769413,-0.987153768128,0.485311691668,-129.890447516,63.8576834236
508.5,0.105952380952,1764,3.36462965955,96.4558242893,7.74096487154,2275843.67223,7.13732152976,36.2651404602,0,1.1,53.7824235642,-97.1945809093,50.6556180931,0.512894404477,-0.987514897726,0.484576440585,-130.479547894,64.0266947193
509,0.105952380952,1764,5.94963589861,94.1952631233,7.77093252084,2284654.16113,7.17610314002,36.2651404602,0,1.1,54.274395714,-63.6299037901,90.2386211984,0.513218132119,-0.987186677837,0.485244745567,-131.448052236,64.61237585
509.5,0.105952380952,1764,7.21082008046,91.0012361196,7.79703691174,2292328.85205,7.1071023647,36.2651404602,0,1.1,54.505741234,-15.2970670283,110.168217004,0.512923852563,-0.987770337572,0.484055534224,-132.410905193,64.8877871833
510,0.105952380952,1764,6.86756277451,87.5844293556,7.84226575502,2305626.13198,7.35736736621,36.2651404602,0,1.1,55.6308770461,37.2546578414,105.91646407,0.513447894578,-0.985646591951,0.488365432617,-133.663530826,66.2272345787
510.5,0.105952380952,1764,4.99624035078,84.7050984563,7.87742442507,2315962.78097,7.62110217095,36.2651404602,0,1.1,56.6516722692,82.2068239058,77.5699127395,0.511557057877,-0.983388192016,0.492897214239,-134.555691856,67.4424669871
511,0.105952380952,1764,2.01323087725,83.0039081313,7.89174193079,2320172.12765,7.82091358135,36.2651404602,0,1.1,57.2530458126,108.822903717,31.3154306758,0.509593562039,-0.981663302179,0.496323645573,-134.808383011,68.1583878721
511.5,0.105952380952,1764,-1.41773196467,82.859381254,7.87783349685,2316083.04807,7.87288973981,36.2651404602,0,1.1,57.1537578199,110.629024363,-21.9648058017,0.508125489242,-0.981212655795,0.4972139621,-134.271960444,68.0401878809
512,0.105952380952,1764,-4.53324275575,84.3036757363,7.8440405268,2306147.91488,7.81924864198,36.2651404602,0,1.1,56.5597579156,87.5386405947,-69.6649084483,0.507746325358,-0.981677724272,0.49629511953,-133.185574304,67.3330451376
512.5,0.105952380952,1764,-6.6400856463,87.0154292419,7.80513884947,2294710.82174,7.72944113559,36.2651404602,0,1.1,55.8264528805,45.447715932,-101.112270635,0.508137653371,-0.982454429206,0.494755792824,-131.972144966,66.460062953
513,0.105952380952,1764,-7.26947815331,90.3912638222,7.76219109485,2282084.18189,7.49452109854,36.2651404602,0,1.1,54.7637725497,-5.90472160203,-109.706653809,0.508795496425,-0.98447472763,0.490723456397,-130.792194381,65.1949673211
513.5,0.105952380952,1764,-6.28137747457,93.680040356,7.74242424759,2276272.72879,7.47629860873,36.2651404602,0,1.1,54.4504428689,-55.2632479295,-94.3275853338,0.510532263707,-0.984630748725,0.490410326834,-130.147526219,64.8219557963
514,0.105952380952,1764,-3.89564067284,96.1499905486,7.72040020374,2269797.6599,7.23734992001,36.2651404602,0,1.1,53.6872964536,-92.0198155587,-58.2888922127,0.510667957323,-0.986667407685,0.486299729193,-129.675820129,63.9134481591
514.5,0.105952380952,1764,-0.643105442181,97.2515388291,7.71860084617,2269268.64877,7.12246643724,36.2651404602,0,1.1,53.4438577781,-108.558225032,-9.62752692314,0.512460439029,-0.987640500801,0.484320391041,-129.743213468,63.623640212
515,0.105952380952,1764,2.75252378347,96.7395855081,7.73609798886,2274412.80872,7.13133939625,36.2651404602,0,1.1,53.7033875746,-101.344344039,41.3901888998,0.51333102845,-0.987565485964,0.484473333561,-130.322205613,63.9326042555
515.5,0.105952380952,1764,5.53570348118,94.7280426149,7.76503357812,2282919.87197,7.1748556441,36.2651404602,0,1.1,54.1896267625,-71.6025505751,83.833950064,0.513263583767,-0.987197242794,0.485223251524,-131.24996724,64.5114604315
516,0.105952380952,1764,7.08716303745,91.6644879335,7.79208589736,2290873.25382,7.12276546643,36.2651404602,0,1.1,54.4669076596,-25.394659499,108.127003225,0.512933308497,-0.987637973098,0.484325545574,-132.225079297,64.8415567377
516.5,0.105952380952,1764,7.06169538138,88.2305768339,7.83227686214,2302689.39747,7.28387912709,36.2651404602,0,1.1,55.3455631313,27.2371114195,108.702196062,0.513328754923,-0.986272164274,0.487100829376,-133.407864305,65.8875751563
517,0.105952380952,1764,5.46496718661,85.1903707368,7.87211984393,2314403.23412,7.57582300487,36.2651404602,0,1.1,56.4861814506,74.6016341135,84.7665090569,0.512109471579,-0.983777407042,0.492119917697,-134.427719949,67.2454541079
517.5,0.105952380952,1764,2.65225800967,83.2203298421,7.89045996552,2319795.22986,7.78422771115,36.2651404602,0,1.1,57.1619525972,105.456352028,41.2553188903,0.509928566055,-0.981980891613,0.495694995443,-134.808188248,68.0499435681
518,0.105952380952,1764,-0.750591087501,82.7587975433,7.88162815304,2317198.67699,7.86102310344,36.2651404602,0,1.1,57.185448052,112.307247264,-11.6412735815,0.508393784281,-0.981315613666,0.497010730643,-134.415448553,68.0779143476
518.5,0.105952380952,1764,-3.98643012649,83.9084669543,7.85285822948,2308740.31947,7.85387325496,36.2651404602,0,1.1,56.7547399979,93.7939383884,-61.3807688262,0.507832793663,-0.981377627198,0.496888269972,-133.444371601,67.5651666642
519,0.105952380952,1764,-6.33526965477,86.4135312073,7.8134832991,2297164.08994,7.76402924169,36.2651404602,0,1.1,56.0129389386,54.7133391604,-96.6476434971,0.507884920333,-0.982155577846,0.495348787125,-132.21424753,66.682070165
519.5,0.105952380952,1764,-7.27448179572,89.7166016872,7.7654664313,2283047.1308,7.47328745484,36.2651404602,0,1.1,54.7692446416,4.28127983733,-109.895122268,0.508541740366,-0.984656520659,0.490358579331,-130.926768358,65.2014817162
520,0.105952380952,1764,-6.59508741687,93.0827296287,7.74619269302,2277380.65175,7.49346641827,36.2651404602,0,1.1,54.5362474487,-46.3315773782,-99.1202083124,0.510690393454,-0.984483760525,0.490705334454,-130.254801957,64.9241041056
520.5,0.105952380952,1764,-4.44825497282,95.7629356839,7.72637877934,2271555.36113,7.32587055184,36.2651404602,0,1.1,53.9389653321,-86.2962050747,-66.6097184516,0.510540113526,-0.985914908775,0.487823526139,-129.777683633,64.2130539668
521,0.105952380952,1764,-1.31166481092,97.1608613605,7.71831982857,2269186.0296,7.14960627395,36.2651404602,0,1.1,53.4915801712,-107.168032768,-19.6301157586,0.511793535652,-0.987410977364,0.484788161757,-129.703616726,63.6804525848
521.5,0.105952380952,1764,2.11677695972,96.9654616001,7.73128919313,2272999.02278,7.12153521413,36.2651404602,0,1.1,53.6179341535,-104.619488512,31.7934597208,0.513124842924,-0.987648372285,0.484304338946,-130.171162491,63.8308739923
522,0.105952380952,1764,5.07422587008,95.2202137714,7.75909450585,2281173.78472,7.17053125635,36.2651404602,0,1.1,54.0984562563,-78.9381447335,76.7305696051,0.513338108813,-0.987233862112,0.485148741623,-131.054132579,64.4029241147
522.5,0.105952380952,1764,6.90263558468,92.3134437502,7.7869403295,2289360.45687,7.13652157784,36.2651404602,0,1.1,54.4216258066,-35.2448583882,105.160289145,0.512966092314,-0.987521663186,0.484562653057,-132.034954099,64.7876497698
523,0.105952380952,1764,7.19517631576,88.8919215799,7.8216971952,2299578.97539,7.20688922529,36.2651404602,0,1.1,55.0459201448,17.0221141938,110.531087575,0.513224209167,-0.98692580434,0.48577510921,-133.135874685,65.5308573152
523.5,0.105952380952,1764,5.88675637049,85.7169520859,7.86581169817,2312548.63926,7.52464833873,36.2651404602,0,1.1,56.2949732435,66.3570685846,91.2032515284,0.512690710907,-0.984216559565,0.491241044578,-134.272276644,67.0178252899
524,0.105952380952,1764,3.26850535968,83.4949809598,7.88803814182,2319083.21369,7.74078904799,36.2651404602,0,1.1,57.041052965,101.160778752,50.8291436958,0.510308230859,-0.98235641938,0.494950366505,-134.776968947,67.9060154345
524.5,0.105952380952,1764,-0.077003514125,82.7204072601,7.88549746538,2318336.25482,7.85901320499,36.2651404602,0,1.1,57.2376450171,113.015549587,-1.19547820598,0.508712187397,-0.981333047874,0.496976306428,-134.549847968,68.1400535918
525,0.105952380952,1764,-3.40537874275,83.5655772894,7.85943217097,2310673.05826,7.86039672734,36.2651404602,0,1.1,56.8625866023,99.2337819113,-52.5188702519,0.507847444892,-0.981321047091,0.497000002552,-133.660181897,67.6935554789
525.5,0.105952380952,1764,-5.97604113488,85.8424367288,7.82134299271,2299474.83986,7.78933269162,36.2651404602,0,1.1,56.1748245326,63.5391693221,-91.3305859164,0.507837359476,-0.981936721927,0.495782486713,-132.450852788,66.8747911102
526,0.105952380952,1764,-7.21700618017,89.0443736109,7.77534096419,2285950.24347,7.54778780838,36.2651404602,0,1.1,55.051941753,14.4639396551,-109.233423308,0.508356416552,-0.984018086731,0.491638490139,-131.174845225,65.5380258965
526.5,0.105952380952,1764,-6.85215330127,92.4589418732,7.75000843812,2278502.48081,7.50437562428,36.2651404602,0,1.1,54.6108415213,-36.9893282734,-103.075453145,0.510136421923,-0.984390311618,0.490892772806,-130.370783409,65.0129065729
527,0.105952380952,1764,-4.96266398509,95.3263839677,7.73004877888,2272634.34099,7.371088932,36.2651404602,0,1.1,54.0763183317,-79.8037162374,-74.3542018097,0.510458940864,-0.985529606758,0.488601467664,-129.850234528,64.3765694425
527.5,0.105952380952,1764,-1.9689585189,97.0086805,7.71814567673,2269134.82896,7.17233872837,36.2651404602,0,1.1,53.5323871259,-104.865351344,-29.4599713694,0.511454169838,-0.987218556955,0.485179884995,-129.672488992,63.7290322927
528,0.105952380952,1764,1.46284950709,97.1315125548,7.72676372036,2271668.53378,7.11038157937,36.2651404602,0,1.1,53.5339207282,-106.998382972,21.9480132143,0.512952388612,-0.987742631959,0.484112066583,-130.031225769,63.7308580098
528.5,0.105952380952,1764,4.56916661619,95.6675494205,7.7531603787,2279429.15134,7.16312098014,36.2651404602,0,1.1,54.0015228501,-85.5769872791,68.9919900789,0.513422942698,-0.987296599946,0.48502105494,-130.862065429,64.2875272025
529,0.105952380952,1764,6.65882259632,92.9425298012,7.78164511397,2287803.66351,7.14830580731,36.2651404602,0,1.1,54.370415183,-44.7633934659,101.297698253,0.513022289665,-0.987421980553,0.484765749946,-131.842134576,64.7266847416
529.5,0.105952380952,1764,7.26685913314,89.5627834185,7.81063711834,2296327.31279,7.12720822774,36.2651404602,0,1.1,54.7352168131,6.70204455312,111.392878807,0.513134715425,-0.987600415132,0.484402126369,-132.850373452,65.1609723966
530,0.105952380952,1764,6.25798522854,86.280319788,7.85859699148,2310427.5155,7.46874951715,36.2651404602,0,1.1,56.0818867588,57.5511530748,96.8239862848,0.513294981108,-0.984695354928,0.490280591073,-134.091274399,66.7641509034
530.5,0.105952380952,1764,3.85668008607,83.8255025538,7.88453406797,2318053.01598,7.69167591335,36.2651404602,0,1.1,56.893406935,95.9768819061,59.9485435686,0.510724212953,-0.982780322904,0.494108122695,-134.715359497,67.7302463512
531,0.105952380952,1764,0.597245429031,82.7445401319,7.88834547761,2319173.57042,7.84957665851,36.2651404602,0,1.1,57.2603688345,112.731667544,9.27969754802,0.509073131314,-0.981414885968,0.496814675307,-134.658285366,68.1671057554
531.5,0.105952380952,1764,-2.79507915371,83.2779517612,7.86529648327,2312397.16608,7.85988736848,36.2651404602,0,1.1,56.9464746424,103.824868639,-43.1711757578,0.507916255245,-0.981325465377,0.496991278599,-133.860319986,67.7934221934
532,0.105952380952,1764,-5.56548543786,85.3070508376,7.8290612284,2301744.00115,7.8076442258,36.2651404602,0,1.1,56.3213730418,71.8513815766,-85.2103451402,0.50784107244,-0.981778221402,0.496096284989,-132.690969391,67.0492536212
532.5,0.105952380952,1764,-7.0975449547,88.3803532434,7.78502552701,2288797.50494,7.61434709168,36.2651404602,0,1.1,55.3174503954,24.5610844004,-107.630506444,0.508222467699,-0.983446296961,0.492781270944,-131.425405329,65.8541076136
533,0.105952380952,1764,-7.05036723364,91.814034694,7.75386120481,2279635.19421,7.50907714705,36.2651404602,0,1.1,54.6741474037,-27.3141501567,-106.158272452,0.509643485591,-0.98435002709,0.49097354732,-130.49509774,65.0882707187
533.5,0.105952380952,1764,-5.43444954018,94.8440848666,7.73386785822,2273757.15032,7.41147420552,36.2651404602,0,1.1,54.2067091584,-72.6238913095,-81.4748055822,0.510423973599,-0.985184968298,0.489296002681,-129.933119535,64.5317966172
534,0.105952380952,1764,-2.60934118487,96.7963033026,7.71839012857,2269206.6978,7.19443035411,36.2651404602,0,1.1,53.577775198,-101.674882591,-39.0365830953,0.511151818577,-0.987031411989,0.485560492365,-129.656119887,63.7830657119
534.5,0.105952380952,1764,0.796357894675,97.2363121895,7.72253781771,2270426.11841,7.09777999783,36.2651404602,0,1.1,53.4513813198,-108.463717179,11.9364581294,0.512785011685,-0.987849083235,0.483894811661,-129.903030384,63.6325968092
535,0.105952380952,1764,4.02486358552,96.066207474,7.74515171976,2277074.60561,7.12044781205,36.2651404602,0,1.1,53.8083022903,-91.4407992594,60.6699894038,0.513518855172,-0.987657563597,0.484285594531,-130.639601482,64.0575027266
535.5,0.105952380952,1764,6.3578181397,93.5463429759,7.7762427616,2286215.37191,7.15784578072,36.2651404602,0,1.1,54.3133623624,-53.8696480472,96.5765093407,0.513346377132,-0.987341251455,0.484930152882,-131.648373057,64.6587647172
536,0.105952380952,1764,7.27612816227,90.2374004343,7.80082819879,2293443.49045,7.06854582784,36.2651404602,0,1.1,54.483827796,-3.63177147423,111.310810283,0.513062309822,-0.988095853506,0.483390715968,-132.583383305,64.8616997571
536.5,0.105952380952,1764,6.57546534071,86.8756351761,7.85053120451,2308056.17413,7.40795240588,36.2651404602,0,1.1,55.8475187523,48.2666728109,101.580913902,0.51374162907,-0.985215041994,0.489235445393,-133.886785934,66.4851413717
537,0.105952380952,1764,4.41173045848,84.2090558316,7.87989432512,2316688.93159,7.63651953889,36.2651404602,0,1.1,56.7176338493,89.9524633114,68.5287253106,0.511178157333,-0.983255525744,0.493161810255,-134.621918757,67.5209926777
537.5,0.105952380952,1764,1.26636473515,82.8309888857,7.89081230919,2319898.8189,7.84383740861,36.2651404602,0,1.1,57.2848494224,111.463799107,19.6894414284,0.50947969155,-0.981464646378,0.496716365656,-134.749350622,68.1962493124
538,0.105952380952,1764,-2.16077311633,83.0480607353,7.87142662048,2314199.42642,7.86786475699,36.2651404602,0,1.1,57.0509557587,107.53548845,-33.4237374132,0.507958123272,-0.981256258927,0.49712790539,-134.059605206,67.9178044747
538.5,0.105952380952,1764,-5.10712875512,84.8119718699,7.83623100054,2303851.91416,7.81680927768,36.2651404602,0,1.1,56.4424385154,79.570404557,-78.3296256265,0.507782933675,-0.981698853116,0.496253324211,-132.923368096,67.193379185
539,0.105952380952,1764,-6.917124151,87.73024374,7.79445386561,2291569.43649,7.67240788985,36.2651404602,0,1.1,55.5636339776,34.4855339765,-105.095302141,0.508155477559,-0.982946431172,0.493777595124,-131.676970372,66.1471833067
539.5,0.105952380952,1764,-7.188026789,91.1535470865,7.7577174295,2280768.92427,7.50705654633,36.2651404602,0,1.1,54.7246734616,-17.3866910434,-108.340615186,0.509215011901,-0.984367341217,0.490938832793,-130.62722578,65.1484207877
540,0.105952380952,1764,-5.85955955408,94.3201807638,7.73779704541,2274912.33135,7.44624067542,36.2651404602,0,1.1,54.3280871528,-64.8156505753,-87.9109429313,0.510439000534,-0.984887887334,0.489893712332,-130.025957021,64.6762942295
540.5,0.105952380952,1764,-3.22731267358,96.5255538391,7.71903328152,2269395.78477,7.21535587727,36.2651404602,0,1.1,53.62648406,-97.6231045798,-48.2810027185,0.510892092346,-0.986854010114,0.485920942873,-129.654421252,63.8410524524
541,0.105952380952,1764,0.123026502911,97.2789603983,7.7186557495,2269284.79035,7.08406246644,36.2651404602,0,1.1,53.3715555152,-109.006079345,1.84238352788,0.512626665625,-0.987964907125,0.483658290832,-129.787676073,63.5375660895
541.5,0.105952380952,1764,3.44599170208,96.4127639274,7.74036348061,2275666.8633,7.12141567705,36.2651404602,0,1.1,53.7436431118,-96.5444383203,51.8795541358,0.513623340491,-0.987649382695,0.484302278399,-130.477041555,63.980527514
542,0.105952380952,1764,6.00220748971,94.119697228,7.77075908223,2284603.17017,7.16516533417,36.2651404602,0,1.1,54.2508944404,-62.4868623045,91.0404556874,0.513339017716,-0.987279293423,0.485056282073,-131.454516355,64.5843981433
542.5,0.105952380952,1764,7.22290379308,90.909978459,7.7964443149,2292154.62858,7.09004878998,36.2651404602,0,1.1,54.4643538154,-13.9027296334,110.352149115,0.513006783494,-0.987914368603,0.483761511808,-132.410083219,64.838516447
543,0.105952380952,1764,6.83646992558,87.4977851897,7.84166647542,2305449.94377,7.34251414087,36.2651404602,0,1.1,55.5932711764,38.5900031829,105.434351642,0.513577732996,-0.985773161555,0.488109899467,-133.660264851,66.1824656862
543.5,0.105952380952,1764,4.92888924588,84.6423465209,7.87612889751,2315581.89587,7.60191276975,36.2651404602,0,1.1,56.5951943872,83.1676853664,76.5119117181,0.511668522581,-0.983553217123,0.492567831966,-134.534009959,67.3752314133
544,0.105952380952,1764,1.92460745498,82.9790110281,7.8909481582,2319938.75851,7.81599852973,36.2651404602,0,1.1,57.231816726,109.192940605,29.9321859582,0.509735431926,-0.981705875112,0.496239432905,-134.787110812,68.13311515
544.5,0.105952380952,1764,-1.50790857475,82.8778787057,7.87664771058,2315734.42691,7.86851239914,36.2651404602,0,1.1,57.1279388351,110.313499635,-23.3557763393,0.508161402158,-0.981250639585,0.497138996976,-134.236737998,68.0094509942
545,0.105952380952,1764,-4.60490783244,84.3614519728,7.84273359566,2305763.67712,7.81638896475,36.2651404602,0,1.1,56.5353301078,86.6240739096,-70.7444318115,0.507778214848,-0.981702493527,0.496246122608,-133.144556057,67.303964414
545.5,0.105952380952,1764,-6.67729337193,87.099628778,7.80352508332,2294236.37449,7.72117263074,36.2651404602,0,1.1,55.7873782862,44.1505095983,-101.644197431,0.508158548992,-0.982525818487,0.494614007086,-131.927163998,66.4135455788
546,0.105952380952,1764,-7.26394963339,90.4831518638,7.76152137581,2281887.28449,7.49787545326,36.2651404602,0,1.1,54.7607537779,-7.28997053281,-109.60110629,0.508856232259,-0.984445996767,0.49078109117,-130.765809573,65.1913735451
546.5,0.105952380952,1764,-6.23434283086,93.7591713804,7.7417950524,2276087.74541,7.47497633964,36.2651404602,0,1.1,54.4390707221,-56.4430342332,-93.6071251388,0.510507300917,-0.984642066127,0.490387603445,-130.127869643,64.8084175263
547,0.105952380952,1764,-3.81756533548,96.1987575295,7.72006399123,2269698.81342,7.23497164528,36.2651404602,0,1.1,53.6780994418,-92.7433153471,-57.1168760969,0.510677809085,-0.986687592516,0.486258773468,-129.6671786,63.9024993355
547.5,0.105952380952,1764,-0.551361542073,97.2590908832,7.71792673422,2269070.45986,7.10983300578,36.2651404602,0,1.1,53.4104954454,-108.664046637,-8.25353715579,0.512478403432,-0.987747267004,0.484102609502,-129.734575033,63.5839231492
548,0.105952380952,1764,2.83752279571,96.7042422677,7.73583479956,2274335.43107,7.12143198992,36.2651404602,0,1.1,53.6808047213,-100.814571783,42.6690495589,0.513427116522,-0.987649244808,0.484302559596,-130.324390722,63.9057199063
548.5,0.105952380952,1764,5.59504492431,94.6576681177,7.76509488658,2282937.89666,7.16747852763,36.2651404602,0,1.1,54.1762865639,-70.5423604751,84.7393300571,0.513338893681,-0.987259709517,0.485096140949,-131.260345019,64.4955792428
549,0.105952380952,1764,7.10764316041,91.5747408372,7.79188355517,2290813.76522,7.11058093586,36.2651404602,0,1.1,54.4404589687,-24.0266684809,108.445137042,0.512989240408,-0.98774094752,0.484115503358,-132.231997746,64.8100702008
549.5,0.105952380952,1764,7.03875726019,88.1414262909,7.83211627997,2302642.18631,7.27340069145,36.2651404602,0,1.1,55.3227992435,28.6108352718,108.354445941,0.513421425926,-0.986361230339,0.486920448619,-133.414440946,65.8604752898
550,0.105952380952,1764,5.40371466145,85.1216531635,7.87131469103,2314166.51916,7.5614070731,36.2651404602,0,1.1,56.4462202502,75.6615465898,83.8098278607,0.512188428141,-0.983901195966,0.491872378342,-134.417134687,67.1978812502
550.5,0.105952380952,1764,2.56632005637,83.1873352227,7.88995515117,2319646.81445,7.78147227762,36.2651404602,0,1.1,57.149193454,105.958589542,39.9144332466,0.510035405783,-0.982004729137,0.495647770046,-134.794211376,68.034754112
551,0.105952380952,1764,-0.842092868881,82.7688673363,7.88088708265,2316980.8023,7.86171275986,36.2651404602,0,1.1,57.1760536299,112.129297449,-13.0578826535,0.508413958159,-0.981309631189,0.497022542483,-134.389353612,68.0667305118
551.5,0.105952380952,1764,-4.0631361579,83.9593605833,7.85169519241,2308398.38657,7.85217239697,36.2651404602,0,1.1,56.7346034806,92.9841566506,-62.5442544966,0.507827766772,-0.981392377178,0.496859136996,-133.406852385,67.5411946198
552,0.105952380952,1764,-6.38011248233,86.4939245997,7.81216973357,2296777.90167,7.76008134519,36.2651404602,0,1.1,55.9864572525,53.4707741455,-97.3024007223,0.507897323713,-0.982189706924,0.495281111705,-132.174389599,66.6505443482
552.5,0.105952380952,1764,-7.27748367873,89.8086069339,7.76566131157,2283104.4256,7.48859026933,36.2651404602,0,1.1,54.8013666964,2.89112299974,-109.931362052,0.508570678973,-0.984525518366,0.490621548331,-130.915920005,65.2397222576
553,0.105952380952,1764,-6.5555804222,93.1658751283,7.74583731237,2277276.16984,7.49700013531,36.2651404602,0,1.1,54.5379909113,-47.5753759359,-98.5143729377,0.510576412078,-0.984453494403,0.490766051554,-130.23884647,64.9261796563
553.5,0.105952380952,1764,-4.37502959318,95.8187211704,7.72605787189,2271461.01434,7.32437415757,36.2651404602,0,1.1,53.9316379409,-87.1254445092,-65.5086206891,0.510513814489,-0.985927648929,0.487797776826,-129.768580352,64.2043308821
554,0.105952380952,1764,-1.22101403874,97.1768742999,7.7180099121,2269094.91416,7.14317231262,36.2651404602,0,1.1,53.4750506424,-107.404974395,-18.2729940759,0.511804781189,-0.987465409848,0.484677278561,-129.700350392,63.6607745743
554.5,0.105952380952,1764,2.20468289994,96.938139038,7.73130867966,2273004.75182,7.11624528154,36.2651404602,0,1.1,53.6081088053,-104.214353272,33.1154508908,0.513173693597,-0.987693082317,0.484213150526,-130.17771145,63.8191771492
555,0.105952380952,1764,5.13982749192,95.1556351067,7.75937574772,2281256.46983,7.16616266608,36.2651404602,0,1.1,54.0939837388,-77.9701829645,77.7311197665,0.513378336934,-0.987270850031,0.4850734673,-131.068543779,64.3975996891
555.5,0.105952380952,1764,6.93133621777,92.2259780404,7.787110395,2289410.45613,7.12883341887,36.2651404602,0,1.1,54.4091195844,-33.9160495275,105.609102241,0.512999219517,-0.987586674699,0.484430139397,-132.049414043,64.77276141
556,0.105952380952,1764,7.18058993384,88.8010303582,7.82194234593,2299651.0497,7.20049861345,36.2651404602,0,1.1,55.0368959483,18.4205355277,110.319984235,0.513282628583,-0.986979980205,0.48566502723,-133.15152917,65.5201142242
556.5,0.105952380952,1764,5.83212851235,85.6428590779,7.86546481818,2312446.65654,7.51474138427,36.2651404602,0,1.1,56.2705068675,67.5048587562,90.3567312852,0.512739072798,-0.984301484837,0.49107085736,-134.272019123,66.9886986517
557,0.105952380952,1764,3.18599098149,83.4541722093,7.88780784748,2319015.50716,7.74004327659,36.2651404602,0,1.1,57.0362488287,101.79012704,49.5433789462,0.510381858668,-0.982362861653,0.494937579949,-134.769983142,67.9002962246
557.5,0.105952380952,1764,-0.169044573935,82.7219629067,7.88407691916,2317918.61423,7.84740232516,36.2651404602,0,1.1,57.1941279417,112.962281292,-2.62373775605,0.50871766072,-0.981433739019,0.496777430965,-134.515175631,68.0882475497
558,0.105952380952,1764,-3.48646691412,83.6091511943,7.85854236891,2310411.45646,7.8616861865,36.2651404602,0,1.1,56.852238174,98.5383316566,-53.7566516657,0.507932115481,-0.981309861704,0.497022087359,-133.628395903,67.6812359214
558.5,0.105952380952,1764,-6.02813391712,85.9183334927,7.82030910349,2299170.87643,7.78908336433,36.2651404602,0,1.1,56.1594901928,62.3629014704,-92.1025568471,0.507827960461,-0.981938879356,0.49577821373,-132.416129156,66.8565359438
559,0.105952380952,1764,-7.22851268346,89.1357058457,7.77425881309,2285632.09105,7.54466761623,36.2651404602,0,1.1,55.0306199295,13.0782899665,-109.380104485,0.50835824134,-0.984044858737,0.491584902121,-131.141902497,65.5126427732
559.5,0.105952380952,1764,-6.82051327434,92.5453877258,7.74987267139,2278462.56539,7.51176372285,36.2651404602,0,1.1,54.6230483496,-38.2859105565,-102.589306347,0.510159575906,-0.984327004458,0.491019702553,-130.357831722,65.0274385115
560,0.105952380952,1764,-4.89491748321,95.388708828,7.72995829628,2272607.73911,7.37387452285,36.2651404602,0,1.1,54.0803551312,-80.7336759199,-73.3356903038,0.510403996581,-0.985505850898,0.488649381301,-129.844064749,64.3813751562
560.5,0.105952380952,1764,-1.88017945836,97.0330167926,7.71816772898,2269141.31232,7.17170997363,36.2651404602,0,1.1,53.5314976968,-105.230644917,-28.1319528728,0.511433292587,-0.987223881182,0.485169051387,-129.673929341,63.7279734486
561,0.105952380952,1764,1.55290736648,97.1124453398,7.72704529272,2271751.31606,7.10931809005,36.2651404602,0,1.1,53.5357949299,-106.72105448,23.3011156844,0.512957155477,-0.987751617582,0.484093732623,-130.041885921,63.7330892022
561.5,0.105952380952,1764,4.64046497582,95.6093212431,7.75363810534,2279569.60297,7.16141327841,36.2651404602,0,1.1,54.0049011625,-84.7094509505,70.0782185974,0.51343103438,-0.987311055569,0.484991628332,-130.880108856,64.291549003
562,0.105952380952,1764,6.6954972348,92.8580967056,7.7821458922,2287950.89231,7.14449990267,36.2651404602,0,1.1,54.3700557658,-43.4859646706,101.872044998,0.513035243768,-0.987454179214,0.484700158812,-131.863403969,64.7262568641
562.5,0.105952380952,1764,7.26074977038,89.470932167,7.81122610419,2296500.47463,7.12415963515,36.2651404602,0,1.1,54.7375334085,8.11145705831,111.318920367,0.513163612219,-0.987626187792,0.484349577462,-132.873877633,65.1637302482
563,0.105952380952,1764,6.21045122658,86.2014877172,7.85863459322,2310438.57041,7.46234558434,36.2651404602,0,1.1,56.0698336012,58.774681091,96.0948032024,0.51331815554,-0.984750147298,0.490170528894,-134.100019044,66.7498019062
563.5,0.105952380952,1764,3.7782979846,83.7772301714,7.88454933618,2318057.50484,7.69248947521,36.2651404602,0,1.1,56.8952340904,96.7269157544,58.7299740982,0.510771953914,-0.982773306799,0.49412207747,-134.714919502,67.7324215362
564,0.105952380952,1764,0.505455615433,82.7375682708,7.88806464792,2319091.00649,7.8537240542,36.2651404602,0,1.1,57.2644789311,112.82782377,7.85266687913,0.509067144049,-0.981378921114,0.496885714419,-134.643763385,68.1719987275
564.5,0.105952380952,1764,-2.87985301286,83.3138316934,7.86460476664,2312193.80139,7.86285157226,36.2651404602,0,1.1,56.9422748573,103.249818919,-44.4715550755,0.507886008321,-0.981299752162,0.49704204692,-133.83326936,67.7884224491
565,0.105952380952,1764,-5.62438075894,85.3777991088,7.82824426691,2301503.81447,7.81047384917,36.2651404602,0,1.1,56.3151227933,70.7516561459,-86.091942531,0.507819466421,-0.981753719873,0.496144770723,-132.659967485,67.0418128492
565.5,0.105952380952,1764,-7.11745725091,88.4702280296,7.78411600633,2288530.10586,7.61368380408,36.2651404602,0,1.1,55.3032480042,23.192895302,-107.907873873,0.50820178141,-0.983452001604,0.492769885993,-131.39546057,65.837200005
566,0.105952380952,1764,-7.02686592513,91.9030384311,7.75388601069,2279642.48714,7.51937625373,36.2651404602,0,1.1,54.694200289,-28.6519044956,-105.795599343,0.509648388667,-0.984261757062,0.491150479574,-130.484230676,65.1121432011
566.5,0.105952380952,1764,-5.37276377898,94.9124138033,7.73393147383,2273775.85331,7.41734990834,36.2651404602,0,1.1,54.2187935634,-73.6457581663,-80.5472172727,0.510347407453,-0.985134785636,0.489397031182,-129.928638546,64.5461828136
567,0.105952380952,1764,-2.52319634386,96.8287539281,7.71868403291,2269293.10568,7.1986104101,36.2651404602,0,1.1,53.5898017485,-102.164467674,-37.7493484203,0.511107887311,-0.986995984938,0.48563250068,-129.661340244,63.7973830339
567.5,0.105952380952,1764,0.887794181944,97.2256640865,7.72305515137,2270578.2145,7.10046227132,36.2651404602,0,1.1,53.4636519439,-108.316141794,13.3084570974,0.512753365453,-0.987826428857,0.483941056796,-129.917455934,63.6472046951
568,0.105952380952,1764,4.10124631375,96.0148298957,7.74566869768,2277226.59712,7.11905571176,36.2651404602,0,1.1,53.8128191572,-90.6795282945,61.8303572337,0.513498434165,-0.987669329864,0.484261597535,-130.658598639,64.062879949
568.5,0.105952380952,1764,6.40215179148,93.4656676758,7.77700998562,2286440.93577,7.15701062592,36.2651404602,0,1.1,54.3224680541,-52.6549398366,97.2698333897,0.513356963051,-0.98734831979,0.484915761146,-131.675294521,64.6696048264
569,0.105952380952,1764,7.27854829093,90.1453780473,7.80333770853,2294181.28631,7.09386402792,36.2651404602,0,1.1,54.5681272972,-2.22495522937,111.39538865,0.513068646815,-0.987882153477,0.483827294436,-132.640007738,64.9620563062
569.5,0.105952380952,1764,6.5354334562,86.7927411175,7.8508929517,2308162.5278,7.40437417785,36.2651404602,0,1.1,55.8456413044,49.5533625548,100.974918262,0.513548674374,-0.985245593736,0.489173915927,-133.903277286,66.4829063148
570,0.105952380952,1764,4.33815384397,84.1537344205,7.87948212438,2316567.74457,7.62925758263,36.2651404602,0,1.1,56.6973685641,90.8080583288,67.3830707733,0.51120492354,-0.983318023663,0.493037183526,-134.616390836,67.4968673382
570.5,0.105952380952,1764,1.1756145345,82.815549397,7.89091278032,2319928.35741,7.8512603446,36.2651404602,0,1.1,57.3009723256,111.699371665,18.2777239459,0.509533314878,-0.981400286215,0.496843514819,-134.743945584,68.2154432447
571,0.105952380952,1764,-2.24850455533,83.0759385282,7.87092751836,2314052.6904,7.87230695216,36.2651404602,0,1.1,57.0524506339,107.086474563,-34.775027179,0.507903975279,-0.981217713188,0.497203981607,-134.037339693,67.919584088
571.5,0.105952380952,1764,-5.17232077338,84.8769640039,7.83566043399,2303684.16759,7.82249795835,36.2651404602,0,1.1,56.445303486,78.558214863,-79.3139628466,0.507750570585,-0.981649577167,0.496350790921,-132.897341082,67.1967898642
572,0.105952380952,1764,-6.94527121689,87.8178891587,7.7936758895,2291340.71151,7.67346798351,36.2651404602,0,1.1,55.5545888293,33.1469675678,-105.500910135,0.508113914772,-0.982937295069,0.493795781637,-131.649462291,66.1364152729
572.5,0.105952380952,1764,-7.17286604756,91.2443442706,7.75784530237,2280806.5189,7.51932430577,36.2651404602,0,1.1,54.7499710107,-18.7538350153,-108.10412329,0.509207201833,-0.984262202369,0.49114958718,-130.617579589,65.1785369175
573,0.105952380952,1764,-5.80446434181,94.3939269116,7.73793048079,2274951.56135,7.45395997983,36.2651404602,0,1.1,54.3446760743,-65.9199187831,-87.0815163039,0.510347793534,-0.984821876349,0.49002639915,-130.021726414,64.6960429456
573.5,0.105952380952,1764,-3.14454193515,96.5658400847,7.71950703022,2269535.06688,7.22305390269,36.2651404602,0,1.1,53.6477007896,-98.2313493675,-47.0454037026,0.510834494545,-0.986788714867,0.486053528135,-129.661756942,63.8663104638
574,0.105952380952,1764,0.215055887707,97.276822862,7.71936121661,2269492.19768,7.08989327257,36.2651404602,0,1.1,53.3924085642,-108.988558892,3.22099791721,0.512568461591,-0.987915681669,0.48375883032,-129.804933871,63.5623911479
574.5,0.105952380952,1764,3.52680276094,96.3686782212,7.74096635545,2275844.1085,7.12118153503,36.2651404602,0,1.1,53.751567357,-95.8958546024,53.104545877,0.513578917624,-0.987651361812,0.484298242317,-130.497628815,63.9899611393
575,0.105952380952,1764,6.05381938077,94.0434726294,7.77173244023,2284889.33743,7.16652417952,36.2651404602,0,1.1,54.2671055641,-61.3453512366,91.8452306398,0.513340798039,-0.987267789392,0.485079696574,-131.485918032,64.6036971001
575.5,0.105952380952,1764,7.23383262709,90.8185753009,7.79702818528,2292326.28647,7.08474438617,36.2651404602,0,1.1,54.4622128566,-12.508704509,110.540685381,0.512996477829,-0.987959150677,0.483670049304,-132.4359192,64.8359676865
576,0.105952380952,1764,6.8042839854,87.411541106,7.84226608221,2305626.22817,7.34048769137,36.2651404602,0,1.1,55.5978016968,39.9268929554,104.955855761,0.513618144413,-0.985790424515,0.488075034124,-133.683047114,66.1878591629
576.5,0.105952380952,1764,4.86075005506,84.5804512271,7.87601709923,2315549.02717,7.59681397663,36.2651404602,0,1.1,56.5835310562,84.1298561986,75.455396802,0.511683737244,-0.983597047198,0.492480302899,-134.536185748,67.3613464954
577,0.105952380952,1764,1.83567630495,82.955236519,7.89119108862,2320010.18006,7.8234730605,36.2651404602,0,1.1,57.2501113632,109.562210082,28.5489716591,0.509773154084,-0.981641129758,0.496367497291,-134.78652003,68.15489448
577.5,0.105952380952,1764,-1.59784408354,82.8975149219,7.87642017166,2315667.53047,7.87540197502,36.2651404602,0,1.1,57.1381958643,109.996299081,-24.7458366707,0.5081067918,-0.981190853623,0.497256984633,-134.220804158,68.0216617433
578,0.105952380952,1764,-4.67583662498,84.4201297635,7.84235984796,2305653.7953,7.82410380234,36.2651404602,0,1.1,56.5449992458,85.7086118137,-71.822363103,0.50772802697,-0.981635665426,0.496378303679,-133.1228035,67.3154752926
578.5,0.105952380952,1764,-6.71343345725,87.1842920579,7.80283773554,2294034.29425,7.72337879315,36.2651404602,0,1.1,55.7818172876,42.8533532013,-102.174352261,0.508102184537,-0.982506772746,0.494651838678,-131.901367395,66.4069253424
579,0.105952380952,1764,-7.257259672,90.5749626537,7.76170025531,2281939.87506,7.51132939359,36.2651404602,0,1.1,54.789070535,-8.6746290627,-109.492390957,0.508840024228,-0.984330726593,0.491012240872,-130.756524893,65.2250839702
579.5,0.105952380952,1764,-6.18631137073,93.8377013464,7.74191195793,2276122.11563,7.48327272119,36.2651404602,0,1.1,54.4565423866,-57.6197264719,-92.8820501841,0.510407225987,-0.984571048085,0.490530173661,-130.12241383,64.8292171269
580,0.105952380952,1764,-3.73887960309,96.2465333837,7.72060052945,2269856.55566,7.24450603371,36.2651404602,0,1.1,53.7036877107,-93.4634427244,-55.9427986968,0.510616007973,-0.986606662249,0.486422957934,-129.674565692,63.9329615603
580.5,0.105952380952,1764,-0.459529484117,97.2654822726,7.7183814809,2269204.15538,7.11233618604,36.2651404602,0,1.1,53.4215511921,-108.770209378,-6.87953205686,0.512406399806,-0.987726116229,0.484145762471,-129.747085269,63.5970847525
581,0.105952380952,1764,2.92206811308,96.667827078,7.73663321761,2274570.16598,7.12415205139,36.2651404602,0,1.1,53.6970842325,-100.285344432,43.9484413356,0.513408072137,-0.987626251901,0.484349446738,-130.348259122,63.9251002768
581.5,0.105952380952,1764,5.65349176911,94.5865489005,7.76614335768,2283246.14716,7.16954067708,36.2651404602,0,1.1,54.1948870964,-69.4827610652,85.6461418593,0.513318213194,-0.987242249638,0.485131673393,-131.29347191,64.5177227339
582,0.105952380952,1764,7.12698683392,91.4847419537,7.79258425709,2291019.77158,7.10603682218,36.2651404602,0,1.1,54.4414396842,-22.658462258,108.764059494,0.512973603188,-0.987779339491,0.484037164353,-132.260921889,64.8112377193
582.5,0.105952380952,1764,7.01469370379,88.0525729174,7.83287217553,2302864.41961,7.27197498639,36.2651404602,0,1.1,55.3306892456,29.9847969941,108.006183423,0.513456003414,-0.986373346196,0.486895904598,-133.441833555,65.8698681495
583,0.105952380952,1764,5.34159812998,85.0537155947,7.87141183541,2314195.07961,7.55730283674,36.2651404602,0,1.1,56.4395251375,76.719876488,82.8514325508,0.512199174709,-0.98393642746,0.491801897839,-134.425265866,67.189910878
583.5,0.105952380952,1764,2.47997177113,83.1554298883,7.89028636798,2319744.19219,7.78834350104,36.2651404602,0,1.1,57.1675712972,106.457311912,38.5723462632,0.510065839266,-0.981945281283,0.495765533863,-134.797368061,68.0566324967
584,0.105952380952,1764,-0.933460007038,82.7800933236,7.88088610768,2316980.51566,7.87042096462,36.2651404602,0,1.1,57.1931961659,111.946574814,-14.4735458778,0.50836365644,-0.981234078967,0.497171682896,-134.378973563,68.0871382928
584.5,0.105952380952,1764,-4.13919252967,84.0112200573,7.85306512041,2308801.1454,7.88530187038,36.2651404602,0,1.1,56.8192120876,92.1910384646,-63.7185639422,0.507764309731,-0.981104920046,0.497426513026,-133.414319389,67.641919152
585,0.105952380952,1764,-6.42393518618,86.5748785826,7.81154001283,2296592.76377,7.76299014247,36.2651404602,0,1.1,55.9830673633,52.2263957182,-97.9524344448,0.507655944351,-0.982164561183,0.495330974962,-132.149698575,66.6465087658
585.5,0.105952380952,1764,-7.27932195629,89.9006427827,7.76774754435,2283717.77804,7.52882989592,36.2651404602,0,1.1,54.9080762557,1.50113921869,-109.979687133,0.508549356473,-0.984180705219,0.491312873305,-130.940394477,65.3667574473
586,0.105952380952,1764,-6.51502524805,93.2485144324,7.74587893655,2277288.40734,7.50492665338,36.2651404602,0,1.1,54.5537116036,-48.8144003701,-97.8992267083,0.5102771663,-0.984385590523,0.490902239932,-130.231262735,64.9448947662
586.5,0.105952380952,1764,-4.30110468489,95.8735762947,7.72621297438,2271506.61447,7.32877446092,36.2651404602,0,1.1,53.942175128,-87.9469956097,-64.4018594227,0.510454842136,-0.985890183259,0.487873494416,-129.768859217,64.2168751524
587,0.105952380952,1764,-1.13016803719,97.1917397205,7.71849474819,2269237.45597,7.14662179083,36.2651404602,0,1.1,53.4883292623,-107.637783194,-16.9150701898,0.511771715267,-0.987436228183,0.484736727793,-129.712812745,63.6765824551
587.5,0.105952380952,1764,2.29223633081,96.9097071286,7.73221490699,2273271.18265,7.12060093404,36.2651404602,0,1.1,53.6289914965,-103.807754732,34.4373361108,0.513147500744,-0.987656269348,0.484288234027,-130.203377788,63.8440374958
588,0.105952380952,1764,5.20460730067,95.0902321014,7.76039955678,2281557.46969,7.16759073713,36.2651404602,0,1.1,54.1110043562,-77.000446967,78.7306119757,0.513345212801,-0.987258759491,0.485098074423,-131.101528134,64.4178623288
588.5,0.105952380952,1764,6.95892859133,92.1381564163,7.78785469274,2289629.27967,7.1240693528,36.2651404602,0,1.1,54.4102960851,-32.5855147266,106.054107342,0.512988389479,-0.987626950992,0.484348021235,-132.080044349,64.7741620061
589,0.105952380952,1764,7.16485543891,88.7103308411,7.82278939807,2299900.08303,7.19877293097,36.2651404602,0,1.1,55.0454472166,19.8185954054,110.103719315,0.5133188419,-0.986994607425,0.485635300316,-133.182342923,65.5302943054
589.5,0.105952380952,1764,5.7765681483,85.5694627382,7.86570648327,2312517.70608,7.51070479232,36.2651404602,0,1.1,56.2660179416,68.6486135027,89.5045839258,0.512752135199,-0.98433607923,0.49100151031,-134.284989653,66.9833546924
590,0.105952380952,1764,3.10296719143,83.4144100789,7.88821180944,2319134.27198,7.746094147,36.2651404602,0,1.1,57.0540474307,102.413482996,48.2547017814,0.510411870281,-0.982310586999,0.495041322184,-134.776615297,67.9214850365
590.5,0.105952380952,1764,-0.261058605008,82.7246822472,7.88426544048,2317974.0395,7.85737978689,36.2651404602,0,1.1,57.2165397677,112.915519191,-4.05172240241,0.508673259203,-0.981347215536,0.496948329869,-134.509749205,68.1149282949
591,0.105952380952,1764,-3.56699763018,83.6537469396,7.85812583111,2310288.99435,7.86702360732,36.2651404602,0,1.1,56.8566666465,97.835735451,-54.9899024167,0.507859352982,-0.981263557072,0.497113499678,-133.607925681,67.6865079125
591.5,0.105952380952,1764,-6.07926285392,85.994882879,7.81972185957,2298998.22671,7.7926086764,36.2651404602,0,1.1,56.1578988656,61.182229159,-92.8669104571,0.507789062689,-0.981908373105,0.495838629825,-132.392129874,66.8546415067
592,0.105952380952,1764,-7.23886341132,89.2271762735,7.7734224357,2285386.19609,7.5426925979,36.2651404602,0,1.1,55.0149833915,11.691866861,-109.515047648,0.508332442509,-0.984061803365,0.491550981239,-131.115944455,65.494027847
592.5,0.105952380952,1764,-6.7877827075,92.6314265933,7.74979388773,2278439.40299,7.51852951471,36.2651404602,0,1.1,54.6348675511,-39.5769095348,-102.088906011,0.510174234037,-0.984269015365,0.491135933722,-130.347501812,65.0415089894
593,0.105952380952,1764,-4.8263883272,95.4501720812,7.72991791159,2272595.86601,7.37612443972,36.2651404602,0,1.1,54.0840729393,-81.6520757256,-72.3068224819,0.510353700626,-0.985486661631,0.488688080218,-129.840179798,64.3858011182
593.5,0.105952380952,1764,-1.7910997737,97.0562285678,7.71862222821,2269274.93509,7.17527652662,36.2651404602,0,1.1,53.5445836309,-105.587152532,-26.8014454449,0.511416432499,-0.987193678422,0.48523050325,-129.685234327,63.7435519415
594,0.105952380952,1764,1.64271692967,97.0922409074,7.72797017965,2272023.23282,7.11417486509,36.2651404602,0,1.1,53.5578731386,-106.438944749,24.6535698376,0.512930118161,-0.987710578997,0.484177459344,-130.067614247,63.759372784
594.5,0.105952380952,1764,4.71102136602,95.5501961847,7.75460225599,2279853.06326,7.16200723035,36.2651404602,0,1.1,54.019472775,-83.8369901091,71.1610614332,0.513394085077,-0.98730602789,0.485001863183,-130.911993636,64.3088961608
595,0.105952380952,1764,6.73110132232,92.7732066257,7.7828825475,2288167.46896,7.13920086661,36.2651404602,0,1.1,54.3701031887,-42.204265692,102.437801056,0.513030738086,-0.987499002789,0.484608831421,-131.894356259,64.7263133199
595.5,0.105952380952,1764,7.25347947777,89.3791655087,7.81211548088,2296761.95138,7.12183389493,36.2651404602,0,1.1,54.7454671208,9.52074401727,111.234994687,0.513203856338,-0.987645847611,0.484309487514,-132.906782679,65.1731751439
596,0.105952380952,1764,6.16192422824,86.1232629951,7.85895456102,2310532.64094,7.45771921626,36.2651404602,0,1.1,56.065303106,59.9923540575,95.3555372742,0.513335837814,-0.984789723082,0.490091013295,-134.116328888,66.7444084595
596.5,0.105952380952,1764,3.69931176661,83.7299527551,7.88499018532,2318187.11448,7.69739261028,36.2651404602,0,1.1,56.911281323,97.4685021407,57.5061658643,0.510806454099,-0.982731018283,0.494206177322,-134.724187164,67.7515253845
597,0.105952380952,1764,0.41358498394,82.7317576085,7.88808494556,2319096.974,7.86000157583,36.2651404602,0,1.1,57.2771650649,112.912413622,6.42505797954,0.509031066155,-0.981324474725,0.496993234668,-134.636986315,68.1871012677
597.5,0.105952380952,1764,-2.96416640891,83.3507806849,7.86424946662,2312089.34319,7.86860493439,36.2651404602,0,1.1,56.9484173546,102.664741723,-45.7670839799,0.507840239918,-0.981249836682,0.497140581739,-133.814370194,67.7957349459
598,0.105952380952,1764,-5.68237679115,85.4492864292,7.82759376041,2301312.56556,7.81363829984,36.2651404602,0,1.1,56.3119173263,69.6438852684,-86.9628006987,0.507777540635,-0.981726316259,0.496198992306,-132.634218701,67.037996817
598.5,0.105952380952,1764,-7.13623152849,88.5603474128,7.78317595105,2288253.72961,7.61059169633,36.2651404602,0,1.1,55.2839361761,21.8219125537,-108.169305402,0.508178651259,-0.983478593711,0.492716810868,-131.367278338,65.8142097335
599,0.105952380952,1764,-7.00224108274,91.9917378892,7.75366163278,2279576.52004,7.52462283154,36.2651404602,0,1.1,54.7010707968,-29.9842464767,-105.413932051,0.509671248224,-0.984216778258,0.49124060642,-130.470716491,65.1203223772
599.5,0.105952380952,1764,-5.31021896023,94.9799572884,7.73365891573,2273695.72123,7.41689242579,36.2651404602,0,1.1,54.2141007114,-74.6533882991,-79.6042646618,0.510308420373,-0.985138693233,0.489389165282,-129.919996188,64.5405960851
600,0.105952380952,1764,-2.43664806601,96.860112696,7.71898565275,2269381.78191,7.20057180778,36.2651404602,0,1.1,53.5977187921,-102.639916198,-36.4567412199,0.511111307272,-0.986979359776,0.485666288078,-129.669289674,63.8068080858
600.5,0.105952380952,1764,0.979088518753,97.2138606635,7.72396796231,2270846.58092,7.10543463561,36.2651404602,0,1.1,53.4857635949,-108.160167832,14.6798480661,0.512738518789,-0.987784426734,0.484026782629,-129.94264305,63.6735280892
601,0.105952380952,1764,4.17697328885,95.9624905991,7.75263272026,2279274.01976,7.20802020977,36.2651404602,0,1.1,54.0802852846,-89.9835063412,63.0371983282,0.513460586307,-0.986916215237,0.485794590441,-130.793842271,64.3812920055
601.5,0.105952380952,1764,6.44546179566,93.384438246,7.77770158534,2286644.26609,7.15085305649,36.2651404602,0,1.1,54.3202407678,-51.4326567178,97.950442535,0.512682153866,-0.987400427917,0.48480964816,-131.705665508,64.666953295
602,0.105952380952,1764,7.27980464391,90.0533324157,7.80564957878,2294860.97616,7.11315281189,36.2651404602,0,1.1,54.6379937226,-0.816581167543,111.462256121,0.51311537866,-0.987719215691,0.484159840295,-132.696722916,65.0452306221
602.5,0.105952380952,1764,6.49435661352,86.7103598713,7.85124735592,2308266.72264,7.39888455775,36.2651404602,0,1.1,55.8399053374,50.8331906613,100.354098029,0.51340185978,-0.985292457919,0.489079515385,-133.921736672,66.4760777826
603,0.105952380952,1764,4.26388359692,84.0993477757,7.88144792585,2317145.6902,7.6558482954,36.2651404602,0,1.1,56.7781611787,91.6772171088,66.2470803877,0.51124599818,-0.983089101443,0.493493483872,-134.652213249,67.5930490223
603.5,0.105952380952,1764,1.08467636345,82.8012586387,7.89086515476,2319914.3555,7.85546937933,36.2651404602,0,1.1,57.3085951284,111.916041809,16.8630430166,0.509337073178,-0.98136378469,0.496915608629,-134.737307584,68.22451801
604,0.105952380952,1764,-2.33587647828,83.1049234175,7.87045683474,2313914.30941,7.87591852706,36.2651404602,0,1.1,57.0527234412,106.622039204,-36.1208335345,0.507873281802,-0.981186370546,0.497265830572,-134.017028244,67.9199088586
604.5,0.105952380952,1764,-5.23668578317,84.9427752662,7.83497828605,2303483.6161,7.82530775824,36.2651404602,0,1.1,56.4409495407,77.5336202156,-80.2849839727,0.507724264879,-0.981625234815,0.496398930674,-132.870907906,67.191606596
605,0.105952380952,1764,-6.97230779517,87.9058834776,7.79262728005,2291032.42034,7.66920071286,36.2651404602,0,1.1,55.5314063979,31.8029359269,-105.887067744,0.508093390682,-0.982974069227,0.493722573139,-131.618962818,66.1088171404
605.5,0.105952380952,1764,-7.15655842811,91.334942495,7.75747103607,2280696.4846,7.52279314881,36.2651404602,0,1.1,54.7513304006,-20.1167153323,-107.844681843,0.509238643125,-0.984232465027,0.491209176203,-130.601031026,65.1801552388
606,0.105952380952,1764,-5.74844104689,94.4669705092,7.73742386988,2274802.61774,7.45054649314,36.2651404602,0,1.1,54.3310542,-67.0089671937,-86.2322902579,0.510322015337,-0.984851068699,0.489967725959,-130.008555271,64.6798264286
606.5,0.105952380952,1764,-3.0612684122,96.6050765104,7.71958081075,2269556.75836,7.22220363907,36.2651404602,0,1.1,53.6471099515,-98.8209757096,-45.8007611153,0.510859961235,-0.986795927743,0.486038884236,-129.665183257,63.8656070851
607,0.105952380952,1764,0.307050886963,97.273521826,7.72023545822,2269749.22472,7.09467630456,36.2651404602,0,1.1,53.4136071366,-108.959339831,4.59970599369,0.512574889088,-0.987875294206,0.483841299496,-129.829029339,63.5876275435
607.5,0.105952380952,1764,3.60704991514,96.3235742195,7.74164222549,2276042.81429,7.11817069075,36.2651404602,0,1.1,53.7551925397,-95.2357861925,54.3237451762,0.513542488523,-0.987676809907,0.484246341413,-130.523780542,63.994276833
608,0.105952380952,1764,6.10446331951,93.9666015152,7.77236502908,2285075.31855,7.15964782968,36.2651404602,0,1.1,54.262682207,-60.1924506627,92.6341115359,0.513363693439,-0.987325999095,0.484961206191,-131.515077514,64.5984311988
608.5,0.105952380952,1764,7.24360483506,90.7270412598,7.79720512243,2292378.306,7.0711568139,36.2651404602,0,1.1,54.4383001736,-11.1117604847,110.707887462,0.513048637261,-0.988073824219,0.483435743294,-132.457302662,64.8075002067
609,0.105952380952,1764,6.77101010023,87.325710894,7.84262836194,2305732.73841,7.33404269588,36.2651404602,0,1.1,55.5903055464,41.2569297987,104.45807364,0.513721717236,-0.985845320077,0.487964143029,-133.702843665,66.1789351743
609.5,0.105952380952,1764,4.79183367318,84.5194224713,7.8758846195,2315510.07813,7.59105542466,36.2651404602,0,1.1,56.5702694369,85.0786489972,74.3868201837,0.51173213827,-0.983646539304,0.49238144331,-134.538429106,67.3455588534
610,0.105952380952,1764,1.74645164647,82.9325884055,7.8912687769,2320033.02041,7.82832668763,36.2651404602,0,1.1,57.260829724,109.911895716,27.1606950681,0.509815770482,-0.981599078065,0.496450652072,-134.783399853,68.1676544333
610.5,0.105952380952,1764,-1.68752411116,82.9182867628,7.87598447127,2315539.43455,7.87922219183,36.2651404602,0,1.1,57.1393909921,109.658766057,-26.1309383086,0.508071342654,-0.981157696653,0.497322404783,-134.201420003,68.0230845144
611,0.105952380952,1764,-4.74601779249,84.4796997262,7.84163252088,2305439.96114,7.82650474065,36.2651404602,0,1.1,56.5391963315,84.7760740784,-72.8853026095,0.507700206614,-0.98161486419,0.496419437978,-133.095291723,67.3085670613
611.5,0.105952380952,1764,-6.74850012377,87.2694055447,7.80169021111,2293696.92207,7.71828125403,36.2651404602,0,1.1,55.7555565712,41.5476161854,-102.682436941,0.508084648356,-0.982550777459,0.494564424231,-131.868479983,66.3756625848
612,0.105952380952,1764,-7.24940933879,90.6666815122,7.761186603,2281788.86128,7.51315797029,36.2651404602,0,1.1,54.7853240065,-10.0569268434,-109.357733861,0.508877477436,-0.984315055591,0.491043655226,-130.737137676,65.2206238173
612.5,0.105952380952,1764,-6.13729077396,93.9156176979,7.74120167883,2275913.29358,7.47721601354,36.2651404602,0,1.1,54.4349981204,-58.7818808537,-92.1339933764,0.510393630351,-0.984622896279,0.490426092417,-130.10538993,64.8035691909
613,0.105952380952,1764,-3.65959605683,96.2933104723,7.72040397478,2269798.76859,7.24009143267,36.2651404602,0,1.1,53.6925608627,-94.1621246738,-54.7558143961,0.510661122499,-0.98664413788,0.486346939115,-129.6728885,63.9197153127
613.5,0.105952380952,1764,-0.36762395145,97.2707119755,7.71873963492,2269309.45267,7.10982481529,36.2651404602,0,1.1,53.4217315163,-108.860942958,-5.50426012528,0.512439733937,-0.987747336206,0.484102468303,-129.76191449,63.5972994242
614,0.105952380952,1764,3.00614621754,96.6303457616,7.73730900813,2274768.84839,7.12177483367,36.2651404602,0,1.1,53.7019217463,-99.7410699219,45.2218105749,0.51342717884,-0.987646346843,0.484308469435,-130.37368443,63.9308592218
614.5,0.105952380952,1764,5.71103467043,94.5146963345,7.76670925803,2283412.52186,7.16220367501,36.2651404602,0,1.1,54.1886602635,-68.4085204887,86.5359269626,0.513336286879,-0.987304365004,0.485005248264,-131.320868626,64.5103098375
615,0.105952380952,1764,7.14519096509,91.3945056731,7.79267982002,2291047.86709,7.09139192058,36.2651404602,0,1.1,54.4143753395,-21.2845644613,109.058199341,0.513029247903,-0.98790302797,0.483784670415,-132.280727776,64.7790182613
615.5,0.105952380952,1764,6.98950855974,87.9640309203,7.83323476505,2302971.02092,7.26492006741,36.2651404602,0,1.1,55.3220083074,31.3528976557,107.634908961,0.513567502362,-0.986433290973,0.486774447214,-133.462298485,65.8595336993
616,0.105952380952,1764,5.27862752407,84.9865688933,7.87129028077,2314159.34255,7.5508392175,36.2651404602,0,1.1,56.425043691,77.7633450504,81.8768074811,0.512252365665,-0.983991902077,0.491690895427,-134.428692863,67.1726710607
616.5,0.105952380952,1764,2.39322696028,83.1246189403,7.89030489361,2319749.63872,7.79172125412,36.2651404602,0,1.1,57.1745149032,106.933850372,37.222223969,0.510113782342,-0.981916052754,0.495823421536,-134.793988654,68.0648986943
617,0.105952380952,1764,-1.02467789317,82.7924737104,7.88046825905,2316857.66816,7.87421170289,36.2651404602,0,1.1,57.1945987128,111.739017234,-15.8856861791,0.50833893633,-0.981201183511,0.497236601103,-134.360219736,68.0888079914
617.5,0.105952380952,1764,-4.21458708107,84.0640370843,7.8538157629,2309021.83429,7.91074392568,36.2651404602,0,1.1,56.8798422927,91.3748596735,-64.8769725462,0.50773669624,-0.980883942261,0.497862121289,-133.409770539,67.7140979675
618,0.105952380952,1764,-6.46673075944,86.6563802123,7.81030639531,2296230.08022,7.75734346283,36.2651404602,0,1.1,55.9544500104,50.9700867664,-98.5787406552,0.507470882088,-0.982213372841,0.495234177144,-132.114528571,66.6124404886
618.5,0.105952380952,1764,-7.27999633447,89.9926945178,7.76903104973,2284095.12862,7.55615545421,36.2651404602,0,1.1,54.9786908416,0.110385107932,-110.000019417,0.508590751824,-0.983946275892,0.49178219382,-130.952470004,65.4508224305
619,0.105952380952,1764,-6.47342837881,93.3306343276,7.7449877952,2277026.41179,7.49670385075,36.2651404602,0,1.1,54.5254631624,-50.0404555028,-97.258741992,0.510074348541,-0.98445603221,0.490760960799,-130.210616066,64.9112656696
619.5,0.105952380952,1764,-4.2264920679,95.9274922859,7.72852818542,2272187.28651,7.36090417493,36.2651404602,0,1.1,54.0356635133,-88.7828390955,-63.3050111415,0.510516019329,-0.985616443784,0.488426274623,-129.81059022,64.3281708492
620,0.105952380952,1764,-1.03914133173,97.2054552453,7.7186294141,2269277.04775,7.14162950144,36.2651404602,0,1.1,53.4807014018,-107.851437289,-15.5538938704,0.511530530188,-0.987478460461,0.484650688771,-129.72288699,63.6675016689
620.5,0.105952380952,1764,2.37942325331,96.8801704181,7.73287081964,2273464.02097,7.11872271779,36.2651404602,0,1.1,53.6345044938,-103.383209817,35.7538256313,0.513185410277,-0.987672144298,0.48425585735,-130.227561815,63.8506005879
621,0.105952380952,1764,5.26855493862,95.0240152128,7.76086547783,2281694.45048,7.15943485682,36.2651404602,0,1.1,54.1018235842,-76.0132189395,79.7130986031,0.513359495356,-0.987327801727,0.484957536221,-131.126440288,64.4069328383
621.5,0.105952380952,1764,6.98540829359,92.04999292,7.78788109289,2289637.04131,7.10881611387,36.2651404602,0,1.1,54.3811265607,-31.2461922114,106.472275144,0.513050253061,-0.987755858755,0.484085078777,-132.098179395,64.7394363818
622,0.105952380952,1764,7.1479753468,88.6198375307,7.82315699244,2300008.15578,7.1915078196,36.2651404602,0,1.1,55.036433224,21.2125401036,109.861496078,0.513434853897,-0.987056178102,0.485510145384,-133.203168704,65.5195633619
622.5,0.105952380952,1764,5.72008416194,85.4967748024,7.86559825194,2312485.88607,7.50382213563,36.2651404602,0,1.1,56.2509194606,69.7771311711,88.6322680665,0.512807142031,-0.984395053694,0.490883263376,-134.289339369,66.9653803102
623,0.105952380952,1764,3.01944726429,83.3757009263,7.88817549258,2319123.59482,7.74821844328,36.2651404602,0,1.1,57.0577194643,103.012581341,46.9545612986,0.510463058017,-0.98229223219,0.495077741956,-134.772855969,67.9258565052
623.5,0.105952380952,1764,-0.353030895113,82.7285648468,7.88384093224,2317849.23408,7.86083883842,36.2651404602,0,1.1,57.217199041,112.839657343,-5.47840754913,0.508657674654,-0.981317212063,0.497007574699,-134.491152898,68.1157131441
624,0.105952380952,1764,-3.64695801479,83.6993573948,7.85707628537,2309980.4279,7.86524068929,36.2651404602,0,1.1,56.837988434,97.1081771339,-56.2084642934,0.5078341368,-0.98127902567,0.497082964685,-133.574343851,67.6642719453
624.5,0.105952380952,1764,-6.1294197702,86.0720726482,7.8184091168,2298612.28034,7.7865009808,36.2651404602,0,1.1,56.1271941407,59.986161177,-93.6067114612,0.507802054837,-0.981961223625,0.495733956166,-132.354806232,66.8180882627
625,0.105952380952,1764,-7.24805670877,89.318770269,7.77170204497,2284880.40122,7.52705099239,36.2651404602,0,1.1,54.960578605,10.303006074,-109.620541935,0.508377142935,-0.984195958891,0.491282316497,-131.075781405,65.429260244
625.5,0.105952380952,1764,-6.75396683406,92.7170447189,7.74876040314,2278135.55852,7.50871173019,36.2651404602,0,1.1,54.6015391772,-40.8572085001,-101.561902616,0.510290380771,-0.984353158365,0.490967269394,-130.323878934,65.0018323539
626,0.105952380952,1764,-4.75708747426,95.5107639001,7.72888162376,2272291.19738,7.36032496641,36.2651404602,0,1.1,54.0395034978,-82.5489840735,-71.2592201862,0.510426691026,-0.985621381282,0.488416310907,-129.823113748,64.3327422593
626.5,0.105952380952,1764,-1.70173370799,97.0783121143,7.71853550504,2269249.43848,7.16785663106,36.2651404602,0,1.1,53.5292729622,-105.921964562,-25.4652485793,0.51153487415,-0.987256508274,0.485102656013,-129.690573786,63.725324955
627,0.105952380952,1764,1.73226383692,97.0709024883,7.72854204107,2272191.36007,7.11195257944,36.2651404602,0,1.1,53.5615615574,-106.136425767,26.0018141164,0.512986373121,-0.987729357659,0.484139149438,-130.089337936,63.7637637588
627.5,0.105952380952,1764,4.78082450547,95.4901836989,7.75500316076,2279970.92926,7.15365900732,36.2651404602,0,1.1,54.0090336944,-82.9449982715,72.2280896393,0.513410990467,-0.987376684111,0.484858003619,-130.934899651,64.2964686838
628,0.105952380952,1764,6.76562916611,92.6878731344,7.78286866959,2288163.38886,7.12393414524,36.2651404602,0,1.1,54.3403866307,-40.9108126674,102.976358463,0.513094081312,-0.987628093962,0.484345690614,-131.911127766,64.6909364651
628.5,0.105952380952,1764,7.24504941776,89.2874981164,7.81251501836,2296879.4154,7.11494111265,36.2651404602,0,1.1,54.7376345323,10.9282621895,111.123635504,0.513319869804,-0.987704103741,0.48419066849,-132.9282179,65.1638506337
629,0.105952380952,1764,6.11241199257,86.0456581289,7.85889128526,2310514.03787,7.45092342054,36.2651404602,0,1.1,56.0510378994,61.1959125233,94.5933967778,0.513388256573,-0.984847845365,0.489974204914,-134.12208466,66.7274260707
629.5,0.105952380952,1764,3.6197340613,83.683677864,7.88492639917,2318168.36136,7.69860395046,36.2651404602,0,1.1,56.9127530905,98.1852173504,56.2676139544,0.510857148883,-0.982720569619,0.494226953988,-134.720575052,67.7532774887
630,0.105952380952,1764,0.321648223856,82.7271090741,7.88739668528,2318894.62547,7.85946956005,36.2651404602,0,1.1,57.2661203192,112.965444332,4.99596857655,0.509022154508,-0.981329089477,0.49698412263,-134.614125367,68.1739527609
630.5,0.105952380952,1764,-3.04800586089,83.3887928279,7.86321139392,2311784.14981,7.86736034798,36.2651404602,0,1.1,56.930943059,102.052006209,-47.0496695906,0.507844118128,-0.981260635403,0.497119266785,-133.78051806,67.7749322131
631,0.105952380952,1764,-5.73946426142,85.5215013686,7.82616585229,2300892.76057,7.80699846547,36.2651404602,0,1.1,56.278467429,68.5177208307,-87.8095635042,0.507786609002,-0.981783812665,0.496085219685,-132.593598004,66.9981755107
631.5,0.105952380952,1764,-7.15386478558,88.6506969838,7.78136690435,2287721.86988,7.59451154626,36.2651404602,0,1.1,55.2272825641,20.4457823238,-108.401419413,0.508227189069,-0.98361683672,0.492440776663,-131.32467504,65.7467649573
632,0.105952380952,1764,-6.97649664376,92.0801188859,7.75253389015,2279244.96371,7.51411813466,36.2651404602,0,1.1,54.665071335,-31.3085173509,-105.005424303,0.509790191636,-0.984306826528,0.491060150338,-130.44469984,65.077465875
632.5,0.105952380952,1764,-5.24682508431,95.0467045222,7.73251319929,2273358.88059,7.400286002,36.2651404602,0,1.1,54.1664150132,-75.6424529901,-78.6419569521,0.510386492008,-0.985280494829,0.489103615311,-129.900199829,64.4838273967
633,0.105952380952,1764,-2.34971018962,96.8903745925,7.71865712142,2269285.1937,7.19067572956,36.2651404602,0,1.1,53.5743443464,-103.092674135,-35.1559851557,0.511235511015,-0.987063228921,0.485495810601,-129.669269865,63.7789813648
633.5,0.105952380952,1764,1.07022630794,97.2009038078,7.72447154013,2270994.6328,7.10334741659,36.2651404602,0,1.1,53.4887611924,-107.981906698,16.0486906108,0.512813443557,-0.987802058615,0.483990798463,-129.961907054,63.6770966577
634,0.105952380952,1764,4.25203240277,95.9091979528,7.75192070454,2279064.68714,7.18486742577,36.2651404602,0,1.1,54.0259594803,-89.1805831354,64.1709301697,0.513476472151,-0.987112440514,0.485395745534,-130.79581922,64.316618429
634.5,0.105952380952,1764,6.48774122734,93.3026676743,7.77768453667,2286639.25378,7.13628356222,36.2651404602,0,1.1,54.2918686738,-50.1960497789,98.6048290995,0.512857438996,-0.987523676127,0.484558550734,-131.72152766,64.6331769926
635,0.105952380952,1764,7.27989702033,89.9612782567,7.80601441906,2294968.23921,7.10623310222,36.2651404602,0,1.1,54.6296379546,0.592965341846,111.480688934,0.51322601737,-0.987777681303,0.484040548218,-132.71698323,65.0352832792
635.5,0.105952380952,1764,6.45224138049,86.6285046095,7.85128258635,2308277.08039,7.39302945895,36.2651404602,0,1.1,55.828910205,52.1011697577,99.7092638581,0.513454509675,-0.985342432177,0.488978825054,-133.929731155,66.4629883392
636,0.105952380952,1764,4.18893159249,84.0459045932,7.88435160333,2317999.37138,7.70047668925,36.2651404602,0,1.1,56.9081540237,92.5395032853,65.1050449111,0.511289821639,-0.98270441506,0.494259074396,-134.698719734,67.7478024092
636.5,0.105952380952,1764,0.993564762217,82.7881188957,7.89011703401,2319694.408,7.85365398466,36.2651404602,0,1.1,57.2941435722,112.100859813,15.4438852379,0.509008378258,-0.981379528777,0.496884514247,-134.713921513,68.2073137765
637,0.105952380952,1764,-2.42287491519,83.1350107687,7.86926692565,2313564.47614,7.87242603014,36.2651404602,0,1.1,57.0286134472,106.127965011,-37.4559632308,0.507886519278,-0.981216679845,0.497206020874,-133.980646696,67.8912064848
637.5,0.105952380952,1764,-5.30021349309,85.0093951341,7.83352291853,2303055.73805,7.81879351706,36.2651404602,0,1.1,56.4072980602,76.4882286392,-81.2334280891,0.507749703168,-0.981681666525,0.496287321627,-132.82918591,67.1515453098
638,0.105952380952,1764,-6.99822956292,87.9942126273,7.79077280469,2290487.20458,7.65344282472,36.2651404602,0,1.1,55.4745844181,30.4512066432,-106.244828068,0.508140978736,-0.983109819103,0.49345221003,-131.574493469,66.0411719264
638.5,0.105952380952,1764,-7.13910653808,91.425327274,7.75627875789,2280345.95482,7.51235116432,36.2651404602,0,1.1,54.7145136244,-21.4741060193,-107.558406747,0.509354813542,-0.984321970085,0.491029794623,-130.572761942,65.1363257434
639,0.105952380952,1764,-5.69149862695,94.5392998777,7.73623641913,2274453.50722,7.43444225637,36.2651404602,0,1.1,54.2836914683,-68.0825964416,-85.3638258342,0.510399628853,-0.984988745982,0.489690892593,-129.986822872,64.6234422242
639.5,0.105952380952,1764,-2.97750541942,96.6432568426,7.71906183538,2269404.1796,7.21083240402,36.2651404602,0,1.1,53.618282207,-99.3885547578,-44.5459158707,0.510980175692,-0.986892370255,0.485843029726,-129.660420329,63.8312883417
640,0.105952380952,1764,0.398996791491,97.2690578179,7.7206680685,2269876.41214,7.09294725675,36.2651404602,0,1.1,53.4163020119,-108.90628149,5.97783894092,0.512660879184,-0.987889894914,0.483811487593,-129.845498994,63.5908357284
640.5,0.105952380952,1764,3.68672033387,96.2774591341,7.74187254344,2276110.52777,7.1096065158,36.2651404602,0,1.1,53.7420012809,-94.5538260809,55.5309888624,0.513555656345,-0.987749180651,0.484098704938,-130.541111491,63.9785729535
641,0.105952380952,1764,6.1541312084,93.8890961765,7.77237252876,2285077.52346,7.14618054173,36.2651404602,0,1.1,54.2368189401,-59.023247224,93.3987721777,0.51342883981,-0.987439961232,0.484729123286,-131.530511477,64.5676415953
641.5,0.105952380952,1764,7.25221885451,90.6353909713,7.79688400317,2292283.89693,7.05431577212,36.2651404602,0,1.1,54.4011125982,-9.71161626834,110.846344685,0.513150850982,-0.988215878589,0.483145296266,-132.465434356,64.7632292835
642,0.105952380952,1764,6.73665359027,87.2403082772,7.84281489642,2305787.57955,7.3298100016,36.2651404602,0,1.1,55.5846525595,42.5780394055,103.936791077,0.513850202649,-0.98588136547,0.487891312915,-133.714092702,66.1722054279
642.5,0.105952380952,1764,4.72215111936,84.4592700115,7.87551075516,2315400.16202,7.58631338873,36.2651404602,0,1.1,56.555546169,86.0078326635,73.3011686412,0.511763934946,-0.983687287462,0.492300030963,-134.531229271,67.3280311535
643,0.105952380952,1764,1.65694774577,82.9110703087,7.8907221557,2319872.31378,7.82826418258,36.2651404602,0,1.1,57.2527736902,110.231331654,25.7651809866,0.50985087461,-0.981599619652,0.496449581226,-134.764802202,68.158063917
643.5,0.105952380952,1764,-1.77693431856,82.9401909071,7.87482407312,2315198.2775,7.87577886961,36.2651404602,0,1.1,57.1157822852,109.290703549,-27.5081661955,0.508071799107,-0.98118758262,0.497263438946,-134.165964683,67.994978911
644,0.105952380952,1764,-4.81544011361,84.5401523362,7.84020342324,2305019.80643,7.82075085002,36.2651404602,0,1.1,56.5073666091,83.8213918296,-73.9282334321,0.507725282005,-0.981664711832,0.496320857453,-133.053540548,67.2706745347
644.5,0.105952380952,1764,-6.78248776464,87.3549556294,7.79985310061,2293156.81158,7.70377957623,36.2651404602,0,1.1,55.701276903,40.2320927381,-103.164120714,0.508126678114,-0.982675921243,0.494315722801,-131.823171263,66.3110439322
645,0.105952380952,1764,-7.24039988896,90.7582937741,7.7599673558,2281430.40261,7.50356499057,36.2651404602,0,1.1,54.7497303889,-11.4362640515,-109.196630375,0.508984085119,-0.984397256782,0.490878845379,-130.706979047,65.178250463
645.5,0.105952380952,1764,-6.08728887853,93.9929079766,7.74002330102,2275566.8505,7.46255832695,36.2651404602,0,1.1,54.3904750259,-59.9315610202,-91.3671757559,0.510464970848,-0.984748327259,0.490174185326,-130.082352317,64.750565507
646,0.105952380952,1764,-3.57972737343,96.3390813161,7.71976647805,2269611.34455,7.22845943713,36.2651404602,0,1.1,53.661583034,-94.8407849327,-53.5573117007,0.510770367649,-0.986742854059,0.486146623935,-129.664446381,63.8828369452
646.5,0.105952380952,1764,-0.275659638956,97.2747791556,7.71860862265,2269270.93506,7.10120306421,36.2651404602,0,1.1,53.4035159035,-108.926172963,-4.12748605412,0.512527606242,-0.987820171767,0.483953828635,-129.767077755,63.5756141709
647,0.105952380952,1764,3.08974366572,96.5918043114,7.73750757709,2274827.22767,7.11409153579,36.2651404602,0,1.1,53.6899912519,-99.1728961884,46.4848186221,0.513492794827,-0.98771128317,0.484176022846,-130.388948613,63.9166562522
647.5,0.105952380952,1764,5.76766442768,94.4421219085,7.76680913386,2283441.88536,7.15094971792,36.2651404602,0,1.1,54.1683855019,-67.3170677392,87.4046829367,0.513394718941,-0.987399610013,0.484811313963,-131.336914901,64.4861732165
648,0.105952380952,1764,7.16225264324,91.3040464234,7.79247209325,2290986.79541,7.0764744412,36.2651404602,0,1.1,54.3825440501,-19.9053461866,109.326720109,0.513114644936,-0.988028952241,0.483527444446,-132.290535973,64.7411238691
648.5,0.105952380952,1764,6.96320585491,87.8758144568,7.83361362189,2303082.40483,7.26282030238,36.2651404602,0,1.1,55.3232508094,32.7151426077,107.242172547,0.513681173353,-0.98645112953,0.486738296264,-133.47762244,65.8610128684
649,0.105952380952,1764,5.21481291218,84.9202237952,7.87109932914,2314103.20277,7.54750391528,36.2651404602,0,1.1,56.4157329831,78.7908928883,80.8854069609,0.512268201121,-0.984020522723,0.491633614452,-134.4260805,67.1615868846
649.5,0.105952380952,1764,2.30609949354,83.094907305,7.88984517866,2319614.48253,7.79171950971,36.2651404602,0,1.1,57.1678493023,107.383447503,35.8629383908,0.510138528436,-0.98191606785,0.49582339164,-134.778284107,68.0569634551
650,0.105952380952,1764,-1.11573194235,82.806006517,7.87938599553,2316539.48269,7.87109694581,36.2651404602,0,1.1,57.1727562379,111.501656653,-17.2930320618,0.508338949095,-0.981228213219,0.497183259557,-134.32701785,68.0628050452
650.5,0.105952380952,1764,-4.28930775716,84.1178032195,7.84697743936,2307011.36717,7.82502923662,36.2651404602,0,1.1,56.6134146571,90.4581370897,-65.96222527,0.507759385137,-0.981627647858,0.496394158871,-133.278526833,67.3969222109
651,0.105952380952,1764,-6.50849235949,86.7384164572,7.80853084982,2295708.06985,7.74453183623,36.2651404602,0,1.1,55.9042072848,49.702525978,-99.1814271608,0.508095424988,-0.982324085157,0.495014536878,-132.069352048,66.55262772
651.5,0.105952380952,1764,-7.27950670545,90.084747421,7.76644272701,2283334.16174,7.52841942598,36.2651404602,0,1.1,54.8888433031,-1.27998145986,-109.945925261,0.508684722038,-0.984184224985,0.49130582257,-130.896875867,65.3438610751
652,0.105952380952,1764,-6.43079646548,93.4122216838,7.74387124918,2276698.14726,7.48450263604,36.2651404602,0,1.1,54.4864566268,-51.2569077809,-96.6006232685,0.510280215331,-0.984560518106,0.490551308413,-130.186891492,64.8648293176
652.5,0.105952380952,1764,-4.15120367211,95.9804605235,7.72497140746,2271141.59379,7.30667596487,36.2651404602,0,1.1,53.8828068745,-89.5357100462,-62.149221932,0.510606848627,-0.986078278593,0.487493208658,-129.751906344,64.1461986602
653,0.105952380952,1764,-0.947948476744,97.2180186814,7.71837672271,2269202.75648,7.13276806512,36.2651404602,0,1.1,53.4603472298,-108.040612414,-14.1890646844,0.511937857888,-0.987553405327,0.484497958332,-129.724238129,63.6432705116
653.5,0.105952380952,1764,2.46622972702,96.8495336289,7.73310777112,2273533.68471,7.11303010709,36.2651404602,0,1.1,53.6269220262,-102.93417474,37.062278313,0.513252727462,-0.987720252567,0.484157724991,-130.241886442,63.8415738407
654,0.105952380952,1764,5.3316601811,94.9569950286,7.76105009029,2281748.72654,7.15024210856,36.2651404602,0,1.1,54.086723716,-75.0086832308,80.6780735735,0.513402793219,-0.987405597412,0.48479911943,-131.143011224,64.3889568047
654.5,0.105952380952,1764,7.01077109067,91.9615016478,7.78782374039,2289620.17968,7.09630239491,36.2651404602,0,1.1,54.3560898384,-29.9001586373,106.868718677,0.51312001625,-0.987861562087,0.483869335825,-132.11036987,64.70963076
655,0.105952380952,1764,7.12995235647,88.5295648962,7.82376875559,2300188.01414,7.19208554608,36.2651404602,0,1.1,55.0461695429,22.603416686,109.601085861,0.513530105985,-0.987051282542,0.485520098073,-133.223341472,65.5311542177
655.5,0.105952380952,1764,5.66268558458,85.4248068926,7.86565432144,2312502.3705,7.5026582148,36.2651404602,0,1.1,56.2494298732,70.8939972896,87.7450212612,0.51280276701,-0.984405025417,0.490863266027,-134.292614268,66.9636069919
656,0.105952380952,1764,2.93544455415,83.3380509406,7.88786398588,2319032.01185,7.74885049608,36.2651404602,0,1.1,57.0544618505,103.589307471,45.6444001261,0.510471716325,-0.982286770728,0.495088577987,-134.761462462,67.9219783935
656.5,0.105952380952,1764,-0.444946738692,82.7336100848,7.88288061351,2317566.90037,7.85835022106,36.2651404602,0,1.1,57.1983550359,112.736375219,-6.90324673891,0.508653038066,-0.981338798446,0.496964951142,-134.461348295,68.0932798047
657,0.105952380952,1764,-3.72633528297,83.7459752672,7.85561047971,2309549.48104,7.85848301974,36.2651404602,0,1.1,56.8035541571,96.3594775033,-57.4138632653,0.507852278103,-0.981337646591,0.496967225663,-133.532486258,67.6232787584
657.5,0.105952380952,1764,-6.17859664632,86.1498904584,7.81675773365,2298126.77369,7.77600031592,36.2651404602,0,1.1,56.0831185124,58.7783515355,-94.3265955818,0.507851309975,-0.982052060879,0.495553982654,-132.311139326,66.7656172766
658,0.105952380952,1764,-7.25609110588,89.4104731871,7.76976095652,2284309.72122,7.50870925782,36.2651404602,0,1.1,54.8978957322,8.91304966713,-109.704764909,0.50845403042,-0.984353179551,0.490967226918,-131.031241937,65.3546377764
658.5,0.105952380952,1764,-6.7190710609,92.802228413,7.74773817659,2277835.02392,7.49943022463,36.2651404602,0,1.1,54.5694041891,-42.1304333783,-101.018665853,0.510426709412,-0.984432678628,0.490807804797,-130.300021554,64.9635764156
659,0.105952380952,1764,-4.68702600499,95.5704745963,7.72797321418,2272024.12497,7.34764263832,36.2651404602,0,1.1,54.0026672377,-83.4329605197,-70.2009225363,0.510495732077,-0.985729467296,0.488198133246,-129.806831596,64.2888895687
659.5,0.105952380952,1764,-1.61209555006,97.0992639011,7.71825168636,2269165.99579,7.15998059965,36.2651404602,0,1.1,53.5103617792,-106.234854751,-24.1237315574,0.511630025509,-0.987323182457,0.484966940505,-129.689794229,63.7028116419
660,0.105952380952,1764,1.82153377045,97.0484334943,7.72877869075,2272260.93508,7.10762949749,36.2651404602,0,1.1,53.5565960621,-105.809551245,27.34446895,0.513046112613,-0.987765884121,0.484064621891,-130.102115816,63.7578524548
660.5,0.105952380952,1764,4.84986323324,95.4292933812,7.75527293217,2280050.24206,7.14655013055,36.2651404602,0,1.1,53.9991437512,-82.0357792148,73.2806797295,0.513443883253,-0.987436834446,0.484735492799,-130.951986433,64.2846949419
661,0.105952380952,1764,6.79907524547,92.6021098759,7.78296709232,2288192.32514,7.11393904102,36.2651404602,0,1.1,54.3224299953,-39.6098412224,103.496894356,0.513148044828,-0.987712571818,0.484173394016,-131.925747552,64.6695595183
661.5,0.105952380952,1764,7.23546093825,89.1959446468,7.81336268618,2297128.62974,7.11828963581,36.2651404602,0,1.1,54.756040406,12.3348204306,110.997471818,0.513395878937,-0.987675804618,0.484248391812,-132.953255818,65.1857623881
662,0.105952380952,1764,6.06192243612,85.9686855272,7.85922022979,2310610.74756,7.4522320518,36.2651404602,0,1.1,56.0583035865,62.3916253682,93.8188266382,0.513362788869,-0.984836654134,0.489996698636,-134.131788405,66.7360756983
662.5,0.105952380952,1764,3.53957759243,83.6384128971,7.88479595662,2318130.01125,7.70011634532,36.2651404602,0,1.1,56.9138570815,98.8842622356,55.0190562817,0.51084738532,-0.982707523528,0.494252893973,-134.714329226,67.7545917637
663,0.105952380952,1764,0.229660035058,82.7236234108,7.88637013588,2318592.81995,7.85467002339,36.2651404602,0,1.1,57.241745007,112.994960847,3.56639411819,0.509011028908,-0.981370717259,0.496901917189,-134.584796246,68.1449345321
663.5,0.105952380952,1764,-3.13135796362,83.4278620447,7.86189951693,2311398.45798,7.862265451,36.2651404602,0,1.1,56.9019585947,101.419645614,-48.3223598044,0.50787911037,-0.981304836724,0.497032008447,-133.741906814,67.7404268984
664,0.105952380952,1764,-5.79563404198,85.5944323803,7.82460001581,2300432.40465,7.79850820994,36.2651404602,0,1.1,56.2394511954,67.3800057386,-88.6400774474,0.507823738359,-0.981857313238,0.495939730653,-132.550467987,66.9517276135
664.5,0.105952380952,1764,-7.17035420279,88.7412622964,7.77956306115,2287191.53998,7.57928262296,36.2651404602,0,1.1,55.1723715146,19.0671541795,-108.615360222,0.508289280258,-0.983747690198,0.492179318979,-131.281258262,65.6813946603
665,0.105952380952,1764,-6.94963672449,92.16816729,7.75161907415,2278976.0078,7.50787539991,36.2651404602,0,1.1,54.640234667,-32.6278333185,-104.582146272,0.509902939102,-0.984360324771,0.490952901017,-130.421004286,65.0478984131
665.5,0.105952380952,1764,-5.18259228733,95.1126448325,7.73173314597,2273129.54491,7.39096403414,36.2651404602,0,1.1,54.1377367552,-76.6215249796,-77.6698044577,0.510432910621,-0.985360058472,0.488943304656,-129.884480195,64.4496866133
666,0.105952380952,1764,-2.2623966153,96.9195347788,7.71837252399,2269201.52205,7.18420571516,36.2651404602,0,1.1,53.5580944403,-103.527078918,-33.8489971398,0.511305284157,-0.987118046298,0.485384345312,-129.666908635,63.7596362384
666.5,0.105952380952,1764,1.16119297739,97.1867955912,7.72470825752,2271064.22771,7.10033205415,36.2651404602,0,1.1,53.486293862,-107.779729819,17.4143070834,0.512862452105,-0.987827528716,0.483938811743,-129.973223798,63.6741593595
667,0.105952380952,1764,4.32641165421,95.8549604779,7.74950439046,2278354.29079,7.13946578937,36.2651404602,0,1.1,53.9052610338,-88.3413447683,65.2781560174,0.513499425477,-0.987496762056,0.484613397388,-130.765184646,64.1729298021
667.5,0.105952380952,1764,6.52898332642,93.2203690353,7.77793538978,2286713.00459,7.1288723578,36.2651404602,0,1.1,54.2810574346,-48.9514861949,99.244351709,0.513201844061,-0.987586345474,0.484430810573,-131.738384341,64.6203064698
668,0.105952380952,1764,7.27882540542,89.8692302889,7.80499516319,2294668.57798,7.08019089062,36.2651404602,0,1.1,54.5647089703,2.00246449766,111.459980568,0.513282332636,-0.987997586504,0.483591531215,-132.711865508,64.9579868694
668.5,0.105952380952,1764,6.40909449098,86.5471884202,7.8519014313,2308459.0208,7.39709851505,36.2651404602,0,1.1,55.8457022796,53.3643146618,99.0546188832,0.513652844917,-0.985307703186,0.48904880129,-133.946123725,66.4829789043
669,0.105952380952,1764,4.11330981485,83.993413418,7.88130224546,2317102.86017,7.65541386698,36.2651404602,0,1.1,56.7752046503,93.32000264,63.9055272975,0.511259364556,-0.983092843184,0.493486029873,-134.647747963,67.5895293455
669.5,0.105952380952,1764,0.902294298742,82.7761322688,7.88929585847,2319452.98239,7.85011099307,36.2651404602,0,1.1,57.275222154,112.267321847,14.0227047624,0.509340276911,-0.981410252683,0.49682382786,-134.690098464,68.1847882786
670,0.105952380952,1764,-2.50948595577,83.1661957712,7.86796491771,2313181.68581,7.86639880546,36.2651404602,0,1.1,56.9979082657,105.616539179,-38.7841402669,0.507912357949,-0.981268977962,0.497102799117,-133.943453588,67.8546526973
670.5,0.105952380952,1764,-5.36289374562,85.0768129557,7.83214254662,2302649.90871,7.81293284568,36.2651404602,0,1.1,56.3760111522,75.4322632477,-82.1693771024,0.507793615479,-0.981732425633,0.496186904765,-132.789243146,67.1142989907
671,0.105952380952,1764,-7.0230323755,88.0828624847,7.78914370628,2290008.24965,7.64149287977,36.2651404602,0,1.1,55.4283438865,29.0962276135,-106.587945256,0.508183807327,-0.983212715016,0.49324715613,-131.533238469,65.9861236745
671.5,0.105952380952,1764,-7.12051316788,91.5154841556,7.75550035754,2280117.10512,7.50942805906,36.2651404602,0,1.1,54.6979375187,-22.8284158933,-107.259475703,0.509442980472,-0.98434702007,0.490979576031,-130.549877635,65.1165922842
672,0.105952380952,1764,-5.63364618657,94.6109034521,7.73560243322,2274267.11537,7.42868020765,36.2651404602,0,1.1,54.2638154696,-69.1486635848,-84.4865022568,0.51042136409,-0.985037987609,0.489591833028,-129.972016105,64.5997803209
672.5,0.105952380952,1764,-2.89326634979,96.6803749767,7.71884691126,2269340.99191,7.2067560248,36.2651404602,0,1.1,53.60754785,-99.9418070259,-43.2847359938,0.511023214963,-0.986926933661,0.485772814816,-129.657740857,63.8185093453
673,0.105952380952,1764,0.490878899951,97.2634315517,7.72090851191,2269947.1025,7.09122223333,36.2651404602,0,1.1,53.41634509,-108.830370563,7.35499910794,0.51269171874,-0.987904460743,0.483781744638,-129.855501242,63.5908870119
673.5,0.105952380952,1764,3.76580127854,96.2303403383,7.74214239655,2276189.86459,7.10432025644,36.2651404602,0,1.1,53.7356298921,-93.8548878257,56.7286596529,0.513568794827,-0.987793840667,0.484007570539,-130.5561147,63.9709879668
674,0.105952380952,1764,6.20281510599,93.8109690055,7.77277200761,2285194.97024,7.1412667713,36.2651404602,0,1.1,54.2329177501,-57.8459231264,94.1512684229,0.51346906762,-0.987481528684,0.484644437198,-131.549569949,64.5629973215
674.5,0.105952380952,1764,7.25967330812,90.5436390893,7.797155462,2292363.70583,7.048511077,36.2651404602,0,1.1,54.393626716,-8.3102272479,110.973504532,0.513188165135,-0.988264821471,0.483045176606,-132.481219442,64.7543175191
675,0.105952380952,1764,6.70121994881,87.1553469108,7.84372920742,2306056.38698,7.33684416849,36.2651404602,0,1.1,55.6114056029,43.8964362396,103.407925321,0.513894517352,-0.985821459931,0.488012345274,-133.737144326,66.2040542891
675.5,0.105952380952,1764,4.65171353522,84.4000034655,7.87560602196,2315428.17046,7.58738402962,36.2651404602,0,1.1,56.5590261347,86.9291075351,72.2088493511,0.511711097402,-0.983678088069,0.492318412263,-134.533225869,67.3321739699
676,0.105952380952,1764,1.56717891374,82.8906856693,7.89032823146,2319756.50005,7.82862153957,36.2651404602,0,1.1,57.247763413,110.536922316,24.3667850072,0.509842948089,-0.981596523249,0.496455703509,-134.750921892,68.1520993011
676.5,0.105952380952,1764,-1.86606040983,82.9632238527,7.87373649269,2314878.52885,7.8715205298,36.2651404602,0,1.1,57.091633125,108.908152013,-28.8810083659,0.508069189476,-0.981224537548,0.4971905137,-134.133960072,67.9662299107
677,0.105952380952,1764,-4.88409248833,84.6014779277,7.8390475456,2304679.97841,7.81775843306,36.2651404602,0,1.1,56.484870562,82.8576526714,-74.9620791749,0.507756299379,-0.981690632105,0.496269586855,-133.017823557,67.2438935262
677.5,0.105952380952,1764,-6.81539094554,87.4409286334,7.79841939757,2292735.30289,7.69503697432,36.2651404602,0,1.1,55.6639110696,38.9130898213,-103.634436886,0.508148541884,-0.98275133605,0.494165773291,-131.784827438,66.2665607972
678,0.105952380952,1764,-7.23023276306,90.8497847916,7.75934372721,2281247.0558,7.50396043279,36.2651404602,0,1.1,54.7416884838,-12.8139887027,-109.025393088,0.50904839797,-0.984393868826,0.490885639449,-130.685521622,65.1686767664
678.5,0.105952380952,1764,-6.0363136793,94.0695598245,7.73954525778,2275426.30579,7.46029521051,36.2651404602,0,1.1,54.3794411349,-61.0757229186,-90.5926531681,0.510462029275,-0.9847676878,0.490135288534,-130.068841543,64.7374299225
679,0.105952380952,1764,-3.4992863232,96.3838385967,7.71967183504,2269583.5195,7.22738676927,36.2651404602,0,1.1,53.6582281988,-95.5089502957,-52.3530096277,0.510787243028,-0.986751955322,0.486128150458,-129.662463009,63.8788430938
679.5,0.105952380952,1764,-0.183651250916,97.2776831628,7.71842679276,2269217.47707,7.09425652387,36.2651404602,0,1.1,53.3877843868,-108.970992489,-2.74986676892,0.51253571252,-0.987878839069,0.48383406176,-129.768670483,63.5568861748
680,0.105952380952,1764,3.17284709115,96.5522088898,7.73782808633,2274921.45738,7.11050828163,36.2651404602,0,1.1,53.6875888959,-98.5883768585,47.7405177391,0.513545685305,-0.987741561405,0.484114250848,-130.403748385,63.9137963047
680.5,0.105952380952,1764,5.82337198626,94.3688372263,7.76739298766,2283613.53837,7.14919848503,36.2651404602,0,1.1,54.1731572696,-66.2174405961,88.2634826153,0.513421978702,-0.987414427703,0.484781134085,-131.358632845,64.4918538924
681,0.105952380952,1764,7.17816914037,91.2133786681,7.79295545663,2291128.90425,7.07347270134,36.2651404602,0,1.1,54.3834682936,-18.524139758,109.586077171,0.513127938577,-0.988054283006,0.483475680705,-132.310340364,64.742224159
681.5,0.105952380952,1764,6.93578979489,87.7879376317,7.83479873941,2303430.82939,7.27255802426,36.2651404602,0,1.1,55.3590519233,34.07600744,106.843291601,0.513704058384,-0.986368391526,0.486905941839,-133.506813392,65.903633242
682,0.105952380952,1764,5.1501644977,84.8546909085,7.87152230284,2314227.55704,7.55138640672,36.2651404602,0,1.1,56.4294486994,79.8132291069,79.8885454085,0.512194779825,-0.98398720626,0.491700292777,-134.43597653,67.1779151184
682.5,0.105952380952,1764,2.21860330183,83.0662997333,7.8897175362,2319576.95564,7.79391440271,36.2651404602,0,1.1,57.1703364092,107.822758883,34.5004715618,0.510109722951,-0.981897073073,0.495861006625,-134.77131609,68.0599242966
683,0.105952380952,1764,-1.20660759583,82.8206895798,7.87853829099,2316290.25755,7.86883297101,36.2651404602,0,1.1,57.1559974116,111.252365604,-18.6978890081,0.508322888291,-0.98124785806,0.4971444871,-134.30080497,68.0428540614
683.5,0.105952380952,1764,-4.36334261077,84.1725098661,7.84522307463,2306495.58394,7.81256432213,36.2651404602,0,1.1,56.5637566748,89.5866277159,-67.0781315943,0.507775879172,-0.981735617062,0.496180590302,-133.23359154,67.3378055652
684,0.105952380952,1764,-6.54921330902,86.8209742006,7.80729525762,2295344.80574,7.73891699223,36.2651404602,0,1.1,55.8756480452,48.4315086295,-99.7753088247,0.508186500898,-0.982372590634,0.494918269182,-132.034078346,66.5186286253
684.5,0.105952380952,1764,-7.2778531475,90.1767867739,7.7642809605,2282698.60239,7.50775650505,36.2651404602,0,1.1,54.8186566184,-2.66909054324,-109.879537838,0.508725927121,-0.984361343548,0.490950858363,-130.847560211,65.2603054981
685,0.105952380952,1764,-6.3871363245,93.4932634559,7.74353700563,2276599.87966,7.48549435218,36.2651404602,0,1.1,54.4836458601,-52.469299747,-95.9356700596,0.510433794839,-0.984552027148,0.490568349814,-130.174530746,64.8614831668
685.5,0.105952380952,1764,-4.07525153546,96.0324725381,7.72084840564,2269929.43126,7.246105845,36.2651404602,0,1.1,53.7101777888,-90.265121255,-60.9788228078,0.510599463648,-0.986593079975,0.486450505751,-129.681107142,63.9406878438
686,0.105952380952,1764,-0.856604053154,97.22942802,7.71827379288,2269172.49511,7.1279325371,36.2651404602,0,1.1,53.4497249523,-108.212983321,-12.8219936433,0.512394321906,-0.987594291443,0.484414611163,-129.726148854,63.6306249433
686.5,0.105952380952,1764,2.55264187234,96.8178016597,7.73354000202,2273660.76059,7.11206366889,36.2651404602,0,1.1,53.6310714172,-102.469610495,38.3654778251,0.513289475736,-0.987728418971,0.484141064523,-130.257523164,63.8465135919
687,0.105952380952,1764,5.39391293814,94.8891822645,7.76175733547,2281956.65663,7.15077863318,36.2651404602,0,1.1,54.0976134806,-73.9956923183,81.6345762069,0.513410145335,-0.987401057651,0.484808365594,-131.166310723,64.4019208103
687.5,0.105952380952,1764,7.03501292728,91.8726967488,7.78849000089,2289816.06026,7.09588574464,36.2651404602,0,1.1,54.3645836091,-28.5514470789,107.256980834,0.513115943585,-0.987865080719,0.483862152163,-132.133445975,64.7197423918
688,0.105952380952,1764,7.11078934964,88.4395273713,7.82519754934,2300608.07951,7.20442195376,36.2651404602,0,1.1,55.0903791382,23.9936867882,109.334857485,0.51353327863,-0.986946721879,0.485732609749,-133.257887174,65.5837846884
688.5,0.105952380952,1764,5.60438159373,85.3535705158,7.86639646211,2312720.55986,7.50940271707,36.2651404602,0,1.1,56.2733257846,72.0071860292,86.8528725916,0.512709380241,-0.98434723723,0.490979140654,-134.310072076,66.9920545054
689,0.105952380952,1764,2.85097249233,83.3014661419,7.88801447237,2319076.25488,7.75301621005,36.2651404602,0,1.1,57.0648692579,104.1583362,44.3309771427,0.51042155254,-0.982250772507,0.495159994255,-134.76166569,67.9343681641
689.5,0.105952380952,1764,-0.536791439211,82.7398171545,7.88229327897,2317394.22402,7.85820034149,36.2651404602,0,1.1,57.1895365141,112.623438691,-8.32696628037,0.508622483544,-0.98134009845,0.496962384064,-134.441490353,68.0827815644
690,0.105952380952,1764,-3.805116743,83.7935931029,7.85466290938,2309270.89536,7.85691081453,36.2651404602,0,1.1,56.7867741425,95.6040616494,-58.6143676549,0.507853370764,-0.981351283081,0.496940297416,-133.502129015,67.6033025506
690.5,0.105952380952,1764,-6.22678561933,86.2283238672,7.81571007171,2297818.76108,7.77312937308,36.2651404602,0,1.1,56.0625185561,57.5669561851,-95.0392033404,0.507862772129,-0.98207689057,0.495504773951,-132.27901938,66.7410935192
691,0.105952380952,1764,-7.26296531802,89.5022703654,7.76859695751,2283967.50551,7.50182378978,36.2651404602,0,1.1,54.8682247559,7.52336541809,-109.782376422,0.508475059881,-0.984412173982,0.490848929628,-130.999835558,65.3193151856
691.5,0.105952380952,1764,-6.68310096754,92.8869640555,7.74753896448,2277776.45556,7.50347646099,36.2651404602,0,1.1,54.5743270002,-43.4006411022,-100.469164481,0.510477923895,-0.984398015254,0.490877324354,-130.288733189,64.969436905
692,0.105952380952,1764,-4.6162151216,95.6292946229,7.7278477473,2271987.23771,7.34802002667,36.2651404602,0,1.1,54.0016319112,-84.3109371377,-69.1378669984,0.510465629401,-0.985726251675,0.488204625909,-129.802193255,64.2876570371
692.5,0.105952380952,1764,-1.52219963228,97.1190805782,7.71829724048,2269179.3887,7.1582654928,36.2651404602,0,1.1,53.5077323473,-106.534219495,-22.7791142351,0.51162719309,-0.987337699142,0.484937385497,-129.693231986,63.6996813658
693,0.105952380952,1764,1.9105124568,97.0248375179,7.7292720032,2272405.96894,7.10840232239,36.2651404602,0,1.1,53.5649073674,-105.468098844,28.6836693552,0.513059125243,-0.987759354803,0.484077945168,-130.117864551,63.767746866
693.5,0.105952380952,1764,4.91812651065,95.3675349673,7.75608859687,2280290.04748,7.14907573973,36.2651404602,0,1.1,54.0153528968,-81.1179246583,74.3261512372,0.513438002503,-0.987415466252,0.484779018737,-130.976699358,64.3039915438
694,0.105952380952,1764,6.83143421266,92.515930563,7.78380088464,2288437.46008,7.11576974121,36.2651404602,0,1.1,54.337611333,-38.3056085482,104.010121987,0.513128870389,-0.987697101129,0.48420495291,-131.951948765,64.6876325393
694.5,0.105952380952,1764,7.22471557236,89.1045197386,7.81500414931,2297611.2199,7.13277043857,36.2651404602,0,1.1,54.8072856092,13.7414172168,110.865459835,0.513381953855,-0.987553385256,0.484497999241,-132.992638342,65.2467685824
695,0.105952380952,1764,6.01046363174,85.8923574971,7.8602640995,2310917.64525,7.46157859966,36.2651404602,0,1.1,56.0915799053,63.5846615987,93.0395709478,0.513252709428,-0.984756708833,0.490157346583,-134.156530614,66.7756903635
695.5,0.105952380952,1764,3.45885517632,83.5941650919,7.88522723879,2318256.80821,7.7062597567,36.2651404602,0,1.1,56.9322177255,99.577570617,53.7672919327,0.510777672913,-0.982654522722,0.494358259741,-134.721800421,67.7764496732
696,0.105952380952,1764,0.137635125646,82.7213011759,7.88583257082,2318434.77582,7.85349123301,36.2651404602,0,1.1,57.2316160564,113.016791425,2.13706881736,0.508965846084,-0.981380940199,0.496881726585,-134.567851025,68.1328762576
696.5,0.105952380952,1764,-3.21420938983,83.4679820883,7.86113405126,2311173.41107,7.8624340447,36.2651404602,0,1.1,56.891209241,100.780744867,-49.5911708824,0.507887706096,-0.981303374196,0.49703489595,-133.715665509,67.7276300489
697,0.105952380952,1764,-5.85087715177,85.6680678035,7.82368883009,2300164.51605,7.79803500048,36.2651404602,0,1.1,56.2254342593,66.2386511308,-89.4645144215,0.507822509551,-0.981861409203,0.495931621415,-132.520151231,66.9350407849
697.5,0.105952380952,1764,-7.1856971436,88.83202887,7.77855232604,2286894.38386,7.57514631979,36.2651404602,0,1.1,55.1500771036,17.6882787593,-108.823421139,0.508292741827,-0.983783219098,0.492108298875,-131.251887978,65.6548536948
698,0.105952380952,1764,-6.92166561961,92.2558690233,7.75153170096,2278950.32008,7.51450485207,36.2651404602,0,1.1,54.6516782445,-33.9448951036,-104.152861257,0.509933579158,-0.984303512099,0.491066793898,-130.410537073,65.0615217196
698.5,0.105952380952,1764,-5.11753083955,95.177767676,7.73171331142,2273123.71356,7.39393436504,36.2651404602,0,1.1,54.1431150118,-77.5951052222,-76.6923834408,0.510383617068,-0.985334709323,0.488994387088,-129.880472437,64.4560892998
699,0.105952380952,1764,-2.17472130371,96.9475885925,7.71855385293,2269254.83276,7.18556031966,36.2651404602,0,1.1,53.5631861983,-103.950483544,-32.5383876842,0.51128304776,-0.987106570415,0.485407682926,-129.671493744,63.7656978551
699.5,0.105952380952,1764,1.25197398231,97.1715382693,7.72524622798,2271222.39103,7.10267753343,36.2651404602,0,1.1,53.498213899,-107.563740646,18.7779803541,0.512852189846,-0.987807717206,0.483979249377,-129.988720773,63.6883498797
700,0.105952380952,1764,4.40009915059,95.7997868465,7.75039595521,2278616.41083,7.14365746048,36.2651404602,0,1.1,53.925702761,-87.5258628397,66.4028670238,0.513481571043,-0.987461305843,0.484685639836,-130.790578692,64.1972651916
700.5,0.105952380952,1764,6.56918149865,93.1375554876,7.77890593912,2286998.3461,7.13258080762,36.2651404602,0,1.1,54.3017690399,-47.7030604995,99.8771380137,0.513170009419,-0.987554988787,0.484494730748,-131.767079805,64.6449631428
701,0.105952380952,1764,7.27658997054,89.7772032301,7.80469794045,2294581.19449,7.06390526333,36.2651404602,0,1.1,54.5288672377,3.41188098105,111.432759701,0.513254150362,-0.988135001592,0.483310685406,-132.720214824,64.9153181401
701.5,0.105952380952,1764,6.36492284378,86.4664243049,7.85320330094,2308841.77048,7.40862682779,36.2651404602,0,1.1,55.8868677291,54.6252045044,98.3947259097,0.513777026219,-0.985209283192,0.48924704221,-133.977160784,66.5319853917
702,0.105952380952,1764,4.03703035524,83.941882643,7.88140980455,2317134.48254,7.65447553146,36.2651404602,0,1.1,56.7749019566,94.1239418909,62.7226559306,0.511173113071,-0.983100924895,0.493469929652,-134.652530094,67.5891689959
702.5,0.105952380952,1764,0.810879566366,82.7653006746,7.88906531263,2319385.20191,7.85169946814,36.2651404602,0,1.1,57.2750112325,112.427508235,12.6010999248,0.509347197025,-0.981396478302,0.496851036405,-134.680336281,68.1845371815
703,0.105952380952,1764,-2.59569575167,83.1984734386,7.86722769279,2312964.94168,7.86607763345,36.2651404602,0,1.1,56.9865968347,105.098287785,-40.109110308,0.507900772723,-0.98127176446,0.497097298597,-133.918734163,67.841186708
703.5,0.105952380952,1764,-5.42471651874,85.1450179515,7.8314174107,2302436.71875,7.8151558806,36.2651404602,0,1.1,56.3698994754,74.3720054012,-83.0995958791,0.50779595585,-0.9817131732,0.496224994902,-132.762052198,67.1070231851
704,0.105952380952,1764,-7.04671226713,88.1718188754,7.78825270749,2289746.296,7.6396597906,36.2651404602,0,1.1,55.4121296262,27.7402421097,-106.924582986,0.508167560166,-0.983228495187,0.493215699519,-131.505258635,65.9668209836
704.5,0.105952380952,1764,-7.10078129043,91.6053987248,7.75549927044,2280116.78551,7.51830360649,36.2651404602,0,1.1,54.7149089765,-24.1809637002,-106.953949807,0.509456510344,-0.984270951828,0.491132052901,-130.539752422,65.1367964006
705,0.105952380952,1764,-5.57489297586,94.6817697837,7.73564981459,2274281.04549,7.43369773497,36.2651404602,0,1.1,54.2740409682,-70.2092335192,-83.6027786219,0.510355379683,-0.984995109114,0.489678093264,-129.967950571,64.6119535336
705.5,0.105952380952,1764,-2.80856467239,96.7164249777,7.71914474638,2269428.55544,7.21084932249,36.2651404602,0,1.1,53.6194662103,-100.485353889,-42.0193206897,0.510985736052,-0.986892226793,0.485843321138,-129.663186879,63.8326978695
706,0.105952380952,1764,0.582682521204,97.2566439267,7.72146557368,2270110.87866,7.09467078992,36.2651404602,0,1.1,53.4306194695,-108.741154018,8.73152526451,0.512660751204,-0.987875340775,0.483841204414,-129.870411769,63.6078803208
706.5,0.105952380952,1764,3.84428010479,96.182225366,7.74288326479,2276407.67985,7.10669928829,36.2651404602,0,1.1,53.7504690405,-93.1460052759,57.9207831687,0.513542530518,-0.987773742883,0.484048585238,-130.578445668,63.9886536197
707,0.105952380952,1764,6.25050722815,93.7322324942,7.77384155438,2285509.41699,7.14620814221,36.2651404602,0,1.1,54.2573762972,-56.6639904706,94.8972719578,0.513450961953,-0.987439727729,0.484729598955,-131.580205192,64.5921146395
707.5,0.105952380952,1764,7.265967004,90.4518002842,7.79810880944,2292643.98998,7.05155123811,36.2651404602,0,1.1,54.4128349963,-6.90786201508,111.093992694,0.513150641419,-0.988239189306,0.483097614069,-132.51018107,64.7771845195
708,0.105952380952,1764,6.66471484138,87.0708403794,7.8452472253,2306502.68424,7.35003425959,36.2651404602,0,1.1,55.6588031362,45.2128171146,102.872691239,0.513871306042,-0.985709088234,0.48823927881,-133.773664034,66.2604799241
708.5,0.105952380952,1764,4.58053218311,84.3416323096,7.87629717588,2315631.36971,7.59365725997,36.2651404602,0,1.1,56.5813285794,87.8458095279,71.1124797313,0.511612076669,-0.983624178956,0.492426110774,-134.549465659,67.3587244993
709,0.105952380952,1764,1.47715950363,82.8714377466,7.89056384896,2319825.77159,7.83484192924,36.2651404602,0,1.1,57.2634715768,110.836725223,22.9672570981,0.509796513763,-0.981542619115,0.496562268866,-134.751569501,68.1707994961
709.5,0.105952380952,1764,-1.9548881345,82.9873819167,7.87323622233,2314731.44936,7.87356900912,36.2651404602,0,1.1,57.0884063398,108.518500381,-30.2514020085,0.508023773001,-0.981206761013,0.497225594818,-134.114486031,67.9623884998
710,0.105952380952,1764,-4.95196393974,84.6636666952,7.83850474146,2304520.39399,7.82247016396,36.2651404602,0,1.1,56.4862354838,81.8884195454,-75.9900998517,0.507741377502,-0.981649817948,0.496350314719,-132.99387342,67.2455184331
710.5,0.105952380952,1764,-6.84720440553,87.5273108103,7.79763012766,2292503.25753,7.6951097866,36.2651404602,0,1.1,55.6527849164,37.5919330183,-104.097049661,0.508114117811,-0.982750708056,0.494167022185,-131.758068982,66.2533153767
711,0.105952380952,1764,-7.2189095867,90.941139936,7.75940883589,2281266.19775,7.51467198015,36.2651404602,0,1.1,54.7631293379,-14.1904567975,-108.846326353,0.509047862212,-0.984302079685,0.491069665045,-130.675528909,65.1942015928
711.5,0.105952380952,1764,-5.98437332675,94.1455609857,7.73962053015,2275448.43586,7.46677372001,36.2651404602,0,1.1,54.392852714,-62.214052387,-89.8098271716,0.510382374621,-0.98471226126,0.490246634384,-130.064050651,64.7533960881
712,0.105952380952,1764,-3.41828576795,96.4275751578,7.7200510838,2269695.01864,7.2337331995,36.2651404602,0,1.1,53.6755656347,-96.1674954095,-51.1433896655,0.510738940547,-0.986698102748,0.486237446145,-129.668126226,63.8994828984
712.5,0.105952380952,1764,-0.0916134986611,97.2794235326,7.71936026488,2269491.91787,7.1040999788,36.2651404602,0,1.1,53.4194296766,-109.014242381,-1.37197349539,0.512487759058,-0.987795701461,0.484003772893,-129.789137341,63.5945591389
713,0.105952380952,1764,3.2554432063,96.5115658279,7.73861505585,2275152.82642,7.11402374465,36.2651404602,0,1.1,53.7052321509,-97.9938206817,48.9917980147,0.513470744173,-0.987711856036,0.484174854207,-130.426352385,63.9348001796
713.5,0.105952380952,1764,5.87814843902,94.2948540055,7.76857614935,2283961.38791,7.15571825754,36.2651404602,0,1.1,54.2022216599,-65.1122889498,89.1158812753,0.513395234613,-0.987359257339,0.484893490312,-131.391312372,64.526454357
714,0.105952380952,1764,7.19293791156,91.1225169043,7.79401869587,2291441.49659,7.07742660998,36.2651404602,0,1.1,54.4059806661,-17.1410892291,109.837802967,0.513078453656,-0.988020916614,0.483543863919,-132.341977287,64.7690246025
714.5,0.105952380952,1764,6.90726476324,87.7004144959,7.83648230473,2303925.79759,7.2867754201,36.2651404602,0,1.1,55.4106840579,35.4351528483,106.436565293,0.51367391492,-0.98624754014,0.487150684663,-133.547831762,65.9651000689
715,0.105952380952,1764,5.08469261734,84.7899807114,7.87247524915,2314507.72325,7.55966695233,36.2651404602,0,1.1,56.4594362829,80.830733833,78.8863558485,0.512087655955,-0.983916134088,0.491842496213,-134.458816322,67.2136146225
715.5,0.105952380952,1764,2.13075237503,83.038800799,7.89020145393,2319719.22746,7.8019692116,36.2651404602,0,1.1,57.1932662241,108.25597437,33.1360542685,0.510048308151,-0.981827353774,0.495999039698,-134.77827849,68.0872216954
716,0.105952380952,1764,-1.2972903234,82.836520551,7.87827636472,2316213.25123,7.87315970416,36.2651404602,0,1.1,57.1607155138,110.995416984,-20.101025126,0.508263965549,-0.981210313028,0.497218585339,-134.286736965,68.0484708498
716.5,0.105952380952,1764,-4.43667980439,84.2281482769,7.8448534841,2306386.92433,7.81949495891,36.2651404602,0,1.1,56.5719633016,88.7175075781,-68.1949559779,0.507744358892,-0.981675590669,0.496299339798,-133.212892944,67.347575359
717,0.105952380952,1764,-6.5888870971,86.9040402422,7.80659417334,2295138.68696,7.74065106401,36.2651404602,0,1.1,55.8689694347,47.1568327258,-100.360169705,0.508135853695,-0.982357611353,0.49494800072,-132.008353554,66.5106778984
717.5,0.105952380952,1764,-7.27503592503,90.2687978601,7.76322213006,2282387.30624,7.50320930982,36.2651404602,0,1.1,54.7949853856,-4.05730888872,-109.811394754,0.508713200063,-0.984400304041,0.490872734428,-130.817052224,65.2321254591
718,0.105952380952,1764,-6.34245493676,93.5737466859,7.74360785099,2276620.70819,7.49295513585,36.2651404602,0,1.1,54.4988811959,-53.6756679327,-95.2601107418,0.510467616704,-0.984488139326,0.490696549333,-130.16846547,64.8796204713
718.5,0.105952380952,1764,-3.99864780203,96.0835200136,7.72126438064,2270051.72791,7.25403829206,36.2651404602,0,1.1,53.7310478868,-91.0325486011,-59.8349474589,0.51054391909,-0.986525722752,0.486587092255,-129.686226524,63.9655331986
719,0.105952380952,1764,-0.765122666132,97.2396814368,7.71855517743,2269255.22216,7.12876703701,36.2651404602,0,1.1,53.4552094816,-108.373587905,-11.4534167339,0.512334451662,-0.987587235951,0.484428995196,-129.734681014,63.6371541448
719.5,0.105952380952,1764,2.63864587275,96.7849795842,7.734416731,2273918.51891,7.11742144642,36.2651404602,0,1.1,53.6534658037,-101.994751325,39.6652674168,0.513283133107,-0.987683142206,0.484233425738,-130.281086407,63.8731735758
720,0.105952380952,1764,5.45530325608,94.8205877634,7.76297021391,2282313.24289,7.15776219479,36.2651404602,0,1.1,54.1279549278,-72.9759786283,82.5845546995,0.513369391544,-0.987341958895,0.484928712499,-131.199453779,64.4380415807
720.5,0.105952380952,1764,7.05812992738,91.7835924221,7.78961872017,2290147.90373,7.10014886377,36.2651404602,0,1.1,54.3886026014,-27.1998385131,107.636695385,0.513062944042,-0.987829075996,0.483935653384,-132.166929427,64.7483364303
721,0.105952380952,1764,7.09048939031,88.3497393521,7.82699292848,2301135.92097,7.21906179963,36.2651404602,0,1.1,55.1442740766,25.3827109733,109.059040514,0.513500820074,-0.986822578417,0.485984772113,-133.302272818,65.6479453293
721.5,0.105952380952,1764,5.5451815117,85.2830770621,7.86755771553,2313061.96837,7.51909090939,36.2651404602,0,1.1,56.3090231122,73.1150610797,85.9535528272,0.512598642287,-0.984264203076,0.491145577749,-134.338396245,67.0345513241
722,0.105952380952,1764,2.76604458515,83.2659523797,7.88872412982,2319284.89417,7.76269392051,36.2651404602,0,1.1,57.0942605466,104.720477487,43.0144730238,0.510349528169,-0.982167122055,0.495325897117,-134.774436226,67.9693577936
722.5,0.105952380952,1764,-0.628550311514,82.7471850633,7.88226915462,2317387.13146,7.86472554701,36.2651404602,0,1.1,57.2020472785,112.501965996,-9.74975183984,0.508551527722,-0.981283494868,0.497074142054,-134.432912896,68.0976753315
723,0.105952380952,1764,-3.88328979843,83.8422032884,7.854181542,2309129.37335,7.8614394697,36.2651404602,0,1.1,56.7886764992,94.8398436026,-59.8088268248,0.507805808929,-0.981312001882,0.497017861814,-133.480423229,67.605567261
723.5,0.105952380952,1764,-6.27397898424,86.3073603337,7.81509124669,2297636.82653,7.77624966358,36.2651404602,0,1.1,56.0596913502,56.3501523964,-95.7417197018,0.507829758754,-0.982049904249,0.495558256478,-132.254438983,66.7377277979
724,0.105952380952,1764,-7.26867824606,89.5941471262,7.7678092964,2283735.93314,7.50049110124,36.2651404602,0,1.1,54.8545400967,6.13344179747,-109.847725231,0.508452204127,-0.984423590765,0.490826032262,-130.974791625,65.3030239246
724.5,0.105952380952,1764,-6.64606230527,92.9712380979,7.74757636919,2277787.45254,7.51141517468,36.2651404602,0,1.1,54.5900175838,-44.6649040219,-99.9064111348,0.510487838829,-0.984329991466,0.491013714574,-130.280987959,64.9881161712
725,0.105952380952,1764,-4.54466614612,95.6872145748,7.72791905867,2272008.20325,7.35159431985,36.2651404602,0,1.1,54.0094304516,-85.1773545415,-68.065418406,0.510406588165,-0.985695793998,0.488266117701,-129.800578059,64.2969410138
725.5,0.105952380952,1764,-1.4320603282,97.1377589772,7.71865131523,2269283.48668,7.16092603642,36.2651404602,0,1.1,53.5177009345,-106.821098222,-21.4316927018,0.511600369922,-0.987315179891,0.484983232243,-129.702173219,63.7115487315
726,0.105952380952,1764,1.99918566906,97.0001183319,7.73013815671,2272660.61807,7.11416033338,36.2651404602,0,1.1,53.5878994952,-105.11535303,30.0202221467,0.513038940071,-0.987710701797,0.484177208835,-130.140618068,63.7951184467
726.5,0.105952380952,1764,4.98560342301,95.3049183319,7.75728420913,2280641.55748,7.15597377797,36.2651404602,0,1.1,54.0452567041,-80.1915966923,75.3646849866,0.513394195615,-0.987357094863,0.484897893606,-131.009337847,64.3395913144
727,0.105952380952,1764,6.86270089377,92.4293489751,7.78495066188,2288775.49459,7.11984775333,36.2651404602,0,1.1,54.361556558,-36.9970212718,104.51338756,0.51307651464,-0.987662635466,0.484275250766,-131.986328154,64.7161387595
727.5,0.105952380952,1764,7.21281503816,89.0132380098,7.81685277656,2298154.71631,7.14715248913,36.2651404602,0,1.1,54.861271122,15.1474615957,110.721572044,0.513350940042,-0.987431738299,0.484745873834,-133.039174391,65.3110370501
728,0.105952380952,1764,5.95804380724,85.8166862428,7.8615654846,2311300.25247,7.47180506039,36.2651404602,0,1.1,56.1302746076,64.7717108957,92.2504773457,0.513143471465,-0.984669207212,0.49033310348,-134.189032988,66.8217554852
728.5,0.105952380952,1764,3.37757971978,83.5509415232,7.88612735205,2318521.4415,7.71705447992,36.2651404602,0,1.1,56.9665410852,100.262856098,52.510888314,0.510701440204,-0.982561366475,0.49454338648,-134.739785037,67.8173108157
729,0.105952380952,1764,0.0455882095916,82.7201427407,7.88806243896,2319090.35705,7.89276460674,36.2651404602,0,1.1,57.3414988119,113.059435615,0.708005262128,0.508886492547,-0.981040122259,0.497554297056,-134.597205288,68.2636890618
729.5,0.105952380952,1764,-3.29654689231,83.509146544,7.86075989573,2311063.40934,7.86782986267,36.2651404602,0,1.1,56.8963703876,100.131319874,-50.8542664832,0.507601633744,-0.981256561688,0.497127307784,-133.696559031,67.733774271
730,0.105952380952,1764,-5.9051847579,85.7423958645,7.82309006628,2299988.47949,7.80195362262,36.2651404602,0,1.1,56.2244404668,65.0899034307,-90.2779810889,0.507783187926,-0.981827488725,0.495998772563,-132.495290412,66.9338576986
730.5,0.105952380952,1764,-7.19989115481,88.922982192,7.77775179056,2286659.02642,7.5740238126,36.2651404602,0,1.1,55.1365665116,16.307643548,-109.017007575,0.50826407956,-0.983792860022,0.492089025045,-131.226159581,65.6387696566
731,0.105952380952,1764,-6.89258780144,92.343210063,7.75151083454,2278944.18535,7.5223609071,36.2651404602,0,1.1,54.6664035511,-35.2565459348,-103.707662521,0.509941895481,-0.984236170702,0.491201751099,-130.400912943,65.0790518466
731.5,0.105952380952,1764,-5.05165114372,95.24206264,7.73167078996,2273111.21225,7.39669761965,36.2651404602,0,1.1,54.1477810033,-78.5558985612,-75.7024518902,0.510325227199,-0.985311125009,0.489041907134,-129.875935158,64.4616440516
732,0.105952380952,1764,-2.08669827337,96.9745315481,7.71889160261,2269354.13117,7.1887686258,36.2651404602,0,1.1,53.5739736607,-104.359865597,-31.2232513176,0.511262364963,-0.987079388219,0.485462955696,-129.679271255,63.7785400722
732.5,0.105952380952,1764,1.34255480764,97.1551342817,7.72609608276,2271472.24833,7.10866519336,36.2651404602,0,1.1,53.5213983362,-107.335818832,20.1399741687,0.512827887439,-0.987757133861,0.484082476967,-130.010664594,63.7159504003
733,0.105952380952,1764,4.47308310992,95.7436858803,7.75155969957,2278958.55167,7.15029571375,36.2651404602,0,1.1,53.9546304223,-86.7003316361,67.5207170355,0.513436002267,-0.98740514384,0.484800043233,-130.82241784,64.2317028837
733.5,0.105952380952,1764,6.60832931669,93.0542402725,7.78004147548,2287332.19379,7.13611518332,36.2651404602,0,1.1,54.3244533654,-46.4484972007,100.498630881,0.513119609337,-0.987525100127,0.48455564863,-131.801563234,64.6719682922
734,0.105952380952,1764,7.27319107309,89.6852117945,7.80615552588,2295009.72461,7.07149617978,36.2651404602,0,1.1,54.564011775,4.82211415679,111.415094407,0.513227296558,-0.988070960786,0.483441595698,-132.761187648,64.957156875
734.5,0.105952380952,1764,6.31973350156,86.3862251773,7.85457456817,2309244.92304,7.41865297651,36.2651404602,0,1.1,55.9260859823,55.8796490823,97.7217750651,0.513719129393,-0.985123655108,0.489419435808,-134.012304531,66.5786737885
735,0.105952380952,1764,3.96010541009,83.8913205076,7.88245384061,2317441.42914,7.66598552298,36.2651404602,0,1.1,56.8126715438,94.9250891294,61.5375809913,0.511098146573,-0.983001773242,0.493667412134,-134.674622692,67.6341327903
735.5,0.105952380952,1764,0.7193351815,82.7556258451,7.88920729775,2319426.94554,7.85789057745,36.2651404602,0,1.1,57.2892974445,112.575748327,11.1782874026,0.509262337717,-0.981342785214,0.496957078538,-134.677815452,68.2015445768
736,0.105952380952,1764,-2.68149051872,83.2318386102,7.86680401281,2312840.37977,7.87000747636,36.2651404602,0,1.1,56.9881738091,104.567826029,-41.4289225556,0.507855629052,-0.981237666896,0.497164601581,-133.899657538,67.8430640584
736.5,0.105952380952,1764,-5.48567192753,85.2139992161,7.83087980249,2302278.66193,7.81985487766,36.2651404602,0,1.1,56.3713050729,73.3021976082,-84.0183330094,0.507767322129,-0.981672473013,0.496305506446,-132.738321887,67.1086965153
737,0.105952380952,1764,-7.06926545163,88.2610675762,7.78742710955,2289503.57021,7.63845755849,36.2651404602,0,1.1,55.3980648777,26.3806943886,-107.245186117,0.50813322405,-0.983238844071,0.493195068417,-131.478763394,65.9500772353
737.5,0.105952380952,1764,-7.07991406068,91.6950566048,7.75540650788,2280089.51332,7.52574742239,36.2651404602,0,1.1,54.727845375,-25.5291496588,-106.630176902,0.509465384682,-0.984207136089,0.491259924349,-130.528166288,65.152196875
738,0.105952380952,1764,-5.51524838893,94.7518875416,7.73546722672,2274227.36466,7.43518669498,36.2651404602,0,1.1,54.2743158477,-71.2564560205,-82.7033575235,0.510300065109,-0.984982383392,0.489703690417,-129.960136212,64.6122807711
738.5,0.105952380952,1764,-2.72341393027,96.7514010816,7.71939821,2269503.07374,7.21355319737,36.2651404602,0,1.1,53.6281277751,-101.01292274,-40.7470979137,0.510974616188,-0.98686929801,0.485889893541,-129.668689481,63.8430092561
739,0.105952380952,1764,0.674392976661,97.2486960285,7.72228555441,2270351.953,7.10069147686,36.2651404602,0,1.1,53.4534337228,-108.639533662,10.1074370068,0.512640299236,-0.987824492895,0.483945008484,-129.891310295,63.6350401462
739.5,0.105952380952,1764,3.92214426457,96.1331219104,7.74379825641,2276676.68738,7.10989021883,36.2651404602,0,1.1,53.7692834007,-92.4254943855,59.1062965973,0.513496689296,-0.987746783599,0.484103595823,-130.605744194,64.0110516676
740,0.105952380952,1764,6.29719994934,93.6528992319,7.77493058186,2285829.59107,7.1489213437,36.2651404602,0,1.1,54.2778144063,-55.4737765532,95.6307417007,0.51342668121,-0.987416772591,0.484776357928,-131.614013859,64.6164457218
740.5,0.105952380952,1764,7.27109893584,90.3598892402,7.79899254849,2292903.80925,7.05074136422,36.2651404602,0,1.1,54.4235949159,-5.50386086828,111.198425601,0.513130042484,-0.988246017776,0.483083645294,-132.541132647,64.7899939474
741,0.105952380952,1764,6.62714410483,86.9868021947,7.84663637099,2306911.09307,7.35934939733,36.2651404602,0,1.1,55.6967905255,46.5227070531,102.320758115,0.513877488946,-0.985629697351,0.488399528767,-133.810264216,66.3057030066
741.5,0.105952380952,1764,4.50861844431,84.2841658768,7.8770840214,2315862.70229,7.60039234244,36.2651404602,0,1.1,56.605922018,88.7504794496,70.0058888983,0.511542191072,-0.983566287784,0.492541731769,-134.568429615,67.3880024024
742,0.105952380952,1764,1.38690390874,82.8533296181,7.89100273289,2319954.80347,7.84360367318,36.2651404602,0,1.1,57.287152516,111.122037839,21.5646700337,0.509746679285,-0.981466672701,0.496712361813,-134.756132549,68.1989910905
742.5,0.105952380952,1764,-2.04340328979,83.0126612365,7.87294365657,2314645.43503,7.87839484597,36.2651404602,0,1.1,57.0936514163,108.114658386,-31.6174520944,0.507959828669,-0.981164877841,0.497308236903,-134.098794653,67.9686326384
743,0.105952380952,1764,-5.01904361579,84.7267086954,7.83801339006,2304375.93668,7.82747423056,36.2651404602,0,1.1,56.4889095528,80.9072938783,-77.006410865,0.507706231169,-0.98160646424,0.496436047607,-132.971327857,67.2487018486
743.5,0.105952380952,1764,-6.87792305793,87.6140883484,7.79677669516,2292252.34838,7.69362978167,36.2651404602,0,1.1,55.6377451669,36.2651983075,-104.542531353,0.508077567988,-0.982763472536,0.494141636627,-131.730940299,66.235410913
744,0.105952380952,1764,-7.20643217036,91.0323446004,7.75923481367,2281215.03522,7.52136389008,36.2651404602,0,1.1,54.773492427,-15.5640305196,-108.646986864,0.509058752631,-0.984244718067,0.491184624105,-130.662052626,65.2065386036
744.5,0.105952380952,1764,-5.93147612569,94.2208993083,7.73927984624,2275348.2748,7.46655517017,36.2651404602,0,1.1,54.3876475692,-63.3392277822,-89.0083107823,0.510332636045,-0.984714131256,0.49024287828,-130.052847515,64.7471994871
745,0.105952380952,1764,-3.33673865895,96.4702840063,7.7201405463,2269721.32061,7.23465474859,36.2651404602,0,1.1,53.678561592,-96.807969017,-49.9240670735,0.51074056972,-0.986690281945,0.486253316199,-129.670103713,63.9030495143
745.5,0.105952380952,1764,0.000438901784261,97.2799999868,7.72700138132,2271738.40611,7.21237293841,36.2651404602,0,1.1,53.7315729998,-109.137474939,0.00657975722354,0.51248079731,-0.986879306843,0.485869564517,-129.92556564,63.966158333
746,0.105952380952,1764,3.3375188048,96.4698816239,7.73949203098,2275410.65711,7.11681819479,36.2651404602,0,1.1,53.7227496396,-97.3862477769,50.2371530389,0.512649226262,-0.987688240513,0.484223026665,-130.452795964,63.9556543328
746.5,0.105952380952,1764,5.93198502769,94.2201840755,7.76962799877,2284270.63164,7.15787029351,36.2651404602,0,1.1,54.2210469401,-63.9963990166,89.9547683227,0.513373979533,-0.987341043988,0.484930575295,-131.424470644,64.5488654049
747,0.105952380952,1764,7.20655659542,91.0314756599,7.79480086625,2291671.45468,7.07473992287,36.2651404602,0,1.1,54.4116871515,-15.754391701,110.070377645,0.513062123829,-0.988043589642,0.483497533569,-132.371578616,64.7758180375
747.5,0.105952380952,1764,6.87763532088,87.6132590436,7.83782726433,2304321.21571,7.29466224256,36.2651404602,0,1.1,55.4451522289,36.7882866276,106.009166527,0.513694396703,-0.986180474008,0.487286438026,-133.584592238,66.0061336059
748,0.105952380952,1764,5.01840773948,84.7261035505,7.87328156128,2314744.77902,7.56573713004,36.2651404602,0,1.1,56.4829703044,81.8341815797,77.869805394,0.512028268747,-0.983864020516,0.491946734041,-134.479237595,67.2416313147
748.5,0.105952380952,1764,2.04256075971,83.0124148991,7.89070267552,2319866.5866,7.81061671378,36.2651404602,0,1.1,57.2176213845,108.671829265,31.7661697047,0.510003305528,-0.981752482754,0.496147218683,-134.785123429,68.1162159339
749,0.105952380952,1764,-1.38776562568,82.8534968993,7.87807976755,2316155.45166,7.87854757628,36.2651404602,0,1.1,57.1684693054,110.72157159,-21.500808005,0.50820073707,-0.981163552189,0.49731085234,-134.273635688,68.0577015541
749.5,0.105952380952,1764,-4.50930761203,84.2847095559,7.84438440004,2306249.01361,7.82453982307,36.2651404602,0,1.1,56.5750492851,87.8337042216,-69.2999235848,0.507705118998,-0.98163188796,0.496385773909,-133.191032728,67.3512491489
750,0.105952380952,1764,-6.62750738025,86.9876013005,7.805701901,2294876.35889,7.738827081,36.2651404602,0,1.1,55.8526695689,45.8743005061,-100.926967343,0.508098999714,-0.982373367282,0.494916727597,-131.980295676,66.4912732964
750.5,0.105952380952,1764,-7.27105548847,90.3607659679,7.7629534295,2282308.30827,7.50884428087,36.2651404602,0,1.1,54.8019984991,-5.44485680504,-109.7383331,0.50872658705,-0.984352022537,0.49096954664,-130.801581014,65.2404744037
751,0.105952380952,1764,-6.29675944642,93.6536585054,7.74309773443,2276470.73392,7.49067372217,36.2651404602,0,1.1,54.4873478652,-54.8697577318,-94.5632069367,0.510425705305,-0.984507677189,0.490657348418,-130.153899069,64.8658903157
751.5,0.105952380952,1764,-3.92140472008,96.1335947878,7.72112132062,2270009.66826,7.25195935813,36.2651404602,0,1.1,53.7251042768,-91.7800986898,-58.677973466,0.510560901405,-0.986543377546,0.486551296597,-129.683741671,63.9584574723
752,0.105952380952,1764,-0.673518942743,97.2487772923,7.7188300222,2269336.02653,7.12731083041,36.2651404602,0,1.1,53.4562465159,-108.518827948,-10.0830089434,0.512350139806,-0.987599547685,0.484403894918,-129.745537896,63.6383887094
752.5,0.105952380952,1764,2.72422797695,96.7510726503,7.7352968312,2274177.26837,7.12071798762,36.2651404602,0,1.1,53.6719747724,-101.505281402,40.959939513,0.513294201226,-0.98765527996,0.484290251778,-130.307061468,63.8952080624
753,0.105952380952,1764,5.51582131914,94.7512224927,7.76391044461,2282589.67072,7.15854035806,36.2651404602,0,1.1,54.1425645378,-71.9428436236,83.5203721205,0.51334432274,-0.987335372739,0.484942122051,-131.230361385,64.4554339736
753.5,0.105952380952,1764,7.08011839475,91.6942029147,7.79029612278,2290347.0601,7.09585190931,36.2651404602,0,1.1,54.3897348471,-25.8420889767,107.994767293,0.513057039736,-0.987865366458,0.483861568791,-132.194773828,64.7496843417
754,0.105952380952,1764,7.06905572427,88.2602151951,7.82828273788,2301515.12494,7.22563334537,36.2651404602,0,1.1,55.1752967434,26.7669928498,108.759062326,0.513533536278,-0.98676683185,0.486097952641,-133.338677318,65.6848770754
754.5,0.105952380952,1764,5.48509480406,85.2133378028,7.86835513997,2313296.41115,7.52420892438,36.2651404602,0,1.1,56.3305199776,74.2077933884,85.0356188013,0.512548964428,-0.984220326975,0.491233496383,-134.359639946,67.0601428305
755,0.105952380952,1764,2.68067441183,83.2315153322,7.88927111178,2319445.70686,7.7710526903,36.2651404602,0,1.1,57.1186960784,105.262854946,41.6896034521,0.510311495674,-0.982094849472,0.495469178296,-134.783207908,67.9984477124
755.5,0.105952380952,1764,-0.720208684166,82.7557126333,7.88215453908,2317353.43449,7.87040986703,36.2651404602,0,1.1,57.2115863074,112.360775214,-11.1706234129,0.508490273576,-0.981234175264,0.497171492842,-134.422246923,68.1090313184
756,0.105952380952,1764,-3.96084195007,83.8917980513,7.85348139185,2308923.5292,7.8625556822,36.2651404602,0,1.1,56.7807361986,94.0583056209,-60.9917756129,0.50776439058,-0.981302319001,0.497036979231,-133.45530958,67.5961145222
756.5,0.105952380952,1764,-6.32016919524,86.3869872207,7.81415982689,2297362.98911,7.77407783045,36.2651404602,0,1.1,56.0421193961,55.1229488162,-96.4254444525,0.507821622994,-0.982068687996,0.495521030893,-132.225445149,66.7168088049
757,0.105952380952,1764,-7.27322897656,89.6860887793,7.76651829416,2283356.37848,7.49056305126,36.2651404602,0,1.1,54.8172498345,4.74280866482,-109.889456438,0.508468112116,-0.984508624927,0.49065544677,-130.942569277,65.2586307553
757.5,0.105952380952,1764,-6.60796099626,93.0550370655,7.74691805441,2277593.908,7.50747539983,36.2651404602,0,1.1,54.5732170097,-45.9183761716,-99.3201824539,0.51056172527,-0.984363752245,0.490946028872,-130.263316489,64.9681154878
758,0.105952380952,1764,-4.47239051862,95.7442251914,7.72721257223,2271800.49624,7.3414982116,36.2651404602,0,1.1,53.9803458418,-86.0229793536,-66.9765450392,0.510435885434,-0.985781816228,0.48809242034,-129.788172103,64.2623164784
758.5,0.105952380952,1764,-1.3416920503,97.1552961114,7.7187973656,2269326.42549,7.15799297587,36.2651404602,0,1.1,53.5141486573,-107.09029772,-20.0805387894,0.511676149997,-0.987340005647,0.4849326894,-129.710343097,63.7073198301
759,0.105952380952,1764,2.08753922917,96.9742798888,7.73093427283,2272894.67621,7.11656355387,36.2651404602,0,1.1,53.603524098,-104.746775868,31.3527715034,0.513061192965,-0.987690392546,0.484218637055,-130.164748954,63.8137191643
759.5,0.105952380952,1764,5.05228318135,95.2414534869,7.75813904619,2280892.87958,7.15571678958,36.2651404602,0,1.1,54.0566750106,-79.2498707639,76.3896484411,0.513375916235,-0.987359269762,0.484893465015,-131.038502011,64.3531845364
760,0.105952380952,1764,6.89287028954,92.3423789556,7.78552714445,2288944.98047,7.11406769319,36.2651404602,0,1.1,54.3584214312,-35.6795861377,104.993582975,0.513078464796,-0.987711484651,0.484175611828,-132.012405218,64.7124064657
760.5,0.105952380952,1764,7.19976123845,88.9221140555,7.81808382285,2298516.64392,7.15250099633,36.2651404602,0,1.1,54.8889873426,16.5507291687,110.550934401,0.513394900306,-0.987386483425,0.484838047547,-133.07498213,65.3440325507
761,0.105952380952,1764,5.90467134408,85.7416838635,7.86233698931,2311527.07486,7.47594243254,36.2651404602,0,1.1,56.1494329409,65.9435689587,91.4387493733,0.513102870273,-0.984633797316,0.49040420592,-134.210545356,66.8445630249
761.5,0.105952380952,1764,3.29576421803,83.5087491021,7.88668902498,2318686.57334,7.72499479568,36.2651404602,0,1.1,56.9903429146,100.926152039,51.2426350155,0.510670610993,-0.982492820916,0.494679549657,-134.749577768,67.8456463269
762,0.105952380952,1764,-0.0464659956158,82.7201482906,7.88760003403,2318954.41,7.89239685959,36.2651404602,0,1.1,57.3340506033,113.046462529,-0.721555416505,0.508828153218,-0.98104331574,0.497548000339,-134.581863435,68.2548221468
762.5,0.105952380952,1764,-3.37835730601,83.55134883,7.86008155237,2310863.9764,7.86931055923,36.2651404602,0,1.1,56.8894528646,99.461814401,-52.1066403641,0.507604309513,-0.981243714084,0.497152666261,-133.671735181,67.7255391245
763,0.105952380952,1764,-5.95854817708,85.8174046787,7.82206638949,2299687.51851,7.79936263134,36.2651404602,0,1.1,56.2046954321,63.9279018952,-91.0720387808,0.50777239956,-0.981849917445,0.495954372512,-132.463643712,66.9103517049
763.5,0.105952380952,1764,-7.21293396694,89.0141077196,7.77634431076,2286245.22736,7.56288490254,36.2651404602,0,1.1,55.0951898704,14.9239167542,-109.1855857,0.508283030326,-0.98388850878,0.491897755932,-131.191423684,65.5895117505
764,0.105952380952,1764,-6.86240791927,92.4301764441,7.7507215397,2278712.13267,7.51693166898,36.2651404602,0,1.1,54.6448937181,-36.5593472504,-103.237423234,0.510024449216,-0.984282711618,0.491108484563,-130.380523166,65.0534449025
764.5,0.105952380952,1764,-4.98496373344,95.3055194445,7.73079220977,2272852.90967,7.38451765259,36.2651404602,0,1.1,54.1122880592,-79.4971590227,-74.6939972198,0.510365577037,-0.985415063532,0.488832438127,-129.860117449,64.4193905467
765,0.105952380952,1764,-1.99834159837,97.0003593376,7.71881390461,2269331.28795,7.18305909863,36.2651404602,0,1.1,53.5620401341,-104.74935085,-29.9020343257,0.511353555862,-0.987127759725,0.485364590777,-129.68301534,63.764333493
765.5,0.105952380952,1764,1.4329209703,97.1375862512,7.72679806144,2271678.63006,7.11013053937,36.2651404602,0,1.1,53.5339180084,-107.090692177,21.4992146007,0.512871139307,-0.987744753074,0.484107738809,-130.032660839,63.7308547719
766,0.105952380952,1764,4.54535186271,95.6866665494,7.75234501756,2279189.43516,7.14936746124,36.2651404602,0,1.1,53.9637826514,-85.857707667,68.6260550151,0.51342485272,-0.987412997986,0.484784046157,-130.84996749,64.2425983945
766.5,0.105952380952,1764,6.64642052116,92.9704367113,7.78052710661,2287474.96934,7.12918657752,36.2651404602,0,1.1,54.3178451594,-45.182343477,101.09653363,0.513126655817,-0.987583688759,0.484436226656,-131.825838485,64.6641013802
767,0.105952380952,1764,7.26862925654,89.5932706907,7.80733274035,2295355.82566,7.07584642251,36.2651404602,0,1.1,54.5889397931,6.23217081345,111.374661409,0.513279944497,-0.988034252123,0.483516614638,-132.796299203,64.986833087
767.5,0.105952380952,1764,6.27353368969,86.3066038604,7.8553191308,2309463.82445,7.42183372353,36.2651404602,0,1.1,55.9429397294,57.1200826503,97.0231053793,0.513685960991,-0.985096483711,0.489474123709,-134.034015737,66.5987377731
768,0.105952380952,1764,3.882547279,83.8417350961,7.88301297041,2317605.8133,7.67325160154,36.2651404602,0,1.1,56.8350796338,95.7030958866,60.3370917501,0.511074372796,-0.98293915992,0.493792069494,-134.685149789,67.6608090878
768.5,0.105952380952,1764,0.627675781282,82.7471093271,7.88890159866,2319337.07001,7.85975799947,36.2651404602,0,1.1,57.2885445928,112.697498209,9.75300654964,0.509208795954,-0.981326587538,0.496989062848,-134.665155617,68.2006483248
769,0.105952380952,1764,-2.76685653908,83.2662859511,7.8659879179,2312600.44786,7.86952532293,36.2651404602,0,1.1,56.9754043151,104.014475461,-42.7391376436,0.507842015491,-0.981241850583,0.497156344286,-133.872448515,67.8278622798
769.5,0.105952380952,1764,-5.54575022576,85.28374572,7.82979212573,2301958.88496,7.81683562019,36.2651404602,0,1.1,56.3497726205,72.2158221183,-84.9171584143,0.507770834865,-0.981698624957,0.49625377556,-132.704986034,67.0830626435
770,0.105952380952,1764,-7.09068832293,88.350594317,7.78591464495,2289058.90562,7.62654260995,36.2651404602,0,1.1,55.3535889926,25.0154074607,-107.539618302,0.508155285064,-0.983341385231,0.492990588239,-131.441403548,65.897129753
770.5,0.105952380952,1764,-7.05791481511,91.7844434602,7.75449539399,2279821.64583,7.51918890142,36.2651404602,0,1.1,54.702439076,-26.8706206038,-106.279944129,0.509553368319,-0.984263363077,0.491147261119,-130.504954119,65.1219512809
771,0.105952380952,1764,-5.45472196242,94.8212455147,7.73445532217,2273929.86472,7.42166215472,36.2651404602,0,1.1,54.2343538549,-72.286073278,-81.7839353518,0.510348799875,-0.985097949408,0.489471173894,-129.941381296,64.5647069701
771.5,0.105952380952,1764,-2.63782773828,96.785297696,7.71908396817,2269410.68664,7.20501177004,36.2651404602,0,1.1,53.6075247801,-101.519260613,-39.4662597888,0.511075655038,-0.98694172158,0.485742769585,-129.667647817,63.8184818811
772,0.105952380952,1764,0.765995602629,97.2395891276,7.72288958499,2270529.53799,7.10130460412,36.2651404602,0,1.1,53.4629639753,-108.519450125,11.4820634334,0.512704916982,-0.9878193141,0.483955579254,-129.910949986,63.6463856849
772.5,0.105952380952,1764,3.99938130806,96.0830378227,7.7443856749,2276849.38842,7.10651887022,36.2651404602,0,1.1,53.77098476,-91.6872846045,60.2811330326,0.513492021866,-0.987775267094,0.484045474845,-130.629326398,64.0130770952
773,0.105952380952,1764,6.34288580379,93.5729819031,7.77534482652,2285951.379,7.14115992629,36.2651404602,0,1.1,54.2686201217,-54.2695239907,96.3412081649,0.513452334941,-0.987482432446,0.484642595745,-131.636791716,64.6055001449
773.5,0.105952380952,1764,7.27506828309,90.2679206531,7.79915020137,2292950.1592,7.04026104025,36.2651404602,0,1.1,54.4054286094,-4.0978981378,111.27357455,0.513188976611,-0.988334365048,0.482902871047,-132.55834061,64.7683673921
774,0.105952380952,1764,6.58851374639,86.9032457938,7.84738764239,2307131.96686,7.36218096085,36.2651404602,0,1.1,55.7130121928,47.8207731901,101.741307364,0.513957526026,-0.985605559391,0.488448238095,-133.83261098,66.3250145152
774.5,0.105952380952,1764,4.43598381718,84.2276133555,7.87731884422,2315931.7402,7.60266327554,36.2651404602,0,1.1,56.6137775057,89.632142353,68.8808213074,0.511520955027,-0.983546764992,0.492580715287,-134.573781736,67.3973541735
775,0.105952380952,1764,1.29642656015,82.8363641791,7.89085727682,2319912.03939,7.84710310481,36.2651404602,0,1.1,57.2919537833,111.378280388,20.1564909955,0.509729880419,-0.981436333366,0.496772305538,-134.746999173,68.2047068849
775.5,0.105952380952,1764,-2.13159172293,83.0390577702,7.87211024706,2314400.41263,7.87768174717,36.2651404602,0,1.1,57.0801628292,107.68410395,-32.9752118454,0.507934298236,-0.981171067225,0.497296025363,-134.071251193,67.9525747966
776,0.105952380952,1764,-5.08532079102,84.7905938484,7.836877013,2304041.84182,7.82433851911,36.2651404602,0,1.1,56.4664196398,79.9061508984,-78.0028277061,0.507711424028,-0.981633631964,0.496382325024,-132.936452697,67.2219281426
776.5,0.105952380952,1764,-6.9075419911,87.7012473728,7.79519306219,2291786.76028,7.68157317604,36.2651404602,0,1.1,55.5918694624,34.9299074714,-104.96118623,0.508100470088,-0.982867431749,0.493934825262,-131.691362162,66.180796979
777,0.105952380952,1764,-7.19280250909,91.123384202,7.75822654413,2280918.60397,7.51413955765,36.2651404602,0,1.1,54.7454225171,-16.9332430852,-108.420140799,0.509147503697,-0.98430664292,0.491060518372,-130.636315826,65.1731220441
777.5,0.105952380952,1764,-5.8776305339,94.2955627462,7.73818778147,2275027.20775,7.45255105586,36.2651404602,0,1.1,54.3456043475,-64.4492841156,-88.1861359231,0.510386332743,-0.984833925978,0.490002181875,-130.031964455,64.6971480327
778,0.105952380952,1764,-3.25465803488,96.5119583134,7.71962675635,2269570.26637,7.22392538132,36.2651404602,0,1.1,53.6510215809,-97.4275178287,-48.6939931824,0.510845005374,-0.986781321795,0.486068537304,-129.664807503,63.8702637868
778.5,0.105952380952,1764,0.0924912320531,97.2794124332,7.7199487773,2269664.94053,7.10078773311,36.2651404602,0,1.1,53.4212716028,-109.033787127,1.38536858564,0.512561874046,-0.987823679872,0.483946668017,-129.812604672,63.5967519081
779,0.105952380952,1764,3.41906076349,96.427162943,7.74000093089,2275560.27368,7.11310808338,36.2651404602,0,1.1,53.7227180321,-96.7590299754,51.4729447249,0.513495956534,-0.987719593655,0.484159069222,-130.47409366,63.9556167049
779.5,0.105952380952,1764,5.98487314427,94.1448393753,7.77002488596,2284387.31647,7.15033620599,36.2651404602,0,1.1,54.212068001,-62.8643254383,90.7719163475,0.513402200038,-0.98740480122,0.484800741055,-131.446385364,64.5381761916
780,0.105952380952,1764,7.21902301444,90.9402694917,7.7949375272,2291711.633,7.06401063068,36.2651404602,0,1.1,54.3927714089,-14.3631605767,110.274753865,0.513119301964,-0.988134112779,0.483312502593,-132.388348339,64.7532992963
780.5,0.105952380952,1764,6.84690620529,87.5264852101,7.8386232248,2304555.22809,7.29760794029,36.2651404602,0,1.1,55.4621842303,38.1325596254,105.554274504,0.513776222396,-0.986155420274,0.487337139015,-133.608331257,66.026409798
781,0.105952380952,1764,4.95132046247,84.663069639,7.87355045729,2314823.83444,7.56770856479,36.2651404602,0,1.1,56.4907155444,82.816500165,76.8327491953,0.512006094744,-0.983847093017,0.49198058657,-134.486109596,67.2508518385
781.5,0.105952380952,1764,1.95404255694,82.9871462524,7.89058189348,2319831.07668,7.81385633901,36.2651404602,0,1.1,57.2222711354,109.058355109,30.387724419,0.509988693204,-0.981724427965,0.496202728263,-134.777145647,68.1217513517
782,0.105952380952,1764,-1.47801903649,82.8716159105,7.87725450593,2315912.82474,7.87770874874,36.2651404602,0,1.1,57.1548417252,110.418534009,-22.8944867723,0.508177057682,-0.981170832866,0.497296487755,-134.24650188,68.0414782443
782.5,0.105952380952,1764,-4.58121442115,84.3421846595,7.84324159142,2305913.02788,7.82176100068,36.2651404602,0,1.1,56.5531415777,86.9272144091,-70.3862152216,0.507711227396,-0.981655961317,0.496338164572,-133.155493102,67.3251685449
783,0.105952380952,1764,-6.66506798342,87.0716440147,7.80409515206,2294403.97471,7.72738990027,36.2651404602,0,1.1,55.807556004,44.5805813349,-101.467378568,0.508119298396,-0.982472141235,0.494720619843,-131.939231494,66.4375666715
783.5,0.105952380952,1764,-7.26591247427,90.4526763924,7.76187442785,2281991.08179,7.50165177469,36.2651404602,0,1.1,54.7729759756,-6.83054249405,-109.637093401,0.508810560998,-0.984413647618,0.490845974194,-130.773408869,65.2059237805
784,0.105952380952,1764,-6.25005715978,93.7329861371,7.74197330228,2276140.15087,7.4772445621,36.2651404602,0,1.1,54.4459050133,-56.051345108,-93.8455429364,0.51047920361,-0.984622651916,0.490426583022,-130.131296081,64.8165535873
784.5,0.105952380952,1764,-3.84353464011,96.1826888544,7.72045657684,2269814.23359,7.24010817918,36.2651404602,0,1.1,53.6933243582,-92.5082229138,-57.5087259989,0.510660909814,-0.98664399573,0.486347227493,-129.674636845,63.9206242359
785,0.105952380952,1764,-0.581807529616,97.2567141323,7.71874553371,2269311.18691,7.11957212002,36.2651404602,0,1.1,53.4403557837,-108.64246516,-8.71041674146,0.512439607471,-0.987664965162,0.484270499403,-129.751291593,63.6194711711
785.5,0.105952380952,1764,2.80937450112,96.7160862794,7.73576178279,2274313.96414,7.11734071811,36.2651404602,0,1.1,53.6719743648,-100.994304691,42.2464531505,0.51335303604,-0.987683824478,0.484232034117,-130.326493373,63.8952075771
786,0.105952380952,1764,5.57545745102,94.6810975435,7.76430967709,2282707.04506,7.15165445724,36.2651404602,0,1.1,54.1348830755,-70.8924878601,84.4370462242,0.513370005509,-0.987393646748,0.484823458963,-131.251604083,64.4462893756
786.5,0.105952380952,1764,7.10097481364,91.6045425192,7.79043350626,2290387.45084,7.08533201606,36.2651404602,0,1.1,54.3712632175,-24.4775410901,108.326454859,0.513109295626,-0.987954190068,0.483680181863,-132.211323105,64.7276943066
787,0.105952380952,1764,7.04649177856,88.1709692144,7.82914810547,2301769.54301,7.22916623427,36.2651404602,0,1.1,55.1944036637,28.1454297301,108.432586678,0.513613666967,-0.98673685691,0.486158796296,-133.364107143,65.7076234091
787.5,0.105952380952,1764,5.42413107813,85.1443638885,7.86869630868,2313396.71475,7.52645222605,36.2651404602,0,1.1,56.3398242505,75.28215531,84.0961449475,0.512522265165,-0.984201092956,0.491272031186,-134.368665822,67.0712193459
788,0.105952380952,1764,2.59487562232,83.1981605058,7.88919969017,2319424.70891,7.77431109056,36.2651404602,0,1.1,57.1241003629,105.776635793,40.3533799741,0.51029482897,-0.982066670644,0.495525029045,-134.776900326,68.0048813844
788.5,0.105952380952,1764,-0.8117519018,82.765398501,7.88135385498,2317118.03336,7.86953088871,36.2651404602,0,1.1,57.19823169,112.188620959,-12.5880224966,0.508466403466,-0.981241802289,0.497156439605,-134.395983217,68.0931329642
789,0.105952380952,1764,-4.03776079801,83.9423694617,7.85211375947,2308521.44529,7.85653429222,36.2651404602,0,1.1,56.7491845301,93.2520500129,-62.1578799662,0.507770794315,-0.981354548729,0.496933848403,-133.415933564,67.5585530121
789.5,0.105952380952,1764,-6.36534886693,86.4671917966,7.81256712879,2296894.73587,7.76360667547,36.2651404602,0,1.1,55.998985214,53.8822828786,-97.0841066139,0.507865517314,-0.982159231102,0.495341543545,-132.183735447,66.665458588
790,0.105952380952,1764,-7.2766167819,89.7780806241,7.76512098796,2282945.57046,7.47882567329,36.2651404602,0,1.1,54.7750013135,3.35206190044,-109.912303856,0.508544837523,-0.984609117927,0.490453754084,-130.908817742,65.2083348971
790.5,0.105952380952,1764,-6.56880313257,93.1383475597,7.74579860398,2277264.78957,7.49520687832,36.2651404602,0,1.1,54.534021786,-47.1619682249,-98.7136315272,0.510649131123,-0.984468854034,0.490735239653,-130.239576775,64.9214545072
791,0.105952380952,1764,-4.39939979531,95.8003173569,7.72615350897,2271489.13164,7.32477607241,36.2651404602,0,1.1,53.9337377991,-86.8517274563,-65.8749251948,0.51052715981,-0.985924227132,0.487804692837,-129.771342664,64.2068307132
791.5,0.105952380952,1764,-1.25110924768,97.1716891769,7.71859467523,2269266.83452,7.14963555902,36.2651404602,0,1.1,53.495445563,-107.337696898,-18.7251820179,0.511801760669,-0.987410729579,0.484788666444,-129.71282174,63.6850542416
792,0.105952380952,1764,2.17555901016,96.9473263198,7.7313077213,2273004.47006,7.11299063649,36.2651404602,0,1.1,53.6018839239,-104.35523086,32.6788972196,0.513124620615,-0.987720586099,0.484157044559,-130.181304168,63.8117665761
792.5,0.105952380952,1764,5.11815512418,95.1771505797,7.75852993241,2281007.80013,7.14949163243,36.2651404602,0,1.1,54.0501615049,-78.2896866913,77.3975481186,0.513403093481,-0.987411947362,0.484786186074,-131.058698708,64.345430363
793,0.105952380952,1764,6.92193757614,92.2550344104,7.7856911573,2288993.20025,7.10425764496,36.2651404602,0,1.1,54.3417237324,-34.3534663108,105.449632268,0.513125713196,-0.987794369579,0.484006491101,-132.029045761,64.6925282529
793.5,0.105952380952,1764,7.18555626043,88.8311624457,7.81904825896,2298800.18814,7.15708776835,36.2651404602,0,1.1,54.9114810885,17.9509959468,110.355704124,0.513469544159,-0.987347666904,0.484917090501,-133.102583536,65.3708108197
794,0.105952380952,1764,5.85035477606,85.6673623514,7.86280482615,2311664.61889,7.47907769543,36.2651404602,0,1.1,56.1622850047,67.1006554648,90.6059246149,0.513068061461,-0.9846069606,0.490458084997,-134.22285942,66.8598631008
794.5,0.105952380952,1764,3.21342175265,83.4675945748,7.88670707765,2318691.88083,7.72847851319,36.2651404602,0,1.1,56.9974859388,101.563379255,49.9610711408,0.51064725375,-0.982462741425,0.494739286606,-134.746069211,67.8541499271
795,0.105952380952,1764,-0.13851277132,82.7213178245,7.88436221497,2318002.4912,7.85330514694,36.2651404602,0,1.1,57.2099087749,112.974577545,-2.14989766653,0.508802565847,-0.981382553974,0.496878539239,-134.517895106,68.1070342558
795.5,0.105952380952,1764,-3.45962755018,83.5945821983,7.85879727699,2310486.39944,7.86439208819,36.2651404602,0,1.1,56.8612278717,98.7670106734,-53.3450091398,0.507889063085,-0.9812863878,0.497068431021,-133.63386834,67.6919379425
796,0.105952380952,1764,-6.01095887696,85.8930822531,7.82053758341,2299238.04952,7.79024729214,36.2651404602,0,1.1,56.1650314564,62.7517326793,-91.8445675911,0.507808239065,-0.98192880773,0.4957981611,-132.422508413,66.8631326862
796.5,0.105952380952,1764,-7.22482349453,89.1053908826,7.77443356743,2285683.46882,7.5447418838,36.2651404602,0,1.1,55.0332367744,13.5376084775,-109.329124742,0.508349722949,-0.984044221537,0.491586177653,-131.14771341,65.5157580648
797,0.105952380952,1764,-6.8311307986,92.5167542614,7.74963845425,2278393.70555,7.50639920543,36.2651404602,0,1.1,54.6094947634,-37.854706046,-102.747595308,0.510159024742,-0.984372973578,0.490927539348,-130.356039958,65.0113032898
797.5,0.105952380952,1764,-4.91747927142,95.3681279433,7.72979345431,2272559.27557,7.37002455087,36.2651404602,0,1.1,54.0707199523,-80.4245821144,-73.673023378,0.510443889463,-0.985538683316,0.48858315944,-129.842852547,64.3699047052
798,0.105952380952,1764,-1.90966540618,97.0250678314,7.71848505755,2269234.60692,7.17425226406,36.2651404602,0,1.1,53.54073317,-105.118060597,-28.5748591619,0.511462147966,-0.98720235261,0.485212855354,-129.681764461,63.7389680595
798.5,0.105952380952,1764,1.52305802153,97.1188969836,7.72709824047,2271766.8827,7.10688424899,36.2651404602,0,1.1,53.5318883521,-106.821547943,22.8540202003,0.51293788232,-0.987772180285,0.48405177394,-130.046375298,63.7284385144
799,0.105952380952,1764,4.61689385382,95.6287379707,7.7527439559,2279306.72303,7.14424288146,36.2651404602,0,1.1,53.9595047636,-84.9955763285,69.7164366147,0.51344955441,-0.987456353504,0.48469572922,-130.869180981,64.237505671
799.5,0.105952380952,1764,6.68344902161,92.8861582035,7.78074561978,2287539.21221,7.12070290753,36.2651404602,0,1.1,54.3044985629,-43.9060647263,101.67285528,0.513165563912,-0.987655407424,0.48428999183,-131.842816922,64.6482125749
800,0.105952380952,1764,7.26290525027,89.5013946194,7.80841696992,2295674.58916,7.08194697411,36.2651404602,0,1.1,54.6159828569,7.64167956744,111.312065235,0.513344437407,-0.987982764231,0.483621812559,-132.826263338,65.0190272106
800.5,0.105952380952,1764,6.22633079511,86.2275730849,7.85595281084,2309650.12639,7.42639646631,36.2651404602,0,1.1,55.9609330527,58.3494343151,96.3048159524,0.513639461376,-0.985057501372,0.489552570201,-134.050336501,66.6201583961
801,0.105952380952,1764,3.80436836285,83.7931343369,7.88315374266,2317647.20034,7.67723238892,36.2651404602,0,1.1,56.8449700925,96.4584585904,59.1221927635,0.511040277154,-0.982904849938,0.493860360798,-134.685258738,67.6725834434
801.5,0.105952380952,1764,0.535916021244,82.7397524823,7.88804933889,2319086.50563,7.85630923762,36.2651404602,0,1.1,57.2693596794,112.790875574,8.32567169684,0.50917947199,-0.98135650065,0.496929993693,-134.640164713,68.1778091421
802,0.105952380952,1764,-2.85178016349,83.3018099535,7.86470967704,2312224.64505,7.86425651059,36.2651404602,0,1.1,56.9465507211,103.436937076,-44.0386736235,0.507867158192,-0.981287563999,0.497066109026,-133.835177628,67.7935127632
802.5,0.105952380952,1764,-5.60494180744,85.3542463114,7.82829612851,2301519.06178,7.80900514217,36.2651404602,0,1.1,56.3130124241,71.1140403528,-85.796640241,0.507809227122,-0.981766437613,0.496119604508,-132.663443731,67.0393005048
803,0.105952380952,1764,-7.1109774557,88.4403847832,7.78410007157,2288525.42104,7.6107345568,36.2651404602,0,1.1,55.2973402269,23.6458622101,-107.811972649,0.508212518148,-0.983477365175,0.492719263058,-131.398311335,65.8301669368
803.5,0.105952380952,1764,-7.03478707121,91.8735449988,7.75348223037,2279523.77573,7.51092805794,36.2651404602,0,1.1,54.6723437838,-28.2069923263,-105.911619448,0.509670191986,-0.984334165927,0.491005345989,-130.480239499,65.0861235521
804,0.105952380952,1764,-5.39332337398,94.889832613,7.73355236045,2273664.39397,7.40992345478,36.2651404602,0,1.1,54.1993327651,-73.304758696,-80.8527202842,0.510410210145,-0.985198211079,0.489269337775,-129.924265097,64.5230151965
804.5,0.105952380952,1764,-2.5518197809,96.8181094011,7.71871567276,2269302.40779,7.19699864607,36.2651404602,0,1.1,53.5871771877,-102.00746382,-38.1784228824,0.511163415643,-0.987009645676,0.485604735709,-129.664197863,63.7942585567
805,0.105952380952,1764,0.857475752656,97.2293246803,7.72314052746,2270603.31507,7.09871040046,36.2651404602,0,1.1,53.4614971315,-108.375035175,12.8544461572,0.512765566843,-0.987841225335,0.483910852873,-129.922274401,63.6446394423
805.5,0.105952380952,1764,4.07597888576,96.0319811109,7.74466237063,2276930.73696,7.10068731319,36.2651404602,0,1.1,53.7636579052,-90.9287577481,61.4431129463,0.513511771361,-0.987824528063,0.483944936699,-130.645175992,64.0043546491
806,0.105952380952,1764,6.38755748674,93.4924932861,7.77562602556,2286034.05151,7.13415886093,36.2651404602,0,1.1,54.259032782,-53.054011677,97.0325557492,0.513496720992,-0.987541644349,0.484521930027,-131.654207142,64.5940866452
806.5,0.105952380952,1764,7.27787441109,90.1759092279,7.80075816274,2293422.89984,7.05501926951,36.2651404602,0,1.1,54.4565558684,-2.69133631888,111.348380983,0.513242159809,-0.98820994629,0.483157429886,-132.596311415,64.8292331767
807,0.105952380952,1764,6.5488299427,86.8201845366,7.84822028642,2307376.76421,7.36870000163,36.2651404602,0,1.1,55.7376289244,49.1110748268,101.14425854,0.513844832957,-0.985549977993,0.488560375878,-133.853464158,66.3543201481
807.5,0.105952380952,1764,4.36263991537,84.1719837879,7.87739117828,2315953.00641,7.60437413579,36.2651404602,0,1.1,56.6181927174,90.4962526253,67.742186968,0.511472076877,-0.983532056023,0.492610083916,-134.574240623,67.4026103779
808,0.105952380952,1764,1.20574192438,82.8205441424,7.89035074978,2319763.12043,7.84691450906,36.2651404602,0,1.1,57.2842261685,111.610101787,18.7441752658,0.509717226039,-0.981437968545,0.496769075023,-134.729924941,68.1955073435
808.5,0.105952380952,1764,-2.21943933335,83.0665672971,7.87088949268,2314041.51085,7.87233244628,36.2651404602,0,1.1,57.0519494743,107.230348311,-34.3251695037,0.507935674025,-0.981217491954,0.497204418206,-134.036014364,67.9189874694
809,0.105952380952,1764,-5.15078486832,84.8553119395,7.83551971661,2303642.79668,7.81848742639,36.2651404602,0,1.1,56.4354622636,78.8901926436,-78.9836829261,0.507750384874,-0.981684317822,0.496282077192,-132.897270907,67.1850741234
809.5,0.105952380952,1764,-6.93605646922,87.7887739474,7.79351260203,2291292.705,7.66842506862,36.2651404602,0,1.1,55.5425279283,33.5893145519,-105.361178347,0.508143215232,-0.982980752929,0.493709266038,-131.649766174,66.1220570575
810,0.105952380952,1764,-7.17802278213,91.2142441844,7.75730831141,2280648.64355,7.50854214631,36.2651404602,0,1.1,54.7217463397,-18.2993733644,-108.177021228,0.509244358899,-0.984354611525,0.490964355906,-130.611759315,65.1449361187
810.5,0.105952380952,1764,-5.82284516084,94.3695393616,7.73740420614,2274796.83661,7.44400371796,36.2651404602,0,1.1,54.318307065,-65.5507940398,-87.352943245,0.510427952158,-0.984907013147,0.489855259697,-130.015279566,64.6646512678
811,0.105952380952,1764,-3.17205701968,96.5525914159,7.71928352053,2269469.35504,7.21771406335,36.2651404602,0,1.1,53.6344438535,-98.0319591894,-47.45648623,0.510908788215,-0.98683400969,0.485961559508,-129.660199919,63.850528397
811.5,0.105952380952,1764,0.18452877379,97.2776609657,7.71946874763,2269523.8118,7.08873541423,36.2651404602,0,1.1,53.3916925687,-109.005227023,2.76388265049,0.512608832871,-0.987925457479,0.483738865986,-129.809834779,63.5615387723
812,0.105952380952,1764,3.50005604451,96.3834166154,7.74024125179,2275630.92803,7.10781980262,36.2651404602,0,1.1,53.7159376341,-96.1107574603,52.6979606472,0.513587737753,-0.987764276319,0.484067902705,-130.4880988,63.9475448025
812.5,0.105952380952,1764,6.03680433242,94.0688319518,7.77037979966,2284491.6611,7.14497203368,36.2651404602,0,1.1,54.2066821316,-61.7200036154,91.5721242938,0.513442435116,-0.987450185135,0.484708295655,-131.464436068,64.5317644424
813,0.105952380952,1764,7.23033517535,90.8489129827,7.79521555261,2291793.37247,7.05825780153,36.2651404602,0,1.1,54.3854847585,-12.9691989207,110.460856494,0.513160027163,-0.988182635181,0.483213285751,-132.404293816,64.7446247126
813.5,0.105952380952,1764,6.81508232979,87.4401068698,7.83966385806,2304861.17427,7.30615032866,36.2651404602,0,1.1,55.4936478712,39.4717681295,105.08382023,0.513820116526,-0.986082750854,0.487484162274,-133.633960372,66.0638665133
814,0.105952380952,1764,4.883441513,84.6008890557,7.87385895912,2314914.53398,7.57125743613,36.2651404602,0,1.1,56.5021401157,83.7853655565,75.7830199379,0.51194181233,-0.983816618104,0.492041524613,-134.492482616,67.2644525186
814.5,0.105952380952,1764,1.86521192,82.9629988991,7.89027471949,2319740.76753,7.81491155305,36.2651404602,0,1.1,57.219900852,109.424336847,29.0037722746,0.509962393018,-0.981715289253,0.496220808558,-134.7653978,68.1189295857
815,0.105952380952,1764,-1.56803612508,82.8908746874,7.87619140973,2315600.27446,7.87349239876,36.2651404602,0,1.1,57.1311194419,110.094600633,-24.2831998843,0.508169345746,-0.981207425854,0.497224282843,-134.215274527,68.0132374308
815.5,0.105952380952,1764,-4.6523887345,84.4005643978,7.84206021333,2305565.70272,7.81822972891,36.2651404602,0,1.1,56.52921473,86.0070280146,-71.4604393461,0.507741935529,-0.981686549925,0.496277661895,-133.119531279,67.2966842024
816,0.105952380952,1764,-6.701562901,87.1561549473,7.80257732868,2293957.73463,7.71711483607,36.2651404602,0,1.1,55.7659814884,43.2810758314,-101.992494925,0.508145098166,-0.982560845516,0.494544421523,-131.899822336,66.3880732005
816.5,0.105952380952,1764,-7.25960770475,90.5445144379,7.76107404987,2281755.77066,7.49895770317,36.2651404602,0,1.1,54.7565163811,-8.21480695326,-109.521936786,0.508886048997,-0.984436726313,0.49079968611,-130.749505678,65.1863290251
817,0.105952380952,1764,-6.20235554412,93.8117168972,7.74131978668,2275948.01728,7.47193638896,36.2651404602,0,1.1,54.4265880373,-57.2264776231,-93.1178705892,0.510499247935,-0.984668083309,0.490335360454,-130.115331081,64.7935571873
817.5,0.105952380952,1764,-3.76505001284,96.2307943635,7.72020133989,2269739.19393,7.23653396741,36.2651404602,0,1.1,53.6829795384,-93.2247018578,-56.3324103553,0.51070046151,-0.986674333008,0.486285677954,-129.67004991,63.9083089743
818,0.105952380952,1764,-0.490003090596,97.2634906878,7.71849521448,2269237.59306,7.11189154463,36.2651404602,0,1.1,53.4222797619,-108.744012064,-7.33599095607,0.512466602087,-0.987729873392,0.484138097251,-129.751402606,63.5979520975
818.5,0.105952380952,1764,2.89407183109,96.6800260656,7.73600647316,2274385.90311,7.11307259865,36.2651404602,0,1.1,53.66721412,-100.462066542,43.5244464647,0.513411454802,-0.987719893507,0.484158457502,-130.339497903,63.889540619
819,0.105952380952,1764,5.63420211643,94.6102241281,7.76481458126,2282855.48689,7.1490706973,36.2651404602,0,1.1,54.1369514642,-69.8297782852,85.3396871113,0.513402469977,-0.987415508916,0.484778931837,-131.271581379,64.4487517431
819.5,0.105952380952,1764,7.12069584928,91.5146255716,7.79087130318,2290516.16313,7.08185991386,36.2651404602,0,1.1,54.3706434652,-23.1091268885,108.642734551,0.513128908668,-0.987983499087,0.483620311331,-132.230105883,64.7269565062
820,0.105952380952,1764,7.02280116096,88.0820156795,7.83040376162,2302138.70592,7.23996953617,36.2651404602,0,1.1,55.233238111,29.5209861468,108.092654132,0.513640124852,-0.986645172579,0.486344840033,-133.394493309,65.7538548941
820.5,0.105952380952,1764,5.36230008148,85.0761663476,7.86926727629,2313564.57923,7.53224306837,36.2651404602,0,1.1,56.3594098207,76.3467220615,83.1453828124,0.512440654483,-0.984151435426,0.491371501157,-134.381386114,67.0945355008
821,0.105952380952,1764,2.50866193509,83.1658932335,7.8891211081,2319401.60578,7.77691267734,36.2651404602,0,1.1,57.1281027736,106.273877786,39.0109843182,0.510251815522,-0.982044169696,0.495569620504,-134.771127467,68.009646159
821.5,0.105952380952,1764,-0.903165327466,82.7762411176,7.88048041166,2316861.24103,7.86672811569,36.2651404602,0,1.1,57.1800332338,111.998429914,-14.0028342965,0.508447348152,-0.981266120823,0.497108438999,-134.369526316,68.0714681355
822,0.105952380952,1764,-4.11403404362,83.9939094339,7.85156421492,2308359.87919,7.86190932536,36.2651404602,0,1.1,56.7517531517,92.4413028693,-63.3201685617,0.50779121585,-0.98130792604,0.497025909074,-133.390921996,67.5616108949
822.5,0.105952380952,1764,-6.40951077548,86.5479612373,7.81122066376,2296498.87514,7.75618986811,36.2651404602,0,1.1,55.9653158145,52.6356789099,-97.7303484523,0.507826334046,-0.9822233437,0.495214401134,-132.146802295,66.6253759697
823,0.105952380952,1764,-7.27884112038,89.8701079518,7.76645751637,2283338.50981,7.50723218223,36.2651404602,0,1.1,54.8483890955,1.96219217759,-109.95657782,0.508599210366,-0.984365836277,0.490941850295,-130.921528855,65.2957013041
823.5,0.105952380952,1764,-6.52859497519,93.2211562598,7.74528544722,2277113.92148,7.49333624052,36.2651404602,0,1.1,54.5232249273,-48.4007619102,-98.0979951043,0.510437694284,-0.98448487542,0.490703097676,-130.22443994,64.9086011039
824,0.105952380952,1764,-4.32570564678,95.8554821029,7.72572549827,2271363.29649,7.31962077999,36.2651404602,0,1.1,53.9179550415,-87.6719316205,-64.7671640029,0.510541082451,-0.985968114259,0.48771598053,-129.762740971,64.188041716
824.5,0.105952380952,1764,-1.16032640372,97.1869355526,7.71842205375,2269216.0838,7.14400800039,36.2651404602,0,1.1,53.4823511589,-107.56626247,-17.3665081008,0.511840509646,-0.987458340481,0.484691681189,-129.713274119,63.6694656654
825,0.105952380952,1764,2.26323093845,96.9192619346,7.7316434527,2273103.17509,7.11098197162,36.2651404602,0,1.1,53.6027053212,-103.944490942,33.999347041,0.513167347509,-0.987737558981,0.484122416935,-130.194847853,63.81274443
825.5,0.105952380952,1764,5.18320871914,95.1120198918,7.75914113724,2281187.49435,7.14885102919,36.2651404602,0,1.1,54.0574467487,-77.3173749572,78.3940791514,0.513418374762,-0.987417367518,0.48477514615,-131.080068247,64.3541032722
826,0.105952380952,1764,6.94989810597,92.1673293051,7.78628200606,2289166.90978,7.10284503791,36.2651404602,0,1.1,54.3472371898,-33.022766571,105.892935748,0.513130576279,-0.987806302286,0.483982137236,-132.050680814,64.6990918926
826.5,0.105952380952,1764,7.17020237533,88.7403977228,7.82050741338,2299229.17953,7.16992966395,36.2651404602,0,1.1,54.9570451177,19.3500497465,110.148874102,0.513480296045,-0.987238956007,0.48513837587,-133.137605548,65.4250537116
827,0.105952380952,1764,5.7951027879,85.5937335898,7.8636457769,2311911.85841,7.48717047877,36.2651404602,0,1.1,56.1902270048,68.250757645,89.763105333,0.51297065372,-0.984537675675,0.490597151618,-134.242125008,66.8931273867
827.5,0.105952380952,1764,3.13056548947,83.4274845214,7.88687366205,2318740.85664,7.73278855184,36.2651404602,0,1.1,57.0084083819,102.187440752,48.6730653608,0.510586983044,-0.982425522197,0.494813190342,-134.746656649,67.8671528356
828,0.105952380952,1764,-0.230537400054,82.7236511555,7.88369912378,2317807.54239,7.85208864894,36.2651404602,0,1.1,57.1978875278,112.92057916,-3.57767573936,0.508770916279,-0.981393103426,0.496857702515,-134.496715358,68.0927232474
828.5,0.105952380952,1764,-3.54034463041,83.6388397365,7.85772631645,2310171.53704,7.86115827883,36.2651404602,0,1.1,56.8393973956,98.060662845,-54.5762921821,0.50789793447,-0.981314441088,0.497013045816,-133.601268131,67.6659492805
829,0.105952380952,1764,-6.06240847752,85.9694164874,7.81936233259,2298892.52578,7.78554119688,36.2651404602,0,1.1,56.1390181147,61.5694269413,-92.6066944608,0.507831808357,-0.98196952772,0.495717506882,-132.388200988,66.8321644223
829.5,0.105952380952,1764,-7.23555783657,89.1968170858,7.77309058057,2285288.63069,7.53519662089,36.2651404602,0,1.1,54.9958777448,12.1509202609,-109.462844344,0.508384168719,-0.984126104302,0.491422232739,-131.11331645,65.4712830295
830,0.105952380952,1764,-6.79876144037,92.6029296719,7.74924861101,2278279.09164,7.50755420504,36.2651404602,0,1.1,54.606207782,-39.1465450029,-102.249409026,0.510229882479,-0.984363076992,0.490947382776,-130.341614816,65.0073902167
830.5,0.105952380952,1764,-4.84920854783,95.4298781257,7.72949414177,2272471.27768,7.36785271196,36.2651404602,0,1.1,54.0623985662,-81.3449437931,-72.6459393074,0.510435299352,-0.985557202714,0.488545801517,-129.835236916,64.3599982931
831,0.105952380952,1764,-1.82068387534,97.0486530789,7.71842434393,2269216.75712,7.17114996815,36.2651404602,0,1.1,53.5339926943,-105.472120661,-27.243699929,0.511478428613,-0.987228623148,0.485159402297,-129.683175234,63.7309436837
831.5,0.105952380952,1764,1.61295154922,97.0990694672,7.72747277236,2271876.99507,7.10615444228,36.2651404602,0,1.1,53.5356862775,-106.535020747,24.2054015043,0.512961401269,-0.987778345829,0.484039192123,-130.059794091,63.7329598542
832,0.105952380952,1764,4.68769764433,95.5699094064,7.75344719901,2279513.47651,7.14527243478,36.2651404602,0,1.1,53.9712701198,-84.1217652004,70.7978122795,0.513455108295,-0.987447643801,0.484713472839,-130.891769544,64.2515120474
832.5,0.105952380952,1764,6.71940889751,92.8014182244,7.78148115082,2287755.45834,7.12124301402,36.2651404602,0,1.1,54.315810272,-42.6248072498,102.23875414,0.513157746163,-0.987650842154,0.484299302077,-131.867135348,64.6616788953
833,0.105952380952,1764,7.25601996952,89.4095982707,7.81006191762,2296158.20378,7.09673118088,36.2651404602,0,1.1,54.6677965697,9.05122936959,111.239343984,0.513340330575,-0.987857940913,0.483876728697,-132.865443946,65.080710202
833.5,0.105952380952,1764,6.17813236515,86.1491454872,7.85705150392,2309973.14215,7.43676632093,36.2651404602,0,1.1,55.9969714206,59.5738025627,95.5774456049,0.51352684101,-0.984968882046,0.489730845874,-134.075771277,66.663061215
834,0.105952380952,1764,3.72558116176,83.7455260008,7.88356164129,2317767.12254,7.68327568389,36.2651404602,0,1.1,56.8627868545,97.2032277573,57.9007146306,0.510962820246,-0.982852754354,0.493964030328,-134.692057877,67.6937938745
834.5,0.105952380952,1764,0.444070572959,82.7335564871,7.88742046774,2318901.61752,7.85416846607,36.2651404602,0,1.1,57.2560034011,112.871269207,6.89784611943,0.509134967511,-0.981375067015,0.496893326421,-134.621244179,68.1619088108
835,0.105952380952,1764,-2.9362478134,83.3384049374,7.86379448562,2311955.57877,7.86264833495,36.2651404602,0,1.1,56.9301433802,102.849340161,-45.3331592988,0.50788276765,-0.981301515244,0.49703856609,-133.805933817,67.7739802146
835.5,0.105952380952,1764,-5.66323720836,85.4254897178,7.82723667374,2301207.58208,7.80673403947,36.2651404602,0,1.1,56.2933550106,70.0059446779,-86.6672597175,0.507820947698,-0.981786102139,0.496080688645,-132.630194224,67.0158988221
836,0.105952380952,1764,-7.1301296059,88.5304246181,7.78290290587,2288173.45433,7.60418937493,36.2651404602,0,1.1,55.2677273635,22.2751590915,-108.075280296,0.508229122426,-0.98353364453,0.492606912332,-131.365414235,65.794913528
836.5,0.105952380952,1764,-7.01053452691,91.9623469742,7.75320579843,2279442.50474,7.51495148966,36.2651404602,0,1.1,54.6761413296,-29.5408012034,-105.535264413,0.509718592564,-0.984299684058,0.491074466821,-130.466365259,65.09064444
837,0.105952380952,1764,-5.33106244071,94.9576378703,7.73336480807,2273609.25357,7.41051200246,36.2651404602,0,1.1,54.1978249389,-74.3172611059,-79.9150663564,0.510380296747,-0.985193185206,0.489279457799,-129.917300624,64.5212201653
837.5,0.105952380952,1764,-2.46540381004,96.8498309507,7.71877671696,2269320.35479,7.19665724337,36.2651404602,0,1.1,53.58737578,-102.483979393,-36.8862231902,0.511159014152,-0.987012539183,0.485598854504,-129.666628923,63.7944949762
838,0.105952380952,1764,0.948818799873,97.2179043278,7.72354780604,2270723.05498,7.0991873053,36.2651404602,0,1.1,53.4680443304,-108.214803589,14.2252148832,0.512768151478,-0.98783719744,0.483919075211,-129.935447813,63.6524337267
838.5,0.105952380952,1764,4.15192475039,95.9799599386,7.74963486074,2278392.64906,7.16495879897,36.2651404602,0,1.1,53.9559455508,-90.2107001317,62.6338708743,0.513508140496,-0.987281041908,0.485052723206,-130.741020983,64.2332685128
839,0.105952380952,1764,6.43120785559,93.4114462502,7.77649806266,2286290.43042,7.13647216571,36.2651404602,0,1.1,54.2756697604,-51.8334343645,97.7156214157,0.513008349955,-0.987522081075,0.484561801414,-131.681130194,64.6138925719
839.5,0.105952380952,1764,7.27951687115,90.0838696763,7.80364048072,2294270.30133,7.08867350839,36.2651404602,0,1.1,54.562267391,-1.28374977341,111.423801091,0.513224584549,-0.987925980139,0.483737798571,-132.656185827,64.9550802273
840,0.105952380952,1764,6.50809903887,86.7376317038,7.84957052134,2307773.73327,7.38132342066,36.2651404602,0,1.1,55.7815884587,50.3979053237,100.538789437,0.513588209345,-0.985442314342,0.488777500611,-133.884897865,66.4066529271
840.5,0.105952380952,1764,4.28859846591,84.1172860686,7.87854220771,2316291.40907,7.61984908437,36.2651404602,0,1.1,56.6652781452,91.3599203163,66.6029350884,0.511377481465,-0.983398971682,0.492875706943,-134.59535604,67.4586644585
841,0.105952380952,1764,1.11486450112,82.8058720373,7.8900663643,2319679.5111,7.84809437009,36.2651404602,0,1.1,57.2824272788,111.828963531,17.3299866618,0.509602821551,-0.981427738639,0.496789285139,-134.718808954,68.1933658081
841.5,0.105952380952,1764,-2.30693207499,83.0951854188,7.87001602977,2313784.71275,7.87043230276,36.2651404602,0,1.1,57.0355545091,106.76584331,-35.670986606,0.507927067287,-0.981233980583,0.497171877071,-134.008518906,67.8994696537
842,0.105952380952,1764,-5.21542538055,84.9208526208,7.8346508042,2303387.33644,7.81897968653,36.2651404602,0,1.1,56.4239051382,77.8675608842,-79.9568161809,0.50776422713,-0.981680053949,0.496290511374,-132.86722041,67.1713156407
842.5,0.105952380952,1764,-6.96346193309,87.8766540776,7.79245428664,2290981.56027,7.66443602324,36.2651404602,0,1.1,55.5197469777,32.2467521023,-105.752448697,0.50813961848,-0.983015123561,0.493640827779,-131.618615977,66.0949368782
843,0.105952380952,1764,-7.16209535263,91.3049100198,7.75714085509,2280599.4114,7.51511392209,36.2651404602,0,1.1,54.7319670009,-19.66378662,-107.926150178,0.509273758423,-0.984298291868,0.491077257289,-130.598647764,65.1571035724
843.5,0.105952380952,1764,-5.76712876619,94.4428173262,7.73731837737,2274771.60295,7.44709459774,36.2651404602,0,1.1,54.3229933863,-66.6468257216,-86.5128582995,0.510379089239,-0.984880585968,0.489908390807,-130.008906626,64.6702302218
844,0.105952380952,1764,-3.08894882055,96.5921768168,7.71947773559,2269526.45426,7.22031895476,36.2651404602,0,1.1,53.6420946215,-98.6269426681,-46.2144124308,0.510885719531,-0.986811914947,0.48600642436,-129.663821255,63.8596364541
844.5,0.105952380952,1764,0.276536811003,97.2747458644,7.71989322435,2269648.60796,7.09029595322,36.2651404602,0,1.1,53.4005347019,-108.972094558,4.14238463844,0.512589137323,-0.987912281738,0.483765773481,-129.822379655,63.5720651213
845,0.105952380952,1764,3.58049169743,96.3386496357,7.74089421757,2275822.89997,7.10893364347,36.2651404602,0,1.1,53.7271321445,-95.4519248792,53.91760772,0.513575850293,-0.98775486576,0.484087104938,-130.508872261,63.9608716006
845.5,0.105952380952,1764,6.0877702888,93.992173958,7.77137155379,2284783.23681,7.14893310449,36.2651404602,0,1.1,54.2281563647,-60.5705839673,92.365664756,0.513433959609,-0.987416673084,0.484776560609,-131.493533742,64.5573290056
846,0.105952380952,1764,7.24049126943,90.7574207399,7.7961400758,2292065.18228,7.06125723106,36.2651404602,0,1.1,54.404209553,-11.5738822762,110.639422922,0.513129953202,-0.98815733765,0.483265016372,-132.432311976,64.7669161345
846.5,0.105952380952,1764,6.78216878273,87.3541378338,7.84123132885,2305322.01068,7.32056149996,36.2651404602,0,1.1,55.544084567,40.8085903037,104.605126737,0.51379722904,-0.985960106483,0.48773216874,-133.670776133,66.1239101988
847,0.105952380952,1764,4.8147817443,84.5395717426,7.87458378841,2315127.63379,7.57852667628,36.2651404602,0,1.1,56.5268786221,84.7471330537,74.7265470528,0.511833438012,-0.983754183807,0.492166339606,-134.508708567,67.2939031215
847.5,0.105952380952,1764,1.77608305212,82.9399767003,7.89040285246,2319778.43862,7.82003762273,36.2651404602,0,1.1,57.231887299,109.780929091,27.6174793379,0.509908538309,-0.98167089004,0.496308637491,-134.763679722,68.1331991654
848,0.105952380952,1764,-1.65780249853,82.9112701507,7.87555182789,2315412.2374,7.87387147191,36.2651404602,0,1.1,57.1225869951,109.760552463,-25.6691003864,0.508131888895,-0.98120413616,0.497230774573,-134.193027746,68.003079756
848.5,0.105952380952,1764,-4.72281917192,84.4598394365,7.84138560327,2305367.36736,7.82134819889,36.2651404602,0,1.1,56.5255743246,85.079585298,-72.5277709876,0.507739174398,-0.981659537284,0.496331091973,-133.092966795,67.2923503865
849,0.105952380952,1764,-6.73698629778,87.2411205855,7.80164610192,2293683.95397,7.71542978846,36.2651404602,0,1.1,55.7494133869,41.978565465,-102.508655818,0.508122314094,-0.982575389459,0.494515524559,-131.870292019,66.3683492701
849.5,0.105952380952,1764,-7.25214218799,90.6362654204,7.76100519676,2281735.52785,7.50790024069,36.2651404602,0,1.1,54.7726857006,-9.59808909454,-109.398852448,0.508898432772,-0.984360111916,0.49095332779,-130.737010294,65.205578215
850,0.105952380952,1764,-6.15366222651,93.8898381974,7.74130523914,2275943.74031,7.47713263911,36.2651404602,0,1.1,54.4362955356,-58.3964795851,-92.3823028995,0.510432725882,-0.984623609925,0.490424659635,-130.108965305,64.8051137328
