time,root_dist,x,y,z,rel_vel_mag,Re,alpha_deg,alpha_geom_deg,cl,cd,fx,fy,fz,end_effect_factor,c_ref_t,c_ref_n,f_ref_t,f_ref_n
0.5,0.410714285714,1764,11.5515994775,112.396440555,26,13554666.6667,7.11386494804,7.11386494804,0.802759670724,0.0415884125515,4201.85626396,1333.73865987,-687.913544521,0.714118384614,0.270364415615,0.757004470111,714.616408778,2000.88393522
1,0.410714285714,1764,20.532913572,104.609567422,25.9817002308,13545126.387,6.99406638811,7.11386494804,1.05471983166,0.0408522878224,5487.76912444,1175.7350776,-1652.42857884,0.941917329326,0.365882359971,0.990067134787,965.724755846,2613.22339259
1.5,0.410714285714,1764,24.9455575246,93.5719966109,25.9588137655,13533194.9098,6.8353829592,7.11386494804,1.04650524096,0.0403584545821,5440.61248106,282.715174885,-1974.38251669,0.942653729545,0.360473119715,0.983290981442,949.771925399,2590.76784812
2,0.410714285714,1764,23.8076972374,81.739639702,25.9381352959,13522414.5343,6.68579489361,7.11386494804,1.03905528081,0.0398929267091,5398.05036679,-643.781210992,-1855.48179563,0.943626472345,0.355521846563,0.977154818238,935.234572484,2570.50017466
2.5,0.410714285714,1764,17.3725119926,71.7452519309,25.9189887731,13512432.8137,6.54121384991,7.11386494804,1.03180945795,0.0394429810167,5357.03791595,-1401.54734534,-1333.81178271,0.944540551937,0.350752125089,0.971163968135,921.325678138,2550.97043617
3,0.410714285714,1764,7.07186086776,65.8126317292,25.8999096298,13502486.2203,6.40267435568,7.11386494804,1.02485664285,0.0390118370226,5317.39351909,-1830.28382529,-535.135216699,0.945421245789,0.346208571332,0.965397683315,908.052734699,2532.09215195
3.5,0.410714285714,1764,-4.80231266446,65.2618150813,25.8792999826,13491741.7243,6.26897437785,7.11386494804,1.01812335763,0.0385957539209,5278.12796979,-1845.42194867,358.243469539,0.946262469692,0.341843470669,0.959795730938,895.177372827,2513.39427133
4,0.410714285714,1764,-15.607948972,70.21536129,25.8583265858,13480807.5934,6.13793358481,7.11386494804,1.01149454836,0.0381879463768,5239.20097788,-1455.13455953,1147.94443737,0.947071744104,0.337581538121,0.954263195206,882.584462134,2494.85760851
4.5,0.410714285714,1764,-22.9407429966,79.5710829535,25.8384164143,13470427.7573,6.00866147217,7.11386494804,1.00493448998,0.0377856430821,5201.03354662,-756.357317854,1663.77762573,0.947862398195,0.333396090284,0.94877190671,870.300125486,2476.68264125
5,0.410714285714,1764,-25.1691134724,91.2472878625,25.8217976298,13461763.831,5.88645194363,7.11386494804,0.998753054085,0.0374053190124,5165.95663249,89.279639068,1801.58040026,0.948639854104,0.32947105915,0.943586584324,858.94820359,2459.9793488
5.5,0.410714285714,1764,-21.7972374553,102.645965337,25.8027404535,13451828.6898,5.74271004079,7.11386494804,0.991277940582,0.0369579847814,5123.86401533,891.064941261,1535.88544603,0.949372457633,0.324810597631,0.937281133807,845.548679743,2439.9352454
6,0.410714285714,1764,-13.5753732673,111.230855862,25.7845390909,13442339.7127,5.60755475756,7.11386494804,0.984413656397,0.0365373726739,5085.02241693,1474.1267675,942.581930838,0.950231092606,0.320518479474,0.931489737366,833.19868613,2421.43924616
6.5,0.410714285714,1764,-2.33292448013,115.091780793,25.768623088,13434042.1699,5.49132731574,7.11386494804,0.978567230942,0.0361756652505,5051.81490438,1720.25148866,159.941490122,0.951035339081,0.316871018479,0.926550193933,822.700390783,2405.62614494
7,0.410714285714,1764,9.42861101039,113.369666117,25.7566751729,13427813.3235,5.39309366381,7.11386494804,0.973626736884,0.0358699556816,5024.34774793,1585.21343298,-639.562446175,0.951724483635,0.313805190629,0.9223675942,813.98515069,2392.54654664
7.5,0.410714285714,1764,19.0922360679,106.447690474,25.7509975501,13424853.3895,5.31668522263,7.11386494804,0.969823662168,0.0356321676003,5004.59218817,1106.80270313,-1284.76022346,0.952305110666,0.311445213143,0.919146052746,807.507440546,2383.13913722
8,0.410714285714,1764,24.5077485251,95.8660261021,25.7485063569,13423554.6474,5.24691315475,7.11386494804,0.966265331377,0.0354150323481,4987.15207992,391.902836404,-1637.33607619,0.952755554303,0.309267883281,0.916120238564,801.706974192,2374.83432377
8.5,0.410714285714,1764,24.4701713104,83.9791432472,25.7477508539,13423160.7785,5.18101515426,7.11386494804,0.96288590342,0.0352099534477,4971.18832071,-399.549545968,-1623.86288834,0.953165956259,0.307212045057,0.913241349917,796.330945658,2367.23253367
9,0.410714285714,1764,18.9878655315,73.4319294256,25.7435028252,13420946.1395,5.11676386993,7.11386494804,0.959574342772,0.035009999236,4954.17079152,-1091.94148608,-1251.42140195,0.953552753347,0.305208511134,0.910415500793,790.876509977,2359.12894834
9.5,0.410714285714,1764,9.28067008898,66.5711894732,25.7296036375,13413700.0297,5.05689206253,7.11386494804,0.956501767113,0.0348236742438,4934.56007786,-1533.06005789,-607.278999828,0.95392910959,0.303352253318,0.907791677195,785.217869838,2349.79051327
10,0.410714285714,1764,-2.49151823356,64.9234703978,25.70570624,13401241.5198,5.0037676846,7.11386494804,0.9520459583,0.0346855757798,4904.01602267,-1625.55591047,161.509676772,0.95427911479,0.301078598977,0.903850802467,777.885586046,2335.24572508
10.5,0.410714285714,1764,-13.7093319944,68.8553974673,25.680191649,13387939.913,4.94163879548,7.11386494804,0.946715244316,0.0345243298611,4868.69900786,-1355.72509495,878.999044366,0.954589104507,0.298387122827,0.899125579718,769.402078576,2318.42809898
11,0.410714285714,1764,-21.8767547073,77.4920983584,25.6616255604,13378260.7921,4.87562385694,7.11386494804,0.941079083186,0.0343529983024,4834.62739989,-793.190120088,1387.31708887,0.954950948315,0.295548663546,0.894125805902,760.981475052,2302.20352376
11.5,0.410714285714,1764,-25.1764962855,88.9118663757,25.6537411916,13374150.4079,4.81173380422,7.11386494804,0.93565277917,0.0341871815561,4805.62566251,-68.3256922313,1580.87343158,0.955334601177,0.292822794122,0.889308550388,753.499651572,2288.39317263
12,0.410714285714,1764,-22.8743486601,100.573749258,25.6456019776,13369907.1643,4.69632983511,7.11386494804,0.925527164915,0.0338876684103,4753.8757911,652.175108535,1410.86008907,0.955705086602,0.287815318555,0.880290434726,740.14440019,2263.75037671
12.5,0.410714285714,1764,-15.4825505391,109.882923045,25.6408192645,13367413.7766,4.62164281637,7.11386494804,0.919380576492,0.0336938298092,4722.60913957,1212.77316566,944.369285517,0.956372217146,0.284734466745,0.874826955486,731.94861516,2248.86149503
13,0.410714285714,1764,-4.64581187796,114.768052648,25.63373938,13363722.7967,4.54535290297,7.11386494804,0.912852683357,0.0334958311431,4688.59113246,1492.85023609,280.018031991,0.95680252344,0.281517202804,0.869005210998,723.2786157,2232.66244403
13.5,0.410714285714,1764,7.22464184444,114.142173685,25.6332266171,13363455.4764,4.49967866113,7.11386494804,0.909113130599,0.0333772907154,4670.43603218,1445.45046151,-432.556820471,0.957240870873,0.279656409006,0.86567489317,718.469089184,2224.01715818
14,0.410714285714,1764,17.4875786713,108.144547176,25.6387451934,13366332.4942,4.46605102908,7.11386494804,0.906299826901,0.0332900153995,4658.899967,1081.43549872,-1042.27943407,0.957502721736,0.278269394782,0.863164958333,715.213549222,2218.52379381
14.5,0.410714285714,1764,23.8594467393,98.1096733162,25.6503153179,13372364.3857,4.45019121728,7.11386494804,0.905037620034,0.0332488537119,4657.03643862,482.684936034,-1420.10597396,0.957695226589,0.277638351872,0.862041487122,714.235827582,2217.63639934
15,0.410714285714,1764,24.9224753413,86.2703588832,25.6652666198,13380158.9978,4.43759523557,7.11386494804,0.903976064203,0.0332161627903,4657.33955889,-221.828848191,-1482.32063778,0.957785934021,0.277117471929,0.861093458851,713.727164328,2217.78074233
15.5,0.410714285714,1764,20.4401355983,75.2609071947,25.6714458711,13383380.4475,4.43026431602,7.11386494804,0.903376251132,0.0331971365229,4656.68795929,-876.123687445,-1215.00605287,0.957857936173,0.276820658923,0.860558553369,713.306062199,2217.4704568
16,0.410714285714,1764,11.4097692502,67.5309731929,25.659682439,13377247.7782,4.43311861849,7.11386494804,0.903675766848,0.0332045444233,4653.88256412,-1335.04944472,-677.937955771,0.957899826084,0.276958706451,0.860828849586,713.007887441,2216.13455434
16.5,0.410714285714,1764,-0.159324586225,64.8005036623,25.6277611441,13360606.1431,4.4355010517,7.11386494804,0.903877402035,0.0332107276601,4643.28212178,-1494.09616953,9.44646872305,0.957883517569,0.277057457904,0.861008986806,711.488586678,2211.08672466
17,0.410714285714,1764,-11.6929679505,67.6770409554,25.5916232942,13341766.2774,4.42632975897,7.11386494804,0.903029136631,0.0331869249889,4626.10270766,-1317.88664296,690.320949283,0.957869903814,0.27665282787,0.860247758745,708.447284424,2202.90605127
17.5,0.410714285714,1764,-20.6248707796,75.5205419533,25.5651709957,13327975.8124,4.38463777241,7.11386494804,0.899280577939,0.0330787198886,4598.50917344,-847.512251142,1207.21580929,0.957922303936,0.274853177931,0.856887092999,702.384507826,2189.76627307
18,0.410714285714,1764,-24.9676425542,86.5857906792,25.5576289943,13324043.9157,4.31939616632,7.11386494804,0.893559284588,0.0329093953946,4568.29727675,-197.719359672,1445.89444717,0.958160282276,0.272096162924,0.851759884885,694.928779453,2175.3796556
18.5,0.410714285714,1764,-23.7549960657,98.4107170869,25.5589636051,13324739.6928,4.2438104039,7.11386494804,0.887015953815,0.0327132242433,4537.30689858,481.481729695,1359.88364326,0.95853192471,0.268945818766,0.845893376219,686.954595741,2160.62233266
19,0.410714285714,1764,-17.2567508791,108.364219262,25.5628733056,13326777.95,4.18795662806,7.11386494804,0.882319759601,0.0325682644102,4516.11377039,1042.7244794,979.84217678,0.958961322836,0.266674969052,0.841684804966,681.362685465,2150.53036685
19.5,0.410714285714,1764,-6.91879720621,114.231596011,25.5701018196,13330546.4153,4.16659777974,7.11386494804,0.880662500083,0.0325128308242,4510.72356247,1372.4232131,391.865145341,0.95927780883,0.26585547536,0.840204968708,679.653067424,2147.96360118
20,0.410714285714,1764,4.95862148718,114.707328325,25.5776147614,13334463.1623,4.13970211963,7.11386494804,0.878319584344,0.0324430272999,4502.06547195,1394.31032573,-279.830220819,0.959398650131,0.264739084068,0.838099671656,677.196809337,2143.84070093
20.5,0.410714285714,1764,15.7327235054,109.68556352,25.5848305183,13338224.9769,4.09665651447,7.11386494804,0.874530824033,0.032331309092,4486.28877246,1104.00456917,-882.321637262,0.959550670364,0.262943487728,0.834691678402,672.983265961,2136.32798689
21,0.410714285714,1764,23.0062203183,100.283667958,25.6029001213,13347645.2632,4.08779177863,7.11386494804,0.873943141789,0.0323083020417,4489.82542627,576.874038359,-1290.56006835,0.959793631891,0.26263893792,0.834170983522,673.153634363,2138.01210775
21.5,0.410714285714,1764,25.1607245695,88.5936077575,25.6282660693,13360869.3775,4.12006786532,7.11386494804,0.876934761992,0.0323920696307,4513.2761494,-79.4696823046,-1421.73337397,0.95984361447,0.264034729476,0.836868857465,678.072701781,2149.17911876
22,0.410714285714,1764,21.7168488982,77.2164764664,25.6384049807,13366155.1299,4.13324967985,7.11386494804,0.877971404504,0.0324262809908,4521.85157732,-724.311038858,-1230.47087486,0.959661543958,0.264543448681,0.837795926575,679.916804116,2153.26265587
22.5,0.410714285714,1764,13.4408718892,68.6837394729,25.6331501625,13363415.6181,4.18901537609,7.11386494804,0.882992154004,0.0325710122269,4544.37292437,-1218.09939718,-768.067078419,0.959587116611,0.266914541018,0.842313862324,685.729692017,2163.98710684
23,0.410714285714,1764,2.17423747225,64.8939710146,25.6007073871,13346502.1178,4.22626601978,7.11386494804,0.886100173305,0.032667690509,4547.86135848,-1439.10698008,-124.629837897,0.959271816112,0.268420456727,0.845098309989,687.854051751,2165.64826594
23.5,0.410714285714,1764,-9.57617504011,66.6904124532,25.5562517399,13323325.907,4.24253056178,7.11386494804,0.88738865264,0.0327099026112,4538.25145852,-1334.64900659,548.307964633,0.959060810253,0.269055982027,0.846249039644,687.090153223,2161.0721231
24,0.410714285714,1764,-19.1958434266,73.6733470932,25.5210626299,13304980.651,4.20026092133,7.11386494804,0.883448531084,0.0326001982996,4506.78708927,-925.841885156,1088.54619295,0.958968582645,0.267206271074,0.842700948559,680.48868836,2146.08909013
24.5,0.410714285714,1764,-24.5443460868,84.2890390324,25.5085876913,13298477.0497,4.12751809593,7.11386494804,0.877033780705,0.0324114055515,4471.57207211,-319.847009076,1374.62604456,0.959208148618,0.264158604979,0.836934276466,672.06974985,2129.32003434
25,0.410714285714,1764,-24.4316159449,96.1754467306,25.5117288841,13300114.6583,4.06661898864,7.11386494804,0.871852403799,0.0322533513413,4447.79851758,342.702750653,1355.81802459,0.959619483215,0.261682040213,0.832279642015,665.932876964,2117.99929409
25.5,0.410714285714,1764,-18.8827359894,106.687788396,25.5219213389,13305428.3247,4.02908631882,7.11386494804,0.868738084506,0.0321559411041,4436.39707462,921.524674285,1042.73296852,0.959962921436,0.260187208115,0.829483261286,662.657976535,2112.57003553
26,0.410714285714,1764,-9.13235818953,113.487018412,25.5380880251,13313856.5571,4.02742879005,7.11386494804,0.868777901949,0.0321516392446,4442.25282633,1298.59891218,504.928731371,0.960174161548,0.260180579112,0.829526875438,663.480850258,2115.35848873
26.5,0.410714285714,1764,2.65001239306,115.060276022,25.5511849297,13320684.41,4.0102543851,7.11386494804,0.867218129344,0.0321070657339,4439.26733778,1383.12648274,-146.259455289,0.960183482897,0.259452849548,0.828119777807,662.303869998,2113.93682752
27,0.410714285714,1764,13.8427427157,111.057503986,25.5635935931,13327153.4599,3.97677889405,7.11386494804,0.86424834967,0.0320201852764,4429.21429897,1157.09109736,-760.646388585,0.960280028135,0.258060384539,0.825442511689,659.389316878,2109.14966618
27.5,0.410714285714,1764,21.9553974755,102.369337965,25.5795862804,13335490.9809,3.9451866966,7.11386494804,0.861531974653,0.0319381926161,4421.61400004,677.152891895,-1201.93667076,0.960468012261,0.256777956523,0.822996034341,656.933679529,2105.53047621
28,0.410714285714,1764,25.1828727137,90.92893589,25.6059061313,13349212.3965,3.98093220233,7.11386494804,0.864956409244,0.0320309645454,4447.40101463,51.2700488635,-1389.89905384,0.960645180572,0.258346260386,0.826094899105,662.30683194,2117.81000697
28.5,0.410714285714,1764,22.8070399629,79.2818411967,25.6187987996,13355933.7742,3.99685350851,7.11386494804,0.866230082109,0.0320722858322,4458.03809418,-593.566512249,-1263.04297351,0.960444703238,0.25896207507,0.827237469138,664.554265124,2122.87528294
29,0.410714285714,1764,15.3565332191,70.0195874044,25.6261020196,13359741.1862,4.10795161708,7.11386494804,0.876295720461,0.0323606237831,4509.51216968,-1127.27660509,-866.401559545,0.960355313078,0.263672859391,0.836312156369,677.02902512,2147.38674747
29.5,0.410714285714,1764,4.48912538352,65.2030696801,25.5934178153,13342701.821,4.13579923492,7.11386494804,0.878266651766,0.0324328979665,4507.44090795,-1400.75074445,-253.585651199,0.959729920005,0.264673740865,0.838064445834,677.866522854,2146.40043236
30,0.410714285714,1764,-7.3771340291,65.9039859413,25.5462402112,13318106.5634,4.16851454785,7.11386494804,0.881108149585,0.0325178054993,4504.51877134,-1363.08702657,417.316974659,0.95957271672,0.266028938795,0.840617381847,678.827804422,2145.00893873
30.5,0.410714285714,1764,-17.6019463157,71.9663790131,25.5078157347,13298074.603,4.14081601655,7.11386494804,0.878411286622,0.032445918247,4477.96662024,-1012.31550545,988.083491076,0.959387809891,0.264783487261,0.838181860308,673.618796482,2132.36505726
31,0.410714285714,1764,-23.9102425029,82.0413378352,25.4855284239,13286455.485,4.0493918876,7.11386494804,0.870212196002,0.032208641066,4430.76416181,-439.479287158,1320.32948671,0.959544377623,0.260924911377,0.83079772102,662.642958918,2109.8876961
31.5,0.410714285714,1764,-24.8983969271,93.8871365372,25.4864714952,13286947.1395,3.99662755609,7.11386494804,0.865862413768,0.0320716994076,4410.25927685,212.946473568,1363.99269036,0.96005991876,0.258836619434,0.826891720795,657.388197811,2100.12346517
32,0.410714285714,1764,-20.346540567,104.86802902,25.4987908805,13293369.6457,3.9623532314,7.11386494804,0.862999793342,0.031982745701,4400.78254748,810.993969616,1109.82576639,0.960356582101,0.257471722782,0.824317809646,654.553984391,2095.61073689
32.5,0.410714285714,1764,-11.2674829379,112.540714901,25.5211294748,13305015.4995,3.97564537411,7.11386494804,0.864386827481,0.0320172434008,4415.23187768,1234.63681472,617.160959869,0.960548940042,0.258093010691,0.825577185507,657.283579593,2102.49137033
33,0.410714285714,1764,0.318642803738,115.197985371,25.5365218773,13313040.072,3.95767710202,7.11386494804,0.862678533228,0.0319706095307,4412.28497164,1377.65201417,-17.4211903812,0.960474373055,0.257308841969,0.82403187524,656.077219135,2101.08808174
33.5,0.410714285714,1764,11.8338690182,112.248585215,25.5531597771,13321713.9638,3.93513232877,7.11386494804,0.860709641932,0.03191209806,4408.52010718,1213.60899633,-645.510254394,0.960575162615,0.256384434747,0.822256949704,654.572316189,2099.29528913
34,0.410714285714,1764,20.7160035452,104.348769882,25.5679534973,13329426.4232,3.88411038599,7.11386494804,0.856161497119,0.031779678502,4391.58553085,777.127349173,-1121.97582464,0.960701516119,0.254267044918,0.818150797215,649.918304287,2091.23120517
34.5,0.410714285714,1764,24.9887295474,93.2562855538,25.589963112,13340900.7691,3.89135722098,7.11386494804,0.857078208975,0.031798486541,4403.6595363,176.934832842,-1357.79759248,0.960987029233,0.25465723923,0.818989554606,652.036794385,2096.98073157
35,0.410714285714,1764,23.701345331,81.4392623274,25.6083606687,13350492.0286,3.93044478331,7.11386494804,0.86061402316,0.0318999322611,4427.19317942,-468.827921189,-1298.00174774,0.960946514283,0.25629681678,0.822183704683,657.178770038,2108.18722829
35.5,0.410714285714,1764,17.1402999581,71.5270436219,25.6197822696,13356446.4899,4.02745340768,7.11386494804,0.869281065586,0.0321517031358,4473.27431767,-1028.58191803,-954.379052578,0.960727772739,0.260349111688,0.830000989784,668.165006386,2130.13062746
36,0.410714285714,1764,6.76545697824,65.725144864,25.5935135445,13342751.7279,4.07719263349,7.11386494804,0.873330180744,0.0322807936004,4483.63947144,-1358.99761704,-378.755706681,0.960183344461,0.262305088045,0.83363282986,671.805096801,2135.06641497
36.5,0.410714285714,1764,-5.11473209796,65.3245159001,25.5449558871,13317437.0025,4.1143515245,7.11386494804,0.876467529428,0.0323772337526,4481.73742674,-1384.07617688,286.891183947,0.959903352654,0.263808318868,0.836450109871,673.093749863,2134.1606794
37,0.410714285714,1764,-15.8568691516,70.4142985648,25.5068929247,13297593.5114,4.11961749931,7.11386494804,0.876756792575,0.0323909007754,4469.741935,-1095.98212648,887.323092794,0.959693807352,0.263969477247,0.836702909557,671.499336454,2128.44854048
37.5,0.410714285714,1764,-23.0707780079,79.8619922022,25.4807644748,13283971.8795,4.04094510405,7.11386494804,0.869549895436,0.0321867187462,4425.94643843,-558.920377392,1271.9193167,0.959664086122,0.260601495825,0.830204713242,661.574212848,2107.59354211
38,0.410714285714,1764,-25.1513299119,91.5654404046,25.4756630974,13281312.3615,3.98148725782,7.11386494804,0.864522922995,0.0320324051061,4400.08465723,85.4777795425,1373.33866373,0.960107453453,0.258208293727,0.825684223182,655.236284619,2095.27840821
38.5,0.410714285714,1764,-21.6355922492,102.920570731,25.4854057002,13286391.505,3.93103284438,7.11386494804,0.860215526845,0.0319014584826,4382.76672236,700.471756213,1172.94519062,0.960441587874,0.256171208193,0.821805796872,650.564224232,2087.03177255
39,0.410714285714,1764,-13.3058332365,111.400813113,25.5108828444,13299673.5896,3.95590830707,7.11386494804,0.862741572495,0.0319660188971,4403.78131691,1167.70003061,726.010820046,0.960724479083,0.257308734683,0.824097726202,654.760185679,2097.03872234
39.5,0.410714285714,1764,-2.01546355316,115.119273609,25.5267619733,13307951.9087,3.92944880146,7.11386494804,0.860199344651,0.0318973473443,4396.95139941,1366.10249809,109.610247398,0.960585080243,0.256146980158,0.82179625082,652.615606326,2093.78638067
40,0.410714285714,1764,9.72335627952,113.248577218,25.5474142078,13318718.607,3.92297815422,7.11386494804,0.859740942749,0.0318805537806,4401.87726132,1265.27759246,-529.182698304,0.960733350924,0.255917524997,0.821387289132,653.08646491,2096.1320292
40.5,0.410714285714,1764,19.2986834662,106.204962711,25.5618727935,13326256.3497,3.8598998924,7.11386494804,0.854010133108,0.0317168439119,4379.07186571,873.791532067,-1040.60876247,0.960769585315,0.253267198044,0.816207689276,647.054767831,2085.27231701
41,0.410714285714,1764,24.5799625325,95.5556675478,25.5826666789,13337096.8953,3.85776498565,7.11386494804,0.854128517593,0.0317113030918,4386.84030836,300.072676112,-1327.61276164,0.961122292563,0.253281264518,0.816326976372,648.143914726,2088.97157541
41.5,0.410714285714,1764,24.3920839696,83.6702101439,25.6042129142,13348329.666,3.90175729648,7.11386494804,0.858160056955,0.0318254783277,4413.85726219,-344.973775898,-1329.36945781,0.961134213529,0.255139922332,0.819972660798,654.00043365,2101.83679152
42,0.410714285714,1764,18.7768516441,73.1931608464,25.6193462111,13356219.1581,3.99388357813,7.11386494804,0.866358822832,0.0320645778374,4458.94110676,-930.820950541,-1039.92706396,0.960888348725,0.258969434986,0.827369674809,664.601553236,2123.30528893
42.5,0.410714285714,1764,8.98368124055,66.4557125534,25.59253324,13342240.6625,4.01228682152,7.11386494804,0.867574006725,0.0321123406081,4455.41060023,-1304.38522186,-497.708035322,0.960371992231,0.259596154655,0.828447763019,664.81615542,2121.62409535
43,0.410714285714,1764,-2.80840062308,64.9569792968,25.5461706881,13318070.3187,4.05979461262,7.11386494804,0.871818964333,0.0322356397292,4459.78237985,-1393.0038632,156.215696331,0.960268606442,0.261588397721,0.832273364477,667.49321324,2123.70589517
43.5,0.410714285714,1764,-13.9756000983,69.0304362971,25.5095597423,13298983.8123,4.10900402368,7.11386494804,0.876068821328,0.0323633551416,4467.42576299,-1172.06542317,781.147279714,0.960001354307,0.263609478195,0.836094497928,670.723782207,2127.34560142
44,0.410714285714,1764,-22.0331626163,77.7697201535,25.4796307518,13283380.8319,4.04441332158,7.11386494804,0.869920700975,0.0321957199682,4427.3472419,-674.638904792,1215.37927856,0.959723982249,0.260767351802,0.830541376816,661.936354611,2108.26059138
44.5,0.410714285714,1764,-25.1882425019,89.2302989769,25.4711262546,13278947.1541,3.98505021562,7.11386494804,0.864830654059,0.0320416522117,4399.99388311,-42.0366779972,1375.6380823,0.960087937879,0.258353598925,0.82596134631,655.371528456,2095.23518243
45,0.410714285714,1764,-22.7388195953,100.862139909,25.4749168803,13280923.3336,3.90221804766,7.11386494804,0.857565863044,0.0318266741361,4366.39649088,585.582328211,1225.85890354,0.960421588322,0.254947939873,0.819410577549,646.924823025,2079.23642423
45.5,0.410714285714,1764,-15.2299020494,110.077103466,25.5051664698,13296693.4529,3.95701461416,7.11386494804,0.862987506243,0.031968890146,4403.02510471,1095.38802758,830.929242101,0.960885771243,0.257403884422,0.824325594746,654.708800678,2096.67862129
46,0.410714285714,1764,-4.3322594444,114.824816779,25.5190008741,13303905.789,3.91337014739,7.11386494804,0.858725032428,0.0318556176855,4387.1532241,1345.67816282,234.838668978,0.960578877268,0.255465529487,0.820463786489,650.483671143,2089.12058291
46.5,0.410714285714,1764,7.52933132615,114.048891238,25.5412901339,13315525.9231,3.91479440166,7.11386494804,0.859073737055,0.0318593141171,4396.55451115,1306.574969,-409.068166455,0.960823370103,0.255598383811,0.820787529016,651.959355329,2093.59738626
47,0.410714285714,1764,17.715610354,107.921973937,25.5584211031,13324456.8684,3.85622531996,7.11386494804,0.853715107161,0.0317073071277,4376.46653366,965.575446581,-954.457273488,0.960815398627,0.25312603609,0.815942428958,646.519484961,2084.0316827
47.5,0.410714285714,1764,23.9600824977,97.8073328802,25.5761866631,13333718.647,3.83461647154,7.11386494804,0.852030932573,0.0316512247051,4374.42999848,419.865481711,-1288.53370723,0.961142810092,0.252313435926,0.81443013214,645.340202325,2083.06190404
48,0.410714285714,1764,24.8733232445,85.9555234238,25.5990084145,13345616.3868,3.87920719175,7.11386494804,0.856214022266,0.03176695302,4402.62101721,-219.545674295,-1350.1946224,0.9612634011,0.254226467266,0.818217877201,651.39407829,2096.48619867
48.5,0.410714285714,1764,20.2521322196,75.003629087,25.6191598457,13356121.9996,3.97721626334,7.11386494804,0.864949283634,0.0320213204007,4452.04293965,-828.389997704,-1118.71491177,0.961014434496,0.258299398456,0.826101718299,662.87237293,2120.02044745
49,0.410714285714,1764,11.1247462284,67.3884980297,25.5970946805,13344618.6935,3.98563063354,7.11386494804,0.865223821557,0.0320431585967,4445.60479314,-1247.82284407,-613.922617633,0.960465557865,0.258491733884,0.826329866891,662.223772154,2116.9546634
49.5,0.410714285714,1764,-0.47794828408,64.8045328395,25.5495102976,13319811.3685,4.01620804715,7.11386494804,0.867974004422,0.0321225175425,4442.38715021,-1392.14241031,26.4084040182,0.960418330046,0.259776927832,0.828810398253,663.044222092,2115.42245248
50,0.410714285714,1764,-11.9742970484,67.8266779621,25.5104621321,13299454.2582,4.0839072643,7.11386494804,0.874000842874,0.0322982203858,4457.83093278,-1234.74198852,666.799829247,0.960246567604,0.262611226994,0.834239768797,668.231121929,2122.77663466
50.5,0.410714285714,1764,-20.8063082259,75.7824918496,25.4845448703,13285942.7257,4.06961073137,7.11386494804,0.872349017509,0.0322611159466,4440.76110483,-787.92100197,1153.06613868,0.959865511095,0.261884572846,0.832736488006,665.028774636,2114.64814516
51,0.410714285714,1764,-25.0088176612,86.9017683773,25.4665664201,13276569.9604,3.96579251166,7.11386494804,0.862944862071,0.0319916718208,4389.32421738,-168.584677875,1360.80964333,0.959946069449,0.257494476911,0.824253538907,652.958326187,2090.15438923
51.5,0.410714285714,1764,-23.6467471779,98.7104160582,25.4706484112,13278698.0384,3.90266484104,7.11386494804,0.857703163774,0.0318278337192,4365.61467248,469.51844122,1274.63301416,0.960529650144,0.254998861505,0.819538473031,646.837218453,2078.86412975
52,0.410714285714,1764,-17.0231638845,108.580955071,25.4947630096,13291269.7823,3.91798488283,7.11386494804,0.859418832595,0.0318675945173,4382.2268707,1006.42847663,922.051467749,0.960883271793,0.255751042943,0.821101502515,649.974216782,2086.77470033
52.5,0.410714285714,1764,-6.61184631334,114.317143918,25.5131939261,13300878.4335,3.90561653198,7.11386494804,0.858212068749,0.0318354943764,4382.72000773,1316.20488387,357.876913439,0.960797539934,0.255202991685,0.820007857696,649.519477275,2087.00952749
53,0.410714285714,1764,5.27063825656,114.642653517,25.5345383563,13312005.9964,3.91142751361,7.11386494804,0.858804878861,0.0318505758801,4392.93772261,1337.44899905,-286.057256605,0.960866758272,0.255469011048,0.820546076423,651.284894196,2091.875106
53.5,0.410714285714,1764,15.980380948,109.485056447,25.5527470961,13321498.8195,3.85795454046,7.11386494804,0.853889853553,0.031711795052,4375.37447645,1049.64771794,-860.853056255,0.960834242149,0.253204367806,0.816101138383,646.43244167,2083.51165545
54,0.410714285714,1764,23.1344134848,99.9919423894,25.5728125557,13331959.6124,3.8515777205,7.11386494804,0.853572648722,0.0316952450024,4380.76357989,538.721313009,-1247.30519077,0.96113315513,0.253024009921,0.815824555652,646.986892452,2086.07789519
54.5,0.410714285714,1764,25.1409298754,88.275574009,25.5921843811,13342058.7907,3.8745839856,7.11386494804,0.855707138974,0.0317549542038,4397.79148279,-93.4748084848,-1362.7976019,0.961168756048,0.254003558303,0.817756245575,650.475988907,2094.18642037
55,0.410714285714,1764,21.5534707565,76.9428985471,25.6157448295,13354341.6378,3.96831827203,7.11386494804,0.86415932953,0.031998227041,4447.01808669,-720.04113921,-1188.57816135,0.961040269597,0.25792951628,0.82538936144,661.746690237,2117.62766033
55.5,0.410714285714,1764,13.1702627071,68.5154897606,25.6008102479,13346555.7426,3.97513161012,7.11386494804,0.864309790744,0.0320159100059,4442.46416311,-1183.99824408,-725.805138009,0.960515482143,0.258061173419,0.825506428589,661.312674604,2115.45912529
56,0.410714285714,1764,1.85660906955,64.8684858641,25.5547307352,13322532.9566,3.9885362841,7.11386494804,0.865499757765,0.0320506997631,4432.23974251,-1382.98212385,-102.168820401,0.960477255963,0.258618615096,0.82657939121,660.357565264,2110.59035357
56.5,0.410714285714,1764,-9.87014884532,66.8133624307,25.5141848163,13301395.0176,4.06512127106,7.11386494804,0.872426578523,0.032249464247,4451.57624788,-1287.83337588,548.208297553,0.960402017498,0.261856281927,0.832826182629,666.504596205,2119.79821327
57,0.410714285714,1764,-19.4007520758,73.9173752486,25.4893915014,13288469.4361,4.07946656688,7.11386494804,0.873344957157,0.0322866952427,4447.26139811,-893.165337491,1077.44099879,0.959971357057,0.262337565796,0.833638318729,666.432514316,2117.74352291
57.5,0.410714285714,1764,-24.6145964386,84.5998479498,25.4679052954,13277267.9607,3.9716570263,7.11386494804,0.863430272042,0.0320068922611,4392.10963382,-294.135044284,1340.70584425,0.959890538634,0.257726347442,0.824689884542,653.615027617,2091.48077801
58,0.410714285714,1764,-24.3515769647,96.4838799596,25.4703054139,13278519.2225,3.91195138489,7.11386494804,0.858522024277,0.0318519355069,4369.4333378,350.015837835,1314.55820697,0.960496751445,0.255381194345,0.820277427178,647.789607485,2080.68254181
58.5,0.410714285714,1764,-18.670216728,106.925218088,25.4908329205,13289220.8959,3.91143483281,7.11386494804,0.858773864952,0.0318505948759,4377.75630979,915.416390134,1009.79628807,0.960831310365,0.255458787436,0.820516800218,649.031322635,2084.6458618
59,0.410714285714,1764,-8.83464518513,113.600615341,25.5069418945,13297619.041,3.89394836736,7.11386494804,0.857178665492,0.0318052114605,4375.58899029,1274.38569748,477.053047293,0.960834201189,0.254721301549,0.819075023785,647.975832369,2083.6138049
59.5,0.410714285714,1764,2.96667659237,115.024764334,25.5231650452,13306076.7102,3.88217064495,7.11386494804,0.856189665628,0.0317746442043,4376.3923883,1350.52122327,-160.103793467,0.960932024913,0.254253446192,0.818184304813,647.608683246,2083.99637538
60,0.410714285714,1764,14.1078988316,110.8807852,25.5482174339,13319137.3555,3.88254344329,7.11386494804,0.856282404359,0.0317756117447,4385.44963748,1129.25106823,-762.967468594,0.960997871646,0.254288643791,0.818270451107,648.970462038,2088.30935118
60.5,0.410714285714,1764,22.1100470212,102.090732845,25.5587862105,13324647.2111,3.81697829818,7.11386494804,0.8502886846,0.0316054475552,4359.99628746,647.31750969,-1183.73474634,0.960995787915,0.251529407389,0.812848515219,642.459825726,2076.18870831
61,0.410714285714,1764,25.1926054356,90.6104353888,25.5789893348,13335179.7732,3.85544411326,7.11386494804,0.854129138032,0.0317052796266,4385.62676976,32.9578169297,-1360.16569996,0.961361750355,0.25325408597,0.816335823746,647.888065458,2088.39369989
61.5,0.410714285714,1764,22.6696902846,78.994313179,25.6040676786,13348253.9498,3.93574291978,7.11386494804,0.861277991901,0.0319136827545,4428.97626469,-603.191038147,-1242.46257772,0.961147171662,0.256580877324,0.822790687764,657.686573814,2109.03631652
62,0.410714285714,1764,15.1026620919,69.8270082106,25.5969358906,13344535.911,3.93955243439,7.11386494804,0.861223613459,0.0319235697603,4426.1593609,-1105.12713247,-827.361743096,0.960698095599,0.256608156724,0.822725641139,657.390124782,2107.69493376
62.5,0.410714285714,1764,4.17522033103,65.1482890893,25.5572563926,13323849.666,3.95507373777,7.11386494804,0.862622469493,0.0319638529016,4419.22016025,-1360.66431963,-228.598882044,0.960676752788,0.257259091997,0.823988454016,657.016005631,2104.3905525
63,0.410714285714,1764,-7.68122765178,65.9991928935,25.5111821823,13299829.6443,3.98758011818,7.11386494804,0.865513791124,0.0320482181824,4417.23573077,-1316.22742596,421.245937918,0.960589759415,0.258611843185,0.826596107829,658.091581733,2103.44558608
63.5,0.410714285714,1764,-17.8285662428,72.1903895123,25.486622423,13287025.8232,4.0167006799,7.11386494804,0.868009106643,0.0321237960946,4420.71179685,-979.274820541,980.317116984,0.960407385705,0.25979457941,0.828841676075,659.829020662,2105.10085564
64,0.410714285714,1764,-24.0089647315,82.3443084884,25.4646062571,13275548.062,3.91854561003,7.11386494804,0.858898088119,0.031869049798,4369.24029553,-413.417086044,1296.5146549,0.960243798561,0.255584524743,0.820608379692,648.015273996,2080.59061692
64.5,0.410714285714,1764,-24.8472552956,94.2016549446,25.4641569578,13275313.8274,3.85306181023,7.11386494804,0.853407404088,0.0316990967277,4342.75791124,224.580603023,1328.09848769,0.960794401019,0.252986731116,0.815663376624,641.406129678,2067.97995773
65,0.410714285714,1764,-20.1569143297,105.124113353,25.4800302183,13283589.0871,3.83420750788,7.11386494804,0.852009208206,0.0316501633032,4341.49799519,807.207194088,1075.81885153,0.961160471444,0.252301429614,0.814411083126,640.466393181,2067.37999771
65.5,0.410714285714,1764,-10.9815648272,112.681385186,25.4928778248,13290286.9727,3.80591772664,7.11386494804,0.84951640039,0.0315767415531,4333.85822596,1206.21833502,584.0104003,0.961265682299,0.251144175796,0.812158733316,638.171782792,2063.74201236
66,0.410714285714,1764,0.637234659302,115.191941807,25.5041522094,13296164.6852,3.78511502746,7.11386494804,0.847753808422,0.0315227513662,4329.19855424,1336.50600147,-33.807157584,0.961423385232,0.250317938952,0.810568401177,636.635005779,2061.52312107
66.5,0.410714285714,1764,12.1142464277,112.097172523,25.5254010366,13307242.4071,3.78291172992,7.11386494804,0.847654486501,0.0315170330483,4335.95517672,1173.99889957,-643.616822956,0.96153922815,0.250259356661,0.810482391086,637.5470337,2064.74056034
67,0.410714285714,1764,20.8957812121,104.0856781,25.5375388439,13313570.2506,3.73715917634,7.11386494804,0.843481648184,0.0313982893746,4319.84218651,743.35046337,-1102.74340619,0.961551491423,0.248348914132,0.80670314258,633.281940502,2057.06770786
67.5,0.410714285714,1764,25.0279060927,92.9400538454,25.5503044845,13320225.4046,3.72695759511,7.11386494804,0.842771711482,0.031371812749,4320.75918445,155.091629017,-1320.25429836,0.961805878477,0.247996414517,0.806068313914,633.015463684,2057.50437355
68,0.410714285714,1764,23.5912037886,81.1402537394,25.5733595981,13332244.8038,3.79026210246,7.11386494804,0.848611838127,0.0315361098029,4356.97730981,-473.238773467,-1260.11197354,0.961862530517,0.250661684404,0.811360153078,640.973806083,2074.75109991
68.5,0.410714285714,1764,16.9053473407,71.3117889757,25.5774817592,13334393.8238,3.81982152515,7.11386494804,0.851004144378,0.0316128267109,4369.94979414,-1003.07582825,-907.381945953,0.961510575618,0.251799554299,0.813513619441,644.091075562,2080.9284734
69,0.410714285714,1764,6.45797135182,65.641539334,25.540650676,13315192.5524,3.7888778541,7.11386494804,0.848029488093,0.0315325172005,4342.921162,-1296.68827831,-343.780991269,0.961345901762,0.250453046996,0.810815381926,638.80306531,2068.05769619
69.5,0.410714285714,1764,-5.42633373091,65.3911621111,25.4985330777,13293235.2445,3.81746420868,7.11386494804,0.850795417679,0.0316067086607,4342.00739829,-1312.21512018,289.347965189,0.961518282026,0.251702789294,0.813324985868,639.875052744,2067.62257062
70,0.410714285714,1764,-16.1032539576,70.6163674205,25.4748529377,13280889.9982,3.84874545545,7.11386494804,0.853514323839,0.0316878942967,4347.02625005,-1036.87232215,861.397793045,0.961359041951,0.252971286964,0.81577959745,641.90588708,2070.01250002
70.5,0.410714285714,1764,-23.1971242053,80.1545224288,25.4579570101,13272081.5879,3.78351418089,7.11386494804,0.847396897306,0.0315185966166,4311.76716002,-520.156774451,1225.55165211,0.961184565085,0.250181310435,0.810237147633,633.984613574,2053.22245715
71,0.410714285714,1764,-25.1295248756,91.8833426467,25.4505993909,13268245.8158,3.6943208214,7.11386494804,0.839561547985,0.0312871090526,4271.58194399,98.0045216284,1307.67870019,0.961548138374,0.246561481688,0.803149993336,624.450501151,2034.08663999
71.5,0.410714285714,1764,-21.4704877027,103.19311024,25.4601058031,13273201.8253,3.6468360023,7.11386494804,0.835649882121,0.0311638695518,4255.97712136,681.94322634,1109.79544539,0.9620436002,0.244728815973,0.799618483332,620.272139556,2026.65577208
72,0.410714285714,1764,-13.0341657203,111.567348562,25.4723489727,13279584.5977,3.63015121218,7.11386494804,0.83435144319,0.0311205667606,4253.83982617,1113.05851283,672.673744352,0.962306579946,0.244111216525,0.798448830167,619.302002555,2025.63801246
72.5,0.410714285714,1764,-1.69768037134,115.142750075,25.475699979,13281331.589,3.57931793513,7.11386494804,0.829779114724,0.0309886368553,4232.8549686,1286.8679679,86.8914690338,0.962398851179,0.242032367884,0.794300955396,614.189600121,2015.64522314
73,0.410714285714,1764,10.0165468697,113.123771077,25.4943454766,13291052.1085,3.58570949665,7.11386494804,0.830606264251,0.0310052251643,4243.10962505,1186.94675703,-514.150904894,0.962679545742,0.242375842803,0.795061029749,615.961861803,2020.52839288
73.5,0.410714285714,1764,19.5020451753,105.959643918,25.5031029513,13295617.6719,3.53813499168,7.11386494804,0.826220649683,0.0308817528977,4224.74388767,813.095517675,-993.570132216,0.962644287831,0.240401299021,0.791076140491,611.363653373,2011.78280365
74,0.410714285714,1764,24.6482464207,95.2444206912,25.5106505505,13299552.487,3.51025298004,7.11386494804,0.823892537642,0.0308093894506,4215.98179805,266.149854483,-1250.877377,0.962906478412,0.239326137648,0.788968397275,608.989713419,2007.61038002
74.5,0.410714285714,1764,24.3100965496,83.3622891182,25.5293596239,13309306.1506,3.54243495253,7.11386494804,0.826971149991,0.0308929127807,4237.16683425,-339.282029898,-1242.59387781,0.963059875683,0.240695057383,0.79177114391,613.371752898,2017.6984925
75,0.410714285714,1764,18.5628355037,72.9570795325,25.5384564001,13314048.6032,3.57388783129,7.11386494804,0.829699157891,0.030974543861,4253.42842585,-876.282540047,-954.430825202,0.962882804036,0.241944270355,0.794243718902,616.994634259,2025.44210755
75.5,0.410714285714,1764,8.68525598072,66.3440001575,25.5095824119,13298995.6307,3.52389030791,7.11386494804,0.824972499561,0.030844783025,4220.8410379,-1202.96148044,-441.665051662,0.96270949191,0.239832592783,0.789943892381,610.22733604,2009.92430376
76,0.410714285714,1764,-3.12483397412,64.994492354,25.471318991,13279047.634,3.50881312325,7.11386494804,0.823827756001,0.030805652525,4202.69094817,-1264.90035365,158.069320364,0.962984872322,0.239288736949,0.788911947022,607.018440047,2001.28140389
76.5,0.410714285714,1764,-14.2396336271,69.2088279752,25.4479100098,13266843.7517,3.5131909294,7.11386494804,0.824299634501,0.0308170144435,4197.26432648,-1050.67845617,719.597541585,0.963067791943,0.23949205113,0.789343482436,606.418024872,1998.69729833
77,0.410714285714,1764,-22.1860476169,78.0492974624,25.4403288309,13262891.4305,3.50672930006,7.11386494804,0.823687258871,0.0308002442844,4191.801582,-602.879840115,1119.22464792,0.963043721357,0.239219386695,0.788786054963,605.366760543,1996.09599143
77.5,0.410714285714,1764,-25.1959613405,89.5488546465,25.4296459506,13257322.0889,3.40168432969,7.11386494804,0.81409698909,0.030527616317,4141.95995225,-22.331522033,1247.19042643,0.963079247767,0.234923085628,0.780062168576,593.995399297,1972.36188202
78,0.410714285714,1764,-22.5996547939,101.1487938,25.4301923596,13257606.9501,3.31334265794,7.11386494804,0.806488223078,0.0302983391768,4105.42095015,543.802319224,1102.33850503,0.96365529859,0.23148260996,0.773147492143,585.321421101,1954.96235721
78.5,0.410714285714,1764,-14.9748184328,110.268073734,25.4412100954,13263350.8631,3.30497254495,7.11386494804,0.806124393528,0.0302766158436,4107.29121822,988.571938204,730.394287898,0.96413754973,0.231272908739,0.772829899131,585.298011734,1955.85296106
79,0.410714285714,1764,-4.01801432076,114.87761164,25.437603126,13261470.4297,3.23444285068,7.11386494804,0.799695567683,0.0300935669349,4074.97753236,1198.14213644,193.513442213,0.964183136127,0.228429280641,0.766967201051,577.937538589,1940.4654916
79.5,0.410714285714,1764,7.83281693419,113.951763586,25.4550281007,13270554.6498,3.25406760736,7.11386494804,0.801813687162,0.0301444999544,4090.90339475,1159.66207768,-379.23807687,0.96456653229,0.229324938727,0.768910887084,580.998759537,1948.04923559
80,0.410714285714,1764,17.9408094669,107.696535132,25.4580256791,13272117.3874,3.18828548645,7.11386494804,0.795691754624,0.0299737726378,4062.11423561,846.979040803,-858.670326154,0.964459984823,0.226641517351,0.763319997141,574.335507708,1934.3401122
80.5,0.410714285714,1764,24.0568872503,97.5037441206,25.4583061656,13272263.6143,3.14108353914,7.11386494804,0.791655232912,0.029851267287,4042.63381778,356.288929608,-1142.25678147,0.964816728415,0.224838040064,0.759642653947,569.777845114,1925.06372275
81,0.410714285714,1764,24.8201941226,85.6413346405,25.4697067856,13278207.1376,3.14184284565,7.11386494804,0.791934373469,0.0298532379496,4047.65161228,-207.231095214,-1180.0667377,0.965071997954,0.224935495286,0.759904790522,570.535459247,1927.45314871
81.5,0.410714285714,1764,20.0608907035,74.7487487667,25.4793427773,13283230.7012,3.1651617002,7.11386494804,0.79407109974,0.0299137584285,4061.12035153,-728.68324989,-958.4810328,0.965067896337,0.225871458943,0.761856829346,573.343056576,1933.86683406
82,0.410714285714,1764,10.8379444577,67.2496382462,25.4580121889,13272110.3545,3.09912411743,7.11386494804,0.787907573583,0.0297423681002,4024.32930085,-1072.27453892,-510.816136551,0.964941857208,0.223189210291,0.756220556041,565.586367647,1916.34728612
82.5,0.410714285714,1764,-0.79649556222,64.8125905497,25.4288870621,13256926.4551,3.05873972508,7.11386494804,0.784480973803,0.0296393311321,3998.53990223,-1176.32321507,37.1985940985,0.965298412246,0.221662868245,0.753096581489,560.433918725,1904.06662011
83,0.410714285714,1764,-12.2537115618,67.9798602875,25.4106698761,13247429.2288,3.04048512942,7.11386494804,0.782911199758,0.0296037725937,3985.23664052,-1023.66113525,569.644355221,0.965515876937,0.220957325936,0.751667606175,557.849940255,1897.73173358
83.5,0.410714285714,1764,-20.9844189271,76.046715,25.4099963137,13247078.0782,3.06864235506,7.11386494804,0.785657372808,0.0296632574023,3998.3503297,-652.105510444,980.704917579,0.965614029692,0.222145075239,0.754181000712,560.818912919,1903.97634748
84,0.410714285714,1764,-25.0459940789,87.2182414553,25.3939277344,13238700.9922,2.92353714649,7.11386494804,0.771679642941,0.0293759669815,3925.56561426,-126.300590963,1137.16694045,0.965462593635,0.216088015889,0.741389498277,544.837758983,1869.31695917
84.5,0.410714285714,1764,-23.5347173836,99.0087223107,25.3925821063,13237999.4714,2.84354529496,7.11386494804,0.764642602572,0.0292201490508,3891.12131765,403.108564724,1053.09563537,0.966240669937,0.212985277059,0.734962174901,536.95769609,1852.91491317
85,0.410714285714,1764,-16.7868550362,108.79471995,25.4005105476,13242132.8322,2.8411714506,7.11386494804,0.764752671407,0.0292155249858,3894.14407742,841.556639689,751.652025297,0.96666709697,0.212993862181,0.735074016679,537.314719411,1854.35432258
85.5,0.410714285714,1764,-6.30383824455,114.398803729,25.3903923738,13236857.8909,2.73800777688,7.11386494804,0.754880605402,0.0290145701403,3843.10302688,1069.96966896,276.444525506,0.966679724161,0.208770243219,0.726017602568,526.240391549,1830.04906042
86,0.410714285714,1764,5.58181229736,114.574038567,25.4014001935,13242596.6342,2.74732903348,7.11386494804,0.756201313378,0.0290327272262,3852.93119947,1081.24723218,-245.597364091,0.967226936955,0.209284781179,0.727243567158,527.994889847,1834.7291426
86.5,0.410714285714,1764,16.2254832687,109.281433886,25.399312093,13241508.0378,2.66099615226,7.11386494804,0.747888663028,0.0288645574607,3811.84794371,833.936198579,-701.764086492,0.967177618869,0.205756743493,0.719607377304,519.008826945,1815.16568748
87,0.410714285714,1764,23.2589076626,99.6986191977,25.3976939664,13240664.4545,2.61844268695,7.11386494804,0.744160916191,0.0287816666064,3793.26983865,416.126175911,-997.94002674,0.967633442257,0.20414137929,0.716191420488,514.868561095,1806.31897079
87.5,0.410714285714,1764,25.1171153685,87.957815981,25.4012314507,13242508.6629,2.6009689594,7.11386494804,0.742657243424,0.0287476291386,3787.02837763,-87.3652396028,-1074.51766434,0.967857322757,0.203487972318,0.714813858647,513.363568345,1803.34684649
88,0.410714285714,1764,21.3866464049,76.6714083432,25.4074379904,13245744.339,2.60496258217,7.11386494804,0.743110719047,0.0287554084064,3791.10144554,-570.993946843,-916.199247073,0.967949101654,0.203671368486,0.715233100418,514.077371306,1805.28640264
88.5,0.410714285714,1764,12.8975477162,68.3506752321,25.3887955946,13236025.4367,2.51021481738,7.11386494804,0.734007005284,0.0285708470996,3741.19438221,-908.70789357,-541.361152972,0.967928133458,0.199848197514,0.706854493556,503.687520961,1781.52113438
89,0.410714285714,1764,1.53868381142,64.847019021,25.3741894595,13228410.7715,2.48717357111,7.11386494804,0.732172181382,0.0285259645366,3728.01662272,-1050.29020402,-64.2494237791,0.968424333008,0.19903982658,0.705175851315,501.073111723,1775.24601082
89.5,0.410714285714,1764,-10.1625445008,66.940019747,25.3607705675,13221415.0558,2.44869433723,7.11386494804,0.728570068917,0.0284510099695,3706.56112927,-954.566094313,420.677741522,0.968544599456,0.197527092761,0.701859567802,496.739069421,1765.02910918
90,0.410714285714,1764,-19.6025587157,74.1639748738,25.3592951835,13220645.889,2.44587446943,7.11386494804,0.728450194041,0.0284455170855,3705.57009097,-655.234874524,811.079800525,0.96874509294,0.197460827684,0.701753556579,496.51465135,1764.55718618
90.5,0.410714285714,1764,-24.6809111336,84.911520304,25.3492938762,13215431.8742,2.34374336114,7.11386494804,0.718657032221,0.0282465735974,3654.99315275,-206.046578621,999.398170004,0.968759768236,0.193397171349,0.69272168509,485.913100012,1740.47292988
91,0.410714285714,1764,-24.2676443822,96.7912764734,25.3458645759,13213644.0656,2.26266862941,7.11386494804,0.711263006199,0.0280886462999,3618.04811176,270.535535902,966.719615044,0.969289667423,0.190310686978,0.685905152671,478.028901273,1722.88005322
91.5,0.410714285714,1764,-18.4547122636,107.159941587,25.3456063861,13213509.4626,2.21182302765,7.11386494804,0.706684257483,0.0279896030061,3595.69867957,676.712332479,727.772371359,0.969708056304,0.188402821553,0.681682062608,473.227018204,1712.23746646
92,0.410714285714,1764,-8.53551959889,113.710438739,25.3341268851,13207524.8161,2.11722418442,7.11386494804,0.697782256963,0.0278053317869,3549.07117211,916.113296753,329.791577686,0.969969413866,0.184757553294,0.673452196603,463.650617445,1690.03389148
92.5,0.410714285714,1764,3.28286644626,114.985251408,25.3378725746,13209477.5689,2.10855388438,7.11386494804,0.697296752596,0.0277884427141,3547.80177148,964.438008575,-126.719604546,0.970453530403,0.184524818594,0.673012295617,463.203508107,1689.42941499
93,0.410714285714,1764,14.3707992189,110.70072776,25.339602212,13210379.2865,2.0569671253,7.11386494804,0.69236751687,0.0276879557032,3524.22404487,790.511610056,-548.786678411,0.970497760841,0.182527178942,0.668448375161,458.251489052,1678.20192613
93.5,0.410714285714,1764,22.2611613654,101.810194523,25.3333905411,13207140.9354,2.01215377496,7.11386494804,0.688244116023,0.0276006627679,3502.38801355,446.631136213,-841.859782657,0.970760432869,0.180846370552,0.664632492497,453.809090463,1667.80381598
94,0.410714285714,1764,25.1983100822,90.2918372845,25.3333900827,13207140.6964,1.9896752908,7.11386494804,0.686242593408,0.0275568764219,3492.63271161,10.9864472246,-948.610471014,0.97098792948,0.180025641057,0.662781296513,451.749566341,1663.1584341
94.5,0.410714285714,1764,22.5287159227,78.7085448735,25.3329860887,13206930.0809,1.94775380609,7.11386494804,0.682289039851,0.0274752166168,3473.21136375,-421.301251402,-840.580430462,0.971101800676,0.178432744539,0.659116815978,447.738131198,1653.91017321
95,0.410714285714,1764,14.8463761823,69.6376545002,25.3162855502,13198223.5335,1.8316700395,7.11386494804,0.67126496447,0.0272490944312,3414.79542239,-740.016629632,-539.55303257,0.971313732403,0.174027625562,0.648886393148,436.108873394,1626.09305828
95.5,0.410714285714,1764,3.86064769763,65.097482068,25.3070798094,13193424.274,1.80358232808,7.11386494804,0.66896343419,0.0271943817449,3401.12008432,-899.419066395,-139.437311414,0.971897616578,0.173076955638,0.646758052218,433.411144455,1619.58099253
96,0.410714285714,1764,-7.98409311389,66.0982373631,25.3005434246,13190016.6387,1.77307065281,7.11386494804,0.66612130389,0.0271349473649,3385.49050053,-857.185645622,286.332439767,0.972038231953,0.171945078778,0.644118612329,430.354359373,1612.13833359
96.5,0.410714285714,1764,-18.0523355395,72.4172476111,25.3009008462,13190202.9745,1.76046535814,7.11386494804,0.665011433621,0.0271103932272,3380.17584577,-628.94380893,645.74103207,0.972190687868,0.171497386345,0.643089283649,429.245975841,1609.6075456
97,0.410714285714,1764,-24.1038481384,82.6485032191,25.2931762474,13186175.8836,1.68392235702,7.11386494804,0.657680119403,0.0269612933899,3342.29045613,-258.387370956,847.192093807,0.972253582181,0.168613855803,0.636269925763,421.771041175,1591.56688387
97.5,0.410714285714,1764,-24.7921408071,94.5155015445,25.2906681062,13184868.306,1.61757269926,7.11386494804,0.651542908174,0.026832049396,3311.64775695,156.399729659,858.705081082,0.972634360578,0.166193443692,0.630561542865,415.634174279,1576.97512236
98,0.410714285714,1764,-19.9640651795,105.377779473,25.2870940868,13183005.0506,1.54577262806,7.11386494804,0.644840513141,0.0266921884188,3277.94396639,524.076291522,680.377375786,0.972962843102,0.163571457874,0.624320541452,408.961222878,1560.92569828
98.5,0.410714285714,1764,-10.6938908611,112.818428917,25.2747470293,13176568.1179,1.44723325081,7.11386494804,0.635571090821,0.0265002413445,3229.41291651,759.828755319,356.094883304,0.973316632604,0.159978212351,0.615678362338,399.586890793,1537.81567453
99,0.410714285714,1764,0.955724626665,115.181870273,25.2734046796,13175868.3063,1.43574445564,7.11386494804,0.634777659014,0.0264778620615,3225.22312678,836.693128497,-31.75491809,0.973799309909,0.15964495761,0.614944908973,398.712146206,1535.82053656
99.5,0.410714285714,1764,12.3926868759,111.942226687,25.2757198395,13177075.2763,1.39691829057,7.11386494804,0.631067432427,0.0264022316993,3207.6435381,722.686006731,-408.163743757,0.973855367919,0.15822181822,0.611481020431,395.230265568,1527.44930386
100,0.410714285714,1764,21.0722178279,103.820334143,25.2734754578,13175905.2053,1.38616918837,7.11386494804,0.630152474488,0.0263812932808,3202.60593981,454.066630463,-692.327033976,0.974044476103,0.157861271546,0.610629128591,394.259611189,1525.05044753
100.5,0.410714285714,1764,25.0630808966,92.6233520483,25.2686107004,13173369.0451,1.33537598513,7.11386494804,0.625283469473,0.0262823520553,3177.52319018,85.143268369,-813.445006096,0.974096738417,0.15600391631,0.606079992511,389.470876044,1513.10628104
101,0.410714285714,1764,23.4772902208,80.8426617466,25.2625510497,13170209.9473,1.25564316675,7.11386494804,0.617743483558,0.026127038701,3139.06666455,-291.603339499,-747.603292716,0.974343149794,0.153134596048,0.599032076873,382.124147558,1494.79364979
101.5,0.410714285714,1764,16.6676917075,71.0995224096,25.2529690757,13165214.5448,1.1661307739,7.11386494804,0.609341774812,0.0259526754932,3095.52869064,-588.917760897,-519.346647868,0.974728125708,0.149955178689,0.591172042878,373.906590294,1474.06128126
102,0.410714285714,1764,6.14945315273,65.561828507,25.2441260955,13160604.4044,1.12126705211,7.11386494804,0.605275087717,0.0258652844382,3073.4541686,-753.103780563,-189.50584822,0.975157631968,0.148412310623,0.587367628326,369.800390726,1463.5496041
102.5,0.410714285714,1764,-5.73706774095,65.4617430583,25.2384908489,13157666.5626,1.10173605085,7.11386494804,0.60352033541,0.0258272395606,3063.49475865,-752.462138471,175.926361484,0.97537182113,0.147746998392,0.585725760081,367.978283181,1458.80702793
103,0.410714285714,1764,-16.3470639954,70.8215355481,25.2387831267,13157818.9367,1.08452868852,7.11386494804,0.601914617394,0.0257937209516,3055.698724,-585.721098365,499.248534858,0.975464839586,0.147144726209,0.584221663602,366.486753828,1455.09463048
103.5,0.410714285714,1764,-23.3197613871,80.4486268605,25.232709483,13154652.5438,1.02371263998,7.11386494804,0.596091772256,0.0256620597907,3025.6642182,-287.302465095,701.451491226,0.975546677072,0.144994074508,0.578757860095,360.956433258,1440.79248486
104,0.410714285714,1764,-25.1037018499,92.2009437588,25.2301677369,13153327.4468,0.971515098372,7.11386494804,0.591278111887,0.0254265186389,3001.26788493,65.4294987752,746.2810546,0.975835053387,0.143327280723,0.574206934865,356.735142439,1429.1751833
104.5,0.410714285714,1764,-21.3019502145,103.463540287,25.2248889952,13150575.4628,0.885422725606,7.11386494804,0.58319527832,0.025038027227,2960.04781846,392.340276726,620.758943327,0.976081484763,0.140556062027,0.566557701289,349.691330836,1409.54658022
105,0.410714285714,1764,-12.760414156,111.730435582,25.2161630743,13146026.3494,0.804172432746,7.11386494804,0.575664448393,0.0246713856771,2920.76421191,621.252022375,364.807832358,0.976485744246,0.137989443626,0.559425730426,343.068331074,1390.84010091
105.5,0.410714285714,1764,-1.3796257454,115.162206437,25.2114826889,13143586.3085,0.794205117876,7.11386494804,0.574934036365,0.0246264082174,2916.08057807,717.745469855,39.3534697093,0.976864738513,0.13773028717,0.558736050518,342.296915004,1388.60979908
106,0.410714285714,1764,10.3081359024,112.995267648,25.2181037335,13147038.0797,0.80267237554,7.11386494804,0.575771626638,0.0246646166763,2921.75988163,657.618112829,-294.791823371,0.976911061004,0.138011390859,0.559530307804,343.175712266,1391.31422935
106.5,0.410714285714,1764,19.7022886793,105.711773318,25.2163803237,13146139.6088,0.776990694236,7.11386494804,0.573290765269,0.0245487282147,2909.08033117,446.544837488,-559.959408676,0.976871712326,0.137176230523,0.55717826894,341.052403276,1385.27634817
107,0.410714285714,1764,24.7125892716,94.932335298,25.2137971597,13144792.9193,0.731171138027,7.11386494804,0.568975409187,0.024341967691,2887.12652221,138.668056626,-694.771649012,0.97699097594,0.135722489251,0.553086750485,337.368929516,1374.82215343
107.5,0.410714285714,1764,24.2242221596,83.055429404,25.2074266611,13141471.766,0.643720554279,7.11386494804,0.560727335762,0.0239473473587,2844.8373338,-191.173982723,-666.857794094,0.977203140044,0.132963015112,0.545260907391,330.342641196,1354.68444467
108,0.410714285714,1764,18.3458513297,72.7237232313,25.2007103249,13137970.3161,0.558615972946,7.11386494804,0.552808012399,0.0235633133508,2804.11058218,-465.926566296,-494.772087194,0.977605860251,0.13033055511,0.537741457127,323.629846314,1335.29075342
108.5,0.410714285714,1764,8.38544202507,66.2360701473,25.1910984909,13132959.3466,0.508724261036,7.11386494804,0.548248041993,0.0233381772443,2779.40039395,-632.984969847,-223.357786371,0.977994963146,0.128820628293,0.533409628515,319.636511521,1323.52399712
109,0.410714285714,1764,-3.44076769175,65.0360035713,25.180294281,13127326.7518,0.475143491189,7.11386494804,0.545157152026,0.0231866441843,2761.7224152,-659.130098408,90.8473750884,0.97822176879,0.127802667274,0.530471883431,316.838740283,1315.105912
109.5,0.410714285714,1764,-14.501390364,69.3905439783,25.1783398995,13126307.8676,0.486630442717,7.11386494804,0.546342884461,0.023238478997,2767.1679122,-545.703062362,383.971955484,0.978373880033,0.128185873316,0.531600372639,317.739427059,1317.69900581
110,0.410714285714,1764,-22.3353852641,78.3307855833,25.1727796685,13123409.1339,0.464303040289,7.11386494804,0.544174009887,0.0231377267025,2755.21210846,-307.140820978,587.880925136,0.978321896976,0.127478827532,0.52953739808,315.847298724,1312.00576594
110.5,0.410714285714,1764,-25.199651567,89.8674824503,25.1703430882,13122138.8633,0.402604605083,7.11386494804,0.53831643026,0.0228593128148,2725.68991926,-3.4350690388,653.215691479,0.978422890093,0.125570692967,0.523964815935,311.059392107,1297.9475806
111,0.410714285714,1764,-22.4568765069,101.433665097,25.16359211,13118619.3533,0.303093124726,7.11386494804,0.528928595149,0.0224102677454,2677.7582162,289.058904693,567.740971134,0.978700952933,0.122534984582,0.515027044358,303.376636173,1275.1229601
111.5,0.410714285714,1764,-14.7173404747,110.455803317,25.1583418686,13115882.2275,0.228748259765,7.11386494804,0.522038082848,0.0220747869051,2642.52349997,507.594838927,365.199349636,0.979146263594,0.120320912915,0.508462323162,297.770660613,1258.3445238
112,0.410714285714,1764,-3.70312675207,114.926428791,25.1541476862,13113695.6604,0.230470235858,7.11386494804,0.522379313679,0.0220825573138,2643.34102546,618.839402122,91.936184059,0.979476378405,0.120421261392,0.50878925549,297.919645362,1258.73382165
112.5,0.410714285714,1764,8.13505014389,113.850806258,25.1612339223,13117389.9515,0.245529839832,7.11386494804,0.523820245477,0.0221505137033,2651.97092459,594.729637688,-202.85081235,0.979468757374,0.120880746947,0.5101628562,299.224922422,1262.84329742
113,0.410714285714,1764,18.1631400025,107.468266807,25.1644581386,13119070.8429,0.225441916019,7.11386494804,0.521857232429,0.0220598670451,2642.918444,433.441502276,-450.683446481,0.979402056552,0.120256898361,0.508291144098,297.756960362,1258.53259238
113.5,0.410714285714,1764,24.1498455188,97.1989555784,25.1660954826,13119924.4449,0.189161350808,7.11386494804,0.51842336366,0.0218961511717,2626.23622421,177.02747221,-593.86199288,0.979491008103,0.119163700951,0.50501706684,295.088592141,1250.58867819
114,0.410714285714,1764,24.7630964706,85.3278427694,25.163978497,13118820.7898,0.110826049579,7.11386494804,0.510990362002,0.0215426635072,2588.92371354,-112.605911109,-596.827311741,0.979651250568,0.116812580281,0.497925755006,289.217778132,1232.82081597
114.5,0.410714285714,1764,19.866441628,74.496306987,25.1582059116,13115811.3486,0.0293438069406,7.11386494804,0.503347310047,0.021174975285,2549.81500121,-365.813594321,-468.753761588,0.979995421029,0.114411540759,0.490629079297,283.143063281,1214.19761962
115,0.410714285714,1764,10.5494097954,67.1144160448,25.1473003398,13110125.9105,-0.037851857785,7.11386494804,0.497076469307,0.0208717551759,2516.49786182,-530.300806666,-244.449105398,0.980350762044,0.112455846886,0.484638348673,278.061931584,1198.33231515
115.5,0.410714285714,1764,-1.11491548774,64.8246755045,25.131331463,13101800.8027,-0.0520376992582,7.11386494804,0.495861221921,0.0208077416355,2507.28437536,-580.637948814,25.7141568133,0.980641745132,0.112073731445,0.483477809457,276.765266204,1193.94494065
116,0.410714285714,1764,-12.5311668148,68.1365634389,25.1231443882,13097532.6077,-0.00206833060819,7.11386494804,0.500692856231,0.0210332281676,2529.58495455,-510.650718875,292.682686203,0.980702936423,0.113569580316,0.488095977647,280.276552562,1204.56426407
116.5,0.410714285714,1764,-21.1591744048,76.3131691577,25.1146047254,13093080.5969,-0.0100400984341,7.11386494804,0.499816920863,0.0209972556042,2523.52601593,-318.705727532,492.703544769,0.980487020827,0.113302309578,0.487258068962,279.426901263,1201.6790552
117,0.410714285714,1764,-25.079165863,87.5351593119,25.108274006,13089780.1818,-0.092135416213,7.11386494804,0.491948854097,0.0206268008835,2483.31854592,-56.1347507718,571.15769472,0.980521535788,0.110869914881,0.479736387964,273.290283022,1182.53264091
117.5,0.410714285714,1764,-23.4189245957,99.305588148,25.1038449608,13087471.1729,-0.179389587545,7.11386494804,0.483742199458,0.0202330668612,2441.81897841,207.036890241,521.039749872,0.980875447448,0.108349748831,0.471885817184,266.98395022,1162.7709421
118,0.410714285714,1764,-16.5478621178,109.005479718,25.098318144,13084589.8591,-0.263559792491,7.11386494804,0.475835228762,0.0198532492222,2401.58940098,413.276140282,359.834989028,0.981248516848,0.105944092494,0.464315803846,260.941252567,1143.61400047
118.5,0.410714285714,1764,-5.99482224763,114.476562386,25.0996208918,13085269.0249,-0.248912164228,7.11386494804,0.477416806002,0.0199193465733,2409.681432,534.667751367,130.951319082,0.981605363165,0.106415216265,0.46583193189,262.128844538,1147.46734857
119,0.410714285714,1764,5.89209385561,114.501494444,25.1068388441,13089031.9841,-0.227063190462,7.11386494804,0.479487597116,0.0200179399607,2421.33103829,538.681640408,-129.541599628,0.981543478921,0.107043430358,0.467814896862,263.827975866,1153.01478014
119.5,0.410714285714,1764,16.4679912777,109.074728393,25.1137345209,13092626.9302,-0.260986436729,7.11386494804,0.476180836878,0.0198648614775,2406.258587,415.68572459,-358.878446165,0.981451000898,0.10604461953,0.464647544705,261.509815093,1145.83742238
120,0.410714285714,1764,23.3796829462,99.4037452823,25.1231793949,13097550.8579,-0.281893786149,7.11386494804,0.474240006824,0.0197705171653,2398.43532945,203.947639701,-507.056604648,0.981594497682,0.10545644242,0.462788716558,260.254994466,1142.11206164
120.5,0.410714285714,1764,25.0892848563,87.6403844802,25.1280412886,13100085.5251,-0.337460139745,7.11386494804,0.468938873244,0.0195197742659,2373.02608354,-50.4211512083,-536.117267755,0.981682693347,0.103862489456,0.457708719286,256.420509788,1130.01242073
121,0.410714285714,1764,21.2164025172,76.4020492636,25.1259244242,13098981.9331,-0.399320034845,7.11386494804,0.463100011233,0.0192406317912,2343.60809212,-285.632140442,-445.661745724,0.981916189284,0.102116048588,0.452110755165,252.066340859,1116.00385339
121.5,0.410714285714,1764,12.6227705212,68.1893222396,25.1169006705,13094277.5495,-0.439354675171,7.11386494804,0.459369865636,0.0190599756722,2323.3929316,-452.83437324,-262.074587516,0.982174576089,0.101004940343,0.448533118235,249.144595072,1106.37758647
122,0.410714285714,1764,1.22051253133,64.8295739178,25.0955500832,13083146.7767,-0.448252703023,7.11386494804,0.458591380951,0.0190198233649,2315.58430292,-520.497421374,-25.238890404,0.982340921305,0.100771811197,0.447786612609,248.147132515,1102.65919187
122.5,0.410714285714,1764,-10.453315255,67.0703641507,25.0767598277,13073350.7902,-0.38202597967,7.11386494804,0.464982043968,0.0193186711308,2343.77250466,-482.360238272,219.901601154,0.982377798805,0.10266821017,0.453917118963,252.438499125,1116.08214508
123,0.410714285714,1764,-19.8012310794,74.4131065398,25.0612203559,13065249.5456,-0.375731452436,7.11386494804,0.465457336397,0.0193470751542,2343.21483112,-327.955401327,416.627001526,0.982102504967,0.102814715817,0.454372067291,252.485514575,1115.81658625
123.5,0.410714285714,1764,-24.7432795685,85.2240062611,25.0522871875,13060592.3871,-0.459889119214,7.11386494804,0.457348311382,0.0189673140936,2301.45618863,-98.0677345757,508.065442698,0.982076241256,0.100408879261,0.446592984599,246.401666177,1095.93151839
124,0.410714285714,1764,-24.1798316174,97.097587122,25.0490442494,13058901.7354,-0.538060695593,7.11386494804,0.449987829605,0.0186145652368,2264.45988988,142.552024853,485.641655175,0.982425973694,0.0982392022609,0.439527710128,241.014906734,1078.31423327
124.5,0.410714285714,1764,-18.2362570535,107.391921363,25.0445800618,13056574.4055,-0.623323394863,7.11386494804,0.441926864763,0.0182298177225,2223.7714569,340.822278152,357.368374912,0.982748079471,0.0958864836876,0.431784045906,235.159028872,1058.938789
125,0.410714285714,1764,-8.23502925834,113.816471047,25.0462168471,13057427.7163,-0.647547425823,7.11386494804,0.439750532364,0.018120506901,2213.29120658,463.691356947,160.330717503,0.983096358494,0.0952514960521,0.429692955474,233.632273752,1053.94819361
125.5,0.410714285714,1764,3.59853139877,114.941743559,25.0561319368,13062596.7831,-0.623229946308,7.11386494804,0.442136715086,0.0182302394086,2226.86859982,489.500525429,-70.6238922829,0.983194724898,0.0959406787939,0.431986808373,235.509048965,1060.41361896
126,0.410714285714,1764,14.6314018422,110.517360457,25.0697444796,13069693.4553,-0.62357072768,7.11386494804,0.442059489759,0.0182287016343,2228.90464193,403.018427608,-287.401714095,0.983095978527,0.0959197613522,0.431912349246,235.713611474,1061.38316282
126.5,0.410714285714,1764,22.4087163462,101.527767855,25.0819289037,13076045.6018,-0.648397008114,7.11386494804,0.439669161243,0.0181166731651,2219.20327552,225.023099598,-437.420225125,0.983097364145,0.0952279651195,0.429614734214,234.241114948,1056.76346454
127,0.410714285714,1764,25.1999857412,89.9731925179,25.0977912501,13084315.1717,-0.67506527037,7.11386494804,0.437145633342,0.0179963327618,2209.4636729,-0.519932432113,-488.754960794,0.983198170091,0.0944983806874,0.427188750777,232.740589211,1052.12555852
127.5,0.410714285714,1764,22.3841394179,78.4245819722,25.100200101,13085570.986,-0.726589421175,7.11386494804,0.432230439042,0.0177638302828,2185.43418253,-221.190725078,-427.73090494,0.983306151893,0.0930851385797,0.422461670541,229.30391754,1040.68294406
128,0.410714285714,1764,14.5877164681,69.4515565493,25.0937999319,13082234.3645,-0.750039872988,7.11386494804,0.430062345364,0.0176580102334,2173.53694482,-389.827212993,-276.745480421,0.983513883882,0.0924623335401,0.420376192359,227.653572259,1035.01759277
128.5,0.410714285714,1764,3.54545778071,65.0506567396,25.0712889605,13070498.6447,-0.722599264877,7.11386494804,0.432747619804,0.0177818358436,2182.97374369,-476.386584085,-67.6975142609,0.983608038929,0.0932291163962,0.422959842052,229.129839185,1039.51130652
129,0.410714285714,1764,-8.28568198994,66.2011035138,25.0426735837,13055580.495,-0.655426815386,7.11386494804,0.439170967486,0.0180849511941,2209.80080233,-462.375487479,160.97789456,0.983497838759,0.095078229357,0.429136731642,233.141307748,1052.28609635
129.5,0.410714285714,1764,-18.2732184268,72.6469170369,25.018567967,13043013.4335,-0.644353623565,7.11386494804,0.44011644679,0.0181349189181,2210.21674889,-337.475465534,355.369873383,0.983226664845,0.095355369971,0.430045015594,233.370957484,1052.48416614
130,0.410714285714,1764,-24.1948775526,82.9538733893,25.0021010745,13034428.6935,-0.740113639259,7.11386494804,0.430873172465,0.0177028023147,2161.68136821,-133.036768898,456.819542328,0.983181770666,0.0926985031431,0.421155633317,226.570045499,1029.3720801
130.5,0.410714285714,1764,-24.733062274,94.8286261555,24.9987731435,13032693.7321,-0.812934725305,7.11386494804,0.424025969214,0.0173741975193,2127.29451333,89.2227800766,457.014584441,0.983568214397,0.0907442815211,0.414566473172,221.734573444,1012.9973873
131,0.410714285714,1764,-19.7680239514,105.628986821,24.9937397432,13030069.6528,-0.906985797827,7.11386494804,0.41508665796,0.0169497925136,2082.27840058,280.647806146,354.971990013,0.983859352368,0.0882211731837,0.405957206716,215.482533339,991.561143132
131.5,0.410714285714,1764,-10.4045070361,112.951824183,24.9974402137,13031998.8314,-0.950698086614,7.11386494804,0.410895097635,0.0168794230119,2062.33309454,406.213373176,184.144400273,0.984231841812,0.0869261450983,0.401949675308,212.382268146,982.063378351
132,0.410714285714,1764,1.27406178209,115.16777238,25.0095858579,13038330.7606,-0.930097358554,7.11386494804,0.413077756922,0.0168547284749,2074.99403061,449.546637733,-22.7572858556,0.984403602524,0.0876438535826,0.404024590916,214.343946351,988.092395527
132.5,0.410714285714,1764,12.6691458429,111.783772483,25.0275428967,13047692.3635,-0.901386380985,7.11386494804,0.415822106084,0.0169750598548,2091.56337089,393.119479253,-228.632943175,0.984322763204,0.0884218365731,0.406666639131,216.557244831,995.982557566
133,0.410714285714,1764,21.2452851819,103.552780436,25.0450405715,13056814.4846,-0.918826394249,7.11386494804,0.414092874906,0.0168963618801,2085.90629419,243.583253656,-381.840148153,0.984209777147,0.0879386986072,0.405000223926,215.675230462,993.288711519
133.5,0.410714285714,1764,25.0942483349,92.3062308004,25.0675277601,13068537.8056,-0.93486800316,7.11386494804,0.412536456522,0.0168604471495,2081.96179636,41.3021777263,-449.41170002,0.984278453243,0.0874684967516,0.403509435718,214.907429315,991.41037922
134,0.410714285714,1764,23.3596228413,80.5465339314,25.0760878626,13073000.4724,-0.970729830343,7.11386494804,0.408888358105,0.0169034354951,2065.48905996,-167.074115637,-412.842051742,0.984341500848,0.086258722948,0.40004355793,212.079820576,983.566219028
134.5,0.410714285714,1764,16.4273710573,70.8902778632,25.076540875,13073236.6428,-0.939189389494,7.11386494804,0.412178931286,0.0168656272885,2081.71331626,-341.990375729,-293.986629418,0.984482023973,0.0873431284938,0.403171301911,214.753750963,991.292055361
135,0.410714285714,1764,5.83995171033,65.4860251281,25.0577804152,13063456.1898,-0.875665812296,7.11386494804,0.418317443732,0.0170911237955,2109.01451819,-446.972828383,-106.482108562,0.984358465019,0.0891223596999,0.409070648231,218.800662423,1004.29262771
135.5,0.410714285714,1764,-6.04688444446,65.5362474564,25.0194295083,13043462.5837,-0.824705756142,7.11386494804,0.423123978899,0.0173210808001,2126.35336231,-451.476401475,111.594720567,0.984108242238,0.0904818898569,0.413699104383,221.458944536,1012.54922015
136,0.410714285714,1764,-16.5882602818,71.0297701431,24.9864979418,13026294.2603,-0.83354622368,7.11386494804,0.422185003188,0.0172811882335,2116.12267647,-348.157690848,304.441772105,0.983906189723,0.0902188127605,0.412794600507,220.234141689,1007.67746498
136.5,0.410714285714,1764,-23.4386699447,80.7442584725,24.9628750232,13013978.8454,-0.934557934955,7.11386494804,0.412426915235,0.016860075464,2064.06904242,-164.332465958,416.145418426,0.983941325312,0.087443480994,0.403402850989,213.05581899,982.890020199
137,0.410714285714,1764,-25.0738649637,92.5181929595,24.9557601776,13010269.6392,-1.0139157717,7.11386494804,0.404462881185,0.0169552034142,2024.20162092,43.3331122545,431.471544322,0.984340283308,0.0847995911308,0.395836747313,206.496227819,963.905533771
137.5,0.410714285714,1764,-21.1300067324,103.731817632,24.9498918637,13007210.2916,-1.11876171765,7.11386494804,0.393844095546,0.0170808845106,1971.62526465,226.480521283,348.499744723,0.984650468299,0.0813148719055,0.385736723451,197.917444592,938.869173641
138,0.410714285714,1764,-12.4846223139,111.890048097,24.9539539091,13009327.9713,-1.18009550288,7.11386494804,0.387717217809,0.0171544066415,1942.4517409,352.268961896,200.91070256,0.985055856637,0.0793146505698,0.379905384087,193.111843522,924.977019477
138.5,0.410714285714,1764,-1.06135052948,115.177639585,24.9684040469,13016861.3098,-1.15913767339,7.11386494804,0.389959113977,0.0171292840394,1955.63969385,409.320728757,17.2547061344,0.985290653614,0.0800334701453,0.382042100562,195.087737616,931.256997074
139,0.410714285714,1764,10.5980767551,112.863087479,24.9905344056,13028398.6035,-1.10228050031,7.11386494804,0.395758358708,0.0170611281199,1987.41645684,381.13379825,-176.672781026,0.98521061923,0.0819211399318,0.387562494847,200.043217396,946.388788973
139.5,0.410714285714,1764,19.8993819611,105.461390544,25.0114758737,13039316.0888,-1.11267870323,7.11386494804,0.394604587688,0.01707359267,1985.10048917,257.014091346,-330.786649391,0.984992466914,0.0815519283937,0.386462897529,199.475531473,945.285947222
140,0.410714285714,1764,24.7729807975,94.619461268,25.0401851296,13054283.1809,-1.10725231221,7.11386494804,0.395177012101,0.0170670879381,1992.46666308,77.1403365437,-413.683753378,0.98503247487,0.08173717376,0.387007998379,200.387877467,948.793649087
140.5,0.410714285714,1764,24.1344745301,82.7496800653,25.0570457797,13063073.1998,-1.09921354655,7.11386494804,0.395992878193,0.0170574516963,1999.1530828,-121.631586284,-404.880673909,0.985011602601,0.0820037957735,0.387784339185,201.312362564,951.977658478
141,0.410714285714,1764,18.1259338158,72.4931292543,25.0648903415,13067162.8314,-1.02557001905,7.11386494804,0.403531100377,0.0169691736119,2037.39678297,-302.727094948,-313.431872948,0.984980657027,0.0844725566545,0.394955299999,207.502825157,970.18894427
141.5,0.410714285714,1764,8.08428731119,66.1319397799,25.0486802761,13058711.9839,-0.96060973218,7.11386494804,0.410072835143,0.0168913043152,2066.78894137,-422.759880063,-143.191876615,0.984695778961,0.0866386010099,0.40117178253,212.548423038,984.185210174
142,0.410714285714,1764,-3.75615126098,65.0815063115,25.0071941349,13037083.8757,-0.919999770803,7.11386494804,0.414077600291,0.0168910670241,2079.53338093,-446.470336088,67.2998190361,0.984442428052,0.0879316820302,0.404985909018,215.006737567,990.25399092
142.5,0.410714285714,1764,-14.7608284565,69.5755552516,24.9664131175,13015823.3719,-0.934818698926,7.11386494804,0.412543442627,0.0168603880474,2065.23383739,-362.844439832,262.229137621,0.98428306887,0.0874706587637,0.403516106984,213.182455221,983.444684469
143,0.410714285714,1764,-22.4811516803,78.6141395087,24.9374547977,13000726.4345,-1.01239082094,7.11386494804,0.404619553467,0.0169533754229,2021.9938362,-195.759629163,386.523435752,0.984341307249,0.0848511069629,0.395985718977,206.318666187,962.854207712
143.5,0.410714285714,1764,-25.1993125915,90.1861314424,24.9248251802,12994142.194,-1.12789970266,7.11386494804,0.392905125365,0.0170918384103,1963.10583209,3.05222011123,413.223299,0.984644534829,0.0810095749668,0.384842847461,196.778367267,934.812300997
144,0.410714285714,1764,-22.3105075634,101.716708252,24.9161532329,12989621.2187,-1.25562670353,7.11386494804,0.379985957154,0.0172449475205,1899.01869739,182.076430188,346.702971982,0.985090948912,0.0768228856692,0.372538535035,186.478754549,904.294617805
144.5,0.410714285714,1764,-14.4575093438,110.640262197,24.9205510146,12991913.9289,-1.32395047029,7.11386494804,0.373164126562,0.0173268486931,1866.53083801,311.692749308,218.325755381,0.985577399233,0.0746278099734,0.366036029671,181.214412682,888.824208576
145,0.410714285714,1764,-3.38764708608,114.971260425,24.9346783562,12999278.9831,-1.31410967878,7.11386494804,0.374271315718,0.0173150523241,1874.04726023,379.272773716,51.45284158,0.985834485462,0.0749735631976,0.367093712323,182.260454903,892.403457253
145.5,0.410714285714,1764,8.43598263082,113.746035397,24.959730198,13012339.3432,-1.23757303709,7.11386494804,0.382111111153,0.0172233062013,1916.05142673,373.494428748,-132.687097488,0.985797591916,0.0774850170193,0.374568572735,188.744481768,912.4054413
146,0.410714285714,1764,18.3825664123,107.237205461,24.9818514094,13023871.8681,-1.26133232902,7.11386494804,0.379561943405,0.0172517869768,1906.9882493,268.759855192,-286.618146906,0.985509102461,0.0766748238725,0.372136889356,187.102153515,908.089642523
146.5,0.410714285714,1764,24.2389424399,96.8930159868,25.0131014964,13040163.5801,-1.2374349472,7.11386494804,0.382048282279,0.0172231406699,1923.94037892,108.862117835,-382.808136985,0.985598951857,0.0774705949355,0.374507454515,189.517247099,916.162085201
147,0.410714285714,1764,24.7020394179,85.0150979351,25.0373315404,13052795.5097,-1.18724372861,7.11386494804,0.387162109543,0.0171629753739,1952.74722323,-80.5607739134,-399.208527436,0.985508579482,0.07912166311,0.379379531889,193.931450282,929.879630111
147.5,0.410714285714,1764,19.6688160837,74.2463441111,25.0517702221,13060322.8758,-1.07910261621,7.11386494804,0.398178694857,0.0170333442905,2009.04061405,-266.440573518,-332.65742725,0.985317904833,0.0827078353178,0.38986641537,202.955231774,956.686006693
148,0.410714285714,1764,10.2591883755,66.9828530465,25.0440507757,13056298.471,-0.981947397407,7.11386494804,0.407971600557,0.0169168822346,2055.74861567,-404.239480626,-180.177369025,0.984903108661,0.0859374720289,0.399176350335,210.750436504,978.927912225
148.5,0.410714285714,1764,-1.43315714811,64.8407857716,25.0023171689,13034541.3507,-0.958206613977,7.11386494804,0.410248350428,0.0168884236456,2059.99473729,-444.307593866,25.3093200102,0.98452585931,0.0867023025674,0.401337312758,211.918030428,980.949874898
149,0.410714285714,1764,-12.8066184448,68.2967623611,24.9552011973,13009978.2242,-0.980195229521,7.11386494804,0.407956427212,0.0169147818732,2041.09675808,-378.510117253,223.350761291,0.984433018753,0.0859479067451,0.399158506957,209.283125523,971.950837181
149.5,0.410714285714,1764,-21.3305467171,76.5818117188,24.9229275155,12993152.8781,-1.04205092138,7.11386494804,0.401652980176,0.0169889296249,2005.25694969,-227.770698953,362.081186597,0.984519016075,0.083870716435,0.393165923166,203.697274935,954.884261759
150,0.410714285714,1764,-25.1083277096,87.8524712748,24.9017214563,12982097.4525,-1.19901249392,7.11386494804,0.385661548039,0.0171770828466,1924.34826835,-34.130530725,399.044976806,0.984759749012,0.0786592510046,0.377945239476,190.715199238,916.35631826
150.5,0.410714285714,1764,-23.2993873283,99.6009661039,24.8923264207,12977199.5073,-1.33959033934,7.11386494804,0.371478667293,0.0173455965414,1854.1177081,143.629389226,348.556253099,0.985362719221,0.074097216046,0.364426772545,179.518670524,882.913194336
151,0.410714285714,1764,-16.3062233422,109.213200679,24.8941104909,12978129.6026,-1.42790178706,7.11386494804,0.362615641175,0.0174514573781,1811.3485675,276.526689633,234.687912581,0.985893026267,0.0712768664887,0.355969471855,172.710436492,862.546936905
151.5,0.410714285714,1764,-5.6848477315,114.550407456,24.9109652805,12986916.5662,-1.39861126321,7.11386494804,0.365743360928,0.0174163461956,1829.02896373,358.677935136,83.0548107819,0.98622141432,0.0722552374054,0.358957819034,175.318280534,870.966173206
152,0.410714285714,1764,6.20143332002,114.425032749,24.9325969649,12998193.8844,-1.35038000531,7.11386494804,0.370653950281,0.0173585303467,1856.12730899,365.17962548,-92.7178735249,0.986112905631,0.0738143567369,0.363644208223,179.412472066,883.870147138
152.5,0.410714285714,1764,16.7078662001,108.86497302,24.9555260126,13010147.5612,-1.38026622592,7.11386494804,0.367519263574,0.0173943556038,1844.23922632,278.782211928,-246.904985815,0.985933345384,0.0728249010295,0.360651502831,177.333227014,878.20915539
153,0.410714285714,1764,23.4967200247,99.107367791,24.9873988782,13026763.9485,-1.34092356297,7.11386494804,0.37159894343,0.0173471947053,1868.91651187,137.323888386,-354.291276265,0.986044738358,0.0741166201036,0.364545506826,180.93994867,889.960243745
153.5,0.410714285714,1764,25.0574427887,87.3233302611,25.0160974352,13041725.4629,-1.2575227567,7.11386494804,0.380102687726,0.0172472203604,1914.8813238,-41.9372840478,-392.59273584,0.985898011263,0.0768370851303,0.372654776134,188.012514677,911.84824943
154,0.410714285714,1764,21.0427663138,76.1348643763,25.0378725732,13053077.5682,-1.10625238647,7.11386494804,0.395501084952,0.0170658893055,1993.70551703,-231.741659014,-351.708465619,0.985584563138,0.0818256810444,0.387320165622,200.567811498,949.383579537
154.5,0.410714285714,1764,12.3459750565,68.0314565821,25.0373208583,13052789.9408,-0.999267997595,7.11386494804,0.406239019572,0.0169376448116,2046.17066987,-383.036890042,-215.260693447,0.985007754967,0.0853626951474,0.397530168807,209.228376823,974.366985652
155,0.410714285714,1764,0.902146102049,64.8161533436,25.0031596043,13034980.5404,-0.956755740887,7.11386494804,0.410425206662,0.0168866844527,2060.99876759,-445.061252,-15.9431670286,0.984593430945,0.0867585772393,0.401505865027,212.069867518,981.427984566
155.5,0.410714285714,1764,-10.7424146163,67.204374801,24.9527189693,13008684.156,-0.991069139254,7.11386494804,0.406839798028,0.0169278166633,2035.26425476,-395.779568171,186.510709,0.984427336653,0.0855796686125,0.398097089359,208.345012545,969.173454648
156,0.410714285714,1764,-19.9967374009,74.6647304126,24.9169668229,12990045.3704,-1.05308413728,7.11386494804,0.400539543956,0.0170021553787,1998.90052324,-259.051505011,337.795490944,0.984561462391,0.08350430109,0.39210716808,202.710362698,951.857392021
156.5,0.410714285714,1764,-24.8016917713,85.5372558576,24.8921911352,12977128.9785,-1.21250212413,7.11386494804,0.384295452189,0.0171932531573,1916.25492317,-70.4736389951,391.657109746,0.984802504441,0.0782173221425,0.376643934033,189.49857777,912.502344365
157,0.410714285714,1764,-24.0881527108,97.402762929,24.8825099112,12972081.8337,-1.34441410582,7.11386494804,0.371003204869,0.0173513788943,1850.3508445,110.429270379,359.33031412,0.985414007242,0.073944602464,0.363973411308,179.007656636,881.119449763
157.5,0.410714285714,1764,-18.0148860267,107.621120323,24.8831937175,12972438.3247,-1.44003009,7.11386494804,0.361377585361,0.0174659958364,1803.74930047,252.002527877,257.633835696,0.985911058628,0.0708865153949,0.354787150482,171.61396546,858.928238317
158,0.410714285714,1764,-7.93322220925,113.918695311,24.8960677033,12979149.9627,-1.44319456197,7.11386494804,0.361182892352,0.0174697891572,1804.6796782,342.078274013,113.458653385,0.986266225311,0.070815933047,0.354603128705,171.6205351,859.371275332
158.5,0.410714285714,1764,3.91362097784,114.894247746,24.9134779945,12988226.5278,-1.42097630977,7.11386494804,0.363468205094,0.0174431556592,1818.32827756,360.1508207,-56.6192568443,0.98627790574,0.0715354262067,0.356785765679,173.606766209,865.870608363
159,0.410714285714,1764,14.8896650333,110.330712609,24.9364441375,13000199.5437,-1.43692566853,7.11386494804,0.361800641853,0.0174622744994,1813.54868614,292.516296179,-214.231038066,0.986195795137,0.0710121896412,0.355192770758,172.654821384,863.594612447
159.5,0.410714285714,1764,22.5526883709,101.243497999,24.9647799216,13014971.9325,-1.40454292524,7.11386494804,0.365146768635,0.0174234566068,1834.02604525,164.543907938,-330.049196394,0.986254761914,0.0720658254824,0.358388415385,175.614999488,873.345735835
160,0.410714285714,1764,25.1976321448,89.6545520376,24.9963723765,13031442.1323,-1.2973434712,7.11386494804,0.376106424594,0.0172949543095,1892.32121936,-5.31339072319,-387.568836543,0.986134912688,0.0755508987002,0.368845794027,184.573931859,901.10534255
160.5,0.410714285714,1764,22.2359838866,78.142469878,25.0182389136,13042841.887,-1.1631939758,7.11386494804,0.389718620663,0.0171341464166,1962.291921,-193.320971739,-362.527606367,0.985734629899,0.0799421364335,0.381815972803,195.643750174,934.424724286
161,0.410714285714,1764,14.3267243066,69.2687441132,25.0273006192,13047566.0561,-1.02243842568,7.11386494804,0.403952826885,0.0169654197034,2033.36188114,-357.961405776,-247.375962217,0.985226125462,0.0846032527943,0.395358067365,207.20099606,968.267562449
161.5,0.410714285714,1764,3.22970097637,65.0078205912,25.0032775632,13035042.0363,-0.961957419314,7.11386494804,0.409929630763,0.0168929198168,2058.60429451,-440.828318191,-56.9675667889,0.984683609718,0.0865916389843,0.401035610608,211.663806175,980.28775929
162,0.410714285714,1764,-8.58594605852,66.3077748981,24.9545572509,13009642.5135,-1.01072787588,7.11386494804,0.404833697708,0.0169513820148,2025.81318085,-408.226809374,147.939391503,0.984447703708,0.0849181302464,0.396190084818,206.764948898,964.672943264
162.5,0.410714285714,1764,-18.4911795878,72.8793610676,24.9175391516,12990343.7444,-1.07258961132,7.11386494804,0.398571508188,0.0170255370111,1989.4503451,-286.98437483,309.958035726,0.984638063221,0.08285762363,0.390235480519,201.149765003,947.357307192
163,0.410714285714,1764,-24.2820384193,83.260370173,24.8901720584,12976076.3665,-1.23063520562,7.11386494804,0.382465905693,0.0172149896731,1907.07784385,-105.607339474,380.489958693,0.984877954391,0.0776259180106,0.374900975912,188.035263987,908.132306597
163.5,0.410714285714,1764,-24.6700291424,95.1409787118,24.880086565,12970818.4625,-1.35278740874,7.11386494804,0.370170159579,0.0173614161531,1845.95218137,76.3981477935,366.612008751,0.985482816257,0.0736779847789,0.363178909592,178.327479049,879.024848271
164,0.410714285714,1764,-19.5688219906,105.877695233,24.8782210289,12969845.8964,-1.45602444586,7.11386494804,0.359747548402,0.0174851686157,1795.11656182,225.334983027,277.719159268,0.985942333948,0.07037315208,0.353230306131,170.30304189,854.817410388
164.5,0.410714285714,1764,-10.1134596223,113.081549655,24.89002616,12976000.3047,-1.46259881677,7.11386494804,0.359212262633,0.0174930494559,1794.22986005,327.052807122,143.30213563,0.986325213556,0.0701950843697,0.35272100382,170.033370556,854.395171455
165,0.410714285714,1764,1.59219522627,115.149650382,24.9023966775,12982449.4679,-1.4634652915,7.11386494804,0.359132117245,0.0174940881178,1795.62458582,356.579914194,-22.5746612191,0.986349425,0.0701692959479,0.352644567039,170.139898776,855.059326581
165.5,0.410714285714,1764,12.9435791252,111.621835247,24.9206956576,12991989.3362,-1.47896413406,7.11386494804,0.357541970466,0.0175126669146,1790.51724244,304.829536879,-182.481513955,0.986352614434,0.0696704568388,0.351125307535,169.178721456,852.627258307
166,0.410714285714,1764,21.4149556022,103.283059759,24.9476985981,13006066.8691,-1.43545370852,7.11386494804,0.362030219756,0.0174605100292,1816.31258226,191.467448063,-308.683915755,0.986409604234,0.0710788403999,0.355413207231,172.972900709,864.910753455
166.5,0.410714285714,1764,25.1214034243,91.9887408065,24.9754641233,13020541.963,-1.34287811501,7.11386494804,0.371475385418,0.017349537669,1866.53391464,29.9400847572,-378.197573707,0.98624932495,0.0740716798513,0.364428806041,180.657537632,888.82567364
167,0.410714285714,1764,23.2382204642,80.2519176421,24.9938800235,13030142.7856,-1.24690231694,7.11386494804,0.381195439497,0.0172344894102,1916.82479157,-153.154544324,-365.101456412,0.985905317927,0.0771876510604,0.373696477428,188.534982001,912.773710272
167.5,0.410714285714,1764,16.1844238154,70.6840887928,25.0096770779,13038378.3166,-1.09273821548,7.11386494804,0.396871373218,0.0170496895773,1995.91396898,-323.883245248,-271.375429902,0.985544414011,0.0822738086086,0.388623981776,201.212301159,950.435223324
168,0.410714285714,1764,5.52951651115,65.4141413176,24.9982121808,13032401.2836,-1.00486351079,7.11386494804,0.405643861542,0.0169443522739,2036.87819419,-426.360566922,-95.8912123001,0.984955708292,0.0851683510131,0.396963985099,208.100390926,969.941997233
168.5,0.410714285714,1764,-6.35573430448,65.6146633927,24.9578761587,13011372.7707,-1.04098778781,7.11386494804,0.401801195403,0.0169876552237,2011.60915388,-415.32271009,108.248692173,0.984615231041,0.0839162681857,0.393307565388,204.379894415,957.909120895
169,0.410714285714,1764,-16.8268042517,71.2410379105,24.9226130807,12992988.9528,-1.10882443253,7.11386494804,0.394904793,0.0170689724726,1972.46906307,-310.016724303,278.085253848,0.984755626253,0.0816570442508,0.386747039393,198.315912889,939.270982414
169.5,0.410714285714,1764,-23.5538308657,81.041369996,24.8936407008,12977884.6854,-1.27504324593,7.11386494804,0.377966832712,0.0172682225486,1885.79143836,-137.79766505,362.294557855,0.98501765106,0.0761777099948,0.370613106406,184.578666589,897.995923029
170,0.410714285714,1764,-25.0400189876,92.8350395233,24.8826558454,12972157.9141,-1.38890468962,7.11386494804,0.366527593821,0.0174047107165,1828.66402043,41.4760668242,366.330519301,0.985650681661,0.0725186099289,0.359703283557,175.557623729,870.792390682
170.5,0.410714285714,1764,-20.9546847486,103.997899381,24.8799757263,12970760.6787,-1.4780131621,7.11386494804,0.357539623124,0.017511526964,1784.65182511,196.719139095,294.486153348,0.986076857357,0.0696768216322,0.351121597467,168.641708648,849.834202435
171,0.410714285714,1764,-12.2068342909,112.046160586,24.888600716,12975257.1733,-1.50079333304,7.11386494804,0.355319977878,0.0175388340462,1775.10970936,306.910657033,169.934693067,0.98640611077,0.0689735422051,0.34900221755,167.055296091,845.290337789
171.5,0.410714285714,1764,-0.74290561296,115.189047049,24.897457416,12979874.4662,-1.50870300616,7.11386494804,0.3545378594,0.0175483155419,1772.57074134,349.658865841,10.3125590081,0.986489676823,0.068726986102,0.348255134215,166.576622843,844.081305399
172,0.410714285714,1764,10.8863230688,112.727251705,24.9130969216,12988027.8618,-1.50207768869,7.11386494804,0.355228620348,0.017540373631,1778.16370893,316.870994706,-151.780781256,0.986518634505,0.0689421175899,0.348915493843,167.308039965,846.744623301
172.5,0.410714285714,1764,20.0932935073,105.208535631,24.9342884374,12999075.7054,-1.47396786622,7.11386494804,0.358106413319,0.0175066777806,1795.22804684,215.181224038,-284.294267169,0.986494380941,0.0698437428368,0.351665378753,169.784570399,854.870498497
173,0.410714285714,1764,24.8294113423,94.3058486268,24.9575218301,13011188.0474,-1.3910119756,7.11386494804,0.366586613237,0.0174072367656,1839.99413254,63.3722249967,-365.432038725,0.986391245272,0.07251732353,0.359763804022,176.612502175,876.187682164
173.5,0.410714285714,1764,24.040868011,82.4450899888,24.9740441712,13019801.6946,-1.30210114792,7.11386494804,0.375598918023,0.0173006574392,1886.46175763,-115.749075094,-368.331089664,0.986084687184,0.0753902131792,0.368361474268,183.852474626,898.315122679
174,0.410714285714,1764,17.903118125,72.2653344716,24.9890643715,13027632.2257,-1.18205085671,7.11386494804,0.387790780625,0.0171567505663,1948.30399456,-286.212203185,-288.930787797,0.98575250978,0.0793176140344,0.379979946487,193.662882039,927.763806934
174.5,0.410714285714,1764,7.78183999107,66.0316257048,24.9842166015,13025104.9216,-1.11529302632,7.11386494804,0.394458900961,0.0170767265155,1980.07563038,-397.280088293,-128.985388857,0.985298110378,0.0814950511244,0.3863262815,198.902145002,942.893157324
175,0.410714285714,1764,-4.07093425476,65.130993299,24.955674859,13010225.1598,-1.1377627047,7.11386494804,0.392052620649,0.0171036614035,1963.83154373,-407.357269644,66.6823843371,0.985042525846,0.0807203215043,0.384033881692,196.561418576,935.157877966
175.5,0.410714285714,1764,-15.0179064227,69.7638322136,24.923460428,12993430.7031,-1.22189577137,7.11386494804,0.383459499723,0.0172045135248,1917.01989794,-319.221378557,236.904380408,0.985128782123,0.0779384033562,0.375849422636,189.297528223,912.866618066
176,0.410714285714,1764,-22.6233235586,78.8993139328,24.9018657196,12982172.6618,-1.32183534864,7.11386494804,0.373332732365,0.0173243132512,1864.54797766,-167.510890572,341.389086589,0.985449672145,0.0746850956648,0.366196118726,181.081662403,887.879989361
176.5,0.410714285714,1764,-25.1949444682,90.5047506738,24.8902192788,12976100.984,-1.44552322396,7.11386494804,0.360782918832,0.0174725805745,1801.87631049,7.20376205339,359.580272644,0.985826559622,0.0707016411946,0.354218694489,171.263059427,858.036338328
177,0.410714285714,1764,-22.1605713666,101.997878009,24.8833955019,12972543.5217,-1.55598557712,7.11386494804,0.349610534344,0.0176049941793,1746.6140121,162.654927905,300.430304042,0.98628649806,0.0671967064975,0.343543394901,162.68369569,831.720958145
177.5,0.410714285714,1764,-14.1953665845,110.821420882,24.8909862861,12976500.8505,-1.56534829641,7.11386494804,0.348792333708,0.0176162174728,1743.7096262,281.337417409,191.806687774,0.986691114309,0.0669325561521,0.34276297364,162.143065456,830.337917239
178,0.410714285714,1764,-3.07162576519,115.012099375,24.8984369223,12980385.1155,-1.5625109139,7.11386494804,0.349095793836,0.0176128162412,1746.23180356,338.635770757,41.5863675762,0.986725141105,0.0670259544754,0.343053357361,162.466540218,831.538954077
178.5,0.410714285714,1764,8.73556627853,113.637467753,24.9092542949,12986024.5724,-1.55927717866,7.11386494804,0.349424285415,0.0176089398931,1749.34965887,320.791790492,-118.553221381,0.986714833687,0.0671282510363,0.343367447372,162.855916973,833.023647083
179,0.410714285714,1764,18.5990536118,107.003388037,24.9244910614,12993968.0067,-1.54196298677,7.11386494804,0.351198450229,0.0175881849979,1760.14376233,232.940886736,-254.800986208,0.986703081722,0.0676802803086,0.34506387141,164.39609769,838.16369635
179.5,0.410714285714,1764,24.324163768,96.5859742626,24.9409382252,13002542.4614,-1.46999986957,7.11386494804,0.358566824753,0.0175019212574,1798.43653197,93.4205044379,-345.03257356,0.986640073606,0.0699843759048,0.352106052476,170.217193167,856.398348557
180,0.410714285714,1764,24.6370327269,84.7031501426,24.9520986665,13008360.7715,-1.4049312689,7.11386494804,0.365152025013,0.0174239221227,1832.19241229,-77.4367389944,-360.178506893,0.986376656258,0.0720642255077,0.358394115235,175.432736995,872.472577283
180.5,0.410714285714,1764,19.4680456692,73.9989001058,24.9621997482,13013626.8021,-1.32901165725,7.11386494804,0.372856228517,0.017332915647,1871.28895199,-242.075036997,-294.525245564,0.986136352901,0.0745141841642,0.365745585711,181.543797813,891.089977137
181,0.410714285714,1764,9.9673266018,66.8549702871,24.9627881944,13013933.5787,-1.28624552134,7.11386494804,0.377137953205,0.0172816509577,1892.26431765,-356.628553214,-153.580846925,0.985853442333,0.0758886232538,0.369827808674,184.901151204,901.078246502
181.5,0.410714285714,1764,-1.7511696593,64.8609187753,24.9477746173,13006106.5005,-1.29009924703,7.11386494804,0.37668112284,0.0172862705018,1887.75760081,-386.166372328,26.9000616457,0.985692881285,0.0757470835437,0.369391205616,184.334360771,898.932190864
182,0.410714285714,1764,-13.0800224094,68.4604314395,24.9213718978,12992341.8827,-1.37531290333,7.11386494804,0.367943272246,0.0173884179492,1841.25199168,-318.048308813,193.136598575,0.985707384897,0.0729653528303,0.361054934818,177.189236407,876.786662707
182.5,0.410714285714,1764,-21.4985084631,76.85259973,24.9070682429,12984884.9106,-1.43280738264,7.11386494804,0.362161157641,0.0174573378213,1811.02752719,-189.031628485,309.102786964,0.986026305312,0.07113017184,0.35553616047,172.534455119,862.394060568
183,0.410714285714,1764,-25.1334749561,88.1701266086,24.8964331179,12979340.4654,-1.55500783342,7.11386494804,0.349694267841,0.0176038221368,1748.85107474,-24.8435972502,341.229033789,0.986239547656,0.0672238939381,0.343623229131,162.920106058,832.786226065
183.5,0.410714285714,1764,-23.1761246943,99.8948089499,24.8910752106,12976547.2098,-1.65347087465,7.11386494804,0.339740221001,0.0177218519076,1699.66136615,128.111570041,300.069434091,0.986687558485,0.0641354453684,0.334101970135,155.368218656,809.36255531
184,0.410714285714,1764,-16.0619773454,109.417849617,24.8925791042,12977331.2397,-1.69387927153,7.11386494804,0.335710979868,0.0177702903244,1680.24784705,246.560634332,203.949016032,0.98704333835,0.0628908264986,0.330245952533,152.371538059,800.118022403
184.5,0.410714285714,1764,-5.37396425836,114.620327133,24.9035108653,12983030.3311,-1.63981017843,7.11386494804,0.341316301363,0.0177054765365,1709.05424242,321.441238508,70.1620948232,0.987187993688,0.0646087155024,0.335612895099,156.671145806,813.835353535
185,0.410714285714,1764,6.50978122993,114.344665706,24.9108236224,12986842.7152,-1.62837044843,7.11386494804,0.34242462966,0.0176917634855,1715.45802746,319.732806389,-85.4967838442,0.986994256752,0.0649548672302,0.336672675927,157.603054525,816.884774982
185.5,0.410714285714,1764,16.9450696821,108.652201304,24.9197439528,12991493.1807,-1.63573999434,7.11386494804,0.341653234031,0.0177005975191,1712.9215723,244.252082818,-221.897056331,0.986953085573,0.0647180642941,0.335934243016,157.140969375,815.67693919
186,0.410714285714,1764,23.6100001849,98.8095341119,24.9259854874,12994747.1007,-1.59386110984,7.11386494804,0.345964969464,0.0176503963971,1734.82758675,117.7929789,-315.691183923,0.986979615541,0.0660490045157,0.340060032335,160.452951182,826.108374642
186.5,0.410714285714,1764,25.021594257,87.0067040179,24.9294177389,12996536.4479,-1.55542389833,7.11386494804,0.349860357512,0.0176043208828,1754.31380766,-40.7692274563,-340.798595823,0.986828505586,0.0672609563099,0.34378502822,163.442149523,835.387527459
187,0.410714285714,1764,20.8657655577,75.8698964019,24.9315868744,12997667.2905,-1.53249278781,7.11386494804,0.352166126214,0.0175768328662,1765.86769194,-194.551517878,-287.292045155,0.986689071671,0.0679819976914,0.345988978865,165.223007626,840.889377113
187.5,0.410714285714,1764,12.0672055792,67.8771035009,24.9340165845,12998933.9794,-1.52760339575,7.11386494804,0.352638451678,0.0175709718465,1768.51478176,-305.3294416,-166.545693568,0.986605549829,0.0681313032753,0.34644009896,165.618154899,842.149896075
188,0.410714285714,1764,0.583635427562,64.8067594445,24.9309769275,12997349.3049,-1.52504895371,7.11386494804,0.352894408762,0.0175679097817,1769.33193514,-348.02954575,-8.06257425638,0.986587708662,0.0682115590981,0.346684695934,165.772820682,842.539016731
188.5,0.410714285714,1764,-11.0297963603,67.3420302708,24.9162661063,12989680.0634,-1.58264088857,7.11386494804,0.346976599984,0.0176369464759,1738.39779146,-304.206027511,148.086107233,0.986578383073,0.0663720742369,0.341025762339,161.112066692,827.808472124
189,0.410714285714,1764,-20.1890464205,74.9188062597,24.9087836726,12985779.2213,-1.61433782975,7.11386494804,0.343794431508,0.0176749422828,1721.84974791,-199.341600899,266.85664964,0.986787876714,0.0653825221239,0.337982455937,158.614712601,819.928451386
189.5,0.410714285714,1764,-24.8561384023,85.8512190074,24.9024118191,12982457.3617,-1.71166051141,7.11386494804,0.33383641131,0.01779160508,1672.43091073,-52.2433402504,312.999818066,0.986902496498,0.0623206670945,0.328450034526,151.109466643,796.395671775
190,0.410714285714,1764,-23.992622321,97.7067550995,24.900907197,12981672.952,-1.77482773447,7.11386494804,0.327462973486,0.0178673249925,1641.14758876,94.0012999919,292.644265877,0.987251396942,0.0603721233153,0.32234522958,146.367126675,781.49885179
190.5,0.410714285714,1764,-17.7906345785,107.847501822,24.9016414989,12982055.7681,-1.80758051281,7.11386494804,0.324170626642,0.0179065864542,1625.18076332,214.089919525,213.407767828,0.987475392307,0.0593700370209,0.319190287634,143.946142148,773.89560158
191,0.410714285714,1764,-7.63014670789,114.017095187,24.9092226508,12986008.0753,-1.76300074197,7.11386494804,0.328791374383,0.0178531477215,1648.7371991,295.060721546,93.7397539382,0.987590770354,0.0607680163989,0.323619762893,147.425349777,785.112951951
191.5,0.410714285714,1764,4.22808480343,114.842771562,24.9144253681,12988720.4252,-1.73495655208,7.11386494804,0.33162157747,0.0178195305464,1663.24375889,309.677025535,-52.7050986382,0.98743360077,0.0616327689801,0.326330826157,149.585737529,792.020837568
192,0.410714285714,1764,15.1455474983,110.140814059,24.9178923124,12990527.8589,-1.74950584097,7.11386494804,0.330092903898,0.0178369710927,1656.23760608,249.24686407,-187.429376362,0.987334232253,0.0611694481226,0.324865789762,148.502556054,788.684574325
192.5,0.410714285714,1764,22.6930544197,100.957430406,24.9145307467,12988775.3626,-1.74045250014,7.11386494804,0.331040659879,0.0178261186578,1660.42013899,136.200866414,-282.074679828,0.987385832299,0.0614568383511,0.325774072049,149.160007081,790.676256661
193,0.410714285714,1764,25.1912496692,89.3359667914,24.9104052565,12986624.6071,-1.72293027791,7.11386494804,0.332830778907,0.0178051143922,1668.60726273,-8.32457501688,-315.807168842,0.987353736111,0.0620033528683,0.327488829915,150.436603021,794.574887015
193.5,0.410714285714,1764,22.0842730176,77.8622536984,24.9021339448,12982312.4966,-1.76589725232,7.11386494804,0.328394065709,0.0178566198309,1645.8536572,-148.752933148,-270.651594306,0.987291502538,0.060653915414,0.323237720276,147.064797156,783.739836761
194,0.410714285714,1764,14.0634414283,69.0892464222,24.9018616557,12982170.5432,-1.81781067246,7.11386494804,0.323108749089,0.0179188495671,1620.02506315,-249.48682828,-167.791341598,0.987443842105,0.0590498494008,0.318172066959,143.172360012,771.44050626
194.5,0.410714285714,1764,2.91342777132,64.9689804718,24.9093846613,12986092.5368,-1.81127984924,7.11386494804,0.323839986989,0.0179110209285,1624.57986106,-299.924421931,-34.9090111637,0.987626700642,0.059266841298,0.318873930208,143.78531642,773.609457647
195,0.410714285714,1764,-8.88483731004,66.4182344602,24.905812074,12984230.0279,-1.85719910083,7.11386494804,0.319111833726,0.0179660653256,1601.01970612,-275.687503408,103.870026697,0.987603769043,0.0578420715571,0.314339683599,140.288479898,762.390336249
195.5,0.410714285714,1764,-18.7061841722,73.1145425375,24.9066417105,12984662.5451,-1.85842020476,7.11386494804,0.319038235149,0.0179675290892,1600.7701105,-197.329093038,218.606713209,0.987764561855,0.0578165842892,0.314269741097,140.236006144,762.27148119
196,0.410714285714,1764,-24.3653168022,83.5679445641,24.9053819414,12984005.7854,-1.92757658077,7.11386494804,0.311928944714,0.0180504283284,1565.86525698,-72.3918643042,274.228156964,0.987768823615,0.0556875432052,0.307448177821,135.058284293,745.650122372
196.5,0.410714285714,1764,-24.6030514906,95.4525092709,24.9090485112,12985917.2905,-1.94921642281,7.11386494804,0.309779234739,0.0180763684737,1555.81758563,60.6740112447,273.775934825,0.98800898904,0.0550422916015,0.305385453989,133.532672529,740.865516968
197,0.410714285714,1764,-19.3664911478,106.123864941,24.9089185004,12985849.5115,-1.97409084787,7.11386494804,0.30724423902,0.0181061859835,1543.40233482,176.959847196,212.54775619,0.988083655553,0.0542875607331,0.302951674581,131.70031963,734.953492772
197.5,0.410714285714,1764,-9.82079515543,113.20758459,24.9137205824,12988352.9969,-1.93680223048,7.11386494804,0.311106412259,0.0180614873137,1562.89784152,260.184392664,110.102695654,0.988169196885,0.0554343053087,0.306660161853,134.534151963,744.237067392
198,0.410714285714,1764,1.91007409248,115.127507178,24.9163178656,12989707.0473,-1.90167550281,7.11386494804,0.314678733597,0.0180193801478,1580.69896487,287.202312714,-21.8317596305,0.988040849663,0.0565034922158,0.310088308078,137.157567132,752.713792795
198.5,0.410714285714,1764,13.2159428433,111.456440869,24.9147174859,12988872.716,-1.90401526105,7.11386494804,0.314399415691,0.0180221848664,1579.12730356,244.85940828,-150.819418944,0.987919315793,0.056422414391,0.309819790989,136.943163934,751.965382649
199,0.410714285714,1764,21.58120196,103.011215238,24.9077999184,12985266.3575,-1.88557975418,7.11386494804,0.316297843387,0.0180000858268,1587.53025983,149.895157427,-248.625328701,0.987927429952,0.056990634628,0.311641454858,138.24549485,755.966790397
199.5,0.410714285714,1764,25.1445418228,91.6709328305,24.8934488548,12977784.6696,-1.9259884845,7.11386494804,0.312122122452,0.0180485246432,1565.31041185,18.8068957263,-283.010045362,0.987863423546,0.0557432740605,0.307633964254,135.06392633,745.385910405
200,0.410714285714,1764,23.1131025006,79.9588599852,24.8755338026,12968444.9558,-2.02708984954,7.11386494804,0.301768656355,0.0181697170296,1512.54308108,-106.630233067,-245.445786325,0.98800350034,0.0526692344742,0.297691807605,127.432024144,720.258610039
200.5,0.410714285714,1764,15.9388888268,70.4809881662,24.8700958039,12965609.9457,-2.14594397085,7.11386494804,0.289646830661,0.0183121900279,1452.70384117,-193.194947386,-157.759666039,0.988350434514,0.0491119873988,0.286039569831,118.773398386,691.763733891
201,0.410714285714,1764,5.21819719105,65.346188569,24.8844767551,12973107.215,-2.14691780756,7.11386494804,0.289664223071,0.0183133573869,1454.47601297,-244.290521638,-51.7062490471,0.988751791628,0.0491100084745,0.286057596043,118.906006394,692.607625222
201.5,0.410714285714,1764,-6.66356793864,65.6969783293,24.8932793864,12977696.3201,-2.15869457636,7.11386494804,0.288453080151,0.0183274744536,1449.57709478,-239.257087197,65.6011370495,0.98875505102,0.0487578782865,0.284892514948,118.136957834,690.274807037
202,0.410714285714,1764,-17.062657764,71.4553050704,24.9005543407,12981488.9963,-2.16304816749,7.11386494804,0.288016466705,0.0183326931972,1448.28662143,-182.196907867,167.636269909,0.988794429767,0.0486303915519,0.284472595781,117.896945877,689.660295917
202.5,0.410714285714,1764,-23.6652257369,81.3399139254,24.9045962408,12983596.1736,-2.19826330656,7.11386494804,0.284396064182,0.0183749063438,1431.01544566,-83.2743623473,227.562008745,0.988808969553,0.0475811117699,0.280988961186,115.390579211,681.435926506
203,0.410714285714,1764,-25.0021693334,93.1514327893,24.9125064524,12987720.0305,-2.18468868553,7.11386494804,0.285827169279,0.0183586341528,1438.94474287,30.585716951,242.654476715,0.98892622875,0.047993260567,0.282366529684,116.46404285,685.211782319
203.5,0.410714285714,1764,-20.7760122955,104.261742989,24.9127438176,12987843.7769,-2.19463241958,7.11386494804,0.284790559103,0.0183705539213,1433.88781926,137.554510822,200.384638136,0.988881101789,0.0476939833141,0.281368839357,115.739999738,682.803723458
204,0.410714285714,1764,-11.9270945028,112.198748089,24.9155549064,12989309.2912,-2.15774455659,7.11386494804,0.288597294168,0.0183263356444,1452.88231368,219.108026317,117.723852071,0.988914167435,0.0487970047056,0.285031761583,118.443450291,691.848720798
204.5,0.410714285714,1764,-0.42434191239,115.196427007,24.9174770361,12990311.3615,-2.09356768063,7.11386494804,0.295166928911,0.0182494054393,1485.31480844,258.510775607,4.3536711321,0.988791255701,0.0507149551975,0.29134953242,123.117825649,707.292765924
205,0.410714285714,1764,11.1728287555,112.587782043,24.9134054388,12988188.7021,-2.07322111782,7.11386494804,0.297196355183,0.0182250155757,1494.76847755,234.405404654,-115.946374931,0.988575791346,0.0513135817105,0.293299746094,124.530370027,711.794513118
205.5,0.410714285714,1764,20.283992313,104.953249006,24.9012762838,12981865.3693,-2.07503938734,7.11386494804,0.296988595355,0.0182271951746,1492.29537275,154.846424071,-210.048242641,0.988507051184,0.0512538967836,0.293099802933,124.264438321,710.616844166
206,0.410714285714,1764,24.8818718831,93.9915475183,24.880810184,12971195.7093,-2.14126105841,7.11386494804,0.290176392078,0.0183065765197,1456.54768979,39.6632940161,-247.246712119,0.988513202545,0.0492632350685,0.286549477288,119.241854446,693.594137996
206.5,0.410714285714,1764,23.9434175692,82.1417078758,24.8551417193,12957813.883,-2.30449418768,7.11386494804,0.273441740891,0.0185022475918,1371.83218328,-70.2870290428,-214.157435162,0.988736111478,0.0444343691233,0.270440946729,107.331763083,653.253420609
207,0.410714285714,1764,17.6774398835,72.0403753055,24.8458912709,12952991.3159,-2.46242389574,7.11386494804,0.257327967198,0.0186915613385,1292.07331474,-144.019667012,-141.75680444,0.989276173874,0.0398675799194,0.254907107078,96.2289598777,615.273007018
207.5,0.410714285714,1764,7.47814842338,65.9351439614,24.8606852781,12960703.925,-2.50684062635,7.11386494804,0.252884285487,0.0187448046313,1271.85662341,-187.154702737,-58.1582803968,0.989785857631,0.0386185331261,0.250620107825,93.3251555398,605.646011147
208,0.410714285714,1764,-4.38506634205,65.1844566214,24.8773474804,12969390.4864,-2.51084886634,7.11386494804,0.25250729588,0.018749609395,1271.71460251,-192.716275444,34.0542070798,0.989926911991,0.0385115455722,0.250256554724,93.1914030672,605.578382146
208.5,0.410714285714,1764,-15.2725831581,69.9553447603,24.8920038901,12977031.3614,-2.48521793904,7.11386494804,0.255151696743,0.0187188850497,1286.19832602,-158.834513525,121.020455936,0.989939591293,0.0392492221793,0.252808788547,95.0883983538,612.475393343
209,0.410714285714,1764,-22.761878167,79.1862632586,24.9017356893,12982104.8727,-2.47460532058,7.11386494804,0.25622426164,0.0187061634751,1292.47302881,-86.4132234373,181.891543222,0.989858370836,0.0395502892065,0.253843588512,95.8927247857,615.46334705
209.5,0.410714285714,1764,-25.1865478955,90.8232892,24.9123572447,12987642.2436,-2.44544296038,7.11386494804,0.259220249179,0.0186712059251,1308.30531682,6.72446288258,205.718727353,0.989824642655,0.0403905739845,0.256734012254,98.0136197495,623.002531817
210,0.410714285714,1764,-22.0070918898,102.27712941,24.9133357483,12988152.3701,-2.43870018722,7.11386494804,0.259890570073,0.0186631232175,1311.7022792,100.755896461,180.60771356,0.989731664709,0.0405802169617,0.257380392751,98.4815519277,624.620132953
210.5,0.410714285714,1764,-13.9309541114,110.999250404,24.9150017592,12989020.9171,-2.39654499268,7.11386494804,0.26422782946,0.0186125908767,1333.19779511,177.551245658,117.787930905,0.989710105002,0.0418025308023,0.261563229103,101.461476332,634.85609291
211,0.410714285714,1764,-2.75511331843,115.048939111,24.9160405773,12989562.4877,-2.3027331373,7.11386494804,0.2738550857,0.0185001365827,1380.60470432,225.67570337,24.8218949808,0.989574790186,0.044539147208,0.270841517097,108.112700039,657.43081158
211.5,0.410714285714,1764,9.03375318623,113.525120688,24.9098313833,12986325.4278,-2.27022929641,7.11386494804,0.277117983386,0.0184611735277,1395.92488623,216.305842354,-83.062425843,0.989270419078,0.0454777848521,0.273983508133,110.336101681,664.726136302
212,0.410714285714,1764,18.8125669866,106.766851922,24.8948549643,12978517.7214,-2.28288796156,7.11386494804,0.275784746922,0.0184763477426,1387.71092962,152.692886072,-171.322867345,0.989163920771,0.045097509919,0.272699132122,109.28197144,660.81472839
212.5,0.410714285714,1764,24.4054958768,96.2778794993,24.8707094022,12965929.835,-2.37559547803,7.11386494804,0.266250266427,0.0185874782418,1338.35843083,53.6249427018,-208.469009025,0.98920546017,0.0423820547558,0.263511783711,102.502654358,637.313538491
213,0.410714285714,1764,24.5680867917,84.3920492697,24.8410690115,12950477.3114,-2.58589919509,7.11386494804,0.244669974461,0.0188395738424,1229.65962709,-40.9797118586,-179.529593975,0.989507207345,0.0363436579932,0.242687998197,87.6891695296,585.552203378
213.5,0.410714285714,1764,19.2641624858,73.7540145353,24.8269466693,12943114.8636,-2.79326470375,7.11386494804,0.223461918531,0.0190881473493,1124.49211989,-99.6959466012,-118.217446315,0.990175476451,0.0305554938219,0.222184491358,73.6398146985,535.472438045
214,0.410714285714,1764,9.67387114052,66.7307882137,24.8406499628,12950258.8473,-2.87945698653,7.11386494804,0.214715991788,0.0191914678974,1082.83886417,-131.972756742,-54.8659513911,0.990812127472,0.0282085780575,0.213718379401,68.0587333788,515.637554367
214.5,0.410714285714,1764,-2.0689021739,64.8850712962,24.8628408606,12961827.702,-2.85712435759,7.11386494804,0.21707583305,0.0191646972935,1096.37593951,-145.862989763,12.0158117975,0.991070185754,0.0288347473,0.216004074649,69.6938421688,522.083780718
215,0.410714285714,1764,-13.3513349938,68.627544505,24.8780359703,12969749.4192,-2.82936864463,7.11386494804,0.21992446117,0.0191314259218,1111.73188195,-127.564361442,79.6892300597,0.991003694124,0.0295969694238,0.218761969911,71.6236062659,529.396134263
215.5,0.410714285714,1764,-21.6630327873,77.1254898945,24.8938482237,12977992.874,-2.75476603377,7.11386494804,0.227601167308,0.0190419981634,1150.94675882,-82.3128855427,138.502104058,0.990920693437,0.0316633985863,0.22619088895,76.7217252087,548.069885153
216,0.410714285714,1764,-25.1546035817,88.488074523,24.9055515524,12984094.2093,-2.72160273115,7.11386494804,0.230969427733,0.0190022445974,1168.62071099,-9.95516031475,165.628607442,0.990695613375,0.0325784211797,0.229448487292,79.0131032218,556.486052852
216.5,0.410714285714,1764,-23.0491564024,100.187069703,24.907865326,12985300.4566,-2.70774869676,7.11386494804,0.232374433088,0.0189856374677,1175.75840241,67.8769837385,153.577747073,0.990594629406,0.0329613300839,0.230807023944,79.9566341045,559.884953528
217,0.410714285714,1764,-15.81516318,109.619393813,24.9085396096,12985651.9831,-2.65631839058,7.11386494804,0.237667469031,0.0189239868506,1201.89054278,136.461000518,110.001002654,0.990552274273,0.0344057416553,0.235924115035,83.464964403,572.328829895
217.5,0.410714285714,1764,-5.06222153573,114.686310237,24.9095511687,12986179.3426,-2.53626182741,7.11386494804,0.250006573996,0.0187800724594,1262.71526554,188.705965122,38.6964026372,0.990394170361,0.0378096041259,0.247843523213,91.7298518781,601.292983592
218,0.410714285714,1764,6.81708828324,114.260406166,24.9042831096,12983432.9278,-2.46935632803,7.11386494804,0.256806976504,0.0186998713945,1295.6028727,194.694552042,-54.7084801654,0.990019788705,0.0397111195404,0.254406240796,96.3023705587,616.953748903
218.5,0.410714285714,1764,17.1795637969,108.436447265,24.8883220741,12975111.908,-2.51554860242,7.11386494804,0.251992723762,0.0187552430699,1270.30918277,142.775661314,-133.042095744,0.989807939435,0.0383698584552,0.249759576261,92.9304822758,604.909134653
219,0.410714285714,1764,23.7195053143,98.510291866,24.8611303396,12960935.9504,-2.64925612971,7.11386494804,0.23825177913,0.0189155211662,1200.17964902,59.2543078262,-165.150959745,0.989954447525,0.0345730920378,0.236487649797,83.5519750802,571.514118583
219.5,0.410714285714,1764,24.9817449931,86.6905563763,24.8306134066,12945026.456,-2.8950339165,7.11386494804,0.21301484627,0.0192101402992,1073.6190517,-18.4568680687,-139.323954082,0.990372353207,0.0277608406055,0.212070011908,66.9243661499,511.247167476
220,0.410714285714,1764,20.6854285497,75.6071877065,24.8135910307,12936152.124,-3.14520881211,7.11386494804,0.178633224601,0.0204417179108,904.291574984,-52.7590686432,-75.8256220197,0.991116409193,0.0182716053952,0.178868222999,43.9878469064,430.615035707
220.5,0.410714285714,1764,11.7865066622,67.7262876758,24.8271776961,12943235.3056,-3.25180549764,7.11386494804,0.162699188375,0.0211089451674,827.361981719,-62.2023929193,-32.9154344763,0.991841344364,0.0139047847235,0.163472537222,33.5116438682,393.981896056
221,0.410714285714,1764,0.265031434917,64.8013937223,24.8503124383,12955296.2178,-3.21971937933,7.11386494804,0.167585219997,0.0209081065336,852.856003052,-77.2326875913,-0.812310402776,0.992140201659,0.0152322973486,0.16819611172,36.779504425,406.121906215
221.5,0.410714285714,1764,-11.3154145371,67.48330855,24.866595566,12963785.1551,-3.14915275814,7.11386494804,0.178207148399,0.0204664044972,906.07905762,-82.3124905244,41.3648672111,0.992050877363,0.0181439981255,0.178458557614,43.8674522181,431.466217914
222,0.410714285714,1764,-20.3781273896,75.1752934567,24.882614324,12972136.2676,-3.04739022462,7.11386494804,0.193507848792,0.0198294359487,982.336894414,-66.943300297,92.0206479198,0.991852508848,0.0223837829747,0.193229035949,54.1878924362,467.77947353
222.5,0.410714285714,1764,-24.906610756,86.1658455108,24.8933982223,12977758.2732,-2.996383856,7.11386494804,0.20113590283,0.0195101686165,1020.62654979,-18.982325031,123.308902164,0.99156181339,0.0245197429504,0.200586839779,59.4102040002,486.012642756
223,0.410714285714,1764,-23.8932557225,98.0095150278,24.8974809943,12979886.7584,-2.94906810476,7.11386494804,0.207662596826,0.0192749122459,1053.02304991,42.6019040326,127.086119918,0.991414056013,0.0263339774154,0.206885954081,63.8269416581,501.439547575
223.5,0.410714285714,1764,-17.5635385647,108.071029663,24.8986766593,12980510.0984,-2.88446417372,7.11386494804,0.214299798498,0.0191974701206,1085.85554624,102.548809514,99.6689178335,0.991275767971,0.0280931011017,0.213316019478,68.0971553423,517.074069636
224,0.410714285714,1764,-7.32585121338,114.111654941,24.8977748784,12980039.97,-2.78104801474,7.11386494804,0.224927530711,0.0190735029408,1138.14446813,150.682803235,45.7820004312,0.991085058058,0.0309399842432,0.223604360336,74.9925147498,541.97355625
224.5,0.410714285714,1764,4.54187259555,114.787323238,24.8924273785,12977252.14,-2.70544237332,7.11386494804,0.232654658551,0.018982872828,1175.68181054,165.325272101,-30.293158946,0.990775237789,0.0330354028385,0.231078345514,80.0370111014,559.848481208
225,0.410714285714,1764,15.3990083239,109.947695171,24.8801830265,12970868.7511,-2.7455560211,7.11386494804,0.228464560986,0.0190309579226,1153.92530099,128.352036699,-99.0838322201,0.99054521363,0.0319012270786,0.227025427423,77.2131530572,549.488238565
225.5,0.410714285714,1764,22.8297920492,100.669610817,24.852841085,12956614.4857,-2.92979936646,7.11386494804,0.209493277025,0.0192518143938,1058.24170428,57.6011453442,-123.24930989,0.990667625646,0.0268247043174,0.208658814131,64.7834073779,503.924621086
226,0.410714285714,1764,25.180839335,89.0174877182,24.8239755897,12941565.9407,-3.21305204387,7.11386494804,0.168433809718,0.0208663732665,855.190579751,-3.05252804239,-78.2333408179,0.991219115555,0.0154733194595,0.169014585685,37.2823192001,407.233609405
226.5,0.410714285714,1764,21.9290310682,77.5839782373,24.8068181406,12932621.1906,-3.49380077349,7.11386494804,0.126253493157,0.0226236812327,647.764870694,-10.3255729409,-18.2369050366,0.992032247729,0.00414757317329,0.128197399051,9.97959553065,308.459462235
227,0.410714285714,1764,13.7979099298,68.9130921762,24.8193258026,12939141.8517,-3.62076508327,7.11386494804,0.107198099348,0.0234183968252,554.975654989,3.54968746923,2.32268611351,0.992796252319,-0.000838690543756,0.109723062352,-2.02003299804,264.274121423
227.5,0.410714285714,1764,2.59668873487,64.9341425917,24.8428027977,12951381.1918,-3.54755666843,7.11386494804,0.11828112809,0.0229601588457,610.494737765,-10.3141434525,-1.068490085,0.993127944401,0.00204622745477,0.120471602918,4.93778127809,290.711779888
228,0.410714285714,1764,-9.18230795445,66.5324645386,24.8559207792,12958220.0329,-3.45847525859,7.11386494804,0.131698363483,0.0224025660425,677.09744754,-26.3575165589,10.3130912216,0.992937742449,0.00557932656247,0.133473611716,13.4777765321,322.427355971
228.5,0.410714285714,1764,-18.9181978027,73.3524238432,24.8678038842,12964415.0916,-3.34208756469,7.11386494804,0.149222632989,0.0216740533189,763.892598322,-34.4003148173,39.0922951221,0.992702431099,0.0102551266437,0.150439327176,24.7966294864,363.758380153
229,0.410714285714,1764,-24.4446993858,83.8765473841,24.8770428402,12969231.6674,-3.26312430021,7.11386494804,0.161082213841,0.0211797936515,822.749283679,-16.6205801136,66.3490207209,0.992388604256,0.0134603637715,0.161910104324,32.5709977482,391.78537318
229.5,0.410714285714,1764,-24.5321400279,95.7631680219,24.8809211969,12971253.584,-3.19386076764,7.11386494804,0.171488850026,0.0207462481188,874.133980056,18.9471446757,80.6525169046,0.992171581677,0.0162987413219,0.171968553885,39.4515195883,416.254276217
230,0.410714285714,1764,-19.1610637738,106.367456585,24.8807033959,12971140.0371,-3.12472018301,7.11386494804,0.181876775343,0.0203134721617,925.120320395,63.2431702315,74.0375520034,0.991978492688,0.0191562993476,0.182002293271,46.3674999744,440.533485902
230.5,0.410714285714,1764,-9.52656043007,113.329908838,24.8797836146,12970660.5244,-3.03749336148,7.11386494804,0.194985752518,0.0197674878983,989.360242782,107.269020306,43.8023487932,0.991783213103,0.0227967304081,0.194654838998,55.1750224415,471.123925134
231,0.410714285714,1764,2.22764755469,115.101346306,24.8754527543,12968402.7026,-2.95087332678,7.11386494804,0.207501242947,0.0192770762045,1050.36692474,133.054507719,-11.8080737641,0.991533250733,0.0262902718994,0.20672975861,63.6083050352,500.174726066
231.5,0.410714285714,1764,13.4861934487,111.287615796,24.8631399861,12961983.6461,-3.01219889191,7.11386494804,0.198696889115,0.0196091606534,1006.2030258,102.221511416,-64.7596748646,0.991281065575,0.0238400857382,0.198233759076,57.6230869986,479.144298001
232,0.410714285714,1764,21.7439976739,102.737290338,24.8414809353,12950692.0609,-3.2041099174,7.11386494804,0.169821853431,0.0208104012586,863.196182703,40.5938459208,-69.2982940525,0.99146001597,0.0158501243364,0.170356415382,38.2440957316,411.045801287
232.5,0.410714285714,1764,25.1636598308,91.352857687,24.818138985,12938523.1242,-3.53601857532,7.11386494804,0.119886794438,0.0228879377427,617.149356078,0.671757448146,-12.4949402114,0.992007224976,0.00247415236237,0.122026963188,5.95856419716,293.880645751
233,0.410714285714,1764,22.9842889557,79.667407818,24.8030171017,12930639.5824,-3.85684194128,7.11386494804,0.0715938143294,0.02489608737,379.587304899,20.5607992427,45.7363788902,0.992907503537,-0.00992718618806,0.0751461269192,-23.8787698736,180.755859476
233.5,0.410714285714,1764,15.6908053505,70.2810084575,24.8166654555,12937754.9242,-3.97362318568,7.11386494804,0.0540195935338,0.0256270634687,293.564419197,56.6248644072,45.0575641001,0.993721687986,-0.0143100157133,0.0580524445469,-34.4590833372,139.79258057
234,0.410714285714,1764,4.90604352725,65.2821777474,24.8385522186,12949165.2233,-3.86289277767,7.11386494804,0.0707590171898,0.0249339617462,376.567251181,50.3878524147,10.001083213,0.994004304807,-0.0101406916203,0.0743351016377,-24.4622775744,179.317738657
234.5,0.410714285714,1764,-6.97033612705,65.7831791047,24.8477781998,12953975.0348,-3.73943635694,7.11386494804,0.0893810521245,0.0241612033015,468.579988667,26.4366342055,-7.60926577756,0.993736511922,-0.00542648238133,0.0924299167631,-13.099969308,223.133327937
235,0.410714285714,1764,-17.2957831078,71.6725373636,24.8548413355,12957657.2829,-3.63468440506,7.11386494804,0.105165468416,0.0235055229009,546.565047765,5.04944981122,-4.76520893705,0.99343015373,-0.00136875026277,0.107751621226,-3.30615311769,260.269070364
235.5,0.410714285714,1764,-23.7728367473,81.6398425262,24.8577222816,12959159.2161,-3.53163091246,7.11386494804,0.120688693704,0.0228604737719,623.069688262,-4.5054512874,12.811643592,0.993163782915,0.00267673677664,0.122805525647,6.46703314118,296.699851553
236,0.410714285714,1764,-24.9603220527,93.467322169,24.8586568871,12959646.4571,-3.44868270838,7.11386494804,0.133170184347,0.0223412709246,684.47999139,4.16759204317,30.0013770026,0.992895985693,0.00596953045874,0.134899203451,14.42355284,325.942853043
236.5,0.410714285714,1764,-20.5940179412,104.523306271,24.8556909624,12958100.2217,-3.38344359663,7.11386494804,0.142980882277,0.0219329156991,732.504640715,25.0919539556,35.580338272,0.992676304984,0.00858265772865,0.144398488476,20.7324311595,348.811733674
237,0.410714285714,1764,-11.6454476774,112.347786208,24.8567925512,12958674.5167,-3.30062185043,7.11386494804,0.155445607662,0.0214145043974,793.757097498,53.6885295321,27.9771318611,0.992500943491,0.0119333207597,0.15645930396,28.8289116601,377.979570237
237.5,0.410714285714,1764,-0.105710363291,115.199778279,24.8520192747,12956186.0486,-3.2269281823,7.11386494804,0.166521117664,0.0209532290419,847.758609546,75.7683208724,0.317839968139,0.992275053146,0.0149407386268,0.167167864031,36.0804702484,403.694575974
238,0.410714285714,1764,11.4575480054,112.444700793,24.8423610602,12951150.8994,-3.28707394645,7.11386494804,0.157420483653,0.0213297031602,802.511108736,56.2862626519,-28.7329540418,0.992070993439,0.0124711741029,0.158368667125,30.093301668,382.148147017
238.5,0.410714285714,1764,20.4714478873,104.695571489,24.827291412,12943294.5895,-3.50509273395,7.11386494804,0.124577208171,0.0226943617024,640.614416144,10.9341528049,-15.2316593812,0.992237754974,0.00370462679896,0.126573261746,8.92852882614,305.054483878
239,0.410714285714,1764,24.9303540321,93.6766081967,24.8114537593,12935037.8932,-3.84986497745,7.11386494804,0.0726404548253,0.0248524160268,384.988501041,-7.12681361725,48.3255155554,0.992826101996,-0.00966380406697,0.0761635683943,-23.2610489974,183.327857638
239.5,0.410714285714,1764,23.842138786,81.8395822344,24.8032889613,12930781.3118,-4.15526451548,7.11386494804,0.0265929125111,0.0267640223297,158.313529604,34.3624142336,100.396018036,0.993704570644,-0.0210066702938,0.0313403205193,-50.5303751166,75.3873950495
240,0.410714285714,1764,17.4489351752,71.818287725,24.8183707896,12938643.9716,-4.25681662225,7.11386494804,0.0112679245403,0.0273996737411,82.9264462883,90.0403006649,86.4114086561,0.99442926194,-0.0246751673634,0.0163964740158,-59.4269445934,39.4887839468
240.5,0.410714285714,1764,7.1732611657,65.8425099762,24.8374402295,12948585.5063,-4.14197886974,7.11386494804,0.0286263630373,0.0266808626619,168.789668749,99.6274588521,29.5831140122,0.994659081953,-0.0205171986285,0.0333223896736,-49.4889785755,80.3760327375
241,0.410714285714,1764,-4.6984972959,65.2418877303,24.8415499473,12950728.0392,-4.00078822771,7.11386494804,0.0499519268816,0.0257970993041,274.094042988,76.2431950218,-14.4691340656,0.994398783508,-0.0153154819995,0.0540936349566,-36.9542851367,130.520972851
241.5,0.410714285714,1764,-15.5248179421,70.1500622705,24.8417748514,12950845.2892,-3.89607706057,7.11386494804,0.0657513396234,0.0251416741899,351.991604653,45.4813972534,-35.5714169856,0.994068991133,-0.0113949886172,0.0694657950199,-27.4951374901,167.615049835
242,0.410714285714,1764,-22.8967933518,79.4749416056,24.8385597801,12949169.1653,-3.77443213406,7.11386494804,0.0841037729861,0.0243802545435,442.265869021,14.3248057165,-31.1629735441,0.993817459241,-0.00677042441826,0.0873040823519,-16.332229443,210.602794772
242.5,0.410714285714,1764,-25.1741242159,91.1416960895,24.8344174563,12947009.6339,-3.68783634137,7.11386494804,0.0971509272599,0.0238382201182,506.279293691,-0.788278346484,-17.3813479732,0.993517829183,-0.00343578213961,0.0999737906001,-8.28533989461,241.085377948
243,0.410714285714,1764,-21.8500936731,102.554417807,24.8276399851,12943476.3122,-3.63255248423,7.11386494804,0.105473420499,0.0234921784364,546.881039252,-3.24853032764,-5.653841783,0.993299678148,-0.00128832062048,0.108050289724,-3.10507142033,260.419542501
243.5,0.410714285714,1764,-13.6643142016,111.173722332,24.8282913725,12943815.9022,-3.56874731885,7.11386494804,0.115086958026,0.0230927988005,594.106334525,5.15119699194,3.32428909324,0.993158300533,0.00121121646747,0.11737469156,2.91939050364,282.907778345
244,0.410714285714,1764,-2.43816035336,115.081773743,24.8259033949,12942570.9699,-3.49282451814,7.11386494804,0.126523075343,0.0226175704969,650.089565494,21.2146656799,2.06224477187,0.992993092984,0.00421184434462,0.128459734768,10.1498399104,309.566459759
244.5,0.410714285714,1764,9.33049567648,113.409012163,24.8170823754,12937972.2784,-3.57635480394,7.11386494804,0.113897114768,0.0231404168046,587.733465697,4.24239177654,-1.69095636561,0.992793668439,0.00090308936745,0.116220549267,2.17474795454,279.873078904
245,0.410714285714,1764,19.023072398,106.527634935,24.8075173182,12932985.6952,-3.82122919795,7.11386494804,0.0769747860371,0.024673174313,406.155438696,-28.410232694,32.6997731685,0.993012905255,-0.00857239080029,0.080376596918,-20.6274396592,193.40735176
245.5,0.410714285714,1764,24.4829257621,95.9687809584,24.8020191583,12930119.3212,-4.15782524118,7.11386494804,0.0262044123633,0.0267800508392,156.384590301,-25.2430862148,103.542852402,0.993634040717,-0.0211002315146,0.0309616307756,-50.7502347107,74.4688525242
246,0.410714285714,1764,24.4952126362,84.0818450587,24.8015924102,12929896.8432,-4.4394421158,7.11386494804,-0.0163266291241,0.0285427928394,-53.2563755238,36.943847443,152.910393135,0.99443512551,-0.0311459188488,-0.0105442676698,-74.9095239497,-25.3601788208
246.5,0.410714285714,1764,19.0571991328,73.5117265546,24.8182789082,12938596.0708,-4.51251810022,7.11386494804,-0.027385526062,0.0290002018889,-107.992198072,111.485836211,128.855685721,0.995058364644,-0.0336903622997,-0.021352710259,-81.1382731469,-51.4248562246
247,0.410714285714,1764,9.37886891256,66.610326682,24.8360462833,12947858.7957,-4.39651358976,7.11386494804,-0.00984784861198,0.0282740876492,-21.3497428826,139.34419231,55.8746971638,0.995213092716,-0.0296417803069,-0.00421533093821,-71.4901095448,-10.1665442298
247.5,0.410714285714,1764,-2.38630388929,64.9132394728,24.8352890734,12947464.0369,-4.22129748543,7.11386494804,0.0166437972549,0.0271773466012,109.596278729,117.950963719,-11.2197365285,0.994966126538,-0.0233949951435,0.0216402023461,-56.4206591399,52.1887041566
248,0.410714285714,1764,-13.6205128174,68.7980748376,24.8270421559,12943164.6439,-4.10253631172,7.11386494804,0.0345846827551,0.0264339774079,198.033196971,81.22070338,-52.1776972118,0.994579332891,-0.0190741842879,0.039128390417,-45.9698085479,94.3015223672
248.5,0.410714285714,1764,-21.8240933835,77.4004385796,24.81749733,12938188.608,-3.95229799324,7.11386494804,0.0572732647587,0.0254935813668,309.596938779,34.1501422652,-59.1525267419,0.99430773724,-0.0135059646991,0.0612187754253,-32.5250771442,147.427113704
249,0.410714285714,1764,-25.171710208,88.806264181,24.8085216413,12933509.2823,-3.89906837103,7.11386494804,0.0652919173077,0.0251603978853,348.791670436,2.75522976906,-58.0981522027,0.993953245573,-0.011509390229,0.0690189396037,-27.6968795792,166.091271636
249.5,0.410714285714,1764,-22.9185027536,100.477701634,24.7971896839,12927601.5552,-3.88487864485,7.11386494804,0.0674262194512,0.0250715792506,358.952236969,-23.0401617786,-50.3971223471,0.993824726862,-0.0109753671532,0.0710944475431,-26.3876517008,170.929636652
250,0.410714285714,1764,-15.5658203095,109.817801041,24.7974169195,12927720.0207,-3.83054293288,7.11386494804,0.0756286518362,0.0247314723528,399.221237572,-35.398379369,-27.8035293305,0.99379020899,-0.00891496240729,0.0790687178888,-21.4342929144,190.105351225
250.5,0.410714285714,1764,-4.74966940853,114.748346218,24.7955524297,12926748,-3.77350142458,7.11386494804,0.0842307159479,0.0243744288959,441.357680254,-33.403145561,-6.41068688891,0.99365702891,-0.00673748939596,0.0874272985385,-16.1965467594,210.17032393
251,0.410714285714,1764,7.12330534426,114.172267601,24.7891828162,12923427.3082,-3.87326756211,7.11386494804,0.0691580466237,0.024998901279,367.21651899,-51.0154294474,15.0336942823,0.993515505991,-0.0105405730245,0.0727782714708,-25.3259298414,174.865009043
251.5,0.410714285714,1764,17.4113110509,108.217745401,24.7870003577,12922289.5198,-4.15300133001,7.11386494804,0.0269361809438,0.0267498562323,159.793619172,-76.3101265236,72.9321504944,0.993761883182,-0.0209239699589,0.0316749133139,-50.2653593042,76.0921996056
252,0.410714285714,1764,23.825217904,98.2096888995,24.7883317167,12922983.6016,-4.47678050068,7.11386494804,-0.0219681961925,0.0287765073117,-81.0141569037,-53.3336188689,154.778714117,0.994424076731,-0.0324477242893,-0.0160572166162,-77.9570863479,-38.5781699542
252.5,0.410714285714,1764,24.9379013685,86.3749378856,24.795133964,12926529.8399,-4.72241552767,7.11386494804,-0.0591255171365,0.0303140258975,-264.569841543,29.6579511842,204.026038198,0.995137783154,-0.0408410843295,-0.0524096629789,-98.1763630468,-125.98563883
253,0.410714285714,1764,20.5017841241,75.3467802948,24.8138887268,12936307.3229,-4.7570073398,7.11386494804,-0.0643885931321,0.0305305485763,-291.032593005,123.482774507,172.768663606,0.995641527791,-0.042003757795,-0.0575646562832,-101.124075384,-138.58694905
253.5,0.410714285714,1764,11.5039231868,67.5790332208,24.8333918235,12946474.9373,-4.62320497195,7.11386494804,-0.0441496257983,0.0296930311021,-191.152487258,168.923229774,86.6724382994,0.995709862633,-0.0374944897713,-0.03774955352,-90.4099621238,-91.0249939324
254,0.410714285714,1764,-0.0536149339162,64.800057035,24.829566647,12944480.7453,-4.41325845898,7.11386494804,-0.0123828165037,0.0283788998494,-33.8729960188,153.033893807,-0.325592090219,0.99544197654,-0.0302311229636,-0.00669143524132,-72.8734476992,-16.1299981042
254.5,0.410714285714,1764,-11.5992234789,67.6281870496,24.8129257568,12935805.2945,-4.27252884599,7.11386494804,0.00889895381534,0.0274980222393,71.2061519279,113.266385491,-58.7257778738,0.99500222358,-0.0252376200982,0.0140852808938,-60.7548717178,33.9076913942
255,0.410714285714,1764,-20.5639500759,75.4341509936,24.797431354,12927727.5459,-4.12522905779,7.11386494804,0.0311589194379,0.0265760195233,180.707715971,58.0905317657,-82.0117519125,0.994694142324,-0.0199049294992,0.0357904576091,-47.857586666,86.0512933196
255.5,0.410714285714,1764,-24.9531007624,86.4810850616,24.7822927454,12919835.2846,-4.07983896379,7.11386494804,0.0380063630975,0.0262919064878,214.129265315,12.8454579089,-91.0888757345,0.994360222124,-0.0182415754756,0.0424616639668,-43.8048368907,101.966316817
256,0.410714285714,1764,-23.7900688031,98.3109943054,24.7681529617,12912463.7441,-4.08386635114,7.11386494804,0.0373939139593,0.0263171153637,210.879787372,-30.5513646821,-87.4527211921,0.994254963546,-0.0183905567014,0.0418650544784,-44.1122160256,100.418946368
256.5,0.410714285714,1764,-17.3336342961,108.291668106,24.7658015098,12911237.8538,-4.06002876802,7.11386494804,0.0409954951538,0.0261679072987,228.506611089,-64.0167973733,-60.6638906883,0.994264347941,-0.0175121852913,0.0453730466425,-41.997348959,108.812671947
257,0.410714285714,1764,-7.02038437986,114.202359454,24.7656421549,12911154.7767,-4.03775390435,7.11386494804,0.0443581539164,0.0260284808606,244.994951585,-80.7218460737,-23.415005812,0.994208675439,-0.0166893214846,0.0486476534189,-40.0234594776,116.664262659
257.5,0.410714285714,1764,4.85493418231,114.72791164,24.7597951642,12908106.5456,-4.16757957864,7.11386494804,0.0247447251925,0.0268411067697,148.690640991,-105.962415108,20.8040435696,0.994156375382,-0.0214523464316,0.0295388434109,-51.4216080921,70.8050671385
258,0.410714285714,1764,15.6500069838,109.751386822,24.7626974556,12909619.6068,-4.47973280575,7.11386494804,-0.0224150347965,0.0287949868583,-83.0455698843,-128.453705058,101.780264816,0.994457428631,-0.0325504971708,-0.01649394395,-78.0423407513,-39.5455094687
258.5,0.410714285714,1764,22.9628793963,100.380085252,24.7708665702,12913878.4386,-4.78407491438,7.11386494804,-0.0684492322228,0.0306999743276,-310.066708047,-89.0267908401,196.945536724,0.995144030614,-0.0428984782815,-0.0615427199329,-102.92030019,-147.650813356
259,0.410714285714,1764,25.1664028067,88.6991657401,24.7839644445,12920706.7971,-4.9874237277,7.11386494804,-0.0978825130702,0.0321082421606,-455.818097942,12.8711122491,249.009120844,0.995762886062,-0.049437561984,-0.0903761752048,-118.7340707,-217.056237115
259.5,0.410714285714,1764,21.77028286,77.3076879886,24.8051794175,12931766.8696,-4.98082281869,7.11386494804,-0.0972113141612,0.0320383977902,-453.300489931,125.339019455,214.985725572,0.996148699347,-0.049256698181,-0.0897233315154,-118.502305342,-215.857376158
260,0.410714285714,1764,13.5301722671,68.7403095408,24.82555396,12942388.7978,-4.82743662514,7.11386494804,-0.0750806414723,0.0309713909778,-344.324132131,189.329594868,120.493853791,0.996136521979,-0.044347399785,-0.0680414426309,-106.866802354,-163.963872443
260.5,0.410714285714,1764,2.27953451079,64.9033125211,24.8204402455,12939722.848,-4.58372189882,7.11386494804,-0.0381813641804,0.0294458922494,-161.416185493,182.097056852,16.5398929941,0.99584701035,-0.0361469827481,-0.0319103866984,-87.069844738,-76.8648502345
261,0.410714285714,1764,-9.47831042879,66.650446869,24.7982322805,12928145.0956,-4.41610033615,7.11386494804,-0.0128116163419,0.0283966881878,-35.9025899952,141.905210948,-57.6037422766,0.995361088337,-0.0303307264101,-0.0071103058134,-72.9291272439,-17.0964714263
261.5,0.410714285714,1764,-19.1271865803,73.5929669494,24.7754084352,12916246.2642,-4.28468477635,7.11386494804,0.00706119477983,0.0275741106095,61.9532388219,84.2445086279,-98.2115675589,0.995008334818,-0.0256728682265,0.0122921065991,-61.6158997436,29.5015422962
262,0.410714285714,1764,-24.5201734776,84.1861292902,24.7576716233,12906999.4729,-4.23907375162,7.11386494804,0.01395294222,0.0272886146886,95.703464838,27.9095600962,-117.709403838,0.994721175678,-0.0240365710767,0.0190156866585,-57.6061522302,45.5730784943
262.5,0.410714285714,1764,-24.4573060925,96.0729052932,24.7412083269,12898416.6077,-4.261295051,7.11386494804,0.0105932645365,0.0274277058484,79.1035110236,-30.0820039296,-121.148732355,0.994619330088,-0.0248355013599,0.0157383027626,-59.4417382996,37.6683385827
263,0.410714285714,1764,-18.9525727147,106.608431217,24.7355515606,12895467.5469,-4.26971395189,7.11386494804,0.00932140352163,0.0274804027978,72.8333961083,-83.2312586685,-94.9786564086,0.994669088737,-0.0251373296836,0.0144974397023,-60.1366312668,34.6825695754
263.5,0.410714285714,1764,-9.23080249171,113.448502838,24.734835561,12895094.2724,-4.29874023711,7.11386494804,0.00493460774977,0.0276620888283,51.3253739938,-122.355567923,-48.1668313343,0.994687870952,-0.0261755039721,0.0102168734842,-62.61665511,24.4406542828
264,0.410714285714,1764,2.5448648357,115.07117195,24.73095644,12893071.9574,-4.43937923559,7.11386494804,-0.01632233285,0.0285423992494,-52.9324877605,-155.609603238,15.7952491475,0.994752333886,-0.0311447194788,-0.0105400926544,-74.48057245,-25.2059465526
264.5,0.410714285714,1764,13.7542877307,111.11538702,24.7351489254,12895257.6398,-4.74484898633,7.11386494804,-0.0625125988034,0.0304544450391,-279.956380931,-175.074240698,114.041077177,0.995058230264,-0.0415909303437,-0.0557269481036,-99.4957320154,-133.312562348
265,0.410714285714,1764,21.9033167144,102.461328858,24.7477301932,12901816.674,-5.01641039027,7.11386494804,-0.100987486333,0.032414950705,-469.684602823,-124.980381275,219.678407122,0.995685917425,-0.0502586977482,-0.0933984192891,-120.353502615,-223.659334678
265.5,0.410714285714,1764,25.1787543915,91.0345662336,24.766618263,12911663.6544,-5.21341268034,7.11386494804,-0.122204557556,0.0344994364748,-574.533923271,-11.533450502,280.695336897,0.996201899524,-0.0557791670346,-0.114073877507,-133.777231009,-273.58758251
266,0.410714285714,1764,22.8518004258,79.3776077411,24.7895734383,12923630.9525,-5.19891582243,7.11386494804,-0.120689460764,0.0343460448872,-568.145114622,117.802945329,253.427790147,0.996551657575,-0.0553860247147,-0.112596558585,-133.080694961,-270.545292677
266.5,0.410714285714,1764,15.4402130529,70.0841816417,24.8127819981,12935730.3484,-4.99810063831,7.11386494804,-0.0991050240578,0.0322212147977,-462.897647036,198.782946184,154.111218788,0.996526619244,-0.0497547484902,-0.091566792448,-119.773905912,-220.427450969
267,0.410714285714,1764,4.59310543035,65.2221190877,24.8086601367,12933581.4846,-4.72914607072,7.11386494804,-0.0602055016585,0.0303561548038,-270.204580877,204.116571295,37.8373330374,0.996168347036,-0.0410782536946,-0.0534675194657,-98.8542508623,-128.668848037
267.5,0.410714285714,1764,-7.2759898202,65.8732519362,24.7841639604,12920810.8113,-4.53859037516,7.11386494804,-0.0313462826229,0.0291633976993,-127.22801971,167.050804818,-50.3781094781,0.99565487404,-0.0345943937896,-0.0252254062003,-83.0866079635,-60.5847712906
268,0.410714285714,1764,-17.5261430084,71.8927000563,24.7579634411,12907151.6073,-4.43567179401,7.11386494804,-0.0157701260562,0.0285191930299,-50.332907921,112.169083409,-108.568997203,0.995267600331,-0.0310165957267,-0.0100006018036,-74.3362624517,-23.9680513909
268.5,0.410714285714,1764,-23.8766466907,81.9411078424,24.7344980645,12894918.3243,-4.39750000868,7.11386494804,-0.00999537738159,0.0282802620024,-21.8993186876,47.6743969047,-141.248289321,0.995050303393,-0.0296761904067,-0.00435941634483,-70.9890083731,-10.4282469941
269,0.410714285714,1764,-24.9144838367,93.7826571545,24.7160686946,12885310.4795,-4.43895761633,7.11386494804,-0.0162621352022,0.0285397601818,-52.5738346778,-23.4390222204,-154.38119724,0.994968257163,-0.0311306516606,-0.0104812918932,-74.3573248004,-25.0351593704
269.5,0.410714285714,1764,-20.4087307852,104.782547404,24.7069759566,12880570.132,-4.48108974286,7.11386494804,-0.0226337173331,0.028803480419,-83.7438399573,-95.8528618635,-132.334109904,0.995057329174,-0.0326002632601,-0.0167077371279,-77.8102928381,-39.8780190273
270,0.410714285714,1764,-11.3619388476,112.493251113,24.7073200877,12880749.5391,-4.54081302968,7.11386494804,-0.0316663724118,0.0291773100988,-128.008890094,-155.105535229,-78.3479274455,0.995146900493,-0.0346679586894,-0.0255383477663,-82.7477723612,-60.9566143304
270.5,0.410714285714,1764,0.212938087963,115.199100329,24.7024941225,12878233.6025,-4.70287797893,7.11386494804,-0.0561789063911,0.0301917333047,-248.139395067,-201.345844554,1.70141785221,0.995272230148,-0.0401865306488,-0.0495242671593,-95.8823967184,-118.161616698
271,0.410714285714,1764,11.7404352944,112.298030835,24.7070009352,12880583.1542,-4.98897224152,7.11386494804,-0.0980330247655,0.0321246270209,-453.724962411,-219.442317214,115.541517779,0.995602648293,-0.049478701564,-0.0905225038178,-118.095980139,-216.05950591
271.5,0.410714285714,1764,20.6556302576,104.43554428,24.7236181369,12889246.2554,-5.24184447823,7.11386494804,-0.125252767976,0.0348002739832,-587.464669602,-162.620536788,232.691585093,0.996151552689,-0.0565617270052,-0.117047366451,-135.183433586,-279.745080763
272,0.410714285714,1764,24.9748500374,93.3610810178,24.7444889622,12900126.9123,-5.39696771791,7.11386494804,-0.14198138225,0.036441636556,-670.573888922,-40.7672855611,302.925409395,0.99660044226,-0.0607967445711,-0.133380889298,-145.550620216,-319.320899487
272.5,0.410714285714,1764,23.7370478551,81.5387613718,24.7681515498,12912463.008,-5.35273258757,7.11386494804,-0.137262746658,0.0359735836228,-648.639821812,100.812677222,282.818562246,0.996859138372,-0.0596071696766,-0.128771680356,-142.975772205,-308.876105625
273,0.410714285714,1764,17.2176405362,71.5991072399,24.7924478612,12925129.485,-5.13534534776,7.11386494804,-0.113884283052,0.0336734042302,-534.792728125,197.621543045,184.913674283,0.996786652051,-0.0536242292672,-0.105962116411,-128.877361955,-254.663203869
273.5,0.410714285714,1764,6.86722696683,65.7537385606,24.7937001468,12925782.3432,-4.84999758887,7.11386494804,-0.0785174086726,0.0311126082198,-360.445428823,219.003105879,62.0278733805,0.996415513707,-0.0450948856299,-0.0714102873886,-108.389381065,-171.640680392
274,0.410714285714,1764,-5.01117700148,65.303277443,24.768982072,12912895.9869,-4.64688245454,7.11386494804,-0.0477405212297,0.0298412370399,-207.864693905,189.086548647,-38.367283824,0.995890381855,-0.0383009444293,-0.0412637183393,-91.8761013134,-98.983187574
274.5,0.410714285714,1764,-15.7745704448,70.3479536108,24.7396402982,12897599.1421,-4.57581266167,7.11386494804,-0.0369713297659,0.0293963854699,-154.418291279,140.592410221,-112.852617743,0.995490081853,-0.0358733407212,-0.0307267005852,-85.8490199563,-73.5325196565
275,0.410714285714,1764,-23.0280475413,79.7653028166,24.7140148207,12884239.7265,-4.55051276657,7.11386494804,-0.0331396352603,0.0292380242646,-135.303791439,71.2960129032,-160.415881898,0.995344783961,-0.0350032305822,-0.026979090735,-83.5933041792,-64.4303768759
275.5,0.410714285714,1764,-25.1576754159,91.4599204319,24.6938638069,12873734.3314,-4.60379571621,7.11386494804,-0.0411958587288,0.0295715415417,-174.539491161,-10.6830812809,-184.093246069,0.995292403672,-0.0368293231578,-0.0348593717858,-87.8109330973,-83.1140434099
276,0.410714285714,1764,-21.6896018192,102.829698863,24.6817675756,12867428.1627,-4.67823987937,7.11386494804,-0.052459824048,0.0300375145174,-229.509764523,-100.229169289,-169.445190858,0.995402318011,-0.0393576935725,-0.0458830837476,-93.7473314282,-109.290364058
276.5,0.410714285714,1764,-13.3954894884,111.344808769,24.680564509,12866800.964,-4.77328400864,7.11386494804,-0.0668450510685,0.0306324301409,-299.949568113,-180.237894495,-113.112975024,0.995553326496,-0.0425449627705,-0.0599710994692,-101.329309501,-142.833127673
277,0.410714285714,1764,-2.12081754794,115.11059802,24.6774033705,12865152.9572,-4.92355621484,7.11386494804,-0.0895935955012,0.0315730382975,-411.380472112,-236.620761203,-19.9847674741,0.995741794534,-0.0474899114736,-0.0822713644618,-113.077718506,-195.89546291
277.5,0.410714285714,1764,9.62574630276,113.289160743,24.6796296243,12866313.5775,-5.19608723497,7.11386494804,-0.120322438581,0.0343161155382,-561.323951187,-255.578242286,105.634176684,0.99602990215,-0.0552964503665,-0.112238084395,-131.689541812,-267.297119613
278,0.410714285714,1764,19.2305361878,106.285775325,24.6959062266,12874799.1128,-5.43782583343,7.11386494804,-0.146361125855,0.0368739572176,-689.376832091,-200.306489998,236.525503253,0.996521720916,-0.0618929432515,-0.137660929309,-147.593702605,-328.274681948
278.5,0.410714285714,1764,24.5564410434,95.6587280621,24.7193894685,12887041.7096,-5.55642585105,7.11386494804,-0.159171304857,0.0381288667363,-753.548023988,-73.2968898752,318.076913243,0.996925184598,-0.0650572545171,-0.150189441716,-155.434696427,-358.832392375
279,0.410714285714,1764,24.4184219121,83.7725871084,24.7432049511,12899457.5145,-5.48033925928,7.11386494804,-0.151019378615,0.037323792756,-714.916419492,78.3183736104,307.095598698,0.997111991004,-0.063044700005,-0.142215625105,-150.91668076,-340.436390234
279.5,0.410714285714,1764,18.8471887018,73.2720749033,24.7682320247,12912504.9622,-5.24030772198,7.11386494804,-0.125193335959,0.0347840135299,-589.299126573,189.047157861,212.997573647,0.996992985184,-0.05653827465,-0.116990266541,-135.61549811,-280.618631701
280,0.410714285714,1764,9.08236708619,66.4936049529,24.7745434338,12915795.3101,-4.9639903788,7.11386494804,-0.095446047702,0.0318602933561,-443.526439415,229.339616754,88.6119110391,0.996597816295,-0.04878499009,-0.0880059717097,-117.07773121,-211.203066388
280.5,0.410714285714,1764,-2.70332405573,64.9454188012,24.7530296216,12904579.4427,-4.74110195539,7.11386494804,-0.0620112575455,0.0304309910155,-277.89178287,207.470364806,-22.3855119979,0.996105364444,-0.041477893148,-0.0552360901636,-99.3688283156,-132.329420414
281,0.410714285714,1764,-13.8875128412,68.9719951711,24.7220467169,12888427.0218,-4.65811991672,7.11386494804,-0.049430463132,0.0299115763851,-215.378172948,161.975267852,-106.973230726,0.995678521869,-0.0386799836492,-0.0429177347047,-92.4340292883,-102.561034737
281.5,0.410714285714,1764,-21.9816644997,77.6774018234,24.6939590901,12873784.0057,-4.62872705021,7.11386494804,-0.0449761758748,0.0297275957896,-193.061590258,92.2569335015,-164.572513925,0.995512807404,-0.0376807699345,-0.0385583444263,-89.8417027119,-91.9340905992
282,0.410714285714,1764,-25.1847920998,89.1246447068,24.6736623839,12863202.6561,-4.74194781059,7.11386494804,-0.0620985984415,0.0304362855295,-276.539628124,7.20577112386,-207.316787914,0.995453222654,-0.0414985912714,-0.0553215177641,-98.7818936568,-131.685537202
282.5,0.410714285714,1764,-22.7841846384,100.766658273,24.6589891697,12855553.0205,-4.86935804977,7.11386494804,-0.0813884839581,0.0312337923556,-370.592127434,-97.5284412066,-206.387716194,0.995680192001,-0.045719797993,-0.0742248959405,-108.700514573,-176.472441635
283,0.410714285714,1764,-15.3139886016,110.013039577,24.6579011901,12854985.8204,-4.96888087065,7.11386494804,-0.0959070992643,0.0319120397629,-441.596370507,-193.928711771,-148.394354099,0.995927383611,-0.0489126655821,-0.0884539491305,-116.28141404,-210.283985956
283.5,0.410714285714,1764,-4.43635785107,114.806425156,24.6527282557,12852288.9973,-5.1332185952,7.11386494804,-0.113579015614,0.0336509010124,-527.293796387,-263.06178779,-47.0457238496,0.996114432498,-0.0535510629955,-0.105663899127,-127.254992755,-251.092283994
284,0.410714285714,1764,7.42838345158,114.080264104,24.6544745887,12853199.4189,-5.38667258609,7.11386494804,-0.140848221602,0.036332703529,-660.177362072,-288.60697571,89.0307213058,0.996411759753,-0.0605143765491,-0.132273569185,-143.822496864,-314.370172415
284.5,0.410714285714,1764,17.6402743899,107.99613068,24.6708757779,12861749.9056,-5.62971819247,7.11386494804,-0.167037230112,0.0389043746894,-789.072169944,-239.043919931,234.317054807,0.99684235934,-0.0669782689944,-0.15788887895,-159.396877595,-375.748652354
285,0.410714285714,1764,23.9271210515,97.9077732761,24.6918605238,12872689.9531,-5.71355731103,7.11386494804,-0.176117556056,0.0397914783344,-834.944720581,-108.654633724,328.764177114,0.997223803547,-0.0691657198699,-0.166783867607,-164.882775361,-397.592724086
285.5,0.410714285714,1764,24.8900703935,86.0598990103,24.7150964452,12884803.6134,-5.61306770931,7.11386494804,-0.165331127626,0.0387281955435,-783.527722226,52.1944446518,329.718300353,0.997348329513,-0.0665574687862,-0.156218943285,-158.963777188,-373.108439155
286,0.410714285714,1764,20.3148616441,75.0887158037,24.7400669107,12897821.5494,-5.35590291974,7.11386494804,-0.137650437175,0.0360071289805,-649.074461523,177.540204161,241.877536256,0.997198644441,-0.0597013863695,-0.129150689729,-142.877194338,-309.083076916
286.5,0.410714285714,1764,11.2195003355,67.4353636807,24.7533439797,12904743.3281,-5.07433175039,7.11386494804,-0.107326065585,0.0330278179508,-500.957797343,233.873878545,116.285856402,0.996791881142,-0.0519146720027,-0.0995720238996,-124.375438754,-238.551332068
287,0.410714285714,1764,-0.372252730195,64.8027495963,24.7369180641,12896179.9508,-4.83302624545,7.11386494804,-0.0759396591894,0.0310063784355,-346.100397173,223.734962812,-3.30535869639,0.996306866836,-0.0445342365635,-0.068883445872,-106.552084483,-164.80971294
287.5,0.410714285714,1764,-11.8811778072,67.7766426048,24.7057248346,12879917.8805,-4.73145107478,7.11386494804,-0.0605355151875,0.0303705826589,-269.586542249,181.882543137,-97.2390803333,0.995857781292,-0.0411519705312,-0.0537906703012,-98.2115563742,-128.374543928
288,0.410714285714,1764,-20.7464847679,75.6953374812,24.6764548333,12864658.4531,-4.71926465534,7.11386494804,-0.0586798296409,0.0302943034465,-259.861440242,115.630463747,-167.702359401,0.995659439131,-0.040741180318,-0.0519732955881,-97.0009298119,-123.743542973
288.5,0.410714285714,1764,-24.995600988,86.7968872559,24.6545585357,12853243.1833,-4.84719013684,7.11386494804,-0.0780312091441,0.0310950353609,-354.031584158,28.5423451149,-222.73117644,0.995635271451,-0.0449911874271,-0.0709335173137,-106.929780107,-168.586468647
289,0.410714285714,1764,-23.6830780616,98.6111447282,24.63938048,12845330.3569,-5.00977206466,7.11386494804,-0.10029472346,0.0323447104288,-462.220083259,-85.2963491268,-234.589030669,0.995884999606,-0.0500742525109,-0.0927242205793,-118.864125715,-220.104801552
289.5,0.410714285714,1764,-17.1009585322,108.509381872,24.6349386239,12843014.6692,-5.14501849481,7.11386494804,-0.114855298674,0.033775756022,-532.732256246,-197.211097777,-182.204831501,0.996189755445,-0.0538816584347,-0.106907942701,-127.855872752,-253.682026784
290,0.410714285714,1764,-6.7137950488,114.289194224,24.6315233715,12841234.1844,-5.30285789588,7.11386494804,-0.131844531873,0.035445858361,-615.1452309,-279.648929064,-77.2979777778,0.996432557702,-0.0582400845854,-0.123480694876,-138.159673715,-292.926300429
290.5,0.410714285714,1764,5.1672195079,114.664546267,24.6307001875,12840805.0311,-5.54207911496,7.11386494804,-0.157593838553,0.0379770635912,-740.460736497,-315.312463197,66.0579235182,0.996703697444,-0.0646724002405,-0.148645739785,-153.408439685,-352.600350713
291,0.410714285714,1764,15.8985033457,109.551920401,24.6446321355,12848068.22,-5.7960142074,7.11386494804,-0.184960453504,0.0406639566545,-874.983347682,-275.790536014,224.257089309,0.997089780375,-0.0712770549748,-0.175452295982,-169.266566368,-416.658736991
291.5,0.410714285714,1764,23.0922951816,100.088900002,24.6647525812,12858557.679,-5.84982686754,7.11386494804,-0.19081913679,0.0412333496511,-905.120025398,-145.300116536,332.574728697,0.997467311064,-0.0726562714669,-0.181199333071,-172.823736791,-431.009535904
292,0.410714285714,1764,25.1479423925,88.3810517539,24.6859809416,12869624.7309,-5.74016253458,7.11386494804,-0.179036100146,0.0400729888177,-848.860908351,22.4575553817,348.84457262,0.997543105122,-0.0698607467642,-0.169644468374,-166.460333259,-404.219480167
292.5,0.410714285714,1764,21.6080537757,77.0334271287,24.7105426976,12882429.593,-5.47654140156,7.11386494804,-0.150652540902,0.0372836075359,-711.233232444,162.399853843,270.630089372,0.997387096799,-0.0629506690874,-0.14185721248,-150.294011028,-338.68249164
293,0.410714285714,1764,13.2602712492,68.5709261424,24.7289400942,12892020.7691,-5.18914635381,7.11386494804,-0.119691779852,0.0342426739147,-560.486208694,235.373363006,145.648601477,0.996986966501,-0.0551248466788,-0.111624075179,-131.805992869,-266.898194616
293.5,0.410714285714,1764,1.96201580925,64.8764951895,24.7209220601,12887840.7007,-4.91511163809,7.11386494804,-0.0883840544465,0.0315201806336,-406.880307284,236.266703737,18.4512078003,0.996509683356,-0.0472277717266,-0.0810851431849,-112.850514537,-193.752527278
294,0.410714285714,1764,-9.7727974049,66.772162587,24.6913594106,12872428.706,-4.79875266388,7.11386494804,-0.0707303955889,0.030791847677,-319.269571163,200.240555395,-84.2484965485,0.99601403196,-0.0433968043398,-0.0637780849244,-103.448574313,-152.033129125
294.5,0.410714285714,1764,-19.3331170894,73.8361333955,24.6592218382,12855674.3183,-4.80604185631,7.11386494804,-0.0718174865553,0.030837473372,-323.757662674,139.745570177,-167.145494149,0.995791474516,-0.0436353582326,-0.0648433238738,-103.746639536,-154.170315559
295,0.410714285714,1764,-24.5917270099,84.4966407829,24.6376854978,12844446.7062,-4.93653761881,7.11386494804,-0.0915635259918,0.0316542936059,-419.688596919,52.1521111268,-233.041389674,0.995805629085,-0.0479124861489,-0.0842037247797,-113.716969734,-199.851712819
295.5,0.410714285714,1764,-24.3785616494,96.3816715604,24.6223378156,12836445.4479,-5.11624951634,7.11386494804,-0.11174936533,0.033471350798,-517.118123961,-66.9090625596,-255.598661113,0.996054224361,-0.0530757834935,-0.103880764256,-125.814803083,-246.246725696
296,0.410714285714,1764,-18.7410513064,106.846750308,24.6151439438,12832695.0427,-5.27363930767,7.11386494804,-0.128698169936,0.0351366958061,-599.048308595,-191.042474981,-212.523885019,0.996381721724,-0.0574398802571,-0.120409578079,-136.080232562,-285.261099331
296.5,0.410714285714,1764,-8.93356862944,113.56334763,24.6101449603,12830088.906,-5.45956767473,7.11386494804,-0.148717499951,0.0371040081413,-696.053059165,-290.529305351,-110.148334139,0.996654493736,-0.0624782850615,-0.139964517317,-147.956551799,-331.453837698
297,0.410714285714,1764,2.86167521526,115.036988936,24.608410844,12829184.8533,-5.66886927984,7.11386494804,-0.171266296085,0.0393186332468,-805.676240332,-335.939008235,38.3971226004,0.996959975815,-0.0680010610589,-0.162030721748,-161.012496718,-383.655352539
297.5,0.410714285714,1764,14.0201828235,110.939782081,24.618977911,12834693.8176,-5.88914958714,7.11386494804,-0.19501294082,0.0416494242532,-922.243336124,-304.53527939,203.900894324,0.997282401599,-0.0736427342843,-0.185314514583,-174.520600958,-439.163493392
298,0.410714285714,1764,22.0591336077,102.183374921,24.6356367327,12843378.6166,-5.92554311565,7.11386494804,-0.198989948908,0.0420345050168,-942.947904351,-179.653291896,325.278996545,0.997597568863,-0.074566623162,-0.189218704384,-176.949286765,-449.022811596
298.5,0.410714285714,1764,25.1898230915,90.7161093621,24.6565653654,12854289.4105,-5.84376335988,7.11386494804,-0.190201194633,0.041169191537,-901.493685915,-10.2855814221,361.805040019,0.997647285059,-0.0725084838593,-0.180593235034,-172.357720197,-429.282707579
299,0.410714285714,1764,22.7156580945,79.0895060911,24.6802182576,12866620.4516,-5.60476421293,7.11386494804,-0.16446874107,0.038640336057,-777.09622426,143.663974114,299.108522833,0.997534637749,-0.0663452693182,-0.155374861541,-158.010050119,-370.045821076
299.5,0.410714285714,1764,15.1871520013,69.8905391895,24.7042807391,12879165.0253,-5.2973755954,7.11386494804,-0.131354663514,0.0353878500133,-616.392301423,232.367940434,175.489898255,0.997186044564,-0.0581079886737,-0.123003289419,-138.661862269,-293.520143535
300,0.410714285714,1764,4.2794329364,65.1660221925,24.7049925823,12879536.1329,-5.00110127824,7.11386494804,-0.0994442498803,0.0322529646379,-460.540203632,246.158925923,42.4185212433,0.99669449946,-0.0498430181782,-0.0918971495808,-118.946192751,-219.304858872
300.5,0.410714285714,1764,-7.58048014675,65.9671824218,24.6796018261,12866299.0854,-4.87127093005,7.11386494804,-0.0817183776088,0.031245765766,-372.830049771,218.397088253,-68.8872532829,0.996173857904,-0.0457899685617,-0.074548439933,-109.049430035,-177.538118939
301,0.410714285714,1764,-17.7537006333,72.1157579467,24.6465096345,12849047.0228,-4.90117782913,7.11386494804,-0.0862241728597,0.0314329638775,-393.868253334,165.535469275,-164.32718574,0.995931028634,-0.046764270599,-0.0789667157656,-111.07127858,-187.556311112
301.5,0.410714285714,1764,-23.9766389689,82.2436617044,24.6219908391,12836264.5575,-5.03263470717,7.11386494804,-0.102760769046,0.0325866205759,-473.519508002,77.715378055,-240.236241759,0.995987762448,-0.0507234026228,-0.0951251802722,-120.235154929,-225.485480001
302,0.410714285714,1764,-24.8646620145,94.0973873264,24.6061713258,12828017.3178,-5.22189368723,7.11386494804,-0.123119361672,0.034589174204,-571.55021075,-45.2779131588,-274.765336475,0.996231481515,-0.0560138964158,-0.114966219382,-132.605222455,-272.166767024
302.5,0.410714285714,1764,-20.2201804531,105.039424937,24.5961152673,12822774.7593,-5.3965022856,7.11386494804,-0.141926490104,0.0364367118061,-662.289569125,-180.195679691,-242.269180863,0.996566254251,-0.0607833445627,-0.133327219967,-143.778646145,-315.375985298
303,0.410714285714,1764,-11.0766133441,112.635119545,24.5909588174,12820086.5302,-5.59049214594,7.11386494804,-0.16282292788,0.0384893229873,-763.482553625,-294.141263763,-143.939555554,0.996858381002,-0.0659518109434,-0.153763105004,-155.938878878,-363.563120774
303.5,0.410714285714,1764,0.531552492295,115.194393264,24.587340647,12818200.2573,-5.77773809592,7.11386494804,-0.183008905823,0.0404705766979,-861.421318534,-351.42560567,7.41439393248,0.99716430509,-0.0708126537446,-0.173538742817,-167.382767421,-410.200627873
304,0.410714285714,1764,12.0214453913,112.147795617,24.5933859157,12821351.8574,-5.96085398786,7.11386494804,-0.202757072066,0.042408130169,-958.086302428,-329.292898068,178.734563939,0.997441236859,-0.07544312968,-0.192917635175,-178.415714372,-456.231572585
304.5,0.410714285714,1764,20.8365099748,104.173208955,24.608698752,12829334.9494,-6.00177747316,7.11386494804,-0.207211795477,0.0428411425098,-981.038911886,-213.855520202,314.396174794,0.997694890158,-0.0764679529098,-0.197293547421,-181.064588172,-467.161386612
305,0.410714285714,1764,25.0153527845,93.0450164317,24.6279755701,12839384.5972,-5.91467770327,7.11386494804,-0.197851084289,0.0419195378381,-936.793906013,-44.7123828055,367.320195082,0.997749286148,-0.0742993876927,-0.188100771385,-176.205483847,-446.092336197
305.5,0.410714285714,1764,23.6281615797,81.2392933867,24.6513244814,12851557.1629,-5.70332091939,7.11386494804,-0.17508842162,0.0396831668386,-827.175770404,119.541833883,322.411637691,0.997632511474,-0.0689135701442,-0.165775839511,-163.742728745,-393.893224002
306,0.410714285714,1764,16.9835929482,71.3828688953,24.6791202124,12866048.0041,-5.39804776883,7.11386494804,-0.142201957815,0.0364530645997,-668.117266171,224.795052392,205.070676311,0.997333317775,-0.0608441926926,-0.133597181635,-144.895613268,-318.151079129
306.5,0.410714285714,1764,6.56009475894,65.6688439084,24.6896897928,12871558.2787,-5.08946004549,7.11386494804,-0.108959864372,0.0331878907898,-506.351204638,252.949182678,68.199414829,0.996860895439,-0.0523412099085,-0.101163658912,-124.753225071,-241.119621256
307,0.410714285714,1764,-5.32305546406,65.3686159437,24.6696983685,12861136.0828,-4.94040659176,7.11386494804,-0.0921978244734,0.0316785109087,-423.889877623,234.6807625,-50.7165456997,0.996333989662,-0.0480469124259,-0.0848260637856,-114.332558153,-201.852322678
307.5,0.410714285714,1764,-16.0218007327,70.5489871399,24.6352093017,12843155.7826,-4.99760802834,7.11386494804,-0.0990058477753,0.0322160024803,-455.812578505,191.288557376,-157.564398871,0.996061455958,-0.0497323231269,-0.0914698023716,-118.012501715,-217.053608812
308,0.410714285714,1764,-23.1556197491,80.0573004653,24.6095146191,12829760.2881,-5.12219959129,7.11386494804,-0.112401285486,0.0335343086782,-519.739399208,104.467226188,-243.294424962,0.996167441868,-0.0532444249131,-0.104516171251,-126.083133649,-247.494952004
308.5,0.410714285714,1764,-25.1372041255,91.7779113458,24.5912407125,12820233.4914,-5.31871004891,7.11386494804,-0.133542586516,0.0356135903574,-621.366175157,-20.5538160869,-290.602493618,0.996392271673,-0.0586713351808,-0.125138421996,-138.727835681,-295.888654837
309,0.410714285714,1764,-21.5256419893,103.102928564,24.5783933447,12813535.7304,-5.50810249453,7.11386494804,-0.153945850837,0.0376175561877,-719.618236629,-164.478357369,-270.20694026,0.99673020491,-0.0637731538101,-0.14507718765,-150.633522789,-342.675350776
309.5,0.410714285714,1764,-13.1245229547,111.512482358,24.5713787467,12809878.7866,-5.71359105456,7.11386494804,-0.176088150256,0.0397918353754,-826.672767909,-292.688851458,-178.566168496,0.997036756154,-0.0691609721767,-0.166754870246,-163.266431043,-393.653699004
310,0.410714285714,1764,-1.80313564251,115.135407334,24.5674311142,12807820.7542,-5.85581352841,7.11386494804,-0.191440295561,0.0412966946477,-901.011109407,-359.878295783,-25.8165453006,0.99734837891,-0.0728039130397,-0.181808674159,-171.811003179,-429.052909241
310.5,0.410714285714,1764,9.9194578571,113.165585592,24.5692652662,12808776.9588,-6.00361664158,7.11386494804,-0.207379860531,0.0428606027933,-978.715193452,-348.604632248,149.271812907,0.997551447039,-0.0765085587312,-0.197458548224,-180.580610421,-466.054854025
311,0.410714285714,1764,19.4349251845,106.041311763,24.5808739782,12814828.9673,-6.05754615185,7.11386494804,-0.21322436815,0.0434312321839,-1008.13504245,-245.844618136,297.854179954,0.997751711287,-0.077844991252,-0.203202018787,-183.908614287,-480.064305928
311.5,0.410714285714,1764,24.6260299664,95.3477703851,24.6014005889,12825530.1737,-5.97564112348,7.11386494804,-0.204425713094,0.0425645931917,-966.856768141,-79.9639346345,368.227150519,0.997822079726,-0.0758239188879,-0.194556804281,-179.433136898,-460.407984829
312,0.410714285714,1764,24.3377268978,83.4643248665,24.626012903,12838361.3934,-5.77313053307,7.11386494804,-0.182614148237,0.0404218239692,-862.208512379,91.3200631318,340.060163854,0.997714641345,-0.0707118223152,-0.173152213888,-167.670628543,-410.575482085
312.5,0.410714285714,1764,18.6341647714,73.0350978998,24.656834906,12854429.931,-5.47460322539,7.11386494804,-0.150451238041,0.0372630996492,-707.162563655,211.38472984,232.1839444,0.997434636645,-0.0629002088595,-0.141660429721,-149.52144982,-336.744077931
313,0.410714285714,1764,8.78441306942,66.3806416889,24.6741338091,12863448.4258,-5.1869598926,7.11386494804,-0.119456326163,0.0342195389183,-556.856785337,257.998110754,95.9535795234,0.99698389208,-0.0550641688961,-0.111394470276,-131.077961064,-265.16989778
313.5,0.410714285714,1764,-3.0199119845,64.981604136,24.66141606,12856818.2393,-5.01010513012,7.11386494804,-0.100393045871,0.0323482346021,-463.528237332,248.362572529,-29.9792645923,0.996505886117,-0.0500950896121,-0.0928205469591,-119.126377508,-220.727732063
314,0.410714285714,1764,-14.1522923742,69.1492776971,24.6275879645,12839182.5255,-5.0457977955,7.11386494804,-0.104195818978,0.0327258995168,-480.694858925,210.558698244,-142.915349223,0.996190365309,-0.0510990485153,-0.0965227456743,-121.180664258,-228.902313774
314.5,0.410714285714,1764,-22.1357209416,77.956335342,24.5979967859,12823755.6577,-5.16266419197,7.11386494804,-0.116758713767,0.0339624655502,-540.354382184,129.105929048,-237.290965706,0.996255379159,-0.0543741574501,-0.108763492535,-128.637851732,-257.311610564
315,0.410714285714,1764,-25.1938471655,89.4431651942,24.5776225585,12813133.8939,-5.38821722099,7.11386494804,-0.141021528292,0.0363490473465,-656.908087658,6.63694861171,-300.287028074,0.996463521845,-0.0605573453992,-0.132442940933,-143.028744805,-312.813375075
315.5,0.410714285714,1764,-22.6462235331,101.053893418,24.5613978062,12804675.3896,-5.61026293455,7.11386494804,-0.164946147934,0.0386985181572,-771.943336355,-144.424471318,-295.883878877,0.996844880314,-0.0664697191781,-0.155841533162,-156.785812051,-367.592064931
316,0.410714285714,1764,-15.059708322,110.205078205,24.5529317105,12800261.7318,-5.81664760986,7.11386494804,-0.187198795838,0.0408822791613,-879.350787595,-284.985190371,-212.411642242,0.997194392385,-0.0718058013033,-0.177647619775,-169.255582671,-418.738470283
316.5,0.410714285714,1764,-4.12233695913,114.860537766,24.5484490291,12797924.7605,-5.92673047581,7.11386494804,-0.199097526446,0.042047068502,-936.807552231,-364.126408126,-60.3788930137,0.997496545454,-0.0745929923973,-0.189324236408,-175.761157651,-446.098834396
317,0.410714285714,1764,7.73227382591,113.984410384,24.5479003783,12797638.7305,-6.05500413958,7.11386494804,-0.212928900866,0.0434043350935,-1003.99481681,-366.281834549,118.084680708,0.997648895926,-0.0777789576268,-0.202911524757,-183.259956954,-478.09276991
317.5,0.410714285714,1764,17.8664172046,107.771638536,24.5567560167,12802255.47,-6.13477222415,7.11386494804,-0.221548873704,0.0442483630339,-1046.6863144,-278.420804214,279.90566184,0.997818795075,-0.0797327439301,-0.211387110808,-187.998964964,-498.422054476
318,0.410714285714,1764,24.0251984634,97.6045932695,24.575674056,12812118.0745,-6.0532820731,7.11386494804,-0.212801510979,0.0433861138683,-1005.6480365,-116.348645268,367.580381283,0.99792035495,-0.0777461607332,-0.202786519381,-183.5974251,-478.880017383
318.5,0.410714285714,1764,24.8382597156,85.7454901225,24.6020060216,12825845.8059,-5.86214766706,7.11386494804,-0.192211768759,0.0413637163147,-907.313029108,61.2328898713,357.48381495,0.997816568105,-0.0729791276562,-0.182566064764,-172.709595137,-432.053823385
319,0.410714285714,1764,20.1246909968,74.8330354955,24.6349507391,12843020.9853,-5.57528657881,7.11386494804,-0.161301747106,0.0383284325312,-758.801056879,196.659379321,260.942737703,0.997560253521,-0.0655717970527,-0.152274954575,-155.595574259,-361.333836609
319.5,0.410714285714,1764,10.933283585,67.2953020269,24.6596295187,12855886.8557,-5.28371277688,7.11386494804,-0.129879499185,0.0352432834158,-606.976336001,259.722971637,125.067724125,0.997141028423,-0.0577332528671,-0.121563336775,-137.270077908,-289.036350476
320,0.410714285714,1764,-0.690831006544,64.8094709758,24.6542875152,12853101.8913,-5.08083025038,7.11386494804,-0.108011593573,0.0330965787289,-500.288636279,259.904727823,-7.12768852751,0.996671507927,-0.0520950509842,-0.10023968043,-123.810688171,-238.232683942
320.5,0.410714285714,1764,-12.1612324399,67.9286514788,24.6223871394,12836471.162,-5.08257415509,7.11386494804,-0.108160717356,0.0331150310248,-499.716183666,227.316934295,-125.250800731,0.996318532566,-0.0521371274298,-0.100384590461,-123.590237766,-237.96008746
321,0.410714285714,1764,-20.9257022799,75.9588111582,24.5900381381,12819606.5493,-5.18928362834,7.11386494804,-0.119626657112,0.0342441264196,-553.888673633,152.469315464,-227.226308127,0.996321659312,-0.0551143454781,-0.111559877235,-130.304620655,-263.756511254
321.5,0.410714285714,1764,-25.0341046374,87.1132015997,24.5652234257,12806669.8126,-5.41924456586,7.11386494804,-0.144362516337,0.0366773483973,-672.421434009,34.8481066892,-302.20023303,0.996509921678,-0.0613939792964,-0.135707565429,-144.858497992,-320.200682862
322,0.410714285714,1764,-23.5723006047,98.9099183049,24.5462041048,12796754.4066,-5.66826665509,7.11386494804,-0.17119039056,0.0393122568604,-801.239956134,-118.916336615,-314.60800622,0.996895256148,-0.0679835135358,-0.161956306598,-160.158150787,-381.542836254
322.5,0.410714285714,1764,-16.8655484758,108.724136151,24.5351848011,12791009.6763,-5.8685742768,7.11386494804,-0.192799882824,0.0414317164204,-905.241138847,-268.557191469,-241.899775491,0.997281505585,-0.0731241477984,-0.183142679218,-172.114017523,-431.067208975
323,0.410714285714,1764,-6.40613224113,114.372145365,24.530577213,12788607.587,-5.9834857829,7.11386494804,-0.205217838172,0.0426475977138,-965.141305585,-363.225729081,-95.472598698,0.997569167965,-0.0760101865136,-0.195334662159,-178.839764971,-459.591097898
323.5,0.410714285714,1764,5.47867864068,114.59723725,24.5286743846,12787615.5792,-6.08217618408,7.11386494804,-0.215868823861,0.0436918431223,-1016.70010423,-378.277334308,84.2558020084,0.997725075358,-0.0784477193851,-0.205801558774,-184.546254747,-484.142906775
324,0.410714285714,1764,16.1444576771,109.3493278,24.5336921797,12790231.523,-6.20810719671,7.11386494804,-0.229448363813,0.0450243220681,-1083.13310399,-309.290876797,258.062374154,0.997853740721,-0.081504181867,-0.219159324631,-191.814959151,-515.777668565
324.5,0.410714285714,1764,23.2180187125,99.796101626,24.5519407546,12799745.1134,-6.1505968299,7.11386494804,-0.223294733597,0.044415803552,-1054.77643004,-154.162832006,365.38570698,0.998010984169,-0.08012337446,-0.213104543646,-188.845936342,-502.274490494
325,0.410714285714,1764,25.1254610441,88.0631966232,24.5793526837,12814035.8658,-5.9638251512,7.11386494804,-0.203178247047,0.0424395681169,-959.047166133,28.7981184271,373.587743269,0.997940132662,-0.075533948171,-0.193331683096,-178.426692802,-456.68912673
325.5,0.410714285714,1764,21.4423697541,76.7612395094,24.614023207,12832110.7652,-5.68948854497,7.11386494804,-0.173611767412,0.0395368061662,-817.477456144,179.169355202,290.194506168,0.99769886747,-0.068557612146,-0.164329116843,-162.404347744,-389.274979116
326,0.410714285714,1764,12.988250031,68.4049690638,24.6442078672,12847847.0347,-5.39791410687,7.11386494804,-0.142184677548,0.0364516503194,-666.143991076,259.997300912,156.374397499,0.997312947651,-0.0608400792402,-0.133580275859,-144.476181589,-317.211424322
326.5,0.410714285714,1764,1.64418339868,64.8536948847,24.6478507876,12849746.2106,-5.14709635711,7.11386494804,-0.115156033037,0.0337977419308,-534.756589096,268.563697072,17.5599544422,0.996860678026,-0.0539534850122,-0.107201775916,-128.160552817,-254.645994808
327,0.410714285714,1764,-10.0657217969,66.8975922314,24.619103862,12834759.4801,-5.10952190184,7.11386494804,-0.111069277032,0.033400165754,-513.686183538,241.331382433,-105.148111866,0.996436212421,-0.0528952364966,-0.1032184544,-125.353885976,-244.612468351
327.5,0.410714285714,1764,-19.5359564036,74.0818843013,24.5823400936,12815593.3021,-5.22236432887,7.11386494804,-0.123187023555,0.034594154074,-570.771852884,175.611802921,-215.524537626,0.99636977056,-0.0560299310074,-0.115032365445,-132.386375055,-271.796120421
328,0.410714285714,1764,-24.6593485419,84.8080322143,24.5550850395,12801384.3339,-5.43245522994,7.11386494804,-0.145790588622,0.0368171307384,-678.776697347,62.9865856134,-299.155971726,0.996567063164,-0.0617501022587,-0.137103324969,-145.578527941,-323.226998737
328.5,0.410714285714,1764,-24.2959192894,96.6894174547,24.5339900545,12790386.8151,-5.67974484034,7.11386494804,-0.172428079304,0.039433707803,-806.434962271,-89.5831169393,-325.365279352,0.996916552737,-0.068281961594,-0.163168727287,-160.701198655,-384.0166487
329,0.410714285714,1764,-18.5265333693,107.082375751,24.5197795047,12782978.3818,-5.8965063946,7.11386494804,-0.195807337681,0.0417272668024,-918.675359754,-247.058482871,-267.9450033,0.997298540068,-0.0738282998427,-0.186094224593,-173.553247955,-437.464457026
329.5,0.410714285714,1764,-8.63490636834,113.674424851,24.5132930453,12779596.7743,-6.03960516735,7.11386494804,-0.211263395238,0.0432413982136,-993.089314095,-358.767221373,-130.85519011,0.997607672241,-0.0773988476235,-0.201274586259,-181.850527885,-472.899673379
330,0.410714285714,1764,3.1780280382,114.998802727,24.5116869804,12778759.4791,-6.11151758561,7.11386494804,-0.219042097665,0.0440023051678,-1030.68532764,-387.438766813,49.2540093803,0.997798829289,-0.0791665918936,-0.208921741658,-185.979514799,-490.802536969
330.5,0.410714285714,1764,14.2838362126,110.760829055,24.5145412898,12780247.5258,-6.22911080262,7.11386494804,-0.231717274093,0.0452465617062,-1092.46287687,-333.3871805,229.376575909,0.997891069329,-0.0820089308216,-0.221392596364,-192.701657309,-520.220417556
331,0.410714285714,1764,22.2114234401,101.903472971,24.5314012127,12789037.1656,-6.18012769436,7.11386494804,-0.22647889422,0.0447282703092,-1068.49200019,-188.681229171,352.071927801,0.998036460755,-0.0808378556099,-0.216237251168,-190.211273267,-508.805714377
331.5,0.410714285714,1764,25.196864161,90.3975379911,24.5587105821,12803274.4501,-6.0547077613,7.11386494804,-0.212966969602,0.043401199108,-1005.06580006,-6.0767431934,385.157837047,0.997976714554,-0.0777831650583,-0.202949189353,-183.431319669,-478.602761933
332,0.410714285714,1764,22.5758837298,78.8031489329,24.593938725,12821640.0553,-5.8097304415,7.11386494804,-0.186571595485,0.0408090884435,-879.238189758,158.11043937,318.793460258,0.997818411903,-0.0716494662156,-0.177033036274,-169.451684323,-418.684852266
332.5,0.410714285714,1764,14.9316626581,69.7001120627,24.6290867697,12839963.9026,-5.51083906823,7.11386494804,-0.15435708296,0.0376465119371,-724.597037632,256.245517432,188.48240127,0.997486768837,-0.0638661163043,-0.145480198341,-151.476018916,-345.046208396
333,0.410714285714,1764,3.96507619888,65.1138960314,24.6410461106,12846198.7056,-5.22186331913,7.11386494804,-0.123216146829,0.0345888528785,-573.646410953,275.86617961,43.953461909,0.997041048975,-0.0560309202223,-0.115061477315,-133.021792383,-273.164957597
333.5,0.410714285714,1764,-7.88375842138,66.0649555431,24.6170861608,12833707.5852,-5.14423409365,7.11386494804,-0.114814398788,0.0337674562553,-531.763978314,254.583749205,-83.8551514018,0.996566202052,-0.0538676012623,-0.106868464971,-127.637322586,-253.220942054
334,0.410714285714,1764,-17.9784195981,72.3416753696,24.5779083481,12813282.8855,-5.25526547056,7.11386494804,-0.126730129367,0.0349422818122,-587.71174843,197.892386329,-201.479609824,0.996431177438,-0.05693695494,-0.118489121483,-134.480970627,-279.862737348
334.5,0.410714285714,1764,-24.072797594,82.5474557364,24.5461375466,12796719.7076,-5.45292611402,7.11386494804,-0.147999017672,0.0370337336344,-688.96203083,91.1493794395,-294.425700065,0.996623322871,-0.0622998948632,-0.139262090171,-146.767669482,-328.077157538
335,0.410714285714,1764,-24.8108645522,94.4114623623,24.5230148762,12784665.0888,-5.69364944608,7.11386494804,-0.173928703949,0.0395808327567,-812.973165135,-59.3365831723,-333.719707248,0.996949374065,-0.0686430736137,-0.164638892198,-161.406567617,-387.130078636
335.5,0.410714285714,1764,-20.0283970924,105.2938978,24.5058352983,12775708.8022,-5.92059489777,7.11386494804,-0.198402197202,0.0419821478093,-930.191073837,-222.751667908,-291.708426217,0.997319085427,-0.074433467108,-0.188641436497,-174.776897944,-442.948130399
336,0.410714285714,1764,-10.7895167877,112.773368822,24.4984206478,12771843.2977,-6.07618448004,7.11386494804,-0.215205896812,0.0436284447638,-1010.98163371,-348.698523719,-165.205622628,0.997640564334,-0.0782980854631,-0.205149772186,-183.740153571,-481.419825575
336.5,0.410714285714,1764,0.850081906072,115.185657838,24.4969633771,12771083.5739,-6.13368654745,7.11386494804,-0.221438097705,0.0442368754638,-1041.05863704,-392.529069776,13.2488840262,0.997846066053,-0.0797073754065,-0.21127817344,-187.025046855,-495.742208116
337,0.410714285714,1764,12.3005333652,111.994019163,24.4980279133,12771638.5521,-6.23881681351,7.11386494804,-0.232768310898,0.0453492612309,-1096.09027833,-353.717254237,197.822455977,0.997918993586,-0.082242041888,-0.222427265861,-192.989149433,-521.947751587
337.5,0.410714285714,1764,21.0140581179,103.908607458,24.5145957642,12780275.9251,-6.20032621323,7.11386494804,-0.228655578192,0.0449419913027,-1077.59811911,-221.487920612,334.638823494,0.998048161855,-0.0813245018518,-0.218379214714,-191.094259823,-513.14196148
338,0.410714285714,1764,25.0518557972,92.7284649743,24.5407013046,12793885.6135,-6.10991183749,7.11386494804,-0.218913763731,0.04398531471,-1032.50344535,-42.3696595353,389.024088948,0.998001491995,-0.0791347328968,-0.208795684606,-186.345039871,-491.66830731
338.5,0.410714285714,1764,23.5154973696,80.9412261613,24.5755050947,12812029.9894,-5.91422078553,7.11386494804,-0.197829624974,0.0419147031809,-932.702561695,132.43874889,343.795209661,0.99788903738,-0.0742925449654,-0.188079825134,-175.439305029,-444.144076998
339,0.410714285714,1764,16.7468298336,71.1696072658,24.6154989153,12832880.1012,-5.59123871835,7.11386494804,-0.163029591991,0.0384972224873,-766.017474924,245.341594861,218.194808691,0.997631888915,-0.065993172927,-0.153966181777,-156.348259958,-364.770226154
339.5,0.410714285714,1764,6.25191364975,65.5878395934,24.6346021,12842839.2281,-5.28646995669,7.11386494804,-0.130179180746,0.0352724571989,-607.202563587,279.055390678,71.4656211069,0.997165444879,-0.0578092834566,-0.121855866017,-137.171992661,-289.144077899
340,0.410714285714,1764,-5.63408281701,65.4378927856,24.6159879534,12833135.053,-5.17142932215,7.11386494804,-0.117750148751,0.0340552095946,-545.956499482,264.910992859,-60.7655711245,0.996676155546,-0.0546266168919,-0.109730522455,-129.424234108,-259.979285468
340.5,0.410714285714,1764,-16.266469276,70.7531307145,24.5746581115,12811588.4288,-5.29278371426,7.11386494804,-0.130768045799,0.0353392632132,-607.097721228,219.535129017,-185.539859921,0.996478841485,-0.0579660152468,-0.122429924459,-136.875328092,-289.094152966
341,0.410714285714,1764,-23.2794895775,80.3508878641,24.5391055855,12793053.7119,-5.48383145329,7.11386494804,-0.151330340886,0.0373607437412,-704.672058329,119.512210231,-288.335674129,0.996686783256,-0.0631265354523,-0.142519254024,-148.629894914,-335.558123014
341.5,0.410714285714,1764,-25.1127136178,92.0956179875,24.513554438,12779733.047,-5.71060630323,7.11386494804,-0.175760475954,0.0397602536528,-821.202018368,-28.3458885896,-339.681271417,0.996998512864,-0.0690827903368,-0.166433742845,-162.315204921,-391.048580175
342,0.410714285714,1764,-21.358240399,103.374063222,24.4939665388,12769521.2222,-5.94348472346,7.11386494804,-0.200869119167,0.0422243455823,-941.22222565,-196.099931527,-313.169558895,0.997344007316,-0.0750067448609,-0.191063566962,-175.952449103,-448.201059833
342.5,0.410714285714,1764,-12.8514579254,111.676716292,24.483928062,12764287.8297,-6.1254320536,7.11386494804,-0.220511248721,0.0441495344742,-1035.46341568,-336.605684418,-199.563150273,0.997671551074,-0.0795005716308,-0.21036646909,-186.341333192,-493.077816989
343,0.410714285714,1764,-1.48516543159,115.156197718,24.4838516034,12764247.9692,-6.15558054119,7.11386494804,-0.22380816878,0.044468536316,-1051.4199427,-394.268855014,-23.2767479719,0.9979086242,-0.0802402889034,-0.213609557771,-188.073981337,-500.676163193
343.5,0.410714285714,1764,10.2115833776,113.038306468,24.4853362673,12765021.974,-6.2280938532,7.11386494804,-0.231620661191,0.0452358013409,-1089.39344427,-368.97881022,163.547519881,0.997946336076,-0.0819866644859,-0.221297526556,-192.190590431,-518.758782984
344,0.410714285714,1764,19.6362067081,105.794283337,24.4970669954,12771137.5936,-6.25460145376,7.11386494804,-0.234494351338,0.0455162788731,-1104.37797518,-255.167337444,317.236209864,0.99803523214,-0.0826230963059,-0.224126652607,-193.868122034,-525.894273893
344.5,0.410714285714,1764,24.6916814045,95.0359576468,24.5250503123,12785726.2295,-6.15750743517,7.11386494804,-0.22405111144,0.0444889248255,-1056.14220996,-79.245275822,388.545583709,0.998067094156,-0.0802926861135,-0.213848660333,-188.83068059,-502.924861884
345,0.410714285714,1764,24.2531404955,83.1571076215,24.5609240036,12804428.3806,-5.97165528622,7.11386494804,-0.204022695263,0.0425224189559,-961.717675394,101.856196482,361.007086909,0.997948731312,-0.075729106195,-0.194161063994,-178.619550062,-457.960797807
345.5,0.410714285714,1764,18.4181614025,72.8008334344,24.6023916162,12826046.8292,-5.66579626201,7.11386494804,-0.17106438016,0.0392861175744,-804.302895686,230.464271462,246.798479049,0.997709328159,-0.0679432064384,-0.161833685901,-160.79681809,-383.001378898
346,0.410714285714,1764,8.48505450248,66.2714549521,24.6266499663,12838693.5157,-5.36350245996,7.11386494804,-0.138478698347,0.0360875398906,-647.165927601,280.912640422,100.451125832,0.997277830532,-0.0599092642296,-0.129959764892,-142.063142863,-308.174251239
346.5,0.410714285714,1764,-3.33601705598,65.0217896918,24.615116826,12832680.9053,-5.2036329805,7.11386494804,-0.121227158479,0.0343959572455,-562.786844161,273.795265013,-36.5672985637,0.996804394305,-0.0555220255109,-0.113121220427,-131.536372687,-267.993735315
347,0.410714285714,1764,-14.4148090805,69.3298940696,24.5751818659,12811861.4794,-5.28569750056,7.11386494804,-0.130013832001,0.0352642838228,-603.473254848,234.996127413,-163.880355656,0.996534778669,-0.0577735442105,-0.121693811735,-136.426660727,-287.368216594
347.5,0.410714285714,1764,-22.286238077,78.2371945364,24.5365058954,12791698.4068,-5.44783094928,7.11386494804,-0.147459016403,0.0369798215789,-685.812219097,143.442219707,-271.770834653,0.996674853863,-0.0621648852634,-0.138734263118,-146.334702365,-326.577247189
348,0.410714285714,1764,-25.1988739572,89.7617747145,24.5067340589,12776177.356,-5.7096969232,7.11386494804,-0.175652605933,0.0397506314818,-820.223594225,3.219331519,-340.532823871,0.996941225256,-0.0690575963978,-0.166327986382,-162.16573381,-390.582663917
348.5,0.410714285714,1764,-22.5046414963,101.339361143,24.4840928394,12764373.7336,-5.96396688774,7.11386494804,-0.203071850736,0.0424410678344,-951.111028908,-167.262526923,-331.957255512,0.997342674497,-0.0755173114454,-0.1932266971,-177.007354985,-452.910013766
349,0.410714285714,1764,-14.8030201279,110.393886219,24.4716842482,12757904.7214,-6.16331058177,7.11386494804,-0.224592884668,0.0445503280534,-1054.17059082,-320.025768196,-232.292552645,0.997699057094,-0.0804195659202,-0.214381410086,-188.306886545,-501.985995626
349.5,0.410714285714,1764,-3.80765694186,114.910675395,24.4721778885,12758162.0725,-6.18386130812,7.11386494804,-0.226862443933,0.0447677757624,-1065.1947707,-393.37640505,-60.1285342821,0.997955934033,-0.080924877646,-0.216614603368,-189.497746883,-507.235605096
350,0.410714285714,1764,8.03492787784,113.884721769,24.4744701299,12759357.0944,-6.24090910816,7.11386494804,-0.233008031332,0.0453713998489,-1095.14414369,-383.629849472,129.054807591,0.997981309466,-0.0822943647525,-0.222663297648,-192.740708396,-521.497211279
350.5,0.410714285714,1764,18.0897033368,107.544304865,24.4832963402,12763958.492,-6.30631541621,7.11386494804,-0.240064127358,0.0460634655012,-1130.13417324,-287.330498943,296.262720327,0.998050678277,-0.0838513910719,-0.229611786094,-196.529073902,-538.159130112
351,0.410714285714,1764,24.1194344579,97.3001973556,24.509882798,12777818.8987,-6.22396274229,7.11386494804,-0.231218210637,0.0451920899611,-1089.62524009,-117.02204366,386.634138051,0.998128282662,-0.0818945680854,-0.220901484022,-192.359802826,-518.869161947
351.5,0.410714285714,1764,24.7824776192,85.4317614932,24.5461523308,12796727.4151,-6.04751747925,7.11386494804,-0.212204492753,0.043325118568,-1000.33085031,69.6016010961,377.585390705,0.99803023606,-0.0776082871311,-0.202199818032,-182.831787769,-476.348023955
352,0.410714285714,1764,19.931302589,74.5797802511,24.5885834211,12818848.1569,-5.75007038231,7.11386494804,-0.180149997301,0.0401778239828,-847.597416762,213.018124771,275.335161942,0.997809102723,-0.0701234806613,-0.170736570562,-165.770497364,-403.617817505
352.5,0.410714285714,1764,10.645318699,67.1588706541,24.6185829614,12834487.9172,-5.43694558299,7.11386494804,-0.146395649554,0.0368646432674,-685.239222997,279.172842375,130.111074377,0.997401441882,-0.0618919236213,-0.137695598775,-146.668496893,-326.304391903
353,0.410714285714,1764,-1.00929882511,64.8202200986,24.6143426669,12832277.3103,-5.23486218172,7.11386494804,-0.124599184723,0.034726394143,-579.115017666,280.285762698,-11.2348913332,0.99692377085,-0.0563867563501,-0.11641053643,-133.576590643,-275.769056031
353.5,0.410714285714,1764,-12.4393425988,68.0841893668,24.5772896742,12812960.3502,-5.26890777659,7.11386494804,-0.128216354277,0.0350866313667,-594.876174062,247.222941963,-140.32293511,0.99658850111,-0.0573149269566,-0.119939586262,-135.366898045,-283.274368601
354,0.410714285714,1764,-21.1015739568,76.2245298974,24.5363437425,12791613.8711,-5.41469633588,7.11386494804,-0.143893447365,0.0366292234711,-668.576041139,165.579378023,-253.638203638,0.99664648374,-0.0612751823646,-0.135249311395,-144.238455856,-318.3695434
354.5,0.410714285714,1764,-25.0686055543,87.4299775171,24.5028375113,12774145.9559,-5.67482905119,7.11386494804,-0.171894637603,0.0393816937248,-801.812045936,34.2652710067,-334.231536416,0.996887903037,-0.0681536276147,-0.162646141302,-159.992083656,-381.815259969
355,0.410714285714,1764,-23.4577541449,99.2072672643,24.4771041557,12760730.2998,-5.96225273907,7.11386494804,-0.202877021466,0.0424229303879,-949.626633071,-135.65549434,-345.61538655,0.997291252911,-0.0754729030535,-0.193035312227,-176.802289468,-452.203158605
355.5,0.410714285714,1764,-16.627441767,108.935896606,24.4619147316,12752811.5468,-6.17759215359,7.11386494804,-0.226128996552,0.0447014416938,-1060.7548112,-298.181959647,-261.830916861,0.997696763126,-0.0807642349781,-0.215892751892,-188.962983383,-505.121338665
356,0.410714285714,1764,-6.09744514941,114.451199616,24.462445401,12753088.2024,-6.20567207917,7.11386494804,-0.22921384263,0.0449985560333,-1075.71757247,-388.317896093,-96.8356198948,0.997973590239,-0.0814501680653,-0.21892858612,-190.576120041,-512.246463081
356.5,0.410714285714,1764,5.78926178105,114.525995352,24.4664220935,12755161.3848,-6.23529515901,7.11386494804,-0.232410044605,0.0453119985235,-1091.53061399,-393.0338575,92.7740488076,0.998008016671,-0.0821612206943,-0.222074626776,-192.30233971,-519.776482851
357,0.410714285714,1764,16.3878306521,109.143641412,24.4711880598,12757646.0419,-6.36164022086,7.11386494804,-0.24601725572,0.0466488585337,-1157.8566941,-318.077964354,272.289252696,0.998043921567,-0.0851536782222,-0.235477084235,-199.383988138,-551.360330525
357.5,0.410714285714,1764,23.340029887,99.5017369399,24.4951520915,12770139.2903,-6.31163511724,7.11386494804,-0.240670857692,0.0461197533803,-1134.17376229,-156.008413619,383.218464109,0.998192329706,-0.0839825826586,-0.230209511541,-197.027235679,-540.082743948
358,0.410714285714,1764,25.0989623561,87.7456511704,24.530918855,12788785.6964,-6.14167879802,7.11386494804,-0.222362411742,0.0443214416512,-1048.43988387,35.3227772846,393.268799274,0.998134504391,-0.0799117390371,-0.212187526282,-188.024728844,-499.257087559
358.5,0.410714285714,1764,21.2732572868,76.4911686511,24.5739502749,12811219.41,-5.84858299816,7.11386494804,-0.190773594421,0.0412201882406,-898.248472922,193.07970533,304.055483577,0.997929001853,-0.0726395902854,-0.181155066642,-171.514204607,-427.737368058
359,0.410714285714,1764,12.714152106,68.2424648403,24.6084327688,12829196.2835,-5.52964041282,7.11386494804,-0.156388151182,0.0378454493974,-733.26157736,276.331746551,161.476188897,0.997541369631,-0.0643661695755,-0.147467040671,-152.406094453,-349.172179695
359.5,0.410714285714,1764,1.32608809769,64.8349152523,24.6131945959,12831678.7827,-5.26885409301,7.11386494804,-0.128272585479,0.0350860633394,-596.891043995,284.75408105,15.0052742296,0.997070437646,-0.0573244739154,-0.119994969546,-135.785315522,-284.233830474
360,0.410714285714,1764,-10.3570367687,67.026715747,24.5809331887,12814859.8357,-5.24504427056,7.11386494804,-0.125658907289,0.0348341310596,-582.671973395,256.270390965,-115.534280285,0.996646392792,-0.0566608520595,-0.117444137834,-133.861778652,-277.462844474
360.5,0.410714285714,1764,-19.7356720907,74.3301803735,24.537148698,12792033.5212,-5.39070597536,7.11386494804,-0.141309163974,0.0363753809138,-656.136302551,186.372222277,-234.730274715,0.996605905986,-0.0606280339859,-0.132724111052,-142.724467838,-312.445858357
361,0.410714285714,1764,-24.7230272616,85.1202537955,24.5017761626,12773592.6394,-5.6325494348,7.11386494804,-0.167342701895,0.0389343321298,-779.766764516,64.0032393062,-324.269698438,0.996848939554,-0.0670523606927,-0.15818799898,-157.393200278,-371.317506912
361.5,0.410714285714,1764,-24.2093922262,96.9960937701,24.4748703332,12759565.7337,-5.91117585075,7.11386494804,-0.197371122532,0.0418824846558,-922.862888288,-101.312437181,-350.583141065,0.997228067446,-0.074194349339,-0.187629158332,-173.77543614,-439.458518232
362,0.410714285714,1764,-18.309053203,107.315269874,24.4575660287,12750544.423,-6.14031790239,7.11386494804,-0.222103099541,0.0443070419832,-1040.92465614,-269.514772503,-284.983159063,0.997627737472,-0.0798603720233,-0.211932115961,-186.781799739,-495.678407684
362.5,0.410714285714,1764,-8.33486346188,113.781716739,24.4539971364,12748683.8404,-6.23085582749,7.11386494804,-0.231913486728,0.0452650258545,-1088.02186718,-380.213721577,-133.254865089,0.997927299877,-0.0820520354058,-0.221585765287,-191.851778782,-518.105651037
363,0.410714285714,1764,3.49387272249,114.956619431,24.4591511928,12751370.8219,-6.24660171966,7.11386494804,-0.23363410737,0.0454316335023,-1096.80154598,-401.016394271,56.1414275325,0.998038567822,-0.0824324289117,-0.223279699285,-192.822459174,-522.286450467
363.5,0.410714285714,1764,14.5452057424,110.578556556,24.4634610512,12753617.6947,-6.36750561262,7.11386494804,-0.246651922357,0.0467109203791,-1160.19913864,-342.257291895,241.912143546,0.998057514159,-0.08529164467,-0.236102554485,-199.5809323,-552.475780304
364,0.410714285714,1764,22.3601618618,101.62166776,24.4846996971,12764690.1088,-6.33551864156,7.11386494804,-0.243243520051,0.0463724655014,-1145.68207121,-191.931893343,369.278169912,0.998199034552,-0.0845461073815,-0.232744003855,-198.180051931,-545.562891054
364.5,0.410714285714,1764,25.1998764741,90.0789030572,24.5170389671,12781549.6482,-6.22256657546,7.11386494804,-0.231075793277,0.0451773170878,-1089.56982679,-1.26505624199,404.030745523,0.998162271395,-0.0818623969888,-0.220761319477,-192.3965362,-518.842774664
365,0.410714285714,1764,22.4324996804,78.5185820524,24.5596635394,12803771.2585,-5.94581464505,7.11386494804,-0.201257759666,0.0422489985363,-948.170943634,169.435899281,331.045413887,0.998028545702,-0.0750878325929,-0.191445765426,-177.088823057,-451.509973159
365.5,0.410714285714,1764,14.6737858737,69.512930709,24.5984011449,12823966.4635,-5.61407623097,7.11386494804,-0.165493738386,0.0387388667344,-776.938753855,268.979246646,192.655367817,0.997674690516,-0.0665931664961,-0.156378474915,-157.550643965,-369.970835169
366,0.410714285714,1764,3.65008548064,65.0657489388,24.6112220307,12830650.4187,-5.31127665553,7.11386494804,-0.132851467105,0.0355349374509,-619.024709997,287.821835908,42.133782229,0.997200172379,-0.0584878346083,-0.124464522232,-138.518779746,-294.773671427
366.5,0.410714285714,1764,-8.18577615257,66.1665556669,24.5847378506,12816843.3328,-5.24101099228,7.11386494804,-0.125234373869,0.0347914548492,-580.797152148,265.434526202,-91.1654893135,0.996717791424,-0.0565514738723,-0.117030015517,-133.644733422,-276.570072451
367,0.410714285714,1764,-18.2002639722,72.5704162028,24.5400666795,12793554.7622,-5.37699902238,7.11386494804,-0.139835007978,0.0362303473285,-649.170977177,206.085282004,-215.197710795,0.996599018177,-0.0602577584227,-0.131283929228,-141.886542606,-309.129036751
367.5,0.410714285714,1764,-24.165107191,82.8524413646,24.5016469219,12773525.2619,-5.60961493256,7.11386494804,-0.164873452607,0.0386916616331,-767.841165181,92.9080561205,-314.111887651,0.996826542956,-0.0664522332814,-0.155770346171,-155.982864964,-365.638650086
368,0.410714285714,1764,-24.7531000514,94.7248320442,24.4737035269,12758957.4387,-5.87702890057,7.11386494804,-0.193692069412,0.0415211749893,-905.015533938,-67.6222990167,-354.269002073,0.997193409435,-0.0733345541497,-0.1840181211,-171.745276997,-430.959778066
368.5,0.410714285714,1764,-19.8334113678,105.545925303,24.45429516,12748839.2101,-6.1175697431,7.11386494804,-0.219645356072,0.0440663431856,-1028.77672363,-240.230995078,-306.48546522,0.997580863913,-0.0793061108466,-0.209514834387,-185.4358544,-489.893677917
369,0.410714285714,1764,-10.5006950828,112.907976837,24.4476357473,12745367.4363,-6.24737773249,7.11386494804,-0.233684881264,0.045439844512,-1096.01396164,-367.810287876,-168.599073971,0.997898716528,-0.082445677914,-0.22332960707,-192.671901402,-521.911410304
369.5,0.410714285714,1764,1.16847539925,115.172895448,24.4533994503,12748372.2468,-6.25076031802,7.11386494804,-0.234086367782,0.0454756357274,-1098.47204625,-404.791693544,18.7896198394,0.998058444814,-0.0825323904878,-0.223724977476,-192.965498647,-523.081926783
370,0.410714285714,1764,12.5776545922,111.836726059,24.4586116621,12751089.5465,-6.34522416402,7.11386494804,-0.244254898757,0.0464751598581,-1148.13652806,-360.814616493,207.824268432,0.998062498087,-0.0847690823457,-0.233740451631,-198.279512519,-546.731680031
370.5,0.410714285714,1764,21.1882462984,103.641782098,24.4757317449,12760014.8164,-6.35632884841,7.11386494804,-0.24547744004,0.0465926587795,-1155.67031718,-226.428733107,351.686292286,0.998173477453,-0.0850341838536,-0.234945178706,-199.178140937,-550.319198657
371,0.410714285714,1764,25.0843532392,92.4114772595,24.5066054248,12776110.2948,-6.25506757049,7.11386494804,-0.234580009021,0.045521210865,-1105.654482,-38.9973269734,405.652892371,0.998186244101,-0.0826399110286,-0.224211075498,-194.058609446,-526.502134284
371.5,0.410714285714,1764,23.3990732389,80.6446073539,24.5454180367,12796344.6032,-6.0419660572,7.11386494804,-0.211614919831,0.0432663788434,-997.404692265,142.281601164,355.865085746,0.9980676514,-0.0774729952427,-0.2016204078,-182.502143797,-474.954615364
372,0.410714285714,1764,16.5073890485,70.9593564499,24.5883094465,12818705.3248,-5.6888878062,7.11386494804,-0.173565052561,0.0395304497355,-815.543648252,257.105241966,222.898781986,0.997801897927,-0.0685451066984,-0.164283451006,-162.035642098,-388.354118215
372.5,0.410714285714,1764,5.94273291471,65.5107385676,24.6091000695,12829544.1695,-5.35178326137,7.11386494804,-0.137223008373,0.0359635387804,-640.14532773,287.974221203,69.8818087126,0.997312060767,-0.0595924099717,-0.128733347748,-141.110448103,-304.831108443
373,0.410714285714,1764,-5.94420932981,65.5110968918,24.5891120529,12819123.7502,-5.23557176388,7.11386494804,-0.12465812914,0.0347339022482,-578.213163348,272.116184109,-66.0509600297,0.996785085227,-0.0564032119171,-0.116467896055,-133.341791377,-275.339601594
373.5,0.410714285714,1764,-16.5085369543,70.9603516937,24.5436567346,12795426.3776,-5.38077711148,7.11386494804,-0.140239755859,0.0362703233763,-651.316619445,225.568988486,-195.582078106,0.996589715811,-0.060359609595,-0.131679318842,-142.167954905,-310.150771164
374,0.410714285714,1764,-23.3996372209,80.6460180708,24.5026730111,12774060.1965,-5.60628804439,7.11386494804,-0.164516828142,0.0386564597528,-766.184405953,121.439494148,-303.789351835,0.996832725985,-0.0663652879101,-0.155421225009,-155.791826497,-364.84971712
374.5,0.410714285714,1764,-25.0842078087,92.4129895583,24.4730912486,12758638.2376,-5.8625942066,7.11386494804,-0.192138776468,0.0413684411599,-897.474295232,-34.3616306901,-357.205973776,0.997188359507,-0.0729701355379,-0.182493881174,-170.883279153,-427.368712015
375,0.410714285714,1764,-21.1874238145,103.643059485,24.4523045819,12747801.4554,-6.10293924597,7.11386494804,-0.218066998088,0.0439115375585,-1020.98916057,-209.842561537,-325.881690286,0.997560873593,-0.0789490123545,-0.207962718376,-184.570824546,-486.185314555
375.5,0.410714285714,1764,-12.5763380614,111.837484309,24.4427407627,12742815.5176,-6.26070619547,7.11386494804,-0.235114887029,0.0455808732857,-1102.48198194,-351.82961944,-202.620785956,0.997880199466,-0.0827626671203,-0.224737551475,-193.335247478,-524.991419973
376,0.410714285714,1764,-1.16695775582,115.172965848,24.447670886,12745385.7552,-6.26822289585,7.11386494804,-0.235969706555,0.0456604076656,-1107.05810884,-406.645125489,-18.8510835758,0.998074384123,-0.0829489115888,-0.225579372519,-193.848493471,-527.17052802
376.5,0.410714285714,1764,10.502076156,112.907343722,24.4536087691,12748481.3716,-6.3370148361,7.11386494804,-0.243376371946,0.0463882967703,-1143.4167428,-377.491830132,173.064498284,0.998083335583,-0.0845768281013,-0.232874843311,-197.748897318,-544.484163237
377,0.410714285714,1764,19.8343485754,105.544729544,24.4677926273,12755875.8897,-6.37482514161,7.11386494804,-0.247466153721,0.046788368484,-1164.55496478,-259.15975054,330.675732535,0.998164001831,-0.0854671632431,-0.236905071009,-200.062471189,-554.549983231
377.5,0.410714285714,1764,24.7533848604,94.7233397032,24.4975491761,12771388.9705,-6.27903956916,7.11386494804,-0.23716556736,0.0457748591352,-1117.3832408,-76.8547912288,402.76929994,0.998207378799,-0.083211045426,-0.226757063814,-195.255381296,-532.087257524
378,0.410714285714,1764,24.16467623,82.8509844945,24.5360853895,12791479.183,-6.07300577191,7.11386494804,-0.214962026988,0.0435948107798,-1012.90924393,109.71366097,370.847579407,0.998096169317,-0.078236318832,-0.204910368185,-184.160172912,-482.337735206
378.5,0.410714285714,1764,18.199213132,72.5693189641,24.5800957236,12814423.2372,-5.73390865193,7.11386494804,-0.178416757076,0.0400068163412,-838.58445849,239.20233992,249.748954555,0.997841987342,-0.0697089300425,-0.169037716595,-164.676760084,-399.325932614
379,0.410714285714,1764,8.18433925016,66.1660622003,24.6051592178,12827489.6722,-5.41065278088,7.11386494804,-0.143564136285,0.0365864385225,-670.735628023,287.665507244,98.7814989551,0.997378016438,-0.0611848808036,-0.134928273806,-144.834903739,-319.397918106
379.5,0.410714285714,1764,-3.65158872775,65.065969043,24.5930995356,12821202.5579,-5.24557027198,7.11386494804,-0.12574508092,0.0348396966927,-583.667673905,278.515249734,-40.7885571406,0.996881356788,-0.0566805999727,-0.117528462204,-134.041022191,-277.936987574
380,0.410714285714,1764,-14.6750209859,69.5138154098,24.5505671939,12799029.0304,-5.35143863187,7.11386494804,-0.13708893007,0.0359598922477,-636.4520169,239.650186796,-171.670400851,0.996606803631,-0.0595659563157,-0.128601654136,-140.377639813,-303.072389
380.5,0.410714285714,1764,-22.4331918395,78.5199344996,24.5074595799,12776555.5943,-5.55578797503,7.11386494804,-0.159080275813,0.0381221173554,-740.242442436,146.11471652,-285.52271467,0.996784516313,-0.0650365495966,-0.150100223853,-152.732281726,-352.49640116
381,0.410714285714,1764,-25.1998716713,90.080422325,24.4744250215,12759333.5779,-5.84603523034,7.11386494804,-0.190343251916,0.0411932302506,-888.907128092,-1.13874822419,-356.820187726,0.997111005743,-0.0725488581504,-0.180732119308,-169.915240385,-423.289108615
381.5,0.410714285714,1764,-22.3594611658,101.623015804,24.4513287498,12747292.7215,-6.09179188135,7.11386494804,-0.216862745311,0.0437935870366,-1015.09479722,-178.140331206,-342.692626849,0.997537812465,-0.0786761294384,-0.206778614044,-183.918185313,-483.378474867
382,0.410714285714,1764,-14.5439650614,110.57943343,24.4376478992,12740160.4381,-6.29201074056,7.11386494804,-0.238480335808,0.0459121073986,-1118.273975,-334.398175004,-236.326981033,0.997866020461,-0.0835057088358,-0.22805172388,-194.989726696,-532.511416668
382.5,0.410714285714,1764,-3.49236811383,114.956830026,24.4424084467,12742642.2702,-6.28942285197,7.11386494804,-0.238260439469,0.0458847248897,-1117.64793935,-405.432758182,-56.73478705,0.998111485375,-0.0834537601137,-0.227835280229,-194.944353633,-532.213304452
383,0.410714285714,1764,8.33629721567,113.781214198,24.4497547334,12746472.1343,-6.33014126642,7.11386494804,-0.242642624423,0.0463155673711,-1139.5079871,-391.023723371,137.069955691,0.998108436089,-0.0844159587024,-0.232151934914,-197.310559561,-542.622851
383.5,0.410714285714,1764,18.3100970849,107.314166013,24.4605382958,12752093.9649,-6.40108264322,7.11386494804,-0.250290661785,0.0470661997134,-1177.54220655,-290.556591732,307.269746584,0.998156043356,-0.0860798741643,-0.239689169126,-201.37724786,-560.734384071
384,0.410714285714,1764,24.2098139676,96.9946342044,24.4878904197,12766353.5388,-6.32275850836,7.11386494804,-0.241879124499,0.046237450238,-1139.36216492,-115.137615128,398.514084004,0.998237103901,-0.084246906846,-0.231399808469,-197.530184017,-542.553411866
384.5,0.410714285714,1764,24.7227330231,85.118763285,24.5257993556,12786116.7307,-6.12492992039,7.11386494804,-0.220562387669,0.0441442213911,-1039.25808374,76.062210779,385.243707697,0.99814747027,-0.0795055088759,-0.210417093399,-186.990835036,-494.884801782
385,0.410714285714,1764,19.7347273417,74.3289905638,24.5703043743,12809318.6805,-5.79870274084,7.11386494804,-0.185401566551,0.0406924040887,-871.861520927,220.007152968,277.058168762,0.997907992341,-0.0713712403793,-0.175885640906,-168.469417772,-415.172152823
385.5,0.410714285714,1764,10.3556517203,67.0260913764,24.6013528072,12825505.2635,-5.46367888708,7.11386494804,-0.149281602689,0.0371475089739,-698.300756921,283.653542695,127.858839587,0.997471132493,-0.0626094419516,-0.140516874797,-148.161227944,-332.524169962
386,0.410714285714,1764,-1.32760526569,64.8349952462,24.5969467699,12823208.2494,-5.2580348456,7.11386494804,-0.127095970588,0.0349715846333,-590.398784147,282.892453543,-14.9242773694,0.99696652696,-0.0570251493879,-0.118846665114,-134.898025084,-281.142278165
386.5,0.410714285714,1764,-12.7154638166,68.2432313997,24.5581668788,12802990.9995,-5.31579981798,7.11386494804,-0.133261393215,0.0355827971369,-618.33758638,250.531242742,-146.419765294,0.996628032418,-0.0585976360832,-0.124864131836,-138.181131956,-294.446469705
387,0.410714285714,1764,-21.2740716781,76.4924512129,24.5140387805,12779985.5509,-5.50327278224,7.11386494804,-0.153425952947,0.0375664528908,-713.345692871,168.331113511,-265.117545079,0.996725348383,-0.0636447525831,-0.144568692631,-149.544036003,-339.688425176
387.5,0.410714285714,1764,-25.0990982223,87.7471643584,24.4777699527,12761077.402,-5.79565853417,7.11386494804,-0.184910967219,0.0406601932678,-862.935880774,31.343799234,-349.20483373,0.997029170404,-0.0712660879369,-0.175403710977,-166.956516431,-410.921847988
388,0.410714285714,1764,-23.3394569971,99.5031440629,24.4513663215,12747312.3089,-6.07832167616,7.11386494804,-0.215398313393,0.0436510584852,-1008.02974851,-145.036152307,-356.204748387,0.997466805244,-0.0783442596994,-0.205338806102,-183.14294892,-480.014165959
388.5,0.410714285714,1764,-16.3866764769,109.144629379,24.4349940902,12738776.919,-6.29799234808,7.11386494804,-0.23911991183,0.0459753989255,-1121.11932922,-311.541473237,-266.661173228,0.997848805573,-0.0836467204236,-0.22868164706,-195.276576263,-533.86634725
389,0.410714285714,1764,-5.78778312999,114.526344335,24.4383333662,12740517.7949,-6.30440994356,7.11386494804,-0.239875339476,0.0460433036511,-1125.07531341,-400.001692565,-94.3933191417,0.998118521187,-0.0838089359658,-0.229425862867,-195.708754848,-535.750149242
389.5,0.410714285714,1764,6.09891926953,114.450831964,24.4465370974,12744794.6734,-6.31848590366,7.11386494804,-0.241392306162,0.0461922417092,-1133.16361251,-400.622813783,99.9297775375,0.998126050804,-0.0841418054099,-0.230920170731,-196.618003527,-539.601720241
390,0.410714285714,1764,16.6285833575,108.934894125,24.4534581129,12748402.8295,-6.43802209604,7.11386494804,-0.254263547691,0.0474570569147,-1196.09325858,-320.734628663,281.668462109,0.998142496926,-0.0869374487446,-0.243606247746,-203.265754673,-569.568218372
390.5,0.410714285714,1764,23.4583091965,99.2058530099,24.477562944,12760969.4815,-6.38547089348,7.11386494804,-0.248640607758,0.0469010114297,-1171.18028762,-154.056751339,392.566653282,0.998278371677,-0.0857205276846,-0.238062697273,-200.815830328,-557.704898866
391,0.410714285714,1764,25.0684505654,87.428466168,24.5144331526,12780191.1502,-6.19761742335,7.11386494804,-0.22840321986,0.0449133295346,-1076.358871,40.9203057295,398.909261286,0.998219469693,-0.0812657232834,-0.218130970363,-190.953610114,-512.551843331
391.5,0.410714285714,1764,21.1007434132,76.2232577359,24.5589854356,12803417.7404,-5.88474342955,7.11386494804,-0.194678682821,0.0416028025982,-916.132536996,199.148019785,305.019226328,0.997998180612,-0.0735551531801,-0.184987086494,-173.464538394,-436.253589045
392,0.410714285714,1764,12.4380213003,68.0834394548,24.5949882147,12822187.1893,-5.5436502877,7.11386494804,-0.157903247011,0.0379936882062,-739.823274843,279.654584019,158.708738335,0.997591504738,-0.0647382259487,-0.148949380198,-153.119601103,-352.296797544
392.5,0.410714285714,1764,1.00778076691,64.8201592951,24.5997468606,12824668.03,-5.28264513796,7.11386494804,-0.129758338332,0.0352319867038,-603.444134563,286.488622054,11.4662251691,0.997092217935,-0.0577028963443,-0.121445028746,-136.53237544,-287.354349792
393,0.410714285714,1764,-10.6466957418,67.1595124881,24.5665400713,12807356.2239,-5.27938168501,7.11386494804,-0.129352583817,0.035197456033,-599.851411056,258.725927133,-120.600588112,0.996669707198,-0.0576037929762,-0.121048564164,-135.930160159,-285.643529074
393.5,0.410714285714,1764,-19.9322322179,74.5809819116,24.5204848055,12783346.0786,-5.46674926536,7.11386494804,-0.149490852991,0.0371799967172,-694.723316102,189.309608355,-244.721359892,0.996664199198,-0.0626703792184,-0.140720612749,-147.332034195,-330.820626715
394,0.410714285714,1764,-24.7827529873,85.433255605,24.482898579,12763751.1259,-5.73969839854,7.11386494804,-0.178883592182,0.0400680777835,-834.213415449,62.2843163082,-338.00377086,0.996971413831,-0.0698314112272,-0.169494437711,-163.664030884,-397.244483547
394.5,0.410714285714,1764,-24.1189942946,97.3016514718,24.455625262,12749532.6366,-6.00954167917,7.11386494804,-0.20798286117,0.0429232957525,-972.591143033,-109.064459207,-360.264397651,0.997386423577,-0.0766494597059,-0.198050852524,-179.243492452,-463.13863954
395,0.410714285714,1764,-18.0886455804,107.545395438,24.4373735588,12740017.4153,-6.24109722887,7.11386494804,-0.232976488518,0.0453733903584,-1091.67388597,-280.942558613,-289.641255979,0.997759512689,-0.082290519848,-0.222632116053,-192.147889475,-519.844707602
395.5,0.410714285714,1764,-8.03348788425,113.885206141,24.4343502056,12738441.2405,-6.3251510799,7.11386494804,-0.242091527736,0.0462627660926,-1135.41078295,-391.682080276,-131.737328443,0.998050904428,-0.0842961246685,-0.231608969373,-196.782264951,-540.671801407
396,0.410714285714,1764,3.80915876734,114.910445791,24.4429730207,12742936.6015,-6.32295296918,7.11386494804,-0.241879012159,0.0462395078325,-1135.18545079,-408.550138728,62.473082815,0.998150251441,-0.084248134774,-0.231399655131,-196.809069815,-540.564500378
396.5,0.410714285714,1764,14.804249622,110.392993727,24.4494607863,12746318.8899,-6.43343807658,7.11386494804,-0.253771430875,0.0474085532992,-1193.32038657,-344.899116711,250.378766682,0.998147696417,-0.0868314421422,-0.243120979575,-202.951536005,-568.247803128
397,0.410714285714,1764,22.5053250908,101.338004346,24.470442232,12757257.2169,-6.40245857029,7.11386494804,-0.250468189245,0.0470807584294,-1179.35666474,-190.503320209,378.138781857,0.998273285375,-0.0861165817036,-0.23986422408,-201.626297953,-561.59841178
397.5,0.410714285714,1764,25.1988595492,89.7602555075,24.5040754737,12774791.3469,-6.26171253345,7.11386494804,-0.235307679645,0.0455915213711,-1108.95880099,3.88375819494,408.210742357,0.998238652563,-0.0828002006369,-0.224927583224,-194.39486532,-528.07561952
398,0.410714285714,1764,22.2855288722,78.2358509493,24.5482028519,12797796.4201,-5.96630639384,7.11386494804,-0.203472895757,0.0424658222023,-958.050307161,174.630038682,330.81209293,0.99807558412,-0.0756002991058,-0.193621176884,-178.131070522,-456.214431981
398.5,0.410714285714,1764,14.4135628803,69.329025057,24.5884042922,12818754.771,-5.61874498277,7.11386494804,-0.166000637172,0.0387882669048,-778.771223909,271.673956415,189.434202525,0.997702185592,-0.0667161297911,-0.15687478834,-157.713290543,-370.843439957
399,0.410714285714,1764,3.33451114592,65.021588613,24.6014787203,12825570.9062,-5.31554602955,7.11386494804,-0.133311547207,0.0355801117956,-620.766946227,288.677620979,38.5372284017,0.997207238861,-0.0586044194636,-0.12491371019,-138.685018758,-295.603307727
399.5,0.410714285714,1764,-8.48648505035,66.2719665482,24.5743242536,12811414.3776,-5.26500101363,7.11386494804,-0.127813966476,0.0350452938178,-592.786200178,267.115505747,-95.5355929872,0.996724924656,-0.057210885918,-0.119547050059,-135.088568358,-282.279142942
400,0.410714285714,1764,-18.4191982846,72.8019438728,24.5276715181,12787092.7514,-5.44262275747,7.11386494804,-0.146894056493,0.0369247135814,-682.590256321,209.098492221,-223.945459925,0.996639861129,-0.062024516169,-0.138181973137,-145.89915791,-325.0429792
400.5,0.410714285714,1764,-24.2535530006,83.1585698244,24.4874502542,12766124.0659,-5.70567381951,7.11386494804,-0.175218600735,0.039708062929,-816.839383107,92.1691466874,-326.748826899,0.996932881738,-0.0689534535919,-0.165902711077,-161.666454507,-388.971134813
401,0.410714285714,1764,-24.6913777482,95.0374462672,24.4592291326,12751411.4544,-5.96285194587,7.11386494804,-0.202950730039,0.0424292706089,-948.5959407,-74.1271315255,-363.339062853,0.997336773044,-0.0754893569063,-0.193107738896,-176.582643492,-451.712352714
401.5,0.410714285714,1764,-19.6352544555,105.795467149,24.4394553169,12741102.7052,-6.19699508579,7.11386494804,-0.228216841988,0.0449067445664,-1068.8836892,-249.709586521,-310.412552218,0.997697565184,-0.081231446053,-0.2179472295,-189.707275506,-508.992232951
402,0.410714285714,1764,-10.2101944094,113.038922069,24.4325389157,12737496.9547,-6.32455024476,7.11386494804,-0.242013887714,0.0462564086421,-1134.8674145,-377.675506926,-167.375033335,0.997997419328,-0.08427988908,-0.231532454493,-196.715196547,-540.413054523
402.5,0.410714285714,1764,1.48668206352,115.156108134,24.4403118061,12741549.2216,-6.31740672983,7.11386494804,-0.24128182353,0.0461808229461,-1132.05281035,-411.848476897,24.3395258214,0.998149553275,-0.084117240188,-0.230811344343,-196.460505594,-539.072766833
403,0.410714285714,1764,12.8527647632,111.675941455,24.4465383059,12744795.3035,-6.41386937188,7.11386494804,-0.251663352926,0.0472014963839,-1182.83537397,-364.590880307,216.184419451,0.998141239383,-0.0863768932181,-0.241042437725,-201.840855349,-563.254939988
403.5,0.410714285714,1764,21.3590466651,103.372775537,24.464864334,12754349.2728,-6.40576490389,7.11386494804,-0.250818656952,0.0471157428214,-1180.51700178,-224.788064993,359.032330781,0.998251461515,-0.0861927146215,-0.240209716379,-201.712559409,-562.150953227
404,0.410714285714,1764,25.1128399143,92.0941039706,24.4961627865,12770666.1994,-6.28879858269,7.11386494804,-0.238224478083,0.0458781194821,-1122.39509709,-34.1652645553,409.715482818,0.998242370328,-0.083443962174,-0.227799931918,-195.779760895,-534.473855758
404.5,0.410714285714,1764,23.2789078027,80.3494843913,24.5358176003,12791339.5756,-6.06695213306,7.11386494804,-0.214312899748,0.0435307570877,-1009.73295335,147.820004651,356.570405065,0.998107700038,-0.0780883261902,-0.204272267143,-183.807801339,-480.825215879
405,0.410714285714,1764,16.2653088775,70.7521500651,24.5808447495,12814813.7294,-5.6946019786,7.11386494804,-0.174185574563,0.0395909115253,-818.06486937,260.309730161,219.973564799,0.997834205972,-0.0686940400396,-0.164891429506,-162.289126967,-389.5546997
405.5,0.410714285714,1764,5.63260198909,65.4375531587,24.6021315151,12825911.2299,-5.35435577618,7.11386494804,-0.137500853878,0.0359907586189,-641.131520253,289.010282152,66.2751516831,0.997320489273,-0.0596623950309,-0.129004721395,-141.196168616,-305.30072393
406,0.410714285714,1764,-6.25338541597,65.5882165576,24.5814372706,12815122.6304,-5.25724165853,7.11386494804,-0.126988115556,0.0349631919027,-589.131382225,273.955130269,-70.1770528275,0.996789329966,-0.0569993460356,-0.118741234759,-134.666996821,-280.53875344
406.5,0.410714285714,1764,-16.7479650631,71.1706169447,24.5354985663,12791173.2526,-5.42773317822,7.11386494804,-0.145291785642,0.0367671666003,-675.284819538,227.602879969,-202.44344017,0.996626683951,-0.061624921127,-0.136615872471,-145.051728546,-321.56419978
407,0.410714285714,1764,-23.5160434686,80.9426438967,24.4919063679,12768447.1865,-5.69222563183,7.11386494804,-0.173768577098,0.0395657673453,-810.138988205,121.450155246,-315.326801492,0.996908950861,-0.0686050269066,-0.164481970487,-160.908089108,-385.780470574
407.5,0.410714285714,1764,-25.0516912561,92.7299753133,24.4619919435,12752851.7999,-5.93859916868,7.11386494804,-0.200338214946,0.0421726514147,-936.205013316,-39.8589509663,-365.766726358,0.997316986142,-0.0748838208669,-0.190542242738,-175.205764411,-445.811911103
408,0.410714285714,1764,-21.0132195477,103.909874343,24.4426606579,12742773.7563,-6.14648297435,7.11386494804,-0.222774697155,0.0443722747517,-1042.89712638,-216.653746601,-327.292154543,0.997664959271,-0.0800111529862,-0.21259275589,-186.906430288,-496.617679229
408.5,0.410714285714,1764,-12.2992073518,111.994760706,24.4300528218,12736200.8711,-6.34017954083,7.11386494804,-0.243680790227,0.0464217825839,-1142.68443774,-362.049136714,-202.453550803,0.997935002876,-0.0846455149759,-0.23317471179,-197.52838863,-544.135446542
409,0.410714285714,1764,-0.848563493789,115.185709043,24.4370320775,12739839.3897,-6.32778066,7.11386494804,-0.242402911785,0.0462905897402,-1137.16452275,-413.424986749,-13.929222742,0.998167658488,-0.0843626299458,-0.231915797239,-196.980749382,-541.506915596
409.5,0.410714285714,1764,10.7908897451,112.772718294,24.4446352407,12743803.1722,-6.38506592639,7.11386494804,-0.248565865022,0.0468967264636,-1167.66969591,-380.005077762,180.066026537,0.99815330497,-0.0857061313941,-0.237988972956,-200.242275614,-556.03318853
410,0.410714285714,1764,20.0293191054,105.292690286,24.4595471992,12751577.2732,-6.4122601628,7.11386494804,-0.2515097278,0.0471844693056,-1183.35068928,-257.395647963,337.119203557,0.998219010733,-0.0863425695559,-0.240891008558,-201.975435181,-563.500328228
410.5,0.410714285714,1764,24.8111304684,94.4099665393,24.4896528583,12767272.3568,-6.30384536494,7.11386494804,-0.239846075861,0.0460373298317,-1129.66388217,-72.2176405214,406.307232746,0.998249658845,-0.0838006199426,-0.229397105347,-196.512077479,-537.935181986
411,0.410714285714,1764,24.072348246,82.5460044321,24.5292430527,12787912.0448,-6.08898603236,7.11386494804,-0.216688457803,0.0437638982838,-1020.72982763,114.90333925,371.075240368,0.998125389186,-0.078628450173,-0.206607679822,-184.97999609,-486.06182268
411.5,0.410714285714,1764,17.9773549679,72.340591506,24.5749361574,12811733.3834,-5.73857041273,7.11386494804,-0.178922080694,0.0400561425397,-840.688569979,242.658488765,247.027401285,0.997862441935,-0.0698295153748,-0.169533018311,-164.892378257,-400.327890466
412,0.410714285714,1764,7.88231539418,66.064480285,24.6007143761,12825172.4281,-5.40885686149,7.11386494804,-0.143371939004,0.0365674358581,-669.560056677,288.559812477,95.026950704,0.997384786995,-0.0611367061378,-0.134740466904,-144.66858422,-318.838122227
412.5,0.410714285714,1764,-3.96657654269,65.1141351259,24.5875232932,12818295.4769,-5.26707431843,7.11386494804,-0.128056547831,0.0350672315037,-594.599050276,280.746671994,-44.7484212104,0.996878446581,-0.0572712679282,-0.11978393898,-135.376450888,-283.142404893
413,0.410714285714,1764,-14.9328864849,69.7010123102,24.5436801433,12795438.5814,-5.40947740796,7.11386494804,-0.143332060171,0.0365740018747,-666.262428825,243.577509052,-179.187028858,0.996643376723,-0.0611347201135,-0.134700716712,-143.993885474,-317.26782325
413.5,0.410714285714,1764,-22.5765587324,78.8045100241,24.4988639477,12772074.4047,-5.64020973108,7.11386494804,-0.168171359887,0.0390153859011,-783.580541498,147.245654335,-296.932083397,0.996879452339,-0.0672530488993,-0.158999478103,-157.826754865,-373.13359119
414,0.410714285714,1764,-25.1968401481,90.3990570767,24.4655330688,12754697.9066,-5.91437532199,7.11386494804,-0.197717491699,0.0419163383347,-923.830043581,-5.78072559598,-365.000465563,0.997239583386,-0.0742749658132,-0.18796918736,-173.831542408,-439.919068372
414.5,0.410714285714,1764,-22.2107057548,101.904812047,24.442904465,12742900.8611,-6.1421447529,7.11386494804,-0.22230061823,0.0443263719305,-1040.63014482,-185.181106329,-345.490802185,0.997632099486,-0.0799048239899,-0.212126403866,-186.661768969,-495.538164199
415,0.410714285714,1764,-14.2825845432,110.761690171,24.4285989447,12735442.9165,-6.34678253235,7.11386494804,-0.244390082958,0.0464916489893,-1145.97293036,-342.33701762,-235.503822477,0.997929584382,-0.0848005221997,-0.233873593013,-197.866559878,-545.701395409
415.5,0.410714285714,1764,-3.17652088694,114.998994281,24.4337944418,12738151.5023,-6.34246596372,7.11386494804,-0.243985586563,0.0464459752772,-1144.50721355,-411.933921777,-52.3427739478,0.998175272583,-0.0847086335695,-0.233475143149,-197.736237137,-545.003435023
416,0.410714285714,1764,8.63633365311,113.67390422,24.4419567783,12742406.8004,-6.37808727573,7.11386494804,-0.247818871015,0.0468228852002,-1163.80221825,-394.20798683,143.808628746,0.998170297371,-0.0855437092866,-0.237252711704,-199.818998926,-554.191532498
416.5,0.410714285714,1764,18.52756321,107.08125878,24.4544768656,12748933.9393,-6.42524134975,7.11386494804,-0.25290516513,0.0473218235437,-1189.61592815,-288.383180697,312.801162841,0.998211089456,-0.0866438596939,-0.242266834525,-202.596202833,-566.483775311
417,0.410714285714,1764,24.2963225416,96.687952673,24.4822155406,12763395.0352,-6.3372727762,7.11386494804,-0.243448235189,0.0463910260404,-1146.44242306,-110.486388164,401.380370725,0.998264165931,-0.0845899249791,-0.232945734251,-198.242529933,-545.924963361
417.5,0.410714285714,1764,24.6590354801,84.8065455435,24.5210760189,12783654.2978,-6.13412691006,7.11386494804,-0.221556122046,0.0442415349507,-1043.68330047,81.1241758784,385.185611625,0.998164300046,-0.0797295681359,-0.211394476266,-187.445585341,-496.992047842
418,0.410714285714,1764,19.5349966855,74.0807065327,24.5671057766,12807651.1449,-5.79919780617,7.11386494804,-0.185456991616,0.0406976423864,-871.903951534,223.475318375,274.232622995,0.99791954584,-0.0713842289574,-0.175940005943,-168.456208563,-415.192357873
418.5,0.410714285714,1764,10.0643289643,66.896985424,24.5984111384,12823971.6735,-5.46425997276,7.11386494804,-0.149344215864,0.0371536574548,-698.43791595,285.250185947,124.263078269,0.997471835771,-0.0626249887201,-0.140578091686,-148.162579394,-332.589483786
419,0.410714285714,1764,-1.64569943391,64.8537940561,24.5930773629,12821190.9985,-5.27567216072,7.11386494804,-0.128992391423,0.035158205471,-599.403813392,284.99010594,-18.6512453234,0.996967452202,-0.0575090311947,-0.120697339606,-135.999891153,-285.43038733
419.5,0.410714285714,1764,-12.9895519438,68.4057521479,24.5528259187,12800206.579,-5.36450056631,7.11386494804,-0.138499900837,0.0360981008769,-643.390957961,254.165473348,-152.887733854,0.996657931536,-0.0599211295996,-0.12997982015,-141.240653579,-306.376646648
420,0.410714285714,1764,-21.4431678629,76.7625322662,24.507158247,12776398.4994,-5.57368241691,7.11386494804,-0.161007346894,0.0383114588572,-749.524295571,169.700999249,-274.896006289,0.996806035514,-0.0655085615924,-0.151986058543,-153.836974861,-356.916331224
420.5,0.410714285714,1764,-25.1255777658,88.0647114083,24.4703052036,12757185.7795,-5.86218147744,7.11386494804,-0.192084799373,0.0413640740631,-897.009340985,27.5482204346,-357.65464531,0.997138565834,-0.0729581023536,-0.182440872817,-170.816201073,-427.147305231
421,0.410714285714,1764,-23.217428076,99.7975013925,24.444226528,12743590.0966,-6.12837753034,7.11386494804,-0.220803535209,0.0441807006315,-1033.51805702,-151.775826582,-359.667653634,0.997560300474,-0.0795681319441,-0.210653857899,-185.895346784,-492.151455724
421.5,0.410714285714,1764,-16.1432911018,109.350301093,24.427430118,12734833.5682,-6.35286715691,7.11386494804,-0.245040674681,0.0465560305419,-1149.00419419,-319.569304686,-266.605686799,0.997912328158,-0.0849427388874,-0.234514663375,-198.179430787,-547.144854377
422,0.410714285714,1764,-5.4771956951,114.597567508,24.431337583,12736870.66,-6.35238705388,7.11386494804,-0.245055278032,0.0465509505607,-1149.44295083,-406.354154888,-90.483793859,0.998182270601,-0.0849420118115,-0.234529177116,-198.241141407,-547.35378611
422.5,0.410714285714,1764,6.40760159461,114.371759104,24.4403913774,12741590.7047,-6.35682706011,7.11386494804,-0.245533098106,0.046597930369,-1152.60442359,-403.416437882,106.062586606,0.998181719066,-0.0850461953577,-0.235000029862,-198.631425578,-548.859249329
423,0.410714285714,1764,16.8666772991,108.723119315,24.4496765795,12746431.3901,-6.44535405832,7.11386494804,-0.255064108544,0.0475346365765,-1199.59844681,-317.674806343,286.176590261,0.998186815505,-0.0871089583163,-0.244395725255,-203.603769861,-571.237355625
423.5,0.410714285714,1764,23.5728377293,98.9084971452,24.4735981913,12758902.5237,-6.39239143656,7.11386494804,-0.249387686129,0.0469742378555,-1174.42256124,-149.313752635,395.100184043,0.998286486539,-0.0858824060632,-0.238799098289,-201.129887838,-559.248838687
424,0.410714285714,1764,25.0339305506,87.1116923312,24.5113473808,12778582.4345,-6.20164827093,7.11386494804,-0.228838942132,0.0449559800256,-1078.20332998,46.0044483104,398.735971398,0.998227300967,-0.081362913628,-0.21855978098,-191.133855193,-513.430157135
424.5,0.410714285714,1764,20.9248557168,75.9575496002,24.5574650572,12802625.1165,-5.87869058757,7.11386494804,-0.194028187193,0.0415387573377,-912.857905367,202.543305014,301.812668954,0.998003106865,-0.0734027638664,-0.184348691461,-173.083727624,-434.694240651
425,0.410714285714,1764,12.1599017647,67.927918334,24.5935700228,12821447.8385,-5.54193985649,7.11386494804,-0.157717912724,0.0379755900942,-738.837356646,281.408858129,155.033137443,0.997583158438,-0.064692778859,-0.148768040253,-152.994463714,-351.827312688
425.5,0.410714285714,1764,0.689312300874,64.8094293722,24.59685676,12823161.3242,-5.3011368314,7.11386494804,-0.131746399182,0.0354276477381,-612.942483108,289.054036206,7.90964626082,0.997089564264,-0.0582084851611,-0.123385591448,-137.696302546,-291.877372908
426,0.410714285714,1764,-10.934652402,67.2959612217,24.5622709603,12805130.594,-5.32199656967,7.11386494804,-0.133937199721,0.0356483651093,-621.813259462,262.287580713,-126.322173446,0.996700811609,-0.0587681554866,-0.12552403477,-138.629562753,-296.101552125
426.5,0.410714285714,1764,-20.1256053569,74.8342488146,24.5150403949,12780507.7259,-5.52315663818,7.11386494804,-0.155564890076,0.0377768444285,-723.728178491,190.578601368,-252.906016571,0.996735684048,-0.0641725757259,-0.14666085205,-150.796567111,-344.632465948
427,0.410714285714,1764,-24.8385161694,85.7469875968,24.4762164713,12760267.5204,-5.80139890229,7.11386494804,-0.185533986856,0.0407209322352,-865.831937715,59.2871365481,-346.24975433,0.997060323402,-0.0714134054719,-0.176014715634,-167.280405304,-412.300922721
427.5,0.410714285714,1764,-24.0247399486,97.6060417039,24.4493080436,12746239.2601,-6.05839911924,7.11386494804,-0.213256980071,0.0434402574515,-997.528413536,-115.340195876,-364.318040768,0.997474961096,-0.0778562221082,-0.20323386577,-181.971438549,-475.013530255
428,0.410714285714,1764,-17.865345743,107.772715647,24.4312224905,12736810.6584,-6.29087236012,7.11386494804,-0.238347597864,0.0459000621689,-1117.04516197,-288.540658894,-290.044511731,0.997823181172,-0.0834770931928,-0.227920968818,-194.820418862,-531.926267604
428.5,0.410714285714,1764,-7.73082782277,113.984876509,24.4289704789,12735636.6097,-6.36527383922,7.11386494804,-0.246424701425,0.0466873059333,-1155.83279102,-397.552103875,-128.139365838,0.998110144426,-0.0852414303627,-0.235878647947,-198.90138874,-550.396567153
429,0.410714285714,1764,4.12383576131,114.86028919,24.4382084855,12740452.6904,-6.35273115192,7.11386494804,-0.245095809594,0.04655459147,-1150.28545475,-410.967143421,68.1714114348,0.998196485289,-0.0849506454578,-0.234569123509,-198.372821947,-547.754978451
429.5,0.410714285714,1764,15.0609264327,110.204170238,24.4459754378,12744501.8616,-6.4487482478,7.11386494804,-0.25542828336,0.0475705505735,-1200.99756926,-343.008101945,255.690767225,0.998182114372,-0.0871872752974,-0.244754865627,-203.725130749,-571.903604412
430,0.410714285714,1764,22.6468899169,101.052528086,24.467005123,12755465.3375,-6.4181176504,7.11386494804,-0.252158285584,0.0472464475168,-1187.21558501,-186.441414031,382.022840985,0.998290234628,-0.0864815816457,-0.24153046149,-202.424002088,-565.340754767
430.5,0.410714285714,1764,25.1938135489,89.4416462907,24.5021506542,12773787.8744,-6.26325457235,7.11386494804,-0.235477828424,0.0456078377202,-1109.610516,9.04775295074,408.249102839,0.998256214673,-0.0828375803803,-0.225095130595,-194.45207152,-528.38596
431,0.410714285714,1764,22.1349948045,77.9550008299,24.5473253509,12797338.9496,-5.96532987958,7.11386494804,-0.203368162115,0.0424554896825,-957.472889224,178.728921032,328.44865181,0.998077421964,-0.0755760500976,-0.193518315975,-178.061203833,-455.939471059
431.5,0.410714285714,1764,14.1510352854,69.1484245116,24.5876383933,12818355.4824,-5.62032081355,7.11386494804,-0.166169972453,0.0388049408066,-779.545702981,274.199634616,186.08707562,0.997700880082,-0.0667573134695,-0.157040581616,-157.800815445,-371.212239515
432,0.410714285714,1764,3.01840365228,64.9814221149,24.5995400952,12824560.2363,-5.33048920684,7.11386494804,-0.134918894526,0.0357382258989,-628.467187551,291.104032188,35.1206802396,0.997209621466,-0.0590114266858,-0.126483123028,-139.626177088,-299.27008931
432.5,0.410714285714,1764,-8.78583703402,66.3811713328,24.5705915977,12809468.4196,-5.30248544669,7.11386494804,-0.13184647475,0.0354419174675,-612.116649593,270.574409936,-100.649473552,0.996749816392,-0.0582373528701,-0.123482926547,-137.470531032,-291.484118854
433,0.410714285714,1764,-18.6351875296,73.0362213603,24.5229195194,12784615.3761,-5.48702628784,7.11386494804,-0.151676220651,0.0373945483591,-705.412964025,210.117555944,-230.820039652,0.996703073063,-0.0632120517169,-0.142857497793,-148.634966588,-335.91093525
433.5,0.410714285714,1764,-24.3381208809,83.4657921685,24.4817372187,12763145.67,-5.75484395132,7.11386494804,-0.18051781708,0.0402283332264,-842.017843249,89.607009895,-333.761382379,0.997003564327,-0.0702213325165,-0.171096363308,-164.562276938,-400.960877737
434,0.410714285714,1764,-24.6257075115,95.3492550469,24.4536626303,12748509.4513,-6.00691040033,7.11386494804,-0.207704399344,0.0428954541304,-971.091811062,-79.8217343568,-367.465500542,0.997408335505,-0.0765851400496,-0.197777283366,-179.064337723,-462.424671934
434.5,0.410714285714,1764,-19.4339580393,106.04248344,24.4345044513,12738521.6539,-6.23838769978,7.11386494804,-0.232684130453,0.0453447207687,-1090.0065881,-256.614741527,-310.864595105,0.997756050272,-0.0822256696278,-0.2223442995,-191.95138395,-519.050756238
435,0.410714285714,1764,-9.91806121588,113.166183581,24.4279701836,12735115.1224,-6.3630391231,7.11386494804,-0.246168741739,0.0466636603506,-1154.50205981,-383.703818708,-164.273841195,0.998047645496,-0.0851866135619,-0.235626372626,-198.757201779,-549.762885625
435.5,0.410714285714,1764,1.80465102043,115.13529858,24.4362245591,12739418.4035,-6.34655748857,7.11386494804,-0.244430594821,0.0464892677959,-1146.88481767,-414.736245931,29.7770160579,0.9981939303,-0.0848055387412,-0.233913634283,-198.001823427,-546.13562746
436,0.410714285714,1764,13.1258198905,111.511691059,24.4437114966,12743321.5935,-6.42607923176,7.11386494804,-0.252986220244,0.0473306891926,-1188.9607994,-362.937950196,221.454378121,0.99817501342,-0.0866618628491,-0.242346741881,-202.459927046,-566.171809236
436.5,0.410714285714,1764,21.5264319087,103.101630787,24.4623899414,12753059.2894,-6.4179591225,7.11386494804,-0.252134870165,0.0472447701295,-1186.65425913,-220.911703905,362.965559729,0.998265099582,-0.0864768950778,-0.241507365675,-202.336677774,-565.073456729
437,0.410714285714,1764,25.1373112678,91.7763958531,24.494686013,12769896.3081,-6.29641484265,7.11386494804,-0.239047671886,0.0459587073043,-1126.25406581,-29.0412318662,410.954846438,0.998256037458,-0.0836249784112,-0.228610706654,-196.180812845,-536.311459907
437.5,0.410714285714,1764,23.1550202745,80.055904461,24.5362462616,12791563.051,-6.05607351258,7.11386494804,-0.213143845447,0.0434156501538,-1004.08784743,151.801941427,353.473779258,0.998116667322,-0.0778216227662,-0.203123146294,-183.186423541,-478.137070202
438,0.410714285714,1764,16.0206280271,70.5480212416,24.5804046965,12814584.3151,-5.70209086614,7.11386494804,-0.174988993529,0.0396701516168,-821.940776522,263.801331495,217.266482626,0.997820177249,-0.068887373642,-0.165678600121,-162.740049085,-391.400369772
438.5,0.410714285714,1764,5.32157046009,65.3682950684,24.6005848624,12825104.9082,-5.36964682143,7.11386494804,-0.139147013789,0.0361525535209,-649.040944366,291.802279348,63.0425865475,0.9973315103,-0.0600769436958,-0.130612631123,-142.159357701,-309.067116365
439,0.410714285714,1764,-6.56156164095,65.6692394522,24.5783955225,12813536.8657,-5.2863308402,7.11386494804,-0.130118408746,0.0352709852041,-604.138862206,276.800052182,-74.6479174395,0.996814489358,-0.0577973483602,-0.121796178981,-136.518569556,-287.685172479
439.5,0.410714285714,1764,-16.9847153201,71.383892848,24.5307514194,12788698.4067,-5.47133557671,7.11386494804,-0.149985571259,0.0372285245833,-697.695223386,229.201799372,-209.116077889,0.996675921141,-0.0627931020458,-0.141204323461,-147.744185721,-332.23582066
440,0.410714285714,1764,-23.6286897084,81.2407179139,24.4868387056,12765805.2452,-5.73087865614,7.11386494804,-0.177936621521,0.039974755886,-829.912429589,119.1155282,-321.321294101,0.996978704378,-0.0696047560573,-0.168566308379,-163.185330071,-395.196395042
440.5,0.410714285714,1764,-25.0151691589,93.0465245694,24.457012336,12750255.7645,-5.97760958651,7.11386494804,-0.20454556275,0.0425854215444,-956.117266613,-45.0408093798,-369.832390981,0.997373609869,-0.0758576150849,-0.194674157511,-177.411900099,-455.293936482
441,0.410714285714,1764,-20.8356554525,104.174465135,24.4367470738,12739690.8078,-6.20714082628,7.11386494804,-0.229313002802,0.0450140968803,-1073.93637154,-224.707840864,-330.307712152,0.997717262428,-0.0814759152575,-0.219026019927,-190.236038163,-511.398272163
441.5,0.410714285714,1764,-12.0201101075,112.148520334,24.426660045,12734432.1035,-6.37020649052,7.11386494804,-0.246930824982,0.0467394984304,-1158.05766019,-367.525318725,-199.457784614,0.998009806868,-0.0853530131533,-0.23637740202,-199.124084053,-551.456028663
442,0.410714285714,1764,-0.530033553944,115.194425265,24.4336680776,12738085.6245,-6.35303035057,7.11386494804,-0.245129400912,0.0465577572978,-1150.02034226,-416.371525591,-8.75951235835,0.9982021165,-0.084957889454,-0.234602227133,-198.316026444,-547.62873441
442.5,0.410714285714,1764,11.077977966,112.634451709,24.442074121,12742467.9751,-6.39970885662,7.11386494804,-0.250149400577,0.0470516636457,-1175.08208359,-379.128981481,185.55706836,0.99818245805,-0.0860489114141,-0.23954992487,-201.001015452,-559.562896949
443,0.410714285714,1764,20.2210871238,105.038205861,24.4576879061,12750607.9617,-6.42423472088,7.11386494804,-0.252802997223,0.0473111723805,-1189.43361709,-253.89134344,341.394380618,0.998235556759,-0.0866214718507,-0.242166106322,-202.597048435,-566.396960517
443.5,0.410714285714,1764,24.8649089955,94.0958882607,24.4885184016,12766680.9267,-6.31537678445,7.11386494804,-0.241090721193,0.0461593440472,-1135.59628771,-67.2866257007,408.476920801,0.998263043809,-0.0840736916462,-0.230623145545,-197.134164074,-540.760137005
444,0.410714285714,1764,23.9761713057,82.2422161979,24.5287860621,12787673.8004,-6.09979341893,7.11386494804,-0.217854722928,0.0438782514901,-1026.35688091,119.983965211,370.821896718,0.998138872417,-0.0788928991868,-0.207754402393,-185.595218848,-488.741371863
444.5,0.410714285714,1764,17.7526223832,72.1146876315,24.5748940928,12811711.4537,-5.74755325845,7.11386494804,-0.179891233083,0.0401511902372,-845.396411031,246.576055261,244.746723323,0.997876204267,-0.0700608738371,-0.170482983827,-165.438131701,-402.569719539
445,0.410714285714,1764,7.57903122548,65.9667254482,24.5999088006,12824752.4547,-5.419138383,7.11386494804,-0.144479720574,0.036676224874,-674.895443917,291.03175368,91.7785357958,0.997397802186,-0.0614136519011,-0.135823041081,-145.314407183,-321.378782818
445.5,0.410714285714,1764,-4.28093013703,65.1662802391,24.585086688,12817025.1934,-5.2878420081,7.11386494804,-0.130291392916,0.0352869749064,-605.306228111,282.887173232,-48.7651562846,0.996895084605,-0.0578405588905,-0.121965107359,-136.695030445,-288.241061005
446,0.410714285714,1764,-15.1883643471,69.8914548398,24.540295083,12793673.8366,-5.43368952892,7.11386494804,-0.145939555252,0.0368301908843,-678.679817596,243.795804941,-184.143580862,0.996678466847,-0.0617860604566,-0.137249041822,-145.487882688,-323.180865522
446.5,0.410714285714,1764,-22.7163158328,79.0908756086,24.4939389141,12769506.8206,-5.68045642874,7.11386494804,-0.172504926418,0.0394412371363,-804.175001093,145.655317644,-303.30135395,0.996918537882,-0.0683004678646,-0.163244010349,-160.220357658,-382.940476711
447,0.410714285714,1764,-25.1897798724,90.7176280227,24.4609252091,12752295.6757,-5.94969476237,7.11386494804,-0.201528078388,0.0422900541471,-941.863444832,-10.5154718584,-369.108246895,0.997299593903,-0.0751602308738,-0.191710601567,-175.837144476,-448.506402301
447.5,0.410714285714,1764,-22.0583990477,102.184704816,24.4391988139,12740968.9816,-6.17524873915,7.11386494804,-0.225873041561,0.0446766459717,-1057.55050544,-191.379839848,-346.461645219,0.99767991276,-0.0807070984757,-0.215640900237,-188.478761928,-503.595478779
448,0.410714285714,1764,-14.0189203656,110.940627302,24.4255485282,12733852.6327,-6.37539110066,7.11386494804,-0.24747914123,0.0467943569097,-1160.59948134,-347.937920649,-232.930653486,0.997970699887,-0.0854727966039,-0.2369177879,-199.385385531,-552.666419686
448.5,0.410714285714,1764,-2.86016576238,115.037161417,24.4309070672,12736646.2177,-6.36569422045,7.11386494804,-0.246494120949,0.0466917539968,-1156.3515537,-415.126299168,-47.4227093151,0.998208022935,-0.0852551187682,-0.235947104829,-198.964870941,-550.643597
449,0.410714285714,1764,8.93498921696,113.562808994,24.4398976961,12741333.3322,-6.38730738838,7.11386494804,-0.248818029074,0.0469204434246,-1168.43625247,-393.284773756,149.133119637,0.998196965653,-0.0857602012268,-0.238237544247,-200.290945203,-556.39821546
449.5,0.410714285714,1764,18.7420669412,106.845620403,24.4530433356,12748186.5923,-6.4348036522,7.11386494804,-0.25393721424,0.0474230024862,-1194.47287894,-285.100808555,317.196892189,0.998221550072,-0.0868660537768,-0.24328448089,-203.091938483,-568.796609017
450,0.410714285714,1764,24.3789463478,96.3802017969,24.4816378633,12763093.8727,-6.34621470451,7.11386494804,-0.244413494728,0.0464856407898,-1151.06887993,-105.659845471,403.729503526,0.998274801611,-0.0848006352871,-0.233896822252,-198.726966014,-548.128038064
450.5,0.410714285714,1764,24.5913951748,84.4951581895,24.521106284,12783670.0761,-6.14321938377,7.11386494804,-0.222537187303,0.0443377426245,-1048.45019485,86.2267335575,385.194661817,0.998174618619,-0.079950550831,-0.212359470181,-187.965583447,-499.261997549
451,0.410714285714,1764,19.3321425557,73.8349678563,24.5676754379,12807948.1283,-5.80395940889,7.11386494804,-0.185971552562,0.0407480250144,-874.44535483,227.322598059,271.86044746,0.997930927464,-0.0715059852507,-0.176444648483,-168.751361114,-416.402549919
451.5,0.410714285714,1764,9.77139701086,66.7715734399,24.5978285389,12823667.9449,-5.47341062777,7.11386494804,-0.150329578743,0.0372504807463,-703.191231079,287.90493492,121.111665192,0.997478593665,-0.0628695374686,-0.141541519772,-148.734104314,-334.85296718
452,0.410714285714,1764,-1.96353046929,64.8766135225,24.5907522586,12819978.8441,-5.29379351109,7.11386494804,-0.130942646705,0.0353499478968,-608.742035068,287.134390421,-22.441127707,0.99698199936,-0.058005328679,-0.122600886568,-137.147620929,-289.877159556
452.5,0.410714285714,1764,-13.2615631563,68.5717256259,24.5491100995,12798269.3985,-5.38947186555,7.11386494804,-0.141188222256,0.0363623227695,-656.191887607,254.97867835,-157.801593699,0.996688481069,-0.0605967941305,-0.132606037428,-142.790039309,-312.472327432
453,0.410714285714,1764,-21.6088354743,77.0347298739,24.5027707378,12774111.1446,-5.60255455985,7.11386494804,-0.164117809118,0.0386169556669,-764.264931766,168.07785872,-280.130437749,0.996846927084,-0.0662678732105,-0.155030621217,-155.5643874,-363.935681793
453.5,0.410714285714,1764,-25.1480399511,88.3825678937,24.4659375956,12754908.7998,-5.89776730109,7.11386494804,-0.195920188638,0.041740608483,-915.189148804,23.2987288809,-362.251597725,0.99718268563,-0.0738561949798,-0.18620489031,-172.857176192,-435.804356573
454,0.410714285714,1764,-23.0916868929,100.090292188,24.4411818285,12742002.7933,-6.15640233955,7.11386494804,-0.223829473671,0.0444772317833,-1047.8601939,-157.610347821,-360.692112291,0.997609401169,-0.0802492661772,-0.21363031786,-187.439980785,-498.981044715
454.5,0.410714285714,1764,-15.8973245568,109.552878866,24.4243527719,12733229.2451,-6.38471452259,7.11386494804,-0.248476760033,0.0468930082519,-1165.30216826,-325.672771681,-264.785855132,0.997947357838,-0.0856897944626,-0.237901058477,-199.872013069,-554.905794409
455,0.410714285714,1764,-5.16573250492,114.664857747,24.4285864053,12735436.3793,-6.37536716376,7.11386494804,-0.247538042324,0.0467941036328,-1161.17317173,-409.963729378,-85.8615518643,0.998218612414,-0.0854819922919,-0.236975947147,-199.456441345,-552.939605584
455.5,0.410714285714,1764,6.71525940071,114.288789414,24.438335773,12740519.0497,-6.36928787406,7.11386494804,-0.246880972156,0.0467297785284,-1158.92449519,-403.360774603,111.51944164,0.998207995694,-0.0853392902087,-0.236328356658,-199.282443139,-551.868807234
456,0.410714285714,1764,17.1020744078,108.508350844,24.4480280541,12745571.9589,-6.4608044682,7.11386494804,-0.256730980527,0.0476981177193,-1207.50467457,-315.277460077,291.322475291,0.998201068662,-0.0874665542705,-0.246039648594,-204.412027462,-575.002225988
456.5,0.410714285714,1764,23.6835971733,98.6097168904,24.4733753816,12758786.3656,-6.39952262664,7.11386494804,-0.250159685731,0.047049693142,-1178.14380475,-144.583865524,397.721094947,0.998303504322,-0.08604937219,-0.239560112572,-201.517240157,-561.020859405
457,0.410714285714,1764,24.995407831,86.7953803093,24.5117429696,12778788.6682,-6.20892084775,7.11386494804,-0.229623703257,0.0450329313285,-1082.04840958,51.1540328573,398.991467595,0.99823534696,-0.0815378924732,-0.219332127361,-191.551089844,-515.261147419
457.5,0.410714285714,1764,20.7456223206,75.6940867285,24.5581930902,12803004.6644,-5.88468876261,7.11386494804,-0.194675489936,0.041602224166,-916.05796582,206.781435962,299.862685587,0.998011975067,-0.0735542257393,-0.184983965017,-173.451158584,-436.218078962
458,0.410714285714,1764,11.8798379681,67.7759263443,24.5937231357,12821527.6614,-5.54395903829,7.11386494804,-0.157936451661,0.0379969551033,-739.908517041,283.585006312,151.589847,0.99759142944,-0.0647463852041,-0.148981867901,-153.12314603,-352.337389067
458.5,0.410714285714,1764,0.37073361988,64.8027271995,24.5947146129,12822044.5515,-5.31672814241,7.11386494804,-0.1334233473,0.0355926197591,-620.967187113,291.193470107,4.28440054258,0.997092696789,-0.0586339304457,-0.125022743477,-138.678565293,-295.69866053
459,0.410714285714,1764,-11.2208607078,67.4360401309,24.5588961201,12803371.1773,-5.34212699258,7.11386494804,-0.136104536177,0.0358613655779,-632.123498579,263.027755376,-130.801411742,0.996726898032,-0.0593161649958,-0.127640412406,-139.883827255,-301.011189799
459.5,0.410714285714,1764,-20.3157605892,75.0899405876,24.5113784477,12778598.6307,-5.54347021197,7.11386494804,-0.157753719195,0.0379917828207,-734.075910009,188.88093402,-257.360465796,0.996769121172,-0.0647109485042,-0.148802233268,-152.016242561,-349.559957147
460,0.410714285714,1764,-24.8903078918,86.0613996076,24.4720635327,12758102.455,-5.83454263002,7.11386494804,-0.189103813332,0.0410716267819,-882.756265779,55.5339544518,-350.951375376,0.997091938625,-0.0722570098607,-0.179516169938,-169.19905221,-420.360126561
460.5,0.410714285714,1764,-23.9266442586,97.9092157969,24.445576783,12744294.0296,-6.0964060737,7.11386494804,-0.217355625901,0.0438424099122,-1016.99510431,-121.336322036,-367.061803286,0.997521726009,-0.0787882242844,-0.20726321606,-184.093581692,-484.283383006
461,0.410714285714,1764,-17.6391893944,107.997194157,24.4281442817,12735205.8855,-6.32353442231,7.11386494804,-0.241874131806,0.0462456602014,-1133.78428238,-294.819869072,-288.955237276,0.997871896918,-0.0842510811881,-0.231394710491,-196.577221877,-539.897277325
461.5,0.410714285714,1764,-7.4269316701,114.080711907,24.4266921945,12734448.864,-6.38381363507,7.11386494804,-0.248429835212,0.0468834759403,-1165.29922609,-401.103823191,-123.707749958,0.998148372506,-0.0856766838465,-0.237854891025,-199.879716879,-554.904393377
462,0.410714285714,1764,4.4378533903,114.806157649,24.4361005292,12739353.7425,-6.36711825278,7.11386494804,-0.246649782649,0.0467068217156,-1157.59540752,-411.633866155,73.6418261288,0.998217590986,-0.0852888544059,-0.236100516284,-199.128235168,-551.235908343
462.5,0.410714285714,1764,15.315195134,110.01211628,24.4455587925,12744284.6505,-6.44876078767,7.11386494804,-0.255433849852,0.0475706832582,-1200.98359528,-339.739719314,260.001492259,0.998198592256,-0.0871882290434,-0.244760360908,-203.720414908,-571.896950131
463,0.410714285714,1764,22.7848337049,100.765284624,24.4661861513,12755038.3802,-6.43721889238,7.11386494804,-0.254214713184,0.0474485581982,-1197.10228673,-182.514406081,386.293585029,0.998290248466,-0.0869247739645,-0.243558144486,-203.447744248,-570.048707969
463.5,0.410714285714,1764,25.18473928,89.1231263498,24.5025930247,12774018.4969,-6.2711781463,7.11386494804,-0.236335879549,0.0456916772387,-1113.81582542,14.2421472236,409.049541567,0.998277481176,-0.0830269044826,-0.225940059448,-194.903526466,-530.388488295
464,0.410714285714,1764,21.9809215463,77.6760765997,24.5484968893,12797949.7116,-5.96489960401,7.11386494804,-0.203323768982,0.0424509369268,-957.34858249,182.860020684,326.148714013,0.998086847492,-0.0755656552011,-0.193474724016,-178.053707162,-455.880277376
464.5,0.410714285714,1764,13.8862450648,68.9711579491,24.58792921,12818507.0948,-5.61976897502,7.11386494804,-0.166110501243,0.0387991017904,-779.275091641,276.477383158,182.569857537,0.997700304693,-0.0667428629243,-0.156982353058,-157.770389348,-371.083376972
465,0.410714285714,1764,2.70181354252,64.9452558668,24.5979410336,12823726.5922,-5.33846721293,7.11386494804,-0.135776756812,0.0358226413651,-632.547314551,292.558388978,31.5484450017,0.997208787249,-0.059228339942,-0.127320827332,-140.121194176,-301.213006929
465.5,0.410714285714,1764,-9.08378423984,66.4941525598,24.5676221135,12807920.3285,-5.31463514529,7.11386494804,-0.133154251895,0.0355704737083,-618.296114296,270.748546033,-104.630193898,0.996763057962,-0.0585690880376,-0.124759670262,-138.22018375,-294.426721093
466,0.410714285714,1764,-18.8481971725,73.2732112063,24.5196122675,12782891.1954,-5.49995037112,7.11386494804,-0.153068526915,0.0375312983821,-711.944422289,208.254624709,-234.666933206,0.99672340356,-0.0635564122503,-0.144219120619,-149.404379247,-339.021153471
466.5,0.410714285714,1764,-24.4187973104,83.7740592748,24.4782345823,12761319.6289,-5.77958828625,7.11386494804,-0.183182082955,0.0404901536044,-854.627929727,86.1261181293,-337.795734741,0.997023945075,-0.0708556025046,-0.173708409837,-166.001165634,-406.965680822
467,0.410714285714,1764,-24.5560998414,95.6602085279,24.4503084604,12746760.8107,-6.03950947297,7.11386494804,-0.211218416194,0.0432403856691,-987.774974306,-85.3268852175,-370.179915143,0.997443884183,-0.0773907872959,-0.201230257004,-180.898392269,-470.369035384
467.5,0.410714285714,1764,-19.2295543045,106.286934679,24.4317171406,12737068.536,-6.26627299072,7.11386494804,-0.235694707262,0.0456397756746,-1104.28577748,-262.57648364,-310.017130336,0.99779870485,-0.0828920687975,-0.225308431013,-193.462911574,-525.850370227
468,0.410714285714,1764,-9.62434221188,113.289741025,24.4256364839,12733898.4869,-6.38210415278,7.11386494804,-0.248229067935,0.0468653878689,-1164.22895777,-387.702511401,-160.21567789,0.998081016093,-0.0856340856124,-0.237656975764,-199.763068723,-554.394741795
468.5,0.410714285714,1764,2.12233142957,115.110470113,24.434633511,12738588.9371,-6.35564238493,7.11386494804,-0.24541391324,0.0465853952936,-1151.48570418,-415.31891551,35.102663698,0.998215651716,-0.0850197252797,-0.234882596587,-198.476052566,-548.326525799
469,0.410714285714,1764,13.396776315,111.344001133,24.442648378,12742767.3544,-6.43897693546,7.11386494804,-0.254377277538,0.0474671600926,-1195.58625715,-361.321524252,226.787077457,0.998185456597,-0.0869612886033,-0.243718413132,-203.141775715,-569.326789117
469.5,0.410714285714,1764,21.6903752657,102.828391202,24.4616882485,12752693.4735,-6.43532406201,7.11386494804,-0.254007964556,0.0474285089544,-1195.66047321,-217.301413113,367.415455453,0.9982794299,-0.0868804356384,-0.24335426732,-203.269210948,-569.362130099
470,0.410714285714,1764,25.1577633869,91.4584037055,24.4947184435,12769913.2152,-6.31010592287,7.11386494804,-0.240526252119,0.0461035729395,-1133.4320538,-23.9351986982,412.88709237,0.998275379206,-0.0839496448335,-0.23006710875,-196.942988621,-539.729549427
470.5,0.410714285714,1764,23.0274304628,79.7639145039,24.5368368855,12791870.963,-6.06705409588,7.11386494804,-0.214329246933,0.0435318359587,-1009.8963795,156.809181652,352.763029168,0.998132717284,-0.0780917078156,-0.204288355036,-183.831033899,-480.903037855
471,0.410714285714,1764,15.7733856196,70.3470026181,24.5807022863,12814739.4586,-5.70192936216,7.11386494804,-0.174974097329,0.0396684427395,-821.888335678,266.519411025,213.906986477,0.997834337185,-0.0688836202145,-0.165664018276,-162.735122289,-391.375397942
471.5,0.410714285714,1764,5.00968805891,65.3029753705,24.5990980676,12824329.7925,-5.37541805597,7.11386494804,-0.139767710208,0.0362136190865,-651.975103841,293.301010181,59.4948820924,0.997331272924,-0.0602330763352,-0.131218960289,-142.511584896,-310.464335162
472,0.410714285714,1764,-6.8686887301,65.7541526209,24.5757380106,12812151.4162,-5.2959176793,7.11386494804,-0.131150239422,0.0353724237694,-609.003001252,277.026177073,-78.4796897652,0.996823953416,-0.058059700776,-0.122803358299,-137.108597316,-290.001429168
472.5,0.410714285714,1764,-17.2187498709,71.6001453027,24.5278774592,12787200.1154,-5.47772792783,7.11386494804,-0.150675092082,0.0372961621977,-700.862281078,227.102699497,-212.524753155,0.996692050774,-0.0629640211632,-0.141878536529,-148.111625814,-333.74394337
473,0.410714285714,1764,-23.7375579291,81.5401924631,24.4837768855,12764209.0163,-5.74837137784,7.11386494804,-0.179819228913,0.0401598467773,-838.787436419,115.757867289,-324.807517022,0.996988847661,-0.0700547675159,-0.170411554563,-164.199291936,-399.422588771
473.5,0.410714285714,1764,-24.9746473568,93.3625867131,24.4540583184,12748715.7366,-6.00435653231,7.11386494804,-0.207427750391,0.0428684315941,-969.788616823,-50.1366296447,-372.375421626,0.997398985518,-0.0765216356961,-0.197505476709,-178.921647848,-461.804103249
474,0.410714285714,1764,-20.6547599198,104.436789555,24.4342330951,12738380.1869,-6.23058730923,7.11386494804,-0.231844014518,0.0452621846566,-1085.92811499,-230.40096987,-329.635387412,0.997752686439,-0.0820390722708,-0.221517274831,-191.511528786,-517.108626185
474.5,0.410714285714,1764,-11.7390909536,112.29873861,24.4249209476,12733525.454,-6.38243305913,7.11386494804,-0.248253831018,0.0468688680345,-1164.28021979,-371.209623163,-195.421974553,0.99803824369,-0.0856400840167,-0.237681365309,-199.765356952,-554.419152283
475,0.410714285714,1764,-0.211418866408,115.199113121,24.4323170776,12737381.3031,-6.35991670059,7.11386494804,-0.245874140115,0.046630621926,-1153.49034227,-417.197537776,-3.50025931798,0.998216024941,-0.0851200083016,-0.235336125287,-198.672486185,-549.281115367
475.5,0.410714285714,1764,11.363294916,112.492566075,24.4409970306,12741906.452,-6.41457925556,7.11386494804,-0.251752154752,0.0472090076795,-1182.7287339,-378.235900418,191.085626686,0.998190356417,-0.0863953552724,-0.24113000729,-201.792485118,-563.204158999
476,0.410714285714,1764,20.4096219688,104.781316961,24.457066408,12750283.9541,-6.4417375928,7.11386494804,-0.254691499571,0.0474963706715,-1198.51913048,-250.712416897,346.176573127,0.998252256355,-0.0870278945443,-0.24402829908,-203.537276872,-570.723395465
476.5,0.410714285714,1764,24.914711843,93.7811550856,24.4883653605,12766601.1413,-6.33069238569,7.11386494804,-0.242744269233,0.0463213987768,-1143.60332322,-62.3829133006,411.052250866,0.998282487059,-0.0844356903079,-0.232252161308,-197.980496081,-544.573011058
477,0.410714285714,1764,23.8761607871,81.9396683649,24.5292971778,12787940.262,-6.10481066468,7.11386494804,-0.218398690437,0.043931339083,-1029.04228661,124.862872354,369.866421336,0.998156682291,-0.0790159360776,-0.208289299735,-185.892409404,-490.020136479
477.5,0.410714285714,1764,17.5250513108,71.8916434608,24.5752184303,12811880.5416,-5.74471190265,7.11386494804,-0.179586608233,0.040121125786,-843.938019299,249.398148943,241.364551642,0.997882573868,-0.0699880517618,-0.170184391768,-165.270535779,-401.875247285
478,0.410714285714,1764,7.27453523654,65.87281332,24.5989728465,12824264.5107,-5.41813192602,7.11386494804,-0.144370867843,0.0366655755295,-674.315517726,292.017527611,88.0455654639,0.997393689794,-0.0613864865937,-0.135716657689,-145.239077303,-321.102627488
478.5,0.410714285714,1764,-4.5945992484,65.2223960451,24.5825409868,12815698.0344,-5.2962496038,7.11386494804,-0.131195068775,0.0353759358702,-609.557709743,283.310792821,-52.5353281991,0.996893458341,-0.0580703919444,-0.12284719162,-137.209777025,-290.265576068
479,0.410714285714,1764,-15.4414137237,70.0851125483,24.5373105781,12792117.9147,-5.44429694472,7.11386494804,-0.147081784048,0.0369424281952,-684.034310114,242.501292941,-188.028318108,0.996692608366,-0.0620707182458,-0.138365530882,-146.122619189,-325.730623864
479.5,0.410714285714,1764,-22.8524407945,79.3789854659,24.4907432993,12767840.84,-5.70473916335,7.11386494804,-0.175118584624,0.0396981733106,-816.576461864,143.077016194,-307.848090325,0.996935565322,-0.0689293887931,-0.16580471346,-161.65350201,-388.845934221
480,0.410714285714,1764,-25.1786919731,91.0360842262,24.4581852652,12750867.2516,-5.9727131557,7.11386494804,-0.204011085145,0.0425336122972,-953.630264594,-15.2944401129,-371.682134285,0.997335400825,-0.0757346372089,-0.194149158546,-177.141275495,-454.109649806
480.5,0.410714285714,1764,-21.9025653972,102.462649358,24.4368556004,12739747.3863,-6.19648285374,7.11386494804,-0.228164740961,0.0449013246273,-1068.40493597,-196.950674994,-346.132264108,0.997710739086,-0.0812196177098,-0.217895965245,-189.639299962,-508.764255223
481,0.410714285714,1764,-13.7530146864,111.11621621,24.4238178368,12732950.3656,-6.3869630575,7.11386494804,-0.248731072958,0.0469168000516,-1166.47902002,-351.919833499,-229.205772017,0.997996792592,-0.0857442542994,-0.238151749178,-199.990280453,-555.46620001
481.5,0.410714285714,1764,-2.54335332254,115.071325331,24.4296613952,12735996.8074,-6.37336349955,7.11386494804,-0.247322976185,0.0467729028157,-1160.23666103,-416.528382638,-42.2546009,0.998221160136,-0.0854352119473,-0.236763982789,-199.364833154,-552.493648108
482,0.410714285714,1764,9.23221615484,113.447946283,24.4391379397,12740937.2459,-6.39816744134,7.11386494804,-0.249989295314,0.0470353538952,-1174.02579943,-392.501000901,154.540360919,0.998205714556,-0.0860139082696,-0.239392104865,-200.870982646,-559.05990449
482.5,0.410714285714,1764,18.9535739811,106.607288561,24.4525576427,12747933.3844,-6.44937357465,7.11386494804,-0.255508832808,0.0475771671714,-1202.03449824,-282.148875106,322.010998872,0.998233819775,-0.0872038174769,-0.244834320912,-203.87352751,-572.397380116
483,0.410714285714,1764,24.4576721756,96.0714307828,24.4816490744,12763099.7175,-6.35729369302,7.11386494804,-0.245610197866,0.0466028678225,-1156.87326656,-100.855711609,406.279181928,0.998290924567,-0.085061414754,-0.235076056426,-199.338275047,-550.892031696
483.5,0.410714285714,1764,24.5198229223,84.1846510112,24.5216893775,12783974.0622,-6.14372777251,7.11386494804,-0.222594752894,0.0443431218975,-1048.77967751,91.1093580337,384.153269195,0.998187350585,-0.0799633387256,-0.212416103287,-188.004588979,-499.418894052
484,0.410714285714,1764,19.1261973867,73.5918138259,24.568310097,12808278.9972,-5.79508809516,7.11386494804,-0.185016935707,0.0406541574395,-869.85066866,230.023857071,268.127241324,0.997931562656,-0.0712797593739,-0.175508469651,-168.226168058,-414.214604124
484.5,0.410714285714,1764,9.47690269721,66.6498754764,24.5969219039,12823195.2859,-5.4712829876,7.11386494804,-0.150098808956,0.0372279681366,-702.018420137,289.129048382,117.346177562,0.99746599386,-0.0628124148037,-0.141315868211,-148.5880119,-334.29448578
485,0.410714285714,1764,-2.28104755348,64.9034499969,24.5887052884,12818911.6904,-5.29725352517,7.11386494804,-0.131314215841,0.0353865583854,-610.441287728,287.247049531,-26.1081375526,0.996978620842,-0.0580998108132,-0.122963587211,-137.348145221,-290.68632749
485.5,0.410714285714,1764,-13.5314539618,68.741125296,24.5465041491,12796910.8297,-5.39870093034,7.11386494804,-0.142181050897,0.0364599757166,-660.851751926,253.948540566,-161.640398806,0.996694294476,-0.0608458045672,-0.133576079932,-143.34636848,-314.691310441
486,0.410714285714,1764,-21.7710480236,77.3090005139,24.499943283,12772637.0982,-5.62068867439,7.11386494804,-0.166069794439,0.0388088331506,-773.50731989,165.663502522,-284.191018455,0.996861957731,-0.066742941548,-0.156941651289,-156.643456841,-368.336818995
486.5,0.410714285714,1764,-25.1664811866,88.7006829923,24.4633051873,12753536.4377,-5.9214379974,7.11386494804,-0.198471200755,0.0419910686659,-927.297591102,18.8630233312,-365.358045016,0.997210177477,-0.0744509769,-0.188709086733,-174.211742503,-441.570281477
487,0.410714285714,1764,-22.9622535527,100.381469635,24.4381278747,12740410.6653,-6.1871840851,7.11386494804,-0.227148507416,0.0448029341421,-1063.61203536,-163.621163869,-361.905470367,0.997641710305,-0.0809933313309,-0.216895891176,-189.130637132,-506.481921602
487.5,0.410714285714,1764,-15.6488161698,109.752330305,24.4224335582,12732228.695,-6.40045689712,7.11386494804,-0.250180523968,0.0470595786795,-1173.34422825,-330.358602587,-261.727146223,0.997985393079,-0.0860585245792,-0.239580526892,-200.700533548,-558.735346788
488,0.410714285714,1764,-4.85344335967,114.728204293,24.4273215219,12734776.9534,-6.38423566283,7.11386494804,-0.248497176975,0.0468879414258,-1165.68466107,-411.97419784,-80.8588206071,0.998236399304,-0.0856900167729,-0.237921304303,-199.921123083,-555.087933845
488.5,0.410714285714,1764,7.02184349605,114.201936161,24.4375086601,12740087.8481,-6.38304662227,7.11386494804,-0.248364612151,0.0468753601602,-1166.01638196,-403.40866567,117.043219043,0.99821806953,-0.0856615135069,-0.237790632832,-200.021351843,-555.245896173
489,0.410714285714,1764,17.3347370456,108.29062305,24.4476946712,12745398.1552,-6.47275314668,7.11386494804,-0.258021296436,0.0478245469616,-1213.71767238,-312.543733606,296.20988976,0.998216721042,-0.0877426928761,-0.24731234614,-205.051779428,-577.960796373
489.5,0.410714285714,1764,23.790569819,98.3095600178,24.4735371493,12758870.7005,-6.40613380756,7.11386494804,-0.250874737575,0.0471196461997,-1181.62616579,-139.795727225,400.240205478,0.998316588626,-0.086203891734,-0.240265028793,-201.881775102,-562.679126568
490,0.410714285714,1764,24.9528885662,86.4795806779,24.5123955157,12779128.8622,-6.20500213517,7.11386494804,-0.229203548849,0.0449914673404,-1080.06593024,56.1333394983,397.875604347,0.998242784817,-0.0814440687437,-0.218918620964,-191.340863784,-514.31710964
490.5,0.410714285714,1764,20.5630718823,75.4329112461,24.5590881581,12803471.2931,-5.87018924284,7.11386494804,-0.193113994595,0.0414488044133,-908.535575822,209.524622485,295.767393612,0.998007199756,-0.0731884101232,-0.183451560144,-172.601094995,-432.635988487
491,0.410714285714,1764,11.5978746901,67.6274877881,24.5933860796,12821351.9428,-5.53574393518,7.11386494804,-0.15704948698,0.037910030908,-735.578460502,284.510924615,147.49001008,0.997571404847,-0.0645285678766,-0.148114063248,-152.603832017,-350.275457382
491.5,0.410714285714,1764,0.0520956618494,64.8000538484,24.5935297463,12821426.8411,-5.30974443959,7.11386494804,-0.132670691935,0.0355187250387,-617.257902535,290.249101194,0.600029815024,0.997079938876,-0.0584432057751,-0.124287907801,-138.214153053,-293.93233454
492,0.410714285714,1764,-11.505274897,67.5797268182,24.5563849668,12802062.0294,-5.35198412322,7.11386494804,-0.137162479105,0.0359656641043,-637.109927954,262.476490993,-134.693460619,0.996715229082,-0.0595833797118,-0.128673600754,-140.485259318,-303.385679978
492.5,0.410714285714,1764,-20.5026675105,75.3480163475,24.5089965982,12777356.8932,-5.55804299117,7.11386494804,-0.159322826758,0.0381459777332,-741.505930534,186.67991918,-261.223081093,0.99678541678,-0.0650960451672,-0.150337565655,-152.891177283,-353.098062159
493,0.410714285714,1764,-24.9381198735,86.376441366,24.4695296792,12756781.4728,-5.85679707042,7.11386494804,-0.191501162968,0.0413071015284,-894.136926077,51.4801972405,-354.297931832,0.997114487891,-0.0728212540574,-0.181868185817,-170.484992595,-425.779488608
493.5,0.410714285714,1764,-23.8247229092,98.2111252761,24.4430940439,12742999.6949,-6.12034560954,7.11386494804,-0.21993780725,0.0440957146924,-1029.2453375,-126.876539179,-368.134486803,0.9975528158,-0.0793726311165,-0.209802422631,-185.421415329,-490.116827381
494,0.410714285714,1764,-17.410212695,108.218795073,24.42610774,12734144.1685,-6.34160275793,7.11386494804,-0.24382594748,0.0464368416769,-1143.01600909,-299.911277495,-286.600684066,0.99790221798,-0.0846777086721,-0.233317720252,-197.539700924,-544.293337664
494.5,0.410714285714,1764,-7.12184801657,114.172697012,24.4257828157,12733974.7746,-6.39032820789,7.11386494804,-0.249136312831,0.0469524067854,-1168.62388785,-403.324699121,-118.828991529,0.998169301391,-0.0858296252354,-0.238551265572,-200.221613131,-556.487565643
495,0.410714285714,1764,4.75116144568,114.748059821,24.4356160801,12739101.1831,-6.37661248466,7.11386494804,-0.24767367999,0.046807280402,-1162.49699299,-411.724898384,79.0434271436,0.998224968587,-0.0855113723469,-0.237109633836,-199.639843135,-553.569996663
495.5,0.410714285714,1764,15.5670150708,109.816862562,24.4439033893,12743421.6336,-6.48123698659,7.11386494804,-0.258932696625,0.0479143146672,-1217.75198076,-339.270882902,266.512165122,0.998209412514,-0.0879376920232,-0.248211372127,-205.443751864,-579.881895598
496,0.410714285714,1764,22.9191343991,100.476319888,24.4656707935,12754769.707,-6.45252254104,7.11386494804,-0.255871413199,0.0476104864573,-1205.0816846,-178.33428556,390.143437997,0.998325838345,-0.0872803197786,-0.245191933579,-204.271294651,-573.848421239
496.5,0.410714285714,1764,25.1716381934,88.8047466133,24.5030539789,12774258.8077,-6.26660036924,7.11386494804,-0.23584704227,0.0456432396742,-1111.48472293,19.3886780688,408.319101897,0.99829439612,-0.0829186593818,-0.225458707089,-194.65674761,-529.278439491
497,0.410714285714,1764,21.8233337326,77.3991228561,24.549289806,12798363.0855,-5.94958248466,7.11386494804,-0.201673976829,0.0422888661341,-949.392868382,186.036259984,322.194347397,0.99808140565,-0.0751836568948,-0.191854525265,-177.165057188,-452.091842087
497.5,0.410714285714,1764,13.619234556,68.7972537131,24.5875944842,12818332.5911,-5.61206964479,7.11386494804,-0.165278684279,0.0387176349998,-775.211137402,277.912172714,178.512302838,0.997679761751,-0.066540775487,-0.15616793504,-157.28840158,-369.148160668
498,0.410714285714,1764,2.3847914366,64.9130956512,24.5965646951,12823009.061,-5.33834190522,7.11386494804,-0.135761694094,0.0358213154813,-632.403399231,292.882909485,27.8418032276,0.997197131832,-0.0592246543261,-0.12730610569,-140.096795721,-301.144475824
498.5,0.410714285714,1764,-9.38027902867,66.6108921644,24.5654429147,12806784.2395,-5.32034954202,7.11386494804,-0.133768490153,0.0356309378718,-621.157986046,270.072112067,-108.313313482,0.996762850239,-0.0587247768961,-0.125359376474,-138.563016922,-295.789517165
499,0.410714285714,1764,-19.0581931549,73.5128755184,24.5173699829,12781722.2178,-5.51088787836,7.11386494804,-0.154245677459,0.0376470283982,-717.496759746,206.172058979,-238.323361212,0.996732938906,-0.0638471649899,-0.145370448457,-150.060412931,-341.665123689
499.5,0.410714285714,1764,-24.4955693895,84.0833218541,24.4761089188,12760211.4497,-5.79590905823,7.11386494804,-0.184940121903,0.0406628440686,-862.959461216,82.3156369639,-340.793997472,0.997041125508,-0.0712728511295,-0.1754323125,-166.949700357,-410.93307677
500,0.410714285714,1764,-24.4825658675,95.9702569915,24.4481823785,12745652.4133,-6.05777536436,7.11386494804,-0.213188214977,0.0434336574867,-997.104810152,-90.5082288011,-371.152142414,0.997467161533,-0.0778406359705,-0.203166269344,-181.918256978,-474.811814358
500.5,0.410714285714,1764,-19.0220759337,106.528781781,24.4299796963,12736162.7483,-6.28092796679,7.11386494804,-0.237277301979,0.045794840314,-1111.76599518,-267.55984667,-307.920074662,0.997822375746,-0.0832412070231,-0.226866892444,-194.250139092,-529.412378659
501,0.410714285714,1764,-9.32908436045,113.409574644,24.4245680633,12733341.4837,-6.39134609356,7.11386494804,-0.249228181029,0.0469631770571,-1168.95108604,-390.648376365,-155.679533433,0.998098404105,-0.0858505744252,-0.238641792419,-200.250563615,-556.643374305
501.5,0.410714285714,1764,2.43967249663,115.081626704,24.4341799875,12738352.5002,-6.36512980227,7.11386494804,-0.246437828758,0.046685781875,-1156.38948123,-415.913921198,40.4556596944,0.998226119508,-0.0852426040776,-0.235891636397,-198.988969628,-550.66165773
502,0.410714285714,1764,13.6655907131,111.17289849,24.4420249169,12742442.3234,-6.45610454418,7.11386494804,-0.256223817004,0.0476483877151,-1204.45807329,-360.041146157,232.380793098,0.99819632068,-0.0873578514021,-0.245539444999,-204.057737109,-573.551463473
502.5,0.410714285714,1764,21.850850523,102.55310047,24.4613203576,12752501.6798,-6.44553539431,7.11386494804,-0.255112128609,0.0475365552968,-1200.97415283,-213.212379536,371.133159165,0.998298339431,-0.0871176416461,-0.244443119696,-203.818057576,-571.89245373
503,0.410714285714,1764,25.1741930016,91.140178372,24.4947252882,12769916.7836,-6.30975325046,7.11386494804,-0.24049100833,0.0460998413045,-1133.26168168,-18.7107608617,413.118084585,0.998286686918,-0.0839417447517,-0.230032397597,-196.924565356,-539.648419847
503.5,0.410714285714,1764,22.896158768,79.4735612066,24.5378807392,12792415.1587,-6.04736744119,7.11386494804,-0.212210044564,0.0433235310118,-999.684138072,160.272306655,348.609843397,0.998132304972,-0.0776081630099,-0.202205352025,-182.708294572,-476.040065749
504,0.410714285714,1764,15.5236211869,70.1491263354,24.5809032689,12814844.2375,-5.68942636684,7.11386494804,-0.173624225021,0.039536148258,-815.34007472,267.93964193,209.53201217,0.997808908199,-0.0685592661568,-0.164341429826,-161.97149594,-388.257178438
504.5,0.410714285714,1764,4.6970046528,65.2416045089,24.5978594586,12823684.0644,-5.37655197169,7.11386494804,-0.13988708613,0.0362256170749,-652.488715779,294.147690873,55.8038210973,0.997312855865,-0.0602632853671,-0.13133555739,-142.568701261,-310.708912276
505,0.410714285714,1764,-7.17471757649,65.8429424868,24.5738097726,12811146.1614,-5.30185087819,7.11386494804,-0.131788310115,0.0354352030837,-611.995864468,276.738904293,-82.1922736097,0.996825810843,-0.0582218080823,-0.123426226403,-137.469840841,-291.426602128
505.5,0.410714285714,1764,-17.4500312954,71.8193397318,24.5259745105,12786208.0448,-5.48379879763,7.11386494804,-0.151329142589,0.0373603982109,-703.912399696,224.939873192,-215.90018013,0.996702009092,-0.0631260678838,-0.142518098165,-148.469771641,-335.196380807
506,0.410714285714,1764,-23.8426307237,81.841019661,24.4819159043,12763238.8248,-5.75902390825,7.11386494804,-0.180966321541,0.040272561447,-844.193893145,112.060551968,-327.469640598,0.996998461204,-0.0703283706286,-0.171536028351,-164.815524457,-401.997091974
506.5,0.410714285714,1764,-24.9301323289,93.6781112088,24.4522598256,12747778.1224,-6.01739671605,7.11386494804,-0.208833612066,0.0430064100787,-976.427377643,-55.0644542431,-373.22529227,0.997414362385,-0.0768445316388,-0.198886768774,-179.650209961,-464.965417925
507,0.410714285714,1764,-20.4705618731,104.69680566,24.4327329392,12737598.1056,-6.24195801847,7.11386494804,-0.233071520852,0.0453824983931,-1091.71792101,-235.300516215,-327.740182968,0.997769828505,-0.0823114630664,-0.222725678898,-192.123802951,-519.865676672
507.5,0.410714285714,1764,-11.4561948226,112.445391513,24.4242671474,12733184.6062,-6.38690141946,7.11386494804,-0.248738182802,0.0469161478581,-1166.55637844,-374.088666332,-190.935971861,0.998051939017,-0.0857449933688,-0.238158780283,-199.9993626,-555.503037354
508,0.410714285714,1764,0.10722962514,115.19977186,24.4320560985,12737245.246,-6.36742584817,7.11386494804,-0.246683760477,0.0467100763896,-1157.37638503,-418.06308488,1.77893467151,0.998221090328,-0.0852961967032,-0.236134003793,-199.079461766,-551.13161192
508.5,0.410714285714,1764,11.6467949754,112.347084078,24.4403367488,12741562.225,-6.43095485696,7.11386494804,-0.253517143105,0.0473822782951,-1191.20018719,-377.424418953,196.705073952,0.998198943481,-0.0867759246031,-0.242870255597,-202.67042499,-567.238184374
509,0.410714285714,1764,20.5948934952,104.522064658,24.4567155857,12750101.0587,-6.45045758436,7.11386494804,-0.255634929446,0.047588637103,-1203.05413413,-246.881076644,350.121666533,0.998270525946,-0.0872303588657,-0.244958690449,-204.00493935,-572.882921015
509.5,0.410714285714,1764,24.9605310477,93.4658173372,24.4882838331,12766558.6383,-6.33054669611,7.11386494804,-0.242730926783,0.0463198572321,-1143.53100499,-57.1779008074,411.790532939,0.998292120149,-0.0844326314858,-0.232239020691,-197.972005717,-544.538573805
510,0.410714285714,1764,23.772332681,81.6384093078,24.5295026302,12788047.3712,-6.09749394659,7.11386494804,-0.217611047116,0.0438539207203,-1025.2331624,129.239178786,367.432091166,0.998156513401,-0.0788373992603,-0.207514815537,-185.475491748,-488.20626781
510.5,0.410714285714,1764,17.2946781373,71.6714946565,24.5749683972,12811750.1911,-5.74202125425,7.11386494804,-0.179295383777,0.0400926559734,-842.505266838,252.174521844,237.950509765,0.99787328087,-0.0699185974981,-0.169898927103,-165.103166102,-401.192984209
511,0.410714285714,1764,6.96887611357,65.7827589161,24.5983609424,12823945.5046,-5.4151940738,7.11386494804,-0.14405430213,0.0366344900476,-672.74492472,292.715178147,84.2332041873,0.997389791747,-0.0613073756998,-0.135407287499,-145.04468637,-320.354726057
511.5,0.410714285714,1764,-4.90753372386,65.2824735714,24.5810266252,12814908.5473,-5.29792478457,7.11386494804,-0.131374539039,0.0353936609966,-610.351761397,282.811229406,-56.1506690325,0.996888708253,-0.0581160510731,-0.123022377453,-137.300743368,-290.643695903
512,0.410714285714,1764,-15.6919941545,70.2819544717,24.5341876879,12790489.848,-5.46727678899,7.11386494804,-0.149552238106,0.0371855784568,-695.796792124,242.419925921,-192.92236926,0.996695421578,-0.0626852801495,-0.140780662097,-147.531818348,-331.331805773
512.5,0.410714285714,1764,-22.9849118526,79.6687935298,24.4885345849,12766689.3636,-5.72380644699,7.11386494804,-0.177175087064,0.0398999246781,-826.352373702,140.143180627,-311.791141019,0.996972252955,-0.0694224318352,-0.167819967297,-162.780423794,-393.501130334
513,0.410714285714,1764,-25.163578223,91.3543747691,24.4564306605,12749952.5177,-5.98431710546,7.11386494804,-0.205264905183,0.0426563939569,-959.541855404,-20.0664322088,-372.823865353,0.997363306481,-0.0760238132558,-0.195380728485,-177.792138487,-456.924693049
513.5,0.410714285714,1764,-21.7432297197,102.738601232,24.4354514126,12739015.3364,-6.20705693195,7.11386494804,-0.229306025341,0.0450132091925,-1073.78885153,-201.919501289,-344.651820188,0.997726179292,-0.0814742324826,-0.219019158297,-190.21193703,-511.328024539
514,0.410714285714,1764,-13.4849100214,111.288428822,24.4231281763,12732590.8226,-6.39210113937,7.11386494804,-0.249287297276,0.0469711662143,-1169.09849081,-355.268140779,-225.040511533,0.998009704641,-0.0858646817562,-0.238700028206,-200.259855951,-556.713567051
514.5,0.410714285714,1764,-2.22613422293,115.101480562,24.4294590452,12735891.3156,-6.37871461067,7.11386494804,-0.247900476117,0.0468295230456,-1163.0066221,-417.634553784,-37.0380771185,0.998226972921,-0.0855606102634,-0.237333167212,-199.654145219,-553.812677189
515,0.410714285714,1764,9.52796694278,113.329334451,24.4386925841,12740705.0672,-6.40883511687,7.11386494804,-0.251139202947,0.0471482288157,-1179.54224213,-391.630356939,159.946315764,0.998211802469,-0.0862626014288,-0.240525712413,-201.444421533,-561.686781969
515.5,0.410714285714,1764,19.1620505118,106.366301359,24.4522917053,12747794.7424,-6.4538526226,7.11386494804,-0.255994093059,0.0476245600809,-1204.35791245,-278.380220407,325.934108617,0.998245817978,-0.0873078277717,-0.245312897366,-204.11225307,-573.503767834
516,0.410714285714,1764,24.5324874373,95.7616890005,24.481789375,12763172.8608,-6.35321685679,7.11386494804,-0.24517250107,0.0465597307245,-1154.7638822,-95.6040859011,407.069183383,0.998295861064,-0.0849659299297,-0.234644741167,-199.116792093,-549.88756295
516.5,0.410714285714,1764,24.4443301663,83.875073656,24.5221654117,12784222.2347,-6.13400421344,7.11386494804,-0.221546992015,0.044240236695,-1043.7317599,95.6799232836,381.854654841,0.998182672262,-0.0797272531337,-0.211385508779,-187.45679783,-497.015123761
517,0.410714285714,1764,18.9171941075,73.3512833198,24.568587265,12808423.4942,-5.78944122523,7.11386494804,-0.184406967698,0.0405944077787,-866.905644855,232.927789083,264.665456428,0.997919391977,-0.0711352170967,-0.174910310066,-167.888824267,-412.812211836
517.5,0.410714285714,1764,9.1808931104,66.5319109918,24.5964425268,12822945.3707,-5.46969013044,7.11386494804,-0.149926256232,0.0372111140783,-701.152928184,290.380682806,113.59910938,0.997457952966,-0.0627696761463,-0.14114714689,-148.481122279,-333.882346754
518,0.410714285714,1764,-2.59819991827,64.9342991882,24.5874004099,12818231.4137,-5.29933632081,7.11386494804,-0.131537819392,0.0354085964941,-611.459974595,287.144162487,-29.764096568,0.996976089979,-0.0581566525736,-0.123181859044,-137.467927816,-291.171416474
518.5,0.410714285714,1764,-13.7991812071,68.9139240727,24.5446185374,12795927.7975,-5.4086390627,7.11386494804,-0.143249774143,0.0365651313241,-665.915911857,252.953813245,-165.538411131,0.996697790897,-0.0611135313756,-0.134620365857,-143.954985717,-317.10281517
519,0.410714285714,1764,-21.9297795742,77.5853003328,24.497880087,12771561.4854,-5.63501853264,7.11386494804,-0.167613041054,0.0389604577108,-780.823424015,162.93910634,-287.821597126,0.996878093534,-0.0671176268028,-0.158452746801,-157.496301038,-371.820678102
519.5,0.410714285714,1764,-25.1808985237,89.0190058402,24.4614851771,12752587.6057,-5.93637871916,7.11386494804,-0.200082301179,0.0421491567871,-934.931304523,14.3112366203,-367.351623335,0.997231782595,-0.0748254928058,-0.190290893868,-175.062040613,-445.205383106
520,0.410714285714,1764,-22.8291487507,100.670987176,24.4369797247,12739812.0965,-6.19379166955,7.11386494804,-0.227864037277,0.0448728491455,-1066.96465814,-168.500132975,-360.483480732,0.997661959411,-0.0811530938946,-0.217600017064,-189.485898753,-508.078408637
520.5,0.410714285714,1764,-15.3978056752,109.948623521,24.4233329549,12732697.5805,-6.38409565675,7.11386494804,-0.248421641521,0.0468864600182,-1164.93886095,-332.187564165,-256.406641555,0.997993497734,-0.0856771604222,-0.237846749591,-199.825855941,-554.73279093
521,0.410714285714,1764,-4.54037819164,114.787597017,24.4269687377,12734593.0352,-6.39004498933,7.11386494804,-0.249117956538,0.0469494100433,-1168.64881893,-413.601958199,-75.7600387701,0.998217910784,-0.0858249372808,-0.23853319164,-200.230118917,-556.499437588
521.5,0.410714285714,1764,7.32730486055,114.111213231,24.4368643247,12739751.9346,-6.39541773967,7.11386494804,-0.249698025864,0.0470062592384,-1172.39955368,-403.231255748,122.540425977,0.998224648265,-0.0859505495734,-0.239104988564,-200.685673615,-558.285501754
522,0.410714285714,1764,17.5646280118,108.069970747,24.4474790971,12745285.7693,-6.47429694025,7.11386494804,-0.258191108153,0.047840881877,-1214.51831166,-308.894986921,300.256465042,0.99823071842,-0.0877788187849,-0.247479852272,-205.132586815,-578.342053172
522.5,0.410714285714,1764,23.8937385623,98.0080745198,24.4739244297,12759072.6027,-6.39823321163,7.11386494804,-0.250024565595,0.0470360498121,-1177.54159949,-134.440400686,401.130606148,0.998318274284,-0.0860199036127,-0.239426919049,-201.457267193,-560.734094995
523,0.410714285714,1764,24.9063795546,86.1643439304,24.5131849108,12779540.4002,-6.19270660994,7.11386494804,-0.22787785596,0.0448613681047,-1073.69842489,60.9414975927,395.716415166,0.998233893913,-0.0811481213753,-0.217613974695,-190.657858224,-511.284964234
523.5,0.410714285714,1764,20.3772335902,75.1740649127,24.5598062141,12803845.6396,-5.8618458117,7.11386494804,-0.19221310724,0.0413605223762,-904.210352877,212.644651955,292.26552788,0.997992168286,-0.0729771649152,-0.182567534921,-172.112976918,-430.576358513
524,0.410714285714,1764,11.3140570143,67.4826263992,24.5934777375,12821399.7272,-5.52991151472,7.11386494804,-0.156420211209,0.0378483179328,-732.526471023,285.668679681,143.536799025,0.997559834303,-0.0643738509685,-0.147498423573,-152.239076233,-348.822129059
524.5,0.410714285714,1764,-0.266550625818,64.8014097465,24.5919837945,12820620.8848,-5.31898841885,7.11386494804,-0.133663467558,0.0356165357962,-621.993356477,291.447296441,-3.082928786,0.997070860073,-0.0586950054224,-0.125257161552,-138.792191234,-296.187312608
525,0.410714285714,1764,-11.7878494941,67.7269983095,24.5544950222,12801076.7382,-5.36212406975,7.11386494804,-0.138254556807,0.0360729551121,-642.292441547,261.916299217,-138.617594437,0.996730669215,-0.0598585579749,-0.129740254376,-141.112349125,-305.853543594
525.5,0.410714285714,1764,-20.6862962361,75.6084348304,24.507199076,12776419.7849,-5.56980129137,7.11386494804,-0.160589499622,0.0382703925785,-747.510126883,184.2088626,-264.780033037,0.996802126932,-0.0654063062817,-0.15157712702,-153.597355475,-355.957203278
526,0.410714285714,1764,-24.9819444698,86.6920624994,24.4677366509,12755846.7073,-5.87149743679,7.11386494804,-0.193085436114,0.0414626464437,-901.647677694,47.2291876907,-356.6805431,0.997132602337,-0.0731930886614,-0.183422758843,-171.330399136,-429.356036997
526.5,0.410714285714,1764,-23.7189921967,98.5117218688,24.4413766268,12742104.3481,-6.13709223032,7.11386494804,-0.221743937541,0.0442729110728,-1037.81403149,-132.177995855,-368.330744423,0.997573215861,-0.0797801595672,-0.211578804776,-186.347248501,-494.197157853
527,0.410714285714,1764,-17.1784522561,108.437482965,24.4248784984,12733503.3238,-6.35551104124,7.11386494804,-0.245327893348,0.0465840055429,-1150.15059881,-304.654447527,-283.850669388,0.99792326215,-0.0850052120737,-0.234797697491,-198.283755828,-547.690761338
527.5,0.410714285714,1764,-6.81562564234,114.260817115,24.4256706363,12733916.2917,-6.39260346498,7.11386494804,-0.249385234017,0.0469764813331,-1169.81519014,-405.044650378,-113.789766119,0.998185305895,-0.0858833491344,-0.238796639602,-200.345098907,-557.054852449
528,0.410714285714,1764,5.06370983225,114.686004997,24.4352217303,12738895.5954,-6.38328911679,7.11386494804,-0.248393073736,0.0468779260003,-1165.93570852,-411.429335838,84.3943268006,0.99822754054,-0.0856675530516,-0.23781869014,-199.998016308,-555.20748025
528.5,0.410714285714,1764,15.8163459791,109.618440302,24.443079227,12742991.9704,-6.49122286417,7.11386494804,-0.260009656323,0.0480199754679,-1222.88188036,-336.728996146,271.470219974,0.998216996109,-0.0881675344326,-0.249273795849,-205.966829759,-582.324704933
529,0.410714285714,1764,23.0497705257,100.185680081,24.4658171135,12754845.9885,-6.44916877286,7.11386494804,-0.255513111885,0.047575000159,-1203.35937875,-173.235759869,392.025321835,0.998336682735,-0.0872032262195,-0.24483857605,-204.093305691,-573.028275594
529.5,0.410714285714,1764,25.1545123839,88.4865579872,24.5037990777,12774647.2525,-6.25683127944,7.11386494804,-0.234794436036,0.0455398727099,-1106.44244363,24.4827142163,406.920603998,0.998290698624,-0.0826858929005,-0.224422258957,-194.122119063,-526.87735411
530,0.410714285714,1764,21.6622565603,77.1241838816,24.5501281638,12798800.1494,-5.94225005922,7.11386494804,-0.200882394903,0.0422112815715,-945.610914216,189.644451575,319.057582642,0.998069758975,-0.075000185321,-0.19107721234,-176.744790232,-450.290911531
530.5,0.410714285714,1764,13.3500464518,68.6267396091,24.5879090609,12818496.5904,-5.60695952893,7.11386494804,-0.164727239266,0.0386635647462,-772.550987505,279.589577568,174.635679336,0.997669886335,-0.066406637968,-0.155628059902,-156.975345336,-367.881422621
531,0.410714285714,1764,2.06738802357,64.8849466104,24.5959490685,12822688.1144,-5.33634695231,7.11386494804,-0.135546100472,0.0358002068386,-631.325912394,292.92750122,24.1128218365,0.99718937922,-0.0591702439373,-0.127095564027,-139.961080716,-300.631386855
531.5,0.410714285714,1764,-9.67527399362,66.7313714811,24.563811953,12805933.9649,-5.3256736563,7.11386494804,-0.134340357095,0.0356872724477,-623.841840114,269.308020535,-111.980338044,0.996759542089,-0.0588696511413,-0.125917739552,-138.886408531,-297.067542912
532,0.410714285714,1764,-19.2651419003,73.7551759763,24.515575697,12780786.7967,-5.51965604256,7.11386494804,-0.155189559106,0.0377398045456,-721.947967185,203.852956564,-241.754304587,0.996741807614,-0.0640799699978,-0.14629370987,-150.585532671,-343.784746279
532.5,0.410714285714,1764,-24.5684248432,84.3935304581,24.4746065323,12759428.2055,-5.80642087701,7.11386494804,-0.186072961665,0.0407740698654,-868.317810018,78.2838925971,-343.052239439,0.99705485368,-0.0715411631497,-0.176543291607,-167.557623232,-413.484671437
533,0.410714285714,1764,-24.4051173472,96.2793508637,24.4467394288,12744900.1555,-6.07073671332,7.11386494804,-0.214585682637,0.0435708018186,-1003.72811712,-95.5721694611,-371.44763232,0.997482082607,-0.0781590542809,-0.204539952571,-182.640858654,-477.965770059
533.5,0.410714285714,1764,-18.8115561006,106.767986077,24.4289305019,12735615.7683,-6.29235124945,7.11386494804,-0.238510537918,0.045915710331,-1117.6219849,-272.294009635,-305.479382834,0.997839072797,-0.0835127458216,-0.228081455709,-194.867058014,-532.20094519
534,0.410714285714,1764,-9.03233487071,113.525665278,24.4241210721,12733108.4522,-6.39659074976,7.11386494804,-0.249796082106,0.0470186708852,-1171.6503472,-393.133077427,-150.937691329,0.998111886355,-0.0859734337805,-0.239201602694,-200.52979898,-557.92873676
534.5,0.410714285714,1764,2.75662348157,115.048772964,24.4338100664,12738159.648,-6.37068268238,7.11386494804,-0.247037074528,0.0467445370274,-1159.24950948,-415.991397007,45.7799531653,0.99823204188,-0.0853728921663,-0.236482213319,-199.287077708,-552.023575943
535,0.410714285714,1764,13.9322201037,110.998410487,24.4414848091,12742160.7472,-6.46240120664,7.11386494804,-0.256903278158,0.0477150128456,-1207.69197772,-357.653398743,237.299193443,0.99820265952,-0.0875034653968,-0.246209586172,-204.388841126,-575.091417962
535.5,0.410714285714,1764,22.0078320221,102.275802609,24.461316656,12752499.75,-6.44482389893,7.11386494804,-0.255037296127,0.0475290269477,-1200.61122785,-208.463722743,373.729909077,0.998305256678,-0.0871014574285,-0.244369324859,-203.780131747,-571.719632311
536,0.410714285714,1764,25.1865974848,90.8217707341,24.4951622142,12770144.5677,-6.30676849533,7.11386494804,-0.240169484009,0.0460682595418,-1131.74175803,-13.4747099053,412.988782065,0.998285900614,-0.0838711508961,-0.229715684344,-196.765973958,-538.92464668
536.5,0.410714285714,1764,22.7612261794,79.1848909941,24.5391809825,12793093.0189,-6.03657910291,7.11386494804,-0.211048026304,0.0432093793559,-994.143447173,164.121143817,345.405531576,0.998128813093,-0.0773424624813,-0.201063331735,-182.102068941,-473.401641511
537,0.410714285714,1764,15.271374664,69.9544240324,24.5820618593,12815448.2493,-5.67510128223,7.11386494804,-0.17208032449,0.0393845742077,-807.912346478,269.125456367,205.028565028,0.997794892051,-0.0681873973588,-0.162828933558,-161.10814085,-384.72016499
537.5,0.410714285714,1764,4.38357023706,65.1841922965,24.5973490602,12823417.9767,-5.37500002736,7.11386494804,-0.139717198735,0.0362091959162,-651.637054365,294.609682693,52.041112344,0.997291656789,-0.0602207945629,-0.131169574954,-142.462265769,-310.303359221
538,0.410714285714,1764,-7.47959924883,65.935594853,24.5723524964,12810386.4348,-5.30677123683,7.11386494804,-0.132316917363,0.0354872655117,-614.481682109,276.280351188,-85.8723203252,0.996823268489,-0.058356049472,-0.123942261251,-137.770461975,-292.610324814
538.5,0.410714285714,1764,-17.6785226139,72.0414410882,24.5244667797,12785422.0145,-5.48807145758,7.11386494804,-0.15178965738,0.0374056073243,-706.049842177,222.565824512,-219.095250406,0.996710253452,-0.0632400691394,-0.142968434285,-148.719610925,-336.21421056
539,0.410714285714,1764,-23.9438912919,82.1431514078,24.4805990754,12762552.318,-5.76539503568,7.11386494804,-0.18165257501,0.0403399744931,-847.413701354,108.150079407,-329.589365778,0.997005215733,-0.0704918428637,-0.172208802445,-165.180853067,-403.530333978
539.5,0.410714285714,1764,-24.8816311927,93.993047607,24.4510825477,12747164.3682,-6.02670305647,7.11386494804,-0.209836575005,0.043104880681,-981.171312577,-59.9524693819,-373.57812355,0.99742353156,-0.0770745313747,-0.199872298135,-180.170562287,-467.22443456
540,0.410714285714,1764,-20.2830907641,104.954471875,24.4318371606,12737131.1064,-6.25088567401,7.11386494804,-0.234035021318,0.045476962122,-1096.28715243,-240.029224807,-325.557103826,0.997782010793,-0.0825249520469,-0.223674266684,-192.60798521,-522.041501155
540.5,0.410714285714,1764,-11.171466947,112.588455597,24.4240645827,12733079.0025,-6.38802549534,7.11386494804,-0.248861841283,0.0469280417309,-1167.13408023,-376.583898329,-186.245339126,0.998062648192,-0.0857716604308,-0.238280673606,-200.058244822,-555.778133445
541,0.410714285714,1764,0.425860971616,115.196401379,24.4320045465,12737218.3702,-6.36759109246,7.11386494804,-0.246701863866,0.0467118248432,-1157.45895008,-418.024617265,7.06530932703,0.998222363109,-0.08530011712,-0.236151845715,-199.087771774,-551.170928611
541.5,0.410714285714,1764,11.9284328149,112.19802898,24.4398157597,12741290.6161,-6.43710879894,7.11386494804,-0.254179658916,0.0474473932971,-1194.35343964,-375.507257219,201.784270727,0.998199132145,-0.0869185662991,-0.243523545001,-202.994918637,-568.739733162
542,0.410714285714,1764,20.7768720798,104.260490405,24.4567227322,12750104.7844,-6.45135336247,7.11386494804,-0.255733116758,0.0475981153519,-1203.53042297,-242.492664492,353.3005477,0.998277359093,-0.0872513416075,-0.245055526319,-204.054130772,-573.109725222
542.5,0.410714285714,1764,25.0023592837,93.1499254351,24.488755937,12766804.7618,-6.32939188298,7.11386494804,-0.24260684031,0.0463076381276,-1142.973115,-51.951701292,412.363761572,0.99829310771,-0.0844054605135,-0.232116769213,-197.915927962,-544.272911902
543,0.410714285714,1764,23.6647035885,81.3384871953,24.5301118237,12788364.9641,-6.09812225594,7.11386494804,-0.217678389301,0.043860568876,-1025.61123621,133.907479008,365.8576591,0.998155174332,-0.0788526902319,-0.207581029754,-185.520680315,-488.386302957
543.5,0.410714285714,1764,17.0615396973,71.4542764186,24.5753430775,12811945.5244,-5.74143429873,7.11386494804,-0.179232362539,0.0400864453834,-842.224633201,255.115927545,234.699417691,0.997874079918,-0.0699035289692,-0.169837155894,-165.072617258,-401.059349143
544,0.410714285714,1764,6.66210272878,65.6965766356,24.5984050897,12823968.5201,-5.40910252757,7.11386494804,-0.143398960452,0.0365700352566,-669.565568814,292.972342166,80.3101608747,0.997388940913,-0.0611434247762,-0.134766876287,-144.657320628,-318.840747054
544.5,0.410714285714,1764,-5.21968352797,65.3465032122,24.5798929077,12814317.5025,-5.29826408077,7.11386494804,-0.131409715892,0.0353972510975,-610.465757788,282.096467646,-59.7259811921,0.996878844771,-0.0581250897876,-0.123056705438,-137.309430824,-290.697979899
545,0.410714285714,1764,-15.9400655738,70.4819491367,24.5326477625,12789687.0335,-5.47178265453,7.11386494804,-0.150036646684,0.0372332551239,-698.049989545,240.391373665,-196.323612765,0.996695991196,-0.062805557603,-0.141254283366,-147.796340126,-332.404756926
545.5,0.410714285714,1764,-23.1137078259,79.9602534625,24.4881944935,12766512.0626,-5.72136591342,7.11386494804,-0.176913958917,0.0398741013361,-825.069402678,136.062780591,-313.246489322,0.996979414483,-0.0693597549383,-0.167564068977,-162.628942971,-392.890191751
546,0.410714285714,1764,-25.1444410387,91.6724487593,24.4551796088,12749300.3027,-5.9944361963,7.11386494804,-0.206352569817,0.0427634642903,-964.690420155,-24.8582295742,-373.731203641,0.997359745002,-0.0762746369045,-0.196449170813,-178.360474858,-459.37639055
546.5,0.410714285714,1764,-21.5804174914,103.012516317,24.4345758577,12738558.8805,-6.21610040006,7.11386494804,-0.230282182663,0.0451088983369,-1078.42191917,-206.796992797,-342.959450108,0.9977395892,-0.0816916768918,-0.219979922465,-190.705921372,-513.534247223
547,0.410714285714,1764,-13.2146492382,111.457237602,24.422864093,12732453.1471,-6.3942692187,7.11386494804,-0.249523395557,0.0469941067116,-1170.21306761,-358.290244702,-220.656544752,0.998020704744,-0.0859156888544,-0.238932763355,-200.374485111,-557.244317911
547.5,0.410714285714,1764,-1.9085591841,115.127622288,24.4295248977,12735925.6467,-6.37708606305,7.11386494804,-0.247725766891,0.0468122913458,-1162.16908104,-417.886138304,-31.7403858603,0.998229421961,-0.0855226239053,-0.237160972765,-199.566580642,-553.413848117
548,0.410714285714,1764,9.82219429285,113.206992465,24.4384031024,12740554.1507,-6.41130064027,7.11386494804,-0.251404152052,0.0471743165756,-1180.79522906,-389.826090046,164.991116476,0.998209951119,-0.0863198905977,-0.240786918873,-201.573430404,-562.283442411
548.5,0.410714285714,1764,19.3674631995,106.122697331,24.4524747792,12747890.1849,-6.45224545217,7.11386494804,-0.255821782798,0.0476075545735,-1203.54163436,-274.124473376,329.293265347,0.998248583388,-0.0872708003062,-0.245142960781,-204.028743644,-573.115063981
549,0.410714285714,1764,24.6033801706,95.4510259749,24.482503748,12763545.2873,-6.35039571454,7.11386494804,-0.244868343278,0.0465298801533,-1153.35618312,-90.3839154592,407.950694713,0.998294090832,-0.0848996165967,-0.234345024245,-198.972998938,-549.217230058
549.5,0.410714285714,1764,24.3649289776,83.5664756224,24.5231110299,12784715.2169,-6.13120601094,7.11386494804,-0.221245053702,0.0442106288498,-1042.34580008,100.422592242,380.318653371,0.998179430278,-0.079659180938,-0.211088532098,-187.311189975,-496.355142893
550,0.410714285714,1764,18.7051661358,73.1134147966,24.5694106616,12808852.7582,-5.78523595988,7.11386494804,-0.183953753249,0.0405499117692,-864.760953144,235.914381503,261.320903349,0.997915881005,-0.0710276737098,-0.174465894221,-167.646243686,-411.790930068
550.5,0.410714285714,1764,8.88341557975,66.4176988477,24.596527683,12822989.7654,-5.46428195372,7.11386494804,-0.149343603632,0.0371538900359,-698.327886994,291.123611553,109.665804444,0.997451954375,-0.0626250570549,-0.140577472304,-148.140052833,-332.537089045
551,0.410714285714,1764,-2.91493685382,64.9691561641,24.5863880224,12817703.6223,-5.29986076869,7.11386494804,-0.131593071185,0.0354141456892,-611.677284889,286.790872995,-33.3978866438,0.996967487198,-0.0581707765097,-0.123235785627,-137.489990289,-291.274897566
551.5,0.410714285714,1764,-14.064702085,69.0900943269,24.5430464626,12795108.2225,-5.41691314214,7.11386494804,-0.144139261084,0.0366526795493,-670.129761157,251.721732763,-169.316458668,0.996698670937,-0.0613361042643,-0.135489585643,-144.460756561,-319.109410075
552,0.410714285714,1764,-22.0850047465,77.8635851527,24.496345944,12770761.6855,-5.64723249496,7.11386494804,-0.168928395982,0.0390896939276,-787.072370284,160.023164044,-291.199038755,0.996891488287,-0.0674363902948,-0.159740853899,-158.224483316,-374.796366802
552.5,0.410714285714,1764,-25.1912896572,89.3374855404,24.4601057724,12751868.476,-5.95096567612,7.11386494804,-0.201654762871,0.0423035017147,-942.411283202,9.71111660956,-369.253150431,0.99725011449,-0.0751902683826,-0.19183496341,-175.895631604,-448.767277715
553,0.410714285714,1764,-22.6923937692,100.958798521,24.4363265465,12739471.5729,-6.19937339466,7.11386494804,-0.228469085694,0.0449319095074,-1069.82709333,-173.32326708,-358.900642107,0.99768162165,-0.0812880251735,-0.218195454978,-189.790806078,-509.441473015
553.5,0.410714285714,1764,-15.1443332072,110.141727128,24.422814947,12732427.5257,-6.39048167292,7.11386494804,-0.249110655241,0.0469540306024,-1168.21570763,-335.973624616,-252.614708143,0.998000327619,-0.0858265247759,-0.238525904651,-200.165729072,-556.293194109
554,0.410714285714,1764,-4.22658705718,114.843026423,24.4280053886,12735133.4759,-6.3739729657,7.11386494804,-0.247389573129,0.046779351591,-1160.40097817,-412.749174949,-70.2217310808,0.998225142141,-0.0854496300774,-0.236829620926,-199.371445937,-552.571894366
554.5,0.410714285714,1764,7.63159465363,114.016635132,24.436477553,12739550.2976,-6.40097531511,7.11386494804,-0.250291737144,0.0470650640722,-1175.2320509,-402.238807983,127.816553804,0.998206408624,-0.0860793719944,-0.239690249396,-200.980098559,-559.634309952
555,0.410714285714,1764,17.7917105489,107.846429215,24.4478415027,12745474.7034,-6.47135996631,7.11386494804,-0.257876553151,0.0478098056881,-1213.03159886,-304.84847276,303.913781472,0.998236983062,-0.0877114187411,-0.247169579858,-204.981154995,-577.634094695
555.5,0.410714285714,1764,23.9930869077,97.7053086013,24.474890871,12759576.4407,-6.39347362833,7.11386494804,-0.249511336622,0.0469856885515,-1175.14619366,-129.200636346,402.309921218,0.998315066468,-0.0859087848508,-0.238920996811,-201.212919088,-559.593425553
556,0.410714285714,1764,24.8558882325,85.8497204705,24.5144287128,12780188.8356,-6.18669058738,7.11386494804,-0.227228989976,0.0447977124314,-1070.656659,65.82910408,394.248349261,0.998228523528,-0.0810030797521,-0.216975459431,-190.336396224,-509.836504287
556.5,0.410714285714,1764,20.1881371581,74.9175891157,24.5609301139,12804431.566,-5.85448745654,7.11386494804,-0.191419733485,0.0412826634508,-900.437222927,215.790655693,288.84051681,0.99798478692,-0.0727908409252,-0.181789070481,-171.689253673,-428.779629965
557,0.410714285714,1764,11.0284303205,67.3413653398,24.5940205715,12821682.7246,-5.52002283273,7.11386494804,-0.155354788996,0.0377436855608,-727.382419124,286.301947875,139.349132466,0.997549600821,-0.0641115077311,-0.146456173786,-151.625348394,-346.372580535
557.5,0.410714285714,1764,-0.585154294391,64.8067946769,24.5913770236,12820304.555,-5.31517074994,7.11386494804,-0.133250899946,0.0355761409535,-619.962450659,290.852348007,-6.7555318304,0.997055427091,-0.0585905992816,-0.1248543384,-138.538472232,-295.2202146
558,0.410714285714,1764,-12.0685393181,67.8778310573,24.5528679776,12800228.5056,-5.37088464223,7.11386494804,-0.139195349681,0.0361656509313,-646.756085263,261.137820504,-142.46125967,0.996724298025,-0.0600955206228,-0.13065920588,-141.652197584,-307.979088221
558.5,0.410714285714,1764,-20.8666174054,75.8711543976,24.5057723904,12775676.0062,-5.58022804904,7.11386494804,-0.161712697589,0.0383807183416,-752.843565045,181.584494338,-268.178609685,0.996816520685,-0.0656810034924,-0.152676395956,-154.224484673,-358.496935736
559,0.410714285714,1764,-25.0217746735,87.0082125429,24.4664236503,12755162.1964,-5.88510489248,7.11386494804,-0.194551827277,0.0416066272458,-908.624214783,42.9111858993,-358.887133507,0.997148605873,-0.0735365558482,-0.184861839982,-172.11591337,-432.678197516
559.5,0.410714285714,1764,-23.6094690266,98.8109575123,24.4400975733,12741437.5349,-6.15303713888,7.11386494804,-0.223463528671,0.0444416245175,-1046.00154217,-137.474214033,-368.370088455,0.99759200258,-0.0801672075567,-0.213270310799,-187.231701674,-498.095972461
560,0.410714285714,1764,-16.9439451342,108.653222866,24.4240018307,12733046.2877,-6.36708232666,7.11386494804,-0.246578109906,0.0467064415805,-1156.10283203,-309.183416387,-280.851565507,0.997943171718,-0.0852772434477,-0.236029760242,-198.904019069,-550.525158107
560.5,0.410714285714,1764,-6.50831350969,114.345058128,24.4258165123,12733992.3417,-6.39021660656,7.11386494804,-0.249131599589,0.0469512259291,-1168.60441185,-406.194835341,-108.590553389,0.998198551231,-0.0858281772264,-0.23854663176,-200.218787667,-556.478291356
561,0.410714285714,1764,5.37544857628,114.620003099,24.4351546445,12738860.6214,-6.38493847472,7.11386494804,-0.248569959232,0.0468953778945,-1166.78406643,-410.511109723,89.6296134251,0.99822484237,-0.0857059782899,-0.237993038524,-200.086624556,-555.611460206
561.5,0.410714285714,1764,16.0631479932,109.416881226,24.443264243,12743088.4253,-6.49254917733,7.11386494804,-0.260152923033,0.048034009218,-1223.5937855,-333.389924453,275.805966653,0.998218866272,-0.0881980696121,-0.249415135709,-206.041281649,-582.663707381
562,0.410714285714,1764,23.1767211974,99.8934116734,24.4669744654,12755449.3546,-6.44326409583,7.11386494804,-0.254877756442,0.0475125226352,-1200.39340054,-168.017346894,393.604484868,0.998338119583,-0.0870666817257,-0.24421200517,-203.793011884,-571.615905021
562.5,0.410714285714,1764,25.1333645898,88.1686113472,24.5048605858,12775200.652,-6.25414182854,7.11386494804,-0.234503359608,0.045511415568,-1105.12521463,29.6055955075,406.297278655,0.998284175979,-0.082621542503,-0.224135662778,-193.987849356,-526.250102203
563,0.410714285714,1764,21.4977157843,76.8513036366,24.5512200932,12799369.4086,-5.93569068971,7.11386494804,-0.20017572982,0.0421418767317,-942.260833408,193.25720834,315.969615796,0.99806654457,-0.0748361323901,-0.190383334019,-176.373872815,-448.695634956
563.5,0.410714285714,1764,13.0787237929,68.4596429011,24.5885669747,12818839.5828,-5.59768415414,7.11386494804,-0.163727827006,0.0385654217919,-767.735358813,280.75740847,170.468325168,0.997661029374,-0.0661631810433,-0.154649689842,-156.408219519,-365.588266102
564,0.410714285714,1764,1.74965405342,64.8608132452,24.5954283305,12822416.6363,-5.33311641474,7.11386494804,-0.135196774477,0.0357660244461,-629.60472837,292.759636545,20.375682386,0.997175273176,-0.0590820673333,-0.126754430508,-139.746590564,-299.811775414
564.5,0.410714285714,1764,-9.96872196759,66.8555712463,24.5624637277,12805231.09,-5.3299253766,7.11386494804,-0.134796666905,0.0357322599981,-625.980542915,268.366883342,-115.590446142,0.996754180603,-0.0589852048987,-0.126363291411,-139.143749642,-298.085972817
565,0.410714285714,1764,-19.4690103194,74.0000738382,24.5142274337,12780083.9021,-5.52702780551,7.11386494804,-0.155983072738,0.0378178053392,-725.698802006,201.370196865,-245.03103334,0.996748879309,-0.0642754732347,-0.147069945679,-151.028344627,-345.570858098
565.5,0.410714285714,1764,-24.6373520224,84.7046354871,24.4735288001,12758866.3478,-5.81615232362,7.11386494804,-0.187121505052,0.0408770385261,-873.299025974,74.1896707139,-345.176810651,0.997066364771,-0.0717891619079,-0.177571693026,-168.123657284,-415.856679035
566,0.410714285714,1764,-24.3237666639,96.587440723,24.4456905187,12744353.3238,-6.08287590384,7.11386494804,-0.215894498922,0.0436992468732,-1009.95550549,-100.634515996,-371.587478102,0.997495846226,-0.0784567135182,-0.205826633228,-183.320692014,-480.931193092
566.5,0.410714285714,1764,-18.5980284657,107.004509319,24.428205002,12735237.5411,-6.30176371974,7.11386494804,-0.239527154586,0.046015303896,-1122.46184549,-276.857295144,-302.802025001,0.99785463583,-0.083736199114,-0.229082768742,-195.376854418,-534.505640712
567,0.410714285714,1764,-8.73414119029,113.637994366,24.423955054,12733021.9015,-6.39836788145,7.11386494804,-0.24999014308,0.0470374747566,-1172.57144827,-395.197168426,-146.023719844,0.998122948435,-0.0860152991098,-0.239392907138,-200.624720845,-558.367356317
567.5,0.410714285714,1764,3.07313370673,115.011914145,24.4337510565,12738128.8841,-6.37417354988,7.11386494804,-0.247413373209,0.0467814739769,-1161.06191944,-415.775170436,51.0849622806,0.998234045709,-0.0854546736853,-0.236853081668,-199.477017881,-552.886628307
568,0.410714285714,1764,14.1966218553,110.820565024,24.4415706442,12742205.4959,-6.46837906233,7.11386494804,-0.257547818987,0.0477782646744,-1210.81883291,-355.186128595,242.185701983,0.998206637014,-0.0876414900333,-0.246845317689,-204.712674143,-576.580396622
568.5,0.410714285714,1764,22.1612946628,101.996541955,24.4619986801,12752855.3119,-6.44780742294,7.11386494804,-0.25536018012,0.047560595684,-1202.24270791,-203.894826185,376.656318164,0.998311806555,-0.0871707415332,-0.244687747288,-203.953599586,-572.496527577
569,0.410714285714,1764,25.1949748532,90.5032317023,24.4958612625,12770509.0049,-6.3098209869,7.11386494804,-0.24049890528,0.0461005580254,-1133.40512972,-8.25915670319,413.505835411,0.998289196247,-0.0839434423646,-0.230040177741,-196.946813952,-539.71672844
569.5,0.410714285714,1764,22.6226542715,78.897950022,24.5406411803,12793854.2687,-6.02556427863,7.11386494804,-0.209863121926,0.0430928312465,-988.503801658,167.904156412,342.13840586,0.998132384168,-0.0770709916088,-0.19989893522,-181.484489886,-470.716096028
570,0.410714285714,1764,15.016686383,69.7629268402,24.5822476635,12815545.1152,-5.67728099706,7.11386494804,-0.172312392788,0.0394076378205,-809.052471219,271.924261012,201.778256929,0.997780522396,-0.06824354272,-0.163056252576,-161.243234453,-385.263081533
570.5,0.410714285714,1764,4.06943492711,65.1307479129,24.5970853561,12823280.499,-5.37089241092,7.11386494804,-0.139275869881,0.036165733132,-649.481409449,294.693444798,48.2216269652,0.997294889214,-0.0601097529595,-0.13073846329,-142.196529481,-309.276861642
571,0.410714285714,1764,-7.78328499922,66.0320949055,24.5710541278,12809709.552,-5.31123454969,7.11386494804,-0.13279583062,0.035534491928,-616.734468678,275.71665687,-89.5356232004,0.996816533431,-0.0584776402168,-0.124409800022,-138.042931553,-293.683080323
571.5,0.410714285714,1764,-17.9041872925,72.2664138597,24.5232135268,12784768.652,-5.49216972227,7.11386494804,-0.152231315437,0.0374489711574,-708.110465166,220.134930871,-222.252679224,0.996717721027,-0.0633493440252,-0.143400346763,-148.961363457,-337.195459603
572,0.410714285714,1764,-24.0413234431,82.4465393954,24.4796322114,12762048.2596,-5.77136371776,7.11386494804,-0.182295514268,0.0404031292557,-850.448357163,104.191388373,-331.6226825,0.997011685677,-0.0706448598997,-0.172839148186,-165.526336328,-404.975408173
572.5,0.410714285714,1764,-24.8291517031,94.307345552,24.4502528874,12746731.8386,-6.03497323297,7.11386494804,-0.210727973304,0.0431923876091,-985.404572626,-64.8382961492,-373.752203489,0.997432102876,-0.0772786733157,-0.200748269559,-180.635508434,-469.240272679
573,0.410714285714,1764,-20.0923765678,105.209747002,24.4312391416,12736819.3392,-6.25782040748,7.11386494804,-0.234783767886,0.0455503386965,-1099.84656226,-244.604708539,-323.12765713,0.997792800804,-0.0826906340181,-0.224411474893,-192.985228625,-523.736458217
573.5,0.410714285714,1764,-10.8849528524,112.727907986,24.4241090568,12733102.1883,-6.38694160086,7.11386494804,-0.248747243317,0.0469165730184,-1166.58506047,-378.799815804,-181.416527124,0.998070940296,-0.0857466821046,-0.238167719034,-200.000712452,-555.516695464
574,0.410714285714,1764,0.744424226679,115.189002215,24.4322748303,12737359.2782,-6.36706531234,7.11386494804,-0.246644959417,0.0467062615517,-1157.20968035,-417.850533206,12.3489631466,0.998221135836,-0.0852877534367,-0.236095764443,-199.063319608,-551.052228739
574.5,0.410714285714,1764,12.2081634032,112.045424612,24.4399001906,12741334.6327,-6.44426978093,7.11386494804,-0.254950380686,0.0475231638124,-1198.08926154,-373.639608937,206.911569186,0.998198531802,-0.0870843417541,-0.24428357524,-203.383485969,-570.518695973
575,0.410714285714,1764,20.9555286257,103.996636025,24.4583638806,12750960.3698,-6.44072990633,7.11386494804,-0.254591441034,0.0474857083177,-1198.16169242,-237.368261125,355.383778072,0.99828528807,-0.0870058920153,-0.243929639644,-203.507409096,-570.553186868
575.5,0.410714285714,1764,25.040189863,92.8335298878,24.4895211434,12767203.6894,-6.33187748538,7.11386494804,-0.242871583715,0.0463339383439,-1144.32896297,-46.7684846521,413.297823446,0.998281371558,-0.0844635640039,-0.23237759439,-198.064547772,-544.918553794
576,0.410714285714,1764,23.5532907187,81.0399499823,24.5308097673,12788728.8254,-6.09833309009,7.11386494804,-0.217701712907,0.043862799717,-1025.7829247,138.539986346,364.180174009,0.998158055737,-0.0788579396513,-0.207603965173,-185.543588804,-488.46805938
576.5,0.410714285714,1764,16.8256732675,71.2400234783,24.5769069161,12812760.8056,-5.72064268116,7.11386494804,-0.17699493468,0.0398664487989,-831.456000117,256.119117044,229.711192653,0.997874348002,-0.0693680913059,-0.167644291734,-163.82906455,-395.931428627
577,0.410714285714,1764,6.35426413252,65.614280258,24.5984106893,12823971.4394,-5.40285216371,7.11386494804,-0.142722329865,0.0365039000126,-666.280777018,293.151526757,76.3874206534,0.997358689004,-0.0609743212443,-0.134105668437,-144.257309536,-317.276560485
577.5,0.410714285714,1764,-5.53099875072,65.4144747296,24.5788806595,12813789.7838,-5.29859397817,7.11386494804,-0.131443845038,0.0354007417495,-610.580686239,281.338003043,-63.2925319371,0.996868704038,-0.0581338647484,-0.123090010497,-137.318849176,-290.752707733
578,0.410714285714,1764,-16.1855883173,70.6850645659,24.5313077825,12788988.4573,-5.4763609434,7.11386494804,-0.150528838013,0.037281698104,-700.35172095,238.326303535,-199.713400407,0.996696544976,-0.0629276918297,-0.141735534316,-148.067574555,-333.5008195
578.5,0.410714285714,1764,-23.2388081213,80.2533186621,24.4854079773,12765059.3588,-5.75055750995,7.11386494804,-0.180053887876,0.0401829782915,-840.031533429,133.491015778,-318.279832286,0.996986680332,-0.0701108237562,-0.170641573704,-164.35257641,-400.015015919
579,0.410714285714,1764,-25.12128348,91.9902553398,24.4541458592,12748761.3746,-6.00434518894,7.11386494804,-0.207427187517,0.0428683115697,-969.792857131,-29.6751261047,-374.563625218,0.997402145884,-0.0765214635032,-0.19750492622,-178.922526239,-461.806122443
579.5,0.410714285714,1764,-21.4141547448,103.284350815,24.433956508,12738235.9928,-6.22324880391,7.11386494804,-0.231054379001,0.0451845357627,-1082.09321866,-211.550190708,-341.015423588,0.997752671491,-0.0818634382235,-0.220739995946,-191.097203313,-515.282485075
580,0.410714285714,1764,-12.9422755492,111.622615559,24.4228214873,12732430.9354,-6.39499299412,7.11386494804,-0.249603463188,0.047001764996,-1170.59555657,-361.122818324,-216.151048382,0.998029371803,-0.0859329107783,-0.239011693424,-200.41395122,-557.426455511
580.5,0.410714285714,1764,-1.59067898348,115.149746328,24.429938135,12736141.081,-6.37516176668,7.11386494804,-0.247518813938,0.0467919303215,-1161.20883342,-418.048242058,-26.4408453289,0.998230239037,-0.0854776447007,-0.236957000853,-199.468369948,-552.956587345
581,0.410714285714,1764,10.1148511607,113.080939885,24.4386284189,12740671.6157,-6.4164356916,7.11386494804,-0.251956390447,0.047228650672,-1183.48700733,-388.25174285,170.1450899,0.998207761941,-0.0864392035117,-0.241331374312,-201.855770922,-563.565241586
581.5,0.410714285714,1764,19.5697792008,105.876515425,24.4532595003,12748299.2862,-6.45374039961,7.11386494804,-0.2559841955,0.0476233726469,-1204.40533591,-270.063696698,332.887083413,0.99825433384,-0.0873055783764,-0.245303138897,-204.123151313,-573.526350433
582,0.410714285714,1764,24.6703390405,95.1394913783,24.4834578204,12764042.6771,-6.35003833599,7.11386494804,-0.244830271888,0.0465260987226,-1153.26143173,-85.2166148774,409.052691434,0.998295737494,-0.0848912870439,-0.234307510079,-198.968984137,-549.172110349
582.5,0.410714285714,1764,24.2816320516,83.2589062526,24.5241134524,12785237.8132,-6.12761942627,7.11386494804,-0.220858876861,0.0441726791149,-1040.55533956,105.116988653,378.634704764,0.998179019318,-0.0795720230127,-0.210708714158,-187.121543046,-495.502542649
583,0.410714285714,1764,18.490147373,72.8782462894,24.5703061516,12809319.6071,-5.77865086798,7.11386494804,-0.183244246113,0.0404802347601,-861.375427783,238.649738186,257.722947321,0.997911375242,-0.0708591713833,-0.173770195865,-167.260720289,-410.178775135
583.5,0.410714285714,1764,8.5845176693,66.3072573056,24.5965978518,12823026.3467,-5.45927637788,7.11386494804,-0.148803755931,0.0371009259226,-695.709966957,291.86261451,105.749672108,0.997442543105,-0.0624910091575,-0.140049670681,-147.823804922,-331.290460456
584,0.410714285714,1764,-3.23120771667,65.0080153511,24.5854522591,12817215.7778,-5.30087432052,7.11386494804,-0.131700991126,0.0354248701044,-612.153544635,286.459182376,-37.0362391626,0.996959511306,-0.0581982717111,-0.123341127185,-137.544506241,-291.501687921
584.5,0.410714285714,1764,-14.3279741412,69.2696078906,24.5416246986,12794367.0095,-5.42550714862,7.11386494804,-0.145063257189,0.0367436129299,-674.517903797,250.471269228,-173.115194815,0.996700371301,-0.0615670390656,-0.136392600159,-144.987862018,-321.199001808
585,0.410714285714,1764,-22.2366987214,78.1438104783,24.495038942,12770080.3017,-5.6592467889,7.11386494804,-0.170222401885,0.0392168174485,-793.232137398,157.037220036,-294.528806543,0.996905363226,-0.0677494362592,-0.161008194701,-158.942013957,-377.729589237
585.5,0.410714285714,1764,-25.1976529256,89.6560711709,24.4588612137,12751219.6461,-5.96537953235,7.11386494804,-0.203208589182,0.0424560150596,-949.811100108,5.06489853603,-371.075480152,0.997268072178,-0.0755499518007,-0.193360928615,-176.719068834,-452.291000051
586,0.410714285714,1764,-22.552010474,101.244857651,24.4359023716,12739250.4364,-6.20291320728,7.11386494804,-0.228854379449,0.0449693643463,-1071.64909629,-178.029016132,-357.044291824,0.997700946475,-0.0813737922244,-0.218574647802,-189.984458673,-510.309093471
586.5,0.410714285714,1764,-14.8884392939,110.331610251,24.4223816066,12732201.6109,-6.39707969697,7.11386494804,-0.249821869103,0.0470238444469,-1171.60774562,-339.737666611,-248.783227829,0.998004651171,-0.0859805831978,-0.239226979125,-200.517910241,-557.908450296
587,0.410714285714,1764,-3.91212012872,114.894483648,24.4274315912,12734834.3362,-6.3874084133,7.11386494804,-0.248837785531,0.0469215123716,-1167.34006782,-415.106094329,-65.2331227329,0.998232593348,-0.085763967573,-0.238257032839,-200.095458994,-555.876222771
587.5,0.410714285714,1764,7.93466422204,113.918216984,24.4365114682,12739567.9788,-6.40927266875,7.11386494804,-0.251188787359,0.0471528585621,-1179.57140952,-401.493491549,133.192037054,0.998221664467,-0.0862731754941,-0.24057459998,-201.433154564,-561.700671202
588,0.410714285714,1764,18.0159483485,107.620034197,24.448657737,12745900.2336,-6.47074710362,7.11386494804,-0.257812984936,0.0478033209738,-1212.80486937,-300.954181431,307.716484956,0.998246308959,-0.0876976754388,-0.24710688056,-204.962722364,-577.52612827
588.5,0.410714285714,1764,24.08859897,97.401310672,24.4760061407,12760157.868,-6.3904563408,7.11386494804,-0.249186322629,0.0469537625627,-1173.6773639,-124.012833329,403.617081025,0.998314396581,-0.0858383532571,-0.238600620942,-201.06627946,-558.893982811
589,0.410714285714,1764,24.8014226732,85.5357606038,24.5157010718,12780852.1587,-6.17967723412,7.11386494804,-0.226473211126,0.044723503979,-1067.09776447,70.6684104354,392.603747534,0.998225113494,-0.0808339313557,-0.216231780059,-189.958658118,-508.141792605
589.5,0.410714285714,1764,19.995812821,74.663524863,24.5621147687,12805049.1661,-5.84503432162,7.11386494804,-0.190400682153,0.0411826396124,-895.571275907,218.724410787,285.174548807,0.997976159721,-0.0725512127505,-0.180789244974,-171.140559092,-426.462512337
590,0.410714285714,1764,10.741040278,67.2037271962,24.5945143404,12821940.1428,-5.51090372062,7.11386494804,-0.154371720536,0.0376471960256,-722.635563569,286.963794985,135.210247166,0.997536414113,-0.0638691664052,-0.145494567089,-151.058270334,-344.112173128
590.5,0.410714285714,1764,-0.903664401953,64.8162077786,24.5908182716,12820013.2589,-5.31200967841,7.11386494804,-0.132909099379,0.0355426935828,-618.277280894,290.301127506,-10.4168106403,0.997041150348,-0.0585040757882,-0.124520620305,-138.327599729,-294.417752807
591,0.410714285714,1764,-12.3472994891,68.0322009449,24.551346942,12799435.5391,-5.38003990194,7.11386494804,-0.140178708595,0.0362625229453,-651.430341237,260.350745987,-146.333668878,0.996719016831,-0.0603428920553,-0.131619817247,-142.217658856,-310.204924399
591.5,0.410714285714,1764,-21.0436021866,76.1361330427,24.5053394975,12775450.3247,-5.57716490266,7.11386494804,-0.16138583697,0.0383483071192,-751.239661892,177.955335302,-270.113763687,0.996831520091,-0.0656008810997,-0.15235650768,-154.030908563,-357.73317233
592,0.410714285714,1764,-25.0576041161,87.3248409468,24.4652541471,12754552.4953,-5.89721903237,7.11386494804,-0.195853611903,0.041734807239,-914.81669109,38.5250312023,-360.855172055,0.997143910202,-0.0738411439544,-0.186139509213,-172.812294607,-435.626995757
592.5,0.410714285714,1764,-23.4961709106,99.1087843613,24.4390127934,12740872.003,-6.16687850394,7.11386494804,-0.224956390257,0.0445880803201,-1053.11125103,-142.702763168,-368.10274344,0.997608649493,-0.0805024564905,-0.214738978584,-187.997990741,-501.481548109
593,0.410714285714,1764,-16.7067288249,108.865980281,24.4231784017,12732617.0067,-6.37949467136,7.11386494804,-0.247918216787,0.0468377768858,-1162.49378044,-313.756238611,-277.846171652,0.997960354318,-0.0855683423372,-0.237350538967,-199.569532418,-553.568466878
593.5,0.410714285714,1764,-6.19996075511,114.425406581,24.426044144,12734111.0138,-6.39069859498,7.11386494804,-0.24918701451,0.0469563258597,-1168.89381832,-407.599104439,-103.461878638,0.998212688806,-0.0858399849567,-0.238601260939,-200.250064911,-556.616103961
594,0.410714285714,1764,5.68632783348,114.55006468,24.435368367,12738972.042,-6.38985118447,7.11386494804,-0.249098958916,0.0469473593896,-1169.36088342,-409.900108587,94.9417619396,0.99822538744,-0.0858207094602,-0.238514468564,-200.357977352,-556.838515914
594.5,0.410714285714,1764,16.3073816516,109.212217562,24.4437799927,12743357.3029,-6.49549209682,7.11386494804,-0.260471184206,0.0480651483169,-1225.18585868,-330.143299612,280.226515705,0.998224429049,-0.0882658581241,-0.249729122398,-206.208345417,-583.421837464
595,0.410714285714,1764,23.2999661157,99.5995613965,24.467342021,12755640.9736,-6.45165462653,7.11386494804,-0.255781933525,0.0476013030339,-1204.81257248,-163.395500532,396.592038802,0.998341304843,-0.0872608834084,-0.245103691925,-204.25370758,-573.720272609
595.5,0.410714285714,1764,25.1081981923,87.8509575301,24.505834965,12775708.6284,-6.2511963613,7.11386494804,-0.234188428119,0.0454802495113,-1103.68415927,34.7140516483,405.579368971,0.998293439758,-0.0825516554624,-0.223825595366,-193.839175172,-525.563885366
596,0.410714285714,1764,21.3297377131,76.5805257522,24.552349603,12799958.2597,-5.92732988187,7.11386494804,-0.199275110099,0.0420534108313,-937.970656322,196.70347998,312.652609018,0.998063020187,-0.0746268158788,-0.189499069178,-175.896739035,-446.652693486
596.5,0.410714285714,1764,12.8053099613,68.2959903061,24.5891485461,12819142.7754,-5.5895426864,7.11386494804,-0.162850027809,0.0384792767341,-763.505842886,281.988590205,166.372543786,0.997649708861,-0.065949129746,-0.153790437223,-155.909582155,-363.574210898
597,0.410714285714,1764,1.43164032902,64.8406994142,24.5949169108,12822150.0162,-5.33072247446,7.11386494804,-0.134937652249,0.0357406941089,-628.321714455,292.657315204,16.6530867422,0.997162855141,-0.0590166548664,-0.126501389946,-139.586065617,-299.200816407
597.5,0.410714285714,1764,-10.2605760308,66.9834716016,24.5612169057,12804581.0802,-5.33443528546,7.11386494804,-0.13528091321,0.0357799794476,-628.259172648,267.411126957,-119.209645875,0.996750204033,-0.0591077438661,-0.126836142418,-139.418658971,-299.171034594
598,0.410714285714,1764,-19.6697658155,74.2475299472,24.5130534661,12779471.8737,-5.53323816307,7.11386494804,-0.156651819696,0.0378835172757,-728.857198616,198.744429417,-248.167834674,0.996756370096,-0.0644400644008,-0.147724174038,-151.400583211,-347.074856484
598.5,0.410714285714,1764,-24.7023399063,85.0165871982,24.4725177598,12758339.2588,-5.82443216798,7.11386494804,-0.188013637998,0.0409646477501,-877.530098089,70.0182955485,-347.074546114,0.99707604052,-0.0719998936574,-0.178446758872,-168.603240388,-417.87147528
599,0.410714285714,1764,-24.2385268249,96.8944773087,24.4448030791,12743890.6719,-6.09285644024,7.11386494804,-0.216970679284,0.0438048511588,-1015.07362119,-105.645374227,-371.41151134,0.997507519152,-0.0787010527602,-0.206884714148,-183.878259941,-483.368391041
599.5,0.410714285714,1764,-18.38152717,107.238313691,24.4276390586,12734942.4959,-6.31047865727,7.11386494804,-0.240468058662,0.0461075168507,-1126.95081963,-281.343204503,-300.001371971,0.997867377168,-0.0839427418218,-0.230009579023,-195.849693573,-536.643247442
600,0.410714285714,1764,-8.43455099772,113.746543948,24.4248116061,12733468.4506,-6.38973217066,7.11386494804,-0.24906313165,0.0469461001017,-1168.17753148,-396.111961467,-140.695275369,0.998133152986,-0.0858142851014,-0.238479115091,-200.169908853,-556.27501499
600.5,0.410714285714,1764,3.38915256492,114.971056143,24.4337801749,12738144.0645,-6.38186667037,7.11386494804,-0.248239136689,0.0468628750619,-1165.05435891,-415.968958137,56.4566533881,0.998224294422,-0.0856341862937,-0.237666960642,-199.896530971,-554.787789958
601,0.410714285714,1764,14.4587536922,110.639390535,24.4417851406,12742317.3199,-6.47622240946,7.11386494804,-0.258394420355,0.047861255311,-1214.93636476,-352.828923664,247.171373303,0.998215382202,-0.0878225323219,-0.247680396978,-205.13915257,-578.541126075
601.5,0.410714285714,1764,22.311213908,101.715363159,24.4626127479,12753175.4459,-6.45112992611,7.11386494804,-0.255720080664,0.0475957511666,-1204.04709555,-199.302150343,379.559118079,0.998320375132,-0.0872479109031,-0.2450426845,-204.144401812,-573.355759787
602,0.410714285714,1764,25.1993237674,90.1846122081,24.4964395812,12770810.5017,-6.31221101667,7.11386494804,-0.240757097585,0.0461258469854,-1134.71181831,-3.03208570728,413.875713913,0.998292861415,-0.0840000629722,-0.230294514086,-197.088962101,-540.338961101
602.5,0.410714285714,1764,22.4804652006,78.6127841698,24.5421327159,12794631.8559,-6.01277074567,7.11386494804,-0.20848658181,0.0429574625795,-981.934638,171.53184937,338.635521456,0.998135177131,-0.0767550759569,-0.198546359072,-180.762551895,-467.587922857
603,0.410714285714,1764,14.7595970663,69.5746653775,24.5832253686,12816054.8255,-5.6651141358,7.11386494804,-0.171000313958,0.0392788999812,-802.739091581,273.202904063,197.419765984,0.997763757033,-0.0679270720017,-0.161770987037,-160.508256504,-382.256710277
603.5,0.410714285714,1764,3.7546489504,65.0812799033,24.5970107673,12823241.6134,-5.36446262956,7.11386494804,-0.138581823501,0.0360976994673,-646.109480108,294.420600569,44.3620697457,0.997276815225,-0.0599352455003,-0.130060493842,-141.782852133,-307.671181004
604,0.410714285714,1764,-8.08572627098,66.1324272145,24.5697836356,12809047.202,-5.31590572381,7.11386494804,-0.133296570856,0.035583917729,-619.093880775,275.130737716,-93.2072923332,0.996805973143,-0.0586047316373,-0.124898664655,-138.328638704,-294.806609893
604.5,0.410714285714,1764,-18.1269892494,72.4942220753,24.5219480756,12784108.9301,-5.49565258933,7.11386494804,-0.152606882292,0.037485823454,-709.850896727,217.603115121,-225.324995291,0.996725525194,-0.0634422015257,-0.143767640826,-149.164315501,-338.024236537
605,0.410714285714,1764,-24.1349115987,82.7511351147,24.478707679,12761566.27,-5.77615773842,7.11386494804,-0.182811980522,0.0404538548987,-852.87552919,100.156106946,-333.467215276,0.997017177251,-0.0707676781556,-0.17334552295,-165.801584437,-406.131204376
605.5,0.410714285714,1764,-24.7727022511,94.6209547905,24.4495516047,12746366.2366,-6.04126869019,7.11386494804,-0.211406610852,0.043258999987,-988.621616487,-69.6947803439,-373.630152248,0.997438974249,-0.0774339163968,-0.201415204946,-180.987999675,-470.772198327
606,0.410714285714,1764,-19.8984497777,105.462590224,24.4308006848,12736590.757,-6.26383960338,7.11386494804,-0.235433399371,0.045614027947,-1102.94193936,-249.093925217,-320.553211911,0.997800991789,-0.0828342562207,-0.225051129927,-193.313478482,-525.210447313
606.5,0.410714285714,1764,-10.5966983499,112.863726382,24.4241394421,12733118.0291,-6.38954421983,7.11386494804,-0.249029168724,0.0469441113896,-1167.94914595,-381.335680584,-176.738433169,0.998078118922,-0.0858077226649,-0.238445614765,-200.143585105,-556.166259977
607,0.410714285714,1764,1.06286845487,115.177575551,24.4325302169,12737492.4198,-6.37053964924,7.11386494804,-0.247019706799,0.0467430235904,-1159.0441533,-418.068721916,17.6487229911,0.9982240818,-0.0853692308205,-0.236465093049,-199.257655001,-551.925787285
607.5,0.410714285714,1764,12.4859420139,111.889295375,24.4399539629,12741362.666,-6.45298680343,7.11386494804,-0.255889778319,0.0476153988284,-1202.63822615,-371.854481246,212.110687479,0.998202496425,-0.0872860739065,-0.245210004192,-203.855523828,-572.684869594
608,0.410714285714,1764,21.1308345675,103.730543707,24.4581220013,12750834.27,-6.45410572324,7.11386494804,-0.256033930518,0.0476272381446,-1205.12536673,-233.680021283,359.625516438,0.99829490755,-0.0873156564144,-0.245352203037,-204.227910803,-573.869222255
608.5,0.410714285714,1764,25.0740167367,92.516681284,24.4901877906,12767551.2348,-6.33217011028,7.11386494804,-0.242906680604,0.0463370346147,-1144.56158947,-41.5447115405,413.915261779,0.998296139734,-0.0844710293625,-0.232412180097,-198.092838236,-545.02932832
609,0.410714285714,1764,23.4381118854,80.7428454023,24.5314898668,12789083.3839,-6.09684966365,7.11386494804,-0.217542103465,0.0438471035476,-1025.06432239,143.076027764,362.252991614,0.998158394765,-0.0788217361244,-0.207447027416,-185.468689655,-488.125867804
609.5,0.410714285714,1764,16.587116561,71.0287700928,24.5765684939,12812584.3748,-5.73178056047,7.11386494804,-0.178193193196,0.0399842989565,-837.257247898,260.067561105,227.384886003,0.997872461307,-0.0696550643302,-0.16881863131,-164.502288388,-398.69392757
610,0.410714285714,1764,6.04540954547,65.535882942,24.5983359064,12823932.4526,-5.39729650514,7.11386494804,-0.142127083561,0.0364451154613,-663.38715789,293.371868312,72.4961006711,0.99737492201,-0.0608249770265,-0.13352406709,-143.903105573,-315.898646614
610.5,0.410714285714,1764,-5.84142961556,65.4863772558,24.577846719,12813250.7562,-5.29890804079,7.11386494804,-0.131476417549,0.0354040648533,-610.686980887,280.531979763,-66.8488632544,0.99685967332,-0.0581422326126,-0.123121797284,-137.327060642,-290.803324232
611,0.410714285714,1764,-16.4285231279,70.8912682829,24.5299332506,12788271.868,-5.48003546366,7.11386494804,-0.150923882141,0.0373205782874,-702.18172427,236.122586651,-203.003811725,0.996697072123,-0.0630256632791,-0.142121812303,-148.28148104,-334.372249652
611.5,0.410714285714,1764,-23.3601927361,80.54794227,24.4845937936,12764634.8977,-5.75142196584,7.11386494804,-0.180147885254,0.0401921251192,-840.429256194,129.488522084,-320.023101785,0.996992504017,-0.0701331895751,-0.17073372017,-164.394072635,-400.204407712
612,0.410714285714,1764,-25.0941092497,92.307743696,24.4532331504,12748285.5491,-6.01239666083,7.11386494804,-0.208293492104,0.0429535043792,-973.899437545,-34.4959229317,-375.104245861,0.997403394909,-0.0767206205459,-0.198356065635,-179.374804882,-463.761636926
612.5,0.410714285714,1764,-21.2444680637,103.554061262,24.433489345,12737992.4452,-6.22939252299,7.11386494804,-0.231717910947,0.0452495425958,-1085.25354426,-216.225768641,-338.90959674,0.997763265593,-0.0820108868105,-0.221393147597,-191.434078212,-516.787402027
613,0.410714285714,1764,-12.6678325044,111.78453625,24.4231965777,12732626.4825,-6.39226692608,7.11386494804,-0.249311909461,0.0469729204072,-1169.22391912,-363.570292348,-211.418205746,0.998036801023,-0.0858696215599,-0.238724300279,-200.272498714,-556.773294819
613.5,0.410714285714,1764,-1.27254444733,115.167849146,24.4302270188,12736291.6858,-6.37709158252,7.11386494804,-0.247725799802,0.0468123497474,-1162.23603926,-418.579388429,-21.1643384154,0.99822716027,-0.0855226639423,-0.237161004232,-199.578145595,-553.445732982
614,0.410714285714,1764,10.405890753,112.951196867,24.4386899122,12740703.6742,-6.42283990421,7.11386494804,-0.252646361442,0.0472964137931,-1186.82907473,-386.736115117,175.343089401,0.998209957395,-0.0865880658795,-0.242011655825,-202.204416975,-565.156702255
614.5,0.410714285714,1764,19.7689661669,105.627795004,24.4537987928,12748580.4373,-6.45450892003,7.11386494804,-0.256068765996,0.0476315043791,-1204.8680059,-265.89956925,336.359645547,0.998261488175,-0.087323623338,-0.245386547992,-204.174346422,-573.746669478
615,0.410714285714,1764,24.7333533407,94.8271350224,24.4842571617,12764459.4003,-6.3470773857,7.11386494804,-0.244511703883,0.0464947688394,-1151.79158618,-79.9771805521,409.78838516,0.998296583601,-0.0848217575414,-0.233993603145,-198.819001782,-548.472183897
615.5,0.410714285714,1764,24.1944527068,82.9524147243,24.5250168024,12785708.7596,-6.12249966716,7.11386494804,-0.220306997187,0.0441185068258,-1037.95138934,109.732253573,376.712266061,0.998175612104,-0.0794474240201,-0.21016594032,-186.842300072,-494.262566353
616,0.410714285714,1764,18.2721721987,72.6458153997,24.5711074872,12809737.37,-5.77209720711,7.11386494804,-0.182537773601,0.0404108903235,-857.997770466,241.331985347,254.097769205,0.997904932493,-0.0706912559941,-0.17307751204,-166.875245992,-408.570366889
616.5,0.410714285714,1764,8.28424717019,66.200604024,24.5967553015,12823108.4305,-5.45302323707,7.11386494804,-0.148129725317,0.0370347612956,-692.445418542,292.394251731,101.778476014,0.997433154956,-0.0623234868342,-0.13939071725,-147.429414776,-329.735913591
617,0.410714285714,1764,-3.54696193791,65.050870536,24.5844563844,12816696.5951,-5.30177248721,7.11386494804,-0.131796238501,0.0354343736269,-612.565331896,286.064168506,-40.6691030624,0.996949529265,-0.0582225651867,-0.123434096668,-137.590773539,-291.697777093
617.5,0.410714285714,1764,-14.5889552806,69.4524360612,24.5401544253,12793600.507,-5.43313807384,7.11386494804,-0.145883708458,0.0368243559254,-678.40224756,249.058389109,-176.833697259,0.99670187764,-0.0617718687894,-0.1371944817,-145.452798113,-323.048689314
618,0.410714285714,1764,-22.3848372442,78.425931504,24.4936982986,12769381.3797,-5.67028217516,7.11386494804,-0.171410927189,0.0393335831247,-798.880076847,153.933188254,-297.714616667,0.996917651065,-0.0680365019813,-0.162172350046,-159.5980065,-380.419084213
618.5,0.410714285714,1764,-25.1999873116,89.9747117925,24.4577377973,12750633.9716,-5.98082432385,7.11386494804,-0.204873035376,0.0426194367543,-957.753505791,0.374269863804,-372.964189255,0.99728450164,-0.0759344289631,-0.19499574229,-177.602084307,-456.073097996
619,0.410714285714,1764,-22.4080213113,101.529118826,24.435613854,12739100.0225,-6.20548026008,7.11386494804,-0.229135312326,0.0449965263911,-1072.97938824,-182.665137852,-355.028373238,0.997721538833,-0.081436206549,-0.218851143485,-190.125688461,-510.942565831
619.5,0.410714285714,1764,-14.6301648504,110.518242528,24.4224652821,12732245.2337,-6.39737480861,7.11386494804,-0.249854415503,0.04702696703,-1171.77290806,-342.886535561,-244.489094684,0.998007782793,-0.0859875865383,-0.239259063644,-200.535617077,-557.987099075
620,0.410714285714,1764,-3.59702768677,114.941960465,24.4276705672,12734958.9224,-6.38909947906,7.11386494804,-0.249019916792,0.0469394055773,-1168.24251516,-416.097411205,-60.0078694944,0.99823292614,-0.0858034611961,-0.238436559282,-200.191518287,-556.305959599
620.5,0.410714285714,1764,8.23646510761,113.815974524,24.4362977161,12739456.5427,-6.41811151356,7.11386494804,-0.252140788287,0.0472463825827,-1184.15270783,-400.722969026,138.585164712,0.998223578614,-0.0864787797101,-0.241513184827,-201.909672999,-563.882241826
621,0.410714285714,1764,18.2373055568,107.390821891,24.4492060952,12746186.111,-6.46833066604,7.11386494804,-0.257555398647,0.0477777525921,-1211.61223358,-296.865221087,311.31488668,0.998256207813,-0.087642383454,-0.246852809661,-204.842685151,-576.958206465
621.5,0.410714285714,1764,24.1802594778,97.0961293383,24.4769293947,12760639.1911,-6.38444712501,7.11386494804,-0.248538701722,0.0468901789119,-1170.6255998,-118.713809016,404.520629311,0.998311753595,-0.0856979307619,-0.237962265486,-200.752500451,-557.440761808
622,0.410714285714,1764,24.7429915851,85.2225145295,24.5168014098,12781425.8017,-6.17109158189,7.11386494804,-0.225547409718,0.044632658995,-1062.69778361,75.4397818448,390.708856968,0.998218309278,-0.0806265207324,-0.215320859264,-189.488254381,-506.046563626
622.5,0.410714285714,1764,19.8002913298,74.4119127775,24.5631921948,12805610.8642,-5.83508315205,7.11386494804,-0.189327674649,0.0410773460579,-890.434782922,221.558084652,281.427384898,0.997965565916,-0.0722985605632,-0.179736570813,-170.559541904,-424.016563296
623,0.410714285714,1764,10.4519328379,67.0697339756,24.5949048553,12822143.7312,-5.50210134972,7.11386494804,-0.153422637586,0.0375540579363,-718.047790953,287.601032575,131.092533919,0.99752248408,-0.0636349258986,-0.144566279599,-150.509042818,-341.927519502
623.5,0.410714285714,1764,-1.22203002155,64.8296475466,24.5901592178,12819669.6722,-5.30866099967,7.11386494804,-0.132547196968,0.0355072611359,-616.489847784,289.676065293,-14.0638812654,0.997027328683,-0.0584124097522,-0.12416728798,-138.103460806,-293.566594183
624,0.410714285714,1764,-12.6240854358,68.1900832897,24.550921236,12799213.6044,-5.37070407006,7.11386494804,-0.139174420499,0.0361637402931,-646.552290817,257.388994026,-148.982717081,0.996713416491,-0.0600903686079,-0.130638750124,-141.617593929,-307.882043246
624.5,0.410714285714,1764,-21.2172222815,76.4033283978,24.503085705,12774275.3476,-5.59783861457,7.11386494804,-0.163605789174,0.0385670561412,-761.813461508,175.936533112,-274.54399427,0.996816224407,-0.0661433751253,-0.154529369369,-155.276118973,-362.768315004
625,0.410714285714,1764,-25.0894270688,87.641897085,24.4641291404,12753965.9919,-5.90892056954,7.11386494804,-0.19711818946,0.0418586214734,-920.832662311,34.0915819373,-362.723040301,0.997175508443,-0.0741360369309,-0.18738082302,-173.486483835,-438.491743958
625.5,0.410714285714,1764,-23.3791159641,99.4051547961,24.4380270698,12740358.1124,-6.1800222582,7.11386494804,-0.22637410287,0.0447271546867,-1059.86653337,-147.91543931,-367.684773242,0.997624659648,-0.0808201710863,-0.216133876942,-188.724727046,-504.698349226
626,0.410714285714,1764,-16.4668412571,109.075721193,24.4226307003,12732331.4718,-6.38829168109,7.11386494804,-0.248869030124,0.0469308582484,-1167.03157331,-317.994364545,-274.504049873,0.997976584697,-0.0857744735189,-0.238287723778,-200.041316185,-555.729320623
626.5,0.410714285714,1764,-5.89061668149,114.501849626,24.4260272463,12734102.2044,-6.39369495126,7.11386494804,-0.249512068185,0.0469880303745,-1170.46191395,-409.209060729,-98.3800715501,0.998222664422,-0.0859102900693,-0.238921680114,-200.413797474,-557.362816165
627,0.410714285714,1764,5.99629789702,114.476200921,24.4353639042,12738969.7154,-6.39373780486,7.11386494804,-0.249518208485,0.0469884838095,-1171.38657178,-409.099175657,100.223091589,0.998228773491,-0.0859115315192,-0.238927735369,-200.569938272,-557.803129418
627.5,0.410714285714,1764,16.5490079035,109.004482035,24.4440931461,12743520.5602,-6.49540202062,7.11386494804,-0.260462633516,0.0480641952186,-1225.17586899,-326.574948706,284.379831944,0.998228821887,-0.0882639702084,-0.249720687735,-206.209218294,-583.417080471
628,0.410714285714,1764,23.419485575,99.3041762345,24.4684000331,12756192.5506,-6.44226907324,7.11386494804,-0.254771415984,0.0475019942783,-1200.01776987,-157.98734296,397.668982859,0.998341207409,-0.0870437737739,-0.244107138998,-203.76313472,-571.437033269
628.5,0.410714285714,1764,25.0790172153,87.5336473259,24.5069354709,12776282.3588,-6.24187731282,7.11386494804,-0.233182722777,0.0453816444447,-1098.90045326,39.7356826877,404.050840192,0.998283075212,-0.0823288359187,-0.222835451916,-193.333336816,-523.285930126
629,0.410714285714,1764,21.158349205,76.3118935233,24.5533369712,12800473.0076,-5.91841427156,7.11386494804,-0.198313260152,0.0419590745532,-933.371598688,200.055669753,309.23544672,0.998051842031,-0.0744030826865,-0.188554751667,-175.38350108,-444.462666042
629.5,0.410714285714,1764,12.5298486737,68.1358079908,24.590142279,12819660.8415,-5.57384089668,7.11386494804,-0.161158714327,0.0383131357353,-755.348576327,282.312626429,161.786654927,0.9976375987,-0.0655359011031,-0.152135049348,-154.945196041,-359.689798251
630,0.410714285714,1764,1.11339769796,64.8246083334,24.5942828407,12821819.4543,-5.3281847441,7.11386494804,-0.134661503458,0.0357138423255,-626.949945937,292.483935008,12.9352879289,0.997138809179,-0.0589470320306,-0.126231717337,-139.414205212,-298.547593303
630.5,0.410714285714,1764,-10.5507895185,67.1150520967,24.5598699665,12803878.8759,-5.33846309462,7.11386494804,-0.135713300497,0.0358225977892,-630.281468029,266.345113474,-122.794740168,0.996745985337,-0.059217104444,-0.127258370984,-139.661290696,-300.134032395
631,0.410714285714,1764,-19.8673762895,74.4975047373,24.5118486502,12778843.763,-5.53942639612,7.11386494804,-0.15731807062,0.0379489951121,-732.001270903,196.068600827,-251.273656607,0.996763051135,-0.0646039092258,-0.148375997002,-151.770613057,-348.572033763
631.5,0.410714285714,1764,-24.7633781039,85.329335713,24.4715369268,12757827.9178,-5.83292823276,7.11386494804,-0.188929027965,0.0410545448072,-881.875139967,65.8156607272,-348.947813758,0.997085661983,-0.0722158603629,-0.179344703766,-169.095417738,-419.940542841
632,0.410714285714,1764,-24.1494114592,97.2004115283,24.443973037,12743457.9433,-6.10254643448,7.11386494804,-0.218015688169,0.0439073812111,-1020.04584863,-110.657865657,-371.134666184,0.997519460972,-0.0789379543258,-0.207912235762,-184.419235298,-485.736118397
632.5,0.410714285714,1764,-18.1620868303,107.469361808,24.4270150412,12734617.1748,-6.31948105175,7.11386494804,-0.241439820304,0.0462027713941,-1131.58325971,-285.823066038,-297.157011265,0.997879700861,-0.0841557748459,-0.230966855789,-196.336696796,-538.849171289
633,0.410714285714,1764,-8.13361219484,113.851296666,24.4238618515,12732973.3119,-6.40607902161,7.11386494804,-0.250825382662,0.0471190665083,-1176.59555369,-399.59679306,-136.267868138,0.998143656063,-0.0861957432685,-0.240216304315,-201.044059944,-560.283596995
633.5,0.410714285714,1764,3.7046295275,114.926205489,24.4335929243,12738046.4445,-6.38777443679,7.11386494804,-0.248879714614,0.0469253852746,-1168.13163366,-415.888120743,61.8109087217,0.998242723265,-0.0857729140652,-0.238298366218,-200.217295456,-556.253158887
634,0.410714285714,1764,14.7185737019,110.454915991,24.441713313,12742279.8739,-6.48161782314,7.11386494804,-0.258976979999,0.0479183443075,-1217.74807708,-350.168741032,251.968007366,0.99822207889,-0.0879469680154,-0.248255059782,-205.428606713,-579.880036703
634.5,0.410714285714,1764,22.4575657869,101.43231118,24.462991848,12753373.0834,-6.45170577121,7.11386494804,-0.255783583474,0.0476018441969,-1204.3921618,-194.523089329,382.120028641,0.998326252775,-0.0872614586912,-0.245105314044,-204.182429529,-573.520077049
635,0.410714285714,1764,25.1996435319,89.8659631961,24.4974652382,12771345.2109,-6.30578767509,7.11386494804,-0.240065716701,0.0460578814602,-1131.45093178,2.19763653754,413.167546132,0.998293496125,-0.0838482478871,-0.229613475445,-196.749233667,-538.786157992
635.5,0.410714285714,1764,22.3346817017,78.3294390331,24.5434535984,12795320.476,-5.99963460666,7.11386494804,-0.207071016973,0.04281846879,-975.161368522,175.073676551,335.049433457,0.998127664699,-0.076429718722,-0.197155586874,-180.015692867,-464.362556439
636,0.410714285714,1764,14.5001478202,69.3896697457,24.5841086555,12816515.3124,-5.6528637384,7.11386494804,-0.169679199904,0.0391492782441,-796.375371195,274.401628611,193.051936959,0.997746458438,-0.0676078755077,-0.160477014044,-159.765491513,-379.226367236
636.5,0.410714285714,1764,3.43926263844,65.0357961773,24.5968062407,12823134.9868,-5.35786990004,7.11386494804,-0.137870249718,0.0360279416444,-642.645960162,294.071826797,40.5136191847,0.997258540671,-0.0597561691951,-0.129365445849,-141.356878298,-306.021885791
637,0.410714285714,1764,-8.38687470642,66.2365757379,24.5697036949,12809005.5263,-5.30082796272,7.11386494804,-0.131674291602,0.0354243795915,-611.239496891,272.004631754,-95.9991599247,0.996795122805,-0.0581931583027,-0.123314889876,-137.356281025,-291.066427091
637.5,0.410714285714,1764,-18.3468928607,72.7248293103,24.5206487166,12783431.5309,-5.49972371358,7.11386494804,-0.153040614968,0.0375289001135,-711.869723503,215.077886687,-228.420952512,0.996700293541,-0.0635497711115,-0.144191798537,-149.401397335,-338.98558262
638,0.410714285714,1764,-24.2246407947,83.0568898636,24.4778666339,12761127.8051,-5.78150902156,7.11386494804,-0.183388539841,0.040510476949,-855.598155858,96.1106724468,-335.331929183,0.997023588391,-0.070904683314,-0.173910842594,-166.111158646,-407.427693266
638.5,0.410714285714,1764,-24.7122918626,94.9338251791,24.448868685,12746010.2078,-6.04756778619,7.11386494804,-0.212085816058,0.0433256508669,-991.84269696,-74.5585922051,-373.445273098,0.997446630612,-0.0775891322768,-0.202082735405,-181.34065841,-472.306046171
639,0.410714285714,1764,-19.701341401,105.712961115,24.4302870621,12736322.9884,-6.26965422579,7.11386494804,-0.23606102438,0.0456755526007,-1105.92424921,-253.540219884,-317.89567824,0.997809167944,-0.0829728820273,-0.225669147614,-193.628853043,-526.630594864
639.5,0.410714285714,1764,-10.3067495288,112.995889071,24.4239090619,12732997.9243,-6.39274111647,7.11386494804,-0.249374999386,0.0469779378266,-1169.59684594,-383.867381987,-172.049227853,0.998085037045,-0.0858825925126,-0.238786509805,-200.314437493,-556.950879021
640,0.410714285714,1764,1.38114273978,115.162123216,24.4326202039,12737539.333,-6.37109606757,7.11386494804,-0.247080500972,0.0467489110656,-1159.34638138,-417.879663907,22.9373117266,0.998227696063,-0.0853823988875,-0.236525010531,-199.289858167,-552.069705418
640.5,0.410714285714,1764,12.7617242326,111.729666233,24.4398721547,12741320.0167,-6.45703742576,7.11386494804,-0.256325989584,0.0476582585565,-1204.74014383,-369.536066901,217.026682746,0.998203130832,-0.0873796710893,-0.245640215814,-204.072752669,-573.685782774
641,0.410714285714,1764,21.3027618752,103.462255995,24.4585616574,12751063.4774,-6.45190917625,7.11386494804,-0.255798593221,0.0476039964304,-1204.02864328,-228.989545366,362.354553241,0.998299365424,-0.0872650759989,-0.245120107868,-204.116943351,-573.34697299
641.5,0.410714285714,1764,25.1038344964,92.1994302851,24.4907666616,12767853.0196,-6.32958458393,7.11386494804,-0.242627735279,0.0463096771009,-1143.26220344,-36.2831096959,414.127779813,0.998293720285,-0.0844100249429,-0.232137355479,-197.959134827,-544.410573067
642,0.410714285714,1764,23.3191855048,80.4472209596,24.5320188037,12789359.1363,-6.09514106733,7.11386494804,-0.217357529065,0.0438290248506,-1024.21171199,147.573128148,360.239165615,0.998155397824,-0.0787799066089,-0.207265542663,-185.378258023,-487.719862854
642.5,0.410714285714,1764,16.3459077209,70.8205500397,24.5772958488,12812963.5692,-5.72416686477,7.11386494804,-0.177373465471,0.0399037382669,-833.322197371,262.196789124,223.460241487,0.997870286893,-0.0694588382177,-0.168015250422,-164.048576784,-396.820093986
643,0.410714285714,1764,5.73558835075,65.4613972225,24.5981434289,12823832.1076,-5.39170458703,7.11386494804,-0.141524040591,0.0363859472469,-660.449414007,293.529402439,68.6087890372,0.997363832183,-0.0606738578348,-0.132934849447,-143.543332976,-314.499720956
643.5,0.410714285714,1764,-6.15092648731,65.562199294,24.5766964658,12812651.0908,-5.29957407642,7.11386494804,-0.131546818009,0.0354111121916,-610.970610271,279.724574013,-70.4058974925,0.996850567414,-0.0581602118149,-0.123190510822,-137.356668406,-290.938385843
644,0.410714285714,1764,-16.6688311625,71.1005273175,24.5285901458,12787571.6627,-5.48530691783,7.11386494804,-0.151490666772,0.0373763556655,-704.842822745,234.031698875,-206.409720565,0.996698189877,-0.0631661364003,-0.142676043168,-148.59570072,-335.639439402
644.5,0.410714285714,1764,-23.4778422622,80.8440771787,24.4837898815,12764215.7915,-5.75340663572,7.11386494804,-0.180362784618,0.040213124957,-841.410993486,125.514920671,-321.848443524,0.99700084643,-0.070184374527,-0.170944385887,-164.503248601,-400.67190166
645,0.410714285714,1764,-25.0629226926,92.6248630643,24.4526968328,12748005.9488,-6.01533781363,7.11386494804,-0.20861045238,0.0429846247848,-975.385719992,-39.2716871783,-374.976993334,0.997406261061,-0.0767933953028,-0.19866749419,-179.537078544,-464.469390472
645.5,0.410714285714,1764,-21.0713845795,103.821604534,24.4333681718,12737929.2736,-6.22869936067,7.11386494804,-0.231644221654,0.0452422082294,-1084.88722119,-220.447457444,-336.077706744,0.997767127554,-0.0819944471207,-0.221320612399,-191.393805457,-516.61296247
646,0.410714285714,1764,-12.391363985,111.942973786,24.422661308,12732347.4286,-6.39986777382,7.11386494804,-0.250129792924,0.0470533451523,-1173.1212819,-366.954074169,-207.221753215,0.998035963737,-0.086046804125,-0.23953053688,-200.676942555,-558.629181855
646.5,0.410714285714,1764,-0.954206442538,115.181927846,24.4304213809,12736393.0132,-6.37532380382,7.11386494804,-0.24753762073,0.0467936448402,-1161.34562327,-418.619358282,-15.8625380503,0.998235735775,-0.0854816517484,-0.236975539009,-199.48561246,-553.021725369
647,0.410714285714,1764,10.6952665352,112.817784155,24.4385987804,12740656.1642,-6.42654929554,7.11386494804,-0.253045169564,0.0473356629482,-1188.74858033,-384.867168544,180.39687466,0.99820794635,-0.086674088465,-0.242404878695,-202.403791322,-566.070752537
647.5,0.410714285714,1764,19.9649922497,105.376575837,24.4542200024,12748800.0279,-6.45304582486,7.11386494804,-0.255912314953,0.0476160233354,-1204.15188,-261.533418419,339.57577598,0.99826562323,-0.0872899841162,-0.245232251745,-204.102724449,-573.405657141
648,0.410714285714,1764,24.7924129958,94.5140068502,24.4849565581,12764824.0189,-6.34272075692,7.11386494804,-0.244042275979,0.0464486712499,-1149.58045621,-74.7031096494,410.294093022,0.998294972561,-0.084719284582,-0.233531056491,-198.590154056,-547.41926486
648.5,0.410714285714,1764,24.1034048824,82.6470500426,24.5258312783,12786133.3731,-6.11739783111,7.11386494804,-0.219756695378,0.0440645241809,-1035.34732031,114.315287811,374.732275118,0.998170591288,-0.0793231075902,-0.209624741043,-186.562326914,-493.022533481
649,0.410714285714,1764,18.0512754652,72.416159291,24.571883048,12810141.6957,-5.76531125974,7.11386494804,-0.181806314022,0.040339088058,-854.496629538,243.939083667,250.423765143,0.997898499556,-0.0705172320072,-0.172360371994,-166.474950067,-406.903156923
649.5,0.410714285714,1764,7.98265209303,66.0977560559,24.5970666984,12823270.7721,-5.44334998759,7.11386494804,-0.147087768398,0.03693240842,-687.402919564,292.443437744,97.6675757249,0.997423411125,-0.0620641850476,-0.138372147987,-146.819740487,-327.334723602
650,0.410714285714,1764,-3.86214903121,65.0977148667,24.583349535,12816119.5576,-5.30333843776,7.11386494804,-0.131962551758,0.0354509429857,-613.315744224,285.709225269,-44.3112590541,0.996934047607,-0.0582649580859,-0.123596436373,-137.678557806,-292.055116297
650.5,0.410714285714,1764,-14.8476037748,69.638549606,24.5386252245,12792803.2837,-5.44244146008,7.11386494804,-0.146884096677,0.0369227952695,-683.152263737,247.768283497,-180.673047849,0.996704502927,-0.062021324228,-0.138172305504,-146.021984899,-325.310601779
651,0.410714285714,1764,-22.529396629,78.7099031212,24.4923608498,12768684.123,-5.68253802092,7.11386494804,-0.172731155889,0.0394632625111,-805.163069475,150.842503545,-301.006326816,0.996932591046,-0.0683548371904,-0.163465646347,-160.327237399,-383.410985464
651.5,0.410714285714,1764,-25.1982924419,90.2933564575,24.4572548204,12750382.1797,-5.98218354059,7.11386494804,-0.205022956183,0.0426338186579,-958.439022289,-4.3435197759,-373.093138946,0.997302675176,-0.0759687923039,-0.195143018454,-177.675438829,-456.399534423
652,0.410714285714,1764,-22.2604493036,101.811536598,24.4352132886,12738891.1945,-6.20760457485,7.11386494804,-0.229364299335,0.0450190038146,-1074.04909244,-187.250922174,-352.899864091,0.997723345389,-0.081487273228,-0.219076509046,-190.238674491,-511.451948779
652.5,0.410714285714,1764,-14.3695511727,110.70159412,24.4223395886,12732179.7055,-6.39696050302,7.11386494804,-0.249810472397,0.047022583253,-1171.54870506,-345.908575582,-240.104745033,0.998010371896,-0.0859780313227,-0.239215746941,-200.511268986,-557.880335742
653,0.410714285714,1764,-3.2813601118,114.985449282,24.4278707114,12735063.2642,-6.38671548753,7.11386494804,-0.248763156517,0.046914180508,-1167.02161289,-416.559261174,-54.7070788442,0.998232458923,-0.0857477818335,-0.238183471895,-200.064888876,-555.724577567
653.5,0.410714285714,1764,8.53694905506,113.7099241,24.4363338552,12739475.3832,-6.41951109718,7.11386494804,-0.25229077414,0.0472611916093,-1184.88126343,-399.089278266,143.69530761,0.998220879742,-0.0865111898967,-0.241661062174,-201.985941371,-564.229173062
654,0.410714285714,1764,18.4557467807,107.158828945,24.4497273615,12746457.8645,-6.46389628115,7.11386494804,-0.25707841546,0.0477308322634,-1209.35464302,-292.575983516,314.689789332,0.998257771873,-0.0875401882303,-0.246382344109,-204.612553306,-575.883163344
654.5,0.410714285714,1764,24.2680537754,96.7898133962,24.477843105,12761115.5388,-6.37707172687,7.11386494804,-0.247743449896,0.0468121396544,-1166.85675249,-113.369034486,405.201979028,0.998306896381,-0.0855253390013,-0.237178434462,-200.363152041,-555.646072614
655,0.410714285714,1764,24.6806043109,84.910032333,24.5178946504,12781995.7444,-6.16267266411,7.11386494804,-0.224639216618,0.044543578232,-1058.38221848,80.1781722722,388.773735647,0.998209934815,-0.0804228145079,-0.214427327808,-189.026361308,-503.991532609
655.5,0.410714285714,1764,19.6016039466,74.1627930897,24.5643069314,12806192.0135,-5.82478144078,7.11386494804,-0.188216995767,0.0409683434136,-885.117449167,224.303794983,277.619290945,0.997955143067,-0.0720366467991,-0.178647037971,-169.957086186,-421.484499603
656,0.410714285714,1764,10.1611542259,66.9394071022,24.5952123429,12822304.0348,-5.49356306426,7.11386494804,-0.152501906989,0.0374637141411,-713.593004333,288.208789118,126.993003539,0.997508010797,-0.0634074207599,-0.143665794485,-149.974698601,-339.80619254
656.5,0.410714285714,1764,-1.54020024932,64.847111832,24.5894030435,12819275.4533,-5.30622543439,7.11386494804,-0.132283533798,0.0354814903635,-615.173942826,289.126374688,-17.7042298843,0.997013883368,-0.0583456346792,-0.123909872029,-137.937101819,-292.939972774
657,0.410714285714,1764,-12.8988529026,68.3514528479,24.54840656,12797902.6199,-5.39266131266,7.11386494804,-0.141534006512,0.0363960703829,-657.826051692,257.952925406,-153.69608026,0.996709339552,-0.0606833538997,-0.132943896054,-142.985812541,-313.250500806
657.5,0.410714285714,1764,-21.3874499296,76.6726977407,24.5017420768,12773574.8694,-5.6063694542,7.11386494804,-0.164528781884,0.0386573211519,-766.183969178,173.017576979,-277.655949612,0.996852126506,-0.0663679707701,-0.155432946966,-155.786286178,-364.849509132
658,0.410714285714,1764,-25.1172384434,87.9593302631,24.4633097328,12753538.8074,-5.91591346332,7.11386494804,-0.197872772601,0.0419326134436,-924.4109886,29.5703632433,-363.961816555,0.997188483148,-0.0743118368075,-0.18812158068,-173.886225928,-440.195708857
658.5,0.410714285714,1764,-23.2583229031,99.7000214296,24.4369551622,12739799.2912,-6.19251595152,7.11386494804,-0.227720443369,0.0448593507436,-1066.26955919,-153.107941494,-367.116090223,0.997634194697,-0.081121379709,-0.217458693621,-189.41146793,-507.747409137
659,0.410714285714,1764,-16.2243207865,109.282412064,24.4221136496,12732061.916,-6.39384077812,7.11386494804,-0.249470090723,0.046989573372,-1169.88376505,-321.913783498,-270.85991481,0.997991934627,-0.0859045576301,-0.238880206693,-200.33621256,-557.087507165
659.5,0.410714285714,1764,-5.58033075022,114.574375042,24.4260602835,12734119.4278,-6.39252856244,7.11386494804,-0.249388071594,0.0469756887876,-1169.86630369,-410.292623233,-93.1689427737,0.998228938175,-0.0858833282159,-0.238799454617,-200.351442115,-557.079192232
660,0.410714285714,1764,6.30530920542,114.398423634,24.435361958,12738968.7008,-6.39549377036,7.11386494804,-0.249706913062,0.0470070637209,-1172.29835709,-407.99328082,105.438114687,0.998227455909,-0.0859524338093,-0.239113750321,-200.665397211,-558.237312899
660.5,0.410714285714,1764,16.787988115,108.793707858,24.4461935119,12744615.5509,-6.46998924153,7.11386494804,-0.257727394636,0.0477953020176,-1212.146106,-320.869874733,286.62569857,0.998230804222,-0.087679582119,-0.247022451854,-204.87912901,-577.212431431
661,0.410714285714,1764,23.5352604651,99.0073034167,24.4695049926,12756768.6028,-6.43199845694,7.11386494804,-0.253658610553,0.0473933206506,-1194.73116607,-152.540087611,398.573305151,0.99831356796,-0.0868047158851,-0.243009791676,-203.221870814,-568.919602891
661.5,0.410714285714,1764,25.0458263247,87.2167314697,24.5082869207,12776986.9147,-6.2303524642,7.11386494804,-0.231939329722,0.0452596997559,-1092.98468635,44.6961813655,402.207973712,0.998271685979,-0.0820528911408,-0.221611407986,-192.706585998,-520.468898261
662,0.410714285714,1764,20.9835776635,76.0454499019,24.5556690647,12801688.8057,-5.88993653109,7.11386494804,-0.195245386364,0.0416577509252,-918.639057872,202.025928357,303.788135621,0.998037960176,-0.0736872276088,-0.185543314608,-173.729079278,-437.447170415
662.5,0.410714285714,1764,12.2523839738,67.979121567,24.5905591264,12819878.1579,-5.56792625972,7.11386494804,-0.160516098843,0.0382505528254,-752.251409423,283.664905582,157.830731124,0.997598650898,-0.0653790568489,-0.151506111114,-154.579613041,-358.214956868
663,0.410714285714,1764,0.794977044432,64.8125425757,24.593576216,12821451.0673,-5.326707802,7.11386494804,-0.134501454249,0.0356982147671,-626.137737321,292.406692348,9.229062074,0.997129718501,-0.058906619036,-0.12607542967,-139.310619928,-298.160827296
663.5,0.410714285714,1764,-10.8393160279,67.2502916932,24.5584719782,12803150.058,-5.34432151875,7.11386494804,-0.136342701936,0.0358845859098,-633.253572613,265.452040557,-126.477162654,0.996743528533,-0.0593761509361,-0.127873017392,-140.020454052,-301.549320292
664,0.410714285714,1764,-20.0618101453,74.7499582396,24.5106414662,12778214.4177,-5.54647276637,7.11386494804,-0.158077055248,0.0380235529181,-735.592349541,193.413291663,-254.440007306,0.996772753515,-0.0647903636151,-0.149118592922,-152.193648806,-350.28207121
664.5,0.410714285714,1764,-24.8204568558,85.6428310259,24.4705168556,12757296.1207,-5.84171376454,7.11386494804,-0.189875811531,0.0411475047214,-886.368405358,61.582638644,-350.803293286,0.997096593605,-0.0724389413179,-0.180273516441,-169.603627519,-422.080193027
665,0.410714285714,1764,-24.0564348155,97.5051944655,24.4430782771,12742991.4751,-6.11191734833,7.11386494804,-0.219026477129,0.0440065350663,-1024.84730426,-115.667704531,-370.750232667,0.997531771411,-0.079166757732,-0.208906192542,-184.94023849,-488.022525837
665.5,0.410714285714,1764,-17.9397425331,107.697616728,24.4263180007,12734253.7843,-6.32810692798,7.11386494804,-0.242370977209,0.0462940419893,-1136.01280303,-290.242458896,-294.213343232,0.997891575002,-0.0843596237899,-0.231884201254,-196.8010473,-540.958477631
666,0.410714285714,1764,-7.83137289911,113.952235773,24.4241329911,12733114.666,-6.40235336568,7.11386494804,-0.250426856299,0.047079645257,-1174.69730907,-400.894741866,-131.075706111,0.99815368361,-0.0861093832472,-0.239823429778,-200.847092022,-559.379670986
666.5,0.410714285714,1764,4.01951415249,114.877369354,24.4335143014,12738005.4558,-6.39118418517,7.11386494804,-0.249245741909,0.0469614639007,-1169.89270688,-415.45498188,67.126357117,0.998238534183,-0.0858523391415,-0.238659160342,-200.401405455,-557.091765181
667,0.410714285714,1764,14.9760403415,110.267170885,24.4417881575,12742318.8928,-6.48548595684,7.11386494804,-0.259394394089,0.0479592731193,-1219.77538039,-347.308384582,256.636923224,0.998225936471,-0.0880360758723,-0.248666831137,-205.63800634,-580.845419236
667.5,0.410714285714,1764,22.6003268991,101.147431276,24.4634737776,12753624.3294,-6.4518015574,7.11386494804,-0.255794973656,0.0476028577128,-1204.49482287,-189.688454788,384.574794056,0.998330458285,-0.0872638422733,-0.24511654869,-204.196052086,-573.568963269
668,0.410714285714,1764,25.1959340957,89.5473356154,24.4991577646,12772227.5813,-6.29166524155,7.11386494804,-0.238545327323,0.0459084516656,-1124.22704765,7.39320621061,411.516219904,0.998293601687,-0.0835138824188,-0.228115958594,-195.991727082,-535.346213166
668.5,0.410714285714,1764,22.1853270842,78.047959916,24.5448936682,12796071.2323,-5.98666798416,7.11386494804,-0.205671850563,0.0426812686586,-968.476466685,178.561595589,331.445290928,0.998111078462,-0.076107629562,-0.195781075517,-179.278109178,-461.17926985
669,0.410714285714,1764,14.2383801283,69.2079695238,24.5849430286,12816950.2989,-5.64127220411,7.11386494804,-0.168429047883,0.0390266279527,-790.353183079,275.600655762,188.731298026,0.997729299227,-0.0673053240766,-0.159252677249,-159.061322699,-376.358658609
669.5,0.410714285714,1764,3.12332641872,64.9943040072,24.5965378272,12822995.0539,-5.35253308596,7.11386494804,-0.137293896117,0.0359714726917,-639.835494023,293.838741807,36.7018100753,0.997241178257,-0.0596110313758,-0.128802506563,-141.010468283,-304.683568582
670,0.410714285714,1764,-8.68668215457,66.3445238233,24.5672653342,12807734.3276,-5.3218256814,7.11386494804,-0.133930320788,0.0356465569365,-622.033320765,273.377976727,-100.388915199,0.996786322821,-0.0587655339016,-0.125517408646,-138.679758388,-296.206343221
670.5,0.410714285714,1764,-18.5638629656,72.9581986928,24.519361187,12782760.2988,-5.50445950816,7.11386494804,-0.153555063035,0.0375790096651,-714.278886068,212.573350674,-231.559004879,0.99673539929,-0.0636765473232,-0.144694978048,-149.683719585,-340.132802889
671,0.410714285714,1764,-24.3104966844,83.3637547546,24.477018751,12760685.7755,-5.78686173937,7.11386494804,-0.183965451959,0.0405671141794,-858.321762862,92.0339457079,-337.147113954,0.997031035445,-0.0710416536421,-0.174476536289,-166.420514561,-408.724648982
671.5,0.410714285714,1764,-24.6479301965,95.2459066926,24.4481652437,12745643.4804,-6.05377623545,7.11386494804,-0.21275527823,0.0433913426116,-995.014923395,-79.426275483,-373.184924665,0.997454274525,-0.0777419769179,-0.202740726183,-181.687430153,-473.816630188
672,0.410714285714,1764,-19.5010829535,105.960819642,24.4297779747,12736057.5841,-6.27544346237,7.11386494804,-0.236685895472,0.0457368086463,-1108.89357633,-257.956860107,-315.174172771,0.997817207303,-0.0831107766284,-0.226284483756,-193.942566281,-528.044560157
672.5,0.410714285714,1764,-10.0151527493,113.124374919,24.4238753744,12732980.3618,-6.39270490201,7.11386494804,-0.249372818286,0.0469775546407,-1169.58310259,-386.008539801,-167.180064418,0.998091908846,-0.0858820196329,-0.238784362645,-200.312548719,-556.944334565
673,0.410714285714,1764,1.69919619214,115.142647679,24.4328633028,12737666.0685,-6.36975036642,7.11386494804,-0.246935622842,0.0467346721707,-1158.6695674,-417.410446795,28.2095287184,0.998227655148,-0.0853508917055,-0.236382225847,-199.220282029,-551.747413048
673.5,0.410714285714,1764,13.0354659642,111.566562709,24.4401525736,12741466.2084,-6.45665823848,7.11386494804,-0.256284776158,0.0476542463671,-1204.56842918,-366.733717986,221.664665025,0.998201596263,-0.0873708522471,-0.245599568129,-204.056839059,-573.604013896
674,0.410714285714,1764,21.4712830592,103.191815788,24.4591437022,12751366.9167,-6.44982669965,7.11386494804,-0.255574286691,0.0475819616974,-1202.99929518,-224.276270437,365.036880692,0.998298948439,-0.0872169185759,-0.244898893854,-204.014010538,-572.856807226
674.5,0.410714285714,1764,25.1296383743,91.8818276167,24.4918740268,12768430.326,-6.32229647142,7.11386494804,-0.241842544118,0.0462325614145,-1139.55552418,-30.9833226336,413.746554954,0.998291424397,-0.0842381084657,-0.231363797865,-197.573820423,-542.645487705
675,0.410714285714,1764,23.196530592,80.1531239221,24.5334049931,12790081.8031,-6.08285002506,7.11386494804,-0.216032632143,0.0436989730492,-1017.88972785,151.552792335,357.016677765,0.998146932875,-0.0784791521565,-0.205962911887,-184.691418235,-484.709394214
675.5,0.410714285714,1764,16.1020853142,70.6153966114,24.578013672,12813337.7943,-5.71715728807,7.11386494804,-0.1766163616,0.0398295697744,-829.69063625,264.325292629,219.56541113,0.997854602729,-0.0692775830529,-0.167273280292,-163.630044317,-395.090779167
676,0.410714285714,1764,5.42485008604,65.3908350092,24.5979054381,12823708.0351,-5.38748171317,7.11386494804,-0.141068383538,0.0363412649213,-658.224864893,293.813506916,64.7683181802,0.997353596219,-0.0605596159476,-0.13248965728,-143.270285047,-313.440411854
676.5,0.410714285714,1764,-6.45943988017,65.641928721,24.5755990376,12812078.9649,-5.30156712567,7.11386494804,-0.131760168268,0.0354322006916,-611.948845583,279.047186003,-73.9996406559,0.996843680059,-0.0582144788053,-0.123398773273,-137.472552473,-291.404212182
677,0.410714285714,1764,-16.9064739981,71.3128082112,24.5276893177,12787102.031,-5.48505132886,7.11386494804,-0.151463702233,0.0373736512728,-704.660817418,231.361421724,-209.314802606,0.99670153326,-0.0631594176718,-0.142649678804,-148.56898201,-335.552770199
677.5,0.410714285714,1764,-23.5917378884,81.1416760386,24.4830073095,12763807.8107,-5.75551667124,7.11386494804,-0.180589582704,0.0402354512914,-842.451451435,121.521124468,-323.638481596,0.997000442276,-0.0702384929503,-0.17116671122,-164.619571374,-401.167357826
678,0.410714285714,1764,-25.0277287952,92.9415627401,24.4521893729,12747741.3931,-6.01839532282,7.11386494804,-0.208939967716,0.0430169763599,-976.934779411,-44.0514756904,-374.803627868,0.997409306067,-0.0768690180342,-0.198991267223,-179.706419676,-465.207037815
678.5,0.410714285714,1764,-20.8949319668,104.086937854,24.4321602942,12737299.5667,-6.24459315134,7.11386494804,-0.233355375414,0.0454103807946,-1093.03645383,-225.698268127,-334.774669017,0.997771137763,-0.0823744216594,-0.223005131274,-192.261742445,-520.493549445
679,0.410714285714,1764,-12.1129141957,112.097902835,24.423011032,12732529.7514,-6.39571568748,7.11386494804,-0.24968768496,0.047009411831,-1171.02039682,-369.143149261,-202.344961257,0.998055103983,-0.0859507816794,-0.239094725894,-200.45874146,-557.62876039
679.5,0.410714285714,1764,-0.635715868554,115.191980179,24.4308299386,12736606.008,-6.37189441582,7.11386494804,-0.247167276708,0.0467573584068,-1159.59563041,-418.406407506,-10.5584233898,0.998231054644,-0.0854012186942,-0.236610534605,-199.304574488,-552.188395434
680,0.410714285714,1764,10.9829322386,112.68072308,24.4388195903,12740771.2797,-6.42828647221,7.11386494804,-0.253231186385,0.0473540440546,-1189.66954023,-382.739488428,185.338088718,0.998204040822,-0.0867142383436,-0.242588293442,-202.501209722,-566.509304871
680.5,0.410714285714,1764,20.1578261063,105.122898091,24.4548079156,12749106.5267,-6.45179437201,7.11386494804,-0.255778083496,0.047602781684,-1203.55972082,-257.146093455,342.758788997,0.99826755753,-0.0872611399471,-0.245099870004,-204.045091285,-573.123676579
681,0.410714285714,1764,24.8475085628,94.2001569281,24.4858099192,12765268.9045,-6.3396655718,7.11386494804,-0.243713019084,0.0464163442657,-1148.06348522,-69.4549902446,410.885472704,0.998293593769,-0.0846473718777,-0.233206636098,-198.435414962,-546.696897725
681.5,0.410714285714,1764,24.0085031361,82.3428610329,24.5267619657,12786618.5714,-6.11287297654,7.11386494804,-0.219268836986,0.0440166465905,-1033.05611958,118.88795629,372.766105419,0.998167064946,-0.0792128043247,-0.20914497288,-186.317041078,-491.931485516
682,0.410714285714,1764,17.827492492,72.1893146834,24.5726740583,12810554.0757,-5.75923544405,7.11386494804,-0.181151415698,0.0402747997122,-851.368450367,246.555505488,246.788169283,0.99789278349,-0.0703612785774,-0.171718331514,-166.11747461,-405.413547794
682.5,0.410714285714,1764,7.6797806602,65.9987298459,24.5973477789,12823417.3087,-5.43506851411,7.11386494804,-0.146195684261,0.0368447819583,-683.086682868,292.610029653,93.6275802188,0.997414667152,-0.0618419119759,-0.137500159918,-146.297272323,-325.279372794
683,0.410714285714,1764,-4.17671860095,65.1485408531,24.5834313153,12816162.1924,-5.28862318255,7.11386494804,-0.130378733168,0.0352952405314,-605.647888573,283.158611941,-47.5897143311,0.996920754791,-0.0578625232477,-0.122050384965,-136.728524599,-288.403756463
683.5,0.410714285714,1764,-15.1038782681,69.8279187672,24.5375351117,12792234.9716,-5.44652690415,7.11386494804,-0.147319579627,0.0369660234473,-685.195929525,245.872609137,-184.097511555,0.99667978234,-0.0621301013443,-0.138597965129,-146.265091618,-326.283775964
684,0.410714285714,1764,-22.670353762,78.9956799253,24.4910849179,12768018.9372,-5.69473155166,7.11386494804,-0.174043258999,0.0395922825408,-811.410210605,147.688497448,-304.25782429,0.9969391375,-0.0686707670635,-0.164751117115,-161.051474089,-386.385814574
684.5,0.410714285714,1764,-25.1925685875,90.6119542173,24.4568296817,12750160.5407,-5.98338911314,7.11386494804,-0.20515632251,0.0426465748488,-959.049163704,-9.06409664177,-373.145359356,0.997320680202,-0.0759993303578,-0.195274035134,-177.740681611,-456.690077954
685,0.410714285714,1764,-22.1093180464,102.092065809,24.4349466669,12738752.1957,-6.21035863428,7.11386494804,-0.229660999407,0.0450481445809,-1075.45725348,-191.849652319,-350.780838217,0.997724946966,-0.0815534263757,-0.219368522412,-190.388959523,-512.122501656
685.5,0.410714285714,1764,-14.1066399304,110.881635709,24.4224827213,12732254.3254,-6.3952387097,7.11386494804,-0.24962599626,0.0470043649181,-1170.67183485,-348.758656557,-235.60476101,0.998013725279,-0.0859380208526,-0.239033899065,-200.420308881,-557.462778502
686,0.410714285714,1764,-2.9651678763,115.024943146,24.4283359367,12735305.8017,-6.38284093574,7.11386494804,-0.248345566305,0.0468731837862,-1165.04925035,-416.792834901,-49.3851561582,0.998230516371,-0.0856571984549,-0.237771865481,-199.861154114,-554.785357309
686.5,0.410714285714,1764,8.83606801965,113.600082668,24.4367753737,12739705.5615,-6.41729490465,7.11386494804,-0.252051088247,0.0472377420251,-1183.76535096,-397.017501178,148.646667671,0.998216487706,-0.0864595204719,-0.241424743301,-201.872598545,-563.69778617
687,0.410714285714,1764,18.6712370936,106.924092454,24.4504165528,12746817.1629,-6.46016576943,7.11386494804,-0.256676167768,0.047691359633,-1207.4753404,-288.305633433,318.06862624,0.998255294812,-0.0874540050215,-0.245985605045,-204.42263658,-574.988257334
687.5,0.410714285714,1764,24.3519678252,96.4824118227,24.4789010306,12761667.0706,-6.37119711698,7.11386494804,-0.247109970423,0.0467499802717,-1163.88572342,-108.071544605,405.983891336,0.998302803043,-0.085387715893,-0.236554087076,-200.058029437,-554.231296866
688,0.410714285714,1764,24.6142708257,84.5983639775,24.5190730147,12782610.065,-6.15511457296,7.11386494804,-0.223824084357,0.0444636058954,-1054.52542688,84.9021080719,386.883431804,0.998203246029,-0.0802397471809,-0.213625410379,-188.614207365,-502.15496518
688.5,0.410714285714,1764,19.3997824399,73.9162056316,24.5654462538,12806785.9803,-5.81528952833,7.11386494804,-0.187193686548,0.0408679092693,-880.226016525,227.053113397,273.864543483,0.99794575658,-0.0717949871745,-0.177643300206,-169.402648302,-419.155245964
689,0.410714285714,1764,9.86875093499,66.8127674143,24.5955184659,12822463.6269,-5.4863873232,7.11386494804,-0.151727942245,0.0373877874597,-709.851162361,288.92379361,122.969265426,0.997494627868,-0.0632159858768,-0.142908901888,-149.525628404,-338.024363029
689.5,0.410714285714,1764,-1.85812421266,64.8685978423,24.5886838404,12818900.5088,-5.30486239859,7.11386494804,-0.132135476645,0.0354670680504,-614.420351409,288.676999377,-21.3437244295,0.997002554462,-0.0583081665298,-0.123765321558,-137.840458355,-292.581119719
690,0.410714285714,1764,-13.1715579565,68.5162838178,24.5470130492,12797176.1363,-5.39837562143,7.11386494804,-0.142147904496,0.0364565336155,-660.718983942,256.609401848,-157.325929088,0.996707056584,-0.0608373571752,-0.133543706582,-143.33241028,-314.628087591
690.5,0.410714285714,1764,-21.5542579131,76.9441980018,24.5004860245,12772920.0474,-5.61484961887,7.11386494804,-0.165441978091,0.0387470499696,-770.511955451,170.043076914,-280.729773371,0.996861428681,-0.0665902260408,-0.156326977172,-156.29196301,-366.910454977
691,0.410714285714,1764,-25.1410337932,88.2770897262,24.4626942058,12753217.9126,-5.92180424924,7.11386494804,-0.198508829971,0.0419949439851,-927.432756573,25.0143339053,-365.013909085,0.997201343728,-0.0744598569834,-0.188746021401,-174.223818521,-441.634645987
691.5,0.410714285714,1764,-23.1338110415,99.9933371152,24.4377813701,12740230.021,-6.18209044502,7.11386494804,-0.226600599588,0.0447490382191,-1060.938128,-157.260838086,-364.046811449,0.997642208018,-0.0808706597387,-0.216356752954,-188.838826839,-505.208632383
692,0.410714285714,1764,-15.9792061901,109.486019848,24.4218497585,12731924.3408,-6.39882432839,7.11386494804,-0.250003247898,0.0470423044321,-1172.43229114,-325.743971543,-267.121255494,0.99797913093,-0.0860202350289,-0.23940576754,-200.601646151,-558.301091021
692.5,0.410714285714,1764,-5.26915257327,114.642971232,24.4263781241,12734285.1287,-6.39004172006,7.11386494804,-0.24912175965,0.0469493754511,-1168.61070595,-411.171659416,-87.9165984831,0.998234560142,-0.0858255192747,-0.2385369473,-200.221794136,-556.481288548
693,0.410714285714,1764,6.61331235048,114.316745254,24.4356208931,12739103.6923,-6.39659788257,7.11386494804,-0.24982506981,0.0470187463576,-1172.89424547,-406.757336562,110.623905026,0.998224644568,-0.0859780678586,-0.239230223554,-200.729496803,-558.521069269
693.5,0.410714285714,1764,17.0242840753,108.579928733,24.4453217508,12744161.0728,-6.4878290149,7.11386494804,-0.259648219713,0.0479840650706,-1221.35673751,-318.682754816,292.000352955,0.998232049926,-0.0880901788698,-0.248917233006,-205.82388193,-581.598446431
694,0.410714285714,1764,23.6472722746,98.7089904105,24.4707567757,12757421.1991,-6.42352962448,7.11386494804,-0.252751761942,0.0473037117393,-1190.45688437,-147.170625006,399.608183758,0.998333002315,-0.0866089971064,-0.242115625124,-202.784412063,-566.884230651
694.5,0.410714285714,1764,25.0086308274,86.9002606337,24.5097096813,12777728.6472,-6.21994639015,7.11386494804,-0.230816861091,0.0451495928467,-1087.66161668,49.6327238606,400.435753233,0.998262257532,-0.0818033493616,-0.220506510406,-192.142827489,-517.934103183
695,0.410714285714,1764,20.805451033,75.78123749,24.5559097679,12801814.2923,-5.89650185438,7.11386494804,-0.195949553328,0.0417272187622,-922.078983174,206.315413766,301.888806107,0.998025370869,-0.0738520075934,-0.186234446893,-174.120987214,-439.085230083
695.5,0.410714285714,1764,11.9729602257,67.8259560875,24.5914507456,12820342.9887,-5.55634111988,7.11386494804,-0.159271155515,0.0381279701939,-746.256663576,284.325093439,153.522426868,0.997607666014,-0.0650738460449,-0.150287849313,-153.869142441,-355.360315989
696,0.410714285714,1764,0.476429281083,64.8045040704,24.5929270536,12821112.6373,-5.32613822337,7.11386494804,-0.134437797373,0.0356921880425,-625.795914092,292.405479956,5.52918398548,0.99711186014,-0.0588906898607,-0.126013254451,-139.265596092,-297.99805433
696.5,0.410714285714,1764,-11.1261094263,67.3891687673,24.5571802817,12802476.6535,-5.34989532597,7.11386494804,-0.136941713521,0.0359435624924,-636.083705409,264.475751899,-130.140556354,0.996742580768,-0.0595273876004,-0.12845801926,-140.362332995,-302.897002576
697,0.410714285714,1764,-20.2530362946,75.0048500891,24.5095384259,12777639.366,-5.55336650004,7.11386494804,-0.158819568952,0.0380964956728,-739.10973204,190.698300051,-257.564586896,0.996781967865,-0.0649725980764,-0.14984511992,-152.607984195,-351.957015257
697.5,0.410714285714,1764,-24.8735670355,85.9570230116,24.4696018258,12756819.0852,-5.85113329097,7.11386494804,-0.190890740213,0.0412471729476,-891.197624631,57.3260760961,-352.686646686,0.997107263634,-0.072677776168,-0.181269260567,-170.150093639,-424.379821253
698,0.410714285714,1764,-23.9596117602,97.8087773884,24.4423413487,12742607.2898,-6.12213573977,7.11386494804,-0.220128648032,0.0441146561017,-1030.10260274,-120.717857061,-370.397674802,0.997544927053,-0.0794158802482,-0.209990101032,-185.511023389,-490.525048923
698.5,0.410714285714,1764,-17.7145298292,107.923041955,24.4258290208,12733998.8628,-6.33681818842,7.11386494804,-0.243311594931,0.0463862160367,-1140.50725743,-294.644134787,-291.216319624,0.997904474036,-0.0845652509851,-0.232810935292,-197.272852804,-543.098694016
699,0.410714285714,1764,-7.52788143592,114.049345128,24.424679493,12733399.5757,-6.39746968234,7.11386494804,-0.249903681245,0.0470279708911,-1172.22358934,-402.007972701,-125.835790483,0.998163774457,-0.0859959805784,-0.239307691623,-200.591560674,-558.201709209
699.5,0.410714285714,1764,4.33375609263,114.824555547,24.4337053428,12738105.052,-6.39328512677,7.11386494804,-0.249470541066,0.0469836940122,-1170.99723441,-414.815128744,72.4165066348,0.998233033119,-0.0859011404428,-0.238880749399,-200.518455825,-557.617730672
700,0.410714285714,1764,15.2311124443,110.076185238,24.4429053159,12742901.3047,-6.47577248476,7.11386494804,-0.258349331437,0.0478564946474,-1214.82956006,-343.193995216,260.369500949,0.998228310616,-0.0878126986582,-0.247635924471,-205.13498425,-578.490266697
700.5,0.410714285714,1764,22.7394744184,100.860768996,24.4641000616,12753950.8321,-6.45387862354,7.11386494804,-0.256015886263,0.0476248351975,-1205.62714089,-184.920735809,387.173352371,0.998319884382,-0.0873114169262,-0.245334415485,-204.317837034,-574.108162329
701,0.410714285714,1764,25.1881960519,89.2287804117,24.5006493026,12773005.1698,-6.28075837329,7.11386494804,-0.237371642889,0.0457930458413,-1118.6665881,12.5585727127,410.165660247,0.998295889693,-0.0832552316408,-0.226960054414,-195.408512497,-532.698375287
701.5,0.410714285714,1764,22.0324252285,77.7683918248,24.5463591019,12796835.2118,-5.97484605629,7.11386494804,-0.204396703276,0.0425561805675,-962.39539614,182.053860237,327.928102811,0.998098203473,-0.0758135186042,-0.194528535725,-178.606630588,-458.283521971
702,0.410714285714,1764,13.9743358451,69.0295937643,24.5858538874,12817425.16,-5.63071967505,7.11386494804,-0.167290974247,0.0389149713997,-784.880396284,276.846293915,184.485843772,0.997713582138,-0.0670294670726,-0.158138216783,-158.421133555,-373.752569659
702.5,0.410714285714,1764,2.80689080665,64.9568100275,24.5963345488,12822889.0781,-5.34785457012,7.11386494804,-0.136788563906,0.0359219692078,-637.373223103,293.645872705,32.9124165656,0.997225312266,-0.0594836978203,-0.128308958303,-140.706933754,-303.511058621
703,0.410714285714,1764,-8.98510067886,66.4562542107,24.5661668424,12807161.6471,-5.3230080779,7.11386494804,-0.134056385691,0.0356590679012,-622.58759484,272.210615427,-103.884904609,0.996778596071,-0.0587975448551,-0.125640488646,-138.742892247,-296.470283257
703.5,0.410714285714,1764,-18.7778648726,73.194292909,24.5181504776,12782129.1157,-5.50917800573,7.11386494804,-0.154062565918,0.0376289361965,-716.658431289,210.02032057,-234.666305845,0.99673736925,-0.0638018987405,-0.145191352269,-149.963570898,-341.265919661
704,0.410714285714,1764,-24.3924655401,83.6716807226,24.4762511243,12760285.5862,-5.79297802168,7.11386494804,-0.184624467155,0.0406318307035,-861.446811201,87.9511449825,-339.007116924,0.997038443754,-0.0711980015136,-0.175122768705,-166.776310349,-410.212767239
704.5,0.410714285714,1764,-24.5796275438,95.5571494318,24.4475773258,12745336.9792,-6.0608581012,7.11386494804,-0.213518933535,0.0434662759962,-998.650766027,-84.3231351056,-372.966622482,0.997462991095,-0.0779161530007,-0.203491339444,-182.085731845,-475.547983822
705,0.410714285714,1764,-19.2977064549,106.206126174,24.429425557,12735873.8571,-6.28149249904,7.11386494804,-0.237338996939,0.0458008136427,-1112.01330073,-262.367657775,-312.418525471,0.997826354477,-0.0832547577045,-0.226927652167,-194.27294712,-529.530143203
705.5,0.410714285714,1764,-9.7219546352,113.249163384,24.4240434859,12733068.004,-6.39217460245,7.11386494804,-0.249317527277,0.0469719435288,-1169.33225909,-388.042314695,-162.265184241,0.998099071859,-0.0858699315239,-0.238729863541,-200.287111384,-556.824885279
706,0.410714285714,1764,2.01697795801,115.119152054,24.4332154425,12737849.6507,-6.36934411199,7.11386494804,-0.246891740362,0.0467303735832,-1158.49097089,-416.985806292,33.482467015,0.998227055941,-0.0853413556294,-0.236338977516,-199.203765507,-551.66236709
706.5,0.410714285714,1764,13.3071234397,111.400010882,24.4405896531,12741694.0725,-6.45784086327,7.11386494804,-0.256411966225,0.0476667597474,-1205.22678297,-364.028234795,226.362906196,0.998201132823,-0.087398143047,-0.245725010938,-204.127878325,-573.917515698
707,0.410714285714,1764,21.6363711744,102.919266326,24.4598507545,12751735.5267,-6.44987172024,7.11386494804,-0.255579466507,0.0475824380614,-1203.09394458,-219.658063671,367.869449941,0.998300248728,-0.0872180118838,-0.244904002652,-204.028363339,-572.901878373
707.5,0.410714285714,1764,25.1514242446,91.5639240606,24.4929775024,12769005.6046,-6.31754964172,7.11386494804,-0.241331515713,0.0461823351001,-1137.1783988,-25.7172813032,413.591854467,0.998291474053,-0.0841260921867,-0.230860367246,-197.32887511,-541.513523238
708,0.410714285714,1764,23.0701667586,79.8606013132,24.5352281951,12791032.299,-6.06846250516,7.11386494804,-0.214482718236,0.0435467383697,-1010.50968752,155.376942636,353.529049186,0.998141405948,-0.0781265518485,-0.204439225055,-183.88894344,-481.195089295
708.5,0.410714285714,1764,15.8556883262,70.4133426102,24.5788485081,12813773.0222,-5.7109451755,7.11386494804,-0.175944608633,0.0397638392681,-826.481599344,266.478194312,215.718032468,0.997836149097,-0.0691166647905,-0.166614989928,-163.2610541,-393.562666354
709,0.410714285714,1764,5.11324443564,65.3242075843,24.597750794,12823627.4139,-5.38366149544,7.11386494804,-0.140656205605,0.0363008431095,-656.215969374,294.102271126,60.942999358,0.997344503871,-0.0604562164765,-0.132086961034,-143.023867038,-312.48379494
709.5,0.410714285714,1764,-6.76692046557,65.7255527887,24.5745855495,12811550.5998,-5.30290970362,7.11386494804,-0.131903674155,0.0354464065399,-612.593009933,278.240641612,-77.5643735856,0.996837441407,-0.0582509887774,-0.123538857445,-137.547424676,-291.710957111
710,0.410714285714,1764,-17.1414136376,71.528077022,24.526656192,12786563.4281,-5.48600725706,7.11386494804,-0.15156679521,0.0373837659711,-705.099417768,228.769357805,-212.291389174,0.99670378429,-0.0631849354353,-0.142750493177,-148.616486595,-335.761627508
710.5,0.410714285714,1764,-23.7018614038,81.4406912664,24.4822577868,12763417.0595,-5.75852018782,7.11386494804,-0.180912795319,0.0402672315696,-843.959242018,117.540787811,-325.486034996,0.997001953677,-0.0703155634471,-0.171483558936,-164.790113039,-401.885353342
711,0.410714285714,1764,-24.9885331847,93.2577920861,24.4517403906,12747507.3236,-6.02228447001,7.11386494804,-0.209359209621,0.0430581275159,-978.921265403,-48.8464153987,-374.671016412,0.997413636564,-0.0769651767132,-0.199403216052,-179.92461437,-466.152983525
711.5,0.410714285714,1764,-20.7151384388,104.350018797,24.4319334653,12737181.3133,-6.24790082448,7.11386494804,-0.233712484885,0.0454453793603,-1094.73936934,-230.129861128,-332.20666814,0.997776232064,-0.0824535426607,-0.223356713351,-192.442837371,-521.304461592
712,0.410714285714,1764,-11.8325276583,112.249298623,24.4234807192,12732774.6149,-6.39169289507,7.11386494804,-0.249255687399,0.0469668465718,-1168.97972954,-371.281422083,-197.453311686,0.998059071983,-0.0858571102867,-0.238668889869,-200.247978172,-556.657014067
712.5,0.410714285714,1764,-0.317123649211,115.198004536,24.4312678346,12736834.2978,-6.37017842797,7.11386494804,-0.246981421753,0.0467392014998,-1158.73946534,-418.323728683,-5.26471638666,0.998226511524,-0.0853608692843,-0.236427362297,-199.217550621,-551.78069778
713,0.410714285714,1764,11.268841868,112.540035558,24.4391810606,12740959.7263,-6.43105246858,7.11386494804,-0.253528448702,0.0473833111259,-1191.14221257,-380.657695203,190.308988734,0.998202084495,-0.0867783139312,-0.242881404611,-202.656838348,-567.210577414
713.5,0.410714285714,1764,20.3474369043,104.866802327,24.4554950567,12749464.7562,-6.45282802385,7.11386494804,-0.255890151802,0.0476137187779,-1204.17012244,-252.875278297,346.097543822,0.99827063447,-0.0872851530849,-0.245210395489,-204.112711856,-573.414344018
714,0.410714285714,1764,24.8986312323,93.885635438,24.4867442068,12765755.9798,-6.33807773523,7.11386494804,-0.243542351163,0.0463995433305,-1147.32320871,-64.2305491153,411.580752185,0.99829473265,-0.0846100561172,-0.233038479302,-198.363073863,-546.344385101
714.5,0.410714285714,1764,23.909762642,82.0398963321,24.5277647986,12787141.3817,-6.10975134765,7.11386494804,-0.218932404079,0.0439836165633,-1031.50629362,123.483246363,370.90661554,0.998165230488,-0.0791366856355,-0.208814130433,-186.153223398,-491.193473153
715,0.410714285714,1764,17.60085906,71.9653178473,24.5735639638,12811018.0131,-5.75402262452,7.11386494804,-0.180589716543,0.0402196427486,-848.699869737,249.199336934,243.204863279,0.997888834223,-0.0702273988328,-0.171167689232,-165.8134043,-404.142795113
715.5,0.410714285714,1764,7.37568129817,65.9035412272,24.5977173536,12823609.9804,-5.42698249982,7.11386494804,-0.145324818864,0.0367592236549,-678.878501041,292.747346124,89.6069894027,0.997407150232,-0.0616246716901,-0.136648978557,-145.78773531,-323.275476686
716,0.410714285714,1764,-4.49062035022,65.2033403687,24.5815768886,12815195.4179,-5.30330589253,7.11386494804,-0.131955570694,0.0354505986239,-613.193347339,284.448985079,-51.5130836165,0.9969077413,-0.0582634528119,-0.1235895936,-137.65514677,-291.996832066
716.5,0.410714285714,1764,-15.3577377844,70.0205132662,24.5368753194,12791890.9999,-5.44405715285,7.11386494804,-0.147057756489,0.036939890952,-683.893996498,243.255304713,-186.984342202,0.996704448379,-0.0620646011867,-0.138342056392,-146.103035351,-325.663807856
717,0.410714285714,1764,-22.8076861054,79.2832162232,24.4897903321,12767344.0265,-5.70797967587,7.11386494804,-0.1754669145,0.0397324612482,-818.193723083,144.531163755,-307.594282389,0.996935181045,-0.069013076164,-0.16614602577,-161.837170664,-389.616058611
717.5,0.410714285714,1764,-25.1828166635,90.9304541311,24.4563309167,12749900.5179,-5.98634673678,7.11386494804,-0.205478441231,0.0426778695327,-960.564065689,-13.7944961162,-373.349158271,0.997340156492,-0.0760733877772,-0.195590465082,-177.906624152,-457.411459852
718,0.410714285714,1764,-21.9546517042,102.370661605,24.4347001689,12738623.6881,-6.21350047001,7.11386494804,-0.229999960391,0.0450813884172,-1077.07108139,-196.447549064,-348.642429606,0.99772887305,-0.0816289382704,-0.219702138811,-190.561399545,-512.890991136
718.5,0.410714285714,1764,-13.8414731609,111.058338508,24.4226737063,12732353.8922,-6.39391513992,7.11386494804,-0.24948449648,0.0469903601958,-1170.00702097,-351.589687115,-231.097017264,0.998017546345,-0.0859073058788,-0.23889441754,-200.351810457,-557.146200461
719,0.410714285714,1764,-2.64850153661,115.060435743,24.4287750203,12735534.7106,-6.38105428379,7.11386494804,-0.248152856872,0.0468542791808,-1164.16040101,-417.195224549,-44.0911005951,0.998229022149,-0.0856153860834,-0.237581921697,-199.770775976,-554.362095721
719.5,0.410714285714,1764,9.13377417489,113.486467792,24.4373120054,12739985.3255,-6.41627213851,7.11386494804,-0.25194047445,0.0472269201129,-1183.28257835,-395.014542048,153.619252366,0.99821446004,-0.0864356691488,-0.241315684837,-201.825772468,-563.467894453
720,0.410714285714,1764,18.8837420403,106.68664995,24.4511764865,12747213.3416,-6.45878995613,7.11386494804,-0.256527760055,0.0476768021208,-1206.83185385,-284.175027919,321.591687821,0.998254150878,-0.0874221984635,-0.245839232742,-204.360991885,-574.681835167
720.5,0.410714285714,1764,24.4319882102,96.1739737688,24.4800437921,12762262.8303,-6.36682451001,7.11386494804,-0.246638839838,0.0467037136167,-1161.70965755,-102.815511459,406.867190861,0.998301291777,-0.0852852581155,-0.236089768797,-199.836634184,-553.195075023
721,0.410714285714,1764,24.5440017357,84.2875592959,24.5203465452,12783273.9989,-6.14899644779,7.11386494804,-0.223164353977,0.044398869872,-1051.4309813,89.6306242287,385.10582614,0.998198256807,-0.0800914206394,-0.212976413886,-188.285103768,-500.681419665
721.5,0.410714285714,1764,19.194859079,73.6721898303,24.5666909786,12807434.8968,-5.8066476809,7.11386494804,-0.186262211392,0.0407764696826,-875.787928939,229.813958151,270.167676819,0.99793813804,-0.07157471428,-0.176729714955,-168.900022058,-417.041870923
722,0.410714285714,1764,9.57476971782,66.6898351604,24.5959039809,12822664.6087,-5.47920248782,7.11386494804,-0.150953195316,0.0373117645509,-706.110148842,289.583263909,118.947810328,0.99748240393,-0.0630241540248,-0.142151296017,-149.076559124,-336.24292802
722.5,0.410714285714,1764,-2.17575107832,64.8941021422,24.588008949,12818548.6654,-5.30268254314,7.11386494804,-0.13189959368,0.0354440029496,-613.243458748,288.072579255,-24.9652184717,0.996991184461,-0.0582483901705,-0.123535036328,-137.691588273,-292.020694642
723,0.410714285714,1764,-13.4421569946,68.6845498445,24.5457383805,12796511.609,-5.40390516715,7.11386494804,-0.142741743598,0.0365150418662,-663.520860155,255.196090046,-160.934246369,0.996703403489,-0.06098623093,-0.13412394747,-143.66823399,-315.96231436
723.5,0.410714285714,1764,-21.7176195608,77.2177857704,24.4991720152,12772235.0106,-5.62444845447,7.11386494804,-0.166475402325,0.0388486154702,-775.415866662,167.089911302,-283.89409385,0.996870413881,-0.0668414420822,-0.157338794083,-156.864757515,-369.245650791
724,0.410714285714,1764,-25.1608093133,88.5951246676,24.4619525539,12752831.2647,-5.92943302126,7.11386494804,-0.199332142372,0.0420756641977,-931.348097698,20.4480953813,-366.217995884,0.997215856286,-0.07465129139,-0.189554343644,-174.661152425,-443.499094142
724.5,0.410714285714,1764,-23.0056002875,100.285054954,24.4360795987,12739342.8308,-6.20453985102,7.11386494804,-0.229018291698,0.0449865759011,-1072.45541796,-162.9103311,-364.397660164,0.99765255979,-0.0814110650126,-0.218735933118,-190.074237026,-510.693056173
725,0.410714285714,1764,-15.7315366597,109.68651199,24.4215866557,12731787.1765,-6.40422835876,7.11386494804,-0.25059176637,0.0470994846019,-1175.24823771,-329.574243537,-263.363530165,0.998006635931,-0.0861472114657,-0.239985942877,-200.893430207,-559.642017956
725.5,0.410714285714,1764,-4.9571319053,114.707627229,24.4266063858,12734404.1291,-6.39012169915,7.11386494804,-0.249131887813,0.0469502217117,-1168.68147008,-412.268281205,-82.7140636123,0.99824064322,-0.0858276264957,-0.238546933273,-200.230452267,-556.514985751
726,0.410714285714,1764,6.92025808522,114.231178841,24.4358880673,12739242.9791,-6.39957252903,7.11386494804,-0.25014531944,0.0470502211603,-1174.46771326,-405.661803547,115.854222127,0.998224735028,-0.0860474111695,-0.23954591873,-200.895782845,-559.270339647
726.5,0.410714285714,1764,17.2578580027,108.363178841,24.4462077292,12744622.9628,-6.48419994565,7.11386494804,-0.259258410756,0.0479456658052,-1219.55829477,-314.690090946,295.74818997,0.99823540318,-0.0880068946541,-0.248532687811,-205.644192871,-580.742045129
727,0.410714285714,1764,23.7555030938,98.4092849136,24.4720617275,12758101.514,-6.41666624583,7.11386494804,-0.252011829608,0.0472310901716,-1186.99637496,-141.859255665,400.740136818,0.998329060882,-0.0864493992375,-0.241386079783,-202.43232159,-565.236369029
727.5,0.410714285714,1764,24.9674366706,86.5842854186,24.5112239317,12778518.0764,-6.21094846089,7.11386494804,-0.229846413503,0.0450543855499,-1083.08396603,54.5543653792,398.769461042,0.998254591734,-0.0815872749465,-0.21955133346,-191.658983485,-515.754269539
728,0.410714285714,1764,20.6239977943,75.5192985328,24.5574645065,12802624.8294,-5.88460036483,7.11386494804,-0.194666457132,0.041601288827,-915.959724765,209.289343618,298.078305871,0.998014442983,-0.0735520792405,-0.184975102119,-173.435805518,-436.171297507
728.5,0.410714285714,1764,11.6916221069,67.676336042,24.5923956215,12820835.584,-5.54463534022,7.11386494804,-0.158009191519,0.0380041110696,-740.182063129,284.903675938,149.213234988,0.997591307677,-0.0647642575872,-0.149053037547,-153.148879041,-352.467649109
729,0.410714285714,1764,0.157805340893,64.8004941026,24.5923100529,12820790.9742,-5.32475002374,7.11386494804,-0.134286081718,0.0356774994703,-625.0287858,292.24754268,1.83012410186,0.997093745522,-0.0588524680347,-0.125865097298,-139.16822522,-297.632755143
729.5,0.410714285714,1764,-11.411123858,67.531661114,24.5558341815,12801774.8866,-5.35603135376,7.11386494804,-0.137600970134,0.0360084879439,-639.20187533,263.514480315,-133.83260723,0.996740270126,-0.0596937172188,-0.129101891196,-140.739098686,-304.381845395
730,0.410714285714,1764,-20.441024162,75.2621395308,24.5083636388,12777026.9104,-5.5612492379,7.11386494804,-0.159668557724,0.0381799031038,-743.136231415,188.008710203,-260.763127453,0.996792092868,-0.0651807550813,-0.150675885574,-153.082228397,-353.874395912
730.5,0.410714285714,1764,-24.9227001513,86.2718614337,24.4686185293,12756306.46,-5.86094321484,7.11386494804,-0.191947959979,0.0413509719781,-896.225529967,53.0383557323,-354.562743026,0.997119434394,-0.0729262016938,-0.182306586085,-170.7179756,-426.774061889
731,0.410714285714,1764,-23.8589577742,98.1111117566,24.4415432212,12742191.1993,-6.13244843738,7.11386494804,-0.221241103811,0.0442237749926,-1035.40216666,-125.779895639,-369.983463294,0.997558580499,-0.0796669308717,-0.211084221143,-186.085310245,-493.048650793
731.5,0.410714285714,1764,-17.4864847283,108.145601446,24.4252965829,12733721.2852,-6.34581716856,7.11386494804,-0.244283217463,0.0464814344529,-1145.14726298,-299.038075741,-288.175884392,0.997917440379,-0.0847773659314,-0.233768287645,-197.759050286,-545.308220465
732,0.410714285714,1764,-7.22318633088,114.142609205,24.4250855651,12733611.2746,-6.39558460573,7.11386494804,-0.24970335937,0.0470080248521,-1171.29526821,-403.376059049,-120.68539946,0.998174160688,-0.0859524410475,-0.239110225543,-200.496668254,-557.75965153
732.5,0.410714285714,1764,4.64730510338,114.767772513,24.4341377453,12738330.4779,-6.39295666011,7.11386494804,-0.249434649305,0.0469802184989,-1170.86523796,-413.843615007,77.6516153393,0.998230906728,-0.085893393619,-0.238845368673,-200.507469026,-557.554875218
733,0.410714285714,1764,15.4837492266,109.881989586,24.442980148,12742940.3172,-6.48451820124,7.11386494804,-0.259290733331,0.0479490332749,-1219.3926969,-340.655158568,265.296338945,0.998227939574,-0.0880139082977,-0.248564571348,-205.606279251,-580.663188998
733.5,0.410714285714,1764,22.8749860962,100.572370174,24.4647354035,12754282.057,-6.45767244686,7.11386494804,-0.256426784191,0.0476649777294,-1207.68136542,-180.201145653,389.893527515,0.998329406776,-0.0873994358776,-0.245739667861,-204.534433835,-575.086364483
734,0.410714285714,1764,25.1764306376,88.9103485193,24.5021147405,12773769.1514,-6.27236971646,7.11386494804,-0.236469510526,0.0457042852701,-1114.4210804,17.7036069927,409.04237857,0.998300063595,-0.0830560927915,-0.226071662423,-194.964433739,-530.676704951
734.5,0.410714285714,1764,21.8760005823,77.4907794598,24.5478749146,12797625.4555,-5.96371263957,7.11386494804,-0.203196295436,0.0424383776287,-956.680623474,185.527539605,324.448717761,0.998088262323,-0.0755361457806,-0.193349530787,-177.975155855,-455.562201654
735,0.410714285714,1764,13.7080571888,68.8545709878,24.5867708084,12817903.1814,-5.61998013725,7.11386494804,-0.166132956975,0.0388013361028,-779.310789642,278.006834827,180.224936012,0.997698716938,-0.0667483409008,-0.157004337722,-157.768471664,-371.10037602
735.5,0.410714285714,1764,2.4900063975,64.9233202329,24.5961421332,12822788.7654,-5.34241060591,7.11386494804,-0.136200882967,0.035864366497,-634.512221027,293.301344659,29.1235614675,0.997209106483,-0.059335488289,-0.12773501139,-140.354152488,-302.14867668
736,0.410714285714,1764,-9.2820825648,66.5717490354,24.5650124322,12806559.8147,-5.32482607499,7.11386494804,-0.134250600511,0.0356783041703,-623.468630719,271.076808657,-107.398427785,0.996769590746,-0.0588468212913,-0.125830110665,-138.846118253,-296.889824152
736.5,0.410714285714,1764,-18.9888643645,73.4330742096,24.5168802661,12781466.912,-5.51471437158,7.11386494804,-0.154658149136,0.0376875166112,-719.459328979,207.491774904,-237.825244118,0.996740396738,-0.0639488936434,-0.145773903715,-150.293502267,-342.599680466
737,0.410714285714,1764,-24.4705342556,83.9806185331,24.4754156036,12759850.0014,-5.79931928363,7.11386494804,-0.185307918983,0.0406989277422,-864.684721049,83.8421294663,-340.842611897,0.997047121476,-0.0713599885981,-0.175793002092,-167.144341845,-411.754629071
737.5,0.410714285714,1764,-24.5073948254,95.8675036319,24.4469271288,12744998.0098,-6.06789509069,7.11386494804,-0.214277839362,0.0435407345441,-1002.25846546,-89.2252174876,-372.675974406,0.99747200832,-0.0780890574455,-0.204237330362,-182.480093243,-477.265935935
738,0.410714285714,1764,-19.0912444232,106.44884149,24.429038655,12735672.1521,-6.28776320058,7.11386494804,-0.238015944071,0.0458671640801,-1115.24493478,-266.765537313,-309.619743101,0.997835419238,-0.0834038585923,-0.227594338121,-194.614705822,-531.069016564
738.5,0.410714285714,1764,-9.42720206631,113.370234513,24.4240473861,12733070.0373,-6.39469261175,7.11386494804,-0.249590414408,0.0469985866432,-1170.65022536,-390.331321032,-157.453800222,0.99810647885,-0.0859289592718,-0.238998862067,-200.424854519,-557.452488265
739,0.410714285714,1764,2.3344372269,115.091640099,24.4333904787,12737940.9029,-6.37276301405,7.11386494804,-0.247260497726,0.0467665490647,-1160.28907325,-416.926250754,38.7893400675,0.998229899963,-0.0854215028803,-0.236702409563,-199.393702022,-552.51860631
739.5,0.410714285714,1764,13.5766532235,111.230037382,24.4409642952,12741889.3859,-6.46241954529,7.11386494804,-0.256905862535,0.0477152068873,-1207.65304583,-361.585305022,231.234557369,0.998205030544,-0.0875039844492,-0.246212135929,-204.381348094,-575.072878967
740,0.410714285714,1764,21.7979998246,102.644651187,24.4605160524,12752082.3686,-6.45145718371,7.11386494804,-0.255751446038,0.0475992138868,-1203.99264819,-215.091503884,370.79429828,0.998305276797,-0.0872548669709,-0.245073612416,-204.125681951,-573.32983247
740.5,0.410714285714,1764,25.1691886241,91.2457704469,24.4940154439,12769546.7181,-6.31483612872,7.11386494804,-0.241039802842,0.0461536233566,-1135.85914663,-20.4716892458,413.604134989,0.998293222145,-0.0840620874769,-0.230573001351,-197.195455682,-540.885307921
741,0.410714285714,1764,22.940114209,79.5696999047,24.5365665307,12791730.018,-6.06203642716,7.11386494804,-0.213790317324,0.0434787438903,-1007.2553547,159.529398099,350.86455602,0.998138241668,-0.0779687964046,-0.203758601632,-183.537650854,-479.645407
741.5,0.410714285714,1764,15.6067561534,70.2144203429,24.5798053386,12814271.8499,-5.70186845856,7.11386494804,-0.174966410198,0.0396677983171,-821.790959137,268.290926546,211.626403741,0.997827874046,-0.0688818523303,-0.165656479923,-162.719069865,-391.32902816
742,0.410714285714,1764,4.80082122256,65.261525601,24.5975851421,12823541.0541,-5.37925903097,7.11386494804,-0.140180816625,0.0362542605315,-653.899804778,294.263588823,57.1056589613,0.997331183405,-0.0603369228172,-0.131622522774,-142.739726344,-311.380859418
742.5,0.410714285714,1764,-7.07331908006,65.8130581265,24.5735268582,12810998.6687,-5.30506836681,7.11386494804,-0.132134781605,0.0354692474049,-613.658835444,277.493354415,-81.1511868113,0.996830242467,-0.0583097434277,-0.123764461146,-137.674298404,-292.218493068
743,0.410714285714,1764,-17.3736125162,71.7462993303,24.5255895168,12786007.3348,-5.48766091807,7.11386494804,-0.151745094804,0.0374012633963,-705.8992477,226.204945916,-215.298648242,0.996707401626,-0.0632290635959,-0.142924853743,-148.707344342,-336.142498905
743.5,0.410714285714,1764,-23.8081952005,81.7410750522,24.4814615681,12763001.9642,-5.7615914067,7.11386494804,-0.181243488631,0.0402997282073,-845.499755529,113.535490872,-327.291402448,0.997004567133,-0.0703943700706,-0.171807749904,-164.964072089,-402.618931204
744,0.410714285714,1764,-24.9453421282,93.5735005398,24.451242945,12747247.9886,-6.02606130551,7.11386494804,-0.209766393873,0.0430980902993,-980.845619672,-53.6428534653,-374.461768659,0.997418059943,-0.077058513434,-0.199803330536,-180.135481839,-467.069342701
744.5,0.410714285714,1764,-20.5320327428,104.610805298,24.4316846815,12737051.614,-6.25120606996,7.11386494804,-0.234069300573,0.0454803522389,-1096.43888084,-234.531840437,-329.579056659,0.997781172095,-0.0825325602209,-0.223708015981,-192.623337857,-522.113752781
745,0.410714285714,1764,-11.5502492041,112.397136945,24.4237523617,12732916.2312,-6.3907265994,7.11386494804,-0.249152669404,0.0469566221751,-1168.50836169,-373.659292307,-192.696859166,0.998063031811,-0.0858347199136,-0.238567344569,-200.200209462,-556.432553185
745.5,0.410714285714,1764,0.00151927540789,115.199999954,24.4329031615,12737686.8482,-6.35212298786,7.11386494804,-0.24503744377,0.0465481564721,-1149.50422497,-416.337622229,0.0251004568205,0.998225419106,-0.0849374970187,-0.234511622997,-198.256010946,-547.38296427
746,0.410714285714,1764,11.5529497089,112.395744083,24.4394227726,12741085.7388,-6.43673493316,7.11386494804,-0.254134901926,0.0474434374146,-1194.09854855,-378.798820375,195.405149541,0.998181415664,-0.0869091939349,-0.243479403934,-202.966502371,-568.618356454
746.5,0.410714285714,1764,20.5337943266,104.608329492,24.4560924189,12749776.1811,-6.45520403256,7.11386494804,-0.256147565014,0.0476388593809,-1205.47572049,-248.64796443,349.505134319,0.998276944471,-0.087340305605,-0.245464268281,-204.251661681,-574.036057377
747,0.410714285714,1764,24.9457728303,93.570492669,24.4876213439,12766213.2606,-6.33706710388,7.11386494804,-0.243434184839,0.0463888498168,-1146.88067701,-59.0088657594,412.274130402,0.998297348652,-0.0845863738909,-0.232931906547,-198.321759702,-546.133655719
747.5,0.410714285714,1764,23.8071991877,81.7382043817,24.5286918338,12787624.676,-6.106552091,7.11386494804,-0.218587762026,0.043949765155,-1029.91000561,128.046642548,368.979343631,0.998164062262,-0.0790586625552,-0.208475225002,-185.983747549,-490.433336006
748,0.410714285714,1764,17.3714114059,71.7442045978,24.5742812149,12811391.94,-5.74860889538,7.11386494804,-0.180006382239,0.0401623599559,-845.913975611,251.769531945,239.572805376,0.997884781798,-0.0700882560204,-0.170595865049,-165.494535668,-402.816178862
748.5,0.410714285714,1764,7.07040262976,65.8122054198,24.5980304966,12823773.2322,-5.41856878569,7.11386494804,-0.14441867409,0.0366701979518,-674.495995865,292.785347638,85.5849128795,0.997399329001,-0.0613983760687,-0.135763383355,-145.256077812,-321.18856946
749,0.410714285714,1764,-4.80380408891,65.2621046515,24.5807958468,12814788.2348,-5.30147330179,7.11386494804,-0.131756754266,0.035431207939,-612.191410947,283.511616792,-55.054572946,0.996894164297,-0.058213098993,-0.123395493825,-137.527439322,-291.519719499
749.5,0.410714285714,1764,-15.6091417339,70.216302309,24.534157306,12790474.0089,-5.46749426505,7.11386494804,-0.149576507574,0.0371878795761,-695.912375576,243.249605162,-191.921531708,0.996701375915,-0.0626912420931,-0.140804396843,-147.545484547,-331.386845512
750,0.410714285714,1764,-22.9413717009,79.5724660402,24.4884701656,12766655.7797,-5.72121386056,7.11386494804,-0.176896401203,0.0398724924613,-825.003222154,141.313013135,-310.899429625,0.996972598849,-0.0693556302574,-0.167546856029,-162.622933107,-392.858677216
750.5,0.410714285714,1764,-25.1690382293,91.2488052735,24.4557343444,12749589.5049,-5.99026184771,7.11386494804,-0.20590353592,0.0427192954117,-962.567952554,-18.5371169388,-373.60620971,0.99735952301,-0.0761711544858,-0.196008059857,-178.126572643,-458.365691692
751,0.410714285714,1764,-21.7964750068,102.647279442,24.4344350212,12738485.4577,-6.2167964068,7.11386494804,-0.230355797073,0.0451162628003,-1078.7646727,-201.030815429,-346.458949081,0.997734063471,-0.0817081552233,-0.220052375094,-190.742190545,-513.697463189
751.5,0.410714285714,1764,-13.5740932618,111.231674266,24.4227037056,12732369.5319,-6.39531583495,7.11386494804,-0.249636254333,0.0470051809823,-1170.74256021,-354.620009685,-226.71999503,0.998021549699,-0.0859401291462,-0.239044014188,-200.428852807,-557.496457243
752,0.410714285714,1764,-2.33141172488,115.091921397,24.4289912387,12735647.4324,-6.3832420332,7.11386494804,-0.248388767206,0.0468774278078,-1165.32041036,-417.976528874,-38.8362200224,0.998230603414,-0.0856665737901,-0.237814446674,-199.893753341,-554.914481124
752.5,0.410714285714,1764,9.4300199202,113.369097636,24.4376500121,12740161.5397,-6.41835699925,7.11386494804,-0.252165538974,0.0472489800725,-1184.40342178,-393.272160463,158.695229275,0.998216942703,-0.0864842190737,-0.241537585099,-201.944722006,-564.001629421
753,0.410714285714,1764,19.0932276432,106.446539398,24.4517917453,12747534.0965,-6.45857700127,7.11386494804,-0.256505433383,0.0476745488405,-1206.78448926,-280.084569973,325.157671439,0.998256482214,-0.0874173760312,-0.24581721325,-204.360002939,-574.6592806
753.5,0.410714285714,1764,24.5081021357,95.864548551,24.4810589002,12762792.04,-6.36256860615,7.11386494804,-0.246180589933,0.0466586817999,-1159.58363055,-97.5565095518,407.691210894,0.998301057777,-0.0851855160029,-0.23563816183,-199.619477006,-552.182681213
754,0.410714285714,1764,24.4698082763,83.9776679832,24.5214564272,12783852.6174,-6.14245114241,7.11386494804,-0.222458672516,0.044329613845,-1048.09888901,94.3141135581,383.215051922,0.998193392048,-0.0799326035207,-0.21228225205,-187.92875576,-499.09470905
754.5,0.410714285714,1764,18.9868666294,73.4307847018,24.56776112,12807992.7972,-5.79776051383,7.11386494804,-0.185304246517,0.0406824343631,-871.208147379,232.492943687,266.416510054,0.997929967367,-0.0713478946639,-0.175790222054,-168.379447912,-414.861022562
755,0.410714285714,1764,9.27925757942,66.5706299962,24.5961925078,12822815.0274,-5.47201637857,7.11386494804,-0.150178272131,0.0372357281634,-702.362753371,290.183965569,114.928048065,0.997469793646,-0.0628320923257,-0.141393567909,-148.625745646,-334.458453986
755.5,0.410714285714,1764,-2.49303006057,64.9236206537,24.5872807532,12818169.0327,-5.30168117949,7.11386494804,-0.131790421172,0.0354334074977,-612.678057843,287.580454616,-28.5905197194,0.996979785672,-0.0582207804548,-0.12342844973,-137.618170779,-291.751456116
756,0.410714285714,1764,-13.7106067502,68.8562240236,24.5445248527,12795878.9565,-5.40974821203,7.11386494804,-0.143369559601,0.0365768672587,-666.489856749,253.768351689,-164.555190121,0.996701724525,-0.0611434782099,-0.134737422088,-144.024427031,-317.376122262
756.5,0.410714285714,1764,-21.8775087527,77.4934173023,24.4978622751,12771552.1994,-5.63397073546,7.11386494804,-0.167500697687,0.0389493709447,-780.280199103,164.078072731,-287.018409352,0.996879891185,-0.0670903408276,-0.158342740251,-157.432043618,-371.561999573
757,0.410714285714,1764,-25.176561842,88.9133842361,24.4611183477,12752396.3653,-5.93827537817,7.11386494804,-0.20028596087,0.0421692253798,-935.885710608,15.8616514339,-367.509713644,0.9972302064,-0.0748728339598,-0.190490861791,-175.167546364,-445.659862195
757.5,0.410714285714,1764,-22.8737111409,100.575128304,24.435984586,12739293.2975,-6.20438297773,7.11386494804,-0.22900415944,0.0449849160213,-1072.37892224,-167.49681318,-362.290991808,0.997664521979,-0.0814077416267,-0.218722032071,-190.064999725,-510.656629637
758,0.410714285714,1764,-15.4813517952,109.883856432,24.4224399094,12732232.0061,-6.39414986501,7.11386494804,-0.249506984387,0.0469928438275,-1170.09316227,-331.993653168,-258.486604756,0.998006444577,-0.0859123407203,-0.238916580297,-200.359716522,-557.18722013
758.5,0.410714285714,1764,-4.64431863566,114.768332693,24.4266067351,12734404.3112,-6.39394592461,7.11386494804,-0.249540741525,0.0469906859293,-1170.65593729,-413.708713918,-77.5746641314,0.998229287198,-0.0859164064366,-0.238949947374,-200.437576016,-557.455208233
759,0.410714285714,1764,7.22609733174,114.141738076,24.4359525469,12739276.5944,-6.40500078337,7.11386494804,-0.250730768068,0.0471076576446,-1177.30360364,-404.761325562,121.153030713,0.998229056912,-0.0861740329089,-0.240123063275,-201.192469712,-560.620763638
759.5,0.410714285714,1764,17.4886725508,108.143492839,24.4469233273,12744996.028,-6.48092088669,7.11386494804,-0.258906993635,0.0479109700068,-1217.9285179,-310.677948598,299.465211022,0.99824151158,-0.0879317262023,-0.248186026858,-205.480577318,-579.965960905
760,0.410714285714,1764,23.8599356176,98.1082348463,24.473184412,12758686.8068,-6.40948012295,7.11386494804,-0.251237249854,0.0471550536399,-1183.34969957,-136.528611175,401.759931029,0.998325494311,-0.0862821337301,-0.240622418317,-202.059186144,-563.499856938
760.5,0.410714285714,1764,24.9222504408,86.2688563461,24.5125095362,12779188.3049,-6.20106969879,7.11386494804,-0.228781067106,0.0449498581405,-1078.02462388,59.4249881365,396.930425137,0.998246541714,-0.0813497215659,-0.218502835712,-191.120986965,-513.345058989
761,0.410714285714,1764,20.4392469603,75.2596749121,24.5587946855,12803318.296,-5.87229762263,7.11386494804,-0.193339986888,0.0414711132284,-909.612117602,212.164999451,294.192481797,0.998002400254,-0.0732414731192,-0.183673325166,-172.722106075,-433.14862743
761.5,0.410714285714,1764,11.4084146009,67.5302853535,24.5931067715,12821206.3302,-5.53331745859,7.11386494804,-0.156788901275,0.0378843563033,-734.295698423,285.456527509,144.933145239,0.997574323184,-0.0644644259045,-0.147859128255,-152.448679656,-349.664618297
762,0.410714285714,1764,-0.160843830979,64.8005133135,24.5918142766,12820532.5095,-5.32211968253,7.11386494804,-0.134000877882,0.0356496677693,-623.620689674,291.877811064,-1.86300403231,0.997076163933,-0.0587804267049,-0.125586605662,-138.992265055,-296.962233178
762.5,0.410714285714,1764,-11.6943137516,67.6777459498,24.554519332,12801089.4117,-5.36251719338,7.11386494804,-0.138297538329,0.0360771147622,-642.501578876,262.54324261,-137.542698221,0.996735889186,-0.059869332061,-0.129782242221,-141.138027739,-305.953132798
763,0.410714285714,1764,-20.6257436899,75.5217854264,24.507204612,12776422.671,-5.5689513543,7.11386494804,-0.160498236631,0.0382613993747,-747.070016827,185.254689993,-263.914844868,0.996802773699,-0.0653839476182,-0.151487814815,-153.544918721,-355.74762706
763.5,0.410714285714,1764,-24.9678483471,86.5872959523,24.4676272848,12755789.6912,-5.87096361006,7.11386494804,-0.193027778398,0.0414569980107,-901.361485932,48.7155663311,-356.410299664,0.997131295341,-0.0731795785916,-0.183366177891,-171.29724342,-429.219755206
764,0.410714285714,1764,-23.7544889513,98.4121492296,24.4407312302,12741767.8814,-6.14314806757,7.11386494804,-0.22239527102,0.0443369880262,-1040.90156999,-130.865234858,-369.541325371,0.997572476955,-0.0799269827781,-0.212219467776,-186.680332864,-495.66741428
764.5,0.410714285714,1764,-17.2556436927,108.365259616,24.4246644692,12733391.7433,-6.35591158483,7.11386494804,-0.24537286254,0.0465882437039,-1150.3475251,-303.490341772,-285.153671191,0.99793083835,-0.0850149059334,-0.23484201475,-198.302892389,-547.78453576
765,0.410714285714,1764,-6.91733630206,114.232013092,24.4252431851,12733693.4472,-6.39724803766,7.11386494804,-0.249885327397,0.0470256256637,-1172.18911129,-405.05990688,-115.629501674,0.998185765447,-0.0859916850921,-0.239289607823,-200.590799622,-558.185291092
765.5,0.410714285714,1764,4.96011105104,114.707029331,24.4343771433,12738455.284,-6.39418714496,7.11386494804,-0.249567583556,0.0469932382874,-1171.53057482,-412.975066215,82.9076681902,0.998232783188,-0.0859221713336,-0.238976408208,-200.578577384,-557.871702293
766,0.410714285714,1764,15.733910294,109.684614979,24.4425712782,12742727.1597,-6.49760171657,7.11386494804,-0.260699568927,0.048087470252,-1226.17002905,-338.413814769,270.494119879,0.998229329292,-0.0883144699935,-0.249954444697,-206.301509154,-583.890490024
766.5,0.410714285714,1764,23.0068402656,100.282280924,24.4651454159,12754495.8102,-6.46069149944,7.11386494804,-0.256755472232,0.0476969223943,-1209.31508977,-175.403503238,392.469376295,0.998343585707,-0.0874697093955,-0.246063851196,-204.705751036,-575.864328464
767,0.410714285714,1764,25.1606397342,88.5920908525,24.5032352619,12774353.3166,-6.26376985911,7.11386494804,-0.235544430366,0.0456132899814,-1110.03219152,22.8201282772,407.816816364,0.998303380298,-0.0828516343282,-0.225160737227,-194.502280072,-528.586757864
767.5,0.410714285714,1764,21.7160781566,77.2151672089,24.549124717,12798277.0191,-5.95217920397,7.11386494804,-0.201952797171,0.0423163420809,-950.734981969,188.911968934,320.882341531,0.998078035843,-0.0752483335072,-0.192128325336,-177.315078285,-452.730943795
768,0.410714285714,1764,13.439586735,68.6829291789,24.5875074161,12818287.1996,-5.60973692129,7.11386494804,-0.165028276183,0.0386929523987,-773.988744645,279.152571828,175.994874384,0.997683252627,-0.0664797819202,-0.155922785702,-157.143112675,-368.566068878
768.5,0.410714285714,1764,2.17272385828,64.8938399783,24.5958222342,12822621.9915,-5.33854072584,7.11386494804,-0.135782593861,0.0358234192069,-632.466581815,293.116338345,25.366717213,0.997193594496,-0.0592299725999,-0.1273265114,-140.100917747,-301.174562769
769,0.410714285714,1764,-9.57758032759,66.6909898308,24.563865318,12805961.7858,-5.32697817658,7.11386494804,-0.134481076131,0.0357010756068,-624.525308222,269.939647947,-110.917136466,0.996763179821,-0.0589052385955,-0.12605514469,-138.970970961,-297.393003915
769.5,0.410714285714,1764,-19.1968277045,73.6745044154,24.5156213858,12780810.6158,-5.52007959088,7.11386494804,-0.155235425323,0.0377442861201,-722.17207863,204.902131845,-240.940368453,0.99674397837,-0.0640912557128,-0.146338577795,-150.61261506,-343.891466014
770,0.410714285714,1764,-24.5446903486,84.2905187896,24.474555113,12759401.3989,-5.80608455261,7.11386494804,-0.186036921609,0.0407705112091,-868.140319051,79.7124026987,-342.67846221,0.997055515816,-0.071532619357,-0.176507946433,-167.536908721,-413.400151929
770.5,0.410714285714,1764,-24.4312435908,96.1769196699,24.4462420159,12744640.8376,-6.07551618803,7.11386494804,-0.215099717661,0.0436213735507,-1006.16690548,-94.1501218449,-372.386996079,0.997481606073,-0.078276105114,-0.205045273382,-182.906937846,-479.127097848
771,0.410714285714,1764,-18.8817298699,106.688926782,24.4285592548,12735422.2248,-6.29494419022,7.11386494804,-0.238791034063,0.045943146297,-1118.94170947,-271.202022847,-306.835987875,0.997845208957,-0.0835744055037,-0.228357722412,-195.005006419,-532.829385463
771.5,0.410714285714,1764,-9.13094217097,113.487568948,24.4238190296,12732950.9874,-6.40007127429,7.11386494804,-0.250171490451,0.0470554983955,-1173.43399528,-392.857648381,-152.725915431,0.998114937957,-0.0860546785385,-0.239571673754,-200.714334935,-558.778092991
772,0.410714285714,1764,2.65152323987,115.060116211,24.4333829412,12737936.9733,-6.37702148728,7.11386494804,-0.247720438848,0.0468116080681,-1162.51045442,-416.889014408,44.1095684011,0.998235964996,-0.085521371243,-0.237155724227,-199.626694895,-553.576406866
772.5,0.410714285714,1764,13.8440122202,111.056669386,24.4410860812,12741952.877,-6.46703266215,7.11386494804,-0.25740371444,0.047764018383,-1210.07364762,-359.073003216,236.07774588,0.998209877682,-0.0876105815664,-0.246703181287,-204.632364194,-576.225546486
773,0.410714285714,1764,21.956143167,102.36801428,24.4609506919,12752308.9607,-6.4519347697,7.11386494804,-0.255804158858,0.0476042672352,-1204.2908513,-210.420365095,373.545789699,0.998310332774,-0.087266109781,-0.245125600523,-204.15923882,-573.471833953
773.5,0.410714285714,1764,25.1829286722,90.9274176455,24.4947173034,12769912.6208,-6.31155575661,7.11386494804,-0.24068676651,0.0461189136637,-1134.21095574,-15.2270390952,413.472227213,0.998293748489,-0.0839846145928,-0.230225233808,-197.025008137,-540.100455116
774,0.410714285714,1764,22.8063937375,79.2804662093,24.5381259407,12792542.9904,-6.0464382257,7.11386494804,-0.212110469499,0.0433136989613,-999.220278465,163.167656271,347.148102408,0.998134411673,-0.0775853786794,-0.202107488244,-182.658305247,-475.819180221
774.5,0.410714285714,1764,15.3553285979,70.0186616152,24.5816371857,12815226.8528,-5.67646220418,7.11386494804,-0.172228978837,0.0393989741542,-808.606999811,268.394195986,206.256507636,0.997807703226,-0.068223096186,-0.162974566919,-161.186918003,-385.050952291
775,0.410714285714,1764,4.48763040051,65.2027990816,24.5972458614,12823364.1757,-5.37655811532,7.11386494804,-0.139885056539,0.0362256820808,-652.446213087,294.59252861,53.313371598,0.997293675264,-0.0602629783277,-0.131333554465,-142.56086221,-310.688672898
775.5,0.410714285714,1764,-7.37858673322,65.904430743,24.5724283886,12810425.9999,-5.30756555799,7.11386494804,-0.132402646688,0.0354956702422,-614.900427513,276.742876165,-84.7446803519,0.996825820905,-0.0583777821797,-0.124025956976,-137.822621186,-292.809727387
776,0.410714285714,1764,-17.6030335074,71.9674402444,24.524499113,12785438.8709,-5.4892003856,7.11386494804,-0.151911207156,0.0374175525377,-706.638721823,223.589856708,-218.264061947,0.996711583195,-0.0632701572714,-0.143087299564,-148.790760539,-336.494629439
776.5,0.410714285714,1764,-23.9107222769,82.0427793673,24.4806119819,12762559.0466,-5.76532693055,7.11386494804,-0.181645577172,0.0403392538711,-847.380843607,109.529197999,-329.125250568,0.997006998844,-0.0704901533702,-0.172201943621,-165.177068308,-403.514687432
777,0.410714285714,1764,-24.8981625315,93.8886376223,24.4506851745,12746957.2043,-6.03063540203,7.11386494804,-0.21025953992,0.04314648892,-983.179697696,-58.4563782187,-374.284401705,0.997423433653,-0.0771714840107,-0.200287931961,-180.391336701,-468.180808426
777.5,0.410714285714,1764,-20.3456441558,104.86925566,24.4313356357,12736869.6448,-6.25530880143,7.11386494804,-0.23451217599,0.0455237633351,-1098.54464364,-238.957117635,-326.965693176,0.997787145494,-0.0826305818486,-0.224144062288,-192.846600878,-523.11649697
778,0.410714285714,1764,-11.2661239669,112.541394162,24.4237093491,12732893.8073,-6.39223742908,7.11386494804,-0.249316513072,0.0469726082988,-1169.29530543,-376.219957916,-188.033652854,0.998067939752,-0.0858701654816,-0.238728851002,-200.282176984,-556.807288298
778.5,0.410714285714,1764,0.320161957108,115.197966115,24.4316806429,12737049.5085,-6.37335081549,7.11386494804,-0.247323089072,0.0467727686053,-1160.42902698,-418.701261929,5.31996173231,0.998227126938,-0.0854351497704,-0.236764096634,-199.39764663,-552.585250945
779,0.410714285714,1764,11.8352103351,112.247871726,24.4394057068,12741076.8418,-6.44206860978,7.11386494804,-0.254715255329,0.0474998731697,-1196.90363968,-376.836222242,200.465734751,0.99820570011,-0.0870336858702,-0.244051709219,-203.256955212,-569.954114134
779.5,0.410714285714,1764,20.7168685763,104.347520914,24.4564769223,12749976.6355,-6.45586380143,7.11386494804,-0.256220110832,0.0476458404105,-1205.86502107,-244.259709398,352.694819422,0.998282853388,-0.0873557845283,-0.245535818594,-204.294284026,-574.221438607
780,0.410714285714,1764,24.9889258192,93.2547790097,24.4882727954,12766552.884,-6.33416516057,7.11386494804,-0.243121938565,0.0463581442878,-1145.42687894,-53.7505594919,412.675865207,0.998298074593,-0.084518087694,-0.23262426229,-198.17219909,-545.441370923
780.5,0.410714285714,1764,23.7008291722,81.4378334195,24.529420955,12788004.7912,-6.10271926422,7.11386494804,-0.218174441388,0.0439092099266,-1027.9632695,132.552766115,366.917699681,0.998160705098,-0.078965068802,-0.208068795115,-185.774614221,-489.50631881
781,0.410714285714,1764,17.1391862163,71.5260102889,24.5748308668,12811678.4919,-5.74366348385,7.11386494804,-0.17947330515,0.0401100324426,-843.36066547,254.327559836,235.951598768,0.997879920247,-0.0699610212746,-0.170073329673,-165.201494954,-401.600316891
781.5,0.410714285714,1764,6.76399346632,65.7247370274,24.5981460304,12823833.4638,-5.41180317818,7.11386494804,-0.14368991318,0.0365986109029,-670.964042661,292.975007458,81.6337618457,0.997392171346,-0.0612162001753,-0.135051198832,-144.826447131,-319.506686982
782,0.410714285714,1764,-5.11621974169,65.3248243055,24.5799287055,12814336.1652,-5.29998297163,7.11386494804,-0.131595086212,0.0354154387213,-611.365245348,282.573914452,-58.5896634537,0.996883220072,-0.0581721432781,-0.123237663729,-137.42098599,-291.126307308
782.5,0.410714285714,1764,-15.8580499194,70.4152545905,24.5327539314,12789742.3829,-5.47223825735,7.11386494804,-0.150086052579,0.0372380758679,-698.294770414,241.261873419,-195.353207424,0.996698875977,-0.0628177893039,-0.141302593111,-147.826403688,-332.521319245
783,0.410714285714,1764,-23.0713891734,79.8633831279,24.487778758,12766295.3259,-5.72578832759,7.11386494804,-0.177389575976,0.0399208950023,-827.336386718,137.596671907,-313.176122427,0.996980138023,-0.069473727449,-0.168030177995,-162.890645244,-393.969707961
783.5,0.410714285714,1764,-25.1512354879,91.5669567429,24.454981401,12749196.9704,-5.9960387293,7.11386494804,-0.206526272304,0.0427804207289,-965.512754619,-23.3020765045,-374.021820431,0.997366196417,-0.0763145646629,-0.196619817846,-178.450949152,-459.76797839
784,0.410714285714,1764,-21.6348132454,102.92187509,24.4340440749,12738281.6444,-6.22077564878,7.11386494804,-0.23078572863,0.0451583672513,-1080.80464045,-205.629397447,-344.280809138,0.997741708233,-0.0818037941329,-0.220475554059,-190.959342371,-514.668876403
784.5,0.410714285714,1764,-13.304542985,111.401615265,24.4225472821,12732287.9831,-6.3976650273,7.11386494804,-0.249890306826,0.0470300378406,-1171.95409177,-357.68244795,-222.357118598,0.998026376026,-0.0859950883728,-0.239294451838,-200.554459194,-558.073377033
785,0.410714285714,1764,-2.01394914098,115.119395073,24.4291287268,12735719.1096,-6.38363770121,7.11386494804,-0.248432021456,0.0468816143801,-1165.54244657,-418.484555545,-33.552026579,0.998233253375,-0.0856759228086,-0.237857081674,-199.917818556,-555.020212651
785.5,0.410714285714,1764,9.7247578885,113.247990967,24.4377494724,12740213.3916,-6.41996131292,7.11386494804,-0.252338358833,0.0472659553524,-1185.24860449,-391.405968032,163.727191765,0.998217391467,-0.0865215094055,-0.241707977287,-202.033441213,-564.404097378
786,0.410714285714,1764,19.2996604074,106.203799189,24.452224943,12747759.9369,-6.45662947922,7.11386494804,-0.256296232076,0.0476539420648,-1205.8142935,-275.818743571,328.516048786,0.998258274802,-0.087372476859,-0.245610885464,-204.262277275,-574.19728262
786.5,0.410714285714,1764,24.5802974318,95.5541856435,24.4818976504,12763229.3084,-6.35641305914,7.11386494804,-0.245517355055,0.0465935498151,-1156.44651655,-92.2432827909,408.226781135,0.99829891681,-0.0850410652295,-0.234984569158,-199.294633729,-550.688817406
787,0.410714285714,1764,24.3917023104,83.6687395882,24.5224404811,12784365.6375,-6.13530353656,7.11386494804,-0.22168767573,0.0442539848628,-1044.43843182,98.944666272,381.192477951,0.998186340692,-0.0797589304463,-0.211523884611,-187.535485519,-497.351634198
787.5,0.410714285714,1764,18.7758383474,73.1920288448,24.5687102286,12808487.5992,-5.78927442956,7.11386494804,-0.184389318279,0.0405926429099,-866.828550863,235.144315492,262.674871061,0.997921020969,-0.0711310079151,-0.174893004625,-167.880570466,-412.775500411
788,0.410714285714,1764,8.98226176958,66.4551709817,24.5962716875,12822856.3064,-5.46648743963,7.11386494804,-0.149581708968,0.0371772263331,-699.469785134,290.929150429,110.988352624,0.997457715211,-0.0626841329841,-0.140810274085,-148.276710883,-333.080850064
788.5,0.410714285714,1764,-2.80991042931,64.9571486572,24.5864318127,12817726.4517,-5.30100870344,7.11386494804,-0.131716956893,0.0354262920132,-612.279744807,287.084520386,-32.2120583188,0.996970997295,-0.0582022105006,-0.123356724955,-137.564776369,-291.561783241
789,0.410714285714,1764,-13.9768643008,69.031278906,24.5432093682,12795193.1506,-5.41580818021,7.11386494804,-0.144020769711,0.0366409879217,-669.565937715,252.31107027,-168.1799083,0.996700596705,-0.0613064469303,-0.1353737924,-144.392823467,-318.840922722
789.5,0.410714285714,1764,-22.033899924,77.7710485266,24.496513523,12770849.05,-5.64430633016,7.11386494804,-0.168613506666,0.0390587321104,-785.56368372,161.063114926,-290.200559177,0.996889701547,-0.067360112805,-0.159432475949,-158.047677539,-374.077944628
790,0.410714285714,1764,-25.1882888604,89.2318175449,24.4601019191,12751866.4672,-5.94925900924,7.11386494804,-0.20147033008,0.0422854434331,-941.521239144,11.253594759,-368.999309486,0.99724572958,-0.0751475545484,-0.191653848576,-175.795654019,-448.343447211
790.5,0.410714285714,1764,-22.7381646897,100.863510784,24.4357529414,12739172.5334,-6.20489280452,7.11386494804,-0.229062411655,0.0449903105103,-1072.63971383,-172.088206277,-360.193868576,0.997679326654,-0.0814205338576,-0.218779370918,-190.091262066,-510.780816109
791,0.410714285714,1764,-15.2286915991,110.07802162,24.4228283835,12732434.5306,-6.38851065436,7.11386494804,-0.248900199258,0.0469331752096,-1167.20100012,-334.732887366,-253.886762662,0.998007066421,-0.0857807895608,-0.238318459772,-200.059284943,-555.810000057
791.5,0.410714285714,1764,-4.33076278043,114.82507792,24.4265430027,12734371.0854,-6.39557258627,7.11386494804,-0.249714261152,0.0470078976739,-1171.48780001,-414.836252217,-72.3686510414,0.998222912266,-0.0859540917978,-0.239120991905,-200.524447199,-557.85133334
792,0.410714285714,1764,7.53078118902,114.048437261,24.4358532102,12739224.8069,-6.40919363164,7.11386494804,-0.25118260107,0.0471520222687,-1179.47797665,-403.650746568,126.403450512,0.998230893164,-0.0862717035105,-0.240568504708,-201.418865862,-561.656179359
792.5,0.410714285714,1764,17.7166908145,107.920905853,24.4474971253,12745295.168,-6.47562753728,7.11386494804,-0.258338362359,0.0478549609547,-1215.23296231,-306.456398387,302.964219718,0.998246220277,-0.0878100887622,-0.247625109926,-205.205965081,-578.682363005
793,0.410714285714,1764,23.9605531482,97.8058883436,24.4741788719,12759205.2519,-6.40046717188,7.11386494804,-0.250265442674,0.047059687397,-1178.73395021,-131.12821208,402.504411601,0.998319726261,-0.0860720276384,-0.239664373725,-201.583532289,-561.301881051
793.5,0.410714285714,1764,24.873079363,85.9540238506,24.5137355255,12779827.454,-6.1907418355,7.11386494804,-0.227666915932,0.0448405787811,-1072.72244258,64.2485937572,394.975232797,0.998236410875,-0.0811009243818,-0.217406398663,-190.555528907,-510.820210753
794,0.410714285714,1764,20.251228071,75.0024081394,24.560067775,12803982,-5.86033024239,7.11386494804,-0.192049527473,0.0413444861024,-903.434627236,214.998106426,290.311653265,0.997989759533,-0.0729387759955,-0.182407024235,-172.026102663,-430.20696535
794.5,0.410714285714,1764,11.1233829899,67.3878273742,24.5935992466,12821463.0739,-5.52366059252,7.11386494804,-0.155747405688,0.0377821767809,-729.264940861,286.135878125,140.755999532,0.997557728781,-0.0642081754701,-0.1468402447,-151.848767225,-347.269019458
795,0.410714285714,1764,-0.47946728534,64.8045617001,24.5913160705,12820272.7781,-5.31744387469,7.11386494804,-0.133496080917,0.0356001929388,-621.14803223,291.184929515,-5.54122718665,0.997061110315,-0.0586526881451,-0.125093722987,-138.68459491,-295.784777252
795.5,0.410714285714,1764,-11.9756338275,67.8273999173,24.5530833474,12800340.7851,-5.36938036436,7.11386494804,-0.139034183687,0.0361497341325,-645.988163297,261.560880347,-141.271538519,0.996728092493,-0.0600549180983,-0.130501779005,-141.558976054,-307.613411094
796,0.410714285714,1764,-20.8071653433,75.7837462608,24.5059371405,12775761.8959,-5.57770130644,7.11386494804,-0.161440672302,0.0383539828199,-751.540854155,182.525325332,-267.147357751,0.996814051984,-0.0656144999048,-0.152410157384,-154.070400274,-357.876597216
796.5,0.410714285714,1764,-25.0090044041,86.9032761322,24.4665304637,12755217.8817,-5.88204735482,7.11386494804,-0.194222277326,0.0415742753693,-907.042437405,44.3700910787,-358.330884693,0.997144732834,-0.073459429698,-0.184538412182,-171.93689708,-431.924970193
797,0.410714285714,1764,-23.6462219952,98.7118416742,24.4397941859,12741279.3689,-6.15442212772,7.11386494804,-0.223611586747,0.0444562791164,-1046.68989249,-135.980937416,-369.087909711,0.997587789374,-0.0802005703406,-0.213415957692,-187.304970639,-498.42375833
797.5,0.410714285714,1764,-17.0220436318,108.581981342,24.423900231,12732993.3204,-6.36598226144,7.11386494804,-0.246460144612,0.0466948017652,-1155.52378273,-307.907184033,-282.058701098,0.997944895233,-0.0852515446077,-0.235913504352,-198.842423765,-550.249420349
798,0.410714285714,1764,-6.61038025217,114.317542493,24.4253600443,12733754.3697,-6.39649960212,7.11386494804,-0.249807645179,0.0470177064499,-1171.825227,-406.413172335,-110.477677148,0.998197294746,-0.0859746927235,-0.23921303585,-200.553080943,-558.012012857
798.5,0.410714285714,1764,5.27212392069,114.642335712,24.4345360661,12738538.1358,-6.39345984096,7.11386494804,-0.249489076137,0.0469855426671,-1171.16642881,-411.817589472,88.1066385001,0.998231939065,-0.0859051728142,-0.238899019703,-200.541504317,-557.698299435
799,0.410714285714,1764,15.9815556479,109.484092975,24.4429012533,12742899.1867,-6.49539996001,7.11386494804,-0.260462329773,0.0480641734152,-1225.05492237,-334.783753262,274.601706608,0.998228507956,-0.0882639100839,-0.249720387982,-206.188968828,-583.359486842
799.5,0.410714285714,1764,23.135015844,99.9905476274,24.4669506718,12755436.9502,-6.43846908434,7.11386494804,-0.254362290832,0.0474617865082,-1197.89251028,-169.450539694,392.394998432,0.998341205181,-0.0869557805262,-0.243703689773,-203.53303464,-570.425004897
800,0.410714285714,1764,25.1408258663,88.2740582979,24.5042668572,12774891.1216,-6.25621037693,7.11386494804,-0.234724808213,0.0455333029263,-1106.14664976,27.9162067193,406.639744056,0.998278867115,-0.0826706486541,-0.224353696464,-194.093740382,-526.736499883
800.5,0.410714285714,1764,21.5526835215,76.94159914,24.550364504,12798923.3614,-5.94116521378,7.11386494804,-0.200765477912,0.042199802797,-945.060961141,192.267825266,317.334996357,0.998069017187,-0.0749730566447,-0.190962407962,-176.684260801,-450.029029115
801,0.410714285714,1764,13.1689674099,68.5146957816,24.5880931674,12818592.5713,-5.60106358555,7.11386494804,-0.164092640583,0.0386011796335,-769.478607883,280.405130871,171.868454478,0.997668422975,-0.0662520372348,-0.155006817027,-156.61223766,-366.418384706
801.5,0.410714285714,1764,1.85509391969,64.8683739772,24.5953658384,12822384.0571,-5.33483839742,7.11386494804,-0.135382653126,0.0357842447846,-630.50313447,292.902666192,21.6206446261,0.997180417755,-0.0591290159832,-0.126935946095,-139.856927328,-300.239587843
802,0.410714285714,1764,-9.87154671977,66.8139575313,24.5626177182,12805311.3704,-5.32963547053,7.11386494804,-0.134765890364,0.0357291924953,-625.839533437,268.817146779,-114.449933709,0.996757039131,-0.0589773874662,-0.126333242536,-139.127053084,-298.018825446
802.5,0.410714285714,1764,-19.4017216411,73.9185449241,24.5143010336,12780122.2722,-5.52629657354,7.11386494804,-0.155904395079,0.0378100681569,-725.32337458,202.336490944,-244.112007067,0.996748397422,-0.0642560952993,-0.146992979002,-150.983718815,-345.392083134
803,0.410714285714,1764,-24.614921962,84.6013319418,24.4736129995,12758910.2437,-5.81380555628,7.11386494804,-0.186868949977,0.0408522073268,-872.086785398,75.5745811764,-344.578032568,0.997065224199,-0.071729439272,-0.177323982729,-167.984948203,-415.279421618
803.5,0.410714285714,1764,-24.3511860157,96.4853480729,24.445463542,12744234.9932,-6.08365748914,7.11386494804,-0.215977859082,0.0437075168452,-1010.33886681,-99.0970245925,-372.089524314,0.997492531463,-0.078475711125,-0.205908585071,-183.361676465,-481.113746101
804,0.410714285714,1764,-18.6691962946,106.926343661,24.4279797137,12735120.0907,-6.30209498167,7.11386494804,-0.239563042382,0.046018808986,-1122.61434322,-275.605484569,-303.98371878,0.99785563538,-0.0837440748064,-0.229118117988,-195.391626281,-534.578258674
804.5,0.410714285714,1764,-8.8332223185,113.601147927,24.4235894242,12732831.2865,-6.40279351118,7.11386494804,-0.250466620414,0.0470843024467,-1174.83696399,-395.042414125,-147.852870547,0.998123336982,-0.0861184306689,-0.239862617716,-200.859254142,-559.44617333
805,0.410714285714,1764,2.96818529765,115.024585432,24.4333729181,12737931.748,-6.37886673756,7.11386494804,-0.247919847254,0.0468311327038,-1163.47292007,-416.50823098,49.4023611664,0.998239029418,-0.0855646421534,-0.237352264926,-199.727535361,-554.034723844
805.5,0.410714285714,1764,14.1091576815,110.879934615,24.4411776436,12742000.6115,-6.46966972918,7.11386494804,-0.257688137576,0.04779192125,-1211.45878047,-356.309265177,240.768168028,0.998211975345,-0.0876714550985,-0.246983724049,-204.776081008,-576.885133556
806,0.410714285714,1764,22.1107759156,102.089399837,24.4614689314,12752579.1363,-6.45006740047,7.11386494804,-0.255603854226,0.0475845085583,-1203.3713243,-205.587465094,376.006950983,0.998313218536,-0.0872230587522,-0.244928058359,-204.067167476,-573.03396395
806.5,0.410714285714,1764,25.1926421922,90.6089165581,24.4953734335,12770254.6833,-6.30963433983,7.11386494804,-0.24047941172,0.0460985831084,-1133.26538874,-9.99276953992,413.429827405,0.998291689869,-0.0839391267792,-0.230020976916,-196.928844978,-539.650185115
807,0.410714285714,1764,22.6690267247,78.9929464727,24.5397134121,12793370.5922,-6.03154208506,7.11386494804,-0.210506539888,0.0431560825541,-991.555408606,166.773314727,343.469641457,0.998132165939,-0.0772184354403,-0.200531204617,-181.817938085,-472.169242194
807.5,0.410714285714,1764,15.1014458609,69.8260977272,24.5819002386,12815363.9911,-5.67695559383,7.11386494804,-0.172278725806,0.0394041947215,-808.866003553,271.035149983,202.887006615,0.997788328321,-0.0682353289573,-0.16302327996,-161.219270116,-385.174287406
808,0.410714285714,1764,4.17372204593,65.1480374159,24.5979600903,12823736.5271,-5.3568416687,7.11386494804,-0.137764620066,0.0360170619049,-642.193880271,292.644828476,49.1477551562,0.997294406809,-0.0597291681409,-0.129262313779,-141.306262225,-305.806609653
808.5,0.410714285714,1764,-7.68267461544,65.9996560284,24.5712194677,12809795.7492,-5.31065234084,7.11386494804,-0.132730166434,0.0355283315627,-616.424848263,276.01600262,-88.3546143879,0.99679342849,-0.0584612184283,-0.124345668863,-138.006023387,-293.53564203
809,0.410714285714,1764,-17.8296399288,72.1914644058,24.5233294807,12784829.1026,-5.49186992,7.11386494804,-0.152198941158,0.0374457989427,-707.960818579,221.039474297,-221.301421216,0.996716747524,-0.0633413408893,-0.143368685851,-148.94395317,-337.124199323
809.5,0.410714285714,1764,-24.0094262396,82.3457559717,24.4797207302,12762094.4073,-5.76988617003,7.11386494804,-0.182136560009,0.0403874952892,-849.687683448,105.525801943,-331.007732281,0.997011212673,-0.0706070274166,-0.172683305351,-165.438888366,-404.613182594
810,0.410714285714,1764,-24.8470019381,94.2031529459,24.4500779382,12746640.6318,-6.03557684103,7.11386494804,-0.210792453331,0.0431987743999,-985.701500873,-63.2810959686,-374.087151818,0.997429982727,-0.0772934676256,-0.200811634009,-180.667503991,-469.381667082
810.5,0.410714285714,1764,-20.1560024798,105.12532856,24.4309290539,12736657.6801,-6.25936300624,7.11386494804,-0.234949945179,0.0455666609695,-1100.62053603,-243.349070697,-324.286804953,0.997793587003,-0.0827274043776,-0.224575096341,-193.066143117,-524.105017157
811,0.410714285714,1764,-10.9801973758,112.682047209,24.4237077303,12732892.9634,-6.39131522759,7.11386494804,-0.249218460754,0.0469628504636,-1168.82175512,-378.473420186,-183.215951226,0.998072781693,-0.0858488407151,-0.238632200367,-200.232412903,-556.581788151
811.5,0.410714285714,1764,0.638753447734,115.191903343,24.4319507581,12737190.3286,-6.37074812497,7.11386494804,-0.247042645299,0.0467452294769,-1159.09998522,-418.311090147,10.6064892129,0.998226084615,-0.0853741901722,-0.236487701007,-199.259778567,-551.952373913
812,0.410714285714,1764,12.1155786156,112.09644213,24.4394417414,12741095.6279,-6.44552616064,7.11386494804,-0.255086702963,0.0475364575951,-1198.70363766,-374.615972043,205.403622593,0.998202734138,-0.0871135806068,-0.24441801264,-203.444139923,-570.811256028
812.5,0.410714285714,1764,20.8966303814,104.084418295,24.4568847196,12750189.2338,-6.45578538215,7.11386494804,-0.256212649604,0.0476450106542,-1205.86910111,-239.783960625,355.760294229,0.998286676715,-0.087354127509,-0.245528461211,-204.297221744,-574.223381481
813,0.410714285714,1764,25.0280832993,92.93854494,24.4889721651,12766917.4888,-6.33201443936,7.11386494804,-0.24289037087,0.0463353874571,-1144.36884418,-48.501845818,413.098408261,0.998297988319,-0.0844674344212,-0.23239611209,-198.064743506,-544.937544846
813.5,0.410714285714,1764,23.5906696031,81.1388314723,24.5301843617,12788402.7806,-6.0997621162,7.11386494804,-0.21785557495,0.0438779202752,-1026.47810979,137.064706595,364.900881574,0.998158214414,-0.0788928251778,-0.207755253989,-185.616205583,-488.799099898
814,0.410714285714,1764,16.9042206219,71.3107698081,24.5753376482,12811942.6939,-5.73998905358,7.11386494804,-0.179077207585,0.0400711532112,-841.470114841,256.953435237,232.411796217,0.997876164488,-0.069866424255,-0.16968507995,-164.984924001,-400.700054686
814.5,0.410714285714,1764,6.45650279999,65.6411500355,24.5982000407,12823861.6212,-5.40518168302,7.11386494804,-0.142976926212,0.0365285487101,-667.505495677,293.128285063,77.6959337582,0.997386845181,-0.061037786722,-0.134354474775,-144.404987341,-317.859759846
815,0.410714285714,1764,-5.42781735605,65.3914893025,24.5789694161,12813836.0556,-5.29911764062,7.11386494804,-0.131500640705,0.0354062826339,-610.860136004,281.672782715,-62.127628833,0.996872485883,-0.0581482573049,-0.123145456791,-137.353838033,-290.88577905
815.5,0.410714285714,1764,-16.1044225425,70.6173383001,24.5314774768,12789076.9246,-5.4755759539,7.11386494804,-0.150444594268,0.037273392112,-699.954385343,239.085813018,-198.64861784,0.996697423902,-0.0629067818303,-0.141653162703,-148.020421583,-333.311612068
816,0.410714285714,1764,-23.1977177342,80.1559209713,24.4862777805,12765512.8162,-5.73921509187,7.11386494804,-0.178834143621,0.0400629639046,-834.205169868,134.274127492,-316.418966112,0.996985435308,-0.0698194128338,-0.169445984293,-163.681084357,-397.24055708
816.5,0.410714285714,1764,-25.1294112857,91.8848576698,24.4541580738,12748767.7425,-6.00310050877,7.11386494804,-0.207289892138,0.0428551415801,-969.1314396,-28.0921331521,-374.531604793,0.997385722432,-0.0764900976489,-0.197370026863,-178.849365249,-461.491161714
817,0.410714285714,1764,-21.4696922681,103.194404644,24.4336508995,12738076.6689,-6.22482627067,7.11386494804,-0.231223736128,0.0452012269749,-1082.88332173,-210.209347869,-342.048779945,0.997751030881,-0.0819011473263,-0.220906697807,-191.180446747,-515.658724632
817.5,0.410714285714,1764,-13.0328654291,111.568134335,24.4224820372,12732253.9687,-6.39796788123,7.11386494804,-0.249924131522,0.047033242345,-1172.11114011,-360.493938427,-217.83381513,0.998031281074,-0.0860023419408,-0.239327797347,-200.570304036,-558.148161955
818,0.410714285714,1764,-1.69616454437,115.142852381,24.4295702176,12735949.2735,-6.37871034114,7.11386494804,-0.247901660976,0.0468294778697,-1163.02294382,-418.327486414,-28.2208334856,0.998233594814,-0.085560771297,-0.237334337859,-199.656338149,-553.820449439
818.5,0.410714285714,1764,10.0179409538,113.12316715,24.4379934691,12740340.5952,-6.4201495274,7.11386494804,-0.252357206195,0.0472679468542,-1185.36338707,-389.33086109,168.674712793,0.998211797617,-0.0865256581838,-0.2417265579,-202.047163469,-564.458755749
819,0.410714285714,1764,19.5030073261,105.958468136,24.452803027,12748061.3114,-6.45374568104,7.11386494804,-0.255985828572,0.0476234285298,-1204.36828499,-271.448499379,331.739990771,0.998258485024,-0.0873058678913,-0.245304750884,-204.116207449,-573.508707136
819.5,0.410714285714,1764,24.6485625552,95.2429346708,24.4828098389,12763704.8627,-6.3513529605,7.11386494804,-0.244971805494,0.0465400087948,-1153.88680048,-86.9587958915,408.818620647,0.99829574331,-0.0849221618026,-0.234446975542,-199.030813127,-549.469904989
820,0.410714285714,1764,24.3096963264,83.360823506,24.523450034,12784891.9511,-6.12930691848,7.11386494804,-0.221040865347,0.0441905345088,-1041.38291809,103.575564972,379.247416241,0.998180530744,-0.0796130843488,-0.210887705412,-187.20797388,-495.896627662
820.5,0.410714285714,1764,18.5618079743,72.9559604341,24.5696544911,12808979.8747,-5.78191576271,7.11386494804,-0.183595998787,0.0405147806864,-863.03931609,237.834059045,259.013135746,0.997913495991,-0.0709427312121,-0.174115097314,-167.449077873,-410.9711029
821,0.410714285714,1764,8.6838297753,66.3434765776,24.5963663777,12822905.6716,-5.46104055014,7.11386494804,-0.148994221409,0.03711959267,-696.621891182,291.631479733,107.051999227,0.997447211965,-0.0625382986796,-0.140235884749,-147.932884909,-331.724710087
821.5,0.410714285714,1764,-3.12634151815,64.9946807916,24.585524872,12817253.6332,-5.30095533533,7.11386494804,-0.131710073054,0.035425727324,-612.201176904,286.624936872,-35.8358728723,0.996962323825,-0.058200550026,-0.123349995853,-137.550703265,-291.524369954
822,0.410714285714,1764,-14.2408870741,69.209686502,24.5418421765,12794480.388,-5.42319368321,7.11386494804,-0.144814607799,0.0367191340991,-673.328053593,250.946234536,-171.892404991,0.99670050719,-0.0615049140783,-0.13614959047,-144.844127277,-320.632406473
822.5,0.410714285714,1764,-22.186768069,78.0506350523,24.49529933,12770216.0507,-5.65509877912,7.11386494804,-0.169775814599,0.0391729272615,-791.094040226,158.022422597,-293.405285988,0.99690163194,-0.0676414450925,-0.160570795473,-158.692037565,-376.711447727
823,0.410714285714,1764,-25.1959884936,89.5503736792,24.459047342,12751316.681,-5.96149971913,7.11386494804,-0.202790060299,0.0424149626666,-947.806427266,6.61307982411,-370.581248165,0.997261880524,-0.0754531632801,-0.192949884077,-176.495356755,-451.336393936
823.5,0.410714285714,1764,-22.5989826064,101.150156284,24.4355781605,12739081.4143,-6.20528683736,7.11386494804,-0.229108579501,0.0449944797809,-1072.84718561,-176.64826116,-358.028253575,0.997695754932,-0.0814306052001,-0.218824817944,-190.112055827,-510.879612194
824,0.410714285714,1764,-14.9735964696,110.26897651,24.4220303891,12732018.5095,-6.39986798172,7.11386494804,-0.250122693425,0.047053347352,-1173.02634081,-338.937752783,-250.388426666,0.998007546942,-0.0860456818347,-0.239523526821,-200.663957125,-558.583971814
824.5,0.410714285714,1764,-4.01651447443,114.877853836,24.4270745956,12734648.2225,-6.39009549499,7.11386494804,-0.249127842151,0.0469499444449,-1168.70672525,-415.120677591,-67.0209826452,0.998235736009,-0.085826820867,-0.238542943383,-200.236248833,-556.527012023
825,0.410714285714,1764,7.83426094081,113.951291312,24.4359623721,12739281.7167,-6.41163082797,7.11386494804,-0.251443413392,0.0471778102992,-1180.74918925,-402.286831422,131.58455506,0.99822470539,-0.0863281584674,-0.240825631897,-201.552472231,-562.261518689
825.5,0.410714285714,1764,17.9418763355,107.695453472,24.4482125874,12745668.1622,-6.47026868619,7.11386494804,-0.257762164037,0.047798258828,-1212.51468768,-302.193729047,306.402010248,0.998248953519,-0.0876867579988,-0.24705675305,-204.929743925,-577.387946516
826,0.410714285714,1764,24.0573395976,97.5022937483,24.4752889345,12759783.9645,-6.39285429326,7.11386494804,-0.249444359782,0.0469791353529,-1174.85967538,-125.779400183,403.332346892,0.998313873526,-0.0858942888654,-0.238854974673,-201.185511102,-559.456988277
826.5,0.410714285714,1764,24.8199312992,85.6398382711,24.5149926083,12780482.8131,-6.18181466231,7.11386494804,-0.226703925441,0.0447461201559,-1068.15634875,69.0609667211,393.124970135,0.998227823928,-0.0808855625163,-0.216458797132,-190.069004815,-508.645880358
827,0.410714285714,1764,20.0599711889,74.7475393493,24.5613516974,12804651.3516,-5.84947584627,7.11386494804,-0.190879205996,0.041229635487,-897.841158646,217.850236156,286.515701359,0.997978791522,-0.0726637961324,-0.181258729047,-171.395481276,-427.543408879
827.5,0.410714285714,1764,10.8365728482,67.2489848818,24.59413775,12821743.8137,-5.51395655179,7.11386494804,-0.154701099377,0.0376794981025,-724.213577537,286.749456236,136.582097789,0.997542615443,-0.0639503771836,-0.145816747954,-151.245711761,-344.863608351
828,0.410714285714,1764,-0.798014077112,64.8126386151,24.5907738303,12819990.0902,-5.31331870795,7.11386494804,-0.133050490527,0.0355565444545,-618.960474569,290.518926114,-9.20454465888,0.997045934603,-0.0585398835854,-0.124658665615,-138.411763745,-294.743083128
828.5,0.410714285714,1764,-12.2550391053,67.9805990879,24.5516017339,12799568.3706,-5.37754718326,7.11386494804,-0.139911074003,0.0362361474315,-650.149827808,260.676650702,-145.081265423,0.996721204459,-0.0602755887494,-0.13135836635,-142.061985288,-309.595156099
829,0.410714285714,1764,-20.9852601145,76.0479801489,24.5060679565,12775830.0947,-5.56751325748,7.11386494804,-0.160347610847,0.0382461828392,-746.273973079,178.403740958,-268.337412744,0.996827440511,-0.0653467650579,-0.15134043446,-153.443366218,-355.368558609
829.5,0.410714285714,1764,-25.046161742,87.2197514509,24.4654929406,12754676.9863,-5.89328264513,7.11386494804,-0.195427404332,0.041693156235,-912.778493181,39.9852843175,-360.211643178,0.997129083051,-0.0737416945485,-0.185721167684,-172.582919597,-434.656425324
830,0.410714285714,1764,-23.5341742167,99.010141172,24.4389599097,12740844.4329,-6.165550702,7.11386494804,-0.224812320611,0.0445740308172,-1052.41155871,-141.10017624,-368.548734834,0.997603248283,-0.0804701871428,-0.21459723368,-187.921818599,-501.14836129
830.5,0.410714285714,1764,-16.7857218963,108.795731973,24.4247943407,12733459.4496,-6.35305344953,7.11386494804,-0.245072113354,0.0465580017085,-1148.90810362,-310.366233072,-277.175758928,0.997958710032,-0.0849489234138,-0.234545664376,-198.151091009,-547.099096963
831,0.410714285714,1764,-6.30236726078,114.399183735,24.4257389232,12733951.892,-6.39253903865,7.11386494804,-0.249377593807,0.0469757996366,-1169.78483138,-407.349358773,-105.219309398,0.998182484582,-0.0858817344252,-0.23878910724,-200.342452373,-557.040395896
831.5,0.410714285714,1764,5.58329382422,114.573702002,24.434915947,12738736.1804,-6.39172292971,7.11386494804,-0.24930097593,0.0469671643691,-1170.29383089,-410.488793903,93.2655384095,0.998227467746,-0.0858644728497,-0.238713601269,-200.452724888,-557.282776612
832,0.410714285714,1764,16.2266456919,109.280455637,24.4434246145,12743172.0323,-6.49346729203,7.11386494804,-0.260253761535,0.0480437238108,-1224.09790672,-331.132130455,278.68448024,0.998226545472,-0.0882194640012,-0.249514620738,-206.093965837,-582.903765107
832.5,0.410714285714,1764,23.2594923375,99.6972169306,24.4666495056,12755279.9423,-6.45406627773,7.11386494804,-0.256041021254,0.0476268207708,-1206.00031084,-165.153615499,396.133167041,0.998339113734,-0.0873165287351,-0.245359211017,-204.372388508,-574.285862303
833,0.410714285714,1764,25.1169922022,87.9563017063,24.5052726291,12775415.464,-6.25135710634,7.11386494804,-0.234206357097,0.0454819503583,-1103.72055358,33.0124574321,405.722135425,0.998296096306,-0.082555589604,-0.223843249034,-193.839516528,-525.581215988
833.5,0.410714285714,1764,21.3858428025,76.6701189942,24.5516174697,12799576.5742,-5.93129632693,7.11386494804,-0.199702075642,0.0420953798778,-939.989537286,195.638497806,313.873331531,0.998063212633,-0.0747261001822,-0.189918271828,-176.120249885,-447.614065374
834,0.410714285714,1764,12.896242483,68.3498976949,24.5887384208,12818928.9634,-5.59219304395,7.11386494804,-0.163136058957,0.0385073202284,-764.870324298,281.576331286,167.725611388,0.997655083766,-0.0660188854417,-0.154070419641,-156.069284469,-364.223963951
834.5,0.410714285714,1764,1.53716736794,64.8469263015,24.5948558767,12822118.1971,-5.33165635739,7.11386494804,-0.135038627737,0.0357505755458,-628.808351544,292.709855009,17.8882327777,0.997166901426,-0.0590421557349,-0.126599993993,-139.645687132,-299.432548355
835,0.410714285714,1764,-10.1639347387,66.9406324756,24.5613809378,12804666.5956,-5.3335581487,7.11386494804,-0.135186837505,0.0357706984433,-627.812533711,267.804506429,-118.040857937,0.996751755661,-0.0590839356344,-0.126744279759,-139.364363474,-298.958349386
835.5,0.410714285714,1764,-19.6035134136,74.1651567155,24.5132413523,12779569.825,-5.53178522793,7.11386494804,-0.156495409621,0.0378681437355,-728.113386415,199.667451107,-247.188019844,0.996754914039,-0.0644015782615,-0.147571156598,-151.312480347,-346.720660198
836,0.410714285714,1764,-24.6812178666,84.9130082934,24.4727317575,12758450.8229,-5.8217092929,7.11386494804,-0.187720426188,0.0409358369461,-876.131074998,71.4061182602,-346.450331246,0.997073778629,-0.0719306498552,-0.178159150105,-168.444036977,-417.205273808
836.5,0.410714285714,1764,-24.2672349008,96.792739526,24.4447895819,12743883.6354,-6.09186849623,7.11386494804,-0.216863567703,0.0437943977004,-1014.55577012,-104.054219592,-371.736348732,0.997503684258,-0.0786767872015,-0.206779397964,-183.821362549,-483.121795297
837,0.410714285714,1764,-18.4536776794,107.161054167,24.4275409458,12734891.3464,-6.30941645373,7.11386494804,-0.240353447874,0.0460962776506,-1126.38862064,-279.996109061,-301.086279313,0.99786611812,-0.0839175938513,-0.22989668149,-195.789447206,-536.375533636
837.5,0.410714285714,1764,-8.53409011169,113.710953291,24.4236575319,12732866.7933,-6.40356272284,7.11386494804,-0.250551571561,0.0470924414929,-1175.25372211,-396.96671173,-142.876992236,0.998131911165,-0.0861366862687,-0.239946367625,-200.90295326,-559.644629577
838,0.410714285714,1764,3.28437276879,114.985053442,24.4335636349,12738031.175,-6.38050122889,7.11386494804,-0.248096021275,0.0468484272942,-1164.34227023,-416.042632342,54.6902609383,0.998239894686,-0.0856028875655,-0.237525907119,-199.819928327,-554.448700111
838.5,0.410714285714,1764,14.3720472129,110.699861326,24.4414944995,12742165.7991,-6.4727535617,7.11386494804,-0.258020594365,0.0478245513529,-1213.09872808,-353.532129228,245.459637267,0.998213832073,-0.0877425851912,-0.247311652723,-204.947534862,-577.666060989
839,0.410714285714,1764,22.2618733463,101.808852405,24.4621917156,12752955.9477,-6.44988091738,7.11386494804,-0.255584640058,0.0475825353764,-1203.34933952,-200.81884148,378.580700425,0.99831658908,-0.087218883,-0.244909110396,-204.069456979,-573.023495011
839.5,0.410714285714,1764,25.1983276309,90.2903181104,24.4960453765,12770604.9896,-6.31038670285,7.11386494804,-0.240560361065,0.0461065438789,-1133.720443,-4.76560447431,413.633385589,0.998291484197,-0.0839569009398,-0.230100715967,-196.981351293,-539.866877617
840,0.410714285714,1764,22.5280351346,78.7071866669,24.541333573,12794215.2361,-6.01778036467,7.11386494804,-0.209025383122,0.0430104694736,-984.488744442,170.372958674,339.877042662,0.998133045504,-0.0768788162298,-0.199075761681,-181.042176452,-468.80416402
840.5,0.410714285714,1764,14.8451485358,69.6367594684,24.5826845772,12815772.8929,-5.66916545547,7.11386494804,-0.171437375334,0.039321767088,-804.828070016,272.783249694,198.863626519,0.997770331559,-0.068032538937,-0.162199101952,-160.750396836,-383.251461912
841,0.410714285714,1764,3.85914635002,65.0972493598,24.5968186902,12823141.4771,-5.36661719373,7.11386494804,-0.13881438551,0.0361204969604,-647.227899591,294.514462652,45.6405169851,0.997282841901,-0.0599937370882,-0.130287664172,-141.919003362,-308.20376171
841.5,0.410714285714,1764,-7.98553410574,66.0987187572,24.5699597909,12809139.0377,-5.31506874114,7.11386494804,-0.133207069166,0.0355750615961,-618.669634896,275.416408999,-92.0179594142,0.99680951421,-0.0585820043075,-0.124811285766,-138.276976637,-294.604588045
842,0.410714285714,1764,-18.053395548,72.418335995,24.5221784855,12784229.0505,-5.4952101042,7.11386494804,-0.152559105468,0.0374811415086,-709.633525504,218.509844565,-224.372656305,0.996724127681,-0.0634303959339,-0.143720915324,-149.139360986,-337.92072643
842.5,0.410714285714,1764,-24.1042913069,82.6499564223,24.4788923881,12761662.565,-5.77473957248,7.11386494804,-0.182659368883,0.0404388492523,-852.152190883,101.503520264,-332.878355787,0.997016479916,-0.0707313834775,-0.173195891871,-165.719050546,-405.786757563
843,0.410714285714,1764,-24.7918685283,94.5169962224,24.449561535,12746371.4136,-6.04083544611,7.11386494804,-0.211359577447,0.0432544158214,-988.395530895,-68.1174546813,-373.867698309,0.997436942774,-0.0774231831015,-0.201368980196,-180.963059504,-470.664538522
843.5,0.410714285714,1764,-19.9631380368,105.378983052,24.4306525859,12736513.5481,-6.26397627649,7.11386494804,-0.235447973411,0.0456154740884,-1102.99889464,-247.75371945,-321.603950253,0.997800428724,-0.082837487419,-0.225065480111,-193.318675447,-525.237568877
844,0.410714285714,1764,-10.6925151481,112.819073597,24.4239618493,12733025.4441,-6.38928659398,7.11386494804,-0.249001479445,0.0469413854446,-1167.79847517,-380.558757197,-178.321449327,0.998078281719,-0.0858017160475,-0.238418321352,-200.126664521,-556.094511986
844.5,0.410714285714,1764,0.957242807318,115.181812608,24.4323806572,12737414.4493,-6.36859008248,7.11386494804,-0.246809759881,0.0467223951797,-1158.01578832,-417.910314146,15.8861337169,0.99822379033,-0.0853235700279,-0.236258181195,-199.148641438,-551.436089678
845,0.410714285714,1764,12.3940097219,111.941479508,24.4397075478,12741234.2016,-6.44936218839,7.11386494804,-0.255499020277,0.047577046693,-1200.72394799,-372.375315237,210.342391701,0.998200272446,-0.0872022025583,-0.244824632347,-203.65553659,-571.773308566
845.5,0.410714285714,1764,21.0730509997,103.819063701,24.4582110909,12750880.7154,-6.44666268499,7.11386494804,-0.255231593827,0.0475484831854,-1201.24753135,-234.724335366,357.937266747,0.998290912006,-0.0871434219909,-0.244560930535,-203.826546096,-572.022633976
846,0.410714285714,1764,25.0632390096,92.6218410228,24.4897860936,12767341.8168,-6.33146508714,7.11386494804,-0.24282878151,0.0463295747487,-1144.14607137,-43.2705693582,413.640877715,0.99828793225,-0.0844541043268,-0.232335427536,-198.046650342,-544.831462557
846.5,0.410714285714,1764,23.4767380941,80.8412463478,24.5310285053,12788842.8608,-6.09779081925,7.11386494804,-0.217643236006,0.0438570619368,-1025.51710879,141.591057326,362.9419783,0.998157577873,-0.0788446848353,-0.207546466446,-185.515710153,-488.341480378
847,0.410714285714,1764,16.6665521918,71.0985175704,24.5761067311,12812343.6425,-5.73417732554,7.11386494804,-0.178451333062,0.040009659183,-838.480514246,259.331360202,228.667760101,0.99787365844,-0.0697168073845,-0.169071635314,-164.641918114,-399.276435355
847.5,0.410714285714,1764,6.14797979581,65.5614578088,24.5981567628,12823839.059,-5.39914168299,7.11386494804,-0.142326049061,0.0364646393306,-664.343370872,293.301023552,73.785447298,0.997378406949,-0.0608748132053,-0.133718477706,-144.018913039,-316.35398613
848,0.410714285714,1764,-5.7385471103,65.4620889833,24.5779579705,12813308.7553,-5.29960537039,7.11386494804,-0.131551779946,0.0354114433139,-611.057421905,280.904805505,-65.6936712667,0.996862674439,-0.0581613496413,-0.123195367334,-137.373457087,-290.979724717
848.5,0.410714285714,1764,-16.3482202105,70.8225211263,24.5302137833,12788418.119,-5.47962470364,7.11386494804,-0.150879907782,0.0373162320262,-701.985340307,236.936452958,-201.981153747,0.996698242389,-0.0630147462793,-0.142078814382,-148.259187468,-334.278733479
849,0.410714285714,1764,-23.3203371846,80.4500327961,24.4848299663,12764758.0224,-5.75070829433,7.11386494804,-0.180071034325,0.0401845737445,-840.074635085,130.798149664,-319.399730719,0.996991853358,-0.0701148523679,-0.170658386396,-164.35426033,-400.035540517
849.5,0.410714285714,1764,-25.1035691123,92.2024572245,24.4533285922,12748335.3061,-6.01159858599,7.11386494804,-0.208207433098,0.0429450599309,-973.49187954,-32.9138882143,-375.151925012,0.997402363775,-0.076700859134,-0.198271509749,-179.330002041,-463.567561686
850,0.410714285714,1764,-21.3011384764,103.46482453,24.433351998,12737920.8416,-6.22972312051,7.11386494804,-0.231753240439,0.0452530406558,-1085.41181482,-214.82038675,-339.842438769,0.997762216922,-0.0820187566264,-0.2214279244,-191.450295943,-516.86276896
