time,root_dist,x,y,z,rel_vel_mag,Re,alpha_deg,alpha_geom_deg,cl,cd,fx,fy,fz,end_effect_factor,c_ref_t,c_ref_n,f_ref_t,f_ref_n
0.5,0.767857142857,0,21.1779323754,131.060141017,45.1220566907,14318732.6565,7.19266606529,7.19266606529,0.629965652406,0.0421197534182,6346.06314788,891.191213079,-459.657146246,0.559160329676,0.0985413276735,0.623634831917,477.499740681,3021.93483232
1,0.767857142857,0,37.643674882,116.784206939,45.1179996521,14317445.2229,7.14224278115,7.19266606529,1.0096881485,0.0417797588543,10113.0541429,1074.40573502,-1510.01596843,0.897478589076,0.182152684775,0.994000052762,882.494905443,4815.74006805
1.5,0.767857142857,0,45.7335221284,96.5486604532,45.1137145848,14316085.4282,7.07214203702,7.19266606529,1.0085040559,0.04130708294,10100.5861088,261.175489485,-1823.95699289,0.898202428898,0.181137551489,0.992963188291,877.41009168,4809.80290897
2,0.767857142857,0,43.6474449352,74.8560061202,45.1103555467,14315019.4935,6.99966261958,7.19266606529,1.00720168338,0.0408697036619,10087.5068125,-600.173854289,-1729.79832564,0.899209689341,0.180023777423,0.991825087017,871.885243695,4803.57467262
2.5,0.767857142857,0,31.8496053198,56.5329618733,45.1084535223,14314415.9178,6.93512060754,7.19266606529,1.00485826819,0.0406688446865,10065.0054569,-1315.68769694,-1252.10165635,0.90025223891,0.178593390622,0.989696162921,864.884703062,4792.85974138
3,0.767857142857,0,12.9650782576,45.6564915035,45.1075672149,14314134.6629,6.89445389601,7.19266606529,1.00368092532,0.0405422872125,10053.9289969,-1735.06583999,-507.295546974,0.901181523474,0.177759500595,0.988645860179,860.812546729,4787.5852366
3.5,0.767857142857,0,-8.80423988485,44.6466609823,45.1008717366,14312009.9644,6.83796785898,7.19266606529,1.00125542778,0.0403664989598,10028.2573114,-1760.81804444,341.819693822,0.901767468842,0.176433506294,0.986414265793,854.137706654,4775.36062449
4,0.767857142857,0,-28.6145731154,53.7281623649,45.0909531127,14308862.4544,6.76072845252,7.19266606529,0.997946871635,0.0401261248601,9992.89103879,-1393.22158868,1099.10177192,0.902581864171,0.174629467547,0.983367994988,845.032315689,4758.51954228
4.5,0.767857142857,0,-42.0580288272,70.8803187481,45.0885422459,14308097.406,6.7416191293,7.19266606529,0.998135620417,0.0400666553926,9994.15789332,-733.354037626,1613.17674958,0.903696402809,0.17439995744,0.983597838786,843.831474762,4759.12280634
5,0.767857142857,0,-46.1433746995,92.2866944145,45.0836636567,14306549.267,6.67721118899,7.19266606529,0.994921995638,0.0398662136572,9961.64917483,86.8879740463,1753.31881596,0.903972302223,0.172806017516,0.980610612173,835.938294552,4743.64246421
5.5,0.767857142857,0,-39.9616020015,113.184269785,45.0761581442,14304167.5178,6.55443647747,7.19266606529,0.989232348442,0.0394841307011,9904.7704119,865.726328316,1492.21050716,0.904902660539,0.1698787824,0.97533626769,821.504382038,4716.557339
6,0.767857142857,0,-24.8881843234,128.923235748,45.0754715711,14303949.6452,6.52760689253,7.19266606529,0.98970300495,0.0394006352727,9909.76971807,1451.03004323,927.813489319,0.906677865093,0.169602650012,0.975858283347,820.144069159,4718.93796098
6.5,0.767857142857,0,-4.27702821357,136.001598121,45.070479616,14302365.5315,6.48409259698,7.19266606529,0.987741613317,0.0392652159305,9889.12040155,1704.21752594,158.450722112,0.90706607735,0.168582881277,0.974040586423,815.032240236,4709.10495312
7,0.767857142857,0,17.2857868524,132.844387881,45.0664916767,14301100.0254,6.41394378011,7.19266606529,0.98457971952,0.0390469082107,9857.60483522,1571.55294126,-634.051051107,0.907695908522,0.16694495369,0.971108267686,806.970677324,4694.09754058
7.5,0.767857142857,0,35.0024327911,120.154099202,45.0715597151,14302708.2829,6.41946342262,7.19266606529,0.985984686964,0.0390640857002,9873.64662205,1108.76509229,-1287.0381358,0.90871173567,0.167314559541,0.972469867854,808.939171643,4701.73648669
8,0.767857142857,0,44.930872296,100.754381187,45.0793047386,14305166.037,6.38170407017,7.19266606529,0.983824658487,0.0389465761184,9856.45023958,393.269379286,-1643.04537389,0.908631785004,0.166339737594,0.970442623825,804.502480774,4693.54773313
8.5,0.767857142857,0,44.8619807358,78.9617626199,45.0856482304,14307179.0385,6.35367243207,7.19266606529,0.982876847087,0.0388593398218,9850.44618082,-402.340797825,-1635.20718931,0.909178786394,0.165753775948,0.96957858402,801.89411111,4690.68865753
9,0.767857142857,0,34.8110868077,59.6252039469,45.0965274586,14310631.3802,6.35562297285,7.19266606529,0.983423161986,0.0388654100326,9860.58832451,-1108.62547856,-1270.54211999,0.909584964433,0.165894124817,0.970108640812,802.960470443,4695.51824977
9.5,0.767857142857,0,17.0145618298,47.0471807009,45.0938841582,14309792.5729,6.34204457158,7.19266606529,0.982646283841,0.0388231531572,9852.0183784,-1564.21479669,-619.620081002,0.909556698538,0.165544649601,0.969379144275,801.175012229,4691.43732305
10,0.767857142857,0,-4.5677834282,44.0263623959,45.0666854606,14301161.5195,6.31723347876,7.19266606529,0.981494871211,0.0387459394087,9829.26653797,-1666.32372715,165.560227634,0.909753475222,0.16496241201,0.968308232258,797.394417929,4680.60311332
10.5,0.767857142857,0,-25.1337753231,51.2348953567,45.0418822901,14293290.6467,6.30382899592,7.19266606529,0.98114562566,0.0387042237788,9815.28887719,-1401.30919304,908.553987929,0.910113081037,0.164704578385,0.96799646567,795.271998635,4673.94708437
11,0.767857142857,0,-40.10738363,67.0688469903,45.0255868439,14288119.5585,6.19392354072,7.19266606529,0.975309312001,0.0383621907925,9752.77691562,-814.671094847,1424.88806034,0.910307386319,0.161988198355,0.962527784197,781.59018341,4644.17948363
11.5,0.767857142857,0,-46.1569098568,88.0050883554,45.032882907,14290434.8425,6.20149809911,7.19266606529,0.977434224333,0.0383857633151,9776.85109356,-71.1318302617,1645.79994623,0.911901099084,0.162527382458,0.964591094544,784.44590267,4655.64337789
12,0.767857142857,0,-41.9363058769,109.385206973,45.0361205185,14291462.2445,6.14238479352,7.19266606529,0.974059400398,0.0382017988303,9746.07776898,684.919040585,1481.69552311,0.911791232268,0.161024728602,0.961416730517,777.305030256,4640.9894138
12.5,0.767857142857,0,-28.3846759883,126.452025582,45.0339957067,14290787.9709,6.05563989508,7.19266606529,0.97019146681,0.0379318430159,9708.66844443,1272.01936603,990.503462535,0.912648755897,0.159051151092,0.957816808331,767.705651626,4623.17544973
13,0.767857142857,0,-8.51732177627,135.408096522,45.032885854,14290435.7777,6.04730056614,7.19266606529,0.971069003293,0.0379058904772,9717.08227084,1585.10075803,297.321716566,0.913907481431,0.159114494265,0.958694134437,767.973541012,4627.18203374
13.5,0.767857142857,0,13.2451767148,134.260651755,45.029919088,14289494.3239,6.00587033167,7.19266606529,0.968909251149,0.0377769568697,9695.2629072,1535.11488239,-459.389256335,0.914028509437,0.158112595469,0.956667467089,763.037281947,4616.79186057
14,0.767857142857,0,32.0605608975,123.265003156,45.0412816974,14293100.0587,5.99570935114,7.19266606529,0.968985069802,0.0377453352318,9701.12911951,1153.42837126,-1111.66562542,0.914629822584,0.157989165015,0.956763397904,762.826447031,4619.585295
14.5,0.767857142857,0,43.742319022,104.867734413,45.0571687003,14298141.5342,5.99727311226,7.19266606529,0.969227761987,0.037750201759,9710.3522372,516.115678098,-1518.46246486,0.914777306726,0.158059347568,0.956997792571,763.703776429,4623.97725581
15,0.767857142857,0,45.6912047924,83.1623246191,45.0787529657,14304990.9411,6.02591567,7.19266606529,0.97078700769,0.0378393392776,9734.54748174,-238.649872562,-1594.72329315,0.91475460891,0.158764962397,0.958463831665,767.848267707,4635.49880083
15.5,0.767857142857,0,37.4735819302,62.9783298569,45.0984988977,14311256.9835,6.05330782662,7.19266606529,0.971859300115,0.0379245854659,9753.15500776,-947.458919417,-1313.93356718,0.91433887932,0.159356488358,0.959455201154,771.384452434,4644.3595275
16,0.767857142857,0,20.917910292,48.806784187,45.0931199399,14309550.0609,6.07094191611,7.19266606529,0.972410642445,0.0379794639092,9755.92978214,-1447.2107058,-734.893431358,0.913941326261,0.159709674236,0.959957143405,772.909686685,4645.68084864
16.5,0.767857142857,0,-0.292095074747,43.8009233808,45.0506570926,14296075.184,6.08181340342,7.19266606529,0.972738604618,0.0380132966908,9740.58440564,-1622.20827964,10.2564614571,0.91368541217,0.159925155769,0.960254835027,772.495572721,4638.3735265
17,0.767857142857,0,-21.4371079093,49.0745750848,44.9978643588,14279322.2899,6.04974650753,7.19266606529,0.970800436344,0.0379135024073,9699.25947356,-1426.21240239,747.062962323,0.913527647063,0.159093681166,0.958425856018,766.679220009,4618.69498741
17.5,0.767857142857,0,-37.8122630959,63.4543269144,44.9811187584,14274008.3527,6.04891323426,7.19266606529,0.971248953191,0.0379109092062,9696.50191126,-924.863717434,1317.39700473,0.91399301139,0.159172932911,0.958866906061,766.490332264,4617.3818625
18,0.767857142857,0,-45.7740113494,83.7406162453,44.9825115893,14274450.3443,5.98545193908,7.19266606529,0.967756684231,0.0377134134926,9663.8812875,-215.941221458,1579.14841287,0.914005104692,0.157602208103,0.955581940721,758.973576032,4601.84823214
18.5,0.767857142857,0,-43.5508261205,105.419647993,44.9917673259,14277387.4981,5.92800925757,7.19266606529,0.965556046773,0.0375346480995,9647.27620515,528.047917311,1491.40389204,0.914926193682,0.156379021797,0.953547550366,753.392955945,4593.94105007
19,0.767857142857,0,-31.6373766116,123.667735313,45.0020299377,14280644.1669,5.89497632389,7.19266606529,0.964608029278,0.037431847443,9642.97833692,1148.77500628,1079.49724498,0.9157600253,0.155740867409,0.952688078843,750.660830105,4591.89444615
19.5,0.767857142857,0,-12.6844615447,134.424592686,45.005220172,14281656.5346,5.87087622857,7.19266606529,0.963778776135,0.0373568463654,9636.62998971,1511.23173729,431.498854526,0.916239553702,0.155248550288,0.951925916724,748.393991033,4588.87142367
20,0.767857142857,0,9.09080605983,135.296768595,45.0107446269,14283409.6283,5.85720866641,7.19266606529,0.963389761554,0.0373143120153,9635.42461201,1538.67117136,-308.802628587,0.916589413329,0.154985805269,0.951573218788,747.310830766,4588.29743429
20.5,0.767857142857,0,28.8433264266,126.090199787,45.0264279909,14288386.4825,5.87360052823,7.19266606529,0.96450642289,0.0373653245646,9652.88205912,1230.30981011,-983.264921462,0.916787825565,0.1554303891,0.952633298505,749.976890745,4596.61050434
21,0.767857142857,0,42.1780705836,108.853391256,45.0458728676,14294556.99,5.89675227705,7.19266606529,0.96553836313,0.0374373743257,9670.98430923,645.417594649,-1443.90303546,0.916549864681,0.155950592938,0.953595983756,753.137029282,4605.23062344
21.5,0.767857142857,0,46.127995044,87.421614222,45.075083141,14303826.3834,5.92076601655,7.19266606529,0.96651384877,0.0375121066583,9692.72376427,-88.6772073775,-1586.45840253,0.916213772458,0.156472046131,0.954501271236,756.635635743,4615.58274489
22,0.767857142857,0,39.81422298,66.5635401884,45.0985278368,14311266.1669,5.91300065584,7.19266606529,0.96571633768,0.0374879403464,9695.03214559,-805.511193009,-1368.41496153,0.915865171889,0.156207025499,0.953736208664,756.140065039,4616.68197409
22.5,0.767857142857,0,24.6415984636,50.9201890337,45.0971248628,14310820.9564,5.9540783891,7.19266606529,0.968108919197,0.0376157769469,9717.37465955,-1352.01609462,-852.507647714,0.915977898656,0.157245208892,0.955993603737,761.118166804,4627.32126645
23,0.767857142857,0,3.98610203246,43.9722801935,45.0480276964,14295240.789,5.99181614905,7.19266606529,0.969566169453,0.0377332193315,9709.89281877,-1597.08405426,-138.311000881,0.915381599845,0.158052901887,0.957340917852,763.362802709,4623.75848513
23.5,0.767857142857,0,-17.5563209069,47.2657561642,44.9746423339,14271953.1673,5.96283057841,7.19266606529,0.967383566599,0.0376430143342,9657.29054039,-1470.18105804,603.987999537,0.914833816431,0.157219020603,0.955264435125,756.863357665,4598.70978114
24,0.767857142857,0,-35.1923796155,60.0678030042,44.9467332053,14263096.6705,5.97055534643,7.19266606529,0.968255712979,0.037667054319,9653.76992484,-1030.31005336,1211.37324215,0.915254554115,0.157499363256,0.956102443921,757.272216837,4597.03329754
24.5,0.767857142857,0,-44.9979678257,79.5299048927,44.9523490412,14264878.7624,5.93980911465,7.19266606529,0.966436787956,0.0375713700288,9638.84292871,-358.692610891,1541.57516229,0.915142423771,0.156715785849,0.95438558006,753.693004574,4589.92520415
25,0.767857142857,0,-44.7912958989,101.321652339,44.9650936979,14268923.0668,5.90030815068,7.19266606529,0.96472260125,0.0374484404377,9628.17698635,385.907523353,1526.74694028,0.91558873434,0.155836128031,0.952789160441,749.88749515,4584.84618398
25.5,0.767857142857,0,-34.6183493139,120.594278726,44.9812947067,14274064.1869,5.86537285923,7.19266606529,0.963392677252,0.037339719519,9622.67667474,1038.63274089,1175.24427867,0.916162152462,0.155097075983,0.951559037716,746.869063461,4582.22698797
26,0.767857142857,0,-16.7426566808,133.059533756,44.9882573544,14276273.6671,5.81830026817,7.19266606529,0.961318464876,0.0371932265276,9606.08202622,1452.37050978,564.719092326,0.916669305793,0.154047793142,0.949624033205,742.045917087,4574.32477439
26.5,0.767857142857,0,4.85835605393,135.943839374,44.9991083271,14279717.0425,5.81918710778,7.19266606529,0.962084263456,0.0371959864307,9618.29445221,1552.05209903,-164.122585619,0.917352657952,0.154211555563,0.950372804497,743.193138486,4580.14021534
27,0.767857142857,0,25.3783616454,128.605423974,45.0151138603,14284796.1317,5.83717027422,7.19266606529,0.963067638856,0.0372519512243,9634.52089023,1308.78928881,-860.369462894,0.917339783809,0.154650177758,0.95129927331,745.837278549,4587.86709059
27.5,0.767857142857,0,40.2515620384,112.677119603,45.0413281387,14293114.796,5.84677078103,7.19266606529,0.963325607052,0.0372818286313,9648.10621324,770.591081702,-1367.78811749,0.917078723221,0.1548315407,0.951532108734,747.581884054,4594.33629202
28,0.767857142857,0,46.168599975,91.7030491316,45.0704490696,14302355.8381,5.87972204704,7.19266606529,0.9650050285,0.0373843751327,9676.59657318,58.2385601154,-1578.81104848,0.916939352605,0.155612831452,0.953109093033,752.326106602,4607.90313009
28.5,0.767857142857,0,41.8129065986,70.350042194,45.0982253353,14311170.1731,5.89480547044,7.19266606529,0.965336931672,0.0374313157358,9691.51181201,-673.963220725,-1434.11815319,0.91646099873,0.155883947173,0.9534026904,754.566040413,4615.00562477
29,0.767857142857,0,28.153644235,53.3692435747,45.1043767963,14313122.2367,5.91915604749,7.19266606529,0.966454521736,0.037507096329,9704.7696433,-1261.19010836,-969.324717493,0.916242033957,0.156438275384,0.954446536405,757.455894763,4621.31887776
29.5,0.767857142857,0,8.23006320313,44.5389610801,45.0555425413,14297625.4998,5.96446382953,7.19266606529,0.968589273023,0.0376480971188,9704.01386021,-1572.25999191,-284.634918441,0.915888543127,0.157483219043,0.95644215442,760.865141755,4620.95898105
30,0.767857142857,0,-13.52474572,45.8239742257,44.9737757649,14271678.1761,5.95114421737,7.19266606529,0.967157071109,0.037606645612,9654.92545887,-1517.74609993,464.66674422,0.915230846229,0.157014408049,0.955067293784,755.849210364,4597.58355184
30.5,0.767857142857,0,-32.2702349121,56.938361524,44.9301254453,14257826.4746,5.94627924607,7.19266606529,0.967092265552,0.0375915055022,9635.65621306,-1133.1154744,1105.99184514,0.915424192301,0.156935161758,0.955014097477,754.00196681,4588.4077205
31,0.767857142857,0,-43.8354445886,75.4091193646,44.9284459464,14257293.5137,5.9224781684,7.19266606529,0.9658501385,0.0375174349872,9623.16482258,-498.208997138,1496.77140354,0.915494812643,0.156362639039,0.953847353135,751.19509308,4582.45943932
31.5,0.767857142857,0,-45.6470610331,97.1264169848,44.9494173832,14263948.4496,5.90108500204,7.19266606529,0.96503067865,0.0374508580501,9624.49672943,242.852456602,1555.55041645,0.915840317348,0.155908165137,0.953089409,749.711118032,4583.09368068
32,0.767857142857,0,-37.3019910396,117.258053204,44.9698259976,14270424.7832,5.86672029705,7.19266606529,0.963455415421,0.0373439128339,9618.36338758,925.084151493,1265.95543971,0.916150875063,0.155127829237,0.951617707867,746.636275907,4580.1730417
32.5,0.767857142857,0,-20.6570520528,131.324643985,44.9825196501,14274452.9023,5.82441327004,7.19266606529,0.961636564055,0.0372122505905,9606.65687905,1394.81662589,697.230438467,0.916649745018,0.15419353381,0.949923147972,742.558502881,4574.59851384
33,0.767857142857,0,0.58417847352,136.196306514,44.9928137372,14277719.5593,5.81429577939,7.19266606529,0.961720071377,0.0371807642959,9612.09466562,1558.74448019,-19.711207232,0.917263916122,0.154073195752,0.950025976104,742.318621382,4577.18793601
33.5,0.767857142857,0,21.6954265334,130.789072894,45.009522947,14283021.9485,5.82028060412,7.19266606529,0.962205852165,0.037199389463,9623.93081252,1378.90196422,-733.428443921,0.917410790547,0.154250457203,0.950489712185,743.72475422,4582.82419644
34,0.767857142857,0,37.9793398328,116.306078116,45.0332663858,14290556.5331,5.8380765743,7.19266606529,0.963101212285,0.0372547716897,9642.60717967,892.64938305,-1288.7604956,0.917323909646,0.154669125546,0.951330292128,746.530377515,4591.7177046
34.5,0.767857142857,0,45.8126708369,95.9698568486,45.0666769131,14301158.8071,5.86834635671,7.19266606529,0.964507447917,0.0373489732382,9670.26891541,203.782273134,-1563.82480153,0.91706556647,0.155359257718,0.952645298068,750.974457616,4604.88995972
35,0.767857142857,0,43.4524664402,74.305314267,45.098180597,14311155.9761,5.88084077207,7.19266606529,0.964737363916,0.0373878566784,9685.81797893,-537.234527246,-1487.39297255,0.916626139492,0.155574700418,0.952844449925,753.067617947,4612.29427568
35.5,0.767857142857,0,31.4238832564,56.1329133068,45.1089336381,14314568.2745,5.9031043177,7.19266606529,0.965779413802,0.0374571422929,9700.34692369,-1163.6398132,-1079.69374436,0.916444758243,0.156085059754,0.953818833823,755.898377746,4619.21282081
36,0.767857142857,0,12.4033377934,45.4960989173,45.0683515596,14301690.2283,5.95221569748,7.19266606529,0.968157638713,0.0376099801284,9705.50331111,-1537.55246765,-428.519347011,0.91612156108,0.157229574792,0.956045283873,760.071667099,4621.66824338
36.5,0.767857142857,0,-9.37700884626,44.7616124835,44.9849422831,14275221.6845,5.9532527918,7.19266606529,0.967461591189,0.037613207634,9662.69278554,-1555.90636763,322.508130243,0.915408638668,0.157104176378,0.955361168134,756.656944841,4601.28227883
37,0.767857142857,0,-29.0709267779,54.0928807021,44.9326831606,14258638.123,5.97476331665,7.19266606529,0.968635563486,0.0376801497984,9651.40010546,-1236.25143879,1000.88717109,0.915393584203,0.157633044156,0.956465614609,757.441203448,4595.90481213
37.5,0.767857142857,0,-42.2964263479,71.4136523706,44.923902342,14255851.6765,5.93755533439,7.19266606529,0.966247655068,0.0375643561168,9624.82640141,-635.661716063,1446.55741363,0.915081342791,0.156647250006,0.954205036059,752.410211637,4583.25066734
38,0.767857142857,0,-46.1107715052,92.8699740751,44.9397382516,14260876.9385,5.90284764497,7.19266606529,0.964897583851,0.0374563435105,9618.99844708,97.7585797393,1570.64956514,0.915621450838,0.155905543048,0.952955290996,749.37567308,4580.47545099
38.5,0.767857142857,0,-39.6652524569,113.687713008,44.961730315,14267855.7533,5.86385355298,7.19266606529,0.963269801841,0.0373349913383,9613.12318589,803.231814955,1345.01767694,0.916125287142,0.155052031371,0.951441790277,746.002787322,4577.67770756
39,0.767857142857,0,-24.3940276003,129.23482404,44.9817187525,14274198.7508,5.84440713854,7.19266606529,0.962787778023,0.0372744728208,9617.30502767,1328.51917154,825.999201761,0.916691361589,0.154692674786,0.951009920138,744.935716911,4579.66906079
39.5,0.767857142857,0,-3.69501651412,136.052001617,44.9883736224,14276310.5628,5.81381803116,7.19266606529,0.961389280718,0.037179277512,9606.9277607,1552.8427953,124.59349368,0.916973665641,0.154001204437,0.949702730746,741.825334336,4574.7275051
40,0.767857142857,0,17.8261531791,132.622391566,45.0056701982,14281799.3429,5.81121832552,7.19266606529,0.96171072594,0.0371711870575,9617.56048906,1438.57013603,-601.659612739,0.917417725941,0.154029704711,0.950023193192,742.533251411,4579.79070908
40.5,0.767857142857,0,35.3809196881,119.709098304,45.0311077072,14289871.5124,5.8312136843,7.19266606529,0.962858848257,0.0372334139258,9639.41998902,1007.10849832,-1199.37752845,0.91745546541,0.154528024762,0.951107027806,745.77783332,4590.19999477
41,0.767857142857,0,45.0632646429,100.185390504,45.0594781044,14298874.3851,5.84836369291,7.19266606529,0.963504723901,0.0372867858776,9657.63113056,346.516625565,-1533.09491614,0.9171651949,0.154888723796,0.951704334665,748.460823297,4598.87196693
41.5,0.767857142857,0,44.7188206109,78.3953852639,45.0909698343,14308867.7607,5.86949811522,7.19266606529,0.964414201118,0.0373525575862,9679.74403262,-396.545588352,-1528.10338239,0.916916228271,0.155356334839,0.952551507322,751.770148526,4609.4019203
42,0.767857142857,0,34.4242280141,59.1874615517,45.1088206738,14314532.4271,5.89647883927,7.19266606529,0.965585955325,0.0374365233694,9698.51208622,-1057.8103723,-1181.80154202,0.916609419405,0.155956370787,0.95364319366,755.271372063,4618.33908867
42.5,0.767857142857,0,16.4700822743,46.8354730146,45.0812504814,14305783.4861,5.93688973289,7.19266606529,0.967410743606,0.0375622847213,9703.9565269,-1488.73003658,-568.047605271,0.916217741911,0.15687104156,0.955345983609,758.772610106,4620.93167948
43,0.767857142857,0,-5.14873447566,44.0877953775,45.0007311623,14280232.0222,5.95227801234,7.19266606529,0.967642780811,0.0376101740564,9671.29436992,-1580.42168351,177.233301578,0.915631112911,0.157127216019,0.955540744518,757.299226277,4605.37827139
43.5,0.767857142857,0,-25.6219335136,51.555799878,44.9381997482,14260388.7201,5.97156010432,7.19266606529,0.968473343771,0.0376701811915,9652.23490714,-1323.28533768,881.930924144,0.915407734104,0.157556764659,0.956313508247,757.260583822,4596.30233673
44,0.767857142857,0,-40.3941314632,67.5778202813,44.9185404345,14254150.1645,5.92823672031,7.19266606529,0.965781429542,0.0375353559785,9618.12074046,-765.588944003,1379.22810533,0.915127839123,0.15642720143,0.953767897997,751.17392597,4580.05749546
44.5,0.767857142857,0,-46.1784445868,88.5888814576,44.9329745904,14258730.6033,5.90650360589,7.19266606529,0.965242450825,0.0374677211007,9619.43567876,-48.0883303705,1573.67664915,0.915756723348,0.156024063159,0.953285534725,749.719627653,4580.68365655
45,0.767857142857,0,-41.6878359248,109.913923167,44.9562717886,14266123.5809,5.869257731,7.19266606529,0.96351315875,0.0373518094947,9613.08426415,675.631473619,1414.36791643,0.916072214422,0.15517372758,0.951668996566,746.407038677,4577.6591734
45.5,0.767857142857,0,-27.9214870906,126.80802302,44.97906862,14273357.7754,5.84547212779,7.19266606529,0.962764370207,0.0372777871373,9615.91744736,1246.27788072,945.389860758,0.916612909065,0.154702453866,0.950984761561,744.895029021,4579.00830827
46,0.767857142857,0,-7.94247564807,135.512164095,44.98490942,14275211.256,5.81254540974,7.19266606529,0.961302554349,0.0371753170307,9604.61518294,1534.06085215,267.713944244,0.916958205176,0.153966814226,0.949620358518,741.545461938,4573.62627759
46.5,0.767857142857,0,13.8037740979,134.089633936,45.0018856029,14280598.3647,5.81095415438,7.19266606529,0.961715446737,0.0371703649396,9615.99542321,1487.8160265,-465.811903966,0.91743620037,0.154027065235,0.950028367838,742.395653141,4579.04543962
47,0.767857142857,0,32.4786189824,122.856952217,45.0318330405,14290101.6848,5.82610677375,7.19266606529,0.962579740038,0.0372175208851,9637.06547989,1112.95571961,-1100.14052803,0.917459300332,0.154403479276,0.950844080478,745.20076207,4589.07879995
47.5,0.767857142857,0,43.9268179125,104.313443614,45.0575624657,14298266.4891,5.84813438254,7.19266606529,0.963569896215,0.0372860722487,9657.46294992,486.946425835,-1494.39977954,0.917239331653,0.154898562651,0.95176868585,748.444724938,4598.79188092
48,0.767857142857,0,45.6010926149,82.5851262769,45.0879332965,14307904.1661,5.87679673814,7.19266606529,0.964822108362,0.0373752713795,9682.34669246,-253.636328129,-1559.8503928,0.916919557174,0.155536658303,0.952935968267,752.541368502,4610.64128212
48.5,0.767857142857,0,37.1289090692,62.5066533261,45.1139976658,14316175.2593,5.90549111492,7.19266606529,0.965973470159,0.0374645701624,9704.40819868,-945.287488666,-1276.58133538,0.916503465352,0.156156260324,0.954003963005,756.412996836,4621.14676128
49,0.767857142857,0,20.3953680853,48.545579721,45.0920235825,14309202.1502,5.91474226633,7.19266606529,0.966046560212,0.0374933603524,9695.48676989,-1425.19520856,-701.188936579,0.9160869125,0.156296689843,0.954056105956,756.355881405,4616.89846185
49.5,0.767857142857,0,-0.876238520814,43.8083102057,45.0184710972,14285861.4948,5.94783271689,7.19266606529,0.967736499429,0.0375963400053,9679.94641958,-1590.87284098,30.1782435582,0.915952616295,0.157085413078,0.955641977995,757.694785736,4609.49829504
50,0.767857142857,0,-21.9528779221,49.3489095972,44.9459189448,14262838.2785,5.95887683466,7.19266606529,0.967839960654,0.0376307100243,9649.55808122,-1397.06351524,754.458601123,0.915472262275,0.157256696058,0.955719933516,756.07805426,4595.02765772
50.5,0.767857142857,0,-38.1448984142,63.9345683909,44.9214829404,14255083.9198,5.9551149164,7.19266606529,0.967462396922,0.0376190026879,9635.4182651,-894.09913559,1308.45025745,0.915311945975,0.157129709919,0.955358013041,754.646279332,4588.29441195
51,0.767857142857,0,-45.8494990456,84.3199086917,44.9297534753,14257708.4361,5.91801392344,7.19266606529,0.965467886574,0.037503541964,9620.04095897,-193.789244212,1564.26002423,0.915366553652,0.156225529122,0.953482217829,750.580077197,4580.97188522
51.5,0.767857142857,0,-43.3523698261,105.969096107,44.9523728571,14264886.32,5.87816570094,7.19266606529,0.963830445344,0.0373795316816,9614.36913533,542.341316736,1472.33012927,0.915905122878,0.155357719516,0.951961310006,747.162449802,4578.27101682
52,0.767857142857,0,-31.2091337883,124.065084297,44.9749340456,14272045.7371,5.84233427847,7.19266606529,0.962454761268,0.0372680219443,9611.14801996,1152.41785949,1055.80138428,0.916483592154,0.15459846076,0.950687850389,744.257453978,4576.73715236
52.5,0.767857142857,0,-12.1217182411,134.581430516,44.982443902,14274428.8649,5.81023323732,7.19266606529,0.961222183646,0.0371681213985,9602.81411939,1502.06379827,408.41206601,0.917003757373,0.153919629399,0.949546367097,741.236949539,4572.76862828
53,0.767857142857,0,9.66283680369,135.178198115,44.9979385246,14279345.8251,5.80979970289,7.19266606529,0.961686627282,0.0371667722109,9614.0470027,1524.07142115,-325.972571599,0.917469765745,0.154005737757,0.950002510938,742.162650666,4578.11762033
53.5,0.767857142857,0,29.2973650714,125.722603487,45.0223723604,14287099.4957,5.82400275326,7.19266606529,0.962480671766,0.0372109730353,9632.07717434,1209.13775968,-991.656455838,0.917476059277,0.154355338145,0.950751350051,744.655431478,4586.70341635
54,0.767857142857,0,42.4130913888,108.318561047,45.0520346334,14296512.3237,5.83750147273,7.19266606529,0.96301260403,0.0372529819358,9649.777395,622.023513104,-1440.17535216,0.917269875562,0.154643742277,0.951244644221,747.030143522,4595.13209286
54.5,0.767857142857,0,46.0917047716,86.8385523498,45.0801013361,14305418.824,5.86949080025,7.19266606529,0.96457965116,0.0373525348216,9676.72529051,-108.001746406,-1574.59023868,0.917073915215,0.15538916746,0.952713662086,751.566587144,4607.96442405
55,0.767857142857,0,39.5146963869,66.0619806698,45.1100001017,14314906.6989,5.87930804126,7.19266606529,0.964634980372,0.0373830867196,9689.90787735,-819.619080073,-1352.95233307,0.916609525597,0.155533488907,0.952747329756,753.262812301,4614.24184636
55.5,0.767857142857,0,24.1454816298,50.6117312279,45.1015486357,14312224.7671,5.92069214137,7.19266606529,0.966776896516,0.0375118767539,9706.73104227,-1356.70050551,-831.673697627,0.916467008837,0.156523629249,0.954759164408,757.774130512,4622.25287727
56,0.767857142857,0,3.40378329417,43.9255574175,45.035302588,14291202.6879,5.94326638661,7.19266606529,0.967392521394,0.0375821292859,9683.86788178,-1586.69581851,-117.218319251,0.915866244303,0.156954272081,0.95531464103,757.628438905,4611.36565799
56.5,0.767857142857,0,-18.0952728831,47.4911644562,44.9540536725,14265419.6987,5.94159841851,7.19266606529,0.96695410837,0.0375769384598,9644.65501943,-1457.60013933,620.475059789,0.915538547804,0.156843742644,0.954888639786,754.365596118,4592.6928664
57,0.767857142857,0,-35.5680454722,60.5151879557,44.9230311533,14255575.2193,5.95733492066,7.19266606529,0.967850326759,0.0376259114868,9639.86831039,-1012.15629857,1220.98188038,0.915562760376,0.157237756107,0.955733358357,755.217246596,4590.41348114
57.5,0.767857142857,0,-45.1267601374,80.0997212414,44.9269032511,14256803.965,5.92365873989,7.19266606529,0.965746127524,0.0375211090031,9621.45080628,-338.01383771,1540.71110009,0.915334328226,0.156357893918,0.953742955653,751.120711943,4581.64324109
58,0.767857142857,0,-44.6445577687,101.887113259,44.9457786433,14262793.7561,5.88232910308,7.19266606529,0.963974626389,0.0373924884622,9612.88721659,403.812221062,1516.60185595,0.915823179545,0.15544292661,0.952093889846,747.352924935,4577.56534123
58.5,0.767857142857,0,-34.228730668,121.029566495,44.9699761261,14270472.424,5.84461347205,7.19266606529,0.96251750801,0.0372751149443,9609.60276756,1049.78935597,1158.0231754,0.916423152213,0.154641789471,0.950744605228,744.301917182,4576.00131789
59,0.767857142857,0,-16.1968495061,133.267794791,44.979929592,14273630.9905,5.80761236372,7.19266606529,0.961042274266,0.0371599650679,9600.01228191,1456.96809914,545.400872658,0.916970670295,0.153848569589,0.949375443945,740.811921107,4571.43441996
59.5,0.767857142857,0,5.43890708601,135.878734613,44.994115645,14278132.698,5.80923802872,7.19266606529,0.961695366083,0.037165024244,9612.51195957,1547.38184802,-183.441548005,0.917507812412,0.153999868574,0.950012240265,742.008273406,4577.38664742
60,0.767857142857,0,25.8644811913,128.281439533,45.0228829804,14287261.5325,5.82634642566,7.19266606529,0.962619164825,0.0372182666976,9633.62157924,1296.27558398,-875.815953363,0.917484212986,0.154414543576,0.950882224356,744.9579534,4587.43884726
60.5,0.767857142857,0,40.5350862055,112.166343549,45.0575673686,14298268.045,5.830106988,7.19266606529,0.962567025652,0.0372299698143,9647.87241301,751.945186541,-1375.06498947,0.917235852643,0.154455140199,0.950823305978,746.302342002,4594.22495857
61,0.767857142857,0,46.1864432987,91.1191315462,45.0735670956,14303345.2917,5.85862931489,7.19266606529,0.96409056676,0.0373187331666,9669.28393065,38.1606228647,-1574.88496342,0.917181260765,0.155144427862,0.952257063646,750.165345515,4604.42091936
61.5,0.767857142857,0,41.561098855,69.8229074949,45.102746334,14312604.8366,5.87914556679,7.19266606529,0.964791917177,0.0373825810884,9688.35890944,-690.754746778,-1422.8277096,0.916767201974,0.15556254601,0.952901461378,753.161260734,4613.50424259
62,0.767857142857,0,27.6882138352,53.0161817193,45.1121853337,14315600.1459,5.90932272596,7.19266606529,0.966149731444,0.0374764943873,9705.30321648,-1272.20158027,-952.443285569,0.916469367473,0.156243578199,0.954168609561,756.775153762,4621.57296023
62.5,0.767857142857,0,7.65457060689,44.4385299971,45.051202144,14296248.147,5.93778019524,7.19266606529,0.967263165258,0.0375650558985,9689.53891207,-1569.1314889,-263.622481287,0.916031290023,0.156853626967,0.955199510049,757.677325898,4614.06614861
63,0.767857142857,0,-14.0822506949,45.9985203048,44.9661853429,14269269.4821,5.94535950429,7.19266606529,0.967246320109,0.0375886432055,9652.67407209,-1510.65277428,483.469902098,0.915618186692,0.156953499219,0.955166974379,755.300986794,4596.5114629
63.5,0.767857142857,0,-32.6857047785,57.3490474391,44.9229402681,14255546.3784,5.9426663337,7.19266606529,0.966981098499,0.0375802618819,9631.5531469,-1118.17275852,1119.36289174,0.915508163746,0.156863690378,0.95491282512,753.417550121,4586.45387948
64,0.767857142857,0,-44.0164353411,75.9645655621,44.9217877563,14255180.648,5.9202467107,7.19266606529,0.965782012115,0.0375104905444,9619.68698777,-478.966418027,1502.08349181,0.915547258291,0.15631867505,0.953785302705,750.761313672,4580.80332751
64.5,0.767857142857,0,-45.5533013753,97.7030340651,44.9421763703,14261650.6348,5.89391604754,7.19266606529,0.964668043928,0.0374285477934,9617.96082012,262.132046886,1550.1658218,0.915872710428,0.155738441594,0.952749111243,748.653710047,4579.98134292
65,0.767857142857,0,-36.9543429378,117.727541147,44.9689284911,14270139.9745,5.86180999453,7.19266606529,0.963292984132,0.0373286316503,9616.47419303,940.380233387,1253.30744088,0.916254945587,0.155028940232,0.951468773902,746.130535886,4579.27342525
65.5,0.767857142857,0,-20.1328688498,131.582539507,44.9781355139,14273061.6697,5.81065110484,7.19266606529,0.960948969283,0.0371694218296,9598.25816944,1400.31405225,677.985026807,0.91672102797,0.153871173086,0.949277698873,740.861657672,4570.59912831
66,0.767857142857,0,1.16826354205,136.185226646,44.990897208,14277111.3807,5.80972537384,7.19266606529,0.961676147923,0.037166540894,9610.93604831,1557.52446406,-39.3978589992,0.917463699644,0.154002656922,0.949992393078,741.915558246,4576.63621348
66.5,0.767857142857,0,22.209451784,130.511482958,45.0138181414,14284384.9569,5.81325965209,7.19266606529,0.961886182395,0.0371775397998,9622.74201121,1368.37281868,-750.17767606,0.917477138297,0.15409207993,0.950190943048,743.102938055,4582.25810058
67,0.767857142857,0,38.3089322222,115.823743183,45.0463344778,14294703.4743,5.82957298438,7.19266606529,0.962736789216,0.03722830796,9644.76131888,875.727711023,-1299.12202459,0.917425831837,0.154481581827,0.950990806002,746.057978728,4592.74348518
67.5,0.767857142857,0,45.8844945033,95.3900987166,45.0701112093,14302248.6238,5.86044871561,7.19266606529,0.964199555275,0.037324395261,9668.84707107,183.820612901,-1564.81659164,0.917189012871,0.155190793997,0.952360073887,750.274474827,4604.21289099
68,0.767857142857,0,43.2505402792,73.7571318555,45.1028981175,14312653.0026,5.87691983142,7.19266606529,0.964640820627,0.0373756544539,9686.96606208,-555.85625074,-1480.10086323,0.916740789688,0.155502222809,0.952758054842,752.874271187,4612.84098194
68.5,0.767857142857,0,30.9931367913,55.7382797887,45.1118432207,14315491.582,5.89093232135,7.19266606529,0.965165273191,0.0374192622418,9695.73738908,-1175.17865329,-1063.06608457,0.91650167841,0.155797078333,0.953242611377,754.601059521,4617.01780432
69,0.767857142857,0,11.839614145,45.3428221123,45.0661634814,14300995.8781,5.92878779354,7.19266606529,0.967047148271,0.0375370709545,9694.02023639,-1537.38351779,-407.594669087,0.916298259977,0.156687912456,0.955006867391,757.379641777,4616.20011257
69.5,0.767857142857,0,-9.94827850666,44.8837972037,44.9823406934,14274396.1134,5.9473100023,7.19266606529,0.967492153818,0.0375947132832,9662.00525807,-1550.78534555,341.953523686,0.915748723722,0.157029327554,0.955403695019,756.208977871,4600.9548848
70,0.767857142857,0,-29.5226322556,54.463340271,44.9298030727,14257724.1751,5.97381943133,7.19266606529,0.968674629645,0.0376772123654,9650.56924823,-1223.30092653,1016.27625296,0.915479850057,0.157628010599,0.95650589163,757.31992227,4595.50916583
70.5,0.767857142857,0,-42.528061043,71.9499577862,44.9212578773,14255012.4997,5.93518604609,7.19266606529,0.966131104584,0.0375569827362,9622.59204567,-617.028204744,1453.79234274,0.915095043762,0.156591686171,0.954095845301,752.054778795,4582.18668841
71,0.767857142857,0,-46.0707956053,93.4527948522,44.9369332729,14259986.8253,5.89704155576,7.19266606529,0.964612564713,0.03743827458,9615.10198438,117.4938715,1567.72596418,0.91565584418,0.155769814015,0.952688191093,748.629815456,4578.61999256
71.5,0.767857142857,0,-39.3625607882,114.187368774,44.9620227884,14267948.5648,5.85610782246,7.19266606529,0.962929578013,0.0373108861167,9610.04257703,819.27218324,1333.28479905,0.916209573045,0.154879388164,0.951124518429,745.181842636,4576.21075097
72,0.767857142857,0,-23.8959704872,129.54013903,44.978103444,14273051.4929,5.82491222489,7.19266606529,0.961825829387,0.0372138033707,9606.63590527,1334.70596715,806.625752538,0.916803806546,0.154237812076,0.950107620517,742.625898593,4574.58852632
72.5,0.767857142857,0,-3.11241401412,136.095041805,44.9876018135,14276065.6422,5.81117387225,7.19266606529,0.961539433181,0.0371710487161,9608.14229463,1554.17994321,104.940818932,0.917256672834,0.153995179221,0.949855385415,741.770858896,4575.30585459
73,0.767857142857,0,18.3636692612,132.393580307,45.0078327165,14282485.582,5.80278000914,7.19266606529,0.961283135725,0.0371449264634,9614.41820595,1429.13802097,-619.061135094,0.91745611073,0.1538309067,0.949621537633,741.646169857,4578.29438378
73.5,0.767857142857,0,35.753749488,119.259347183,45.0384593167,14292204.4232,5.83098708719,7.19266606529,0.962974843091,0.0372327087407,9643.72502596,992.314309205,-1212.56831204,0.917577962489,0.154547966169,0.951221188357,746.117630933,4592.25001236
74,0.767857142857,0,45.1884517712,99.6147712672,45.0626975013,14299896.0071,5.84565448955,7.19266606529,0.963358025901,0.037278354659,9657.60933912,327.011218306,-1536.91962672,0.917168484401,0.15482284633,0.951566207916,748.249396971,4598.86159006
74.5,0.767857142857,0,44.5685103409,77.8308633834,45.0952736649,14310233.5097,5.86687950813,7.19266606529,0.964310469177,0.0373444083092,9680.61438428,-415.765025972,-1522.70686436,0.916955557828,0.155300143561,0.95245532767,751.641703071,4609.81637347
75,0.767857142857,0,34.0318650901,58.7546458095,45.1115079019,14315385.1742,5.88411920862,7.19266606529,0.964941375258,0.037398059388,9693.50701463,-1070.75747004,-1166.24934198,0.916647433749,0.155659881802,0.953037498595,753.925341901,4615.95572125
75.5,0.767857142857,0,15.922969298,46.6306669554,45.0795531001,14305244.8504,5.91640570271,7.19266606529,0.96646584903,0.0374985370756,9694.26194139,-1491.21961328,-547.498484572,0.916397165353,0.156403109628,0.954463432994,756.452294492,4616.31521019
76,0.767857142857,0,-5.72886228588,44.1565693157,44.998313111,14279464.6939,5.94739572648,7.19266606529,0.967686799918,0.0375949800625,9670.79615202,-1577.30510768,197.109239205,0.915928468796,0.157069498198,0.955594211994,756.939693454,4605.14102477
76.5,0.767857142857,0,-26.105994983,51.8828512878,44.9330634276,14258758.7943,5.95778211169,7.19266606529,0.967786105258,0.0376273031746,9643.52991761,-1309.01565407,896.529705193,0.915478605675,0.157230972241,0.955669493519,755.521998956,4592.15710362
77,0.767857142857,0,-40.6744206309,68.0903786811,44.9162767666,14253431.8273,5.92497305571,7.19266606529,0.965811976509,0.0375251992402,9617.52249594,-747.829623169,1388.31868476,0.915327836846,0.156388933678,0.953804705361,750.91447133,4579.77261711
77.5,0.767857142857,0,-46.1925957908,89.1729001852,44.9316006284,14258294.5994,5.90019801575,7.19266606529,0.964943429512,0.0374480976906,9616.02459377,-28.1580621746,1572.59614992,0.915804100263,0.155878703048,0.953005777587,748.975343469,4579.05933037
78,0.767857142857,0,-41.4327004554,110.4394553,44.9572991504,14266449.5971,5.8712953875,7.19266606529,0.963722246514,0.0373581508155,9615.55050989,693.802717806,1406.40343686,0.91616375127,0.155242982296,0.951869642497,746.774293516,4578.83357614
78.5,0.767857142857,0,-27.4538337934,127.15813518,44.9781361392,14273061.8682,5.83493732741,7.19266606529,0.962149796498,0.0372450021474,9609.64997488,1255.92759952,927.926748934,0.916583328399,0.154437765197,0.950404333832,743.589716109,4576.02379756
79,0.767857142857,0,-7.36635958807,135.608954674,44.9846900549,14275141.6441,5.81241257593,7.19266606529,0.961455522304,0.0371749036432,9606.04076955,1537.59292148,248.338565107,0.917111138878,0.153995315916,0.949770570983,741.67550023,4574.30512836
79.5,0.767857142857,0,14.3601643794,133.911566574,45.002803424,14280889.6199,5.80502419889,7.19266606529,0.961388712245,0.0371519105291,9613.27016497,1480.4733755,-484.151276988,0.917438128695,0.153882153958,0.949720381576,741.727449098,4577.74769761
80,0.767857142857,0,32.8914840226,122.443647742,45.0343449875,14290898.8094,5.81972663541,7.19266606529,0.962316302162,0.0371976654761,9635.65764133,1098.09175025,-1113.2492729,0.917545384183,0.154264847547,0.950599120836,744.614745473,4588.40840063
80.5,0.767857142857,0,44.1042932922,103.756864221,45.0598856001,14299003.6971,5.8467717559,7.19266606529,0.963591659339,0.0372818316652,9658.70411906,468.016962196,-1500.45512079,0.917331951548,0.154884406777,0.95179285638,748.453499495,4599.38291384
81,0.767857142857,0,45.5036892248,82.0091135077,45.0913479759,14308987.7577,5.87396135624,7.19266606529,0.964685815366,0.0373664474851,9682.51637465,-273.265680158,-1556.09726125,0.916939338452,0.155471008809,0.952808343365,752.33767483,4610.72208317
81.5,0.767857142857,0,36.7782996232,62.039372739,45.1178518518,14317398.321,5.89923480781,7.19266606529,0.965670342132,0.0374451001243,9703.17829391,-960.621572533,-1263.56349911,0.916544626545,0.156010676946,0.953720091995,755.83692735,4620.56109234
82,0.767857142857,0,19.8695648392,48.2910034513,45.0903767869,14308679.5671,5.9091215246,7.19266606529,0.965831149708,0.0374758682355,9692.75404507,-1432.74669585,-682.53987693,0.91617773398,0.156177213168,0.953856870046,755.722503939,4615.59716432
82.5,0.767857142857,0,-1.46024186407,43.8230826744,45.0163347118,14285183.5486,5.94439518861,7.19266606529,0.967632422483,0.0375856421918,9678.06868001,-1589.52774865,50.2652644895,0.916034210805,0.157017709615,0.955547290513,757.296339723,4608.60413334
83,0.767857142857,0,-22.4651378633,49.6297438603,44.9430150223,14261916.7671,5.95953500418,7.19266606529,0.967929127314,0.037632758291,9649.17900282,-1387.46967982,772.095612434,0.915522161909,0.15728355342,0.955805892335,756.109469566,4594.8471442
83.5,0.767857142857,0,-38.4714346998,64.4189775001,44.9161759986,14253399.8502,5.940380209,7.19266606529,0.966637310278,0.0375731473119,9625.30526773,-875.232161575,1316.2662654,0.915302392076,0.156763713348,0.954580834292,752.710629714,4583.47869892
84,0.767857142857,0,-45.9176558113,84.9001093346,44.9288740495,14257429.365,5.91489997567,7.19266606529,0.965521196865,0.0374938511543,9620.25748041,-173.95229353,1566.20642794,0.915580444191,0.156193856321,0.953541005787,750.398529843,4581.07499067
84.5,0.767857142857,0,-43.14698187,106.515990903,44.9530997283,14265116.9804,5.87826677431,7.19266606529,0.963883609084,0.0373798462285,9615.20411375,560.976245485,1465.51496883,0.915950326884,0.155369680523,0.952013196936,747.244138917,4578.6686256
85,0.767857142857,0,-30.7759008997,124.456986575,44.973455174,14271576.4419,5.8353266166,7.19266606529,0.962065121452,0.0372462136409,9606.80275578,1164.30067562,1039.91688689,0.916482124875,0.154426230583,0.950320534163,743.379424898,4574.66797894
85.5,0.767857142857,0,-11.5570367817,134.731140169,44.9824807053,14274440.5438,5.81382706584,7.19266606529,0.961527988432,0.0371793056286,9605.78592325,1508.17935352,389.663312765,0.917105487573,0.154028803569,0.949838671026,741.763917756,4574.18377298
86,0.767857142857,0,10.2333225452,135.052404039,44.9980398225,14279377.9704,5.80564142316,7.19266606529,0.961401412703,0.0371538313716,9611.34817745,1518.72222844,-344.966595051,0.917417594786,0.153893016156,0.949731553183,741.622777707,4576.83246545
86.5,0.767857142857,0,29.746719326,125.349295458,45.0252964247,14288027.3988,5.82082467061,7.19266606529,0.962367786308,0.0372010826336,9632.27413589,1196.15030491,-1006.57019981,0.917536424092,0.154289920534,0.950647304258,744.43652603,4586.79720757
87,0.767857142857,0,42.6413307148,107.780801862,45.0548050737,14297391.4767,5.83772124034,7.19266606529,0.963073222945,0.037253665867,9651.56238003,603.896280305,-1448.24407836,0.917316011491,0.154658753535,0.951303599451,747.194545525,4595.98208573
87.5,0.767857142857,0,46.0480448422,86.2559959651,45.0828373954,14306287.0668,5.86857179193,7.19266606529,0.964525366244,0.0373496748074,9677.37907814,-127.899465618,-1573.05394789,0.917070724851,0.155365884713,0.952662386265,751.54519529,4608.2757515
88,0.767857142857,0,39.2088517423,65.5642486293,45.1125270776,14315708.5926,5.87609170788,7.19266606529,0.964470866023,0.0373730772791,9689.42617419,-836.34397157,-1341.97169914,0.916622866847,0.155457129948,0.952593239038,752.977352543,4614.0124639
88.5,0.767857142857,0,23.6455041464,50.3095712588,45.0992867286,14311506.9885,5.91923312793,7.19266606529,0.966745345096,0.0375073362084,9705.47447476,-1366.74250937,-814.234481647,0.916513700261,0.156497458575,0.954731327648,757.571438753,4621.65451179
89,0.767857142857,0,2.82092032094,43.8862015386,45.0330549152,14290489.4264,5.94007825326,7.19266606529,0.96723844194,0.0375722076058,9681.43955803,-1587.14103281,-97.0902103282,0.915887424182,0.156879980898,0.955170427695,757.194243085,4610.20931335
89.5,0.767857142857,0,-18.6313315848,47.7233695361,44.9512853083,14264541.2045,5.93954117139,7.19266606529,0.966889163944,0.0375705361718,9642.8685075,-1449.08037561,638.610425541,0.915584827456,0.156802724546,0.954829359684,754.07542923,4591.84214643
90,0.767857142857,0,-35.9380243121,60.9672872687,44.9198281177,14254558.7894,5.9549172446,7.19266606529,0.967748129763,0.0376183875203,9637.53567492,-996.155761227,1233.08732108,0.915592623874,0.157184307574,0.955638362139,754.852877504,4589.30270234
90.5,0.767857142857,0,-45.2483370782,80.6711205573,44.9255328083,14256369.0778,5.92230281065,7.19266606529,0.965708152163,0.0375168892623,9620.51730556,-318.43275748,1544.51055303,0.915369423047,0.15633186458,0.953708603427,750.949854971,4581.19871693
91,0.767857142857,0,-44.4906813674,102.450673535,44.9459925514,14262861.6363,5.88135773599,7.19266606529,0.963941585865,0.037389465504,9612.67233177,422.906947359,1511.19681925,0.915842862936,0.155423164316,0.952063544667,747.265022736,4577.46301513
91.5,0.767857142857,0,-33.8336391499,121.459892909,44.9678134258,14269786.1271,5.82990247624,7.19266606529,0.961717632809,0.0372293333603,9601.06440262,1061.78260076,1141.89738259,0.916437253501,0.154283878322,0.949991217542,742.507842732,4571.93542982
92,0.767857142857,0,-15.648452598,133.469137687,44.980282511,14273742.9835,5.81327675514,7.19266606529,0.961580043895,0.0371775930256,9605.37460708,1465.51303141,527.569959371,0.917184229653,0.154031670581,0.949890835148,741.705228264,4573.98790814
92.5,0.767857142857,0,6.01858848482,135.806294247,44.9948169544,14278355.2469,5.80810020713,7.19266606529,0.961546097246,0.0371614832686,9611.35497222,1544.53581435,-202.939915124,0.917425583555,0.153954918988,0.949868283441,741.814819869,4576.83570106
93,0.767857142857,0,26.3464652346,127.951334227,45.0255243378,14288099.7232,5.82525556815,7.19266606529,0.962576013793,0.0372148718775,9634.3463863,1285.05423119,-892.106623285,0.917500730498,0.154391210735,0.950842196722,744.932784625,4587.78399348
93.5,0.767857142857,0,40.8121291699,111.652023292,45.0587715685,14298650.1777,5.82862143717,7.19266606529,0.9625013022,0.0372253466826,9647.76577104,734.379560907,-1384.2398512,0.917251688545,0.154421982768,0.950761975686,746.182013678,4594.17417669
94,0.767857142857,0,46.1969018174,90.5350350215,45.0759882925,14304113.6182,5.85644318614,7.19266606529,0.963992067827,0.0373119297905,9669.38882773,18.2400194565,-1574.91071447,0.917202826435,0.155095178104,0.952165097379,750.007778774,4604.47087035
94.5,0.767857142857,0,41.3026458583,69.2989989348,45.1048805727,14313282.1017,5.87254741138,7.19266606529,0.96445976982,0.0373620471959,9686.10663122,-708.048037946,-1412.69773717,0.916798938063,0.155406802613,0.952589783629,752.478432602,4612.43172915
95,0.767857142857,0,27.2183563342,52.6690332503,45.1112731652,14315310.6844,5.90912613561,7.19266606529,0.966239820543,0.0374758825852,9705.81278861,-1284.21705984,-936.334646239,0.916565152772,0.156258896591,0.954257297491,756.818742628,4621.81561362
95.5,0.767857142857,0,7.07785411232,44.3453837913,45.0490754751,14295573.2841,5.93417953339,7.19266606529,0.96706686402,0.0375538504026,9686.75054575,-1571.30553762,-243.600150099,0.916034143869,0.156765287565,0.955014793488,757.179113489,4612.73835512
96,0.767857142857,0,-14.6375040421,46.1801018324,44.9642482832,14268654.7885,5.94425312995,7.19266606529,0.96724031664,0.0375852000959,9651.80667075,-1504.13315973,502.437388633,0.915670455068,0.156937225719,0.955163433442,755.157608709,4596.09841464
96.5,0.767857142857,0,-33.095948489,57.7649539536,44.9219886424,14255244.3959,5.94878603964,7.19266606529,0.967336629621,0.0375993068082,9634.5276516,-1104.97057875,1134.4810646,0.915524224057,0.157018272852,0.955248200662,754.128059798,4587.87031028
97,0.767857142857,0,-44.1903882538,76.5222559017,44.9215096172,14255092.3852,5.91876098285,7.19266606529,0.965606112554,0.0375058668619,9617.86115938,-459.766363248,1507.46697294,0.915458423752,0.156263312847,0.953616081926,750.486128664,4579.93388542
97.5,0.767857142857,0,-45.4522581464,98.2784194983,44.942536291,14261764.8497,5.89253651743,7.19266606529,0.964614408437,0.0374242546052,9617.61350108,281.663525106,1546.45983526,0.915894278118,0.15570901183,0.952699446537,748.524226588,4579.8159529
98,0.767857142857,0,-36.6007861625,118.1925957,44.968473983,14269995.7439,5.85499897516,7.19266606529,0.962936915492,0.0373074353112,9612.89652821,955.127215903,1239.98539757,0.916274972049,0.154865821584,0.951134020658,745.330404253,4577.56977534
98.5,0.767857142857,0,-19.6054665786,131.833786348,44.9773116613,14272800.2339,5.8108858492,7.19266606529,0.961065620789,0.0371701523694,9599.05771731,1408.96386886,660.313025731,0.916819903713,0.153897448166,0.949391554175,740.961022674,4570.97986538
99,0.767857142857,0,1.75216181555,136.166762167,44.9914395986,14277283.4993,5.80971189209,7.19266606529,0.961671828521,0.0371664989379,9611.12522829,1556.92882589,-59.0899406893,0.917460291905,0.154001619176,0.94998818714,741.928447262,4576.72629919
99.5,0.767857142857,0,22.7199259392,130.227415593,45.0150303202,14284769.6216,5.81492712831,7.19266606529,0.961978836174,0.0371827290951,9624.14504218,1359.21181533,-767.665317909,0.917477334009,0.154133002532,0.950278303509,743.340318942,4582.92621056
100,0.767857142857,0,38.6323993512,115.337279261,45.0530201974,14296825.076,5.83050523527,7.19266606529,0.962763068993,0.0372312091859,9647.86610056,859.5852241,-1310.63163141,0.917401625354,0.154499424987,0.951014625351,746.365650987,4594.22195265
100.5,0.767857142857,0,45.9489816438,94.8094787552,45.0714078153,14302660.0801,5.85964215337,7.19266606529,0.964140625279,0.0373218851864,9668.83413971,164.004986835,-1566.87710105,0.917175479426,0.155168127619,0.952304006397,750.20805663,4604.2067332
101,0.767857142857,0,43.0416987382,73.2115465354,45.1043591412,14313116.6341,5.87456306929,7.19266606529,0.964522580394,0.0373683200555,9686.46565062,-574.359008394,-1472.5232112,0.916752498572,0.155446674816,0.952647117626,752.654091177,4612.60269077
101.5,0.767857142857,0,30.557434797,55.3491244176,45.1121199725,14315579.4046,5.88796871214,7.19266606529,0.965037162389,0.0374100392955,9694.64268968,-1188.03924282,-1047.69161207,0.916535891483,0.155731269465,0.95312329084,754.291569915,4616.49651889
102,0.767857142857,0,11.2739974467,45.1966855961,45.0644667148,14300457.4375,5.92663989486,7.19266606529,0.966973616645,0.0375303865529,9692.60506058,-1541.86561789,-387.984444242,0.916341282399,0.156643952524,0.954939357939,757.110138946,4615.52621933
102.5,0.767857142857,0,-10.5179575251,45.0131956069,44.9803469636,14273763.4364,5.94655049442,7.19266606529,0.967483064591,0.0375923496449,9661.07500037,-1546.08060999,361.475112661,0.915779903609,0.15701715736,0.955396398003,756.083342188,4600.51190494
103,0.767857142857,0,-29.9696173249,54.8394818383,44.925229471,14256272.8188,5.95266130949,7.19266606529,0.967515781813,0.0376113669022,9637.60556045,-1206.10643165,1028.04367226,0.915490875166,0.157106980667,0.955415511494,754.66298233,4589.33598117
103.5,0.767857142857,0,-42.7528958763,72.4891492443,44.9199277941,14254590.42,5.93174546438,7.19266606529,0.966265037767,0.0375462754202,9623.41881632,-598.48441707,1461.20495934,0.915402170159,0.156571684939,0.954234328394,751.914190762,4582.58038873
104,0.767857142857,0,-46.0234533916,94.0350635578,44.937083371,14260034.4564,5.89703148389,7.19266606529,0.964664622493,0.0374382432357,9615.68126888,137.317628777,1566.22848619,0.915705788929,0.155780063595,0.952739223362,748.684076421,4578.89584232
104.5,0.767857142857,0,-39.0535753933,114.683157193,44.9625794321,14268125.2065,5.8536274028,7.19266606529,0.962792401694,0.0373031668881,9608.97437556,835.757546152,1322.33166464,0.916209719257,0.154818510643,0.950995249085,744.907382462,4575.7020836
105,0.767857142857,0,-23.3940926193,129.8391319,44.9768361335,14272649.333,5.82448179975,7.19266606529,0.961839758842,0.0372124638594,9606.2416241,1344.69620342,789.624322305,0.916839814865,0.154234749318,0.950122166491,742.569304714,4574.40077338
105.5,0.767857142857,0,-2.52931386657,136.130711802,44.9883188292,14276293.1751,5.81119004673,7.19266606529,0.961546879828,0.0371710990521,9608.52206465,1555.44930956,85.2841708642,0.917262921282,0.153996872812,0.949862651058,741.802661904,4575.48669745
106,0.767857142857,0,18.8982491545,132.157990689,45.0090682821,14282877.6682,5.80238267511,7.19266606529,0.961260861139,0.0371436899339,9614.7333406,1421.18367334,-637.076926922,0.917455875928,0.153821125284,0.94960052563,741.63972957,4578.44444791
106.5,0.767857142857,0,36.1208625787,118.80491775,45.0431906591,14293705.8358,5.83400534582,7.19266606529,0.96314825483,0.0372421017595,9647.41112499,977.584012423,-1225.87323729,0.917583730475,0.154623280082,0.951384872795,746.638072712,4594.00529761
107,0.767857142857,0,45.3064136646,99.0426147131,45.0654819602,14300779.6087,5.85078599389,7.19266606529,0.963596395983,0.0372943242371,9661.06560547,307.821749336,-1542.28615869,0.917124668434,0.15493978847,0.951789127339,748.907113734,4600.50743118
107.5,0.767857142857,0,44.4110739592,77.2682872406,45.097083783,14310807.9205,5.86838342739,7.19266606529,0.964315454316,0.0373490886046,9681.40924555,-435.080621558,-1517.65893776,0.916881063672,0.155321549389,0.952457067876,751.80565688,4610.19487883
108,0.767857142857,0,33.634060771,58.326825924,45.1103929233,14315031.3543,5.89737783139,7.19266606529,0.965652797748,0.0374393210918,9699.83512473,-1087.610446,-1154.94442547,0.916625601337,0.155981928814,0.953706803188,755.447804332,4618.96910701
108.5,0.767857142857,0,15.3733103793,46.43279527,45.0783968391,14304877.9303,5.91759323237,7.19266606529,0.966328606932,0.0375022327458,9692.37348113,-1497.83849937,-528.533705376,0.916204691386,0.156391840796,0.95432645681,756.358990445,4615.4159434
109,0.767857142857,0,-6.30807410155,44.2326732141,44.996267209,14278815.461,5.94705599986,7.19266606529,0.967649783801,0.037593922811,9669.55708411,-1574.4226964,217.001422926,0.915911229885,0.157057450998,0.955558666021,756.812812838,4604.55099243
109.5,0.767857142857,0,-26.5858823339,52.2159972935,44.9316312297,14258304.3102,5.95843407793,7.19266606529,0.967827386448,0.0376293321363,9643.30929628,-1297.63372693,913.051426678,0.915483537186,0.157248138605,0.95570855364,755.556318749,4592.05204585
110,0.767857142857,0,-40.9482063176,68.6064402361,44.9172337039,14253735.4954,5.9312863669,7.19266606529,0.966151191036,0.0375448466787,9621.1494976,-730.964082546,1399.09712985,0.915318372977,0.15654265784,0.954123752838,751.684618806,4581.49976076
110.5,0.767857142857,0,-46.1993612062,89.7570511588,44.9316969505,14258325.1656,5.89771081287,7.19266606529,0.964709234315,0.037440357352,9613.8029358,-8.26679477989,1572.02082621,0.915712453371,0.155798189427,0.952781512889,748.591696371,4578.001398
111,0.767857142857,0,-41.1709402626,110.961719345,44.957859517,14266627.42,5.86998607187,7.19266606529,0.963687736789,0.0373540761393,9615.47621657,711.435453719,1397.33130111,0.916199857549,0.155218354128,0.951838559622,746.674436592,4578.79819836
111.5,0.767857142857,0,-26.9817908703,127.502306081,44.9777329164,14272933.9121,5.83482630568,7.19266606529,0.962163599333,0.0372446566405,9609.61679357,1267.54783453,911.962867436,0.916602335737,0.154439001433,0.950418092824,743.582335954,4576.00799694
112,0.767857142857,0,-6.78906571214,135.698452783,44.9853290953,14275344.4329,5.81246672404,7.19266606529,0.961460212832,0.0371750721556,9606.35906047,1540.67052205,228.885504388,0.917112750578,0.153996977383,0.949775056424,741.704574686,4574.45669546
112.5,0.767857142857,0,14.9142585971,133.72647814,45.0034814396,14281104.7768,5.80526505726,7.19266606529,0.961401241672,0.0371526600962,9613.67910914,1474.33253408,-502.866400563,0.917437342636,0.153887891777,0.949732164563,741.77745681,4577.94243292
113,0.767857142857,0,33.2990900046,122.025155813,45.0304747139,14289670.6425,5.81082997781,7.19266606529,0.961819349865,0.037169978494,9629.25191129,1082.20340826,-1125.25256411,0.917541887702,0.154045962127,0.950130470319,743.43041828,4585.35805299
113.5,0.767857142857,0,44.2747167844,103.198085227,45.061009817,14299360.4486,5.84725391218,7.19266606529,0.963754055032,0.0372833321671,9660.79108898,449.141852533,-1506.70555424,0.91746110298,0.154923207925,0.951951009819,748.678356422,4600.37670904
114,0.767857142857,0,45.3990101961,81.4343784107,45.0920806472,14309220.2587,5.87043166294,7.19266606529,0.964482873611,0.037355462848,9680.88502162,-292.763083741,-1551.68589753,0.916932338981,0.155382678068,0.952616852386,751.934669902,4609.94524839
114.5,0.767857142857,0,36.4218096514,61.5765628096,45.1159990603,14316810.3685,5.8970321493,7.19266606529,0.965602326145,0.0374382453065,9701.75044285,-976.169402802,-1250.86406469,0.916595867089,0.155967159107,0.953658072764,755.564033926,4619.88116326
115,0.767857142857,0,19.3405846249,48.0430960822,45.0892641857,14308326.5016,5.90650263196,7.19266606529,0.965719861656,0.0374677180698,9691.223664,-1440.65774514,-664.090064652,0.916209709597,0.156119378141,0.953753333343,755.405366783,4614.86841143
115.5,0.767857142857,0,-2.04401172753,43.8452384249,45.0143937136,14284567.6051,5.94466703545,7.19266606529,0.967687630408,0.037586488197,9677.77605849,-1588.77746797,70.360666292,0.91607222856,0.157032474282,0.955600803767,757.302239305,4608.46478976
116,0.767857142857,0,-22.9738058271,49.9170329714,44.942350313,14261705.8327,5.96396492479,7.19266606529,0.968170035463,0.0376465444946,9651.1812286,-1378.50754181,790.100308048,0.915518215734,0.157392287566,0.956032503472,756.609806309,4595.80058505
116.5,0.767857142857,0,-38.7918197422,64.9074767891,44.9141447042,14252755.2528,5.93416038763,7.19266606529,0.966225400805,0.0375537908198,9620.4981694,-857.52586428,1325.69325419,0.915238088205,0.156596607529,0.954190397602,751.840253592,4581.18960448
117,0.767857142857,0,-45.9784707488,85.4811254051,44.9288886117,14257433.9861,5.91278860112,7.19266606529,0.965499581707,0.0374872804182,9620.09485762,-154.101919016,1567.95025554,0.915670732994,0.156160837695,0.953524268826,750.240385556,4580.99755125
117.5,0.767857142857,0,-42.9346950921,107.060244938,44.9536207531,14265282.319,5.87673993599,7.19266606529,0.963831349904,0.0373750946075,9614.94201133,579.359543156,1458.04620182,0.915980976984,0.155338558922,0.951965178389,747.111779209,4578.54381492
118,0.767857142857,0,-30.337747216,124.843379484,44.9735599055,14271609.6767,5.83483228694,7.19266606529,0.962061011276,0.0372446752546,9606.81715781,1177.30513164,1025.06662697,0.916504289948,0.154418723633,0.950317532746,743.346749935,4574.67483705
118.5,0.767857142857,0,-10.990507454,134.873697707,44.9831176064,14274642.6538,5.81388723297,7.19266606529,0.961538846678,0.0371794928726,9606.1643158,1513.05786916,370.579529637,0.917112663748,0.154031768421,0.949849189439,741.799201369,4574.36395991
119,0.767857142857,0,10.8021720686,134.919406481,44.9988931816,14279648.7696,5.80514089264,7.19266606529,0.961372748698,0.0371522736877,9611.43885934,1514.17385185,-364.126950263,0.917416721349,0.153880572386,0.949704492366,741.59093698,4576.8756473
119.5,0.767857142857,0,30.1913173424,124.970335388,45.0301506051,14289567.792,5.82099658846,7.19266606529,0.962384939607,0.0372016176533,9634.51793424,1183.62614894,-1021.87274675,0.917543690169,0.154295648619,0.950663760304,744.624693701,4587.86568297
120,0.767857142857,0,42.862752068,107.240199684,45.0560003348,14297770.7729,5.83955252752,7.19266606529,0.963172115251,0.0372593649529,9653.01920466,585.734974268,-1456.25998767,0.917313515778,0.154703206701,0.951396711005,747.448966362,4596.67581174
120.5,0.767857142857,0,45.9970222365,85.6740382136,45.0843700788,14306773.4383,5.86991603528,7.19266606529,0.964571898457,0.0373538581809,9678.47177852,-147.816029068,-1571.69607864,0.917044140062,0.155393398193,0.952705174653,751.729395705,4608.79608501
121,0.767857142857,0,38.8967379481,65.0704236499,45.1133007949,14315954.1189,5.87835911251,7.19266606529,0.964575923187,0.0373801335911,9690.75747572,-853.558837649,-1331.77772318,0.916603352458,0.15550883953,0.952691443652,753.25365199,4614.64641701
121.5,0.767857142857,0,23.1417459555,50.0137574392,45.0974834705,14310934.7546,5.91908471071,7.19266606529,0.966702405566,0.0375068743242,9704.27387677,-1376.72547954,-796.769820259,0.916480784404,0.156486854732,0.954689567789,757.459531334,4621.08279846
122,0.767857142857,0,2.23760630744,43.8542188493,45.0311842296,14289895.7955,5.94072702789,7.19266606529,0.96727662451,0.037574226635,9681.00046933,-1588.27673064,-77.0154484728,0.915889578693,0.156896464945,0.955206464654,757.210891285,4610.00022349
122.5,0.767857142857,0,-19.1644113008,47.9623342764,44.9502022674,14264197.5195,5.93956549793,7.19266606529,0.966880564373,0.0375706118776,9642.31824554,-1440.80737168,656.844869972,0.915575409684,0.15680133377,0.954820882872,754.032404781,4591.58011693
123,0.767857142857,0,-36.302256979,61.4240286563,44.9182710518,14254064.6804,5.95501151663,7.19266606529,0.967752972429,0.037618680901,9636.91337841,-980.430380419,1245.51621332,0.915592270744,0.157186563506,0.955642906661,754.811380156,4589.00637067
123.5,0.767857142857,0,-45.362679209,81.2440114787,44.9249063642,14256170.2862,5.92006719421,7.19266606529,0.965583045862,0.0375099318773,9619.0600046,-298.763392796,1547.82157536,0.915368054598,0.156276458838,0.953590730796,750.662775032,4580.50476409
124,0.767857142857,0,-44.3296912986,103.012243057,44.9466279755,14263063.2776,5.88177193732,7.19266606529,0.963998667874,0.0373907545257,9613.50017774,442.042373046,1505.93574468,0.915875316392,0.155440157625,0.952118615291,747.367856904,4577.8572275
124.5,0.767857142857,0,-33.4331379313,121.885189165,44.9670497279,14269543.7803,5.82622312661,7.19266606529,0.961507564027,0.0372178829829,9598.73463005,1075.46217076,1127.67325636,0.91643124056,0.154192438053,0.949792955618,742.042571378,4570.82601431
125,0.767857142857,0,-15.0975536403,133.663530252,44.9813002187,14274065.9361,5.8150100898,7.19266606529,0.961732117059,0.0371829872767,9607.28031214,1472.64542215,509.197106274,0.917237642567,0.154085247261,0.950036302518,741.996790005,4574.89538673
125.5,0.767857142857,0,6.5973075644,135.726529859,44.9952891001,14278505.0744,5.80727039958,7.19266606529,0.961473722076,0.037158900853,9610.85621528,1541.62267831,-222.421403692,0.917400421014,0.1539293646,0.949799059207,741.707254581,4576.59819775
126,0.767857142857,0,26.8242367106,127.615160838,45.0270198729,14288574.3063,5.82544715804,7.19266606529,0.96259927431,0.0372154681178,9635.2133995,1273.81527975,-908.386986203,0.917512776628,0.154398418184,0.950864597317,745.01704977,4588.1968569
126.5,0.767857142857,0,41.0826466347,111.134241067,45.0566983007,14297992.2607,5.82888122269,7.19266606529,0.962512783199,0.0372261551522,9646.98665518,716.778689786,-1393.33915678,0.917248907248,0.154427778477,0.950772688756,746.141350671,4593.80316914
127,0.767857142857,0,46.1999738589,89.9508529494,45.0774534521,14304578.5621,5.85621435693,7.19266606529,0.963975421196,0.037311217659,9669.85659735,-1.67552463269,-1575.05269066,0.917199055142,0.155088763598,0.952149260903,750.025515174,4604.69361779
127.5,0.767857142857,0,41.0375889329,68.7784002823,45.1066647219,14313848.2717,5.8724624971,7.19266606529,0.964458560061,0.0373617829371,9686.86267663,-725.905282315,-1403.73030196,0.916802259983,0.155405408953,0.952588775793,752.531214582,4612.79175078
128,0.767857142857,0,26.7441468581,52.3278536737,45.1099610403,14314894.3035,5.91082229935,7.19266606529,0.966335065775,0.0374811611581,9706.16102168,-1296.22770295,-920.215794156,0.916566385472,0.156300999191,0.954347051361,756.978623354,4621.98143889
128.5,0.767857142857,0,6.50000593131,44.2595373559,45.0473022871,14295010.5924,5.93509113574,7.19266606529,0.967091329976,0.0375566873689,9686.21157456,-1574.31004725,-223.71930788,0.916009521162,0.156782599983,0.955036837836,757.203120333,4612.48170217
129,0.767857142857,0,-15.1904169816,46.3686897753,44.9621534362,14267990.0238,5.94434278653,7.19266606529,0.967231299123,0.0375854791131,9650.81617032,-1497.51468357,521.365788977,0.915657221931,0.156936640568,0.95515440903,755.084430626,4595.62674777
129.5,0.767857142857,0,-33.5009004492,58.1860145676,44.9219682173,14255237.9143,5.95876517565,7.19266606529,0.967887341446,0.0376303625341,9639.74728548,-1092.2475882,1150.16327633,0.915522922586,0.157264677187,0.955766588255,755.310804783,4590.35585023
130,0.767857142857,0,-44.3572755131,77.0821012138,44.921719068,14255158.8509,5.91724101789,7.19266606529,0.965369249019,0.0375011366312,9615.6423675,-440.480693427,1512.51560334,0.915313566803,0.15619530986,0.953387196986,750.166525978,4578.87731786
130.5,0.767857142857,0,-45.3439475024,98.8524812851,44.9431654831,14261964.5133,5.89356867972,7.19266606529,0.964694774889,0.037427466762,9618.65597235,301.261856462,1543.11558125,0.915916342845,0.155739056317,0.952776033653,748.689619178,4580.31236779
131,0.767857142857,0,-36.2413772442,118.653142506,44.9678930674,14269811.4,5.85386288524,7.19266606529,0.962858264884,0.0373038997248,9611.89307422,970.510354032,1227.53139043,0.91625998828,0.154834793067,0.951059307323,745.161818973,4577.0919401
131.5,0.767857142857,0,-19.0749295662,132.078344336,44.978251584,14273098.5027,5.81278241458,7.19266606529,0.961187985722,0.0371760546053,9600.6319641,1417.71915965,642.679590697,0.91683639636,0.153947326261,0.949507569043,741.232146953,4571.72950671
132,0.767857142857,0,2.33577993383,136.14091603,44.992264502,14277545.2686,5.80868779244,7.19266606529,0.961586194076,0.0371633118726,9610.64987833,1555.80290891,-78.7590175549,0.917432759812,0.153970807113,0.949906369567,741.807205856,4576.49994206
132.5,0.767857142857,0,23.2267673786,129.93691622,45.0163943764,14285202.4821,5.81793615152,7.19266606529,0.962161253559,0.0371920933728,9626.47605689,1350.15121414,-785.229585686,0.91749220065,0.154209878165,0.950450863083,743.756141502,4584.03621757
133,0.767857142857,0,38.9496895002,114.846764132,45.0541259971,14297175.9831,5.82923209504,7.19266606529,0.962646651023,0.03722724709,9647.20893421,842.765419672,-1321.11574945,0.917357943787,0.154459084119,0.950903167512,746.207398846,4593.90901629
133.5,0.767857142857,0,46.0061219474,94.2280898007,45.0720778016,14302872.689,5.85951943199,7.19266606529,0.964153251954,0.0373215032694,9669.24984229,144.184482866,-1568.88079826,0.917193961545,0.155168973291,0.952316637253,750.234449259,4604.40468681
134,0.767857142857,0,42.8259752091,72.6686455409,45.1053057174,14313417.0143,5.87490188563,7.19266606529,0.964543224704,0.0373693744742,9687.07072474,-592.990609097,-1465.28658129,0.916754280121,0.155455386002,0.952666639195,752.727862726,4612.89082131
134.5,0.767857142857,0,30.1168469383,54.9655094158,45.1122999596,14315636.5205,5.89380800596,7.19266606529,0.965355393028,0.0374282115609,9697.76728011,-1202.30293359,-1033.54074287,0.916530972891,0.155874073434,0.953422875276,754.989271942,4617.9844191
135,0.767857142857,0,10.7065781356,45.0577127348,45.0628341524,14299939.371,5.92775544056,7.19266606529,0.966945930431,0.0375338582043,9691.60357876,-1546.63148461,-368.453228455,0.916256514012,0.156653605254,0.954909875774,757.101935216,4615.04932322
135.5,0.767857142857,0,-11.0859548148,45.1497870034,44.9780901198,14273047.2647,5.94703196771,7.19266606529,0.96749260063,0.0375938480213,9660.18971376,-1541.31479523,380.978038535,0.915763709824,0.157025628584,0.955404721388,756.04825996,4600.09033988
136,0.767857142857,0,-30.4118105166,55.2212452623,44.9224548349,14255392.3343,5.94089009617,7.19266606529,0.966857191225,0.0375747341142,9630.15844751,-1190.64421089,1041.14268631,0.91548388604,0.156814688287,0.954795183484,753.165915142,4585.78973691
136.5,0.767857142857,0,-42.9708948986,73.031140533,44.919253459,14254376.431,5.92872793074,7.19266606529,0.966278452864,0.0375368846575,9623.32663662,-579.800743924,1468.25170411,0.915573042546,0.156533313827,0.954253838264,751.707349049,4582.53649363
137,0.767857142857,0,-45.9687524335,94.6166870924,44.9373115899,14260106.8778,5.89666451355,7.19266606529,0.964690460942,0.0374371011999,9616.04224714,157.112683409,1564.38456912,0.915749592717,0.155780235536,0.952765312233,748.692507381,4579.06773673
137.5,0.767857142857,0,-38.7383456761,115.174998993,44.9627755861,14268187.4527,5.8518906375,7.19266606529,0.96270184214,0.0372977619605,9608.19799633,852.1898155,1311.31777459,0.916215046506,0.154776982731,0.950910114324,744.714069163,4575.3323792
138,0.767857142857,0,-22.8884742422,130.131754844,44.9775968585,14272890.7364,5.82894743928,7.19266606529,0.962113628751,0.0372263612226,9609.18692564,1355.62683145,773.15905906,0.916865027533,0.154349502616,0.950381327489,743.146927109,4575.80329793
138.5,0.767857142857,0,-1.94580930404,136.159005905,44.9894368098,14276647.9476,5.81002272143,7.19266606529,0.961414223248,0.0371674662592,9607.70867846,1556.05557456,65.5947275122,0.917198093879,0.153954811822,0.949735039434,741.636912863,4575.0993707
139,0.767857142857,0,19.4298073844,131.915660379,45.0099880218,14283169.5323,5.80374767836,7.19266606529,0.961354294518,0.0371479379135,9616.02503428,1413.41170347,-655.18035276,0.917472821762,0.153858076714,0.949689286614,741.848206497,4579.05954013
139.5,0.767857142857,0,36.482200262,118.345882665,45.0465122524,14294759.8881,5.83828383075,7.19266606529,0.963364686595,0.0372554166853,9650.89504447,962.775330452,-1239.12748911,0.917563915099,0.154724237116,0.951588091508,747.235763321,4595.66430689
140,0.767857142857,0,45.4171314621,98.4690123246,45.0680230802,14301585.9908,5.85555198912,7.19266606529,0.963795255988,0.0373091563269,9664.03266836,288.521980911,-1547.26905978,0.917062557729,0.15504395851,0.951974075036,749.495140257,4601.92031827
140.5,0.767857142857,0,44.2465366385,76.7077467863,45.0982945937,14311192.1511,5.8702076451,7.19266606529,0.964343752161,0.0373547656897,9682.17223473,-454.349245953,-1512.41330078,0.916811875594,0.155351943617,0.952480983782,751.993153478,4610.55820702
141,0.767857142857,0,33.2308786623,57.9040702996,45.1116125955,14315418.397,5.89153552414,7.19266606529,0.965301298655,0.0374211394484,9696.98113298,-1101.13027145,-1140.06750337,0.916599119157,0.155832400853,0.953374638695,754.764426453,4617.61006332
141.5,0.767857142857,0,14.8211934038,46.2418895965,45.0767881086,14304367.4265,5.91835793542,7.19266606529,0.966460400755,0.0375046125519,9692.97676032,-1504.64792496,-509.63530406,0.91628950335,0.156428588986,0.954453979372,756.482719294,4615.7032192
142,0.767857142857,0,-6.8862773118,44.3160949044,44.9938751783,14278056.3899,5.94734711736,7.19266606529,0.967654168293,0.0375948287877,9668.56625737,-1571.43434257,236.874072774,0.915900128994,0.157062297095,0.955562345112,756.755699063,4604.07917018
142.5,0.767857142857,0,-27.0615188368,52.555184628,44.9306761947,14258001.2458,5.9580239374,7.19266606529,0.967800229348,0.0376280557521,9642.63969008,-1285.83992918,929.281694117,0.915479311291,0.157237101211,0.955682817942,755.471168999,4591.73318575
143,0.767857142857,0,-41.2154447472,69.1259224326,44.9179627136,14253966.8344,5.93354303748,7.19266606529,0.966282296463,0.0375518695856,9622.7091241,-713.497254771,1408.78592534,0.91532432653,0.156599595773,0.954247444834,751.982431526,4582.24244005
143.5,0.767857142857,0,-46.1987397512,90.3412409778,44.9320272082,14258429.9674,5.89569419753,7.19266606529,0.964563136225,0.0374340815128,9612.54240012,11.6073285245,1571.45238898,0.915679694672,0.155741658873,0.952642582459,748.331074477,4577.40114291
144,0.767857142857,0,-40.9025971996,111.480631795,44.9575371135,14266525.1107,5.86431241339,7.19266606529,0.963404396725,0.037336419342,9612.65300207,728.410552314,1387.01150418,0.916229132435,0.155085030104,0.951572736724,746.022384423,4577.45381051
144.5,0.767857142857,0,-26.5054337969,127.840480695,44.9782897772,14273110.6226,5.83546225624,7.19266606529,0.962285286024,0.0372466357603,9611.04730555,1279.28083802,896.074598868,0.916684700304,0.154471761011,0.95053603752,743.758480853,4576.68919312
145,0.767857142857,0,-6.21068632448,135.780644113,44.9863500427,14275668.4135,5.81179717762,7.19266606529,0.961413428307,0.0371729884832,9606.34528542,1543.32791914,209.370702124,0.917103518495,0.153978654865,0.949730585508,741.649989402,4574.45013591
145.5,0.767857142857,0,15.4659681565,133.534398227,45.004262003,14281352.4756,5.80490913227,7.19266606529,0.961391694505,0.0371515524343,9613.92532611,1467.84311799,-521.463850338,0.917447062321,0.15388118796,0.949723542987,741.770873401,4578.0596791
146,0.767857142857,0,33.7013717558,121.601543345,45.0287521294,14289124.0091,5.80934759119,7.19266606529,0.961742573014,0.0371653652096,9627.78370235,1067.56243533,-1138.49877877,0.917547054576,0.154010698712,0.950058285476,743.203372092,4584.65890588
146.5,0.767857142857,0,44.4380611399,102.637195976,45.0619935895,14299672.6324,5.84774175173,7.19266606529,0.963803707434,0.0372848503558,9661.69646621,430.118855939,-1512.49122466,0.91748262249,0.154939689859,0.951998654955,748.790700788,4600.80784105
147,0.767857142857,0,45.2870722661,80.861012881,45.090950081,14308861.4924,5.86602633854,7.19266606529,0.964231330351,0.0373417531894,9677.98819409,-312.123552689,-1546.68801942,0.916925257004,0.155272815459,0.952379555504,751.365339479,4608.56580671
147.5,0.767857142857,0,36.0594961535,61.1182975371,45.1140819982,14316202.0208,5.89372833385,7.19266606529,0.965486689856,0.0374279636161,9699.8439224,-991.391390345,-1237.77585731,0.916659819224,0.155899178965,0.95355170114,755.170531086,4618.97329638
148,0.767857142857,0,18.8085120217,47.801897252,45.0881103907,14307960.364,5.90671952546,7.19266606529,0.965782423451,0.0374683930566,9691.34592002,-1449.00884591,-645.851318496,0.916257670602,0.156134819602,0.953814178985,755.441418786,4614.92662858
148.5,0.767857142857,0,-2.62745477154,43.8747739147,45.0122481258,14283886.7386,5.94498577208,7.19266606529,0.96770194876,0.0375874801263,9676.98872887,-1587.68233742,90.4399585038,0.916069079973,0.157039686945,0.955614156979,757.264828546,4608.08987089
149,0.767857142857,0,-23.478800482,50.2107309953,44.9407364496,14261193.7,5.96520086301,7.19266606529,0.968233519041,0.0376503908154,9651.08940444,-1368.56587695,807.561585703,0.915513588901,0.157421882181,0.9560920721,756.697723934,4595.75685926
149.5,0.767857142857,0,-39.1060023147,65.3999881512,44.9138221233,14252652.8871,5.93179089997,7.19266606529,0.966075414315,0.0375464168187,9618.92877512,-840.348244316,1335.87986012,0.915220147646,0.156534357562,0.954048444505,751.530588221,4580.44227387
150,0.767857142857,0,-46.0319341343,86.0628640038,44.9288506003,14257421.9238,5.90977289441,7.19266606529,0.965368975324,0.0374778953411,9618.85144649,-134.205665218,1569.09650764,0.915705129368,0.156093759177,0.953402637663,749.916852662,4580.40545071
150.5,0.767857142857,0,-42.7155434351,107.60177119,44.9538937922,14265368.9634,5.8750109921,7.19266606529,0.963781710187,0.0373697140207,9614.60399754,597.628543133,1450.31018277,0.916024755059,0.155305220196,0.951920148435,746.960507932,4578.38285597
151,0.767857142857,0,-29.8947427941,125.224201244,44.9720013613,14271115.0987,5.83095603947,7.19266606529,0.961872672177,0.0372326121182,9604.366756,1189.39770203,1009.44058705,0.916529388994,0.154328890828,0.950140988665,742.86281933,4573.50797905
151.5,0.767857142857,0,-10.4222208411,135.009080337,44.9841285533,14274963.4609,5.81305811089,7.19266606529,0.961551890988,0.0371769125903,9606.74278394,1517.60588068,351.414059561,0.91716893512,0.154023136186,0.94986369307,741.790970296,4574.63942092
152,0.767857142857,0,11.36929442,134.779226706,45.0000971596,14280030.832,5.80578697447,7.19266606529,0.961421179933,0.0371542843368,9612.42012634,1509.70911856,-383.3100462,0.917428757576,0.153898897822,0.949750627964,741.718940934,4577.3429173
152.5,0.767857142857,0,30.6310880335,124.58578387,45.0317125931,14290063.4629,5.8216199908,7.19266606529,0.962409667196,0.0372035577222,9635.41887099,1170.79285205,-1036.91907216,0.91753431116,0.154308992306,0.950686702923,744.740753662,4588.29470047
153,0.767857142857,0,43.0773200453,106.69684095,45.0567416239,14298006.0086,5.84131600077,7.19266606529,0.96326036542,0.0372648529973,9654.17718151,567.444964454,-1463.99000953,0.917304465909,0.154744633525,0.951479531705,747.673721947,4597.22722929
153.5,0.767857142857,0,45.9386451126,85.0927721453,45.0854954737,14307130.5637,5.87119809515,7.19266606529,0.964616016029,0.0373578480353,9679.36695245,-167.714244013,-1570.04430286,0.917018539717,0.155419588697,0.952745726119,751.893630694,4609.22235831
154,0.767857142857,0,38.5784049086,64.5805846899,45.1136329408,14316059.5199,5.88107147399,7.19266606529,0.964706570495,0.0373885746379,9692.14470046,-870.694956092,-1321.43175436,0.916584740792,0.155571698127,0.952813790523,753.569222594,4615.30700022
154.5,0.767857142857,0,22.6342876035,49.7243370671,45.0965861516,14310650.0054,5.91635211724,7.19266606529,0.966509542611,0.0374983703141,9702.02547821,-1385.96387889,-778.889849565,0.916441409154,0.156411112357,0.954506358107,757.062779735,4620.01213248
155,0.767857142857,0,1.65393452042,43.8296144634,45.029214526,14289270.7429,5.94114668106,7.19266606529,0.967341745359,0.0375755326232,9680.7911525,-1589.17454297,-56.9280634123,0.915929246677,0.156915223409,0.955269378568,757.235174431,4609.90054881
155.5,0.767857142857,0,-19.6944267966,48.2080204686,44.9488461366,14263767.174,5.94386342351,7.19266606529,0.967111922244,0.0375839873039,9643.93358732,-1433.25812483,675.421397515,0.915569317899,0.156906197721,0.955038465908,754.491151168,4592.34932729
156,0.767857142857,0,-36.660685235,61.8853390898,44.9175644814,14253840.4621,5.9535173713,7.19266606529,0.967604365584,0.0376140310227,9635.17401901,-964.264856834,1257.37281742,0.915529881105,0.157136404981,0.955500483441,754.546779635,4588.17810429
156.5,0.767857142857,0,-45.4697682474,81.8183024056,44.9247044305,14256106.2059,5.91674230668,7.19266606529,0.965422004912,0.0374995846092,9617.45246686,-279.027248024,1550.69338067,0.915389743569,0.156199075543,0.953439937916,750.284324941,4579.73926993
157,0.767857142857,0,-44.1616133031,103.571732037,44.9474480592,14263323.5174,5.8819851297,7.19266606529,0.964061269839,0.0373914179944,9614.46592284,461.111326753,1500.42898334,0.915923582444,0.155455524163,0.952179515717,747.46901584,4578.31710611
157.5,0.767857142857,0,-33.0272910489,122.305387259,44.9686587972,14270054.3916,5.83447965264,7.19266606529,0.961961553604,0.0372435778335,9603.74560848,1091.13909505,1115.52194616,0.916428145657,0.15439421343,0.950220785692,743.066780115,4573.21219451
158,0.767857142857,0,-14.544240717,133.850941403,44.9815249505,14274137.251,5.8114911809,7.19266606529,0.961411423441,0.0371720362014,9604.27123993,1477.91438023,490.186568798,0.917117782933,0.153974119034,0.949729254086,741.469061425,4573.4624952
158.5,0.767857142857,0,7.1749717927,135.639454201,44.996134077,14278773.2138,5.80708836911,7.19266606529,0.961517167715,0.0371583343623,9611.65193512,1538.80617169,-241.915488902,0.917451504419,0.153935503576,0.949842021792,741.76469394,4576.97711196
159,0.767857142857,0,27.2977192277,127.272973117,45.0274738965,14288718.3832,5.82608637355,7.19266606529,0.962637487659,0.0372174573984,9635.77379072,1262.38548517,-924.537047885,0.917515419123,0.154414654426,0.950900723672,745.110420537,4588.46370987
159.5,0.767857142857,0,41.3465953467,110.613079664,45.0546031241,14297327.3914,5.82929382659,7.19266606529,0.962525915587,0.0372274392026,9646.2113779,699.075303005,-1402.23509254,0.917239627802,0.154435971633,0.950784702797,746.111542614,4593.43398947
160,0.767857142857,0,46.1956589322,89.3666787355,45.0783390726,14304859.599,5.85809832197,7.19266606529,0.964073544827,0.0373170806818,9671.17326865,-21.5983559228,-1575.4252063,0.917193065392,0.155133837421,0.952241490817,750.272976719,4605.32060412
160.5,0.767857142857,0,40.7659704588,68.2611947764,45.1081696523,14314325.8363,5.87095381945,7.19266606529,0.964346208423,0.0373570878333,9686.42146474,-743.44137973,-1394.14788496,0.916774910412,0.155362561254,0.95248182989,752.373931586,4612.58164988
161,0.767857142857,0,26.2656612288,51.9926975409,45.1098707869,14314865.6631,5.91193130234,7.19266606529,0.96641958249,0.0374846124481,9706.9406691,-1308.0220878,-903.933265848,0.916588286943,0.156332973482,0.954427528413,757.130447828,4622.35269957
161.5,0.767857142857,0,5.92111845667,44.1810044171,45.0453769328,14294399.6133,5.93571921181,7.19266606529,0.967109098768,0.0375586419829,9685.54669146,-1577.00002568,-203.793292268,0.915993422112,0.156794710938,0.955052919544,757.196881418,4612.16509117
162,0.767857142857,0,-15.7409011073,46.5642539798,44.9593875079,14267112.3025,5.94538158274,7.19266606529,0.967279146576,0.0375887119151,9650.08021586,-1490.84456108,540.274749543,0.915648104569,0.156960376501,0.955199088605,755.105721644,4595.27629327
162.5,0.767857142857,0,-33.9004959109,58.6121619573,44.9209970621,14254929.7344,5.94984371107,7.19266606529,0.967377835556,0.0376025983511,9634.4868898,-1076.03733602,1162.17623081,0.915507843252,0.157040940244,0.955286331534,754.203630091,4587.85089991
163,0.767857142857,0,-44.5170704354,77.6440119839,44.9223451247,14255357.5196,5.91460537236,7.19266606529,0.965360032831,0.0374929343294,9615.87523648,-421.230544587,1517.64066123,0.915443070515,0.15615764857,0.953383711789,750.006553004,4578.98820785
163.5,0.767857142857,0,-45.228386761,99.4251276383,44.9436175017,14262107.9539,5.89242506779,7.19266606529,0.964671774048,0.0374239077666,9618.64612589,320.714802398,1539.01503295,0.915954603536,0.155718939357,0.952755893418,748.607968349,4580.307679
164,0.767857142857,0,-35.8761736494,119.109107926,44.9674037649,14269656.1281,5.85195321367,7.19266606529,0.962769972988,0.0372979567017,9610.84960767,985.656402603,1214.79436429,0.91627658995,0.154791371056,0.950976755714,744.936633305,4576.59505127
164.5,0.767857142857,0,-18.5413426408,132.316174367,44.9782036717,14273083.2985,5.80703265201,7.19266606529,0.960898482977,0.037158160967,9597.86258338,1424.47835777,624.152388794,0.916864119113,0.153812265067,0.949235698143,740.580270774,4570.41075399
165,0.767857142857,0,2.9190245815,136.107692368,44.9925264788,14277628.4026,5.80790921276,7.19266606529,0.961630511283,0.0371608888816,9611.21761985,1554.68300384,-98.4251796518,0.917516227955,0.15396904847,0.94995142192,741.807371567,4576.77029516
165.5,0.767857142857,0,23.7298950628,129.640031285,45.0181304494,14285753.3959,5.82022600523,7.19266606529,0.962300064511,0.0371992195477,9628.54857754,1340.72629005,-802.605173084,0.917503503121,0.154268391056,0.950582168786,744.095739199,4585.02313216
166,0.767857142857,0,39.2607519374,114.352276224,45.0549297808,14297431.0505,5.82933498842,7.19266606529,0.962617472088,0.0372275673009,9647.26083007,825.999096265,-1331.6761571,0.917324702252,0.154454690065,0.950874354504,746.212795486,4593.93372861
166.5,0.767857142857,0,46.0559062778,93.6460248119,45.0724401567,14302987.6764,5.85844148523,7.19266606529,0.964091936568,0.0373181486284,9668.81804421,124.315662052,-1570.33228673,0.917192467847,0.155142151386,0.952258798456,750.116827572,4604.19906867
167,0.767857142857,0,42.6034041844,72.1285156772,45.1053732653,14313438.4495,5.88037201832,7.19266606529,0.964862731519,0.037386397886,9690.16700921,-612.015451774,-1458.96900269,0.916769928702,0.155593311524,0.952968286372,753.397966046,4614.36524248
167.5,0.767857142857,0,29.6714436615,54.5874961201,45.1111577774,14315274.068,5.91383337031,7.19266606529,0.966380762514,0.0374905318084,9707.0669186,-1218.93291188,-1021.32002144,0.916451563122,0.156351101513,0.954385483538,757.261450709,4622.41281838
168,0.767857142857,0,10.1374469371,44.9259257489,45.060745273,14299276.5,5.92839785117,7.19266606529,0.966674702446,0.0375358574283,9687.99446797,-1550.5723489,-348.73361617,0.915965810421,0.156608093364,0.954642774044,756.811809061,4613.33069903
168.5,0.767857142857,0,-11.6521795582,45.2935495533,44.9761396799,14272428.3251,5.94709297748,7.19266606529,0.967486124498,0.0375940378878,9659.28646555,-1536.23646929,400.400904235,0.9157543843,0.15702516227,0.955398247431,755.980445474,4599.66022169
169,0.767857142857,0,-30.849141128,55.6085695025,44.921595092,14255119.5092,5.94591453117,7.19266606529,0.967134216242,0.0375903704855,9632.42004885,-1178.26947683,1056.90867904,0.915483000415,0.156938599523,0.955055969124,753.732197679,4586.86668993
169.5,0.767857142857,0,-43.1820232538,73.5758449927,44.9195176267,14254460.2602,5.92703718404,7.19266606529,0.966107941211,0.0375316229429,9621.7909703,-560.990849737,1474.9446719,0.915500106895,0.156476202742,0.954090338893,751.441927375,4581.80522395
170,0.767857142857,0,-45.9067014773,95.1975724594,44.9379578958,14260311.9723,5.89605424186,7.19266606529,0.964682544284,0.0374352019944,9616.25347764,176.874955501,1562.21887129,0.915774136371,0.155770369049,0.952758835026,748.666623008,4579.16832269
170.5,0.767857142857,0,-38.4169220391,115.662815532,44.9630400478,14268271.3752,5.85104449337,7.19266606529,0.962664302833,0.0372951287045,9607.95708667,868.606730719,1300.29368814,0.916223905726,0.154758060258,0.950875086097,744.63178258,4575.21766032
171,0.767857142857,0,-22.3791962,130.417961075,44.9770017069,14272701.875,5.81856451062,7.19266606529,0.961551242246,0.0371940488675,9603.57722873,1363.02952566,754.701730867,0.916877311028,0.154097496963,0.949851646398,741.91396021,4573.13201368
171.5,0.767857142857,0,-1.36199362376,136.17991959,44.9891113438,14276544.6664,5.80836137588,7.19266606529,0.961480121825,0.0371622960428,9608.25790391,1556.64278652,45.910377682,0.917348821977,0.153945388988,0.949803073338,741.580791116,4575.36090663
172,0.767857142857,0,19.9582589595,131.666628125,45.0107606755,14283414.721,5.80679013236,7.19266606529,0.961548249455,0.0371574062299,9618.21649497,1405.78890916,-673.371001066,0.917496939169,0.153937622519,0.949873105863,742.257230628,4580.10309284
172.5,0.767857142857,0,36.8377047633,117.882315323,45.0501403768,14295911.2129,5.8420421464,7.19266606529,0.963526694472,0.0372671128101,9653.98090091,947.691581251,-1252.07617346,0.917519748557,0.154807363699,0.951739044488,747.757657355,4597.13376234
173,0.767857142857,0,45.5205874608,97.8940558157,45.0691625795,14301947.5919,5.85660907186,7.19266606529,0.963796493253,0.0373124460378,9664.51127373,268.973285429,-1551.01791143,0.917007998257,0.155058543966,0.951973081017,749.603552036,4602.14822559
173.5,0.767857142857,0,44.0749246868,76.1493316461,45.0994660863,14311563.9047,5.87225337114,7.19266606529,0.964440946313,0.0373611321234,9683.60002019,-473.604918251,-1507.08258764,0.916796529895,0.155399063096,0.952571952299,752.260319526,4611.23810485
174,0.767857142857,0,32.8223832291,57.4864465313,45.1126491019,14315747.315,5.8830197111,7.19266606529,0.96479835448,0.0373946376796,9692.59532171,-1113.96325526,-1124.54422746,0.916569421353,0.155616445609,0.952899651375,753.753096824,4615.52158177
174.5,0.767857142857,0,14.2667066503,46.0579804589,45.0749050238,14303769.8609,5.91897834004,7.19266606529,0.966625149739,0.0375065432917,9693.79285467,-1511.24512259,-490.657713639,0.916413126693,0.156469963949,0.954614095475,756.619587453,4616.09183556
175,0.767857142857,0,-7.46337946705,44.4068210482,44.9916367676,14277346.0676,5.94759444997,7.19266606529,0.96765834219,0.037595598503,9667.64034632,-1568.19951099,256.706557859,0.915891122833,0.157066504297,0.955565910581,756.70067398,4603.63826015
175.5,0.767857142857,0,-27.5328284415,52.9003590582,44.9287737791,14257397.5459,5.95550345327,7.19266606529,0.967656997464,0.0376202118401,9640.46134529,-1273.36786903,945.006964786,0.915475720983,0.157174024257,0.955547838247,755.104157549,4590.69587871
176,0.767857142857,0,-41.4760931907,69.6487422101,44.9188987543,14254263.8714,5.93426975127,7.19266606529,0.966361118173,0.0375541311666,9623.87350853,-695.769739249,1417.98658551,0.91536091367,0.156625259539,0.954323137914,752.137013912,4582.79690883
176.5,0.767857142857,0,-46.1907315251,90.9253762353,44.933123742,14258777.9341,5.89543928545,7.19266606529,0.964537918777,0.0374332882097,9612.76762342,31.4765378838,1571.17100624,0.915669145433,0.155733167284,0.952618406516,748.326796221,4577.5083921
177,0.767857142857,0,-40.627714172,111.996109682,44.9580085676,14266674.7188,5.85855937435,7.19266606529,0.963089759139,0.0373185155071,9609.86089531,745.230015891,1376.47031749,0.916232832956,0.154944460614,0.951276389848,745.361820176,4576.12423586
177.5,0.767857142857,0,-26.0248387383,128.17260495,44.9788358068,14273283.896,5.82980207642,7.19266606529,0.962059387161,0.0372290209094,9609.16081305,1289.52571492,879.156631409,0.916768217302,0.154350312206,0.950326388955,743.191767122,4575.79086336
178,0.767857142857,0,-5.63131390285,135.855515521,44.9859538335,14275542.6831,5.80841631723,7.19266606529,0.961312184106,0.0371624670239,9605.24311189,1545.16438425,189.754832768,0.917185687153,0.153912880532,0.949638346673,741.320124026,4573.92529138
178.5,0.767857142857,0,16.015204844,133.335357548,45.0047338515,14281502.2089,5.80491743254,7.19266606529,0.961443584815,0.0371515782653,9614.64164463,1461.26132518,-540.030145764,0.917496141597,0.153891571388,0.949774389424,741.836481179,4578.40078316
179,0.767857142857,0,34.0982649549,121.172878068,45.0333332586,14290577.754,5.82232673672,7.19266606529,0.96246209403,0.0372057571619,9636.6184053,1055.47216172,-1154.52186814,0.917546934083,0.154328956244,0.950736621822,744.890719006,4588.86590728
179.5,0.767857142857,0,44.5943002413,102.074286148,45.0627547786,14299914.1831,5.84696019081,7.19266606529,0.963562455657,0.037282418087,9659.63971608,410.818327284,-1517.28686953,0.917294206147,0.15488116073,0.951763841875,748.533129772,4599.82843623
180,0.767857142857,0,45.1678933327,80.2891085948,45.0896648466,14308453.6446,5.86176282083,7.19266606529,0.964007022047,0.0373284848426,9675.2933336,-331.417988115,-1541.51166058,0.916936602939,0.155170331679,0.95216864184,750.82661666,4607.28253981
180.5,0.767857142857,0,35.6914170602,60.664650194,45.1119332414,14315520.1486,5.89011749461,7.19266606529,0.965351852161,0.0374167264475,9697.65312998,-1006.37669754,-1224.42754796,0.916721712792,0.15582321008,0.953427153531,754.730640413,4617.9300619
181,0.767857142857,0,18.2734321033,47.5674455263,45.0866199263,14307487.3899,5.90753888587,7.19266606529,0.965883044209,0.0374709429599,9691.68940069,-1457.2546449,-627.561647915,0.916310088729,0.156166054586,0.953911049339,755.542591895,4615.0901908
181.5,0.767857142857,0,-3.21047770871,43.9116844213,45.0097598526,14283097.1266,5.94528950818,7.19266606529,0.967706197647,0.037588425373,9675.95450944,-1586.28686133,110.499560333,0.916057185534,0.157044677983,0.955617676586,757.205172529,4607.59738545
182,0.767857142857,0,-23.9800410838,50.5107909725,44.938975492,14260634.8895,5.96519840922,7.19266606529,0.968228720311,0.037650383179,9650.28568463,-1358.13017081,824.732074791,0.915509179821,0.157420885701,0.956087376202,756.633634695,4595.37413554
182.5,0.767857142857,0,-39.4139321824,65.8964328383,44.91352933,14252559.9741,5.9280923418,7.19266606529,0.965870900087,0.0375349066631,9616.8617528,-822.898892489,1345.59672948,0.915220183265,0.156443136572,0.953855864307,751.082838209,4579.45797752
183,0.767857142857,0,-46.0780374196,86.6452321157,44.9294940831,14257626.1224,5.9086749227,7.19266606529,0.965364817097,0.0374744783811,9619.10916037,-114.346142802,1570.55451483,0.915758819212,0.156078006546,0.953400871875,749.862651736,4580.52817161
183.5,0.767857142857,0,-42.4895619395,108.140483075,44.9545071255,14265563.5945,5.87342750205,7.19266606529,0.96371082536,0.0373647860958,9614.19815809,615.794938701,1442.34621989,0.916040693999,0.155269627052,0.951853993568,746.809696054,4578.18959909
184,0.767857142857,0,-29.4469584665,125.599390965,44.9703752808,14270599.0891,5.82183063772,7.19266606529,0.961391374409,0.0372042132693,9599.09540561,1200.27471915,992.838327993,0.916552376501,0.154109989513,0.949688180091,741.755493719,4570.99781219
184.5,0.767857142857,0,-9.852267807,135.137266411,44.9830641817,14274625.7003,5.80753235971,7.19266606529,0.961384473162,0.0371597160902,9604.74429195,1520.78990138,331.948090302,0.917301407968,0.153915238127,0.949711034583,741.236244255,4573.68775807
185,0.767857142857,0,11.9345989215,134.631887128,44.9996723206,14279896.0164,5.80367355817,7.19266606529,0.961388066142,0.0371477072466,9611.95439179,1504.36965767,-402.269535291,0.917508973813,0.153863758295,0.949722543566,741.535583607,4577.12113895
185.5,0.767857142857,0,31.0659610838,124.19570239,45.0320677963,14290176.1807,5.82184044427,7.19266606529,0.962454071231,0.0372042437879,9636.00735845,1157.69456248,-1051.73725678,0.917564991082,0.154320779939,0.950729768054,744.809394007,4588.57493259
186,0.767857142857,0,43.285000339,106.150812539,45.0571928973,14298149.2127,5.84190527745,7.19266606529,0.963289669329,0.037266686865,9654.64953098,548.948068121,-1471.20878643,0.917301265608,0.154758440918,0.951507024646,747.755412915,4597.45215761
186.5,0.767857142857,0,45.8729228046,84.5122906995,45.0866478499,14307496.251,5.87251969659,7.19266606529,0.964680252678,0.0373619609457,9680.47323424,-187.600027909,-1568.18831448,0.917009985184,0.155450323682,0.952805910404,752.080765937,4609.74915916
187,0.767857142857,0,38.2539035224,64.0948100702,45.113191333,14315919.383,5.89298849866,7.19266606529,0.965346427314,0.0374256612004,9698.07865677,-888.967793285,-1312.72877331,0.916565555107,0.155861147455,0.953415810419,754.956497338,4618.1326937
187.5,0.767857142857,0,22.1232102286,49.4413564184,45.0954894837,14310301.9962,5.91356351599,7.19266606529,0.966172690148,0.0374896920041,9698.25863298,-1394.6947326,-760.753369668,0.916268410693,0.156305856871,0.954182175112,756.516525395,4618.21839666
188,0.767857142857,0,1.06999828386,43.8123923149,45.0268196494,14288510.7688,5.94146286016,7.19266606529,0.967401999622,0.0375765165933,9680.35284484,-1589.76410964,-36.8290317321,0.915969727804,0.156931598344,0.955327743193,757.233642638,4609.69183088
188.5,0.767857142857,0,-20.2212933271,48.4603888297,44.9476054783,14263373.4718,5.94649556551,7.19266606529,0.967252701732,0.0375921787025,9644.73767843,-1425.1060448,693.735125159,0.915564728171,0.156970253074,0.95517082271,754.757497781,4592.73222782
189,0.767857142857,0,-37.0132517709,62.3511448095,44.9173585339,14253775.1081,5.95242916094,7.19266606529,0.967503781503,0.0376106444407,9634.11522939,-948.068975903,1269.17065678,0.915491672521,0.157101411734,0.955404246499,754.371829364,4587.67391876
189.5,0.767857142857,0,-45.5695870709,82.3939015136,44.9260500484,14256533.2153,5.91827444641,7.19266606529,0.965523418175,0.0375043527286,9618.99847263,-259.480900309,1554.59957574,0.91540554003,0.156240169777,0.953536080527,750.526675015,4580.47546316
190,0.767857142857,0,-43.9864742551,104.129051016,44.9486995424,14263720.6548,5.88197468677,7.19266606529,0.964037281449,0.0373913854953,9614.76417244,480.058254606,1494.51438979,0.915901340971,0.155450602583,0.952156030222,747.486974854,4578.45912973
190.5,0.767857142857,0,-32.6161633939,122.720420007,44.9716386527,14270999.9991,5.84010215518,7.19266606529,0.962273080371,0.0372610754302,9607.98664507,1106.29117557,1102.76621558,0.916428297256,0.154532160808,0.950514429257,743.829261882,4575.23173575
191,0.767857142857,0,-13.9886022978,134.031341176,44.9804519438,14273796.7502,5.80482576156,7.19266606529,0.960956491583,0.0371512929792,9599.44326266,1482.18692526,470.885575473,0.917036161117,0.153793916992,0.94929712334,740.565957903,4571.16345841
191.5,0.767857142857,0,7.75148880629,135.545081197,44.9954429331,14278553.8908,5.804219001,7.19266606529,0.96145947914,0.0371494047005,9610.84458045,1535.07596178,-261.260356151,0.917548264847,0.153885270189,0.949791414952,741.499856216,4576.59265736
192,0.767857142857,0,27.7668370803,126.924825776,45.027886201,14288849.2211,5.82747843362,7.19266606529,0.962758375664,0.0372217895806,9637.12162687,1250.96400686,-940.703525125,0.917557073033,0.154457486587,0.951016317614,745.330751678,4589.10553661
192.5,0.767857142857,0,41.6039331028,110.088622411,45.0516558282,14296392.1161,5.82695255668,7.19266606529,0.962374940674,0.0372201530171,9643.49763465,680.927706651,-1410.21470639,0.917219419354,0.154374320306,0.950641591484,745.71611929,4592.14173079
193,0.767857142857,0,46.1839577269,88.7826057841,45.0792173073,14305138.2922,5.8603446441,7.19266606529,0.964233777272,0.0373240713836,9673.09735497,-41.5354857225,-1575.72057743,0.917227053478,0.155196187893,0.952393829673,750.603768272,4606.2368357
193.5,0.767857142857,0,40.4878338657,67.7474651137,45.109457155,14314734.4039,5.87111840032,7.19266606529,0.964321023804,0.0373576000197,9686.71991422,-761.040152818,-1384.69021304,0.916742300497,0.15535978174,0.95245680503,752.403420444,4612.72376868
194,0.767857142857,0,25.7829759519,51.6636184407,45.1082986989,14314366.7871,5.91761147341,7.19266606529,0.966731678724,0.0375022895131,9709.25226233,-1320.43408959,-888.052523303,0.916585897722,0.156472649955,0.954721357352,757.75409127,4623.45345825
194.5,0.767857142857,0,5.34128424742,44.1097975316,45.0431469111,14293691.9531,5.93593902078,7.19266606529,0.967034206242,0.0375593260428,9683.83895047,-1579.17359457,-183.80426738,0.915910965087,0.156782712624,0.954979078324,757.063974702,4611.35188118
195,0.767857142857,0,-16.2888684017,46.766763177,44.9594089848,14267119.1178,5.95629612198,7.19266606529,0.967879693608,0.0376226786772,9655.79991021,-1486.43938885,560.041703362,0.91564491375,0.157229484248,0.955764331064,756.401069127,4597.99995724
195.5,0.767857142857,0,-34.2946709823,59.0433279855,44.9203300602,14254718.0724,5.94411497521,7.19266606529,0.96689354591,0.0375847701493,9629.53793716,-1060.04159105,1174.34385633,0.915349407341,0.156865878442,0.95482398391,753.34050741,4585.49425579
196,0.767857142857,0,-44.6697474706,78.2078983675,44.9231248789,14255604.9616,5.91416468945,7.19266606529,0.965423345833,0.0374915628953,9616.84413383,-402.038082795,1522.96343704,0.915526229535,0.15616431,0.953446675096,750.064585362,4579.44958754
196.5,0.767857142857,0,-45.1055943995,99.9962669967,44.9440502301,14262245.273,5.89097876348,7.19266606529,0.964598457734,0.0374194067727,9618.13664742,340.081036212,1534.52856825,0.915961000775,0.155684679547,0.95268708253,748.457679161,4580.0650702
197,0.767857142857,0,-35.5052337709,119.560419058,44.9678447671,14269796.0728,5.8499958392,7.19266606529,0.962683652528,0.0372918652239,9610.22432403,1000.67537458,1201.91845162,0.916297585782,0.154747700271,0.950896233727,744.741074127,4576.29729716
197.5,0.767857142857,0,-18.0047911183,132.547238416,44.9772091807,14272767.7134,5.79970076852,7.19266606529,0.960522026091,0.0371353436646,9593.86044206,1430.57695255,605.379812382,0.916892534366,0.153638678383,0.948881843466,739.711768101,4568.50497241
198,0.767857142857,0,3.50180250288,136.067096492,44.9919681009,14277451.2107,5.80536458888,7.19266606529,0.961600961683,0.0371529698451,9610.73932872,1552.86929908,-118.041769771,0.91762266291,0.153928772081,0.949927726621,741.594916571,4576.54253749
198.5,0.767857142857,0,24.229228546,129.33680826,45.019788144,14286279.4377,5.82165519501,7.19266606529,0.962418050689,0.0372036672801,9630.39910462,1330.93713624,-819.781306133,0.917540442827,0.15431113088,0.950694846961,744.356705401,4585.90433553
199,0.767857142857,0,39.5655369267,113.853894602,45.0557895057,14297703.8698,5.82983910559,7.19266606529,0.962623644386,0.0372291361467,9647.67975493,809.167672292,-1342.13527609,0.917303954853,0.154462743037,0.950879356345,746.280181376,4594.13321663
199.5,0.767857142857,0,46.098326675,93.0633768558,45.0728811178,14303127.608,5.85812364936,7.19266606529,0.964066628197,0.0373171595023,9668.76213064,104.445321152,-1571.71473204,0.917185149602,0.155132805737,0.952234659409,750.086317638,4604.17244316
200,0.767857142857,0,42.3740212511,71.5912433062,45.1048476893,14313271.6667,5.88163893963,7.19266606529,0.964937774731,0.0373903406282,9690.66194122,-630.530149606,-1451.37981903,0.916774542734,0.155625472321,0.95303916973,753.536130768,4614.60092439
200.5,0.767857142857,0,29.2212961825,54.2151449714,45.1106867275,14315124.5882,5.92122135924,7.19266606529,0.966770509056,0.0375135237146,9710.58982139,-1233.1297403,-1006.9525039,0.916433171281,0.156529557216,0.954751789399,758.109939662,4624.09039114
201,0.767857142857,0,9.56669485026,44.8013457098,45.0585259351,14298572.2301,5.92860244825,7.19266606529,0.966572839809,0.0375364941478,9686.02306569,-1554.53015972,-329.03005426,0.91585856188,0.156590500264,0.954542538746,756.652251066,4612.39193604
201.5,0.767857142857,0,-12.2165412208,45.4444602704,44.9760891252,14272412.2824,5.96333584696,7.19266606529,0.968381833482,0.0376445867631,9667.78847577,-1534.95762846,420.865132688,0.915751414277,0.157426205877,0.95624132939,757.90952216,4603.70879798
202,0.767857142857,0,-31.2815392339,56.0013926292,44.9206312193,14254813.6403,5.94517272155,7.19266606529,0.96684410531,0.0375880619253,9629.15598562,-1164.25481168,1071.21101087,0.91524721975,0.156870375658,0.954773309018,753.372206619,4585.31237411
202.5,0.767857142857,0,-43.3862471844,74.1231755299,44.9197803805,14254543.6407,5.92579376602,7.19266606529,0.966050514579,0.0375277533445,9621.36253382,-542.203899518,1481.66860779,0.915510875113,0.156447802943,0.954036694233,751.314333155,4581.60120658
203,0.767857142857,0,-45.8373104445,95.7776267804,44.9388550795,14260596.6786,5.89617258227,7.19266606529,0.964708107335,0.0374355702775,9616.88778445,196.630695274,1559.98692279,0.915792186425,0.155777075876,0.952783635938,748.728753249,4579.47037355
203.5,0.767857142857,0,-38.089355875,116.146528814,44.9635551073,14268434.8207,5.85154020496,7.19266606529,0.962689943583,0.0372966713915,9608.42069831,885.066741005,1289.33451591,0.916222187796,0.154769870897,0.950899183003,744.705671662,4575.43842777
204,0.767857142857,0,-21.8663399217,130.69770483,44.9756607766,14272276.3531,5.80663431827,7.19266606529,0.960882696696,0.0371569213263,9596.62925049,1369.76555076,735.956960498,0.916870114771,0.153803755661,0.949221048206,740.455567274,4569.82345261
204.5,0.767857142857,0,-0.777960172716,136.193449514,44.989067638,14276530.7971,5.80696839215,7.19266606529,0.961584408097,0.0371579609861,9609.30249506,1557.11407271,26.2239071924,0.917522010473,0.153947192515,0.949908179708,741.588038137,4575.85833098
205,0.767857142857,0,20.4835193851,131.410933745,45.0112268701,14283562.6601,5.80813564766,7.19266606529,0.96164404358,0.0371615935618,9619.33833043,1397.52834424,-691.273930383,0.917517160801,0.153974791306,0.949964217343,742.451830788,4580.63730021
205.5,0.767857142857,0,37.1873192406,117.414289845,45.0473947099,14295039.9213,5.83570675701,7.19266606529,0.963154925665,0.0372473966628,9649.24246397,930.709193543,-1262.50142157,0.917500216016,0.154647665967,0.951387869799,746.895227773,4594.8773638
206,0.767857142857,0,45.6167651191,97.3178371169,45.0696489687,14302101.9394,5.85750776403,7.19266606529,0.963942961706,0.0373152428267,9666.158128,249.411668448,-1554.74265357,0.917099969081,0.155099858554,0.952114748676,749.819464164,4602.9324419
206.5,0.767857142857,0,43.8962655434,75.5931311056,45.1004904041,14311888.9549,5.8733987399,7.19266606529,0.964490675748,0.0373646965861,9684.5109697,-492.72650741,-1501.28759886,0.916783483557,0.155424514018,0.952618289032,752.41770037,4611.67189033
207,0.767857142857,0,32.4086397864,57.0740213935,45.113007894,14315861.1717,5.88364521114,7.19266606529,0.964815496425,0.0373965842768,9692.90702999,-1128.19785471,-1110.47140977,0.916552794041,0.155628357048,0.952915138478,753.822782316,4615.67001428
207.5,0.767857142857,0,13.7099387762,45.8810972626,45.072980729,14303159.218,5.91926277973,7.19266606529,0.966631323382,0.0375074284867,9693.02052611,-1517.24841256,-471.484591724,0.916404046345,0.156475069798,0.954619544671,756.57967459,4615.72406005
208,0.767857142857,0,-8.03928829375,44.5048371392,44.9919827501,14277455.8594,5.96522616823,7.19266606529,0.968629826975,0.0376504695669,9677.0398621,-1569.18870638,277.285750937,0.915886993739,0.157501759051,0.95648026402,758.809274866,4608.11422005
208.5,0.767857142857,0,-27.9997357898,53.2514653938,44.9278891668,14257116.8289,5.956616078,7.19266606529,0.967448003027,0.0376236744013,9637.99231541,-1261.05257129,960.831205693,0.915219780322,0.15714727716,0.955340731214,754.945928202,4589.5201502
209,0.767857142857,0,-41.7301099728,70.1748159741,44.9196947914,14254516.4805,5.93592291848,7.19266606529,0.966435509758,0.0375592759314,9624.91446407,-677.970120696,1427.06204684,0.915344762884,0.156662645886,0.954392534083,752.343213351,4583.29260194
209.5,0.767857142857,0,-46.1753378084,91.5093635333,44.9345198321,14259220.9601,5.897089413,7.19266606529,0.96460394413,0.0374384235149,9613.98295122,51.3557005043,1571.10382413,0.915645147496,0.155768743874,0.952679643436,748.544261318,4578.08711963
210,0.767857142857,0,-40.3463351313,112.508070585,44.9592423465,14267066.2379,5.85808144976,7.19266606529,0.963038118861,0.0373170281744,9609.88713263,762.534727344,1366.86445611,0.916208878309,0.154927714666,0.951226777482,745.322169574,4576.13672983
210.5,0.767857142857,0,-25.5400825376,128.498625741,44.9759373752,14272364.1271,5.81829659811,7.19266606529,0.961429266833,0.0371932151062,9601.91960158,1298.007465,861.101329001,0.916775155346,0.154069701001,0.94973264533,741.745028042,4572.34266742
211,0.767857142857,0,-5.0510410838,135.923055037,44.9859351504,14275536.7544,5.80780137526,7.19266606529,0.961453154716,0.0371605532842,9606.64564771,1547.63593606,170.223272155,0.917352711229,0.153932474804,0.949777799611,741.413883846,4574.59316557
211.5,0.767857142857,0,16.5618808414,133.129387927,45.0025857181,14280820.5346,5.7969342015,7.19266606529,0.961010317906,0.0371267339266,9609.59210788,1452.34703118,-557.70785598,0.917505068574,0.153697886158,0.949366201887,740.832092022,4575.99624185
212,0.767857142857,0,34.4897061422,120.739228524,45.0339378157,14290769.6002,5.82093135816,7.19266606529,0.962506278634,0.0372014146523,9637.34549204,1040.74892507,-1167.73017143,0.917662824242,0.154318816357,0.950782827243,744.861776022,4589.21213906
212.5,0.767857142857,0,44.7434091074,101.509445749,45.0627327094,14299907.1798,5.84567712147,7.19266606529,0.963512610377,0.037278425091,9659.16159513,391.5306539,-1522.09034283,0.917314462719,0.154853859398,0.951717664837,748.400450711,4599.60075958
213,0.767857142857,0,45.0414924515,79.7187569945,45.089772059,14308487.6667,5.86052538475,7.19266606529,0.96395803739,0.0373246338604,9674.87780604,-350.824892837,-1536.94225047,0.91695522928,0.155143798769,0.952123220936,750.701801159,4607.08466954
213.5,0.767857142857,0,35.317631224,60.2156933147,45.1095097064,14314751.0802,5.88541260083,7.19266606529,0.965110128935,0.0374020845094,9694.30254751,-1020.93365491,-1210.60257368,0.91673967668,0.155711086678,0.953200154419,754.106538234,4616.33454643
214,0.767857142857,0,17.7354304243,47.3397783917,45.0850544022,14306990.597,5.90799272432,7.19266606529,0.96598017152,0.037472355335,9691.97353336,-1465.21149687,-609.142559039,0.916378389264,0.156191623179,0.954005265202,755.613818118,4615.22549208
214.5,0.767857142857,0,-3.79298731881,43.9559640431,45.009276668,14282943.796,5.96187639883,7.19266606529,0.968617422025,0.0376400448648,9684.42956394,-1588.85483346,130.885707769,0.916050597284,0.15745356265,0.956475226463,759.160347476,4611.63312568
215,0.767857142857,0,-24.4774474885,50.8171649259,44.9373066021,14260105.2951,5.96525131655,7.19266606529,0.9679770065,0.0376505478301,9647.07899616,-1347.06691696,841.510310854,0.915268404788,0.157371092792,0.955840670833,756.338129107,4593.84714103
215.5,0.767857142857,0,-39.71556011,66.3967314732,44.9139111,14252681.1224,5.9268208474,7.19266606529,0.965799768603,0.0375309496891,9616.34959001,-805.669979366,1355.64421758,0.915219415276,0.156411617722,0.953788850354,750.944282396,4579.21409048
216,0.767857142857,0,-46.1167732331,87.2281366255,44.9303182379,14257887.6541,5.90867304034,7.19266606529,0.965384170367,0.0374744725231,9619.65342928,-94.4838276549,1571.97114918,0.915777276816,0.156081846095,0.953419839214,749.908609329,4580.78734727
216.5,0.767857142857,0,-42.2567867377,108.676294456,44.9548249471,14265664.4499,5.87129430957,7.19266606529,0.963592770357,0.0373581474609,9613.21057192,633.778399455,1433.98031809,0.916040721324,0.155217192161,0.951742760163,746.568052931,4577.71931996
217,0.767857142857,0,-28.9944658299,125.968888657,44.9729187989,14271406.2322,5.82671285369,7.19266606529,0.961694274101,0.0372194070457,9603.08009072,1213.8623764,978.492594815,0.916583344047,0.154236089463,0.949974941673,742.446410711,4572.89528129
217.5,0.767857142857,0,-9.28073948218,135.258235435,44.9826593093,14274497.2208,5.80660246815,7.19266606529,0.961258650983,0.0371568222066,9603.3435896,1524.46683643,312.610056981,0.917230533231,0.153877752359,0.949589627605,741.042377796,4573.02075695
218,0.767857142857,0,12.4979951859,134.477411304,44.9974796464,14279200.2078,5.79505901904,7.19266606529,0.960924578017,0.0371208982358,9606.60027602,1496.98858727,-420.648495684,0.917522472834,0.153655578655,0.949286031116,740.46011119,4574.57156001
218.5,0.767857142857,0,31.4958669609,123.800153319,45.0329828054,14290466.5436,5.82088873404,7.19266606529,0.962532466479,0.0372012820032,9637.19781363,1144.36941239,-1066.35335132,0.917690045585,0.154323429833,0.950808584003,744.852451851,4589.14181602
219,0.767857142857,0,43.4857597429,105.602201754,45.0576173327,14298283.9003,5.84262828882,7.19266606529,0.963344256133,0.0372689369238,9655.35899604,530.3821251,-1478.25736567,0.917315081489,0.154779082782,0.951559018147,747.869238965,4597.78999812
219.5,0.767857142857,0,45.7998658207,83.9326866899,45.0878199683,14307868.2033,5.87362713562,7.19266606529,0.964730577997,0.0373654073686,9681.45410114,-207.458296966,-1566.02464367,0.916999489222,0.155475383049,0.952852909454,752.241115631,4610.21623864
220,0.767857142857,0,37.9232856744,63.6131774619,45.1123593452,14315655.3655,5.90438610765,7.19266606529,0.965960764766,0.0374611313073,9703.60039384,-907.074583888,-1303.65255321,0.916549478422,0.156138694467,0.953993838301,756.27297742,4620.7620923
220.5,0.767857142857,0,21.6085955474,49.164860739,45.0947729455,14310074.6147,5.91230207485,7.19266606529,0.965928389172,0.0374857663165,9695.54450957,-1403.56539269,-742.720055418,0.916102953626,0.156239890177,0.953945455674,756.173217428,4616.92595694
221,0.767857142857,0,0.485890964015,43.8025551576,45.0260624365,14288270.4798,5.95528811574,7.19266606529,0.968186598494,0.0376195416956,9687.51932981,-1593.55171532,-16.7605022704,0.915988039727,0.157277280754,0.9560671401,758.876120892,4613.10444277
221.5,0.767857142857,0,-20.7449266513,48.7193990083,44.9471341753,14263223.9116,5.95931717019,7.19266606529,0.967749904166,0.0376320803774,9649.17962529,-1418.6659235,712.928586762,0.915364039498,0.157244634958,0.955630773502,756.060947933,4594.84744061
222,0.767857142857,0,-37.3599002143,62.8213713374,44.9193288953,14254400.3695,5.95814818836,7.19266606529,0.967623414159,0.0376284424292,9636.02023026,-932.631507646,1282.00066658,0.915305554123,0.157203332698,0.955509331978,754.927462416,4588.58106203
222.5,0.767857142857,0,-45.6621197194,82.9707167698,44.9270524035,14256851.296,5.91904205784,7.19266606529,0.965478314061,0.0375067415857,9618.96556598,-239.815812604,1557.83996563,0.915322522917,0.156241588021,0.953490270931,750.56697881,4580.45979332
223,0.767857142857,0,-43.8043021578,104.684110884,44.949794217,14264068.0315,5.88145803844,7.19266606529,0.963996958128,0.0373897776518,9614.84437584,498.893360124,1488.25323259,0.915890197867,0.155435557997,0.952117596762,747.451038007,4578.49732183
223.5,0.767857142857,0,-32.199820702,123.130221049,44.9732308282,14271505.2495,5.84139481369,7.19266606529,0.962352542236,0.0372650982683,9609.42708595,1120.46729091,1089.00106089,0.916435797415,0.154565440991,0.950589620998,744.042134931,4575.91765998
224,0.767857142857,0,-13.4307272245,134.204700725,44.9802162299,14273721.9503,5.80315180687,7.19266606529,0.960844066054,0.0371460835224,9598.26329385,1487.57276058,451.969669428,0.91701739559,0.153749038552,0.949190383398,740.342094749,4570.6015685
224.5,0.767857142857,0,8.32676642518,135.443425937,44.9932771349,14277866.6108,5.79463708487,7.19266606529,0.960953644538,0.0371195851489,9605.10306058,1529.21677539,-280.204025986,0.917572565204,0.153655623441,0.949315395397,740.322023811,4573.85860028
225,0.767857142857,0,28.2315152605,126.57077448,45.0288177184,14289144.8226,5.82879757548,7.19266606529,0.9629774792,0.0372258948366,9639.66884147,1239.51246284,-956.865571136,0.917696170644,0.154518817301,0.951228325794,745.657552235,4590.31849594
225.5,0.767857142857,0,41.8546187569,109.560953165,45.0519925006,14296498.9535,5.82981066364,7.19266606529,0.962513259958,0.0372290476334,9644.95681121,663.335722415,-1419.34104825,0.917200269444,0.154440461276,0.950771224588,746.046768286,4592.83657677
226,0.767857142857,0,46.1648721142,88.1987274833,45.080169204,14305440.3607,5.86295244883,7.19266606529,0.964334696446,0.037332187043,9674.4550701,-61.4810140301,-1575.69891502,0.917185562492,0.155251658396,0.952487281556,750.90376173,4606.88336671
226.5,0.767857142857,0,40.203223625,67.2372934351,45.1102498503,14314985.9525,5.87288482606,7.19266606529,0.964379053519,0.0373630972525,9687.60115444,-778.693510709,-1375.31928627,0.916704442936,0.155395312552,0.952509977239,752.601945061,4613.14340688
227,0.767857142857,0,25.2961682046,51.3406689897,45.1058322696,14313584.1069,5.93275920071,7.19266606529,0.96754361687,0.0375494302341,9715.95472531,-1334.54922393,-873.242779001,0.916560254525,0.156841354845,0.955484902899,759.45656997,4626.64510729
227.5,0.767857142857,0,4.76059601392,44.0459280847,45.0420158083,14293333.0165,5.94702044286,7.19266606529,0.967415223185,0.0375938121553,9686.90012723,-1583.58411453,-164.050842703,0.915691073139,0.157009967396,0.95532893754,758.123253667,4612.8095844
228,0.767857142857,0,-16.8342312498,46.9761849875,44.9604173337,14267439.1006,5.97191466668,7.19266606529,0.968573702199,0.0376712846128,9662.76712972,-1482.61977865,580.115087472,0.915484053336,0.157581753222,0.956411069221,758.129773495,4601.31768082
228.5,0.767857142857,0,-34.6833626383,59.4794437125,44.920736345,14254847.0002,5.949320548,7.19266606529,0.966941932351,0.0376009702333,9630.07918888,-1045.66352915,1188.28526707,0.915122692449,0.156946453434,0.954860379456,753.741099101,4585.75199471
229,0.767857142857,0,-44.8152822073,78.7736702042,44.9241565333,14255932.3399,5.91781008913,7.19266606529,0.965545325352,0.0375029076183,9618.4140334,-382.947522422,1528.71878879,0.915450664786,0.156238236337,0.953558523057,750.45412406,4580.19715876
229.5,0.767857142857,0,-44.9755900512,100.56580804,44.9441976823,14262292.0645,5.88844474271,7.19266606529,0.964402477372,0.0374115207338,9616.31452004,359.289982846,1529.39357941,0.91590808186,0.155611200271,0.952500348869,748.109334613,4579.19739049
230,0.767857142857,0,-35.1286169186,120.007003739,44.9680524317,14269861.9717,5.84943463534,7.19266606529,0.962691225259,0.0372901187207,9610.39990503,1015.76245628,1189.13339424,0.916334371906,0.154741602763,0.950904824112,744.718607449,4576.38090716
230.5,0.767857142857,0,-17.4653607885,132.771499536,44.9765274535,14272551.3786,5.79428692081,7.19266606529,0.960230593652,0.0371184954154,9590.79435218,1436.84965576,586.724756183,0.916900681376,0.153507900755,0.948607347691,739.05971897,4567.04492961
231,0.767857142857,0,4.08402051692,136.019134894,44.9897751335,14276755.309,5.79505114626,7.19266606529,0.961111379417,0.0371208737351,9605.16344171,1548.7196529,-137.442888745,0.917701253842,0.153692416158,0.949469159123,740.384025952,4573.8873532
231.5,0.767857142857,0,24.7246879893,129.027295625,45.0219443563,14286963.6757,5.82317776034,7.19266606529,0.962659524503,0.0372084056032,9633.68736019,1321.1776059,-836.996352448,0.917690159872,0.15437962285,0.950928366183,744.758427763,4587.47017152
232,0.767857142857,0,39.8639957355,113.351698953,45.0567655263,14298013.5937,5.82867482318,7.19266606529,0.962535912788,0.0372255128234,9647.24981572,791.996472829,-1352.02770808,0.917281851914,0.154429570696,0.9507957877,746.152236598,4593.92848367
232.5,0.767857142857,0,46.1333763564,92.4802390929,45.0734113884,14303295.8806,5.8581964581,7.19266606529,0.964088429425,0.0373173860879,9669.20503746,84.5682282297,-1573.00072881,0.917202051433,0.155138128934,0.95225587318,750.129705799,4604.38335117
233,0.767857142857,0,42.1378630855,71.056914333,45.1038889063,14312967.4129,5.88120136369,7.19266606529,0.964912420664,0.0373889788632,9690.00666247,-648.758369435,-1443.12768402,0.916773485767,0.155614476617,0.9530152412,753.450856869,4614.28888689
233.5,0.767857142857,0,28.766476476,53.8485155055,45.1113243242,14315326.9189,5.90920502096,7.19266606529,0.966111751284,0.0374761280816,9704.55675398,-1243.44965245,-989.438350218,0.916439523551,0.156234391398,0.954131642432,756.701771348,4621.2175019
234,0.767857142857,0,8.99441313328,44.683992537,45.0571820858,14298145.7819,5.93853646548,7.19266606529,0.96730683281,0.0375674094611,9692.52927685,-1561.28168549,-309.886357668,0.916032998713,0.156872672467,0.955240694112,757.97050543,4615.49013183
234.5,0.767857142857,0,-12.7789495663,45.6024950253,44.9741963088,14271811.6287,5.97009791291,7.19266606529,0.96860347962,0.0376656307559,9669.02464896,-1530.71292722,440.585643461,0.915607208457,0.157562943946,0.956444101434,758.503983905,4604.29745188
235,0.767857142857,0,-31.7089356976,56.3996518332,44.9199890951,14254609.8729,5.94402922446,7.19266606529,0.966677178587,0.0375845032874,9627.2557477,-1150.22440239,1085.47659781,0.915149063695,0.156821368331,0.954612183519,753.115316752,4584.4074989
235.5,0.767857142857,0,-43.5835340367,74.6730446313,44.9199761591,14254605.7678,5.92460854636,7.19266606529,0.966002458547,0.0375240648631,9620.99674429,-523.343982604,1488.17424792,0.915527474308,0.1564220711,0.953992107428,751.197308291,4581.42702109
236,0.767857142857,0,-45.76059043,96.3567573099,44.9397069216,14260866.9965,5.89618004515,7.19266606529,0.964726644579,0.0374355935025,9617.43556798,216.353795785,1557.47293066,0.915809391665,0.155780875418,0.952801784883,748.775401552,4579.73122285
236.5,0.767857142857,0,-37.755699559,116.626061496,44.9636985146,14268480.3286,5.85230749294,7.19266606529,0.962732311703,0.037299059242,9608.88541358,901.41436241,1278.20368212,0.916222079459,0.154788685517,0.950939107753,744.800952843,4575.65972075
237,0.767857142857,0,-21.3499874085,130.970941381,44.9750639923,14272086.9736,5.79925915213,7.19266606529,0.960462403219,0.0371339693254,9592.36367114,1377.28605103,717.704764795,0.916858976031,0.153620915918,0.948824311381,739.555697311,4567.79222435
237.5,0.767857142857,0,-0.1938023327,136.199593512,44.9869091554,14275845.8387,5.79596707683,7.19266606529,0.961086574574,0.0371237241712,9603.67463109,1554.67033117,6.52167505942,0.917629073715,0.15369989416,0.949442951028,740.325719036,4573.17839576
238,0.767857142857,0,21.0055046765,131.148618121,45.0096733649,14283069.6811,5.80498428665,7.19266606529,0.961636670674,0.0371517863196,9618.6672471,1388.18224325,-708.637857933,0.917676863646,0.153930695292,0.949963516488,742.187969993,4580.31773672
238.5,0.767857142857,0,37.5309877934,116.941881064,45.0425367905,14293498.3415,5.82854050057,7.19266606529,0.962805606689,0.0372250948026,9643.84087589,913.489651033,-1272.5232088,0.917545963578,0.154481243574,0.951060402571,745.930556044,4592.305179
239,0.767857142857,0,45.7056490589,96.7404483606,45.0702842166,14302303.5247,5.85940998457,7.19266606529,0.964157739624,0.0373211626618,9668.52728001,229.840672052,-1558.50420245,0.917204001387,0.155168380435,0.95232126395,750.171875026,4604.06060953
239.5,0.767857142857,0,43.7105877743,75.0392340964,45.1014952486,14312207.8256,5.87421981178,7.19266606529,0.964507110423,0.0373672518157,9685.08878613,-511.740504769,-1495.14258799,0.916755868972,0.155438933913,0.952632676003,752.521039196,4611.94704102
240,0.767857142857,0,31.9897144879,56.6668608292,45.1129694242,14315848.964,5.88497520154,7.19266606529,0.964876611656,0.0374007232941,9693.47132242,-1142.36909299,-1096.32821971,0.916540874548,0.155658601613,0.952972239663,753.967993144,4615.93872496
240.5,0.767857142857,0,13.1509788038,45.7112682898,45.0717949597,14302782.9339,5.9311821424,7.19266606529,0.96727100681,0.0375445223252,9698.61869799,-1525.83371321,-453.077025366,0.916384738959,0.156765314689,0.955221140827,757.943169613,4618.38985618
241,0.767857142857,0,-8.61391170916,44.6101275055,44.990577255,14277009.8489,5.97034465375,7.19266606529,0.968730070324,0.0376663986296,9677.31872725,-1566.35350144,297.256414817,0.915713966336,0.157591726092,0.95656759019,759.19528163,4608.24701298
241.5,0.767857142857,0,-28.4621662273,53.608447496,44.9266872082,14256735.4074,5.95576232428,7.19266606529,0.967322251177,0.0376210174637,9636.25205819,-1248.44284878,976.418576353,0.915145482102,0.157110429016,0.955219342178,754.728523059,4588.69145628
242,0.767857142857,0,-41.9774544783,70.7040596102,44.920386903,14254736.1105,5.93756395178,7.19266606529,0.966539366806,0.0375643829347,9626.20232741,-660.073337505,1435.95999561,0.915357155914,0.156705770475,0.954490823398,752.573501563,4583.9058702
242.5,0.767857142857,0,-46.1525610625,92.0931094974,44.935623992,14259571.3468,5.89842277912,7.19266606529,0.964652623891,0.0374425730377,9614.90860611,71.2337236484,1570.68647602,0.915621325746,0.155796561691,0.952724546981,748.714733848,4578.52790767
243,0.767857142857,0,-40.0585050674,113.016432646,44.9601445214,14267352.5281,5.85754042369,7.19266606529,0.962987819686,0.0373153444658,9609.78618064,779.701210208,1357.01589208,0.916189522056,0.154910381117,0.951178610787,745.268690771,4576.08865745
243.5,0.767857142857,0,-25.0512427029,128.818490942,44.974749753,14271987.2549,5.81301737742,7.19266606529,0.961145033232,0.0371767858251,9598.70654018,1307.63804348,843.875101777,0.916783009436,0.153941995376,0.949464981118,741.091069185,4570.81263818
244,0.767857142857,0,-4.46996064782,135.983251862,44.9838566991,14274877.1925,5.79667736915,7.19266606529,0.960916769224,0.0371259346475,9600.67313878,1546.93877331,150.375520679,0.917429348897,0.153675910212,0.949275032338,740.109749413,4571.7491137
244.5,0.767857142857,0,17.1059087402,132.916522298,45.0032308453,14281025.2549,5.79645543172,7.19266606529,0.961152909454,0.0371252439636,9611.29249325,1445.42472946,-576.125515045,0.917666552587,0.153719617589,0.949506965882,740.958081999,4576.80594917
245,0.767857142857,0,34.8756327296,120.300664047,45.034341315,14290897.644,5.82057753019,7.19266606529,0.962493947273,0.0372003135164,9637.40312368,1025.8705686,-1180.76241242,0.917669774374,0.154311579947,0.950771475254,744.840194719,4589.23958271
245.5,0.767857142857,0,44.8853638971,100.94276509,45.0624998536,14299833.2869,5.84454128983,7.19266606529,0.963455043338,0.0372748903085,9658.51318648,372.184838234,-1526.63899508,0.917319599203,0.154827023038,0.951663612269,748.263018848,4599.29199356
246,0.767857142857,0,44.9078898329,79.1500492742,45.0916808158,14309093.3789,5.86292284441,7.19266606529,0.964108218739,0.0373320949121,9677.14172262,-370.411075911,-1533.12952384,0.916971718165,0.155206202836,0.952265392289,751.067343621,4608.16272506
246.5,0.767857142857,0,34.9381984102,59.7714986834,45.1085170662,14314436.0823,5.88094495139,7.19266606529,0.964826000691,0.0373881808913,9691.13957964,-1035.33336684,-1196.64161357,0.916704872704,0.155593775265,0.952931091307,753.505237717,4614.82837126
247,0.767857142857,0,17.1945930064,47.1189322504,45.084186368,14306715.1408,5.92643531557,7.19266606529,0.967069884556,0.0375297498888,9702.05224184,-1477.16031645,-592.316651133,0.916443245877,0.156660421986,0.955034112441,757.85255982,4620.02487707
247.5,0.767857142857,0,-4.37489046369,44.0076057002,45.0076813324,14282437.5428,5.97085740658,7.19266606529,0.968831342459,0.03766799435,9685.67158855,-1588.62831439,151.113569293,0.91578287338,0.157619056614,0.956665710121,759.904402643,4612.22456598
248,0.767857142857,0,-24.9709401653,51.129803869,44.9373279453,14260112.068,5.96824270692,7.19266606529,0.968004559865,0.0376598572332,9647.29651192,-1336.7132535,858.729566449,0.915138039189,0.157417407606,0.955861314496,756.561440491,4593.95071996
248.5,0.767857142857,0,-40.0108378698,66.9008040626,44.914184331,14252767.8277,5.927647069,7.19266606529,0.965799639415,0.0375335209449,9616.44775917,-788.53014753,1365.83766698,0.915175993181,0.156422826487,0.953786982529,751.007233873,4579.2608377
249,0.767857142857,0,-46.1481353813,87.8114843318,44.9306947197,14258007.1244,5.90699474435,7.19266606529,0.965278652018,0.0374692495558,9618.80702645,-74.5796745927,1572.62429957,0.915765282996,0.156037965898,0.953319974564,749.710347009,4580.38429831
249.5,0.767857142857,0,-42.0172550483,109.209119662,44.9547315311,14265634.8059,5.86906238228,7.19266606529,0.963494845894,0.0373512015567,9612.24841479,651.648098773,1425.38881787,0.916065084692,0.155167433719,0.951651458168,746.32562163,4577.2611499
250,0.767857142857,0,-28.537337234,126.332635241,44.9768925879,14272667.2479,5.83905610231,7.19266606529,0.962411964185,0.0372578200451,9611.62996815,1228.81535238,965.168584002,0.916615744943,0.154545569528,0.950652723607,744.067628802,4576.9666515
250.5,0.767857142857,0,-8.70772724897,135.371968066,44.9809583017,14273957.4344,5.7959409438,7.19266606529,0.96048003906,0.0371236428434,9595.12224872,1525.22096643,292.718361937,0.917051346666,0.153579576384,0.94884845155,739.550491017,4569.10583273
251,0.767857142857,0,13.0593931311,134.315823935,44.9991711352,14279736.9736,5.79894436943,7.19266606529,0.961302128789,0.037132989701,9610.98677059,1492.89710809,-439.940601521,0.917677243009,0.153782792751,0.949648089764,741.128866883,4576.66036695
251.5,0.767857142857,0,31.9207369267,123.399199901,45.0339410335,14290770.6213,5.82049651764,7.19266606529,0.962451559086,0.0372000614001,9636.81237617,1130.68604627,-1080.63462407,0.917633643313,0.154302081119,0.950730096251,744.781105275,4588.95827437
252,0.767857142857,0,43.6795661574,105.051096316,45.0582209147,14298475.4369,5.84426999776,7.19266606529,0.963441240066,0.0372740460297,9656.54747641,511.798779049,-1485.28374012,0.917320775253,0.154820602914,0.951650649388,748.08990009,4598.35594115
252.5,0.767857142857,0,45.7194858423,83.3540527903,45.0890773401,14308267.2093,5.87425426409,7.19266606529,0.964740255151,0.0373673590335,9682.07710308,-227.271337497,-1563.4684371,0.916975656516,0.155485826842,0.952861079634,752.3336053,4610.51290623
253,0.767857142857,0,37.5866042276,63.1357638739,45.1133776691,14315978.5137,5.90686847008,7.19266606529,0.966088657099,0.037468856582,9705.26007217,-923.878616113,-1292.62785419,0.916540374405,0.156197994817,0.954113931878,756.594360586,4621.55241532
253.5,0.767857142857,0,21.0905258425,48.8948942382,45.0942195242,14309898.9957,5.92543158379,7.19266606529,0.966617203572,0.0375266262096,9701.88469426,-1415.67026066,-726.363055475,0.916066917783,0.156556215078,0.954592697142,757.68557597,4619.9450925
254,0.767857142857,0,-0.0982940455127,43.8001045642,45.0253763522,14288052.7624,5.97059426736,7.19266606529,0.968832194841,0.0376671754435,9693.30316625,-1597.01601701,3.39778182569,0.915797444041,0.157615636352,0.95666710461,760.485538826,4615.8586506
254.5,0.767857142857,0,-21.2652430446,48.985009591,44.9452272216,14262618.7716,5.9561956765,7.19266606529,0.967342386158,0.0376223660842,9644.39682672,-1408.30442793,730.170497227,0.915141858811,0.157120370125,0.955238150295,755.399357783,4592.56991749
255,0.767857142857,0,-37.7005751391,63.2959434882,44.9206016796,14254804.2663,5.9637326097,7.19266606529,0.967980210532,0.0376458215148,9639.97210736,-917.259532632,1294.97973152,0.915350865401,0.157351029907,0.955847032347,755.679561605,4590.46290827
255.5,0.767857142857,0,-45.7473513977,83.5486559463,44.9273461742,14256944.5193,5.91688813565,7.19266606529,0.965273682477,0.0375000384385,9617.11435715,-220.002469487,1560.06720402,0.915241460435,0.156171414559,0.953294300959,750.2396847,4579.57826531
256,0.767857142857,0,-43.615126139,105.236822893,44.950747789,14264370.6317,5.88085616261,7.19266606529,0.963996555333,0.0373879045748,9615.26105571,517.666275207,1481.8102205,0.915921465501,0.155427311535,0.952118461606,747.443094562,4578.69574081
256.5,0.767857142857,0,-31.7783295428,123.534724861,44.9738610484,14271705.2393,5.84036625833,7.19266606529,0.96230475621,0.0372618973365,9609.24456892,1134.00761771,1074.61349182,0.91644453482,0.154542025752,0.950544925342,743.950269265,4575.83074711
257,0.767857142857,0,-12.8707046964,134.370992333,44.9784084101,14273148.2688,5.79185771203,7.19266606529,0.960233845164,0.0371109355583,9591.67947291,1490.39473566,432.31916879,0.917032327132,0.153475735353,0.948615547835,738.966664043,4567.46641567
257.5,0.767857142857,0,8.90071266756,135.334504674,44.9951669871,14278466.3239,5.80030244285,7.19266606529,0.961439537174,0.0371372161146,9610.61091513,1527.39463299,-299.879768314,0.917736517688,0.153828346976,0.949779972483,741.216478874,4576.48138816
258,0.767857142857,0,28.6916794704,126.210875841,45.0283164481,14288985.7529,5.82792450536,7.19266606529,0.962842766971,0.0372231777851,9638.13460604,1226.98071801,-972.197900767,0.917613928591,0.154480267641,0.951098105235,745.454926714,4589.58790764
258.5,0.767857142857,0,42.0986122266,109.030156294,45.0521777595,14296557.7424,5.8306239308,7.19266606529,0.962571636775,0.0372315785742,9645.59941787,645.435479293,-1427.83577495,0.917212943756,0.154463056824,0.950826751014,746.162055882,4593.14257994
259,0.767857142857,0,46.1384051456,87.6151371901,45.081119331,14305741.8677,5.86488210619,7.19266606529,0.964429232471,0.0373381922633,9675.76294834,-81.4271393629,-1575.3184335,0.917173756328,0.155296661279,0.952575893062,751.153088791,4607.50616588
259.5,0.767857142857,0,39.9121852434,66.7307613125,45.1110559045,14315241.7404,5.87452445209,7.19266606529,0.964440408957,0.0373681998763,9688.52401153,-796.226613715,-1365.714819,0.916676430063,0.155429787658,0.95256667268,752.795814981,4613.58286263
260,0.767857142857,0,24.805315823,51.0239008247,45.1047084525,14313227.4823,5.91947430623,7.19266606529,0.966782701639,0.0375080867711,9708.1751568,-1342.55946574,-854.43675133,0.916536452089,0.156508209513,0.954767421478,757.805651957,4622.94055085
260.5,0.767857142857,0,4.17914660311,43.9894062887,45.0418296211,14293273.9331,5.96848751943,7.19266606529,0.968807082046,0.0376606191057,9700.18471397,-1591.29365965,-144.537354463,0.915883923097,0.1575818417,0.956646981713,760.878260602,4619.13557808
261,0.767857142857,0,-17.3769024528,47.1924859266,44.9564447723,14266178.4744,5.9504775662,7.19266606529,0.967058482936,0.0376045709499,9646.52427812,-1469.32521626,596.444841684,0.915172439568,0.156985568167,0.954972117165,755.128053041,4593.58298958
261.5,0.767857142857,0,-35.0665087305,59.9204394072,44.9208165239,14254872.4436,5.95522938061,7.19266606529,0.967597599065,0.037619358908,9636.46580687,-1031.94984055,1203.03878713,0.915433869438,0.157158379012,0.955490226945,754.761573793,4588.79324137
262,0.767857142857,0,-44.9536513755,79.3412370321,44.9245712167,14256063.9328,5.91913068194,7.19266606529,0.965527907095,0.0375070173897,9618.39141142,-363.627323278,1533.60910365,0.915364892095,0.15625270595,0.953538676518,750.537481335,4580.18638639
262.5,0.767857142857,0,-44.8383945028,101.133659704,44.9444416165,14262369.473,5.88587387239,7.19266606529,0.964240003838,0.0374035200168,9614.86587523,378.4401689,1524.08552441,0.915888911348,0.155543916456,0.95234652221,747.793981226,4578.50755964
263,0.767857142857,0,-34.7463833103,120.448790565,44.9685148495,14270008.7123,5.84537712115,7.19266606529,0.9625057479,0.0372774914704,9608.84570976,1030.12698509,1175.52081441,0.916371693018,0.154649796057,0.950731490322,744.292080301,4575.64081417
263.5,0.767857142857,0,-16.9231379015,132.98892187,44.9748518797,14272019.6632,5.78337585169,7.19266606529,0.959687687653,0.0370845394525,9584.92691006,1441.65079747,567.524240895,0.916959584389,0.153253274755,0.94809765039,737.778854748,4564.25090955
264,0.767857142857,0,4.66558553211,135.963815242,44.9911584991,14277194.297,5.80042605783,7.19266606529,0.961575383967,0.0371376008125,9610.24322816,1548.608616,-157.192476638,0.91785964477,0.153856898089,0.949912877772,741.221967156,4576.30629912
264.5,0.767857142857,0,25.216194173,128.711542871,45.0180872884,14285739.6995,5.81906694768,7.19266606529,0.962349729172,0.0371956124846,9629.04756214,1309.27028505,-852.841588955,0.917612134111,0.154262539505,0.950633254063,744.066088176,4585.26074387
265,0.767857142857,0,40.1560806431,112.845769573,45.0577356699,14298321.4526,5.82874470811,7.19266606529,0.962602407161,0.0372257303099,9648.32509658,774.941660766,-1362.11738124,0.917341528158,0.154443706232,0.950860815721,746.252669768,4594.44052218
265.5,0.767857142857,0,46.1610497178,91.8967047616,45.0739770679,14303475.3896,5.8573689452,7.19266606529,0.964041497707,0.0373148108135,9668.99824998,64.6646238774,-1573.77520123,0.917201036917,0.155117567735,0.952211607043,750.049113672,4604.28488094
266,0.767857142857,0,41.8949674472,70.5256141921,45.1039505063,14312986.9607,5.87888919075,7.19266606529,0.964796969132,0.0373817832293,9688.93204323,-666.722851814,-1434.31132815,0.916785498794,0.155560070395,0.952906949215,753.189491294,4613.77716344
266.5,0.767857142857,0,28.3070572636,53.487666343,45.1116764236,14315438.6518,5.9047847606,7.19266606529,0.965902335486,0.0374623719414,9702.7157405,-1255.06141673,-973.016288861,0.916473089275,0.156132451212,0.953935746624,756.219841421,4620.34082881
267,0.767857142857,0,8.42069328897,44.5738849941,45.0568307617,14298034.295,5.96156566125,7.19266606529,0.968649461485,0.037639077829,9705.22952151,-1570.86795317,-291.193671953,0.916097166475,0.157455750409,0.956507274451,760.775931758,4621.53786739
267.5,0.767857142857,0,-13.3393146704,45.7676285496,44.9680923329,14269874.6336,5.94842011862,7.19266606529,0.967050859877,0.037598168038,9651.49199249,-1518.73292805,458.009728242,0.915272915395,0.156956021161,0.954969002246,755.377189182,4595.94856785
268,0.767857142857,0,-32.131262182,56.8032834366,44.9192281887,14254368.4119,5.94248802012,7.19266606529,0.966924307937,0.0375797069584,9629.40415542,-1136.57523561,1100.09665611,0.915463735494,0.156849887468,0.954857562392,753.226757706,4585.4305502
268.5,0.767857142857,0,-43.7738522662,75.2253643777,44.9200847809,14254640.2371,5.92303087478,7.19266606529,0.965938778541,0.0375191550457,9620.44756201,-504.377007656,1494.35324051,0.915549846727,0.156387879523,0.953933038543,751.036739726,4581.16550572
269,0.767857142857,0,-45.6765537007,96.9348714499,44.940430276,14261096.5409,5.89508640177,7.19266606529,0.964690244882,0.0374321900125,9617.40829687,236.004145758,1554.44208522,0.915832293966,0.155758762606,0.952768411153,748.693215757,4579.7182366
269.5,0.767857142857,0,-37.4160064395,117.101336906,44.9655102112,14269055.2404,5.8545675253,7.19266606529,0.962874125851,0.037306092611,9611.01667443,917.927163796,1267.28687924,0.916237955717,0.154847493327,0.951073383388,745.143963679,4576.67460687
270,0.767857142857,0,-20.8302212207,131.23762704,44.9742047657,14271814.3123,5.79253804563,7.19266606529,0.960055665325,0.0371130528011,9588.10678497,1384.65300136,699.42502521,0.916826167082,0.153449692651,0.94843948201,738.703175142,4565.7651357
270.5,0.767857142857,0,0.390386494599,136.198350602,44.9876891892,14276093.3694,5.79936058076,7.19266606529,0.961376957627,0.037134284978,9606.81599031,1555.72762567,-13.1462497343,0.917726641567,0.153803226064,0.949720578607,740.849128125,4574.6742811
271,0.767857142857,0,21.524131373,130.879723197,45.012281585,14283897.3563,5.8097466653,7.19266606529,0.961849128624,0.0371666071544,9621.79101267,1380.225001,-726.720778,0.917627601308,0.154037199075,0.950161904216,742.78756429,4581.80524413
271.5,0.767857142857,0,37.8686554723,116.465164513,45.0399602164,14292680.7087,5.82364294146,7.19266606529,0.962461530713,0.0372098532774,9639.42148841,896.441874782,-1282.70687643,0.917476829213,0.154346670138,0.950733336273,745.195490292,4590.20070877
272,0.767857142857,0,45.7872250686,96.1619818659,45.0707299852,14302444.982,5.85976062056,7.19266606529,0.964251912554,0.0373222538641,9669.64811552,210.15166581,-1561.55305718,0.91727509892,0.155191867931,0.95241282311,750.300268392,4604.59434072
272.5,0.767857142857,0,43.5179210678,74.4877291817,45.1024643814,14312515.3637,5.87481845989,7.19266606529,0.964534919198,0.0373691148479,9685.76934444,-530.674460744,-1488.74717093,0.916750778781,0.155452599372,0.952658674682,752.619540565,4612.2711164
273,0.767857142857,0,31.5656743163,56.2650299399,45.1128183492,14315801.0228,5.88614819557,7.19266606529,0.964932429179,0.0374043737285,9693.93775282,-1156.33358013,-1081.97662918,0.916532183981,0.155685660303,0.953024477771,754.094007418,4616.16083467
273.5,0.767857142857,0,12.5899161059,45.5485206945,45.0709706687,14302521.3589,5.95323106658,7.19266606529,0.968473995959,0.0376131400237,9709.75627468,-1536.67467843,-435.229728813,0.916367710689,0.157306843838,0.956353065574,760.533585243,4623.69346413
274,0.767857142857,0,-9.18715783605,44.7226753121,44.9854442368,14275380.9712,5.9483699301,7.19266606529,0.967175912004,0.0375980118481,9660.18214569,-1556.05335726,315.736583224,0.915393899566,0.156980397305,0.955091623939,756.077663505,4600.08673604
274.5,0.767857142857,0,-28.9200458154,53.9712482865,44.9279531804,14257137.1426,5.96413957725,7.19266606529,0.96812285436,0.0376470880245,9644.52872314,-1238.22809561,993.917678293,0.915464464035,0.157385201819,0.955985911308,756.091088584,4592.6327253
275,0.767857142857,0,-42.218087159,71.236388497,44.9199834563,14254608.0835,5.93563260008,7.19266606529,0.966304147656,0.0375583724415,9623.74637832,-641.551441971,1443.48942046,0.915235552993,0.156632399671,0.95426444369,752.207629171,4582.73637063
275.5,0.767857142857,0,-46.1224049292,92.6765207918,44.9359216672,14259665.809,5.89749787876,7.19266606529,0.964630984956,0.0374396946871,9614.84158592,91.080001125,1569.51095084,0.915649361853,0.15577968526,0.952705283672,748.643549086,4578.4959933
276,0.767857142857,0,-39.7642700019,113.521114583,44.9609708866,14267614.7614,5.8567272583,7.19266606529,0.962956911052,0.0373128138417,9609.85051947,796.738737437,1346.94868157,0.916202948678,0.154893216234,0.951150014553,745.213504314,4576.11929498
276.5,0.767857142857,0,-24.5583973955,129.132149409,44.9777409293,14272936.4549,5.82063873142,7.19266606529,0.961579639691,0.0372005039787,9604.13086501,1319.99952133,828.400006034,0.91679481418,0.15413118496,0.949875180635,742.10054668,4573.39565001
277,0.767857142857,0,-3.88816550456,136.03609637,44.9840930341,14274952.1895,5.7977265269,7.19266606529,0.960859044261,0.0371291996952,9600.1798074,1548.76065148,130.806871449,0.917318710751,0.153678673104,0.949216279802,740.130832521,4571.514194
277.5,0.767857142857,0,17.6472015551,132.696794696,45.0061699877,14281957.9427,5.80044572449,7.19266606529,0.961358230132,0.0371376620165,9614.50193937,1439.0970579,-594.799586694,0.917651322328,0.153814197349,0.949699976454,741.51082065,4578.33425684
278,0.767857142857,0,35.255983011,119.857254762,45.0356842421,14291323.7995,5.82275732819,7.19266606529,0.962554062667,0.0372070971908,9638.52931755,1011.19010839,-1194.03145288,0.917611848616,0.154353020154,0.950825870918,745.084655704,4589.7758655
278.5,0.767857142857,0,45.0201419129,100.374334781,45.0620429462,14299688.2949,5.84243818998,7.19266606529,0.963305231464,0.0372683453238,9656.87166179,352.711468111,-1530.61576328,0.91728795529,0.15476875588,0.951521166729,747.966251577,4598.51031514
279,0.767857142857,0,44.7671068389,78.5830763654,45.0936616436,14309721.9616,5.86503135183,7.19266606529,0.964257158693,0.0373386567255,9679.43059816,-389.94773829,-1529.03116639,0.917002248889,0.155264450181,0.952406947627,751.415225059,4609.25266579
279.5,0.767857142857,0,34.5531792866,59.3321373227,45.1090457707,14314603.8579,5.87696497407,7.19266606529,0.964573319,0.0373757949408,9688.93326128,-1049.70152975,-1182.68839066,0.916674263462,0.155489391345,0.952691811108,753.017381664,4613.77774347
280,0.767857142857,0,16.6510063247,46.9049424136,45.0828525007,14306291.8602,5.93797458771,7.19266606529,0.967769935662,0.0375656608606,9708.1977993,-1487.26120062,-574.645842121,0.916501023075,0.156957738449,0.955695608229,759.245914641,4622.951333
280.5,0.767857142857,0,-4.95609410217,44.0666011354,45.0019936155,14280632.6407,5.94916026907,7.19266606529,0.967453634348,0.0376004714348,9670.0281908,-1580.43089923,170.524377733,0.915615364834,0.157046819654,0.955362039492,756.954212893,4604.77532895
281,0.767857142857,0,-25.4604402089,51.4486578137,44.9365877966,14259877.1941,5.97035213921,7.19266606529,0.968454400105,0.0376664219248,9651.38107063,-1326.70726009,876.196494199,0.915452991407,0.157536482112,0.956297517108,757.108781867,4595.89574792
281.5,0.767857142857,0,-40.2997182495,67.4085700096,44.914384642,14252831.393,5.92609803895,7.19266606529,0.965681662538,0.0375287002618,9615.40098601,-770.983391856,1375.31858232,0.915145373446,0.156378166562,0.953674654024,750.799512384,4578.76237429
282,0.767857142857,0,-46.1721188497,88.3951819624,44.9308161466,14258045.6572,5.90344549989,7.19266606529,0.965105938623,0.0374582040742,9617.22670122,-54.6598839428,1572.61608397,0.91578776945,0.155955256445,0.953158196631,749.317005789,4579.63176249
282.5,0.767857142857,0,-41.7710051705,109.7388735,44.9562477317,14266115.9469,5.87179151416,7.19266606529,0.963700121812,0.0373596947942,9614.87126817,670.00066156,1417.84185902,0.916116608214,0.155245306827,0.951846923766,746.750545532,4578.5101277
283,0.767857142857,0,-28.0756457696,126.690572558,44.9774025065,14272829.0621,5.83760045618,7.19266606529,0.962289740935,0.0372532899788,9610.66733104,1240.59628759,949.304943618,0.916576126129,0.154501596094,0.950535959303,743.87278323,4576.50825288
283.5,0.767857142857,0,-8.13332272697,135.478446119,44.9809248407,14273946.8161,5.79568841655,7.19266606529,0.9604881769,0.0371228569621,9595.19391357,1528.78011185,273.405603956,0.917072478273,0.153577774273,0.948856950084,739.540712812,4569.13995884
284,0.767857142857,0,13.6187029946,134.147150856,45.0012690396,14280402.7086,5.8029883475,7.19266606529,0.961530225799,0.0371455748261,9614.0612885,1488.31913383,-459.123088387,0.917680908855,0.153882625002,0.949863309417,741.679141439,4578.12442309
284.5,0.767857142857,0,32.3405030482,122.992906247,45.0349666623,14291096.0875,5.82034949951,7.19266606529,0.962381834784,0.03719960387,9636.56167248,1116.86793144,-1094.78293519,0.917574938098,0.154286270415,0.950662060468,744.738711651,4588.83889166
285,0.767857142857,0,43.8663885944,104.49758434,45.0587692061,14298649.4281,5.84509898665,7.19266606529,0.963489434871,0.0372766258975,9657.24426552,493.055382838,-1491.87330217,0.917322909499,0.154841416277,0.951696156213,748.208678658,4598.68774548
285.5,0.767857142857,0,45.6317957213,82.7764815189,45.0903710428,14308677.7443,5.87477910682,7.19266606529,0.964756675999,0.0373689923785,9682.78506284,-247.053227331,-1560.66360617,0.916963622072,0.155496224598,0.952876072536,752.427091525,4610.85002992
286,0.767857142857,0,37.2439130142,62.6626456402,45.1157416982,14316728.6989,5.90412121557,7.19266606529,0.965928468979,0.0374603069458,9704.7392618,-939.830532966,-1280.40797793,0.916532755269,0.156128644263,0.953962749913,756.337700171,4621.30441038
286.5,0.767857142857,0,20.5690839484,48.6315000813,45.0928542049,14309465.7344,5.91652271736,7.19266606529,0.966166095956,0.0374989012329,9696.99616275,-1422.73145154,-707.404975287,0.916106799003,0.156344796789,0.954169480274,756.616555962,4617.61722036
287,0.767857142857,0,-0.68246333869,43.8050409266,45.0202812187,14286435.9067,5.94908412127,7.19266606529,0.967778455436,0.0376002344578,9681.11440949,-1591.37131632,23.5101968573,0.915926770139,0.157110878115,0.955680432161,757.878557777,4610.05448071
287.5,0.767857142857,0,-21.7821593131,49.2571781088,44.9438261875,14262174.1768,5.95427186769,7.19266606529,0.967566009426,0.037616379065,9646.04849345,-1399.03778057,747.961540385,0.915454096775,0.157138996864,0.955461307555,755.441811434,4593.35642545
288,0.767857142857,0,-38.0352220744,63.7747853822,44.9189567916,14254282.2885,5.95788016382,7.19266606529,0.967686011621,0.0376276083193,9636.48475356,-899.951262324,1305.22653933,0.915378791315,0.157212234374,0.955571225685,754.957702337,4588.8022636
288.5,0.767857142857,0,-45.8252684779,84.1276266359,44.9276266769,14257033.5321,5.91460797021,7.19266606529,0.965237158509,0.0374929424141,9616.92179568,-200.211934394,1562.36074875,0.915326413532,0.156133131603,0.953263309959,750.065141225,4579.48656937
289,0.767857142857,0,-43.4189764462,105.787098668,44.9516844934,14264667.8792,5.87997998173,7.19266606529,0.963982896241,0.0373851778424,9615.54513018,536.333659358,1475.06891622,0.915954565824,0.155412702346,0.952106909814,747.403988139,4578.83101437
289.5,0.767857142857,0,-31.351757309,123.933866765,44.9741954037,14271811.3414,5.83845872811,7.19266606529,0.962212472057,0.0372559609774,9608.51317789,1147.19422065,1059.901456,0.916457254302,0.15449787802,0.950458443961,743.748804961,4575.48246566
290,0.767857142857,0,-12.3086242561,134.53018941,44.9786186893,14273214.9974,5.7934945383,7.19266606529,0.960353549348,0.037116029469,9592.92147419,1496.20219669,413.56641178,0.917060018745,0.153521512866,0.948729510702,739.193988687,4568.05784485
290.5,0.767857142857,0,9.47323576449,135.218334823,44.9970183111,14279053.8107,5.80496828762,7.19266606529,0.961673395718,0.0371517365296,9613.62380619,1524.68962172,-319.422294315,0.917712756549,0.153937748217,0.949999548017,741.804664174,4577.91609819
291,0.767857142857,0,29.1472561338,125.845187402,45.0242274628,14287688.1815,5.82163773571,7.19266606529,0.962423117024,0.0372036129456,9632.3491503,1213.04548628,-986.379206057,0.917546195832,0.154311898718,0.950699849012,744.507216517,4586.83292871
291.5,0.767857142857,0,42.3358744996,108.49631667,45.0531344421,14296861.3296,5.83343283566,7.19266606529,0.962823117162,0.0372403200704,9648.45033855,627.713371853,-1436.76143778,0.917304208308,0.154551003585,0.951067391761,746.618606674,4594.50016122
292,0.767857142857,0,46.1045610529,87.0319282154,45.0820660097,14306042.2804,5.86674098985,7.19266606529,0.964489376722,0.0373439772312,9676.7285536,-101.368366393,-1574.60613369,0.91713297955,0.155333865513,0.952630946731,751.364597125,4607.9659779
292.5,0.767857142857,0,39.6147652554,66.227949736,45.1117812643,14315471.9212,5.87596637286,7.19266606529,0.964491888582,0.0373726872283,9689.31801204,-813.614080443,-1355.84143762,0.916649444621,0.155459615132,0.952614102853,752.964492794,4613.96095811
293,0.767857142857,0,24.3104972903,50.7133645943,45.1027684789,14312611.864,5.91874131637,7.19266606529,0.96672002576,0.0375058056585,9706.73140933,-1352.94510636,-837.199928231,0.916515519748,0.156485702073,0.954707556642,757.631495611,4622.25305206
293.5,0.767857142857,0,3.59702898362,43.9402411807,45.0369999384,14291741.3138,5.94763659665,7.19266606529,0.967664310117,0.0375957296663,9687.20349133,-1587.46191468,-123.972566593,0.915894563608,0.157068274565,0.955571668211,758.23588786,4612.95404349
294,0.767857142857,0,-17.9167952423,47.4156314096,44.9537545388,14265324.7737,5.93978144399,7.19266606529,0.966786589834,0.0375712839159,9642.90776629,-1459.62805272,614.118696983,0.915475109177,0.156785455949,0.954728355324,754.075221093,4591.86084109
294.5,0.767857142857,0,-35.4440479972,60.3662445585,44.9201295346,14254654.439,5.95681029359,7.19266606529,0.967849182072,0.0376242788129,9638.622963,-1017.09008014,1216.51100513,0.915589136015,0.157230374912,0.955733349214,755.084241931,4589.82045857
295,0.767857142857,0,-45.0848328514,79.9105081021,44.9248847197,14256163.4177,5.91993699583,7.19266606529,0.965548300858,0.0375095266914,9618.71009596,-344.24437682,1538.25389286,0.915341943666,0.156267743135,0.953556961244,750.620186492,4580.33814094
295.5,0.767857142857,0,-44.6940296906,101.699731194,44.944803653,14262484.3592,5.88293715601,7.19266606529,0.964065146867,0.0373943807627,9613.35289341,397.49671157,1518.47333362,0.915877206427,0.155469214797,0.95218132221,747.44688655,4577.7870921
296,0.767857142857,0,-34.3585940618,120.885708897,44.9690316486,14270172.7098,5.84085527439,7.19266606529,0.962300115522,0.0372634191866,9607.12470561,1044.2429205,1161.66084213,0.916414325141,0.154547725611,0.95053936018,743.817936231,4574.82128839
296.5,0.767857142857,0,-16.378209154,133.199470655,44.9763674174,14272500.5938,5.79209521472,7.19266606529,0.960239572868,0.0371116746823,9590.8608173,1450.95337762,550.099747307,0.917025228084,0.153480075508,0.948620672409,738.920496556,4567.07657967
297,0.767857142857,0,5.24640456132,135.901146382,44.9929207381,14277753.5142,5.80644075773,7.19266606529,0.961776341967,0.0371563189532,9612.86311113,1547.8361981,-176.914424366,0.917733069961,0.153978050758,0.950097407581,741.863745078,4577.55386244
297.5,0.767857142857,0,25.7036685097,128.389600482,45.0221517845,14287029.4996,5.82307836211,7.19266606529,0.962480571737,0.0372080962694,9632.00125145,1299.29191426,-869.937906161,0.917524820346,0.154342798852,0.950753171881,744.587642356,4586.6672626
298,0.767857142857,0,40.4417449475,112.336187356,45.0587823794,14298653.6084,5.82854089138,7.19266606529,0.962530003026,0.0372250960189,9648.05755172,757.607542137,-1371.71892862,0.917283294869,0.154426584519,0.950790273663,746.204607856,4594.31311987
298.5,0.767857142857,0,46.1813423344,91.3128671639,45.0749654714,14303789.0429,5.85692685726,7.19266606529,0.964020104569,0.0373134350068,9669.21877964,44.7587705729,-1574.43202419,0.917203995714,0.155107315318,0.952191564329,750.032432606,4604.38989506
299,0.767857142857,0,41.6453731732,69.9974278338,45.1030425539,14312698.8371,5.87401631469,7.19266606529,0.964533761764,0.0373666185194,9686.02321198,-684.256163309,-1424.62194513,0.916791916596,0.155441477932,0.952659219606,752.584990955,4612.3920057
299.5,0.767857142857,0,27.8431120024,53.1326551807,45.1114857441,14315378.1428,5.90681270425,7.19266606529,0.966089209512,0.0374686830351,9704.45276732,-1267.78045063,-957.458511165,0.916543828714,0.15619734654,0.954114590538,756.52776327,4621.16798444
300,0.767857142857,0,7.84562705008,44.4710406863,45.0527591696,14296742.2432,5.94327381544,7.19266606529,0.967605751006,0.0375821524049,9693.49580776,-1569.55440666,-270.468262289,0.916067727321,0.156997084538,0.955523533465,758.422715277,4615.95038465
300.5,0.767857142857,0,-13.8975469357,45.9398344401,44.9654413649,14269033.3931,5.94447315329,7.19266606529,0.967113039353,0.037585884823,9651.05405863,-1512.24384099,476.995024675,0.915538439965,0.156914725765,0.955038270679,755.089411922,4595.74002792
301,0.767857142857,0,-32.5484511611,57.2122229022,44.9192373074,14254371.3055,5.94289963625,7.19266606529,0.967007595538,0.0375809879348,9630.22219389,-1122.73410347,1114.53899497,0.91552103016,0.1568721747,0.954938291874,753.334091624,4585.82009233
301.5,0.767857142857,0,-43.9571714429,75.780046458,44.920477481,14254764.854,5.92163928184,7.19266606529,0.965855484166,0.0375148243172,9619.82226207,-485.339296586,1500.29622847,0.915543871624,0.156352300177,0.953854358153,750.879002055,4580.86774384
302,0.767857142857,0,-45.5852136933,97.5118767651,44.9412270971,14261349.3988,5.89395297152,7.19266606529,0.964648795084,0.0374286627033,9617.36333611,255.610741197,1551.15301064,0.915852495083,0.155735103558,0.952730171753,748.606038433,4579.69682672
302.5,0.767857142857,0,-37.0703308306,117.572279052,44.9675840855,14269713.3498,5.85675572714,7.19266606529,0.963012574268,0.0373129024386,9613.22842795,934.309062409,1256.15825868,0.916254409567,0.154904669343,0.951204507087,745.487862444,4577.72782283
303,0.767857142857,0,-20.3071244641,131.497719166,44.9758253269,14272328.5704,5.80117370905,7.19266606529,0.960500825345,0.0371399275522,9593.02921778,1395.34545198,682.819546066,0.916794400897,0.153654383499,0.948858018957,739.741859562,4568.10915133
303.5,0.767857142857,0,0.974512902541,136.189720984,44.9894818304,14276662.2342,5.80759818026,7.19266606529,0.961702406693,0.037159920928,9610.63630903,1557.3395136,-32.8568221956,0.917601280684,0.153979074679,0.950022538324,741.755277348,4576.49348049
304,0.767857142857,0,22.0393165507,130.604291965,45.0132344314,14284199.7262,5.8100525758,7.19266606529,0.961740743711,0.0371675591679,9621.11608972,1370.8294549,-744.062827634,0.917508018311,0.154019875742,0.950055031798,742.735473228,4581.48385225
304.5,0.767857142857,0,38.2002682872,115.984216417,45.0452396557,14294356.0508,5.82593690321,7.19266606529,0.962584053794,0.0372169922368,9642.85097384,880.673079935,-1294.70704013,0.917472388372,0.154402033778,0.95084866151,745.637561199,4591.83379707
305,0.767857142857,0,45.8614801048,95.5825301247,45.0711060136,14302564.3083,5.8597975712,7.19266606529,0.964218953914,0.0373223688569,9669.4807381,190.385471118,-1564.05058295,0.917241797652,0.155185814683,0.952380445633,750.283522169,4604.51463719
305.5,0.767857142857,0,43.3182962294,73.9387045423,45.103377944,14312805.2676,5.8751961081,7.19266606529,0.96455527589,0.0373702901138,9686.35651693,-549.511294421,-1482.0655716,0.916750242367,0.155461780685,0.952677833045,752.694482777,4612.55072235
306,0.767857142857,0,31.1365870717,55.8685929747,45.1126492708,14315747.3686,5.88710761654,7.19266606529,0.964979794676,0.0374073595095,9694.3167418,-1170.08236861,-1067.41487464,0.916526701668,0.155708134989,0.953068880709,754.197214616,4616.34130562
306.5,0.767857142857,0,12.0268403914,45.3928804987,45.0675749845,14301443.7951,5.93455093221,7.19266606529,0.96742487621,0.0375550062201,9698.26075535,-1537.26669987,-414.473327241,0.91635378285,0.156842004378,0.955364776023,758.171963922,4618.21940731
307,0.767857142857,0,-9.75893501744,44.8424625635,44.9831585323,14274655.6409,5.94662066161,7.19266606529,0.967365623596,0.0375925680098,9661.11765808,-1551.91912912,335.38316731,0.915665063712,0.156994582551,0.955281189983,756.069147672,4600.53221813
307.5,0.767857142857,0,-29.3733013432,54.3398097565,44.9295719739,14257650.8397,5.97547757914,7.19266606529,0.968776949898,0.0376823726301,9651.44570096,-1227.87691965,1011.40230961,0.91548985661,0.157671188583,0.956602600954,757.519577092,4595.92652427
308,0.767857142857,0,-42.45196954,71.7717175198,44.9199407142,14254594.52,5.93459441472,7.19266606529,0.966072978069,0.0375551415405,9621.46600264,-623.006366305,1450.92371233,0.915070974926,0.156572003703,0.954040143426,751.91615412,4581.65047745
308.5,0.767857142857,0,-46.0848742301,93.2595041341,44.9362741786,14259777.6727,5.89671624712,7.19266606529,0.964603612026,0.0374372621982,9614.73828562,110.908783053,1568.09659009,0.915664432504,0.155763610805,0.952680100812,748.578043409,4578.44680267
309,0.767857142857,0,-39.4636769803,114.0220357,44.9617617353,14267865.724,5.85566033691,7.19266606529,0.962909765836,0.0373094935124,9609.74422656,813.610041334,1336.60794861,0.916214295498,0.154869385773,0.951106034467,745.125064858,4576.06867931
309.5,0.767857142857,0,-24.0616254169,129.43955099,44.977387249,14272824.2203,5.81869734194,7.19266606529,0.96148832812,0.0371944622473,9603.11559437,1329.96494497,811.396618877,0.916810302706,0.154086825816,0.949789704747,741.87530169,4572.9121878
310,0.767857142857,0,-3.30574867793,136.081580113,44.9862009534,14275621.1025,5.80851945375,7.19266606529,0.961486863707,0.0371627879916,9607.07834003,1553.16201212,111.418993351,0.917346893681,0.153948862169,0.949809354413,741.501575749,4574.79920954
310.5,0.767857142857,0,18.185672738,132.470240252,45.0071464853,14282267.818,5.80104820404,7.19266606529,0.961227493199,0.0371395369723,9613.60910451,1431.3582233,-612.904755548,0.917494644386,0.153796476386,0.949570578072,741.457564772,4577.90909739
311,0.767857142857,0,35.6306961716,119.409071565,45.038693483,14292278.7319,5.82705122899,7.19266606529,0.96278298435,0.0372204600918,9642.00179145,996.812716501,-1207.69303999,0.917603102603,0.154456579125,0.951041325479,745.684191847,4591.4294245
311.5,0.767857142857,0,45.1477216051,99.8042457061,45.0623952119,14299800.0806,5.84292839197,7.19266606529,0.963266940565,0.0372698708645,9656.63140469,333.332461278,-1534.96776957,0.917225621058,0.154767797393,0.951482617261,747.973313601,4598.39590699
312,0.767857142857,0,44.6191659792,78.017928922,45.0957311294,14310378.6784,5.86682933606,7.19266606529,0.964349307569,0.0373442521704,9681.19872016,-409.400716536,-1524.53765331,0.916995132622,0.155307191343,0.952493494201,751.691064518,4610.09462865
312.5,0.767857142857,0,34.1626354143,58.8976794829,45.1104242649,14315041.3001,5.87716910465,7.19266606529,0.964557160985,0.0373764302085,9689.36004875,-1064.63418778,-1169.38893954,0.916648162098,0.155488944722,0.952675549393,753.061242433,4613.98097559
313,0.767857142857,0,16.1047572939,46.6978430964,45.0805517971,14305561.7703,5.9206541788,7.19266606529,0.966807549465,0.0375117586119,9698.00116609,-1490.17656826,-554.220243818,0.916498059716,0.156529240533,0.954789278634,757.095878036,4618.09579338
313.5,0.767857142857,0,-5.53650530491,44.1329409161,44.9992889171,14279774.3497,5.94654505254,7.19266606529,0.967574560933,0.0375923327094,9670.12092401,-1577.84406831,190.457862985,0.915866795389,0.157035415626,0.95548605049,756.808267111,4604.81948762
314,0.767857142857,0,-25.9458693528,51.7736757779,44.9327369874,14258655.204,5.95834364809,7.19266606529,0.96783022472,0.0376290507127,9643.81393464,-1312.88366055,891.11125972,0.915490954161,0.157247475172,0.955711525981,755.590319495,4592.29234983
314.5,0.767857142857,0,-40.5821550597,67.9199481271,44.9146395888,14252912.2962,5.92341525314,7.19266606529,0.965717210806,0.0375203512564,9615.91830804,-753.398512868,1384.7130182,0.915319685646,0.156348800907,0.953715135908,750.667044557,4579.00871812
315,0.767857142857,0,-46.1887198034,88.9791361893,44.9310678328,14258125.5256,5.90037924635,7.19266606529,0.964977286519,0.0374486616921,9616.12744745,-34.7558594471,1572.51989613,0.915826714127,0.155887921754,0.953038572993,749.00187453,4579.10830831
315.5,0.767857142857,0,-41.5180764773,110.265471266,44.956889666,14266319.654,5.87186745519,7.19266606529,0.963751150259,0.0373599311276,9615.64939881,687.944301594,1409.39846654,0.91616112038,0.15525649583,0.95189677202,746.825693643,4578.8806661
316,0.767857142857,0,-27.609465257,127.042643375,44.9778663053,14272976.2409,5.83580199997,7.19266606529,0.962188971162,0.0372476930651,9609.90472313,1252.16693386,933.293531623,0.916575023693,0.154457245635,0.950440932481,743.674587849,4576.14510625
316.5,0.767857142857,0,-7.5576177584,135.57765257,44.983179267,14274662.2207,5.80852284493,7.19266606529,0.961226796607,0.0371627985451,9603.20962707,1535.45766387,254.60727908,0.917098586441,0.153897414336,0.949554429179,741.154199486,4572.95696527
317,0.767857142857,0,14.1758353475,133.971419038,45.0021231507,14280673.7465,5.80311320391,7.19266606529,0.961341931968,0.0371459633874,9612.55542585,1482.10828623,-477.81316802,0.917494595157,0.153847048971,0.949678481529,741.535820554,4577.40734564
317.5,0.767857142857,0,32.7550982084,122.581337317,45.0360227207,14291431.21,5.8200005017,7.19266606529,0.962360582535,0.0371985177659,9636.80980833,1102.92342756,-1108.80547458,0.917573125592,0.154277332182,0.950641954321,744.730493113,4588.95705159
318,0.767857142857,0,44.0461971829,103.941754328,45.0597012572,14298945.1989,5.84613584249,7.19266606529,0.963552232449,0.0372798526609,9658.24642118,474.252762523,-1498.30718587,0.917327975862,0.154867950635,0.951755541059,748.367854605,4599.16496247
318.5,0.767857142857,0,45.5368094787,82.2000652245,45.0917273238,14309108.1374,5.87500121357,7.19266606529,0.964753146414,0.0373696835893,9683.32769486,-266.787392318,-1557.53182623,0.916948570019,0.155498538172,0.952872148503,752.48355274,4611.10842612
319,0.767857142857,0,36.8952668276,62.1938984084,45.1178308063,14317391.6425,5.90167850841,7.19266606529,0.965789781669,0.0374527050809,9704.30770789,-955.661188365,-1268.04451265,0.916529530949,0.156067741163,0.953831991319,756.112685367,4621.09890852
319.5,0.767857142857,0,20.0443532392,48.3747203827,45.091446658,14309019.0728,5.90966517522,7.19266606529,0.965823849721,0.0374775601119,9693.1297013,-1429.99312684,-688.602878527,0.916142259251,0.156183148001,0.95384857314,755.787086108,4615.77604824
320,0.767857142857,0,-1.266523512,43.8173634556,45.0173153628,14285494.7418,5.94387233928,7.19266606529,0.967595143839,0.0375840150504,9678.13162391,-1589.6461269,43.594830138,0.916026318787,0.157003116447,0.955511874334,757.25894857,4608.63410663
320.5,0.767857142857,0,-22.2955928065,49.5358610445,44.9430826387,14261938.224,5.958673085,7.19266606529,0.967889466267,0.037630075942,9648.83423453,-1390.52625074,766.174886541,0.915529751682,0.157263847941,0.955768865185,756.017014223,4594.68296883
321,0.767857142857,0,-38.3637875132,64.2578204567,44.9162461699,14253422.1179,5.94614558474,7.19266606529,0.966969415376,0.0375910895394,9628.49330203,-881.563496929,1313.80152247,0.915314903579,0.156908727698,0.954894021061,753.40927911,4584.99681049
321.5,0.767857142857,0,-45.8958585019,84.7075362662,44.9281349308,14257194.8181,5.91352088591,7.19266606529,0.965356645831,0.0374895593365,9618.34360937,-180.455172265,1564.89405856,0.915496752889,0.156142233259,0.953382674325,750.125837323,4580.16362351
322,0.767857142857,0,-43.215884442,106.334850226,44.9525989084,14264958.0536,5.87884803068,7.19266606529,0.963936849735,0.0373816551365,9615.50452441,554.877353731,1467.99727374,0.91597034665,0.155388171661,0.952064154627,747.316419397,4578.81167829
322.5,0.767857142857,0,-30.9201722057,124.327582944,44.9745001261,14271908.04,5.8364010371,7.19266606529,0.962115766788,0.037249557308,9607.72843064,1160.16678245,1045.00677368,0.916473686795,0.154450825998,0.950367939574,743.53237324,4575.1087765
323,0.767857142857,0,-11.7445757754,134.682266503,44.9809037786,14273940.1324,5.80696019073,7.19266606529,0.961131081515,0.0371579354628,9601.32204618,1504.74888056,395.517923188,0.917089890227,0.153857334288,0.94946384276,740.886216457,4572.05811723
323.5,0.767857142857,0,10.0442441746,135.094934959,44.9979079356,14279336.1182,5.80517584093,7.19266606529,0.961480062945,0.0371523824491,9612.08178142,1520.23862012,-338.611152626,0.917517279859,0.15390228731,0.949809610882,741.663108572,4577.18180067
324,0.767857142857,0,29.598172408,125.473767633,45.0237394289,14287533.3121,5.81853513411,7.19266606529,0.962247929174,0.0371939574459,9630.46585812,1199.85320926,-1001.11898231,0.917543182833,0.154235164031,0.950534576881,744.120863521,4585.93612291
324.5,0.767857142857,0,42.5663676395,107.959519648,45.0541845934,14297194.5776,5.83570133692,7.19266606529,0.96299614549,0.0372473797951,9650.57277664,609.781043665,-1445.25937182,0.917349248432,0.154616079946,0.951232259416,746.967804473,4595.51084602
325,0.767857142857,0,46.0633452476,86.4491938092,45.0830545019,14306355.9619,5.86842766894,7.19266606529,0.964548219284,0.0373492262872,9677.70285341,-121.302797636,-1573.61803118,0.917100047765,0.15536847627,0.952685083651,751.564969932,4608.42993019
325.5,0.767857142857,0,39.3110112159,65.7289391006,45.1124523188,14315684.8692,5.87715238801,7.19266606529,0.964531819307,0.0373763781852,9689.97904337,-830.846303902,-1345.69347861,0.916624959082,0.155483670307,0.952650750469,753.103408276,4614.27573494
326,0.767857142857,0,23.8117917234,50.4091099504,45.1006596187,14311942.6523,5.91901049035,7.19266606529,0.966716772958,0.0375066433456,9705.78554633,-1363.32172949,-819.964720014,0.916498302391,0.156488716272,0.954703801759,757.575240445,4621.80264111
326.5,0.767857142857,0,3.01433623092,43.898440622,45.0339073452,14290759.9309,5.93968182565,7.19266606529,0.967219914263,0.0375709738971,9681.63058248,-1586.68771397,-103.745086454,0.91589065612,0.15687087075,0.955153113661,757.17893664,4610.30027737
327,0.767857142857,0,-18.4538232943,47.6455857575,44.9522123395,14264835.3824,5.940402075,7.19266606529,0.966942873304,0.0375732153603,9643.77931228,-1452.0145001,632.642889411,0.9155905821,0.156825202186,0.954880161437,754.2146332,4592.27586299
327.5,0.767857142857,0,-35.8159200733,60.8167878858,44.9192199255,14254365.7897,5.956186871,7.19266606529,0.967805166144,0.0376223386809,9637.81107258,-1001.47560061,1229.08917382,0.915580126779,0.157213050117,0.955691549013,754.970464773,4589.43384409
328,0.767857142857,0,-45.2088056602,80.4813923928,44.924906351,14256170.282,5.92039163691,7.19266606529,0.965582994675,0.0375109415643,9619.05260253,-324.793890224,1542.61468365,0.915350993221,0.156280859094,0.953589997548,750.683910906,4580.5012393
328.5,0.767857142857,0,-44.5425186972,102.263932,44.9455264606,14262713.7302,5.88154625939,7.19266606529,0.963981220434,0.0373900522012,9612.86112747,416.583354941,1513.02794862,0.915870606596,0.155433619225,0.952101990003,747.299790026,4577.55291784
329,0.767857142857,0,-33.9653111771,121.317688878,44.9689301244,14270140.4928,5.8345343869,7.19266606529,0.961971272354,0.0372437481701,9603.95662558,1057.80988253,1147.23797042,0.916434516716,0.154396882874,0.950230197463,743.088594642,4573.31267885
329.5,0.767857142857,0,-15.8306616753,133.403112226,44.9785406245,14273190.2248,5.80329159985,7.19266606529,0.960956166011,0.0371465185673,9598.65633051,1460.71765155,532.775779403,0.917116988357,0.153773113931,0.949299976966,740.402857902,4570.78872881
330,0.767857142857,0,5.82638473671,135.831138333,44.9937935931,14278030.5002,5.80662265455,7.19266606529,0.961616093428,0.037156885028,9611.64294893,1545.24169336,-196.442264892,0.917570535867,0.153948787899,0.949939953866,741.751535972,4576.97283283
330.5,0.767857142857,0,26.1870330565,128.061519934,45.0251909237,14287993.9198,5.82557409536,7.19266606529,0.962616177576,0.037215863155,9634.59586689,1288.86859151,-886.765543516,0.917522179793,0.154403489412,0.950880901196,744.980995565,4587.90279376
331,0.767857142857,0,40.7209429735,111.82303378,45.0588666931,14298680.364,5.82823662301,7.19266606529,0.962475120453,0.0372241491157,9647.55422037,740.133039006,-1381.05982782,0.917247064509,0.154411578104,0.950737113673,746.134887687,4594.07343827
331.5,0.767857142857,0,46.1942509618,90.7288196503,45.0759906365,14304114.362,5.85637540361,7.19266606529,0.963994182216,0.0373117188468,9669.41231404,24.8463047306,-1574.81543717,0.917208412762,0.155094678781,0.952167311097,750.005442156,4604.48205431
332,0.767857142857,0,41.3891201713,69.4724397103,45.1044982658,14313160.783,5.8733886315,7.19266606529,0.964507409656,0.0373646651281,9686.39923591,-702.198293348,-1415.82190661,0.916799922064,0.155427708688,0.952634709033,752.566902039,4612.57106472
332.5,0.767857142857,0,27.3747148731,52.7835387817,45.1111893564,14315284.0891,5.90860533425,7.19266606529,0.966198101414,0.0374742618172,9705.37210093,-1280.1468936,-941.617097943,0.916552940785,0.156243478917,0.954217515439,756.741257426,4621.60576235
333,0.767857142857,0,7.26930636461,44.3754760575,45.0498007121,14295803.426,5.93382559729,7.19266606529,0.967055253236,0.0375527489303,9686.95463582,-1570.24884177,-250.186060327,0.916041704195,0.156758143449,0.955004165554,757.16898575,4612.83554086
333.5,0.767857142857,0,-14.4535571059,46.1190851624,44.9634919043,14268414.7643,5.94455915727,7.19266606529,0.967262677381,0.037586152473,9651.69677471,-1506.25990237,496.133993462,0.915675592931,0.156945873839,0.955184693447,755.173814738,4596.0460832
334,0.767857142857,0,-32.9604359299,57.6264048442,44.9199655045,14254602.3867,5.9474156093,7.19266606529,0.967256118273,0.0375950419391,9632.89362293,-1109.37394455,1129.48372418,0.915519781712,0.156983470419,0.955172222968,753.893000229,4587.0922014
334.5,0.767857142857,0,-44.1334622556,76.3370021835,44.9210182885,14254936.4702,5.91997514461,7.19266606529,0.965694264749,0.037509645413,9618.49609806,-466.177520669,1505.82092518,0.915478317054,0.156297441048,0.953699898495,750.633615875,4580.23623717
335,0.767857142857,0,-45.4865850123,98.0876809975,44.9421550865,14261643.8808,5.89300112198,7.19266606529,0.964621559156,0.037425700485,9617.51124827,275.182871749,1547.67838811,0.915876652637,0.155716746506,0.952705479308,748.548710112,4579.76726108
335.5,0.767857142857,0,-36.7187280028,118.038812633,44.96865231,14270052.333,5.85618910825,7.19266606529,0.962995724083,0.0373111390835,9613.53020266,950.095424182,1244.2144364,0.916268227442,0.154893640576,0.951189174566,745.470202528,4577.87152508
336,0.767857142857,0,-19.7807807775,131.751176173,44.975972413,14272375.2457,5.80007025935,7.19266606529,0.960448310389,0.0371364935443,9592.59457199,1403.64589254,665.016275815,0.916802626518,0.153629085244,0.94880882176,739.624903208,4567.90217714
336.5,0.767857142857,0,1.55848349446,136.173706037,44.9903252964,14276929.894,5.80777885131,7.19266606529,0.961729213337,0.0371604831882,9611.25871188,1556.93630499,-52.5506774638,0.917617299127,0.153986826677,0.950048440085,741.820435257,4576.7898628
337,0.767857142857,0,22.5509778361,130.322368465,45.0143530223,14284554.6924,5.81310442314,7.19266606529,0.961907200894,0.0371770567171,9623.18260285,1362.03562043,-761.741838529,0.91750539555,0.154094142473,0.950211866866,743.13054491,4582.46790612
337.5,0.767857142857,0,38.5257732161,115.499113673,45.050727992,14296097.6828,5.82834463915,7.19266606529,0.962671055405,0.037224485269,9646.01513934,864.721487831,-1306.47929033,0.917428085269,0.15445190287,0.950928931581,746.060156301,4593.34054254
338,0.767857142857,0,45.9284022949,95.0021857862,45.0715112148,14302692.8922,5.85978361468,7.19266606529,0.964181437267,0.0373223254233,9669.28159456,170.588182867,-1566.28382557,0.917206844697,0.155178164008,0.952343707577,750.260023011,4604.41980693
338.5,0.767857142857,0,43.1117451776,73.3922479624,45.1042630639,14313086.1456,5.8752792697,7.19266606529,0.964560096074,0.0373705489182,9686.78295479,-568.23736129,-1475.07647422,0.916750444974,0.155463869731,0.952682382577,752.734140061,4612.753788
339,0.767857142857,0,30.7025213615,55.4776133206,45.1124298629,14315677.7432,5.88783204665,7.19266606529,0.965018645947,0.0374096139835,9694.59423661,-1183.60796771,-1052.64300669,0.916525494412,0.155725721385,0.953105432753,754.275060166,4616.473446
339.5,0.767857142857,0,11.4618416912,45.244372588,45.0651153278,14300663.264,5.92626140141,7.19266606529,0.966954751649,0.0375292086565,9692.70457043,-1540.18106699,-394.437807857,0.91634326636,0.156635025036,0.954921673317,757.088782644,4615.57360497
340,0.767857142857,0,-10.3291518312,44.969470107,44.9811074926,14274004.7776,5.94671284864,7.19266606529,0.967497853866,0.0375928549018,9661.54475005,-1547.68668831,355.010052706,0.915785398002,0.15702233283,0.955410543676,756.133832397,4600.73559526
340.5,0.767857142857,0,-29.8218603393,54.7140729765,44.9255248692,14256366.5585,5.95978835588,7.19266606529,0.967907573906,0.0376335467381,9641.4518387,-1211.77793163,1024.13271487,0.915488518411,0.157282684028,0.955784239653,755.516908428,4591.16754224
341,0.767857142857,0,-42.6790642254,72.3099610842,44.9194069414,14254425.1361,5.93098890402,7.19266606529,0.966113987927,0.0375439209547,9621.7192555,-604.438216482,1458.27024939,0.915298714459,0.156531167107,0.954087929592,751.702176908,4581.77107405
341.5,0.767857142857,0,-46.039974966,93.8419663104,44.9367864295,14259940.227,5.89656134662,7.19266606529,0.964650176777,0.0374367801377,9615.42128115,130.736813347,1566.67683352,0.915716771463,0.155770797598,0.952726054372,748.62964984,4578.77203864
342,0.767857142857,0,-39.1567740648,114.519115907,44.9625417127,14268113.2368,5.85438947523,7.19266606529,0.962841766531,0.0373055385074,9609.43104315,830.309795744,1325.99614112,0.916216544165,0.154838648267,0.951042040912,745.003024416,4575.91954436
342.5,0.767857142857,0,-23.5610061966,129.740646535,44.9764496406,14272526.686,5.81486682157,7.19266606529,0.961295453871,0.0371825414166,9600.88409678,1339.27957244,794.017638278,0.91682875184,0.15399680131,0.949608591055,741.410952332,4571.84956989
343,0.767857142857,0,-2.72280329125,136.119695817,44.9869132276,14275847.1309,5.80861868028,7.19266606529,0.961550647382,0.037163096791,9608.01288747,1554.63698931,91.7822773161,0.917402500817,0.153962833765,0.949871669787,741.592353529,4575.24423213
343.5,0.767857142857,0,18.7212361923,132.236895192,45.0081852749,14282597.4606,5.80198811662,7.19266606529,0.961278095837,0.037142462042,9614.53540085,1423.76992933,-631.077000559,0.917493203936,0.153819200184,0.949618235754,741.601348847,4578.35019088
344,0.767857142857,0,35.9997122982,118.956186117,45.0419164221,14293301.478,5.83152798036,7.19266606529,0.963016899501,0.0372343920357,9645.61212676,982.283147849,-1221.22128153,0.917589458168,0.154563639993,0.951261283701,746.307858546,4593.14863179
344.5,0.767857142857,0,45.2680825749,99.2325890191,45.0647647654,14300552.0189,5.84893851729,7.19266606529,0.963531789293,0.0372885747688,9660.15452524,314.201845267,-1540.55542246,0.917160632275,0.154901896316,0.951729661881,748.700129678,4600.07358345
345,0.767857142857,0,44.4640909085,77.454697306,45.0969084369,14310752.2773,5.86872575521,7.19266606529,0.964362629325,0.0373501539512,9681.79660263,-428.745840529,-1519.59617834,0.916907883533,0.155335585354,0.952502583074,751.867748569,4610.37933459
345.5,0.767857142857,0,33.766629238,58.4681946298,45.1107632007,14315148.8557,5.89247656636,7.19266606529,0.965376079058,0.0374240680335,9697.3411796,-1081.92815724,-1158.61006114,0.916620631761,0.155860103606,0.953445941305,754.87017568,4617.78151409
346,0.767857142857,0,15.5559332545,46.4976674122,45.0789913901,14305066.6011,5.917175295,7.19266606529,0.966380509405,0.0375009320973,9693.15461201,-1495.69246863,-534.842405619,0.916275842351,0.156396527207,0.954378192931,756.401607739,4615.78791048
346.5,0.767857142857,0,-6.11603126929,44.2066144349,44.997067006,14279069.2632,5.9470104654,7.19266606529,0.967653673314,0.0375937811047,9669.9403729,-1575.37672839,210.402729845,0.915917296919,0.157057609766,0.955562573079,756.840482461,4604.73351091
347,0.767857142857,0,-26.4271499809,52.1048057943,44.9316736668,14258317.7769,5.95826748966,7.19266606529,0.967818869264,0.0376288137027,9643.24688202,-1301.42195463,907.578755153,0.91548419817,0.157244159538,0.955700562737,755.538627048,4592.02232477
347.5,0.767857142857,0,-40.8581031412,68.4348566501,44.9158658968,14253301.4446,5.9263626598,7.19266606529,0.96588140387,0.0375295237792,9618.0029188,-736.21256341,1394.85503813,0.915320791153,0.15642171593,0.953869801536,751.058137301,4580.00138991
348,0.767857142857,0,-46.1979355883,89.5632536433,44.9314469885,14258245.8443,5.89773719249,7.19266606529,0.964785993254,0.0374404394472,9614.45434599,-14.8624522535,1572.11296993,0.915783928086,0.155813863183,0.952856673023,748.658677017,4578.31159333
348.5,0.767857142857,0,-41.2585094099,110.788828761,44.9577200781,14266583.1715,5.87072917646,7.19266606529,0.963728475982,0.0373563887296,9615.80419254,705.645892044,1400.45877577,0.916199474601,0.15523654257,0.951876930621,746.757299466,4578.9543774
349,0.767857142857,0,-27.1388702344,127.388791401,44.9783269797,14273122.4282,5.83385133689,7.19266606529,0.962098273211,0.0372416224737,9609.24373426,1263.53043408,917.140865035,0.916591548085,0.154412839548,0.950356091548,743.476012689,4575.83034965
349.5,0.767857142857,0,-6.98070439341,135.669571557,44.9837623007,14274847.2368,5.80871535592,7.19266606529,0.961267146076,0.037163397652,9603.85453674,1538.70008973,235.194027673,0.917126904178,0.153908006939,0.949593581302,741.224426245,4573.26406512
350,0.767857142857,0,14.7307011094,133.788656577,45.0029766867,14280944.6019,5.80409569497,7.19266606529,0.961393476121,0.037149020964,9613.41090734,1476.22940955,-496.610215996,0.917491800517,0.153870538586,0.949726972894,741.677172783,4577.81471778
350.5,0.767857142857,0,33.1644561174,122.164558919,45.0321374358,14290198.2796,5.81446575705,7.19266606529,0.962038737976,0.0371812932775,9632.06617584,1087.6482813,-1121.45992076,0.917558863034,0.154138624565,0.950337974804,743.932545417,4586.69817897
351,0.767857142857,0,44.2189631728,103.383695152,45.0606583854,14299248.9276,5.84704126321,7.19266606529,0.963686823061,0.0372826703896,9659.97621308,455.403463241,-1504.62699137,0.917408323008,0.154906967077,0.951885561401,748.588194635,4599.9886729
351.5,0.767857142857,0,45.4345423018,81.6248960709,45.0925915853,14309382.3964,5.87310202299,7.19266606529,0.964634083988,0.0373637731836,9682.55354867,-286.380151919,-1553.59876568,0.91693542601,0.1554490391,0.952759446965,752.272854825,4610.73978508
352,0.767857142857,0,36.5407214132,61.729597127,45.116808545,14317067.2449,5.89946136919,7.19266606529,0.965696034175,0.0374458051981,9702.9808233,-971.270467961,-1255.40919052,0.916557101478,0.156018884322,0.953744791065,755.841732823,4620.46705871
352.5,0.767857142857,0,19.5164176148,48.1245961991,45.0900334224,14308570.606,5.9073280758,7.19266606529,0.965728390917,0.0374702869052,9691.62161838,-1438.02742634,-670.20592631,0.91617444503,0.156132304701,0.953759954523,755.493690997,4615.05791352
353,0.767857142857,0,-1.85038117937,43.8370701808,45.0152049991,14284825.053,5.94452614109,7.19266606529,0.967667173064,0.0375860497245,9677.92493638,-1589.05501614,63.6952096923,0.916060245807,0.157026455802,0.955581059428,757.300511298,4608.53568399
353.5,0.767857142857,0,-22.8054614312,49.8210138392,44.9423155443,14261694.7994,5.9628760111,7.19266606529,0.968111955312,0.0376431557237,9650.61522972,-1381.57495195,784.177434317,0.91552026098,0.157365784586,0.955977915557,756.481231788,4595.53106177
354,0.767857142857,0,-38.6862189208,64.7449714786,44.9140082085,14252711.9382,5.93535384075,7.19266606529,0.966308095134,0.0375575049242,9621.23117731,-863.254883165,1322.35318469,0.915253894624,0.156629397047,0.954268899671,751.993109553,4581.53865586
354.5,0.767857142857,0,-45.9591101829,85.2882921147,44.9287308471,14257383.9221,5.91302908548,7.19266606529,0.965494620846,0.0374880288213,9619.9731522,-160.679103388,1567.30187789,0.915653408416,0.156163115427,0.95351890205,750.246059517,4580.93959629
355,0.767857142857,0,-43.005882599,106.879989985,44.953522018,14265250.987,5.87749676634,7.19266606529,0.963869568267,0.0373774499132,9615.26206141,573.30161169,1460.62538121,0.915977485952,0.155356437867,0.952001048112,747.194487004,4578.69621972
355.5,0.767857142857,0,-30.4836432395,124.715810445,44.9747932706,14272001.0645,5.83414374691,7.19266606529,0.962011345013,0.0372425324728,9606.86642358,1172.91343293,1029.92481472,0.91649330306,0.15439954778,0.950270284606,743.295207394,4574.69829694
356,0.767857142857,0,-11.1786494406,134.827199296,44.9814622178,14274117.3438,5.80727979998,7.19266606529,0.961183137215,0.0371589301077,9602.06976032,1509.810741,376.50456108,0.917122659269,0.153871961665,0.949514206722,740.975051395,4572.41417158
356.5,0.767857142857,0,10.6136465986,134.964324813,44.9987114679,14279591.1058,5.80539566319,7.19266606529,0.961487388845,0.0371530665504,9612.49314079,1515.93320501,-357.829887851,0.917512640165,0.153906710953,0.949816336765,741.710915244,4577.37768609
357,0.767857142857,0,30.0443561955,125.096675922,45.0282419286,14288962.1053,5.81970507046,7.19266606529,0.962309450897,0.0371975983645,9632.9785702,1187.55182884,-1016.59855837,0.917539991729,0.15426319767,0.950592450241,744.40497705,4587.13265247
357.5,0.767857142857,0,42.7900547928,107.419851057,45.0553427003,14297562.0836,5.83776666685,7.19266606529,0.963092804939,0.0372538072373,9651.98648352,591.668513001,-1453.37224803,0.917332264604,0.154663256274,0.951322697215,747.234132127,4596.18403977
358,0.767857142857,0,46.0147643196,85.8670271457,45.0840766105,14306680.3111,5.86990619373,7.19266606529,0.964598622029,0.0373538275533,9678.6120347,-141.224564524,-1572.33431763,0.917070065394,0.155398583934,0.952731384055,751.74469541,4608.86287367
358.5,0.767857142857,0,39.0009716924,65.2338091938,45.1130625606,14315878.5192,5.87804804216,7.19266606529,0.964558843527,0.0373791655197,9690.49150187,-847.914174657,-1335.26697675,0.916603495328,0.155501213733,0.9526753577,753.208759005,4614.51976279
359,0.767857142857,0,23.3092788611,50.1111855406,45.0984868706,14311253.1669,5.91910188552,7.19266606529,0.966708120004,0.0375069277734,9704.76226199,-1373.44422402,-802.580744794,0.916485300204,0.156488230813,0.954695130672,757.499899105,4621.31536285
359.5,0.767857142857,0,2.43116151243,43.8640112959,45.0319140262,14290127.3843,5.94051067995,7.19266606529,0.967264387152,0.037573553346,9681.1973825,-1587.93652484,-83.6771958685,0.915889329374,0.156891067108,0.955194932788,757.209383124,4610.09399167
360,0.767857142857,0,-18.9879007427,47.8823122028,44.9507303905,14264365.1106,5.94078505655,7.19266606529,0.966951356028,0.037574407224,9643.21921972,-1443.86737978,650.938166996,0.915578550243,0.156832115941,0.954887662718,754.198153233,4592.00915225
360.5,0.767857142857,0,-36.1820654996,61.2719973514,44.9183317597,14254083.9451,5.95510204877,7.19266606529,0.967739269353,0.037618962643,9636.80211348,-985.639687974,1241.38389242,0.915574567326,0.157185049897,0.95562928999,754.806152054,4588.95338737
361,0.767857142857,0,-45.3255499797,81.053798625,44.9250903152,14256228.66,5.9212507003,7.19266606529,0.965647124877,0.0375136150259,9619.74697421,-305.312602562,1546.85335673,0.915366740438,0.156305358764,0.953651024179,750.807742283,4580.83189248
361.5,0.767857142857,0,-44.383885748,102.826171912,44.9465437967,14263036.5648,5.88195117161,7.19266606529,0.96399050432,0.0373913123146,9613.37960693,435.721925604,1507.77896139,0.915858135948,0.155440962815,0.952110240326,747.368928872,4577.79981282
362,0.767857142857,0,-33.5665975387,121.744661436,44.9675283483,14269695.6625,5.82596665223,7.19266606529,0.961490630853,0.0372170848178,9598.77660699,1070.69766609,1132.1487147,0.916428638625,0.154185610938,0.949776890643,742.02551196,4570.84600333
362.5,0.767857142857,0,-15.2805830134,133.599814022,44.9791953026,14273397.976,5.80381049218,7.19266606529,0.961115249963,0.0371481333943,9600.50167681,1467.74769218,514.406791775,0.917241365788,0.153811614317,0.949454840858,740.609792773,4571.66746515
363,0.767857142857,0,6.40543332457,135.753802289,44.9946164019,14278291.6049,5.80665087381,7.19266606529,0.96160976391,0.0371569728482,9611.93112235,1542.68192342,-215.972131431,0.917563003247,0.153947916628,0.949933691183,741.774467196,4577.11005826
363.5,0.767857142857,0,26.6662105277,127.727353685,45.0262090496,14288317.0051,5.82698147665,7.19266606529,0.962693779922,0.0372202430179,9635.77266844,1277.89566187,-903.234163625,0.91752177014,0.154437943293,0.950954037828,745.180931469,4588.46317545
364,0.767857142857,0,40.99363008,111.306390893,45.0568702501,14298046.826,5.82805557239,7.19266606529,0.962443647071,0.0372235856743,9646.39013725,722.506264252,-1390.10659649,0.917226633648,0.154402883792,0.950706641711,746.026762285,4593.51911298
364.5,0.767857142857,0,46.1997735358,90.1446556049,45.0770308684,14304444.4622,5.85562767781,7.19266606529,0.963955501034,0.0373093918751,9669.48947292,4.9311373342,-1574.89527128,0.917211041064,0.155076843138,0.952130963375,749.953805323,4604.51879663
365,0.767857142857,0,41.1262494141,68.9507337627,45.1060293229,14313646.6385,5.87251920381,7.19266606529,0.964470661273,0.0373619594121,9686.70915219,-720.004893585,-1406.75216414,0.916810776819,0.155408588113,0.952600516066,752.525407788,4612.7186439
365.5,0.767857142857,0,26.9019407684,52.4403729665,45.1108434257,14315174.3137,5.91018887361,7.19266606529,0.966299114232,0.0374791898956,9706.19602483,-1292.27603874,-925.587823854,0.916565562261,0.156285199084,0.954313158448,756.931713592,4621.99810706
366,0.767857142857,0,6.69182338117,44.2872063878,45.0479761395,14295224.4283,5.93484985995,7.19266606529,0.967087682404,0.0375559365029,9686.4702893,-1573.36449249,-230.322333552,0.916018716412,0.156778583832,0.955033773998,757.206377026,4612.60489967
366.5,0.767857142857,0,-15.0072562797,46.3053520559,44.9615991613,14267814.1338,5.94514801991,7.19266606529,0.967279554374,0.0375879850522,9651.03868763,-1499.84877963,515.134371733,0.915660724373,0.156957276512,0.95519998235,755.165099262,4595.73270839
367,0.767857142857,0,-33.3671506157,58.0457630385,44.9212529593,14255010.9391,5.95640567883,7.19266606529,0.96774444856,0.0376230196253,9638.07889265,-1096.60354963,1145.09183399,0.915511233686,0.157203856959,0.955631600922,754.994654414,4589.56137745
367.5,0.767857142857,0,-44.3026965169,76.8961425018,44.9215917702,14255118.4551,5.91830920928,7.19266606529,0.965464457727,0.0375044609129,9616.5060708,-446.915037532,1510.97043594,0.915347817022,0.15622885733,0.953478236699,750.323393477,4579.28860514
368,0.767857142857,0,-45.3806834275,98.6621920811,44.9431515933,14261960.1056,5.89354379398,7.19266606529,0.964677065204,0.0374273893159,9618.47536009,294.778550785,1544.32642098,0.915900836332,0.155735186079,0.952758732009,748.670550894,4580.22636195
368.5,0.767857142857,0,-36.3612541742,118.500863055,44.9687554067,14270085.0491,5.85493790626,7.19266606529,0.96291816702,0.0373072452608,9612.83242778,965.554586855,1231.84956484,0.916260349543,0.154861266958,0.951115773669,745.317812652,4577.53925132
369,0.767857142857,0,-19.2512743185,131.997957535,44.9759108483,14272355.7092,5.79771919293,7.19266606529,0.960337083753,0.0371291768714,9591.51511089,1411.44452712,646.986362475,0.916820790251,0.153575321429,0.948704648905,739.364040996,4567.38814804
369.5,0.767857142857,0,2.14220489862,136.150308322,44.9910284082,14277153.0149,5.80777650891,7.19266606529,0.9617648538,0.0371604758985,9611.91260787,1556.26698641,-72.2387971629,0.917651428793,0.153993851395,0.95008337987,741.877464012,4577.10124184
370,0.767857142857,0,23.0590334191,130.033997774,45.0153848876,14284882.1377,5.8159877024,7.19266606529,0.96206709686,0.0371860296713,9625.15055272,1352.97733612,-779.296381661,0.917505429554,0.154164844525,0.950362615203,743.505596481,4583.40502511
370.5,0.767857142857,0,38.8451182137,115.009933846,45.0532460013,14296896.7311,5.82924983371,7.19266606529,0.962677316178,0.0372273022939,9647.13661979,848.301481469,-1317.57131114,0.917386229158,0.154465407033,0.95093318648,746.208794772,4593.87458085
371,0.767857142857,0,45.9879809385,94.4210416423,45.071911191,14302819.818,5.85956327364,7.19266606529,0.964155411186,0.0373216397075,9669.19891241,150.764323507,-1568.26092052,0.917193704034,0.15516999769,0.952318661755,750.233855614,4604.38043448
371.5,0.767857142857,0,42.8983009379,72.8484468155,45.1051183814,14313357.5664,5.87515906836,7.19266606529,0.964556802612,0.0373701748437,9687.12008227,-586.857240082,-1467.80750535,0.916753643671,0.155461581807,0.952679406734,752.751610478,4612.91432489
372,0.767857142857,0,30.2635465889,55.0921534915,45.1121608538,14315592.3776,5.88831376402,7.19266606529,0.96504716306,0.0374111131196,9694.75257794,-1196.90326206,-1037.66176539,0.916527239373,0.15573795098,0.953132366956,754.325299298,4616.54884664
372.5,0.767857142857,0,10.8950103436,45.1030207073,45.0634295096,14300128.2977,5.9274817092,7.19266606529,0.967014944797,0.0375330063344,9692.55183626,-1545.21249606,-374.971911092,0.916336273311,0.156663683187,0.954978073253,757.170648198,4615.50087441
373,0.767857142857,0,-10.8977171047,45.1036776349,44.9790584191,14273354.5383,5.94699117234,7.19266606529,0.967494541127,0.0375937210635,9660.62574885,-1542.96417291,374.524820147,0.915767683435,0.157025461523,0.955406708898,756.080008694,4600.29797564
373.5,0.767857142857,0,-30.2656510829,55.093978105,44.9217084626,14255155.4855,5.94329987424,7.19266606529,0.966991129907,0.0375822335016,9631.11056461,-1195.41592849,1036.49855889,0.91548447823,0.156874326889,0.954921313595,753.427317096,4586.24312601
374,0.767857142857,0,-42.8993349049,72.8510331298,44.9188552657,14254250.071,5.92709783602,7.19266606529,0.96615134968,0.0375318116959,9621.93483127,-585.766167598,1465.33486186,0.915538061691,0.156485710766,0.954132742182,751.465425566,4581.87372918
374.5,0.767857142857,0,-45.987714316,94.4238141902,44.9373504393,14260119.2061,5.89646034414,7.19266606529,0.964704090205,0.0374364658113,9616.19798883,150.549142275,1565.03203974,0.915773255918,0.155780182156,0.952779095845,748.693545359,4579.14189944
375,0.767857142857,0,-38.8436103265,115.012275722,44.9632920007,14268351.3282,5.85288450934,7.19266606529,0.962759983251,0.0373008549549,9608.97354933,846.837846734,1315.12380935,0.916218010402,0.154802002386,0.950965025218,744.851561492,4575.70169016
375.5,0.767857142857,0,-23.0566197792,130.035387901,44.9755588954,14272244.0228,5.81101405907,7.19266606529,0.961104901307,0.037170551367,9598.69615717,1348.37197345,776.535498794,0.916850599469,0.153906960789,0.94942979131,740.949069597,4570.80769389
376,0.767857142857,0,-2.13942255233,136.150437388,44.9876128164,14276069.1337,5.80856528148,7.19266606529,0.961606308299,0.0371629306105,9608.8647198,1555.82569644,72.1243128087,0.917458430707,0.153973132381,0.94992633929,741.665025483,4575.64986657
376.5,0.767857142857,0,19.253806286,131.996796824,45.0092121069,14282923.3086,5.80268435286,7.19266606529,0.961317509596,0.0371446287748,9615.35069522,1415.89946385,-649.131744777,0.917493979115,0.15383641574,0.949655429562,741.718191869,4578.7384263
377,0.767857142857,0,36.3629723883,118.49867083,45.0452781983,14294368.2816,5.83569555681,7.19266606529,0.963237377473,0.037247361807,9649.15553704,967.534196838,-1234.52842745,0.917579351104,0.154663878069,0.951468704763,746.903336554,4594.83597002
377.5,0.767857142857,0,45.3812055774,98.6594561226,45.0672211735,14301331.519,5.85456389938,7.19266606529,0.963779985296,0.0373060813269,9663.5577757,294.968235847,-1545.82619973,0.917100131675,0.155027519276,0.951961171492,749.389002814,4601.6941789
378,0.767857142857,0,44.3019064217,76.8934715733,45.098026203,14311106.9818,5.87043832818,7.19266606529,0.964371620461,0.0373554835906,9682.32970235,-448.020588027,-1514.37249588,0.916826219719,0.155360622426,0.952507811781,752.026212871,4610.6331916
378.5,0.767857142857,0,33.3652240754,58.0437514342,45.1111833027,14315282.1681,5.89492734583,7.19266606529,0.96548564135,0.03743169502,9698.56141872,-1096.90028878,-1145.26346384,0.91659577033,0.155915268062,0.95354815538,755.151415961,4618.36258034
379,0.767857142857,0,15.0046219586,46.3044473673,45.0773969494,14304560.6319,5.9182529283,7.19266606529,0.966402652103,0.0375042857628,9692.66620285,-1502.41283062,-515.913753026,0.91624026471,0.15641561722,0.954397617418,756.440422016,4615.55533469
379.5,0.767857142857,0,-6.69457933421,44.2876099122,44.9948600925,14278368.936,5.94726229823,7.19266606529,0.967651084289,0.037594564825,9668.96079551,-1572.4652495,230.287529111,0.91590165334,0.157060523159,0.955559503272,756.780282601,4604.26704548
380,0.767857142857,0,-26.9042051408,52.441994918,44.9306398209,14257989.7032,5.95780584525,7.19266606529,0.967789465761,0.037627377035,9642.52234734,-1289.68263947,923.847957931,0.915480542535,0.157231969712,0.955672735429,755.44529073,4591.67730826
380.5,0.767857142857,0,-41.1275183724,68.9532132493,44.917289379,14253753.1629,5.93110786042,7.19266606529,0.966150943235,0.0375442911548,9621.1746973,-719.1061215,1405.20501177,0.915327492332,0.156540179947,0.954123886596,751.674583888,4581.51176062
381,0.767857142857,0,-46.1997647307,90.1474409292,44.9319751221,14258413.4388,5.8956211185,7.19266606529,0.964596329469,0.0374338540861,9612.8498606,5.01538006437,1571.54041435,0.915715044644,0.155747288429,0.952675261778,748.3563892,4577.54755267
381.5,0.767857142857,0,-40.9923454707,111.308862307,44.9581183398,14266709.5532,5.8666125603,7.19266606529,0.963532864144,0.03734357755,9614.12488023,722.868936762,1390.59949608,0.916230193313,0.155141780361,0.951693832625,746.314673201,4578.15470487
382,0.767857142857,0,-26.6639359459,127.728961288,44.9787611001,14273260.1891,5.83168021607,7.19266606529,0.962040737759,0.0372348658032,9608.90463067,1274.71393047,900.870032757,0.916651309034,0.154372034851,0.950304209817,743.293891828,4575.66887175
382.5,0.767857142857,0,-6.40267487536,135.754188381,44.9845179618,14275087.0332,5.80863746409,7.19266606529,0.961295864106,0.0371631552475,9604.46353465,1541.64919873,215.732787325,0.917158422275,0.153912639873,0.949621891988,741.271642483,4573.55406412
383,0.767857142857,0,15.2832115621,133.598892696,45.0038139338,14281210.2883,5.80501659453,7.19266606529,0.961445718555,0.0371518868639,9614.26768717,1470.10443546,-515.332287495,0.917492931256,0.153893335029,0.949776275688,741.814655829,4578.22270817
383.5,0.767857142857,0,33.5685113223,121.742637691,45.0286410196,14289088.7502,5.81216139754,7.19266606529,0.961896953149,0.0371741219595,9629.21057574,1072.80158328,-1134.51038458,0.917545494573,0.154079349918,0.95020377696,743.530990133,4585.3383694
384,0.767857142857,0,44.3846589406,102.823496041,45.0615790348,14299541.0804,5.84764710445,7.19266606529,0.963755550425,0.0372845558073,9661.04171479,436.42115619,-1510.54003598,0.917441775007,0.154928838527,0.951951655321,748.724482397,4600.49605466
384.5,0.767857142857,0,45.3250105424,81.0510660225,45.0914485609,14309019.6767,5.8684309773,7.19266606529,0.964366013738,0.037349236583,9679.49236776,-305.756436852,-1548.61056731,0.916926631,0.155332257477,0.952506516363,751.669598597,4609.28207989
385,0.767857142857,0,36.1803334598,61.2698160336,45.1147795033,14316423.3624,5.89534782676,7.19266606529,0.965539627137,0.0374330035843,9700.63694741,-986.426936271,-1242.22161368,0.916624911054,0.155931753122,0.95360017287,755.351675554,4619.35092734
385.5,0.767857142857,0,18.9853614873,47.8811675233,45.0886055451,14308117.493,5.90654407003,7.19266606529,0.9657479283,0.0374678470278,9691.21908941,-1446.23270488,-651.899615499,0.916234160649,0.156125545862,0.953780747607,755.413140308,4614.86623305
386,0.767857142857,0,-2.43394298711,43.8641579514,45.013006951,14284127.5391,5.94497511996,7.19266606529,0.967704049689,0.0375874469762,9677.33607751,-1588.10408268,83.7820363343,0.916071627014,0.157039962651,0.955616237872,757.291690528,4608.255275
386.5,0.767857142857,0,-23.3116836638,50.1125908994,44.941200356,14261340.913,5.96531738431,7.19266606529,0.968240128947,0.0376507534373,9651.35152387,-1371.99517471,801.844948627,0.915513743529,0.157424797819,0.95609830016,756.727361448,4595.88167804
387,0.767857142857,0,-39.0024647431,65.2361605569,44.9138703481,14252668.1905,5.93315767185,7.19266606529,0.966149219249,0.0375506703025,9619.64942808,-846.126785339,1332.62978825,0.915218456255,0.156567719427,0.954117873184,751.692374692,4580.78544194
387.5,0.767857142857,0,-46.0150134075,85.8698013238,44.9291946581,14257531.1048,5.91188641067,7.19266606529,0.965465007842,0.0374844727423,9619.90327789,-140.831985053,1569.02517008,0.915685288782,0.156141667572,0.953492289803,750.158506662,4580.9063228
388,0.767857142857,0,-42.7890044947,107.422430782,44.954306882,14265500.0506,5.87588623936,7.19266606529,0.963797876557,0.0373724378476,9614.92223056,591.60779854,1452.97226705,0.91599407379,0.15532031199,0.951934160879,747.046823188,4578.5343955
388.5,0.767857142857,0,-30.0422402077,125.098487194,44.9739049205,14271719.1614,5.8292451299,7.19266606529,0.961764580313,0.0372272876553,9604.14472868,1184.91062526,1014.21378739,0.916516683044,0.154284296579,0.950038596437,742.711035141,4573.40225175
389,0.767857142857,0,-10.6109357383,134.964964614,44.9821257946,14274327.9188,5.80732208989,7.19266606529,0.961260010606,0.0371590617167,9603.11420674,1514.65088159,357.430797698,0.917193772319,0.153887752972,0.949589470952,741.072959377,4572.91152702
389.5,0.767857142857,0,11.1813519941,134.826525268,44.9994366531,14279821.2312,5.80623278584,7.19266606529,0.961533159207,0.037155671731,9613.23948811,1511.53629635,-377.031663293,0.917512026252,0.153927095461,0.949859468279,741.833062477,4577.73308958
390,0.767857142857,0,30.4857361554,124.713972562,45.0307518455,14289758.5856,5.82006153129,7.19266606529,0.962316469716,0.037198707694,9634.11472732,1174.7807523,-1031.68993381,0.917527839424,0.154269415497,0.950598589933,744.517974833,4587.67367967
390.5,0.767857142857,0,43.0069001936,106.877397185,45.0561188604,14297808.385,5.83961265754,7.19266606529,0.963189701173,0.0372595520814,9653.24360002,573.427755229,-1461.20577523,0.917327089902,0.15470751315,0.951413821658,747.473705621,4596.78266668
391,0.767857142857,0,45.9588260366,85.285521308,45.0851474168,14307020.1136,5.87125032558,7.19266606529,0.964644921335,0.0373580105798,9679.50417389,-161.130872132,-1570.77509629,0.917043267155,0.155426052235,0.952773943545,751.913290624,4609.28770185
391.5,0.767857142857,0,38.6846962575,64.7426391824,45.1136269666,14316057.6241,5.87870719046,7.19266606529,0.964574818949,0.0373812168325,9690.8791832,-864.819349395,-1324.57520366,0.916583982563,0.155513345731,0.952689632578,753.28637161,4614.70437295
392,0.767857142857,0,22.8030390506,49.8196390004,45.0969549904,14310767.0503,5.91740118303,7.19266606529,0.966603839006,0.0375016350757,9703.10085034,-1382.99979666,-784.875934054,0.916475731368,0.156444236566,0.95459654046,757.235494394,4620.52421445
392.5,0.767857142857,0,1.84759807267,43.8369587076,45.0299037614,14289489.4603,5.94113524292,7.19266606529,0.967325028576,0.037575497027,9680.92177374,-1588.93491797,-63.5944471994,0.91591401779,0.156911719714,0.95525302465,757.241447197,4609.9627494
393,0.767857142857,0,-19.5189421932,48.1257728948,44.9494399455,14263955.6094,5.94299275927,7.19266606529,0.967063926444,0.0375812777397,9643.73214257,-1435.92022893,669.329224206,0.915569483938,0.156884725999,0.954993284277,754.407835565,4592.25340122
393.5,0.767857142857,0,-36.5424257328,61.7318001712,44.9175262001,14253828.3142,5.95379668971,7.19266606529,0.967633176567,0.03761490028,9635.43625622,-969.588342764,1253.39109747,0.915542519831,0.157145987667,0.95552811768,754.591508125,4588.30297915
394,0.767857142857,0,-45.4350471434,81.6276352759,44.9250593214,14256218.8247,5.91965070002,7.19266606529,0.965578608912,0.0375086357201,9619.09049727,-285.663725678,1550.23643511,0.915385688987,0.156269910035,0.953587260276,750.636429732,4580.51928441
394.5,0.767857142857,0,-44.2181562068,103.386361032,44.94752618,14263348.3078,5.88209559448,7.19266606529,0.964022944685,0.0373917617681,9614.11778644,454.796810377,1502.2959829,0.915881362462,0.155449386386,0.952141727896,747.442102048,4578.15132687
395,0.767857142857,0,-33.1625168975,122.166558302,44.9699078202,14270450.7483,5.83331764672,7.19266606529,0.961895519906,0.0372399615948,9603.64934707,1086.30751306,1119.94236122,0.916426542045,0.154365383679,0.950158478506,742.969299439,4573.16635575
395.5,0.767857142857,0,-14.7280611211,133.789544592,44.9795573265,14273512.8583,5.80393176477,7.19266606529,0.961010152639,0.0371485108025,9599.61198844,1473.97488002,495.752863522,0.917134651745,0.153792452812,0.949351571752,740.52944972,4571.24380402
396,0.767857142857,0,6.98345774013,135.669150616,44.9952467023,14278491.6202,5.80707552128,7.19266606529,0.961631464472,0.037158294379,9612.40675824,1539.97130053,-235.483348238,0.917561242765,0.15395795789,0.949954082841,741.843633055,4577.33655154
396.5,0.767857142857,0,27.141124307,127.387155165,45.0270005044,14288568.1601,5.82777417325,7.19266606529,0.962731262616,0.0372227099417,9636.4669964,1266.56604392,-919.460876043,0.917515605632,0.154456115944,0.950989128435,745.294816978,4588.79380781
397,0.767857142857,0,41.2597626665,110.786341302,45.0546654056,14297347.1554,5.827641789,7.19266606529,0.962408637733,0.0372222979533,9645.10666214,704.744965385,-1398.88062023,0.917215126119,0.154390336682,0.950673187477,745.893133071,4592.90793435
397.5,0.767857142857,0,46.1979091735,89.5604684303,45.0779855853,14304747.4257,5.85738634879,7.19266606529,0.964059291008,0.0373148649745,9670.89482485,-14.9880420851,-1575.35033823,0.917217047933,0.155121341865,0.952229008708,750.200778806,4605.18801183
398,0.767857142857,0,40.8568029324,68.4323934071,45.1076410213,14314158.0841,5.8713633824,7.19266606529,0.964379770429,0.0373583624201,9686.52019324,-737.627414139,-1397.33158462,0.916785246146,0.155374802136,0.952513863268,752.415574771,4612.62866345
398.5,0.767857142857,0,26.4248652806,52.1032126045,45.1104330426,14315044.0855,5.91154058498,7.19266606529,0.966391672515,0.0374833965101,9706.91287795,-1304.16034802,-909.371581844,0.916582341317,0.156322080977,0.954401004149,757.096567498,4622.33946569
399,0.767857142857,0,6.11327043419,44.2062457905,45.0460991952,14294628.8113,5.93562042855,7.19266606529,0.967109619262,0.0375583345629,9685.86458145,-1576.16933389,-210.411868484,0.915999094032,0.156793469725,0.955053638293,757.215169277,4612.31646735
399.5,0.767857142857,0,-15.5585559256,46.4986053383,44.9597023532,14267212.2134,5.94546597372,7.19266606529,0.967285330906,0.0375889745453,9650.27478153,-1493.14145268,534.031724203,0.915649538539,0.156962765101,0.955204968981,755.127788763,4595.36894359
400,0.767857142857,0,-33.7685301884,58.4702304335,44.9211829189,14254988.7129,5.95455364314,7.19266606529,0.967637109338,0.0376172559687,9637.02783721,-1081.71144716,1158.51800253,0.91550661822,0.157157092114,0.955530366714,754.767705717,4589.06087486
400.5,0.767857142857,0,-44.4648471677,77.4573780113,44.9221627378,14255299.6421,5.91627295465,7.19266606529,0.965380177954,0.0374981239549,9615.96085535,-427.662729309,1516.10707197,0.915374701072,0.156184337504,0.953399942314,750.128645614,4579.02897874
401,0.767857142857,0,-45.2675258717,99.2353181565,44.943700164,14262134.1854,5.8927513985,7.19266606529,0.964664340816,0.0374249233292,9618.60106322,314.263141623,1540.38167965,0.91593039585,0.155721888159,0.952747925149,748.624898305,4580.28622058
401.5,0.767857142857,0,-35.9979665018,118.958356441,44.9687081879,14270070.065,5.85351041223,7.19266606529,0.962851216425,0.0373028028057,9612.17914831,980.844682285,1219.28238879,0.916271852647,0.154828616325,0.951053133971,745.159106478,4577.22816586
402,0.767857142857,0,-18.7186897505,132.238023794,44.976252999,14272464.285,5.79785884398,7.19266606529,0.960366527523,0.0371296114746,9591.94993133,1419.60541466,629.128707697,0.916841513221,0.153583032301,0.948733222474,739.412413679,4567.5952054
402.5,0.767857142857,0,2.72558378311,136.119531579,44.9916034933,14277335.5086,5.80774331965,7.19266606529,0.961760888646,0.0371603726113,9612.11970613,1555.25643659,-91.9129396386,0.917649401526,0.153992617237,0.950079561963,741.890484005,4577.19986006
403,0.767857142857,0,23.563402066,129.739226,45.0171339937,14285437.1873,5.81836759555,7.19266606529,0.962199552746,0.0371934360549,9627.16354382,1343.62903959,-796.705786053,0.917505911355,0.154223308866,0.950487507541,743.845360025,4584.3635923
403.5,0.767857142857,0,39.1582522194,114.516755151,45.0540507123,14297152.0927,5.82922844461,7.19266606529,0.962639876238,0.0372272357296,9647.10940412,831.561723958,-1328.17346842,0.917351680568,0.154457690852,0.950896534929,746.19817405,4593.86162101
404,0.767857142857,0,46.0402065095,93.8391906129,45.0723271253,14302951.8078,5.85925334218,7.19266606529,0.964138559605,0.0373206751805,9669.2162622,130.918347809,-1569.99440163,0.917194014539,0.155162440284,0.952302794303,750.211162255,4604.38869628
404.5,0.767857142857,0,42.6779976383,72.3073880508,45.105383082,14313441.5647,5.87864120407,7.19266606529,0.964754442528,0.0373810114785,9689.1290474,-605.714619812,-1461.10066665,0.916758142954,0.155548230977,0.952865794452,753.180009492,4613.87097495
405,0.767857142857,0,29.8197329422,54.7122751193,45.1114490738,14315366.5061,5.90714667926,7.19266606529,0.966036936873,0.0374697223872,9703.90887616,-1213.41330065,-1025.38944339,0.91647668929,0.15619145137,0.954062667762,756.49798066,4620.90898865
405.5,0.767857142857,0,10.32643698,44.9688474576,45.0615429905,14299529.6423,5.92830629702,7.19266606529,0.966772076808,0.0375355725058,9689.3076907,-1549.33103118,-355.288913371,0.916062879093,0.156626326862,0.95473837329,756.926722091,4613.95604319
406,0.767857142857,0,-11.4645399293,45.2450636889,44.9770071147,14272703.5911,5.94714628627,7.19266606529,0.96749047863,0.0375942037882,9659.70104694,-1537.97755857,393.972298563,0.915755713341,0.157026761098,0.955402400403,756.017303953,4599.8576414
406.5,0.767857142857,0,-30.7046026158,55.4794643986,44.9208845545,14254894.032,5.94175648942,7.19266606529,0.966903368957,0.0375774303868,9629.92302256,-1181.88009559,1051.23394068,0.915482226578,0.156835732975,0.954838594233,753.214330254,4585.67762979
407,0.767857142857,0,-43.1127463591,73.3948471439,44.9190357089,14254307.3316,5.92617213969,7.19266606529,0.96612377689,0.0375289308682,9621.75937934,-567.129753804,1472.46589299,0.915560465783,0.156467603022,0.954107678477,751.384506474,4581.79018064
407.5,0.767857142857,0,-45.9281006361,95.0049547411,44.9379488765,14260309.1102,5.89625750642,7.19266606529,0.964707021003,0.037435834567,9616.48739233,170.328405463,1563.02315444,0.915786693768,0.155778012395,0.952782393276,748.703058073,4579.27971063
408,0.767857142857,0,-38.5242358375,115.501436296,44.9638215974,14268519.3869,5.85183871275,7.19266606529,0.9627051755,0.0372976003673,9608.67915408,863.279863921,1304.13035117,0.916220954965,0.154776941812,0.950913489341,744.748522638,4575.56150194
408.5,0.767857142857,0,-22.5485468117,130.323727961,44.9753775855,14272186.4871,5.80796389884,7.19266606529,0.960951821004,0.0371610590682,9597.16560018,1357.44083791,759.064695293,0.916865781325,0.153835413058,0.949286053986,740.59864859,4570.07885723
409,0.767857142857,0,-1.55569973861,136.173799912,44.9882705374,14276277.8505,5.80832853887,7.19266606529,0.961639591619,0.0371621938519,9609.48066358,1556.6930549,52.4485093976,0.917502709256,0.153976519556,0.949959454002,741.703027973,4575.94317313
409.5,0.767857142857,0,19.783297866,131.749983539,45.0103031072,14283269.5194,5.80542367517,7.19266606529,0.961472987943,0.0371531537255,9617.30260346,1408.26712925,-667.309678495,0.917497415856,0.153904239231,0.949802162833,742.081175057,4579.66790641
410,0.767857142857,0,36.7204183598,118.036598857,45.0487917259,14295483.241,5.83964086146,7.19266606529,0.963414384043,0.0372596398539,9652.33716569,952.540783605,-1247.57272652,0.917539585086,0.154752502635,0.951633973265,747.447910713,4596.35103128
410.5,0.767857142857,0,45.4870725255,98.0849386554,45.0692342439,14301970.3334,5.85867901373,7.19266606529,0.963947839188,0.0373188878326,9666.00393188,275.58144638,-1550.46238103,0.917042857718,0.155116719534,0.952117082814,749.887176482,4602.85901518
411,0.767857142857,0,44.1326384509,76.3343414589,45.099110788,14311451.1567,5.87186512615,7.19266606529,0.964387826804,0.0373599238795,9682.92652167,-467.22374718,-1508.87837919,0.916766480495,0.155383217072,0.952520708569,752.171760114,4610.91739127
411.5,0.767857142857,0,32.9584841078,57.624417761,45.112136736,14315584.7242,5.8857742506,7.19266606529,0.964956854814,0.0374032099872,9693.89625653,-1109.70280533,-1129.68230205,0.916575057504,0.155685449299,0.953049197391,754.070198247,4616.14107454
412,0.767857142857,0,14.450911556,46.1182138558,45.0755788376,14303983.6845,5.918852364,7.19266606529,0.966575995289,0.037506151246,9693.59628648,-1509.10739852,-496.971054754,0.91637313922,0.156458423755,0.954566198693,756.586403718,4615.99823166
412.5,0.767857142857,0,-7.27205699494,44.3759143975,44.9924907333,14277617.0594,5.94758192838,7.19266606529,0.967659581269,0.037595559535,9668.01989442,-1569.32290737,250.135547379,0.915892951575,0.157066581929,0.955567151047,756.729773455,4603.81899734
413,0.767857142857,0,-27.3769585557,52.7851892355,44.9295743641,14257651.5982,5.95700199422,7.19266606529,0.967740090796,0.0376248753979,9641.59419452,-1277.66776065,939.912271826,0.915475902748,0.157211110862,0.955626067666,755.309248035,4591.23533072
413.5,0.767857142857,0,-41.3903576761,69.4749350441,44.9181841314,14254037.0977,5.93224453292,7.19266606529,0.966226132545,0.0375478285542,9622.27671363,-701.445062109,1414.5174241,0.915339160956,0.156570689343,0.954195157125,751.851036748,4582.0365303
414,0.767857142857,0,-46.1942069382,90.7316046406,44.9329872814,14258734.6306,5.89573357013,7.19266606529,0.964585170762,0.0374342040429,9613.17023551,24.8874189013,1571.41509916,0.915698544254,0.155746589188,0.952664091505,748.386745286,4577.70011215
414.5,0.767857142857,0,-40.7196272171,111.825488753,44.9583221098,14266774.2162,5.86058849628,7.19266606529,0.963197614489,0.0373248302676,9611.01999322,739.693299144,1380.03944549,0.916228560869,0.154993412829,0.95137785842,745.607705073,4576.67618725
415,0.767857142857,0,-26.1847383291,128.063098647,44.979008521,14273338.704,5.8288772661,7.19266606529,0.961977242822,0.0372261428391,9608.43992725,1285.59628942,884.399947235,0.916738760489,0.154321500555,0.950247797095,743.058746458,4575.4475844
415.5,0.767857142857,0,-5.82362162606,135.831489515,44.9851492273,14275287.3548,5.80841589575,7.19266606529,0.961326232079,0.0371624657123,9605.03880243,1544.32740298,196.231424222,0.91719911258,0.153915656328,0.949652117398,741.306975294,4573.82800116
416,0.767857142857,0,15.833278364,133.402157737,45.004662289,14281479.4997,5.80571334025,7.19266606529,0.961487719026,0.0371540551823,9615.03232178,1463.69462781,-533.961574498,0.917496147716,0.15391107351,0.949816002764,741.92813193,4578.5868199
416.5,0.767857142857,0,33.9671992184,121.315641096,45.0317187687,14290065.4226,5.81838113108,7.19266606529,0.962231207452,0.0371934781783,9633.71680426,1059.54846671,-1149.26255988,0.917535380089,0.154229765142,0.950518506373,744.358584138,4587.48419251
417,0.767857142857,0,44.5432579929,102.261246567,45.0624854921,14299828.7295,5.84802380171,7.19266606529,0.963681583547,0.0372857281139,9660.68669656,417.277127602,-1515.90481828,0.917351484075,0.154919252753,0.951878377271,748.708278311,4600.32699836
417.5,0.767857142857,0,45.2082317135,80.4786668297,45.0901351606,14308602.891,5.86354156894,7.19266606529,0.964089346932,0.0373340204235,9676.2772343,-325.040273852,-1543.32337223,0.916921162479,0.1552108447,0.952245604682,751.038315417,4607.75106395
418,0.767857142857,0,35.8141605901,60.8146286433,45.1126046611,14315733.2125,5.89108142036,7.19266606529,0.9653780569,0.0374197262477,9698.18241102,-1001.37910689,-1228.81945572,0.916695890667,0.155841536246,0.953450808504,754.841872055,4618.18210049
418.5,0.767857142857,0,18.4512697679,47.6444732774,45.0871615807,14307659.2749,5.90732343868,7.19266606529,0.965856364467,0.0374702724741,9691.66126124,-1454.56732511,-633.650816973,0.916296095523,0.15615779689,0.953885360288,755.520793352,4615.07679107
419,0.767857142857,0,-3.01711562883,43.8986224362,45.0106819956,14283389.7533,5.94525627277,7.19266606529,0.967707661777,0.0375883219422,9676.36622558,-1586.79983849,103.848493159,0.916060313123,0.157044518318,0.955619181408,757.235429647,4607.79344075
419.5,0.767857142857,0,-23.8141785637,50.4105456045,44.9395693346,14260823.3355,5.96487460643,7.19266606529,0.968211316697,0.0376493754835,9650.37557599,-1361.54543352,819.008156884,0.915509662271,0.157412977157,0.956071014035,756.615618853,4595.41694095
420,0.767857142857,0,-39.3124744153,65.7313091547,44.9137330486,14252624.6207,5.93079380472,7.19266606529,0.966025267858,0.0375433137929,9618.41646419,-828.901900195,1342.72528139,0.915224883499,0.156510760941,0.95400141523,751.41431899,4580.19831628
420.5,0.767857142857,0,-46.0635592374,86.4519709152,44.9295932605,14257657.5947,5.91022240935,7.19266606529,0.965409108943,0.037479294261,9619.55666625,-120.957070668,1570.368522,0.915719603605,0.156107884713,0.953441017294,750.009509817,4580.74126964
421,0.767857142857,0,-42.565284806,107.962085886,44.9546559577,14265610.8239,5.87405842704,7.19266606529,0.963722116168,0.0373667495757,9614.36025664,609.785557465,1445.02682419,0.916018229583,0.155280432686,0.951863739403,746.866613885,4578.26678887
421.5,0.767857142857,0,-29.5960336866,125.475552004,44.971339752,14270905.148,5.82118521207,7.19266606529,0.961346019798,0.0372022046623,9599.07132205,1196.01311842,997.792635845,0.916543217369,0.154092270095,0.949645063226,741.702020649,4570.98634383
422,0.767857142857,0,-10.041525441,135.095540432,44.9824401066,14274427.6605,5.8072200507,7.19266606529,0.961376981055,0.037158744164,9604.41005992,1519.28554981,338.30273137,0.917310777548,0.153909530826,0.949704337303,741.188192358,4573.52859996
422.5,0.767857142857,0,11.7472695901,134.681558357,45.0001755092,14280055.6949,5.80685385892,7.19266606529,0.961569146588,0.0371576045512,9613.89917994,1506.8495108,-396.16719036,0.917513507532,0.153942621678,0.949893457435,741.932252518,4578.04722854
423,0.767857142857,0,30.922241715,124.325718744,45.0315165806,14290001.2616,5.81981744328,7.19266606529,0.962293480241,0.0371979480761,9634.21870867,1161.62182946,-1046.44424956,0.917518823453,0.154261553967,0.950576563156,744.505320878,4587.72319461
423.5,0.767857142857,0,43.2168691704,106.332244766,45.0567581485,14298011.2525,5.84128317939,7.19266606529,0.963286024368,0.037264750855,9654.440121,555.071187548,-1468.77782178,0.917330633301,0.154749283479,0.951504748103,747.696737394,4597.35243857
424,0.767857142857,0,45.8955393427,84.7047692738,45.0862626596,14307374.0173,5.87238832701,7.19266606529,0.964682473368,0.0373615521149,9680.33273217,-181.015398092,-1568.92112061,0.917019016185,0.15544898183,0.952808361659,752.061423566,4609.68225341
424.5,0.767857142857,0,38.3622354808,64.2555076003,45.113321688,14315960.749,5.88871455265,7.19266606529,0.965111713814,0.0374123604001,9695.8863937,-882.863874393,-1315.56805709,0.916567462199,0.155756265673,0.953194781016,754.45283345,4617.0887589
425,0.767857142857,0,22.2931532354,49.5345169456,45.0958899047,14310429.0631,5.91455019594,7.19266606529,0.966292749135,0.0374927626168,9699.60542524,-1391.84898935,-766.794325879,0.9163304551,0.156343269558,0.954297734642,756.711039988,4618.8597263
425.5,0.767857142857,0,1.26373921827,43.8172871825,45.0276880588,14288786.344,5.94142814676,7.19266606529,0.967384950673,0.0375764085629,9680.55772902,-1589.61756757,-43.498139014,0.915955404513,0.156927710913,0.955311113102,757.244093144,4609.78939477
426,0.767857142857,0,-20.0468627371,48.3759289065,44.948325396,14263601.9257,5.94705174108,7.19266606529,0.967284005435,0.0375939095574,9645.34443799,-1428.17535741,687.833616516,0.915565232079,0.1569841016,0.95520031462,754.848265378,4593.02116095
426.5,0.767857142857,0,-36.8969431544,62.1961228268,44.9169537496,14253646.6565,5.95225289715,7.19266606529,0.967485498085,0.0376100958962,9633.7647332,-953.330622133,1265.11081721,0.915483599007,0.157095344862,0.955386707538,754.329101524,4587.50701581
427,0.767857142857,0,-45.5372796439,82.202810594,44.9259491409,14256501.194,5.91941775884,7.19266606529,0.965589361731,0.0375079107919,9619.58277557,-266.047644339,1553.77602725,0.915408098677,0.156268892907,0.953598286476,750.661279434,4580.75370265
427.5,0.767857142857,0,-44.0453565725,103.94440979,44.9485033691,14263658.4025,5.88200435489,7.19266606529,0.964021454192,0.0373914778245,9614.52300503,473.772238149,1496.47546773,0.915884743972,0.155447851422,0.952140458255,747.467221339,4578.34428811
428,0.767857142857,0,-32.7531338622,122.58331202,44.9728064098,14271370.5674,5.84326011263,7.19266606529,0.962447512054,0.0372709032009,9610.1473989,1102.26450978,1108.00943188,0.916427866566,0.154609559236,0.950678819517,744.240462728,4576.26066614
428.5,0.767857142857,0,-14.1731843417,133.972273601,44.9798819304,14273615.8659,5.80382403435,7.19266606529,0.960852943343,0.0371481755384,9598.19455918,1479.83350242,476.981318169,0.91699031703,0.153759881368,0.949197695192,740.383300372,4570.5688377
429,0.767857142857,0,7.5603655624,135.577196848,44.9957925267,14278664.8285,5.80758457412,7.19266606529,0.961661329131,0.0371598785848,9612.9255224,1537.03566834,-254.96415617,0.917562806659,0.153970757816,0.949982302077,741.923309058,4577.5835821
429.5,0.767857142857,0,27.6116984599,127.040978769,45.0277687954,14288811.9644,5.82835135926,7.19266606529,0.962755510193,0.0372245061825,9637.02452375,1254.98403886,-935.51093963,0.917508215828,0.154468744737,0.951011694548,745.381190576,4589.05929702
430,0.767857142857,0,41.5192981809,110.262968158,45.0522677852,14296586.3105,5.82706289809,7.19266606529,0.962367760367,0.0372204964068,9643.68590165,686.856334465,-1407.38477877,0.917206747142,0.154374390512,0.950634324596,745.736717372,4592.23138174
430.5,0.767857142857,0,46.1886581729,88.976351533,45.0789064233,14305039.6383,5.85983257452,7.19266606529,0.964203710878,0.0373224777895,9672.67553601,-34.9218084987,-1575.72792567,0.917225451658,0.155183258234,0.95236543395,750.530882171,4606.03596953
431,0.767857142857,0,40.5808238082,67.9175015216,45.1091922687,14314650.3466,5.87051547311,7.19266606529,0.964295442222,0.0373557236707,9686.36401862,-755.151474661,-1387.73558488,0.916749734223,0.155346505442,0.952432996713,752.330288113,4612.55429458
431.5,0.767857142857,0,25.94356469,51.7721116045,45.1092169686,14314658.1847,5.91261271954,7.19266606529,0.966464034861,0.0374867330632,9707.08765998,-1315.72818968,-892.926102802,0.916594650417,0.156351127373,0.95446964897,757.196418319,4622.42269523
432,0.767857142857,0,5.53374002918,44.1326072107,45.0439428316,14293944.5252,5.93593417951,7.19266606529,0.967110553734,0.0375593109764,9684.93983561,-1578.5976535,-190.452268898,0.915983530199,0.156797929998,0.955053890696,757.164213291,4611.8761122
432.5,0.767857142857,0,-16.1073678957,46.6988141101,44.9588233357,14266933.2719,5.95046715322,7.19266606529,0.967557242314,0.037604538544,9652.48172837,-1487.37247621,553.279435189,0.915644984027,0.157085392374,0.955460777833,755.68818276,4596.41987065
433,0.767857142857,0,-34.1645104709,58.8997391605,44.9201479017,14254660.2675,5.94217344344,7.19266606529,0.966875520696,0.0375787279751,9629.32313474,-1064.74585133,1169.65323778,0.915434020593,0.156835832587,0.954810428795,753.190105069,4585.39196892
433.5,0.767857142857,0,-44.6198882817,78.0206189755,44.9227805346,14255495.6897,5.91424537727,7.19266606529,0.965457529661,0.0374918140011,9617.03282611,-408.437627392,1521.31744262,0.915554413188,0.156172236935,0.953479999846,750.091159491,4579.53944101
434,0.767857142857,0,-45.1471304378,99.806967586,44.9440283344,14262238.3248,5.89138582703,7.19266606529,0.964619755401,0.0374206735812,9618.32935742,333.661539797,1536.03659105,0.915959829458,0.155694453799,0.952707098944,748.503939793,4580.15683686
434.5,0.767857142857,0,-35.628923072,119.41121964,44.9685208483,14270010.6159,5.85191607217,7.19266606529,0.962783768493,0.0372978411149,9611.46454934,995.950017221,1206.49966173,0.916291676485,0.154793609647,0.950990353388,744.984419104,4576.88788064
435,0.767857142857,0,-18.1831122291,132.471336566,44.9765773552,14272567.2141,5.79778514241,7.19266606529,0.96038668791,0.0371293821105,9592.28962144,1427.4953791,611.148854348,0.916864658297,0.153586024829,0.948753136653,739.437486071,4567.75696259
435.5,0.767857142857,0,3.30852687079,136.08138073,44.9920695969,14277483.4187,5.80801843384,7.19266606529,0.961777265799,0.0371612287847,9612.47551395,1554.07238969,-111.578476578,0.917650471427,0.15399958252,0.950095044991,741.939413095,4577.36929236
436,0.767857142857,0,24.0640031327,129.438100274,45.0190988134,14286060.6901,5.82047870874,7.19266606529,0.96231241238,0.0372000059776,9629.08009587,1334.00460821,-813.971536355,0.917501917583,0.154274260201,0.950593747142,744.156061695,4585.27623613
436.5,0.767857142857,0,39.465125166,114.019656443,45.0548496635,14297405.6265,5.8289899151,7.19266606529,0.962594494115,0.0372264934101,9647.00530258,814.665450516,-1338.52347346,0.917321033783,0.154445458096,0.950852550286,746.16553963,4593.81204885
437,0.767857142857,0,46.0850706576,93.2567257307,45.0727595351,14303089.0258,5.85881539367,7.19266606529,0.964117926123,0.037319312256,9669.20575812,111.050939803,-1571.45268919,0.91719747726,0.155152393706,0.952283487868,750.176980722,4604.38369434
437.5,0.767857142857,0,42.4508705032,71.7691581786,45.1050540169,14313337.1414,5.88135414026,7.19266606529,0.964911427452,0.0373894543139,9690.49413511,-624.405398835,-1453.94014095,0.916764500664,0.155616353975,0.953013947693,753.498873444,4614.52101672
438,0.767857142857,0,29.3711513831,54.338038943,45.1105221893,14315072.3747,5.92506884328,7.19266606529,0.966987941844,0.0375254973374,9712.60318277,-1229.63853421,-1012.7289264,0.9164373057,0.156625423413,0.954956710727,758.568708807,4625.04913465
438.5,0.767857142857,0,9.75621251017,44.841874292,45.05935219,14298834.4283,5.92858944788,7.19266606529,0.966513175512,0.0375364536898,9685.78536589,-1553.07306239,-335.534537869,0.915802709763,0.156578387164,0.954484108022,756.62146816,4612.27874566
439,0.767857142857,0,-12.0295296751,45.3936056625,44.9761196934,14272421.9827,5.95679102332,7.19266606529,0.968019855975,0.0376242188426,9664.35673996,-1535.13161883,413.996953533,0.915751602996,0.157264338736,0.955900596907,757.131261467,4602.07463808
439.5,0.767857142857,0,-31.1386447535,55.8704702213,44.9200924406,14254642.6678,5.94001792173,7.19266606529,0.966659336271,0.0375720198501,9627.2092407,-1167.91157796,1065.563574,0.915342223392,0.156763192774,0.954603179582,752.839399835,4584.38535272
440,0.767857142857,0,-43.3192644654,73.9413161756,44.919257857,14254377.8266,5.92518352998,7.19266606529,0.966095710414,0.0375258542499,9621.59824586,-548.404345549,1479.35367173,0.915585703244,0.156448541602,0.954082263355,751.300401326,4581.71345041
440.5,0.767857142857,0,-45.861143458,95.5852950439,44.9386033064,14260516.7826,5.89595061442,7.19266606529,0.964705155082,0.037434879499,9616.75552728,190.078518552,1560.74444395,0.915801044913,0.155773472651,0.952781208706,748.703045276,4579.40739394
441,0.767857142857,0,-38.198701663,115.986519414,44.9638075586,14268514.9319,5.85187523131,7.19266606529,0.962711878541,0.0372977140154,9608.73876626,879.710831452,1293.12475691,0.91622541007,0.154778768698,0.950919982603,744.756848098,4575.5898887
441.5,0.767857142857,0,-22.0368685304,130.605620613,44.9752542774,14272147.3574,5.80471813516,7.19266606529,0.960771433061,0.0371509580388,9595.39324262,1366.21573244,741.451947425,0.916865251185,0.153755832273,0.949115948823,740.211469739,4569.23487744
442,0.767857142857,0,-0.971728182231,136.189779652,44.9887171808,14276419.5854,5.8083052949,7.19266606529,0.961687687428,0.0371621215152,9610.14885641,1557.35584311,32.7632340726,0.917549827232,0.153985727946,0.950006645774,741.762112882,4576.2613602
442.5,0.767857142857,0,20.309626271,131.496494801,45.0113444093,14283599.9592,5.8080240193,7.19266606529,0.96161751362,0.0371612461671,9619.12758465,1400.36164571,-685.378892974,0.917497753284,0.153968028277,0.949938443788,742.42309751,4580.53694507
443,0.767857142857,0,37.0719930603,117.570044079,45.0482113465,14295299.0673,5.8376429093,7.19266606529,0.963263974244,0.0372534220957,9650.63547094,936.320814916,-1259.02151817,0.9175018365,0.154695555983,0.951490718028,747.153608782,4595.54070045
443.5,0.767857142857,0,45.5856664918,97.5091284779,45.0697005243,14302118.2997,5.85913661075,7.19266606529,0.96400368595,0.0373203119046,9666.74988702,255.988374135,-1554.02863108,0.917071861982,0.155134034156,0.952170858434,749.986399559,4603.21423191
444,0.767857142857,0,43.9563140604,75.7773963628,45.1001567282,14311783.0684,5.87305020162,7.19266606529,0.96444649063,0.0373636119121,9683.93488996,-486.374947929,-1503.18820011,0.916759837547,0.155410984565,0.952575718072,752.341071115,4611.39756665
444.5,0.767857142857,0,32.5464743693,57.2102606578,45.1128121098,14315799.0428,5.88257040144,7.19266606529,0.964761292459,0.0373932393985,9692.30552032,-1123.33654694,-1115.00258515,0.916557853769,0.155602957984,0.952864274305,753.693214048,4615.38358111
445,0.767857142857,0,13.8948905801,45.938996655,45.0736930128,14303385.2494,5.91923302842,7.19266606529,0.966646133941,0.0375073358987,9693.47487432,-1515.3298929,-477.867988836,0.916419649297,0.156477625383,0.954634119055,756.615944101,4615.94041634
445.5,0.767857142857,0,-7.84837191789,44.4715137717,44.9918416733,14277411.091,5.95829286946,7.19266606529,0.968246552341,0.0376288926863,9673.32924313,-1568.61857036,270.404376631,0.915887425626,0.157330282966,0.956119501813,757.978386871,4606.34725863
446,0.767857142857,0,-27.8453346363,53.1343338729,44.928516983,14257316.0559,5.95593934852,7.19266606529,0.967516957555,0.0376215683747,9638.95768193,-1265.14446498,955.587534189,0.915320422742,0.157151883683,0.955409718926,754.989158032,4589.97984854
446.5,0.767857142857,0,-41.6465790267,69.9999386158,44.9189052473,14254265.9318,5.93271653843,7.19266606529,0.966268523866,0.0375492974663,9622.99447206,-683.590056098,1423.45499578,0.915354586241,0.156585594447,0.954235694976,751.946753825,4582.37832003
447,0.767857142857,0,-46.1812630994,91.3156513749,44.9339652553,14259044.9743,5.89575763118,7.19266606529,0.964579284551,0.0374342789225,9613.52998993,44.7569796822,1571.0346173,0.915691692441,0.155745741617,0.952658273145,748.415250277,4577.87142378
447.5,0.767857142857,0,-40.4403982541,112.338625496,44.9589920408,14266986.8076,5.85826380727,7.19266606529,0.963068536833,0.0373175956829,9610.0774485,756.827410687,1370.11124088,0.916228211578,0.154936234686,0.951256207741,745.35485803,4576.22735643
448,0.767857142857,0,-25.7013540036,128.391150053,44.977059528,14272720.2236,5.82103227745,7.19266606529,0.961578046236,0.0372017287197,9603.81582614,1295.0070862,866.955939426,0.916772508058,0.154136193051,0.94987280286,742.102173475,4573.2456315
448.5,0.767857142857,0,-5.24363723103,135.901462597,44.9854570686,14275385.0431,5.80818162476,7.19266606529,0.961432610101,0.0371617366456,9606.22981616,1546.8861872,176.711362653,0.917312997684,0.153933550421,0.949756874411,741.403305966,4574.39515055
449,0.767857142857,0,16.3808135644,133.198483156,45.0033776713,14281071.8477,5.7998135454,7.19266606529,0.961164177269,0.0371356946337,9611.39672666,1455.38150469,-551.878939995,0.917499548576,0.153767253349,0.949511067486,741.192531869,4576.85558412
449.5,0.767857142857,0,34.3604560588,120.883637406,45.033198881,14290535.1116,5.81855484312,7.19266606529,0.962330657667,0.0371940187816,9635.33447154,1045.15000932,-1162.81092469,0.917621025763,0.154251825457,0.950615623721,744.513993045,4588.25451026
450,0.767857142857,0,44.694734971,101.697036628,45.0628415919,14299941.7318,5.84716249268,7.19266606529,0.963631188223,0.0372830476637,9660.35633261,398.026371739,-1520.870949,0.917348962319,0.154897558811,0.951830782667,748.615265304,4600.1696822
450.5,0.767857142857,0,45.0842244871,79.9077900141,45.0891920356,14308303.606,5.85972240789,7.19266606529,0.963890876465,0.0373221349437,9673.97714197,-344.311865553,-1538.12033855,0.916933666119,0.155119547343,0.952059078798,750.565144084,4606.65578189
451,0.767857142857,0,35.442261352,60.3641077365,45.1102826248,14314996.3529,5.88666278536,7.19266606529,0.965191658992,0.0374059751657,9695.42065934,-1016.09803125,-1215.17556018,0.916751333515,0.155744324795,0.953277425968,754.29335782,4616.86698064
451.5,0.767857142857,0,17.9142278532,47.4145513066,45.0856353176,14307174.9408,5.90789246322,7.19266606529,0.965955488394,0.0374720433158,9691.97972137,-1462.62210133,-615.274615869,0.916360240429,0.156185330259,0.953981290278,755.602845962,4615.22843875
452,0.767857142857,0,-3.59980586037,43.9404581246,45.0093787983,14282976.2053,5.95450814825,7.19266606529,0.968211083407,0.0376171143856,9680.60119964,-1587.55983792,124.076510003,0.916052052747,0.157271553004,0.956092782079,758.286231521,4609.81009507
452.5,0.767857142857,0,-24.3128657865,50.7148303142,44.9380023623,14260326.083,5.9642081908,7.19266606529,0.968032421907,0.0376473015544,9647.94800524,-1350.60027961,835.861562823,0.915375361474,0.157367990891,0.955897172618,756.346641468,4594.26095488
453,0.767857142857,0,-39.6161983696,66.2303381021,44.9137643028,14252634.5388,5.92886761837,7.19266606529,0.965928947307,0.0375373193746,9617.51931269,-811.622741736,1352.70782042,0.915234557016,0.156465292296,0.953911103771,751.197067712,4579.77110128
453.5,0.767857142857,0,-46.1047399103,87.0347078052,44.9299415448,14257768.1169,5.90829498276,7.19266606529,0.965331928197,0.037473295983,9618.98367166,-101.065409918,1571.37783803,0.915747564949,0.156066274744,0.953369444337,749.821222372,4580.46841508
454,0.767857142857,0,-42.3347593036,108.498869012,44.9548115819,14265660.2087,5.87204561922,7.19266606529,0.963640132711,0.0373604855858,9613.6578118,627.836452022,1436.80703192,0.916046209481,0.155236810154,0.951787604473,746.661968139,4577.93229133
454.5,0.767857142857,0,-29.1450950208,125.846944587,44.9720411183,14271127.7149,5.82427428523,7.19266606529,0.96154776423,0.0372118180606,9601.30483342,1209.21323406,983.141938963,0.916572437286,0.154174047047,0.949836399343,742.118790202,4572.04992068
455,0.767857142857,0,-9.47050959235,135.21890587,44.9826208347,14274485.0116,5.80692558278,7.19266606529,0.961313660839,0.0371578277606,9603.86570977,1523.29051317,319.033314483,0.917265933754,0.153893012371,0.949642879941,741.114598975,4573.2693856
455.5,0.767857142857,0,12.3113089013,134.529447258,44.9982995117,14279460.3784,5.79836841758,7.19266606529,0.961103154068,0.0371311973011,9608.65263993,1499.5755378,-414.596156101,0.917517782254,0.153735640866,0.949454238655,740.872924833,4575.54887616
456,0.767857142857,0,31.3538030809,123.931976547,45.0324390874,14290294.0037,5.8198599581,7.19266606529,0.96242502973,0.037198080385,9635.91942392,1148.54256116,-1061.2755565,0.917642004217,0.154288202158,0.95070541479,744.664440954,4588.53305901
456.5,0.767857142857,0,43.419928151,105.784480966,45.0573821355,14298209.2643,5.84269418069,7.19266606529,0.963363592759,0.0372691419837,9655.44909965,536.589342147,-1476.04921145,0.917330016118,0.154783816114,0.951577832375,747.884301857,4597.83290459
457,0.767857142857,0,45.8249143568,84.1248639004,45.0874271962,14307743.5636,5.87331760227,7.19266606529,0.964712419392,0.0373644440805,9681.11120851,-200.873621399,-1566.77502293,0.91699853267,0.155467563818,0.952835762559,752.190178382,4610.05295643
457.5,0.767857142857,0,38.033640921,63.7724923355,45.1126362489,14315743.2363,5.90029764837,7.19266606529,0.965739055346,0.0374484077538,9701.59720213,-901.032439597,-1306.62603188,0.916553971915,0.156038840593,0.953785188861,755.798603692,4619.80819149
458,0.767857142857,0,21.7797029415,49.2558649646,45.0948778467,14310107.9034,5.91202797835,7.19266606529,0.965975793755,0.0374849133102,9696.06757517,-1400.49542668,-748.632271555,0.916162304922,0.15624563253,0.953992481711,756.204527603,4617.1750358
458.5,0.767857142857,0,0.679678303113,43.8049998657,45.0260588509,14288269.342,5.9477337454,7.19266606529,0.967772651151,0.0375960319995,9683.57076544,-1591.5829379,-23.4173479241,0.915992018697,0.157091308257,0.955677606103,757.978667217,4611.22417402
459,0.767857142857,0,-20.5715779644,48.6327402399,44.9474612513,14263327.7038,5.9535353751,7.19266606529,0.967545983838,0.0376140870517,9647.42655972,-1420.58264301,706.443374908,0.915473698956,0.157124945854,0.955443248851,755.496456076,4594.01264749
459.5,0.767857142857,0,-37.2455610802,62.6648910772,44.9185008978,14254137.6182,5.95700577901,7.19266606529,0.967648945917,0.0376248871764,9635.94164925,-937.904187597,1277.94507076,0.915389482226,0.15719288415,0.955536766348,754.84945699,4588.5436425
460,0.767857142857,0,-45.632231135,82.779232614,44.926606595,14256709.8262,5.91873408326,7.19266606529,0.965478770842,0.0375057831486,9618.78572443,-246.337271285,1556.74856972,0.915339106017,0.156237493246,0.953491366726,750.532412771,4580.37415449
460.5,0.767857142857,0,-43.8655144741,104.500228961,44.949463274,14263963.0123,5.8816685633,7.19266606529,0.964013315525,0.037390432819,9614.86021715,492.658091878,1490.36961541,0.915894668608,0.155441673638,0.952133185575,747.469439997,4578.50486531
461,0.767857142857,0,-32.3385138898,122.994855954,44.9733521311,14271543.743,5.84234888174,7.19266606529,0.962402168364,0.0372680673906,9609.95054245,1116.05966551,1093.85872288,0.916432741236,0.154588214613,0.950636274513,744.155776155,4576.16692498
461.5,0.767857142857,0,-13.6160413952,134.14797183,44.980179123,14273710.175,5.80350305586,7.19266606529,0.960849017873,0.0371471766323,9598.28919637,1485.71661792,458.22215908,0.917003545377,0.15375476607,0.94919451104,740.368452708,4570.61390303
462,0.767857142857,0,8.13606454889,135.477955689,44.9939990716,14278095.7054,5.79801579942,7.19266606529,0.961135646341,0.0371300999303,9607.1457946,1531.24136524,-273.941042396,0.917567466218,0.153737300957,0.949486817856,740.739321389,4574.83133076
462.5,0.767857142857,0,28.0778577457,126.688879847,45.0285504196,14289059.9998,5.82879270392,7.19266606529,0.962925741348,0.037225879676,9639.04061516,1243.41759025,-951.582669282,0.917647123057,0.154508489164,0.951177626022,745.59885992,4590.01934055
463,0.767857142857,0,41.7721951257,109.736355144,45.0517763748,14296430.3696,5.83027938914,7.19266606529,0.962539313512,0.0372305063379,9645.11343258,669.327303841,-1416.63800305,0.917200340164,0.154451977971,0.950795786254,746.09524286,4592.91115837
463.5,0.767857142857,0,46.1720220133,88.392398308,45.079835519,14305334.4714,5.86209943415,7.19266606529,0.964280264544,0.0373295324054,9673.78815044,-54.861912225,-1575.69218271,0.917178758025,0.155229251927,0.952435720626,750.784273851,4606.56578592
464,0.767857142857,0,40.2983561682,67.4061404328,45.1100317172,14314916.7316,5.87241373345,7.19266606529,0.964365983987,0.0373616311814,9687.38722784,-772.865168959,-1378.48054495,0.916716826168,0.155386315547,0.952498155115,752.551093208,4613.04153707
464.5,0.767857142857,0,25.4581159521,51.4471229067,45.106785364,14313886.5555,5.9277103819,7.19266606529,0.967271196083,0.0375337179788,9713.75960718,-1329.88432018,-878.179575133,0.916567093374,0.156718057892,0.9552286622,758.891611982,4625.59981294
465,0.767857142857,0,4.95332482795,44.0663024224,45.0419951468,14293326.4599,5.93939688599,7.19266606529,0.967070776072,0.0375700871462,9683.63291133,-1581.13807605,-170.504246372,0.915764363917,0.156837125995,0.955007598551,757.287993513,4611.2537673
465.5,0.767857142857,0,-16.6536044397,46.9059463595,44.9603927064,14267431.2855,5.96847738324,7.19266606529,0.968500605169,0.0376605875613,9662.10686622,-1484.45836374,573.665745235,0.915594718359,0.157520182023,0.956346764685,757.832722692,4601.00326963
466,0.767857142857,0,-34.5550281495,59.334220545,44.9205921501,14254801.2423,5.94831253356,7.19266606529,0.966938905714,0.0375978332263,9630.00896476,-1050.53632644,1183.77269313,0.915172586702,0.156932121248,0.954859546618,753.667429705,4585.71855465
466.5,0.767857142857,0,-44.7677950691,78.5857753371,44.9236693816,14255777.7504,5.91690964677,7.19266606529,0.965510945431,0.0375001053826,9617.88476746,-389.300838209,1526.87901806,0.915465297209,0.156219125178,0.953526731969,750.346054467,4579.94512736
467,0.767857142857,0,-45.0195163759,100.377048968,44.9441479826,14262276.2932,5.88935170678,7.19266606529,0.964466439649,0.0374143432655,9616.90685152,352.927293877,1531.13049147,0.915921153232,0.155636265073,0.952561126273,748.228180222,4579.4794531
467.5,0.767857142857,0,-35.2541828917,119.859380245,44.9681909791,14269905.9374,5.85014975667,7.19266606529,0.962716990828,0.0372923442252,9610.69928435,1010.86822571,1193.50545844,0.916321205594,0.154756410054,0.950928586653,744.794459323,4576.52346874
468,0.767857142857,0,-17.6446273885,132.697858545,44.9768790147,14272662.9407,5.79749226861,7.19266606529,0.960397319536,0.037128470668,9592.52977557,1435.11089746,593.050750311,0.916890299943,0.153584171674,0.94876416296,739.438482865,4567.8713217
468.5,0.767857142857,0,3.89094095421,136.035861874,44.9904856021,14276980.7644,5.79854926415,7.19266606529,0.961256628438,0.0371317601075,9606.83404448,1550.09796819,-131.013940479,0.917654722976,0.153768447994,0.949604305869,740.773690595,4574.68287832
469,0.767857142857,0,24.5607565775,129.130668744,45.0211965353,14286726.3672,5.82237597528,7.19266606529,0.962561794551,0.0372059103955,9632.41379924,1324.37362517,-831.256384559,0.917639378927,0.154349387582,0.950834241417,744.587830696,4586.86371392
469.5,0.767857142857,0,39.7656879872,113.518717204,45.0560257416,14297778.8353,5.82913335544,7.19266606529,0.962573543416,0.0372269398059,9647.29757527,797.705502581,-1348.76863592,0.917293491355,0.154443245376,0.950831717756,746.193804059,4593.95122632
470,0.767857142857,0,46.1225662093,92.6737401268,45.0732149207,14303233.5349,5.85823335752,7.19266606529,0.96408347782,0.0373175009213,9669.07068798,91.1649160955,-1572.61352235,0.917195394943,0.155137645026,0.952250943385,750.120826638,4604.31937523
470.5,0.767857142857,0,42.2169558484,71.2338432572,45.1042201738,14313072.5351,5.88120390813,7.19266606529,0.964911997827,0.0373889867817,9690.14473297,-642.708184487,-1445.85721093,0.916772950097,0.155614426931,0.953014821508,753.461683846,4614.35463475
471,0.767857142857,0,28.917873636,53.9695047998,45.1111920993,14315284.9595,5.9131755229,7.19266606529,0.966331596797,0.0374884845441,9706.60580346,-1240.05773759,-995.263394459,0.916439486613,0.156332326715,0.954338695153,757.171670149,4622.19323974
471.5,0.767857142857,0,9.18442810801,44.7221215125,45.0573071652,14298185.4738,5.93086997373,7.19266606529,0.96682161648,0.0375435508358,9687.92374847,-1557.97261453,-316.028222841,0.915975360169,0.156671141713,0.954781498384,757.000960838,4613.29702308
472,0.767857142857,0,-12.5925960052,45.549279805,44.9762417083,14272460.7021,5.97672535806,7.19266606529,0.969087946532,0.0376862558,9674.55995899,-1534.51334405,434.717514618,0.915718497904,0.157750689758,0.956904604373,759.476863839,4606.9333138
472.5,0.767857142857,0,-31.5677080966,56.2669330549,44.9198945923,14254579.8839,5.94112418206,7.19266606529,0.966414924673,0.0375754626048,9624.68592044,-1154.08491214,1080.003063,0.915052862844,0.156729302896,0.954361382095,752.670016881,4583.18377164
473,0.767857142857,0,-43.5188562034,74.4903528491,44.9194949632,14254453.0683,5.92400345761,7.19266606529,0.966013475959,0.0375221817873,9620.91234457,-529.550304799,1485.87671549,0.9155696445,0.156416044446,0.954004177612,751.152272661,4581.38683075
473.5,0.767857142857,0,-45.7868534875,96.1647423073,44.9393044661,14260739.2839,5.89552418888,7.19266606529,0.964699601162,0.0374335524347,9617.00971971,209.795498,1558.19582562,0.915818175444,0.155766573984,0.952776661007,748.693250412,4579.52843796
474,0.767857142857,0,-37.8670598529,116.467447518,44.9635170497,14268422.7438,5.85181210965,7.19266606529,0.962714888123,0.0372975175767,9608.64573586,895.978425117,1281.87913203,0.916231600426,0.154778511738,0.950923063625,744.745988049,4575.5455885
474.5,0.767857142857,0,-21.5216667483,130.881020784,44.9751872746,14272126.0951,5.80130977946,7.19266606529,0.96058355233,0.0371403510122,9593.57400854,1374.73308338,723.723300459,0.916866167523,0.1536725917,0.94893882903,739.808528603,4568.3685755
475,0.767857142857,0,-0.387601255082,136.198374054,44.9875215411,14276040.1691,5.79964005403,7.19266606529,0.961259061572,0.0371351547171,9605.56955774,1555.51911547,13.0507008916,0.91759930539,0.153783680302,0.949604434933,740.74945798,4574.08074178
475.5,0.767857142857,0,20.832707346,131.236371138,45.0101709382,14283227.5777,5.80559671203,7.19266606529,0.961614756772,0.0371536922276,9618.64957396,1391.20910065,-702.841963323,0.917623544283,0.153934643206,0.949940768106,742.223415147,4580.30932093
476,0.767857142857,0,37.4176402761,117.099081095,45.0438532963,14293916.1127,5.83060143815,7.19266606529,0.962910548134,0.0372315085756,9645.40420107,919.163297338,-1269.15453313,0.917537073153,0.154529985166,0.951158973371,746.209529055,4593.04961956
476.5,0.767857142857,0,45.6769717121,96.9321176569,45.0701434461,14302258.8536,5.85947051572,7.19266606529,0.964129644365,0.0373213510388,9668.18605934,236.367613334,-1557.46877393,0.917174082853,0.155163614525,0.952293603419,750.144147964,4603.8981235
477,0.767857142857,0,43.772961443,75.2227253356,45.1011688216,14312104.2394,5.87396869486,7.19266606529,0.9644922744,0.0373664703233,9684.8061266,-505.436085209,-1497.19314097,0.91675499024,0.155432570374,0.952618662713,752.479339197,4611.81244124
477.5,0.767857142857,0,32.1292607365,56.8013463447,45.1129369444,14315838.657,5.88453818719,7.19266606529,0.964856244955,0.0373993632768,9693.26367352,-1137.68540804,-1101.03835808,0.91654452001,0.155648606577,0.952953197734,753.91849431,4615.83984453
478,0.767857142857,0,13.3366479337,45.76682442,45.0720398828,14302860.6561,5.92359676251,7.19266606529,0.966857650766,0.0375209161254,9694.77462315,-1522.12820199,-458.933541932,0.916391083067,0.156579322379,0.954832158966,757.052144792,4616.55934436
478.5,0.767857142857,0,-8.42343195539,44.5743927493,44.9923368338,14277568.2219,5.97763893393,7.19266606529,0.969250240718,0.037689098908,9683.07430788,-1569.73906111,291.082298494,0.915824079241,0.157795766265,0.957061645589,760.23770368,4610.98776566
479,0.767857142857,0,-28.3092584935,53.4893730053,44.9275660503,14257014.2933,5.95534827261,7.19266606529,0.967187439289,0.0376197289077,9635.30549735,-1252.31632198,971.008974448,0.915039601898,0.157077756934,0.955088145146,754.601094294,4588.24071302
479.5,0.767857142857,0,-41.8961414566,70.5281400209,44.9190573696,14254314.2053,5.93164401851,7.19266606529,0.966218255258,0.037545959714,9622.58578839,-665.436181889,1431.76914977,0.915363166264,0.156560943196,0.954188706153,751.833467232,4582.18370876
480,0.767857142857,0,-46.160935284,91.8994877481,44.9349159717,14259346.6683,5.89569430596,7.19266606529,0.964592180765,0.0374340818502,9614.06567092,64.6218814308,1570.42681094,0.915707261557,0.155747454518,0.952671042956,748.455152135,4578.12650996
480.5,0.767857142857,0,-40.1547032282,112.84819049,44.9598422717,14267256.6142,5.85776202719,7.19266606529,0.963041721156,0.0373160341104,9610.18599417,774.060012925,1360.37688034,0.916229130861,0.154924102105,0.951230973884,745.324680831,4576.27904484
481,0.767857142857,0,-25.2138602584,128.713063052,44.973444235,14271572.9706,5.81003219899,7.19266606529,0.960976281432,0.037167495754,9596.53962886,1303.38592165,848.896674672,0.916779792412,0.153868215519,0.949305750783,740.692882859,4569.78077565
481.5,0.767857142857,0,-4.66281442466,135.964096441,44.9845010839,14275081.6773,5.80053307548,7.19266606529,0.961175926517,0.0371379338585,9603.43688306,1547.37907601,156.973421316,0.917472684178,0.153779307268,0.949521096397,740.628932322,4573.06518241
482,0.767857142857,0,16.9257296172,132.987901518,45.0023434349,14280743.65,5.79484527666,7.19266606529,0.961005001489,0.0371202330554,9609.47958663,1447.29112848,-569.845408893,0.917610580568,0.153668594534,0.949365307794,740.682929432,4575.9426603
482.5,0.767857142857,0,34.7482189654,120.446695695,45.0339459634,14290772.1857,5.81936362605,7.19266606529,0.962451145643,0.0371965357671,9636.8342193,1030.63008291,-1176.23797841,0.917693148403,0.15428665636,0.950732043055,744.706816509,4588.96867586
483,0.767857142857,0,44.8390656553,101.130956435,45.062606592,14299867.1585,5.8452385702,7.19266606529,0.963512204603,0.0372770602907,9659.1127706,378.638269516,-1525.27649581,0.917337221313,0.154847831798,0.951718181307,748.367130703,4599.57750981
483.5,0.767857142857,0,44.9530086908,79.3385268539,45.0910415,14308890.5027,5.8621737011,7.19266606529,0.964056065146,0.037329763529,9676.36383471,-363.918070412,-1534.42324132,0.916961595736,0.155185662369,0.952215846426,750.94665056,4607.79230224
484,0.767857142857,0,35.064695209,59.9183253475,45.108380571,14314392.7679,5.88224798401,7.19266606529,0.964909629968,0.0373922360143,9691.88659327,-1030.52581965,-1201.23211851,0.916715748033,0.155628137378,0.953010312733,753.667084503,4615.18409203
484.5,0.767857142857,0,17.3743216115,47.1914383734,45.0845075524,14306817.0633,5.91904543644,7.19266606529,0.966640682404,0.0375067521001,9698.07670153,-1472.92864319,-597.80415378,0.916424329814,0.156473982114,0.954629173162,756.961432924,4618.13176263
485,0.767857142857,0,-4.1819205147,43.9896583276,45.0095078403,14283017.1546,5.97675167956,7.19266606529,0.96927105832,0.0376863377142,9690.69228216,-1591.07910708,144.614582648,0.915890148822,0.157787832383,0.957083927615,760.779839565,4614.61537246
485.5,0.767857142857,0,-24.8076655966,51.025396376,44.9365711925,14259871.9251,5.96129332024,7.19266606529,0.96752978767,0.0376382302859,9642.4262303,-1338.64096207,852.05632009,0.915052480776,0.157227411446,0.955410941689,755.622852501,4591.63153824
486,0.767857142857,0,-39.9135880432,66.7331676088,44.9140043826,14252710.7241,5.92745142227,7.19266606529,0.965895273807,0.0375329120795,9617.31958702,-794.329964595,1362.65042203,0.915276868647,0.156439296469,0.953881096349,751.080290059,4579.67599382
486.5,0.767857142857,0,-46.138548842,87.6179188192,44.9302804448,14257875.6612,5.90619061676,7.19266606529,0.965237146106,0.037466747058,9618.23635812,-81.1644573786,1572.07500367,0.915768123095,0.156018750875,0.953280994635,749.604201881,4580.11255149
487,0.767857142857,0,-42.0974648466,109.032694331,44.954775502,14265648.7593,5.86987773461,7.19266606529,0.96355225954,0.0373537389867,9612.81832448,645.757886286,1428.31957709,0.916076758006,0.155189917856,0.951706019775,746.435226217,4577.53253547
487.5,0.767857142857,0,-28.6894963113,126.212605559,44.9757379743,14272300.8505,5.83597857295,7.19266606529,0.962229073687,0.0372482425718,9609.38893529,1224.07501158,969.775441094,0.916603908469,0.154467595309,0.950479870288,743.654035349,4575.899493
488,0.767857142857,0,-8.89797949273,135.335041204,44.9816692261,14274183.0344,5.79979241242,7.19266606529,0.960740276515,0.0371356288665,9597.9247933,1525.05509166,299.324949764,0.917096023134,0.153683097881,0.949095590167,740.07238387,4570.44037776
488.5,0.767857142857,0,12.8733797428,134.370216294,44.9983610653,14279479.9114,5.79692837765,7.19266606529,0.961131771816,0.0371267158024,9608.99295225,1494.08313745,-433.486721544,0.917621332544,0.153721831403,0.949485268117,740.808401875,4575.71092964
489,0.767857142857,0,31.7803512502,123.532808925,45.0335227736,14290637.8935,5.82018861593,7.19266606529,0.962465179696,0.0371991031898,9636.7751699,1135.17730058,-1075.85181498,0.917662908785,0.154300610812,0.950744085918,744.760174085,4588.94055709
489.5,0.767857142857,0,43.6160446681,105.234193366,45.0579891331,14298401.8849,5.84387634201,7.19266606529,0.963424113037,0.0372728209472,9656.28612676,517.990256486,-1483.02477341,0.917325245029,0.154811863651,0.951634683918,748.039976188,4598.23148893
490,0.767857142857,0,45.7469623713,83.5458979094,45.0886489096,14308131.254,5.87404422338,7.19266606529,0.964734628702,0.037366705373,9681.84155264,-220.70097973,-1564.33834999,0.916981371221,0.155481853964,0.952856005688,752.300085421,4610.40073935
490.5,0.767857142857,0,37.6989651175,63.2936706178,45.1126570289,14315749.8305,5.90772009375,7.19266606529,0.966139038946,0.0374715068907,9705.43392453,-918.546031775,-1296.63026001,0.916543423563,0.15621964065,0.954161506392,756.675034217,4621.63520216
491,0.767857142857,0,21.2627702652,48.9837276115,45.0945575272,14310006.2553,5.91827887626,7.19266606529,0.966208211514,0.0375043665145,9698.11055727,-1411.01586085,-731.468374448,0.916054554988,0.156377105748,0.954207045825,756.830085503,4618.14788441
491.5,0.767857142857,0,0.0955087133907,43.8000987221,45.0263105962,14288349.2292,5.97050153453,7.19266606529,0.968936908034,0.0376668868529,9694.74685806,-1597.28269491,-3.30205067311,0.915901276664,0.157635394175,0.956769882793,760.612432409,4616.54612289
492,0.767857142857,0,-21.0930039778,48.8961658334,44.94647287,14263014.0574,5.96305522212,7.19266606529,0.967723149959,0.0376437134402,9648.55101497,-1412.95898283,725.079546702,0.915143204883,0.15729021665,0.955596636597,756.257858968,4594.54810237
492.5,0.767857142857,0,-37.5882237693,63.1380299704,44.9202121436,14254680.6536,5.9624999573,7.19266606529,0.96780673815,0.0376419854196,9638.11738419,-922.365081472,1290.67469888,0.915251293237,0.157299419372,0.955679702693,755.418599978,4589.57970676
493,0.767857142857,0,-45.7198864348,83.356809171,44.9271991443,14256897.8618,5.91787065076,7.19266606529,0.965346894648,0.03750309609,9617.75423627,-226.583902003,1559.39977252,0.91525935334,0.156199398849,0.953363968808,750.369208471,4579.88296965
493.5,0.767857142857,0,-43.6786586668,105.053729673,44.9504165014,14264265.5031,5.88112358656,7.19266606529,0.963996345121,0.0373887368156,9615.11159515,511.450003326,1483.9810868,0.915907202711,0.15543089804,0.952117695971,747.449324364,4578.62456912
494,0.767857142857,0,-31.9187232741,123.401124301,44.9737139692,14271658.5662,5.84084921702,7.19266606529,0.962327425808,0.0372634003357,9609.39617304,1129.56309391,1079.43108413,0.916440652638,0.154553066177,0.95056613931,743.998550537,4575.90293954
494.5,0.767857142857,0,-13.0567213637,134.316611188,44.9790931343,14273365.5546,5.79556500776,7.19266606529,0.960431943221,0.0371224729058,9593.85766068,1489.47909232,438.835753997,0.917025316019,0.153564985117,0.948802082049,739.418903031,4568.50364794
495,0.767857142857,0,8.71046265041,135.371443006,44.9943387304,14278203.4904,5.79784170233,7.19266606529,0.961246697544,0.0371295581287,9608.39594141,1527.87305454,-293.32285452,0.917682700335,0.153756914996,0.949596034489,740.845011158,4575.42663877
495.5,0.767857142857,0,28.5395276298,126.330914696,45.0293842306,14289324.5958,5.82979675198,7.19266606529,0.962984070474,0.0372290043394,9639.95580956,1231.53208369,-967.422489168,0.917649650365,0.154533665443,0.951232708119,745.747968846,4590.45514741
496,0.767857142857,0,42.0184130649,109.206586462,45.051844159,14296451.8798,5.83006689775,7.19266606529,0.962512240037,0.0372298450508,9644.87775325,651.328209489,-1424.91628078,0.917185764447,0.154443729354,0.950769692432,746.057642125,4592.79893012
496.5,0.767857142857,0,46.1480033546,87.8087021244,45.0807796086,14305634.0625,5.8641786953,7.19266606529,0.964398749428,0.0373360032025,9675.32862438,-74.8095394598,-1575.46398249,0.917181842753,0.155281047235,0.952547490366,751.066245456,4607.29934494
497,0.767857142857,0,40.0094451764,66.8983919029,45.1108190402,14315166.5754,5.87406199438,7.19266606529,0.96442553487,0.0373667606776,9688.2838608,-790.435337963,-1368.9470961,0.916686641492,0.155420547707,0.952553064382,752.743158055,4613.46850514
497.5,0.767857142857,0,24.9685966861,51.128298474,45.1049733006,14313311.5274,5.92621906607,7.19266606529,0.967163346932,0.0375290769061,9711.93672662,-1340.4161017,-860.994186538,0.916543165582,0.156676170666,0.955126142878,758.627821259,4624.73177458
498,0.767857142857,0,4.37211763377,44.0073420273,45.0420526966,14293344.7224,5.96242593931,7.19266606529,0.968368065904,0.0376417550708,9696.05035865,-1588.96488318,-151.048921533,0.915786012562,0.157411031771,0.956229773572,760.06103954,4617.16683745
498.5,0.767857142857,0,-17.1971782192,47.1199689681,44.9577315904,14266586.8247,5.95763901806,7.19266606529,0.96754754711,0.0376268578579,9651.76350672,-1473.73259157,591.045328439,0.91526042777,0.15718117846,0.955436085507,756.112256318,4596.07786034
499,0.767857142857,0,-34.9400207839,59.7736051171,44.9209702496,14254921.2259,5.95433014859,7.19266606529,0.967437981225,0.037616560439,9634.97385092,-1036.7024069,1198.36996056,0.915329913978,0.157114121997,0.955335755536,754.554191463,4588.08278615
499.5,0.767857142857,0,-44.9085438808,79.1527567325,44.9244462802,14256024.2862,5.91949544469,7.19266606529,0.965561852625,0.0375081525553,9618.66566542,-370.08314791,1532.17687459,0.915377945311,0.156264449919,0.953571169051,750.589716968,4580.31698353
500,0.767857142857,0,-44.8847040904,100.945471151,44.9443350753,14262335.6639,5.88682504067,7.19266606529,0.964287072476,0.0374064801148,9615.26584174,372.095076033,1525.87103384,0.915883616239,0.155566208377,0.952390653939,747.897606206,4578.69801988
500.5,0.767857142857,0,-34.8738058784,120.302766599,44.9683370173,14269952.2802,5.84673882094,7.19266606529,0.96256664826,0.0372817291694,9609.34430588,1025.38112452,1180.05536461,0.916357884981,0.154680336179,0.950788343046,744.433174629,4575.8782409
501,0.767857142857,0,-17.1033213275,132.917553513,44.9754329827,14272204.0665,5.78683850365,7.19266606529,0.959858863362,0.0370953154526,9586.79891219,1440.05124691,573.8831128,0.91693981657,0.153333838553,0.94825831605,738.185773385,4565.14233914
501.5,0.767857142857,0,4.47273291048,135.98298229,44.9903870187,14276949.4806,5.79743200661,7.19266606529,0.961356667464,0.0371282831287,9607.80737697,1548.35777003,-150.607690287,0.91780937925,0.153773128029,0.949704678615,740.792990017,4575.14636999
502,0.767857142857,0,25.053582974,128.816980565,45.0194303961,14286165.9124,5.82036310347,7.19266606529,0.962467187608,0.0371996462064,9630.76109179,1313.26217165,-847.616746727,0.917655597778,0.154303371923,0.950745691714,744.307448853,4586.07671038
502.5,0.767857142857,0,40.0598926256,113.014017529,45.0572156706,14298156.4395,5.8290862705,7.19266606529,0.962601596429,0.0372267932745,9648.08713473,780.653282117,-1358.86255496,0.917322712012,0.154448172025,0.950859311225,746.257022916,4594.32720701
503,0.767857142857,0,46.1526871695,92.0903270154,45.0736981541,14303386.8809,5.85751010344,7.19266606529,0.964044109769,0.0373152501071,9668.90158854,71.2660514188,-1573.49532046,0.917196078473,0.155120002535,0.952213872134,750.051604209,4604.23885168
503.5,0.767857142857,0,41.9762910747,70.7015288788,45.1034321821,14312822.4791,5.88058185352,7.19266606529,0.964888586637,0.0373870509069,9689.58614725,-660.860234074,-1437.44348301,0.916783449596,0.155601312888,0.95299318341,753.371863416,4614.08864155
504,0.767857142857,0,28.4599721759,53.6067316149,45.111797897,14315477.1993,5.90403949198,7.19266606529,0.965835164857,0.0374600526166,9702.11448058,-1250.78679753,-978.130270662,0.916448516953,0.156108905985,0.953871495899,756.109873248,4620.05451456
504.5,0.767857142857,0,8.61117519679,44.6096082664,45.0570101273,14298091.2137,5.95394716091,7.19266606529,0.968239144804,0.0376153685562,9701.3921189,-1567.78870135,-297.430858454,0.916107985365,0.157269528199,0.956121463508,759.882215429,4619.71053281
505,0.767857142857,0,-13.1536488902,45.7120612257,44.9701164419,14270516.9509,5.95565262198,7.19266606529,0.967567776362,0.0376206760629,9657.32478924,-1522.73637651,452.257210503,0.915383504751,0.157158166779,0.955460113106,756.41814025,4598.72609011
505.5,0.767857142857,0,-31.9917240416,56.6687895083,44.919749751,14254533.921,5.94209966328,7.19266606529,0.966791937542,0.0375784983664,9628.32816246,-1140.97511309,1095.12257184,0.915358748346,0.15681808747,0.954728695221,753.09153546,4584.9181726
506,0.767857142857,0,-43.7114896601,75.0418693784,44.9197532508,14254535.0316,5.92265444345,7.19266606529,0.965923899806,0.0375179835667,9620.16653543,-510.607198513,1492.12504175,0.915555484197,0.156379784975,0.953919253479,750.986781135,4581.03168354
506.5,0.767857142857,0,-45.705242603,96.7432038828,44.9400701931,14260982.2746,5.89495031174,7.19266606529,0.96468846923,0.0374317664914,9617.23949787,229.474487142,1555.37149526,0.915837758445,0.155756560374,0.952766956663,748.670632668,4579.63785613
507,0.767857142857,0,-37.529363434,116.944143709,44.9648472382,14268844.8569,5.85378672094,7.19266606529,0.96283297086,0.0373036626966,9610.34213008,912.465530888,1270.9348235,0.916239931317,0.154828733263,0.951034676751,745.031718061,4576.35339528
507.5,0.767857142857,0,-21.0030238414,131.149884441,44.9737353774,14271665.3598,5.78928157665,7.19266606529,0.959887114759,0.037102918456,9586.30426684,1380.98206918,704.857370012,0.91683750204,0.153372403374,0.948280973932,738.315694797,4564.90679373
508,0.767857142857,0,0.196587646089,136.199581744,44.9869281004,14275851.8505,5.79589253757,7.19266606529,0.961234140647,0.0371234922001,9605.14743283,1554.95627093,-6.616622522,0.917773914318,0.153728072799,0.949587756056,740.462070633,4573.87972992
508.5,0.767857142857,0,21.3524574548,130.969654144,45.0117957449,14283743.1831,5.80944610165,7.19266606529,0.961885231614,0.0371656717806,9621.94796395,1383.25915696,-720.923398435,0.917677945705,0.154040280562,0.950197915132,742.786388833,4581.87998283
509,0.767857142857,0,37.7573047411,116.623785206,45.0393570873,14292489.3157,5.82354318345,7.19266606529,0.962460577037,0.0372095428239,9639.1559511,901.781607223,-1278.88813295,0.917481192434,0.154345130027,0.95073260871,745.168097081,4590.07426243
509.5,0.767857142857,0,45.7609735875,96.3539984515,45.0705690664,14302393.9171,5.85967099103,7.19266606529,0.964248466726,0.0373219749311,9669.54668325,216.696103563,-1560.62749265,0.917276547098,0.155189966109,0.952409633411,750.285716115,4604.54603964
510,0.767857142857,0,43.5826099151,74.6704170642,45.1021454932,14312414.1698,5.87464399175,7.19266606529,0.964526622917,0.0373685718915,9685.55343695,-524.403732099,-1490.90052808,0.916752079935,0.155448578506,0.952650909789,752.589431463,4612.16830331
510.5,0.767857142857,0,31.7069099184,56.3977402036,45.1128691616,14315817.1473,5.885787136,7.19266606529,0.9649150983,0.0374032500874,9693.79454259,-1151.72542369,-1086.76185712,0.916534716733,0.155677301293,0.953008251752,754.055217557,4616.09263933
511,0.767857142857,0,12.7762728749,45.6017246796,45.0713197483,14302632.1335,5.9464313561,7.19266606529,0.968102998176,0.0375919788786,9706.36273051,-1533.22879773,-441.209694701,0.916372952164,0.157139744101,0.956004012951,759.737474182,4622.07749072
511.5,0.767857142857,0,-8.99714516042,44.6845348809,44.9871255851,14275914.519,5.95568531112,7.19266606529,0.967684904218,0.0376207777937,9665.79159556,-1559.48173043,309.626823134,0.915492604593,0.157182098546,0.955574792818,757.105724926,4602.75790265
512,0.767857142857,0,-28.7686559499,53.8502498648,44.9277265892,14257065.2376,5.96019593365,7.19266606529,0.967792416608,0.0376348151469,9641.25001517,-1241.42626449,987.950537885,0.915358273832,0.157265140381,0.955670558601,755.506683082,4591.07143579
512.5,0.767857142857,0,-42.139005063,71.0594548047,44.9196377577,14254498.3818,5.93339843196,7.19266606529,0.966241014643,0.0375514195637,9623.02200227,-647.413139426,1440.36749095,0.915292798123,0.156589366279,0.954207303398,751.989392094,4582.39142965
513,0.767857142857,0,-46.1332267422,92.48302041,44.9354939007,14259530.0645,5.89600763698,7.19266606529,0.964582691206,0.0374350569569,9614.2124989,84.4775181053,1569.54831371,0.915681793819,0.155749815694,0.952661086943,748.485751811,4578.19642805
513.5,0.767857142857,0,-39.8625878194,113.354102259,44.9606707213,14267519.5089,5.85703478898,7.19266606529,0.962996675526,0.0373137708974,9610.10945906,791.13257219,1350.36625623,0.916224582282,0.154905289939,0.951188343979,745.261641609,4576.24259955
514,0.767857142857,0,-24.7223350392,129.028786174,44.9775991958,14272891.4781,5.82042177418,7.19266606529,0.96156293759,0.0371998287935,9603.90936155,1316.45124636,833.890878137,0.916790349749,0.154124939492,0.949859259699,742.065799607,4573.29017217
514.5,0.767857142857,0,-4.08124607538,136.019381031,44.9833919737,14274729.7196,5.79378139318,7.19266606529,0.960643653367,0.0371169221803,9597.82768449,1547.18378517,137.212574564,0.917321860296,0.153582755553,0.949013293829,739.64582989,4570.39413547
515,0.767857142857,0,17.4679393951,132.770446494,45.0052212893,14281656.8891,5.79919121031,7.19266606529,0.961348657325,0.0371337578861,9614.02788884,1441.34195793,-588.660536249,0.91770859239,0.153795336307,0.949693188059,741.388638039,4578.10851849
515.5,0.767857142857,0,35.1304259382,120.004885825,45.0346868571,14291007.296,5.8209879511,7.19266606529,0.962475051466,0.0372015907732,9637.35464046,1015.8841169,-1189.42101424,0.917630060004,0.154313393162,0.950752102149,744.860377133,4589.21649546
516,0.767857142857,0,44.9762269684,100.563096501,45.0622010772,14299738.4752,5.84311753371,7.19266606529,0.963369863523,0.037270459486,9657.56795615,359.182752611,-1529.35126582,0.917313641165,0.154790801299,0.951583096176,748.078042911,4598.84188388
516.5,0.767857142857,0,44.8146053049,78.7709683692,45.0929917908,14309509.395,5.86435432637,7.19266606529,0.964209272485,0.0373365497779,9678.68048477,-383.472616477,-1530.42350558,0.91699238685,0.155245733767,0.952361434143,751.302324182,4608.89546894
517,0.767857142857,0,34.6815225304,59.4773527529,45.1088873762,14314553.594,5.87835418311,7.19266606529,0.964660615205,0.0373801182504,9689.70564229,-1044.96732215,-1187.34975486,0.916684091852,0.15552564292,0.952774448735,753.187654436,4614.14554395
517.5,0.767857142857,0,16.8316373691,46.9751701517,45.0835513504,14306513.6285,5.94135739254,7.19266606529,0.967935986939,0.0375761883712,9710.07871392,-1485.63443232,-581.191375213,0.916480855964,0.157037104938,0.955851135071,759.65338216,4623.84700663
518,0.767857142857,0,-4.76336651683,44.0462151784,45.0038670221,14281227.135,5.95636155068,7.19266606529,0.967800171971,0.0376228822955,9674.11556939,-1582.95158751,164.081775179,0.915566259163,0.157214429712,0.95568628599,757.825172842,4606.72169971
518.5,0.767857142857,0,-25.2984988797,51.3421941332,44.9380696104,14260347.423,5.97432691725,7.19266606529,0.968563673357,0.0376787916948,9653.01278335,-1331.10212588,871.101835328,0.915348457583,0.157612651341,0.956396117112,757.524802889,4596.67275398
519,0.767857142857,0,-40.2045958861,67.2397172768,44.9142609195,14252792.1318,5.92583294801,7.19266606529,0.965606121383,0.0375278752814,9614.60739526,-776.648643721,1371.9005711,0.915087677345,0.156359453652,0.953601197738,750.705532514,4578.38447393
519.5,0.767857142857,0,-46.1649806267,88.201510707,44.9306089637,14257979.9111,5.9038582671,7.19266606529,0.965132836736,0.0374594886329,9617.39519203,-61.2600474218,1572.46913479,0.91579161764,0.155966234163,0.953183686199,749.362839444,4579.71199621
520,0.767857142857,0,-41.8534393763,109.56347649,44.9558915148,14266002.9074,5.87118119573,7.19266606529,0.963660031527,0.0373577954432,9614.33493211,663.967057276,1420.46864696,0.916110616166,0.155229048106,0.951808911424,746.660506251,4578.25472958
520.5,0.767857142857,0,-28.2293104045,126.572476456,44.9771945821,14272763.0807,5.83813585031,7.19266606529,0.962328697385,0.0372549561605,9610.9532586,1236.71165649,954.584447525,0.916584986121,0.154516578418,0.950573027476,743.938039741,4576.64440886
521,0.767857142857,0,-8.32402668467,135.443927864,44.9802114693,14273720.4396,5.7913515732,7.19266606529,0.96023970052,0.0371093604211,9592.51709692,1526.49989482,279.611082399,0.91706470596,0.153470057172,0.948622331931,738.998569538,4567.86528425
521.5,0.767857142857,0,13.4333922443,134.203890924,45.0010134703,14280321.6079,5.80285122926,7.19266606529,0.961588585908,0.0371451481051,9614.5339652,1490.30895332,-452.899152467,0.917743865092,0.153892319836,0.949920799052,741.717443594,4578.34950724
522,0.767857142857,0,32.2018180216,123.128279703,45.0346029834,14290980.6801,5.82027878401,7.19266606529,0.962380001442,0.0371993837987,9636.38930646,1121.42284707,-1090.06126398,0.917576928606,0.154284949422,0.9506604103,744.720307138,4588.7568126
522.5,0.767857142857,0,43.8051873643,104.681469953,45.0585788254,14298589.0139,5.84482516418,7.19266606529,0.963475334315,0.0372757737441,9657.02821822,499.284014157,-1489.71661954,0.917323936069,0.154834902506,0.951682907332,748.170881162,4598.58486582
523,0.767857142857,0,45.66169585,82.9679638724,45.0899306314,14308537.987,5.87460028499,7.19266606529,0.964750949497,0.0373684358732,9682.54269548,-240.494077,-1561.61987773,0.916967597157,0.155492655674,0.952870835206,752.395123975,4610.7346169
523.5,0.767857142857,0,37.358261582,62.8191190067,45.1149551112,14316479.0886,5.90510762489,7.19266606529,0.965985837419,0.0374633767163,9704.95159648,-934.56739464,-1284.49895364,0.916535351224,0.156153513603,0.954016888152,756.43179804,4621.40552213
524,0.767857142857,0,20.7424378595,48.7181483986,45.0933286209,14309616.2824,5.92164410372,7.19266606529,0.966434506495,0.0375148393232,9699.76329678,-1420.90137739,-713.944684689,0.916092479531,0.15646813343,0.954421679204,757.229365686,4618.93490323
524.5,0.767857142857,0,-0.488676147332,43.8025845352,45.0219305074,14286959.281,5.95627239944,7.19266606529,0.968097729939,0.037622604851,9684.83823806,-1593.21369651,16.853010569,0.915852425086,0.157272883376,0.955977988901,758.71563313,4611.82773241
525,0.767857142857,0,-21.6110574059,49.1661635675,44.9440033015,14262230.381,5.95273345301,7.19266606529,0.967370629194,0.0376115914176,9644.22494936,-1401.63755,741.808073934,0.915349751696,0.157078865244,0.955273152627,755.158681967,4592.48807112
525.5,0.767857142857,0,-37.9248764329,63.6154638557,44.9200318643,14254623.4449,5.96142100073,7.19266606529,0.967905486954,0.037638627636,9639.03873701,-905.993455462,1302.26620849,0.915401122924,0.157304522784,0.95577873228,755.437045062,4590.01844619
526,0.767857142857,0,-45.800231528,83.9354479156,44.9277269881,14257065.3642,5.91680011894,7.19266606529,0.965304203468,0.0374997645248,9617.5809575,-206.822165488,1561.94603207,0.91527501526,0.156176318245,0.953324391376,750.275960604,4579.80045595
526.5,0.767857142857,0,-43.4848190273,105.604823426,44.9513535234,14264562.8514,5.88031660926,7.19266606529,0.963968036751,0.0373862254494,9615.24936371,530.138913674,1477.29929976,0.915922743205,0.155414309161,0.952091643823,747.400709529,4578.6901732
527,0.767857142857,0,-31.4938291362,123.802052103,44.9740483826,14271764.6867,5.83909730279,7.19266606529,0.962242705718,0.0372579482636,9608.73649484,1142.83886098,1064.79842433,0.916452367493,0.154512525484,0.9504867484,743.814454381,4575.58880707
527.5,0.767857142857,0,-12.4953136776,134.478164711,44.9778439733,14272969.1542,5.78885451789,7.19266606529,0.960086708075,0.0371015894212,9590.04303895,1493.27916287,419.50902582,0.917050748559,0.153406090728,0.948477509637,738.612795657,4566.68716141
528,0.767857142857,0,9.28346802579,135.257675829,44.9967955473,14278983.1203,5.8048115147,7.19266606529,0.961735284766,0.037151248642,9614.14579981,1526.10143805,-313.04112827,0.917780113734,0.153947877261,0.95006053719,741.846129356,4578.16466657
528.5,0.767857142857,0,28.996634295,125.967140553,45.0256145452,14288128.349,5.82371656658,7.19266606529,0.962540768115,0.0372100824036,9634.06734883,1217.65360125,-981.669813909,0.917548471665,0.154363376981,0.950810847836,744.801472,4587.65111849
529,0.767857142857,0,42.2579126305,108.673746815,45.0528001588,14296755.2504,5.83266406301,7.19266606529,0.962748828424,0.0372379275995,9647.58472699,633.622300606,-1433.8609217,0.91727403011,0.154525847451,0.950996178938,746.486002589,4594.08796524
529.5,0.767857142857,0,46.1166060372,87.2253563099,45.0817396414,14305938.7129,5.8661088093,7.19266606529,0.964466076466,0.0373420098439,9676.36993318,-94.7527925348,-1574.86066406,0.917144139801,0.155320646128,0.952609434784,751.289775777,4607.79520628
530,0.767857142857,0,39.7141370273,66.3943371163,45.1115508072,14315398.7895,5.87551893215,7.19266606529,0.964476759976,0.0373712947635,9689.07774863,-807.863881013,-1359.14915959,0.916658621994,0.155450527612,0.952600213978,752.912784948,4613.84654697
530.5,0.767857142857,0,24.4750851616,50.8156892834,45.1034485128,14312827.6614,5.91861595343,7.19266606529,0.966719933893,0.0375054155208,9707.02588983,-1349.44708601,-842.884096904,0.916522015236,0.156483977078,0.954707731034,757.645990175,4622.39328087
531,0.767857142857,0,3.79021137654,43.9557354525,45.0385855347,14292244.4763,5.9546032123,7.19266606529,0.968051811948,0.0376174102312,9691.58482618,-1588.78403141,-130.78344002,0.915896383451,0.157240915558,0.955936543209,759.122749261,4615.04039342
531.5,0.767857142857,0,-17.7380023216,47.3408477154,44.9542153756,14265471.0125,5.93990119375,7.19266606529,0.96668641805,0.037571656585,9642.11163867,-1462.04945522,607.931363898,0.915373981527,0.15676702697,0.954629959449,754.00204393,4591.4817327
532,0.767857142857,0,-35.3194268172,60.2178226232,44.9205810108,14254797.7074,5.95712756217,7.19266606529,0.967864898376,0.0376252661736,9638.96521177,-1022.25337551,1212.31576954,0.915587397697,0.157237851666,0.955748073588,755.135327305,4589.98343417
532.5,0.767857142857,0,-45.0421122125,79.7214725065,44.9250928869,14256229.4761,5.92186143953,7.19266606529,0.965649889385,0.0375155156865,9619.76242498,-350.80164267,1537.26756711,0.915337338223,0.156314214566,0.953652446707,750.850366806,4580.83924999
533,0.767857142857,0,-44.7427151365,101.51214325,44.9446539969,14262436.8683,5.88398152499,7.19266606529,0.964093540114,0.0373976309075,9613.54770996,391.170719321,1520.31117787,0.91584927012,0.155489044435,0.952206959619,747.537242901,4577.87986189
533.5,0.767857142857,0,-34.4878528512,120.741307808,44.9688212931,14270105.957,5.84235711576,7.19266606529,0.96236736293,0.0372680930155,9607.6693886,1039.5775706,1166.27433376,0.916399164097,0.154581414438,0.950602145116,743.973115793,4575.08066124
534,0.767857142857,0,-16.5592805963,133.130386343,44.9754886434,14272221.7295,5.78725951408,7.19266606529,0.959948779684,0.0370966256647,9587.70498448,1447.4175668,555.71479091,0.917003425844,0.153357292867,0.948345591004,738.300515467,4565.57380213
534.5,0.767857142857,0,5.05380971621,135.922750433,44.9927015881,14277683.9706,5.80630338926,7.19266606529,0.961842289819,0.0371558914535,9613.42637954,1548.66222658,-170.430650037,0.917803267648,0.153989247184,0.950162334817,741.910461883,4577.82208549
535,0.767857142857,0,25.5424035235,128.497085893,45.0207619955,14286588.4732,5.82173208522,7.19266606529,0.962408018976,0.0372039065674,9630.71452674,1302.57399326,-864.24387154,0.917526814491,0.154310183599,0.950684854665,744.384339413,4586.05453654
535.5,0.767857142857,0,40.3476920404,112.505638116,45.0583773975,14298525.0942,5.82879749762,7.19266606529,0.96256473495,0.0372258945943,9648.22414139,763.39255019,-1368.59605412,0.917302838645,0.154436949064,0.950823782287,746.241275968,4594.39244828
536,0.767857142857,0,46.1754287221,91.5065796792,45.0746244739,14303680.8331,5.85704987258,7.19266606529,0.964023007474,0.0373138178385,9669.09876301,51.3628586284,-1574.22939547,0.917200270575,0.155109561696,0.952194152372,750.031946836,4604.33274429
536.5,0.767857142857,0,41.7289146622,70.1723001558,45.1036160218,14312880.8176,5.8756135436,7.19266606529,0.964620370549,0.0373715892005,9687.09848963,-678.461202059,-1427.8736225,0.91679013078,0.155480412021,0.952740749856,752.792636693,4612.90404268
537,0.767857142857,0,27.9975202173,53.2497773928,45.1115695929,14315404.7508,5.9061564747,7.19266606529,0.966028424262,0.0374666408057,9703.89708179,-1263.58717113,-962.641988539,0.916520641764,0.156176282721,0.954056410476,756.428554511,4620.90337228
537.5,0.767857142857,0,8.03654543461,44.5043525436,45.0541431845,14297181.4372,5.94986912844,7.19266606529,0.96798091411,0.0376026774516,9697.67863067,-1570.1515463,-277.358273736,0.916077253637,0.157162155003,0.955877119962,759.26678594,4617.94220508
538,0.767857142857,0,-13.7125986229,45.8819238972,44.9660657937,14269231.5452,5.94449211083,7.19266606529,0.967012956473,0.0375859438201,9650.33079637,-1514.08252679,470.600892101,0.915442701555,0.156894934638,0.954940176474,755.015144173,4595.39561732
538.5,0.767857142857,0,-32.4106247921,57.0759753283,44.9196193586,14254492.5431,5.94288870499,7.19266606529,0.96700670011,0.037580953916,9630.37739614,-1127.41637437,1109.83603792,0.915520754969,0.156871846486,0.954937437708,753.345330149,4585.89399816
539,0.767857142857,0,-43.8971340352,75.5957775809,44.9200655632,14254634.1387,5.92112849824,7.19266606529,0.96582739226,0.0375132347251,9619.37910048,-491.580036346,1498.09924595,0.915544030304,0.156339737847,0.953827909421,750.804901851,4580.65671452
539.5,0.767857142857,0,-45.6163238532,97.3205872794,44.9409044181,14261247.002,5.89421153929,7.19266606529,0.964670915262,0.0374294673831,9617.438559,249.110725367,1552.2682935,0.915859909902,0.155743026836,0.952751305101,748.633374468,4579.73264714
540,0.767857142857,0,-37.1856664009,117.41653177,44.9668414817,14269477.6969,5.85605956968,7.19266606529,0.962970084206,0.0373107359509,9612.50475411,928.893513746,1259.87942652,0.916250655973,0.154886787554,0.95116431658,745.377186053,4577.38321624
540.5,0.767857142857,0,-20.4810227362,131.412168594,44.9753059038,14272163.7401,5.79918228149,7.19266606529,0.960401085063,0.037133730099,9591.8608035,1392.0140487,688.441884313,0.916804507033,0.153607746135,0.948764364017,739.500251036,4567.55276357
541,0.767857142857,0,0.780745114629,136.193402527,44.9892182257,14276578.5836,5.80642154266,7.19266606529,0.961667458755,0.0371562591546,9610.20180043,1557.21438059,-26.3195056774,0.917630189621,0.153956235605,0.949990719081,741.636564934,4576.28657163
541.5,0.767857142857,0,21.868793494,130.696386463,45.0128599342,14284080.8858,5.80894161015,7.19266606529,0.961697050539,0.03716410177,9620.54560055,1373.70449557,-738.180033819,0.917525099286,0.153996191448,0.950014505413,742.608902886,4581.21219074
542,0.767857142857,0,38.0909321462,116.144232409,45.043433332,14293782.844,5.82508027883,7.19266606529,0.962553480702,0.0372143263656,9641.79180546,885.924005477,-1290.75012232,0.917488516032,0.15438436846,0.950820475207,745.492459519,4591.32943117
542.5,0.767857142857,0,45.8376586869,95.7748632977,45.0709730471,14302522.1136,5.85977065384,7.19266606529,0.964230534369,0.0373222850883,9669.53948298,196.946059664,-1563.2484783,0.917254233207,0.155187752454,0.952391851005,750.288463849,4604.54261094
543,0.767857142857,0,43.3852899123,74.120559858,45.1030770066,14312709.7701,5.87510715951,7.19266606529,0.964550759425,0.0373700133,9686.18415188,-543.274794947,-1484.31772594,0.916750633127,0.155459673563,0.952673593261,752.674236746,4612.46864375
543.5,0.767857142857,0,31.279489445,55.9995067674,45.1127336414,14315774.1422,5.88684119067,7.19266606529,0.964966398246,0.0374065303747,9694.22515639,-1165.55169845,-1072.27450495,0.916527992933,0.155701845241,0.953056311897,754.169570141,4616.29769352
544,0.767857142857,0,12.2138550028,45.4437238319,45.0686935308,14301798.7471,5.94079005001,7.19266606529,0.967774447885,0.037574422764,9702.08511861,-1537.10844461,-421.355222666,0.916357650533,0.1569970195,0.955694069822,758.958977043,4620.04053267
544.5,0.767857142857,0,-9.56941980129,44.8019225556,44.9838047482,14274860.7068,5.94655048112,7.19266606529,0.967266058104,0.0375923496035,9660.41018773,-1553.15014378,328.83579525,0.91557449484,0.156973677244,0.955183792032,755.990190183,4600.19532749
545,0.767857142857,0,-29.223453552,54.2169067506,44.9289898915,14257466.1256,5.97094820589,7.19266606529,0.968527453112,0.0376682769234,9648.82687176,-1231.20240883,1005.50240743,0.915490875359,0.157559281103,0.956367815988,756.962311935,4594.67946274
545.5,0.767857142857,0,-42.3751310142,71.5937980145,44.9196585107,14254504.9674,5.93332928481,7.19266606529,0.966072426055,0.0375512043733,9621.36657412,-629.0098119,1448.11912906,0.915136721184,0.15655468484,0.954042271594,751.823536042,4581.60313053
546,0.767857142857,0,-46.0981419042,93.0661560588,44.9360180436,14259696.3925,5.8962891588,7.19266606529,0.964599326245,0.0374359330713,9614.59533672,104.324222214,1568.46315304,0.915682797585,0.155756956812,0.952676797073,748.537531915,4578.37873177
546.5,0.767857142857,0,-39.5640987343,113.856279914,44.9614816926,14267776.8571,5.85604858662,7.19266606529,0.962937777737,0.0373107017709,9609.89371482,808.042442381,1340.08617802,0.916220495473,0.154880215725,0.951132677936,745.167888555,4576.1398642
547,0.767857142857,0,-24.2268569367,129.338268937,44.9776264296,14272900.1203,5.81998597887,7.19266606529,0.961553809743,0.0371984725699,9603.83966679,1326.82545891,817.138411056,0.916804666475,0.154117234998,0.949851216386,742.029603353,4573.25698419
547.5,0.767857142857,0,-3.49902517085,136.067307528,44.9855771074,14275423.1354,5.80563506245,7.19266606529,0.961307365512,0.0371538115766,9605.09269163,1551.88604041,117.872925706,0.917328186688,0.153874313275,0.949639380194,741.121952232,4573.85366268
548,0.767857142857,0,18.0073562036,132.546152853,45.0068366262,14282169.4894,5.80072639395,7.19266606529,0.961253518075,0.0371385354783,9613.74173822,1433.90437059,-606.889813341,0.917536516429,0.153797274172,0.949596754042,741.45120153,4577.97225629
548.5,0.767857142857,0,35.5070158658,119.558278439,45.0376727007,14291954.8037,5.82558105179,7.19266606529,0.962706364501,0.0372158848039,9640.83437119,1001.59688987,-1203.1728009,0.917607774223,0.154421467116,0.950969282798,745.480885235,4590.87351009
549,0.767857142857,0,45.1061969795,99.9935476206,45.0616477973,14299562.901,5.84091450215,7.19266606529,0.963177727842,0.0372636035073,9655.46628012,339.658406018,-1533.05908464,0.917246963522,0.154722782502,0.951399375726,747.730957621,4597.84108577
549.5,0.767857142857,0,44.6690364589,78.2052053077,45.0950334893,14310157.2939,5.86628176103,7.19266606529,0.964349709177,0.037342548081,9680.91482126,-402.970350443,-1526.12213653,0.917024368274,0.155299838294,0.952495032907,751.632219212,4609.95943869
550,0.767857142857,0,34.2928045823,59.0412604604,45.1098693374,14314865.2031,5.87662549233,7.19266606529,0.964535413505,0.0373747384513,9688.91648881,-1059.61350835,-1173.72733887,0.916656111252,0.155477232389,0.952655375877,752.985991366,4613.76975658
550.5,0.767857142857,0,16.2862618962,46.7657812208,45.0813121574,14305803.058,5.92646174234,7.19266606529,0.967137517618,0.0375298321306,9701.48776665,-1489.26772925,-561.004800296,0.916505951324,0.156674309789,0.95510032297,757.823107916,4619.75607936
551,0.767857142857,0,-5.34405089867,44.1101196341,45.0000271676,14280008.6212,5.9463614124,7.19266606529,0.967475332984,0.0375917612092,9669.45823634,-1578.45590226,183.81718618,0.915782489756,0.157013031858,0.955389223442,756.725220742,4604.50392207
551.5,0.767857142857,0,-25.7852871559,51.6651729326,44.9341778496,14259112.4376,5.96260335252,7.19266606529,0.968068699737,0.0376423071923,9646.69888409,-1317.58148213,886.249383841,0.915493619905,0.1573533879,0.955936118168,756.147733651,4593.66613528
552,0.767857142857,0,-40.4891753686,67.7499061133,44.9145597821,14252886.9709,5.92402885374,7.19266606529,0.965685910188,0.0375222608217,9615.56188806,-759.207973307,1381.55393541,0.915257852477,0.156350884163,0.953683174967,750.674379075,4578.83899431
552.5,0.767857142857,0,-46.1840310381,88.7853901574,44.9309493574,14258087.9294,5.90134512536,7.19266606529,0.965021354755,0.0374516675709,9616.49197017,-41.3576432417,1572.57302897,0.91581780678,0.155909837986,0.953079726443,749.103225934,4579.28189056
553,0.767857142857,0,-41.6027219101,110.091130622,44.9566435342,14266241.5482,5.872247582,7.19266606529,0.963757444958,0.0373611141072,9615.59839747,682.046712496,1412.3147295,0.916147098905,0.155262905076,0.951902146161,746.848346032,4578.85637975
553.5,0.767857142857,0,-27.7646108798,126.926499735,44.9776747932,14272915.4677,5.83642345194,7.19266606529,0.962217598829,0.0372496270644,9610.09352188,1248.344165,938.615634675,0.916569505393,0.154471340938,0.950467699105,743.736119776,4576.23501042
554,0.767857142857,0,-7.74874293816,135.545548442,44.9823613929,14274402.682,5.80433791008,7.19266606529,0.960985416862,0.0371497747534,9600.55522328,1533.27980583,260.859545533,0.917089564831,0.153793047458,0.949326485325,740.624646802,4571.69296347
554.5,0.767857142857,0,13.991256865,134.030497741,45.0018726139,14280594.2428,5.80311551864,7.19266606529,0.961405715358,0.037145970591,9613.08117967,1484.20515127,-471.625272869,0.917555346861,0.15385970359,0.949740998518,741.588558001,4577.6577046
555,0.767857142857,0,32.6181360064,122.718453562,45.035668253,14291318.7256,5.82012947654,7.19266606529,0.962367698691,0.0371989191441,9636.72610232,1107.57023127,-1104.17432694,0.91757309199,0.154280489118,0.950648661571,744.734008956,4588.91719158
555.5,0.767857142857,0,43.9873259974,104.126399102,45.0593906562,14298846.6349,5.8458241604,7.19266606529,0.963532988288,0.0372788826858,9657.9284727,480.502171574,-1496.20618179,0.917326103549,0.15485990119,0.951737330159,748.318640722,4599.01355843
556,0.767857142857,0,45.5691284263,82.391154196,45.0912699233,14308962.989,5.87497146353,7.19266606529,0.964756258535,0.0373695910052,9683.16287003,-260.246504939,-1558.60779828,0.916953094713,0.155498753878,0.952875260596,752.469330584,4611.02993811
556.5,0.767857142857,0,37.0115847899,62.3489133787,45.1174251819,14317262.9244,5.90215202337,7.19266606529,0.965816462378,0.0374541786905,9704.38907151,-950.388063896,-1272.11522975,0.91652996283,0.156079505599,0.953857139426,756.156085006,4621.1376531
557,0.767857142857,0,20.218788921,48.4591697896,45.0919292662,14309172.2205,5.91042806091,7.19266606529,0.965858837253,0.0374799342622,9693.66926655,-1427.28115439,-694.687521779,0.916135385332,0.156200510621,0.953881250185,755.887285776,4616.03298407
557.5,0.767857142857,0,-1.07278287305,43.8124569077,45.0180795275,14285737.2367,5.94359194903,7.19266606529,0.96756792511,0.0375831424576,9678.1960964,-1589.7750837,36.9251830171,0.916015244201,0.1569938431,0.955485800798,757.239928773,4608.66480781
558,0.767857142857,0,-22.1256554165,49.4426902718,44.9432894638,14262003.8565,5.95714520282,7.19266606529,0.967809239492,0.0376253210724,9648.16227638,-1393.41365519,760.163595516,0.915533821878,0.157226930115,0.955693508024,755.846495234,4594.36298875
558.5,0.767857142857,0,-38.2554652433,64.0971163957,44.9171470289,14253707.9905,5.94962016997,7.19266606529,0.967185034928,0.0376019026766,9630.93554943,-887.614336362,1310.90035815,0.915337082153,0.156999254615,0.955097915883,753.874190158,4586.15978544
559,0.767857142857,0,-45.8732535681,84.5150563286,44.9282174011,14257220.9886,5.91555224383,7.19266606529,0.965415835158,0.0374958810556,9618.920908,-187.066008686,1564.52407984,0.915446315453,0.156181668008,0.953436396645,750.318041108,4580.43852762
559.5,0.767857142857,0,-43.2840265487,106.153422106,44.9522872208,14264859.1447,5.87927073679,7.19266606529,0.963929213527,0.0373829706256,9615.28667525,548.721704861,1470.33146818,0.915940858143,0.155392385274,0.952055787116,747.326320568,4578.7079406
560,0.767857142857,0,-31.0638994127,124.197575254,44.9743695506,14271866.6041,5.83712134038,7.19266606529,0.962149216038,0.037251798939,9607.98893424,1155.88885879,1049.9696243,0.916467550384,0.154467216033,0.95039922644,743.606957634,4575.23282583
560.5,0.767857142857,0,-11.9319081011,134.632606568,44.9801263294,14273693.4218,5.80277173721,7.19266606529,0.960888006247,0.0371449007207,9598.66840805,1502.00137365,401.539227397,0.917079433593,0.153752597439,0.949234240311,740.356272265,4570.79448002
561,0.767857142857,0,9.8549890565,135.136672349,44.9976464423,14279253.1377,5.80512024669,7.19266606529,0.961540696407,0.0371522094362,9612.57269325,1521.73921235,-332.251415628,0.91757808257,0.153913537291,0.949869159702,741.708702253,4577.41556821
561.5,0.767857142857,0,29.4491046542,125.597615581,45.0223076155,14287078.95,5.8181440653,7.19266606529,0.962227092242,0.0371927404141,9629.65465449,1203.8920582,-995.952752327,0.917543989881,0.154225739933,0.950514964704,744.028071769,4585.54983547
562,0.767857142857,0,42.4906555285,108.137921401,45.0538314338,14297082.5083,5.83501827779,7.19266606529,0.962964239811,0.0372452540703,9650.11865337,615.766589664,-1442.52064328,0.917354925529,0.154600491302,0.951202409687,746.880784903,4595.29459684
562.5,0.767857142857,0,46.0778350813,86.6424541366,45.082719366,14306249.6121,5.86788780628,7.19266606529,0.964528729063,0.0373475461992,9677.37641987,-114.690649617,-1573.97606863,0.917109963722,0.155357267293,0.952667112844,751.499575639,4608.27448565
563,0.767857142857,0,39.4124789379,65.8940566671,45.112229472,14315614.1525,5.87677242086,7.19266606529,0.964519019271,0.0373751957026,9689.76381556,-825.144941828,-1349.08670412,0.916632796273,0.155475962051,0.952639002463,753.058632452,4614.1732455
563.5,0.767857142857,0,23.9776602869,50.5093453186,45.1013891147,14312174.1457,5.91895014072,7.19266606529,0.966719248806,0.0375064555336,9706.12548503,-1359.91125362,-825.701430445,0.916503818365,0.156488389603,0.954706354927,757.598166478,4621.96451668
564,0.767857142857,0,3.20769909794,43.9114909495,45.0345711891,14290970.5907,5.93935692855,7.19266606529,0.967202857547,0.037569962796,9681.75358859,-1586.20603489,-110.397836079,0.915891532191,0.156863029726,0.955137089457,757.163412021,4610.35885171
564.5,0.767857142857,0,-18.2759902739,47.568547285,44.9527099257,14264993.2831,5.94023203297,7.19266606529,0.966938445946,0.0375726861784,9643.95263293,-1454.65807276,626.547409728,0.915595298392,0.156822000163,0.954876183209,754.215930706,4592.35839663
565,0.767857142857,0,-35.6931855856,60.6668020367,44.919561504,14254474.1839,5.95647578749,7.19266606529,0.967823760406,0.037623237808,9638.13518424,-1006.68704216,1224.9556788,0.915582595151,0.157220717115,0.955709153111,755.018765948,4589.58818297
565.5,0.767857142857,0,-45.1684787077,80.2918317263,44.9252843542,14256290.2351,5.92279086482,7.19266606529,0.96571128028,0.037518408119,9620.43144366,-331.391160517,1541.83921784,0.91534679933,0.156339125712,0.953710640383,750.976427874,4581.15783031
566,0.767857142857,0,-44.5935722172,102.076974659,44.9451831903,14262604.799,5.88139413997,7.19266606529,0.963936143628,0.0373895787956,9612.27152224,410.197338123,1514.63136568,0.915835778079,0.155422573853,0.952058135374,747.235271546,4577.27215345
566.5,0.767857142857,0,-34.0963855204,121.174933752,44.969408201,14270292.2024,5.83776176335,7.19266606529,0.962152320382,0.0372537919773,9605.88653892,1053.5534813,1152.28362474,0.916436725026,0.154476501941,0.950400938016,743.487597216,4574.2316852
567,0.767857142857,0,-16.0125921822,133.336323005,44.978061414,14273038.1554,5.80177750594,7.19266606529,0.960823167186,0.0371418066077,9597.16528608,1457.99506913,538.723150159,0.917070136578,0.153726327896,0.949172739027,740.161815692,4570.07870766
567.5,0.767857142857,0,5.63407846234,135.855175933,44.9935399435,14277950.0087,5.80660119643,7.19266606529,0.961637938345,0.0371568182489,9611.75168214,1546.07522767,-189.961306746,0.917592515542,0.1539528222,0.94996141087,741.762610576,4577.02461054
568,0.767857142857,0,26.027140068,128.171035876,45.0245277015,14287783.4573,5.82457148967,7.19266606529,0.962560914961,0.0372127429804,9633.78433543,1292.33361137,-881.185096116,0.917522491295,0.15437895111,0.950828818823,744.840657249,4587.51635021
568.5,0.767857142857,0,40.6290402152,111.99366025,45.0594809709,14298875.2948,5.82830350364,7.19266606529,0.962494100016,0.0372243572526,9648.0046311,745.962772733,-1378.02217311,0.917261619261,0.154416248292,0.950755577213,746.177799128,4594.28791957
569,0.767857142857,0,46.1907872309,90.9225914541,45.075640929,14304003.3881,5.85654325942,7.19266606529,0.964002465351,0.0373122412251,9669.34115705,31.4525174287,-1574.71276579,0.917207441859,0.155098603214,0.952175078349,750.012782292,4604.44817002
569.5,0.767857142857,0,41.4748661644,69.646241707,45.1039999631,14313002.655,5.87362622748,7.19266606529,0.964518009176,0.0373654045424,9686.28577049,-696.261466634,-1418.77243153,0.916797485296,0.155433045021,0.952644598996,752.576111274,4612.51703357
570,0.767857142857,0,27.5305917021,52.898699207,45.1112841963,14315314.185,5.90804505792,7.19266606529,0.966163433857,0.0374725182006,9705.07940378,-1276.07223943,-946.894665562,0.916549491606,0.156228933181,0.954184725815,756.673988985,4621.46638275
570.5,0.767857142857,0,7.4606306997,44.4063711736,45.0504234898,14296001.0541,5.93348509234,7.19266606529,0.967044990573,0.0375516892565,9687.12777037,-1569.16193453,-256.766965098,0.916049837571,0.156751452196,0.954994830035,757.15759961,4612.91798589
571,0.767857142857,0,-14.2693558319,46.05884066,44.9641810384,14268633.4495,5.9443276872,7.19266606529,0.967255090663,0.037585432123,9651.92247103,-1508.32918485,489.811515526,0.915680535825,0.156941200916,0.955177750251,755.174477988,4596.15355763
571.5,0.767857142857,0,-32.8243433696,57.4884254094,44.9197756062,14254542.1257,5.94481659567,7.19266606529,0.967115880025,0.0375869536382,9631.4820232,-1113.64214743,1124.35563945,0.915523141771,0.156919972385,0.955040327288,753.58168751,4586.42001105
572,0.767857142857,0,-44.0757596456,76.1519888915,44.9206755734,14254827.7153,5.91987900287,7.19266606529,0.965728742912,0.0375093462135,9618.69207983,-472.499795107,1503.88292142,0.915516044694,0.156303026311,0.95373388317,750.648985686,4580.32956182
572.5,0.767857142857,0,-45.5201114557,97.8968001787,44.9418181946,14261536.9737,5.89333836217,7.19266606529,0.964641693839,0.0374267499986,9617.55909298,268.698965352,1548.88139171,0.915878048286,0.155725341567,0.952724502205,748.578804574,4579.79004428
573,0.767857142857,0,-36.8360237077,117.88453617,44.9684761916,14269996.4448,5.85677114978,7.19266606529,0.963022805722,0.0373129504349,9613.71088042,944.941324082,1248.28617569,0.91626333177,0.154906912634,0.951214502112,745.528238418,4577.9575621
573.5,0.767857142857,0,-19.9557468961,131.667831307,44.975997087,14272383.0756,5.80080795576,7.19266606529,0.960480327704,0.037138789304,9592.90699087,1400.99407079,670.970439375,0.916794177006,0.153645386249,0.948838682212,739.704193638,4568.05094804
574,0.767857142857,0,1.36477774891,136.179837394,44.9901088889,14276861.2207,5.80773785613,7.19266606529,0.961715716439,0.0371603556085,9611.03327069,1557.0954379,-46.0176849145,0.917606590215,0.153983599744,0.950035295284,741.797753463,4576.68250985
574.5,0.767857142857,0,22.381632906,130.416611789,45.0139863125,14284438.3232,5.81204824569,7.19266606529,0.961849266154,0.0371737698236,9622.47288913,1364.96849071,-755.882849537,0.917505990667,0.154068373569,0.950157269208,742.994166677,4582.12994721
575,0.767857142857,0,38.4184691472,115.660499379,45.0488821645,14295511.9402,5.82758173087,7.19266606529,0.962644848092,0.0372221110484,9644.98026216,870.035561674,-1302.60264577,0.917443417612,0.154436370413,0.950904830466,745.9240007,4592.84774389
575.5,0.767857142857,0,45.9070147488,95.1948047943,45.0713717668,14302648.6407,5.85977572194,7.19266606529,0.964192642106,0.0373223008605,9669.33342106,177.158342066,-1565.56616546,0.917217919794,0.15518028529,0.952354705081,750.265636493,4604.44448622
576,0.767857142857,0,43.1810329843,73.5732416342,45.1039746226,14312994.6136,5.87531407361,7.19266606529,0.964562144706,0.0373706572302,9686.67873334,-562.04062355,-1477.43664109,0.916750559554,0.155464750262,0.952684317309,752.728775985,4612.70415873
576.5,0.767857142857,0,30.8470676571,55.6067097102,45.1125332073,14315710.5378,5.88763777542,7.19266606529,0.965007354317,0.0374090093987,9694.53024966,-1179.15024082,-1057.57044325,0.916524989165,0.155720831123,0.953094775258,754.254829343,4616.44297603
577,0.767857142857,0,11.649484243,45.2928471397,45.0656878387,14300844.9408,5.92582533637,7.19266606529,0.966933581026,0.0375278515935,9692.74964024,-1538.45207899,-400.879324809,0.916346086578,0.156624852691,0.954901851125,757.058850149,4615.59506678
577.5,0.767857142857,0,-10.1401643763,44.9265370043,44.9818008054,14274224.7889,5.94671307126,7.19266606529,0.967504553768,0.0375928555947,9661.90896308,-1549.22331772,348.528336925,0.915791728134,0.157023678291,0.955417107241,756.163621,4600.90903004
578,0.767857142857,0,-29.6735785816,54.5892850374,44.9268256204,14256779.3302,5.96465292028,7.19266606529,0.968176688135,0.0376486855817,9644.56567031,-1217.06411748,1019.87908934,0.91548851518,0.157403004859,0.956037560473,756.138660651,4592.6503192
578.5,0.767857142857,0,-42.6044815556,72.1310842138,44.9195657132,14254475.5197,5.93201291737,7.19266606529,0.96609608903,0.0375471077515,9621.58863433,-610.594809098,1455.82841138,0.915228101437,0.156541514775,0.954068232723,751.757183305,4581.70887349
579,0.767857142857,0,-46.05568638,93.6488014563,44.9365621398,14259869.0524,5.89645120332,7.19266606529,0.964628422672,0.0374364373645,9615.1124897,124.157788868,1567.13711454,0.915701906476,0.155764961928,0.952704968658,748.594130927,4578.62499509
579.5,0.767857142857,0,-39.2592836988,114.35464316,44.9622701875,14268027.0728,5.85485043005,7.19266606529,0.962868968119,0.0373069730291,9609.57463571,824.792234755,1329.55149965,0.916218143098,0.154850301191,0.95106773903,745.050093542,4575.98792176
580,0.767857142857,0,-23.7275051734,129.641461858,44.9767381362,14272618.2352,5.81615760491,7.19266606529,0.961359950417,0.037186558419,9601.61939661,1336.21642947,799.795990286,0.916822060146,0.154027035929,0.949669135328,741.566028863,4572.19971267
580.5,0.767857142857,0,-2.91624480305,136.107868268,44.9866889808,14275775.9699,5.8085991062,7.19266606529,0.961529922419,0.0371630358752,9607.71202955,1554.1787046,98.299178438,0.917383762707,0.153958465365,0.949851395685,741.563919247,4575.10096645
581,0.767857142857,0,18.5438937946,132.315056457,45.0078493772,14282490.869,5.80168781152,7.19266606529,0.961261743673,0.0371415274728,9614.23590083,1426.31572282,-625.059954926,0.917493488089,0.153811903182,0.949602828214,741.555099523,4578.20757182
581.5,0.767857142857,0,35.8779285347,119.106944945,45.0408349195,14292958.2811,5.83004604878,7.19266606529,0.962939302751,0.0372297801674,9644.40904186,987.123311699,-1216.75221149,0.91759381761,0.154528163327,0.951188311562,746.100729502,4592.57573422
582,0.767857142857,0,45.2289549075,99.4224008603,45.0639633494,14300297.7029,5.846953675,7.19266606529,0.963444381458,0.0372823978094,9658.98346218,320.558422047,-1538.72910217,0.917182145417,0.154857615861,0.951648134637,748.459483907,4599.51593437
582.5,0.767857142857,0,44.5163254279,77.6413281298,45.096537066,14310634.4289,5.86816301856,7.19266606529,0.964361753608,0.0373484026778,9681.64038602,-422.339381092,-1521.2797562,0.916936697529,0.155327772193,0.952502901933,751.817548161,4610.30494572
583,0.767857142857,0,33.8986035172,58.6101181973,45.1107954437,14315159.0875,5.88656283483,7.19266606529,0.965057115628,0.0374056641131,9694.30227296,-1076.06517556,-1162.06575654,0.916628801014,0.15571614724,0.953145792427,754.174036432,4616.3344157
583.5,0.767857142857,0,15.7382823937,46.5633050602,45.0794398272,14305208.9052,5.91665873583,7.19266606529,0.96644244857,0.0374993245313,9693.97492906,-1493.51651772,-541.141188302,0.916361691403,0.156401876606,0.954439971256,756.44252942,4616.17853765
584,0.767857142857,0,-5.9238808139,44.181361477,44.9978210794,14279308.5559,5.94687352052,7.19266606529,0.967654015894,0.0375933549233,9670.27081004,-1576.28026441,203.796898307,0.91592479561,0.157055812019,0.955563198706,756.857185958,4604.89086193
584.5,0.767857142857,0,-26.2679525922,51.9942811328,44.9322012256,14258485.1889,5.95882209728,7.19266606529,0.967851652763,0.037630539678,9643.78554597,-1305.36565164,902.213773998,0.915486186078,0.15725829501,0.955731504097,755.624290028,4592.27883142
585,0.767857142857,0,-40.7672809892,68.2636525435,44.9154800217,14253178.9936,5.92549345482,7.19266606529,0.965824831588,0.0375268187563,9617.29724106,-741.934802377,1391.52470877,0.915312740536,0.156398581023,0.953816204147,750.934152345,4579.66535289
585.5,0.767857142857,0,-46.1956970303,89.3694638132,44.9312949802,14258197.6071,5.89866879931,7.19266606529,0.96485084195,0.0374433386687,9615.01073423,-21.4604876205,1572.28435899,0.91579654589,0.155839455461,0.952918262467,748.776577071,4578.57654011
586,0.767857142857,0,-41.3453525357,110.615572359,44.9574143099,14266486.141,5.87114032174,7.19266606529,0.963737013158,0.0373576682406,9615.74922886,699.788240897,1403.45322536,0.916185950624,0.155243818699,0.951884437662,746.782142714,4578.92820422
586.5,0.767857142857,0,-27.2954720388,127.274618793,44.9781410347,14273063.4217,5.83453106187,7.19266606529,0.962129657124,0.0372437378224,9609.46102024,1259.78749604,922.517667146,0.916585579489,0.154428268779,0.950385439138,743.544154445,4575.93381916
587,0.767857142857,0,-7.17222023599,135.639886688,44.9836046164,14274797.1983,5.80868923603,7.19266606529,0.961255356034,0.0371633163651,9603.67087503,1537.66231345,241.640669181,0.917117036626,0.153905319236,0.949582078758,741.20628579,4573.17660716
587.5,0.767857142857,0,14.5468844071,133.85006447,45.0027058709,14280858.663,5.80373886671,7.19266606529,0.961374089768,0.0371479104911,9613.11033075,1478.19860744,-490.379764156,0.917492179694,0.15386187541,0.949708708513,741.626489187,4577.67158607
588,0.767857142857,0,33.0292386389,122.303396028,45.0334739899,14290622.4128,5.81631878673,7.19266606529,0.962146914864,0.0371870600274,9633.67373574,1092.73758703,-1117.29090342,0.917564043015,0.154185141013,0.950440164086,744.20122559,4587.46368368
588.5,0.767857142857,0,44.162431445,103.569069565,45.0603460745,14299149.821,5.84676562673,7.19266606529,0.96364328563,0.0372818125908,9659.4151251,461.667827878,-1502.56240495,0.917381422854,0.154894579517,0.951843466504,748.517955814,4599.72148814
589,0.767857142857,0,45.4692749008,81.8155611069,45.0927113661,14309420.4069,5.8744585542,7.19266606529,0.964713458576,0.0373679947977,9683.36663163,-279.923615363,-1555.13700871,0.91693942743,0.15548326528,0.952834391913,752.442484871,4611.12696745
589.5,0.767857142857,0,36.6589901719,61.8831289156,45.1174667242,14317276.1072,5.90083843151,7.19266606529,0.965751554832,0.0374500907064,9703.7879702,-966.208384883,-1259.74983415,0.916537408728,0.156048688398,0.953796299953,756.008177567,4620.85141438
590,0.767857142857,0,19.6919071764,48.206833193,45.0905130932,14308722.8216,5.90811208067,7.19266606529,0.96575072342,0.0374727267798,9692.03342531,-1435.37288117,-676.31222276,0.916154454478,0.156147424617,0.953780187897,755.582928939,4615.25401205
590.5,0.767857142857,0,-1.65671807025,43.8297142608,45.015909053,14285048.4728,5.94433374703,7.19266606529,0.967644500562,0.0375854509816,9678.00682181,-1589.28543106,57.0279748169,0.91604886462,0.157019291795,0.955559253839,757.289649038,4608.57467705
591,0.767857142857,0,-22.63671573,49.7257017323,44.9425504008,14261769.3272,5.96138236184,7.19266606529,0.968032273722,0.0376385073893,9649.96004765,-1384.54686282,778.203347959,0.915523053805,0.157329431484,0.955903023426,756.314381436,4595.21907031
591.5,0.767857142857,0,-38.5799373422,64.5829105782,44.9144878545,14252864.1458,5.93769252184,7.19266606529,0.966460336597,0.0375647830531,9622.89079523,-869.158501848,1319.27302868,0.915275576135,0.156691697597,0.95441312179,752.308288465,4582.32895011
592,0.767857142857,0,-45.9389408795,85.0955417357,44.9286609706,14257361.748,5.91414791329,7.19266606529,0.965520728581,0.0374915106868,9620.17756707,-167.273649326,1566.81408487,0.915619459385,0.156183539867,0.953542129415,750.341849577,4581.0369367
592.5,0.767857142857,0,-43.076313336,106.699437996,44.9532010633,14265149.1374,5.87798502775,7.19266606529,0.963879502993,0.0373789694147,9615.21277603,567.192761527,1463.07756726,0.915961244309,0.155365040439,0.952009762479,747.225191456,4578.67275049
593,0.767857142857,0,-30.6290028457,124.587630516,44.9746642302,14271960.1157,5.834926322,7.19266606529,0.962047245738,0.0372449678978,9607.15058333,1168.7101121,1034.94876104,0.916486214982,0.154417264675,0.950303845639,743.376232573,4574.83361111
593.5,0.767857142857,0,-11.3665947177,134.779912065,44.9813191546,14274071.9451,5.80719647966,7.19266606529,0.961166613179,0.0371586708094,9601.84663286,1508.16537264,382.821309101,0.917111298643,0.153867563623,0.949498182185,740.949159302,4572.30792041
594,0.767857142857,0,10.4249343614,135.008451913,44.9984747848,14279515.9984,5.80520578034,7.19266606529,0.961478128411,0.0371524756225,9612.3041364,1517.36155298,-351.453869666,0.917513849707,0.153902309364,0.949807652649,741.681900779,4577.287684
594.5,0.767857142857,0,29.8968663613,125.222398865,45.026727087,14288481.3956,5.81936786759,7.19266606529,0.962293645265,0.0371965489671,9632.18054589,1191.66620389,-1011.48946107,0.917542748211,0.154255499254,0.950577658018,744.317744697,4586.7526409
595,0.767857142857,0,42.7166045455,107.599195894,45.0549546406,14297438.9393,5.83711277809,7.19266606529,0.963061696755,0.0372517722926,9651.52469541,597.691580609,-1450.71144406,0.91733715974,0.154648219052,0.951293569115,747.148611385,4595.96414067
595.5,0.767857142857,0,46.0316966858,86.0600888051,45.0837363589,14306572.3379,5.86945709018,7.19266606529,0.964583717984,0.0373524299136,9678.3271175,-134.617721354,-1572.79740873,0.917079557892,0.155389519215,0.952717718078,751.689498397,4608.72719881
596,0.767857142857,0,39.1045191408,65.3976305456,45.1128636529,14315815.3992,5.87775569853,7.19266606529,0.964549511404,0.0373782557272,9690.31925435,-842.266465281,-1338.75012219,0.916610014966,0.155495385574,0.95266682477,753.173887196,4614.43774017
596.5,0.767857142857,0,23.4764015958,50.2093155611,45.0992207927,14311486.0649,5.91909006314,7.19266606529,0.96671194176,0.0375068909813,9705.11645052,-1370.11530152,-808.364508042,0.916489544148,0.156488833812,0.954698900232,757.527473039,4621.48402406
597,0.767857142857,0,2.62467393654,43.8746155926,45.0326048209,14290346.5965,5.94025315778,7.19266606529,0.967250315506,0.0375727519202,9681.3601908,-1587.55623324,-90.3367532157,0.915889500994,0.156884741157,0.955181690845,757.202082542,4610.17151943
597.5,0.767857142857,0,-18.8110560565,47.8030312696,44.9512179068,14264519.8158,5.94067143681,7.19266606529,0.966949017715,0.0375740536319,9643.40768269,-1446.59805567,644.881325251,0.915582288498,0.156830100516,0.954885611965,754.204820446,4592.09889652
598,0.767857142857,0,-36.0612373284,61.1204715699,44.9186183893,14254174.9022,5.95553549585,7.19266606529,0.967764994131,0.0376203115587,9637.16998669,-990.920845267,1237.34124888,0.915576216657,0.157196116013,0.955653573643,754.868925532,4589.12856509
598.5,0.767857142857,0,-45.2876231616,80.8637431966,44.925208408,14256266.1348,5.92231757796,7.19266606529,0.965699500969,0.0375169352192,9620.29255053,-311.850206236,1545.81410383,0.915360448542,0.156330335569,0.953700095827,750.931665435,4581.09169073
599,0.767857142857,0,-44.4372991789,102.639875066,44.9461926934,14262925.148,5.88185384713,7.19266606529,0.963968816735,0.0373910094344,9613.01688942,429.370883389,1509.51511026,0.915842648566,0.155435320955,0.952089191317,747.330126701,4577.6270902
599.5,0.767857142857,0,-33.6994664784,121.6035751,44.9677967103,14269780.8227,5.82797255473,7.19266606529,0.961603197934,0.0372233273179,9599.96418458,1066.29369702,1137.00834749,0.916430051479,0.154235069584,0.949883061057,742.272393565,4571.41151647
600,0.767857142857,0,-15.4633434958,133.535330571,44.9789740839,14273327.7759,5.8036641577,7.19266606529,0.961076626777,0.0371476779918,9600.02748986,1465.47081129,520.521568133,0.917212246226,0.153801991543,0.949417284399,740.556174156,4571.44166184
600.5,0.767857142857,0,6.21344636901,135.780269595,44.9943572744,14278209.3751,5.80666083831,7.19266606529,0.96161254269,0.0371570038584,9611.84776253,1543.56341045,-209.497422203,0.917565127546,0.153948601553,0.949936394331,741.769223512,4577.07036311
601,0.767857142857,0,26.5077151023,127.838882648,45.0259366936,14288230.5774,5.82667127261,7.19266606529,0.962676428915,0.0372192776426,9635.49031135,1281.59441985,-897.810331086,0.917521625488,0.154430300036,0.950937676111,745.13503739,4588.32871969
601.5,0.767857142857,0,40.9038921648,111.478165792,45.0575455889,14298261.1336,5.828136812,7.19266606529,0.962452875177,0.0372238384973,9646.76937433,728.366861093,-1387.13146325,0.917231136861,0.154405814274,0.950715517706,746.063285827,4593.69970206
602,0.767857142857,0,46.1987602402,90.3384557149,45.0766805426,14304333.2922,5.85587601596,7.19266606529,0.963968025985,0.0373101647197,9669.45856842,11.537808935,-1574.89575526,0.917209861713,0.155082702664,0.952142719789,749.970484828,4604.5040802
602.5,0.767857142857,0,41.2141862012,69.1234376447,45.1055070399,14313480.9007,5.87282143636,7.19266606529,0.964483612937,0.0373628999796,9686.6074586,-714.111601676,-1409.78806851,0.916807171688,0.155415269993,0.952612575905,752.540335402,4612.67021838
603,0.767857142857,0,27.0592612882,52.5535531921,45.1109555962,14315209.9092,5.90968925743,7.19266606529,0.966266816481,0.0374776350573,9705.93311794,-1288.27914655,-930.926296357,0.916561174753,0.156271950131,0.95428256369,756.871309299,4621.87291331
603.5,0.767857142857,0,6.88352307574,44.3156798227,45.0485867234,14295418.1869,5.9345179793,7.19266606529,0.96707696844,0.0375549036685,9686.63351675,-1572.36026296,-236.916695081,0.916025969192,0.156771919345,0.955023978223,757.194714747,4612.68262702
604,0.767857142857,0,-14.8238314968,46.2427832266,44.9622453691,14268019.1971,5.94496177815,7.19266606529,0.967274338392,0.0375874054556,9651.26845553,-1502.00539379,508.841203959,0.915665542068,0.156953694505,0.955195266184,755.169572018,4595.84212168
604.5,0.767857142857,0,-33.232813624,57.9060738046,44.920966001,14254919.8776,5.95373835284,7.19266606529,0.967599740296,0.0376147187318,9636.5829574,-1100.92535248,1139.99287062,0.915513937201,0.157138489159,0.955495483878,754.671074117,4588.84902734
605,0.767857142857,0,-44.2473379309,76.710414377,44.9212857651,14255021.3495,5.91837420882,7.19266606529,0.965508891926,0.0375046631957,9616.81277752,-453.271563019,1509.15616124,0.915386535805,0.156238622341,0.953521637426,750.3600691,4579.43465596
605.5,0.767857142857,0,-45.4166207938,98.4717504493,44.9428083551,14261851.1847,5.89318491677,7.19266606529,0.96465620864,0.0374262724665,9618.12972185,288.276605288,1545.43613441,0.91589989276,0.15572615296,0.952739047181,748.61569097,4580.06177231
606,0.767857142857,0,-36.4804912591,118.348082078,44.968721015,14270074.1354,5.85537626178,7.19266606529,0.962947913393,0.0373086094519,9613.10313243,960.450700915,1235.98179599,0.916265559317,0.15487312041,0.951144012662,745.373720949,4577.6681583
606.5,0.767857142857,0,-19.4272803082,131.916831701,44.9759106575,14272355.6487,5.79851624478,7.19266606529,0.960374576489,0.037131657349,9591.86995476,1408.88487461,652.978774167,0.916814426633,0.153593504764,0.948739754853,739.451575506,4567.55712131
607,0.767857142857,0,1.94859216727,136.158888511,44.9907935168,14277078.476,5.80778726663,7.19266606529,0.961753323583,0.0371605093772,9611.6976781,1556.51846867,-65.7082480557,0.917639858258,0.153991714108,0.950072055618,741.859421129,4576.99889434
607.5,0.767857142857,0,22.8908936922,130.130374855,45.015049683,14284775.7661,5.81502562294,7.19266606529,0.962013591656,0.0371830356169,9624.49627019,1356.00645108,-773.483916611,0.917505273386,0.154141221174,0.950312165872,743.380594669,4583.093462
608,0.767857142857,0,38.7398633738,115.172663462,45.05296139,14296806.4144,5.82918498249,7.19266606529,0.962688376864,0.0372271004727,9647.12608028,853.817522753,-1313.99580451,0.917400195522,0.154466722458,0.950944162194,746.205721488,4593.86956204
608.5,0.767857142857,0,45.969030684,94.6139156874,45.0717757387,14302776.8344,5.85963284702,7.19266606529,0.964160256946,0.0373218562244,9669.18753735,157.342614143,-1567.62454009,0.917194645476,0.155171905588,0.952323265358,750.238570812,4604.37501778
609,0.767857142857,0,42.9698717899,73.0285499042,45.1048402459,14313269.3047,5.87525110117,7.19266606529,0.964560838422,0.0373704612559,9687.03886928,-580.695344,-1470.25765858,0.916752633672,0.155463635101,0.95268316903,752.752269008,4612.87565204
609.5,0.767857142857,0,30.4097136952,55.2194118368,45.1122755714,14315628.7813,5.88817852331,7.19266606529,0.965038266022,0.0374106922416,9694.71609027,-1192.51830342,-1042.65459839,0.916525903334,0.155734339889,0.953123932214,754.311645106,4616.53147156
610,0.767857142857,0,11.0832508334,45.149118727,45.064000765,14300309.5761,5.92709717913,7.19266606529,0.96699572392,0.0375318096516,9692.61467422,-1543.57560143,-381.438114154,0.916338236589,0.156654601776,0.95496005286,757.145952713,4615.53079725
610.5,0.767857142857,0,-10.7092876285,45.0583583022,44.9797635959,14273578.3144,5.94685283351,7.19266606529,0.967492782877,0.0375932905439,9660.91421054,-1544.54809775,368.055309286,0.915773265454,0.157023224216,0.955405279172,756.092943357,4600.43533835
611,0.767857142857,0,-30.1189590677,54.9673251853,44.922807811,14255504.3454,5.9474627946,7.19266606529,0.967223551785,0.0375951887829,9633.78988309,-1200.6018575,1032.20431766,0.915486486374,0.156977587568,0.955140217114,753.96015305,4587.51899195
611.5,0.767857142857,0,-42.8270200163,72.6712274951,44.9187634415,14254220.9321,5.92717177445,7.19266606529,0.96609166977,0.0375320417971,9621.30424514,-591.864111878,1462.75658932,0.915477632107,0.156474778762,0.954074112515,751.409856505,4581.57345007
612,0.767857142857,0,-46.0058669577,94.2308634426,44.9371281173,14260048.6559,5.89647320538,7.19266606529,0.964703671261,0.0374365058363,9616.09842358,143.981393628,1565.63522541,0.915772182593,0.155780273225,0.95277865834,748.686574923,4579.09448742
612.5,0.767857142857,0,-38.9481914501,114.849112313,44.963032068,14268268.8429,5.85341342437,7.19266606529,0.962789071033,0.0373025009732,9609.13936473,841.374278515,1318.7596429,0.916217823697,0.154814949622,0.950992430703,744.905246268,4575.78064987
613,0.767857142857,0,-23.2243595914,129.938316459,44.9757750086,14272312.6027,5.8122140664,7.19266606529,0.961163337494,0.0371742858685,9599.34237904,1345.35853584,782.333688198,0.916842921196,0.15393475932,0.949484585839,741.090021132,4571.11541859
613.5,0.767857142857,0,-2.33299815343,136.141056767,44.9873912754,14275998.8314,5.80860389756,7.19266606529,0.961590190631,0.0371630507862,9608.60946668,1555.46717401,78.6480045954,0.917441010422,0.153970463467,0.949910460749,741.644865236,4575.52831747
614,0.767857142857,0,19.0774663805,132.077194257,45.0088693806,14282814.5501,5.80245301261,7.19266606529,0.961304095996,0.0371439088288,9615.07598245,1418.5350868,-643.152565332,0.917493418534,0.153830632549,0.9496427599,741.679013087,4578.60761069
614.5,0.767857142857,0,36.2431046393,118.650957508,45.0441509218,14294010.5592,5.83431133994,7.19266606529,0.963164150001,0.0372430540333,9647.97399655,972.446275077,-1230.13243429,0.917582709405,0.154630581997,0.951399815027,746.705168439,4594.27333169
615,0.767857142857,0,45.3444811246,98.8497475411,45.0663919503,14301068.3789,5.85271362867,7.19266606529,0.963698559553,0.037300323163,9662.43131328,301.358794173,-1544.10711612,0.917120226325,0.154986236511,0.951885231677,749.161876202,4601.15776823
615.5,0.767857142857,0,44.3564966291,77.0794269945,45.0976623344,14310991.5141,5.86993513941,7.19266606529,0.964371994912,0.0373539176342,9682.18789182,-441.637739025,-1516.14815178,0.916853080148,0.155353866365,0.95250923142,751.981375314,4610.56566277
616,0.767857142857,0,33.4989823643,58.1839948995,45.1109228733,14315199.5251,5.89791651558,7.19266606529,0.965658904075,0.0374409975124,9700.1123744,-1092.60055623,-1150.39605534,0.916603075123,0.155990471069,0.953711654668,755.506926818,4619.10113067
616.5,0.767857142857,0,15.1877864787,46.367774044,45.0780089222,14304754.8313,5.91802295663,7.19266606529,0.966344150744,0.0375035700759,9692.35214909,-1500.13399212,-522.176310341,0.916196871398,0.156400794806,0.954340781289,756.389276582,4615.40578528
617,0.767857142857,0,-6.50276355283,44.259929316,44.9956110883,14278607.252,5.94715485548,7.19266606529,0.967648664663,0.0375942304561,9669.26187644,-1573.45043364,223.693929176,0.915904991747,0.157058574026,0.955557360242,756.796153187,4604.41041735
617.5,0.767857142857,0,-26.7464180145,52.3294661122,44.9310678333,14258125.5258,5.95824591054,7.19266606529,0.967815459669,0.037628746547,9642.95359347,-1293.66358758,918.512787382,0.915482102186,0.15724318155,0.955697268175,755.513553683,4591.88266356
618,0.767857142857,0,-41.0388682811,68.780874424,44.9169094351,14253632.5941,5.9301414014,7.19266606529,0.966090743895,0.037541283471,9620.43773611,-724.865490327,1401.92673221,0.915321104393,0.156514987941,0.954066943119,751.540902574,4581.16082672
618.5,0.767857142857,0,-46.199976738,89.9536382862,44.9316550352,14258311.8645,5.89580285165,7.19266606529,0.964621164382,0.0374344196516,9612.95460748,-1.57710198872,1571.60012462,0.915729074164,0.155754710396,0.952699216299,748.381388538,4577.59743213
619,0.767857142857,0,-41.081372404,111.136717848,44.9580687056,14266693.8026,5.8685646733,7.19266606529,0.963638171809,0.0373496526537,9615.1050084,717.24684176,1394.04257668,0.91622755512,0.155189210923,0.951792956232,746.54119111,4578.62143257
619.5,0.767857142857,0,-26.8219688925,127.616777969,44.9785986589,14273208.6411,5.83242865042,7.19266606529,0.962052451897,0.03723719498,9608.93559854,1271.0170533,906.275914804,0.916622970188,0.154384489661,0.950314136611,743.348491888,4575.68361835
620,0.767857142857,0,-6.59455075907,135.726927519,44.9843070332,14275020.0985,5.80867704462,7.19266606529,0.961286669885,0.0371632784247,9604.28148887,1540.7033525,222.193945977,0.917147557278,0.153911354649,0.949612797867,741.25850116,4573.46737565
620.5,0.767857142857,0,15.1001860306,133.662619961,45.0035463932,14281125.3888,5.80473233582,7.19266606529,0.961429356254,0.0371510022321,9613.99698176,1472.16797438,-509.131387474,0.917492356674,0.153886251377,0.949760825508,741.771690873,4578.09380084
621,0.767857142857,0,33.4350601874,121.883173466,45.0296891822,14289421.3672,5.81218277237,7.19266606529,0.961902464285,0.0371741884794,9629.71316854,1077.61107535,-1130.06289042,0.917549621085,0.154080730759,0.95020913461,743.572269647,4585.5776993
621.5,0.767857142857,0,44.3304757093,103.009570454,45.0612780017,14299445.5525,5.84747069243,7.19266606529,0.963745444173,0.0372840068015,9660.81584928,442.735321958,-1508.63301027,0.917441464712,0.15492443777,0.951942118466,748.693211496,4600.38849966
622,0.767857142857,0,45.3621512393,81.2412766374,45.0918511824,14309147.4419,5.87004275174,7.19266606529,0.964458014189,0.0373542525308,9680.54718968,-299.340327153,-1550.30826186,0.916929191977,0.155372449641,0.952593304201,751.877519673,4609.78437604
622.5,0.767857142857,0,36.3005341046,61.4218400921,45.1154812996,14316646.0657,5.89677414305,7.19266606529,0.965593983042,0.0374374423741,9701.45011278,-981.428097756,-1246.6290429,0.916601512915,0.155961986975,0.953650439521,755.521636811,4619.73814894
623,0.767857142857,0,19.1618768695,47.9611789552,45.0890865576,14308270.1343,5.90624642193,7.19266606529,0.965709624201,0.0374669207274,9691.05085462,-1443.40801936,-657.925366414,0.916213455032,0.156113850373,0.953743840947,755.372668329,4614.78612125
623.5,0.767857142857,0,-2.24038837284,43.8543538355,45.0137509372,14284363.6307,5.9448497374,7.19266606529,0.967701673237,0.0375870567775,9677.63508884,-1588.47197031,77.1209080091,0.916075947896,0.157037777645,0.955614175081,757.306187075,4608.39766135
624,0.767857142857,0,-23.1441566323,50.0151526978,44.9417506076,14261515.5261,5.96531175841,7.19266606529,0.968241742597,0.0376507359291,9651.60394258,-1375.3825652,796.103315782,0.915515563603,0.157425044924,0.956099892926,756.747079855,4596.00187742
624.5,0.767857142857,0,-38.8982408493,65.0727687292,44.9138929162,14252675.3521,5.93379981429,7.19266606529,0.966184819613,0.0375526686919,9619.99710509,-851.796665727,1329.20465567,0.915218537919,0.15658357995,0.954151398399,751.76927764,4580.95100242
625,0.767857142857,0,-45.9972829595,85.6768113225,44.9290736764,14257492.7133,5.9125945425,7.19266606529,0.965494362837,0.037486676495,9620.12663604,-147.426409884,1568.56773946,0.915675967207,0.156157157257,0.953519563418,750.228884137,4581.01268383
625.5,0.767857142857,0,-42.8617126008,107.242783793,44.9541029925,14265435.3496,5.87645886291,7.19266606529,0.963818756202,0.0373742198897,9615.0295858,585.547229651,1455.5397419,0.915983794069,0.155332237898,0.951953424801,747.097406491,4578.58551705
626,0.767857142857,0,-30.1892089713,124.97215552,44.9746571664,14271957.8741,5.83189349568,7.19266606529,0.961902533375,0.0372355295434,9605.77735929,1181.16890341,1019.627024,0.916508370279,0.154347501801,0.95016830986,743.040155489,4574.1796949
626.5,0.767857142857,0,-10.7994639161,134.920057648,44.9819317829,14274266.3525,5.80731875489,7.19266606529,0.961219532419,0.0371590513379,9602.63019259,1513.04589037,363.759205839,0.917155326102,0.15387969396,0.949549800899,741.02775755,4572.68104409
627,0.767857142857,0,10.9932128112,134.873035022,44.9992153969,14279751.0193,5.80599555772,7.19266606529,0.96152005699,0.0371549334615,9613.01994711,1513.03266971,-370.670049849,0.917512074665,0.153921292617,0.949847116516,741.797801672,4577.62854624
627.5,0.767857142857,0,30.3398478232,124.841550397,45.0304832426,14289673.349,5.82008408107,7.19266606529,0.962321331889,0.0371987778704,9634.04761962,1179.09383928,-1026.74901792,0.917531283207,0.154270684518,0.950603308843,744.515217278,4587.64172363
628,0.767857142857,0,42.9357235542,107.05765643,45.0559039807,14297740.1965,5.83901841372,7.19266606529,0.963156416661,0.0372577027557,9652.8330923,579.491801195,-1458.63529849,0.91732676255,0.154692850309,0.951382437001,747.395732744,4596.58718681
628.5,0.767857142857,0,45.9781982281,85.4783534308,45.0847890811,14306906.4017,5.87085439428,7.19266606529,0.964632054627,0.0373567784156,9679.23063039,-154.529930587,-1571.33196324,0.917051893791,0.155418114428,0.95276216309,751.862937731,4609.15744304
629,0.767857142857,0,38.7903068759,64.905138126,45.1134437915,14315999.4965,5.87851588694,7.19266606529,0.964570271594,0.0373806214834,9690.75923398,-859.229004141,-1328.15063556,0.916589730298,0.155509842407,0.952685576998,753.263284972,4614.64725428
629.5,0.767857142857,0,22.9713892351,49.9156479832,45.0973314415,14310886.5108,5.91831660967,7.19266606529,0.966657466091,0.0375044839434,9703.77733318,-1379.92264558,-790.800863956,0.916478508515,0.156467415914,0.954647155143,757.36033328,4620.84634913
630,0.767857142857,0,2.04122911293,43.8451152779,45.0305695672,14289700.7427,5.94095877368,7.19266606529,0.967301226739,0.0375749478431,9680.97550286,-1588.62854479,-70.2581071275,0.915900728903,0.156904548905,0.9552300783,757.229233608,4609.98833469
630.5,0.767857142857,0,-19.3431141172,48.0442621773,44.949845222,14264084.2171,5.9416234408,7.19266606529,0.966990871781,0.0375770163308,9643.21249785,-1438.43608035,663.171110709,0.915572045607,0.156851446277,0.954924605435,754.261405231,4592.00595136
631,0.767857142857,0,-36.4235231975,61.578758685,44.9177720484,14253906.33,5.95434010247,7.19266606529,0.967684249951,0.0376165914161,9636.03468761,-974.957742475,1249.46674764,0.915562397147,0.157163633406,0.955577002595,754.684501523,4588.58794648
631.5,0.767857142857,0,-45.3995265239,81.4371154738,44.92514525,14256246.0927,5.92084443602,7.19266606529,0.965636320146,0.0375123507048,9619.67233999,-292.217258812,1549.30562845,0.915377800821,0.156297675439,0.953641293094,750.77267178,4580.79635237
632,0.767857142857,0,-44.2739210084,103.200754469,44.9471920951,14263242.2915,5.88208472881,7.19266606529,0.96400410351,0.0373917279534,9613.78866915,448.472970203,1504.13045743,0.915864033508,0.155445484666,0.95212328729,747.412230717,4577.99460436
632.5,0.767857142857,0,-33.2971591889,122.027163314,44.9689905547,14270159.6694,5.82993351608,7.19266606529,0.961708276586,0.0372294299583,9601.47373079,1080.97470985,1123.83936847,0.916426699781,0.154282442325,0.949981982829,742.539805457,4572.13034799
633,0.767857142857,0,-14.9116223572,133.727377222,44.9794351336,14273474.0824,5.80390938664,7.19266606529,0.961060389885,0.0371484411603,9600.05823419,1471.96656775,501.960350139,0.917183779049,0.153802093377,0.94940086147,740.571846477,4571.45630199
633.5,0.767857142857,0,6.79182080041,135.698043396,44.9950797508,14278438.6409,5.80685361374,7.19266606529,0.961619500754,0.0371576037882,9612.22141457,1540.88037986,-229.011630196,0.917561567623,0.153952587129,0.949942815472,741.81224923,4577.24829265
634,0.767857142857,0,26.9840517868,127.500679316,45.0267344949,14288483.7464,5.82754266935,7.19266606529,0.962721807075,0.0372219894864,9636.26410283,1270.35567477,-914.099262756,0.917518827012,0.154451104322,0.950980341907,745.261828709,4588.69719182
634.5,0.767857142857,0,41.1722039427,110.959237164,45.055411543,14297583.9296,5.82780471272,7.19266606529,0.962421194358,0.0372228049826,9645.54755785,710.652021641,-1396.00071025,0.917218486848,0.15439503339,0.950685156203,745.940529884,4593.11788469
635,0.767857142857,0,46.1993464752,89.7542658595,45.0776791027,14304650.1686,5.85654021412,7.19266606529,0.964009906906,0.037312231748,9670.28974069,-8.37827832827,-1575.16160592,0.917214682779,0.155100041445,0.952182377695,750.087565608,4604.89987652
635.5,0.767857142857,0,40.9469164531,68.6039715606,45.1070916796,14313983.7597,5.87176225414,7.19266606529,0.964414789426,0.0373596037351,9686.62476001,-731.799829987,-1400.49105766,0.916797529505,0.155387188409,0.952547346714,752.457228467,4612.67845715
636,0.767857142857,0,26.583604337,52.2143945337,45.1105656301,14315086.16,5.91111942834,7.19266606529,0.966362240492,0.037482085843,9706.68564986,-1300.24525549,-914.771775824,0.916576550897,0.156310470595,0.954373052527,757.044786441,4622.23126184
636.5,0.767857142857,0,6.30531483714,44.2322929916,45.0467397293,14294832.0741,5.93539413753,7.19266606529,0.96710354825,0.0375576303304,9686.08456499,-1575.27444313,-217.022043884,0.916005207831,0.156789172453,0.955048168437,757.215950158,4612.42122142
637,0.767857142857,0,-15.3759369618,46.4337221862,44.9603694863,14267423.917,5.94538276389,7.19266606529,0.967284196903,0.0375887155909,9650.55172846,-1495.39991588,527.774599829,0.915652823455,0.156961404386,0.955204034043,755.14365239,4595.50082308
637.5,0.767857142857,0,-33.6359702446,58.3288537356,44.9217109439,14255156.2729,5.96012374829,7.19266606529,0.967946542106,0.0376345905013,9640.19275903,-1087.5412934,1155.01050323,0.915507826106,0.157295073159,0.955821704471,755.448137403,4590.56798049
638,0.767857142857,0,-44.411841457,77.2709647499,44.9219042573,14255217.6177,5.91662654896,7.19266606529,0.965314463249,0.0374992243636,9615.19327442,-433.99068123,1514.20158323,0.915293845954,0.156176009962,0.95333480934,750.08001781,4578.66346401
638.5,0.767857142857,0,-45.3058684147,99.0453461617,44.9435489627,14262086.2042,5.89318103737,7.19266606529,0.964682714549,0.0374262603935,9618.70901469,307.815401706,1541.77008114,0.915925262855,0.155731386877,0.95276502867,748.665525503,4580.33762604
639,0.767857142857,0,-36.1191259018,118.807095378,44.9687317848,14270077.553,5.8540083373,7.19266606529,0.962872231964,0.0373043523812,9612.38691288,975.791204388,1223.47376239,0.916265615633,0.154839540191,0.951072692589,745.212462943,4577.32710137
639.5,0.767857142857,0,-18.8957074694,132.159129963,44.9761262089,14272424.0503,5.79782494097,7.19266606529,0.960357077639,0.0371295059662,9591.80290659,1416.9243596,635.065007953,0.916834284829,0.153580704978,0.948724029338,739.397040179,4567.52519361
640,0.767857142857,0,2.53209502292,136.130559229,44.9914641634,14277291.2945,5.80766553354,7.19266606529,0.961757091016,0.0371601305358,9612.02414236,1555.60045099,-85.3865252323,0.917649893684,0.153990812789,0.950076000643,741.877195801,4577.15435351
640.5,0.767857142857,0,23.3964944265,129.837721428,45.0165085544,14285238.7146,5.81761138724,7.19266606529,0.962158809725,0.037191082685,9626.50745272,1346.76192974,-790.94654146,0.917507040558,0.154204997194,0.950449141513,743.736373276,4584.05116796
641,0.767857142857,0,39.0550634379,114.680802658,45.0537763923,14297065.0418,5.82926556003,7.19266606529,0.962653453477,0.0372273512352,9647.12615162,837.133030421,-1324.68477876,0.917362658348,0.154460886752,0.950909765244,746.204526822,4593.86959601
641.5,0.767857142857,0,46.0236965767,94.032288856,45.0721867331,14302907.2566,5.85937310555,7.19266606529,0.964144631118,0.0373210478919,9669.21390147,137.504749613,-1569.45027998,0.917193475736,0.155165273033,0.952308494331,750.220184986,4604.38757213
642,0.767857142857,0,42.7518400921,72.4865717593,45.1053781224,14313439.9909,5.87705770145,7.19266606529,0.964664888971,0.0373760835145,9688.2682738,-599.428402613,-1463.25818469,0.916756404346,0.15550888874,0.952781352229,752.989344876,4613.46108276
642.5,0.767857142857,0,29.9674974882,54.8376750727,45.1117328314,14315456.5518,5.90054459425,7.19266606529,0.965695523391,0.0374491762656,9700.76949283,-1207.89381516,-1029.44145322,0.916499676954,0.156033510455,0.9537420135,755.742516696,4619.41404421
643,0.767857142857,0,10.5152453097,45.0125615746,45.0622720428,14299760.9949,5.9281518227,7.19266606529,0.966864671012,0.0375350917715,9690.54527126,-1548.03937354,-361.834643882,0.916158720056,0.156642747085,0.954829421914,757.030571418,4614.54536727
643.5,0.767857142857,0,-11.2766985601,45.1973653723,44.9777090311,14272926.3325,5.94712485528,7.19266606529,0.967491661777,0.0375941370935,9660.01472898,-1539.66420017,387.529198078,0.91575795576,0.15702670615,0.955403604927,756.040636565,4600.0070138
644,0.767857142857,0,-30.5595237979,55.3509667488,44.921165671,14254983.2396,5.94178735724,7.19266606529,0.966905405185,0.0375775264495,9630.06301392,-1186.30058297,1046.28549472,0.915482537673,0.156836561091,0.954840523949,753.2277347,4585.74429234
644.5,0.767857142857,0,-43.0427108141,73.2141414942,44.9189317035,14254274.3273,5.92630298605,7.19266606529,0.966130543313,0.0375293380706,9621.77889812,-573.310371528,1470.09654108,0.915560017699,0.156470736337,0.954114032288,751.396073623,4581.7994753
645,0.767857142857,0,-45.948691603,94.8122489512,44.9377302237,14260239.7243,5.89634947399,7.19266606529,0.964710109589,0.0374361207761,9616.42241033,163.770617318,1563.72741002,0.915784794339,0.15577987747,0.952785226826,748.704736092,4579.24876682
645.5,0.767857142857,0,-38.6308717292,115.339608313,44.9637600367,14268499.8516,5.85180395639,7.19266606529,0.962701848358,0.0372974922032,9608.62062583,857.793006787,1307.72706532,0.916219619887,0.154775809739,0.950910300962,744.741036103,4575.53363135
646,0.767857142857,0,-22.7175006391,130.228785275,44.9754171364,14272199.038,5.80899432898,7.19266606529,0.961009441116,0.0371642658344,9597.73192619,1354.47016888,764.879593471,0.916866285884,0.153860751439,0.949340401403,740.721936083,4570.34853628
646.5,0.767857142857,0,-1.74937847799,136.166867719,44.9880841891,14276218.716,5.8084105152,7.19266606529,0.961628458503,0.0371624489676,9609.28894988,1556.4353791,58.9772425363,0.917487750724,0.153975424298,0.949948371506,741.691607692,4575.85188089
647,0.767857142857,0,19.6079886478,131.832604284,45.0099475138,14283156.6777,5.8045242535,7.19266606529,0.961421873906,0.0371503546663,9616.66218544,1410.82741176,-661.290119208,0.917496225824,0.153881955858,0.949753921886,741.962007621,4579.36294545
647.5,0.767857142857,0,36.6024857911,118.190389034,45.0476163135,14295110.2435,5.83836342516,7.19266606529,0.963357263796,0.0372556643883,9651.2926569,957.538443709,-1243.27079124,0.917552641762,0.154723842758,0.951580650665,747.270487677,4595.85364614
648,0.767857142857,0,45.452757159,98.2756792254,45.0689339676,14301875.0457,5.85819213696,7.19266606529,0.963940350951,0.0373173726402,9665.81095186,282.064508431,-1549.19122114,0.917061402258,0.155108624704,0.952110760906,749.838051535,4602.76711993
648.5,0.767857142857,0,44.1895756177,76.5195917448,45.0987580263,14311339.2137,5.87144546252,7.19266606529,0.964372012716,0.0373586178588,9682.62643106,-460.8566637,-1510.71540298,0.916773548497,0.155374371961,0.952506089102,752.117176979,4610.77449098
649,0.767857142857,0,33.0940050196,57.7629587002,45.1118176609,14315483.4711,5.88890436294,7.19266606529,0.965136639537,0.0374129511022,9695.48429142,-1105.49473221,-1134.8823199,0.91658114976,0.155763814192,0.953218808079,754.439090189,4616.89728163
649.5,0.767857142857,0,14.6348621706,46.1792194359,45.0761832551,14304175.4863,5.91866596791,7.19266606529,0.96651774507,0.0375055711692,9693.28063455,-1506.91322436,-503.265050454,0.916327699642,0.156444243329,0.954509517047,756.538119797,4615.84792121
650,0.767857142857,0,-7.08060655722,44.3458105889,44.9933125299,14277877.8428,5.94749353177,7.19266606529,0.967657547584,0.037595284439,9668.35480889,-1570.39962868,243.556660445,0.915895657411,0.157064969679,0.955565345808,756.74964941,4603.97848042
650.5,0.767857142857,0,-27.2206069204,52.6706742777,44.9299555248,14257772.5532,5.95741332133,7.19266606529,0.967764202401,0.0376261554748,9641.98731802,-1281.7061854,934.622299901,0.915477185923,0.157221552776,0.955648817489,755.372231703,4591.42253239
651,0.767857142857,0,-41.3038938199,69.3014890556,44.9179636617,14253967.1353,5.93241079497,7.19266606529,0.966229026217,0.0375483459726,9622.20730907,-707.378478451,1411.57427425,0.91533319017,0.156573530377,0.954197641464,751.857298706,4582.00348051
651.5,0.767857142857,0,-46.1968694769,90.537820172,44.9326367661,14258623.4004,5.89572237783,7.19266606529,0.964582009065,0.0374341692118,9612.98922891,18.2949629881,1571.47325678,0.91569613073,0.155745806486,0.952661016836,748.371308288,4577.61391853
652,0.767857142857,0,-40.8108237232,111.654483763,44.9582352902,14266746.6654,5.86261344508,7.19266606529,0.963309900178,0.0373311320411,9612.05185283,734.130619379,1383.56913171,0.916228723346,0.155043197165,0.951483675221,745.844315813,4577.16754897
652.5,0.767857142857,0,-26.3441771499,127.952922553,44.9790394813,14273348.5287,5.83011234721,7.19266606529,0.962014814302,0.0372299864925,9608.79958042,1282.07757789,889.925638399,0.916709364261,0.154345670102,0.950282057576,743.176146037,4575.61884782
653,0.767857142857,0,-6.01582687164,135.806657017,44.9849851296,14275235.2811,5.80847555906,7.19266606529,0.961310746657,0.0371626513884,9604.81395667,1543.45673628,202.703473993,0.917181182965,0.153913397095,0.949636815046,741.290685886,4573.72093175
653.5,0.767857142857,0,15.6510732676,133.468194183,45.004391705,14281393.6344,5.80549831824,7.19266606529,0.961474889847,0.0371533860197,9614.79391126,1465.85212422,-527.791858542,0.917495281596,0.153905625386,0.949803872583,741.892948132,4578.47329108
654,0.767857142857,0,33.8355357647,121.457853066,45.0305084392,14289681.3447,5.81617174041,7.19266606529,0.962111979223,0.0371866024096,9632.06103056,1063.93347735,-1144.34888957,0.917538501511,0.154176228424,0.95040622607,744.060201841,4586.69572884
654.5,0.767857142857,0,44.4914319215,102.447991226,45.0621904303,14299735.0965,5.8479283762,7.19266606529,0.963709986758,0.0372854311434,9660.84471972,423.638802045,-1514.16373757,0.917383557504,0.154923601488,0.951906413285,748.719490201,4600.40224748
655,0.767857142857,0,45.2477745699,80.6683926105,45.0905931222,14308748.2174,5.86520696254,7.19266606529,0.964183080785,0.0373392032376,9677.37187614,-318.654531011,-1545.11519646,0.916922547773,0.155252094334,0.952333983734,751.253175325,4608.27232197
655.5,0.767857142857,0,35.9362739021,60.9651206644,45.1133554526,14315971.4636,5.89255862408,7.19266606529,0.965434423976,0.0374243234026,9699.0355199,-996.44894787,-1233.29812762,0.916671714118,0.155872855126,0.953502941797,755.018700088,4618.58834281
656,0.767857142857,0,18.6287827475,47.7222463541,45.0876470365,14307813.3263,5.90708132035,7.19266606529,0.965820354215,0.037469518986,9691.51662935,-1451.83024632,-639.717769099,0.916274651129,0.156147313514,0.95385058471,755.486341267,4615.00791874
656.5,0.767857142857,0,-2.82370045709,43.886371692,45.0114808802,14283643.266,5.94516346477,7.19266606529,0.967706237152,0.0375880331176,9676.69757247,-1587.26217982,97.1936736951,0.916063827891,0.157042967963,0.955617982182,757.25483414,4607.95122498
657,0.767857142857,0,-23.6478969881,50.3109968878,44.9400913991,14260989.004,5.9649693296,7.19266606529,0.968217981874,0.0376496702682,9650.66367482,-1365.0235895,813.321945614,0.915511009486,0.157415606525,0.956077342539,756.645836733,4595.55413087
657.5,0.767857142857,0,-39.2103248709,65.5666125246,44.9137447885,14252628.3462,5.93154931834,7.19266606529,0.966065601021,0.0375456650008,9618.80384961,-834.625409246,1339.39403511,0.915223508522,0.15652910783,0.954039339251,751.502795997,4580.38278553
658,0.767857142857,0,-46.0482704796,86.258772149,44.9294544479,14257613.5448,5.91085578646,7.19266606529,0.965432594623,0.0374812653721,9619.71596419,-127.553553761,1569.97135114,0.915708636263,0.156121184457,0.953462697634,750.068772734,4580.8171258
658.5,0.767857142857,0,-42.6402586557,107.783372621,44.954553934,14265578.4484,5.87468745405,7.19266606529,0.963747261642,0.0373687071491,9614.55223096,603.768411618,1447.69171678,0.916009035039,0.155293971737,0.951887066273,746.928343616,4578.35820522
659,0.767857142857,0,-29.7445881086,125.351088785,44.9722219928,14271185.1124,5.82388104953,7.19266606529,0.961485751416,0.0372105942853,9600.77589843,1192.360042,1003.25787821,0.916534085791,0.154156432623,0.949776433053,742.039971777,4571.79804687
659.5,0.767857142857,0,-10.2306063754,135.053020911,44.9823442376,14274397.2381,5.80727961564,7.19266606529,0.961339267508,0.037158929534,9603.99402604,1517.78089183,344.656552535,0.917271642325,0.153902869901,0.949667246952,741.1529559,4573.33048859
660,0.767857142857,0,11.5597335433,134.730443329,44.9999473765,14279983.3008,5.80667555526,7.19266606529,0.961558354446,0.0371570496585,9613.6983751,1508.43824979,-389.82721691,0.917512642841,0.153938073012,0.9498832481,741.9028077,4577.95160719
660.5,0.767857142857,0,30.7779782109,124.455131073,45.0312577861,14289919.1375,5.81991440748,7.19266606529,0.962301571115,0.0371982498351,9634.18630868,1166.00993421,-1041.56992678,0.917521411845,0.15426447048,0.950584292269,744.510839283,4587.70776604
661,0.767857142857,0,43.1479775193,106.513389597,45.0565509085,14297945.4883,5.84076279273,7.19266606529,0.963255699496,0.0372631313776,9654.06074484,561.17503032,-1466.2990569,0.917329225682,0.154736207604,0.951476110907,747.626681628,4597.17178326
661.5,0.767857142857,0,45.917348262,84.8973410278,45.0858905801,14307255.9441,5.87204753949,7.19266606529,0.964671535741,0.0373604915618,9680.07130724,-174.421892361,-1569.57202504,0.917026570641,0.155442176422,0.952798356416,752.016086685,4609.55776535
662,0.767857142857,0,38.4698923831,64.4166581535,45.113495723,14316015.9761,5.88489150936,7.19266606529,0.964905174071,0.0374004628386,9693.98399098,-876.819797832,-1318.48151287,0.91657240941,0.155663157548,0.953000404487,754.007653419,4616.18285285
662.5,0.767857142857,0,22.4627039519,49.6283895396,45.0962423946,14310540.9199,5.91551170759,7.19266606529,0.966404518917,0.0374957549041,9700.8496136,-1388.95644078,-772.813295672,0.916385953913,0.156378687326,0.954405224194,756.894296481,4619.45219695
663,0.767857142857,0,1.45745791479,43.8229947222,45.0284944389,14289042.2353,5.94136471716,7.19266606529,0.967366698245,0.0375762111659,9680.72460277,-1589.43226345,-50.1663245256,0.915941446593,0.156923191247,0.955293364662,757.249405532,4609.86885846
663.5,0.767857142857,0,-19.8720793845,48.2922014374,44.9487133042,14263725.0219,5.94570279812,7.19266606529,0.967210345595,0.0375897115584,9644.81101653,-1430.77080843,681.704430971,0.915566152837,0.156950968092,0.955131002876,754.7019711,4592.76715073
664,0.767857142857,0,-36.7799852664,62.0415901059,44.9170288477,14253670.4877,5.95284708395,7.19266606529,0.967539063953,0.0376119450446,9634.31343202,-958.747330175,1261.25601605,0.915503180442,0.157114179448,0.955437927498,754.422062763,4587.76830096
664.5,0.767857142857,0,-45.5041709023,82.0118568808,44.9257038142,14256423.3437,5.91963355515,7.19266606529,0.965592200822,0.0375085823641,9619.50119516,-272.566299529,1552.66415371,0.915399473457,0.156272394019,0.95360061394,750.66989914,4580.71485484
665,0.767857142857,0,-44.1034638285,103.759523187,44.9481734302,14263553.7019,5.88206636093,7.19266606529,0.964021588698,0.0373916707913,9614.38187765,467.486318704,1498.43607713,0.915881611347,0.155448719542,0.952140460286,747.460422272,4578.2770846
665.5,0.767857142857,0,-32.8895279773,122.445630668,44.9718302468,14271060.7983,5.84010352965,7.19266606529,0.962271759083,0.0372610797076,9608.05539267,1097.00804935,1112.01650847,0.916426966427,0.154531917086,0.950513131414,743.834426666,4575.2644727
666,0.767857142857,0,-14.3575169817,133.91243225,44.9797641019,14273578.475,5.80389088306,7.19266606529,0.960904663853,0.0371483835759,9598.65551911,1477.918942,483.217285404,0.917036141164,0.15377102155,0.94924825433,740.433063213,4570.78834243
666.5,0.767857142857,0,7.36910927957,135.608510482,44.9956234101,14278611.1621,5.80742413945,7.19266606529,0.961651416392,0.0371593793016,9612.75830328,1538.03883243,-248.505730893,0.917561836234,0.153966624606,0.949972917839,741.8978159,4577.50395394
667,0.767857142857,0,27.4560739594,127.156479956,45.027518456,14288732.5234,5.82818625682,7.19266606529,0.962748800064,0.0372239923729,9636.85419938,1258.85425645,-930.206403032,0.917510544822,0.154465177047,0.951005460927,745.35568694,4588.97819018
667.5,0.767857142857,0,41.4339326484,110.436957339,45.0530855444,14296845.8128,5.82727876642,7.19266606529,0.962382239884,0.0372211682032,9644.17542232,692.805221295,-1404.59484262,0.917209143925,0.154380185294,0.950648068107,745.791783751,4592.46448682
668,0.767857142857,0,46.1925458421,89.1701152949,45.0786004586,14304942.5455,5.85903079692,7.19266606529,0.964155976647,0.037319982605,9672.08612641,-28.307448623,-1575.63226571,0.917222317911,0.155162883792,0.952320328408,750.422156079,4605.75529829
668.5,0.767857142857,0,40.6730996543,68.0879265127,45.108754858,14314511.5416,5.87040463705,7.19266606529,0.964301545105,0.0373553787416,9686.23934945,-749.307551379,-1390.8615598,0.916761373649,0.155346215871,0.952439209308,752.314295583,4612.49492831
669,0.767857142857,0,26.1036969019,51.8812774604,45.1096456473,14314794.2187,5.911824256,7.19266606529,0.966422059216,0.0374842793129,9706.87075132,-1311.83544517,-898.344765101,0.916596259424,0.156332011506,0.954430180743,757.118231432,4622.31940539
669.5,0.767857142857,0,5.72609843432,44.1562240133,45.044684981,14294180.034,5.9358743528,7.19266606529,0.967119326907,0.0375591247918,9685.34742954,-1577.84630954,-197.080259821,0.915994976069,0.156798871385,0.955062612746,757.193709782,4612.07020454
670,0.767857142857,0,-15.9255839501,46.6316270094,44.9584888809,14266827.1382,5.94555268907,7.19266606529,0.967286235088,0.0375892444092,9649.76095789,-1488.5081853,546.604828141,0.915645852491,0.156964127529,0.955205671337,755.093581298,4595.12426566
670.5,0.767857142857,0,-34.0337487703,58.7566976035,44.9202172011,14254682.2585,5.94366818391,7.19266606529,0.967033561954,0.0375833797055,9630.88253232,-1070.00102322,1165.56648033,0.915505359447,0.156887842048,0.954962106784,753.442200571,4586.1345392
671,0.767857142857,0,-44.5692439214,77.8335503834,44.9225248305,14255414.5462,5.91463892888,7.19266606529,0.965456422175,0.0374930387595,9616.9040482,-414.824638808,1519.62331611,0.915532715238,0.156177364815,0.953478086688,750.107249145,4579.47811819
671.5,0.767857142857,0,-45.187872027,99.6174956031,44.9439293513,14262206.9142,5.89186826034,7.19266606529,0.964640441618,0.0374221749453,9618.48142641,327.236148138,1537.52138757,0.915954116408,0.155705129824,0.952726358053,748.551967804,4580.22925067
672,0.767857142857,0,-35.7519854148,119.261502677,44.9685918443,14270033.1453,5.85246334834,7.19266606529,0.962806712481,0.0372995442742,9611.71064029,990.959944772,1210.76439182,0.916284673057,0.154805584294,0.951011699546,745.044402737,4577.00506681
672.5,0.767857142857,0,-18.3611133737,132.394687352,44.9764629654,14272530.9144,5.7978381893,7.19266606529,0.960381305009,0.0371295471959,9592.18637389,1424.90865899,617.127075797,0.916856713474,0.153585676563,0.948747750585,739.432048113,4567.70779709
673,0.767857142857,0,3.11519301892,136.094854078,44.9919309406,14277439.4185,5.8079264072,7.19266606529,0.961771355585,0.0371609423918,9612.35958372,1554.49280805,-105.05609011,0.917649701363,0.15399716706,0.950089442421,741.923202955,4577.31408748
673.5,0.767857142857,0,23.8983542676,129.538698301,45.0184326999,14285849.3101,5.81979174452,7.19266606529,0.962275725655,0.0371978680999,9628.44535615,1337.22411922,-808.257659206,0.917503253514,0.154257687138,0.950559214113,744.054101106,4584.97397912
674,0.767857142857,0,39.3640189419,114.184995612,45.0545873382,14297322.382,5.82909618989,7.19266606529,0.962610850057,0.0372268241442,9647.05336792,820.288519393,-1335.11923398,0.917331006367,0.154450141877,0.950868360372,746.179479057,4593.83493711
674.5,0.767857142857,0,46.0710036861,93.4500172972,45.072614007,14303042.8449,5.85896321887,7.19266606529,0.964124497659,0.0373197722977,9669.20557628,117.643732261,-1570.99641993,0.917195934474,0.155155706624,0.952289619335,750.188154656,4604.38360775
675,0.767857142857,0,42.526972752,71.9473938572,45.1052861941,14313410.8189,5.88141284013,7.19266606529,0.964912420682,0.0373896369917,9690.60254451,-618.311155781,-1456.57094971,0.916762354681,0.155617349228,0.953014797975,753.511449791,4614.57264025
675.5,0.767857142857,0,29.5204897427,54.4615604542,45.1107937176,14315158.5397,5.92046409442,7.19266606529,0.966732034804,0.0375111670568,9710.26871572,-1224.50334732,-1017.15041422,0.916436453557,0.156511555927,0.954715689423,758.026350775,4623.93748368
676,0.767857142857,0,9.94555849107,44.8831975169,45.0600844811,14299066.8087,5.92851583618,7.19266606529,0.966579647855,0.0375362246054,9686.76269047,-1551.82416954,-342.084482867,0.915869554762,0.156590683385,0.954549391955,756.705481128,4612.74413832
676.5,0.767857142857,0,-11.842306447,45.3435359884,44.976024118,14272391.6535,5.95008230333,7.19266606529,0.967649738355,0.0376033408659,9660.79343756,-1535.22941812,407.122633602,0.915752671576,0.157098686328,0.955552212146,756.330532346,4600.37782741
677,0.767857142857,0,-30.9952023298,55.7401483871,44.9203584336,14254727.0762,5.94026537536,7.19266606529,0.966775868537,0.0375727899421,9628.46942287,-1172.58478677,1060.84822332,0.915439607095,0.156789897254,0.954716828514,752.976562781,4584.98543946
677.5,0.767857142857,0,-43.2515194621,73.7597394041,44.9191629827,14254347.7198,5.92548328568,7.19266606529,0.966108504944,0.0375267871093,9621.67765042,-554.626378619,1477.09659383,0.915582111145,0.156455178017,0.954094167442,751.329097067,4581.7512621
678,0.767857142857,0,-45.8841694579,95.3928650236,44.938369766,14260442.6724,5.89607684953,7.19266606529,0.964707557248,0.0374352723509,9616.67665861,183.530425165,1561.53382147,0.91579669351,0.155775666111,0.952783297752,748.705805905,4579.36983743
678.5,0.767857142857,0,-38.3073752725,115.826052732,44.9638380332,14268524.6025,5.85187540354,7.19266606529,0.962709962563,0.0372977145514,9608.73281331,874.277666996,1296.80222638,0.916223577534,0.154778390243,0.950918104488,744.756036599,4575.58705396
679,0.767857142857,0,-22.2070093588,130.512821863,44.9752836918,14272156.6915,5.80581976577,7.19266606529,0.960832466547,0.0371543863855,9595.98759351,1363.33430961,747.30854036,0.916865248684,0.153782802377,0.949173496728,740.342277626,4569.51790167
679.5,0.767857142857,0,-1.16547909235,136.185296995,44.9885789276,14276375.713,5.8083168686,7.19266606529,0.961671567759,0.0371621575333,9609.9297135,1557.16444059,39.2948127857,0.917533835136,0.153982692878,0.949990821262,741.742933837,4576.15700643
680,0.767857142857,0,20.1353757707,131.581325647,45.0110060767,14283492.595,5.80716221443,7.19266606529,0.961569556093,0.0371585641738,9618.52505031,1403.01050621,-679.394976305,0.917497585271,0.153946874275,0.949893220313,742.309934957,4580.25002396
680.5,0.767857142857,0,36.9560145282,117.725313167,45.0495663182,14295729.045,5.83989416422,7.19266606529,0.963401928482,0.0372604281487,9652.53992601,942.003128954,-1255.62806486,0.917514347127,0.154753464268,0.951621237997,747.478259754,4596.44758382
681,0.767857142857,0,45.5537656985,97.7002877015,45.0695499288,14302070.5107,5.85899189966,7.19266606529,0.963961312719,0.0373198615542,9666.26676305,262.485712295,-1552.8267385,0.917039180522,0.155123644078,0.952129633786,749.931157682,4602.98417288
681.5,0.767857142857,0,44.0155890829,75.9619118936,45.099817028,14311675.2702,5.87270701844,7.19266606529,0.964429688676,0.0373625439035,9683.62892309,-480.033054415,-1505.11504909,0.916761938321,0.155402980307,0.952559970709,752.290989847,4611.25186814
682,0.767857142857,0,32.6837362354,57.3470769196,45.1127308342,14315773.2514,5.88172825668,7.19266606529,0.964719892617,0.0373906185887,9691.87588409,-1118.5038314,-1119.55931522,0.916562835757,0.155583271759,0.95282546939,753.595144612,4615.17899242
682.5,0.767857142857,0,14.079597877,45.9976713841,45.0743358042,14303589.2285,5.91913862676,7.19266606529,0.966653801479,0.0375070421145,9693.82966123,-1513.35753113,-484.234951938,0.91643187467,0.156477873056,0.954641830932,756.638721906,4616.10936249
683,0.767857142857,0,-7.65731743508,44.4389915641,44.9915148624,14277307.383,5.95123917932,7.19266606529,0.967857605898,0.0376069411399,9669.48491943,-1567.97859679,263.525989859,0.915888796016,0.157156118424,0.95575341054,757.12830584,4604.5166283
683.5,0.767857142857,0,-27.6904434914,53.0178510732,44.928862806,14257425.7971,5.9563668942,7.19266606529,0.96764883854,0.0376228989249,9640.40044611,-1269.42205195,950.481803146,0.91542281383,0.157184155623,0.95553801519,755.15582391,4590.6668791
684,0.767857142857,0,-41.5623152303,69.8254131964,44.9186937402,14254198.8136,5.93278977949,7.19266606529,0.966266023664,0.0375495253973,9622.87758825,-689.550920865,1420.56603287,0.915348380017,0.156586090566,0.954233090805,751.942054959,4582.32266107
684.5,0.767857142857,0,-46.1863757438,91.1219160651,44.9336321407,14258939.266,5.89577549877,7.19266606529,0.964579153284,0.0374343345276,9613.38577589,38.1658095402,1571.1874309,0.915690629246,0.155745958028,0.95265810704,748.405193592,4577.80275042
685,0.767857142857,0,-40.5337497517,112.168787316,44.9587033425,14266895.194,5.85839313484,7.19266606529,0.963075424636,0.0373179981588,9610.01949824,751.078823092,1373.28400624,0.916227952197,0.154939357087,0.951262688299,745.360306468,4576.19976107
685.5,0.767857142857,0,-25.8621732058,128.282998799,44.9781732112,14273073.6324,5.82465962263,7.19266606529,0.961777030212,0.0372130172559,9606.18738842,1292.16459121,872.924940997,0.916770630606,0.154224718016,0.950060314322,742.565156808,4574.37494687
686,0.767857142857,0,-5.43614110655,135.879062435,44.9853524302,14275351.8379,5.80826788794,7.19266606529,0.961382201088,0.0371620051023,9605.68355938,1546.03557632,183.187430228,0.917260339841,0.153924736364,0.94970728476,741.357405193,4574.13502828
686.5,0.767857142857,0,16.199458036,133.266818225,45.0040438879,14281283.2604,5.80241881086,7.19266606529,0.961307310426,0.0371438023907,9613.04700088,1458.32939659,-546.010703623,0.917498296313,0.153830806136,0.949645981521,741.520824523,4577.64142899
687,0.767857142857,0,34.2306013382,121.027502833,45.033068807,14290493.8347,5.81951717319,7.19266606529,0.962344354972,0.0371970136159,9635.3946447,1050.11975422,-1158.52799557,0.917583205902,0.154267571048,0.950627051945,744.585689589,4588.28316415
687.5,0.767857142857,0,44.6452743462,101.884421675,45.0628831602,14299954.9228,5.8477540248,7.19266606529,0.963649304143,0.0372848885504,9660.54183385,404.433791964,-1519.3046907,0.917334992288,0.154909180627,0.951847303956,748.672814421,4600.25801612
688,0.767857142857,0,45.1261631804,80.0970006253,45.0891646949,14308294.9298,5.86018732383,7.19266606529,0.963907609876,0.0373235817926,9674.122177,-337.8772198,-1539.64490745,0.916925078836,0.155129182731,0.952074506958,750.610855801,4606.72484619
688.5,0.767857142857,0,35.5662678064,60.5130436579,45.1110804491,14315249.5292,5.88819759115,7.19266606529,0.965269578265,0.037410751582,9696.50746483,-1011.26359238,-1219.75531595,0.916744584319,0.155780714379,0.953350560961,754.496285553,4617.38450706
689,0.767857142857,0,18.0927100475,47.4900735929,45.0861587993,14307341.059,5.90773842442,7.19266606529,0.965923472226,0.037471563937,9691.88935587,-1459.98279483,-621.385347231,0.916337959782,0.156176841632,0.953950243167,755.579324667,4615.18540756
689.5,0.767857142857,0,-3.40656105654,43.9257627109,45.0092873715,14282947.1926,5.94711692305,7.19266606529,0.967804296485,0.0375941124079,9676.68530514,-1586.21899708,117.279247157,0.916054288886,0.157089241326,0.955709916157,757.404137086,4607.9453834
690,0.767857142857,0,-24.1478562537,50.6131869993,44.9385071252,14260486.2611,5.96440748038,7.19266606529,0.968156910233,0.0376479217566,9649.39141864,-1354.3634719,830.353408745,0.915482652818,0.157395688949,0.956018705855,756.496758987,4594.94829459
690.5,0.767857142857,0,-39.5161395073,66.0643630032,44.9136582482,14252600.8841,5.9292667589,7.19266606529,0.965947969312,0.0375385615261,9617.65331435,-817.334387639,1349.364535,0.915231664179,0.156474526173,0.953928899697,751.237852182,4579.8349116
691,0.767857142857,0,-46.0918952875,86.8413311648,44.9298131519,14257727.3735,5.90894032935,7.19266606529,0.965361532137,0.037475304344,9619.20767614,-107.665736955,1571.07887299,0.91574177085,0.156080957515,0.953397095059,749.887480006,4580.57508387
691.5,0.767857142857,0,-42.4119869094,108.321118044,44.9547805416,14265650.3585,5.87273902101,7.19266606529,0.963668661037,0.0373626434976,9613.91228335,621.863290116,1439.56595093,0.916036841165,0.155251894096,0.95181411251,746.733488063,4578.05346826
692,0.767857142857,0,-29.2952113486,125.724369722,44.9708893199,14270762.2108,5.82036528118,7.19266606529,0.961320696427,0.0371996529836,9598.645324,1204.25166521,987.527766724,0.916562371176,0.154076162046,0.949621941538,741.609630646,4570.78348762
692.5,0.767857142857,0,-9.66011305099,135.178780593,44.9825604979,14274465.8647,5.80703907832,7.19266606529,0.96137942388,0.0371581809661,9604.48947484,1522.0786659,325.450394903,0.917322680399,0.153907566795,0.949707106405,741.182701494,4573.56641659
693,0.767857142857,0,12.1244059759,134.580699633,44.998982452,14279677.0981,5.80127507587,7.19266606529,0.961262586635,0.0371402430124,9610.46510661,1502.0389675,-408.502566889,0.917516134666,0.153806488488,0.949604508316,741.236848175,4576.41195553
693.5,0.767857142857,0,31.2111874714,124.063202677,45.0320762776,14290178.8721,5.81970587628,7.19266606529,0.962372231691,0.0371976008723,9635.24288749,1152.87198511,-1056.34528846,0.917599809172,0.15427565129,0.950653983981,744.591866857,4588.2108988
694,0.767857142857,0,43.3533325034,105.966482419,45.0571771738,14298144.2232,5.8422527591,7.19266606529,0.963341472268,0.0372677682507,9655.15060835,542.735106216,-1473.67309236,0.917332252906,0.154773438625,0.951557072087,747.82735628,4597.69076588
694.5,0.767857142857,0,45.8491565169,84.317144495,45.0870370251,14307619.7493,5.87305426652,7.19266606529,0.964704568541,0.0373636245623,9680.87108845,-194.289673209,-1567.52492278,0.917004940791,0.155462424473,0.952828620258,752.152295069,4609.93861355
695,0.767857142857,0,38.1433268938,63.9322687317,45.1129010836,14315827.2772,5.89649946377,7.19266606529,0.965532714577,0.0374365875542,9699.73565487,-895.021246932,-1309.63019556,0.916557794759,0.155946029298,0.953590979903,755.357926236,4618.92174042
695.5,0.767857142857,0,21.9504270805,49.3475861604,45.0951558703,14310196.1295,5.91257302874,7.19266606529,0.966064106587,0.0374866095428,9697.05496953,-1397.58401916,-754.630862082,0.916217442508,0.156270689,0.954077866681,756.335122998,4617.64522359
696,0.767857142857,0,0.873453681985,43.8082574623,45.0261000412,14288282.4131,5.94146431745,7.19266606529,0.967417266225,0.0375765211285,9680.19495542,-1589.88678802,-30.0636519135,0.915984106377,0.156934675723,0.955342697405,757.224287606,4609.61664544
696.5,0.767857142857,0,-20.3978672816,48.5468094067,44.9475540059,14263357.1379,5.94815429934,7.19266606529,0.967344451566,0.037597340791,9645.58778456,-1422.50922619,699.973970336,0.915564707017,0.157011233902,0.955257201197,754.952816133,4593.13704027
697,0.767857142857,0,-37.1305665401,62.50889183,44.9178637069,14253935.4163,5.95518066485,7.19266606529,0.967630550504,0.0376192073014,9635.52554136,-943.058584963,1273.7318308,0.915467594152,0.157164322225,0.95552261242,754.690889174,4588.34549588
697.5,0.767857142857,0,-45.6015395652,82.5878755213,44.9263783788,14256637.4055,5.91892839486,7.19266606529,0.965517463571,0.0375063878591,9619.06632607,-252.879662644,1555.78902843,0.91536559925,0.156247868678,0.953528869581,750.574628659,4580.50777432
698,0.767857142857,0,-43.9259548937,104.316091879,44.9491455774,14263862.1966,5.88181228634,7.19266606529,0.964018301145,0.0373908800946,9614.77060283,486.404206648,1492.43029608,0.915891847866,0.155444617111,0.952137770424,747.473028036,4578.46219182
698.5,0.767857142857,0,-32.4766380202,122.858910251,44.9731763095,14271487.9489,5.84267968069,7.19266606529,0.962418296593,0.0372690968587,9610.0282385,1111.50781066,1098.57681059,0.916430654815,0.154595897013,0.950651393427,744.186938866,4576.2039231
699,0.767857142857,0,-13.8011159659,134.090466068,44.9800871434,14273680.9868,5.80362900029,7.19266606529,0.960850965047,0.0371475685796,9598.26660858,1483.79544817,464.454900935,0.916998743166,0.153756853724,0.949196159292,740.375477305,4570.60314694
699.5,0.767857142857,0,7.94521950315,135.51168517,44.9946350889,14278297.5349,5.80120287018,7.19266606529,0.961310446532,0.0371400183035,9609.08446536,1533.19467,-267.658034385,0.917565637916,0.15381498238,0.949651571245,741.134559484,4575.75450731
700,0.767857142857,0,27.923706148,126.806339603,45.0282832986,14288975.2334,5.82861157461,7.19266606529,0.962867149242,0.0372253159897,9638.3481128,1247.26996394,-946.260897877,0.917600857361,0.154494413223,0.95112057465,745.522089474,4589.68957753
700.5,0.767857142857,0,41.6890364337,109.911409825,45.0512563675,14296265.354,5.82791127144,7.19266606529,0.96241081848,0.0372231366003,9643.66313644,674.99677458,-1413.25829638,0.917202969609,0.154394418562,0.950674765071,745.799979565,4592.22054116
701,0.767857142857,0,46.1783594284,88.5860974215,45.0795253788,14305236.0535,5.86137474018,7.19266606529,0.964276240781,0.0373272771102,9673.63037633,-48.2476579776,-1575.77878813,0.917213135872,0.155218615107,0.952433291982,750.722497896,4606.49065539
701.5,0.767857142857,0,40.3927795855,67.5753850121,45.1097526134,14314828.1626,5.87179485208,7.19266606529,0.964342767103,0.037359705182,9687.04912496,-767.002061283,-1381.57757535,0.916727346567,0.15537329245,0.952476697893,752.47870955,4612.88053569
702,0.767857142857,0,25.619615716,51.5542552346,45.1076235543,14314152.5412,5.9226927199,7.19266606529,0.967002760309,0.0375181026855,9711.5536931,-1325.20538733,-883.095202741,0.916576077672,0.156596028436,0.954976245962,758.328878767,4624.54937767
702.5,0.767857142857,0,5.14596647886,44.0874850504,45.0424126211,14293458.9384,5.93595933334,7.19266606529,0.966957450942,0.0375593892568,9682.76023943,-1579.73785553,-177.060177576,0.915837202803,0.156767624276,0.95490383371,756.966436272,4610.83820925
703,0.767857142857,0,-16.4726845779,46.836466053,44.9599207129,14267281.5062,5.96253668654,7.19266606529,0.968224681579,0.0376420997234,9659.30052795,-1485.53298942,566.930325836,0.915644618886,0.157383774409,0.956089069723,757.160565384,4599.66691807
703.5,0.767857142857,0,-34.4260855997,59.1895369998,44.920420541,14254746.785,5.94632727951,7.19266606529,0.9669202162,0.0375916549854,9629.7930702,-1055.27777716,1179.11513007,0.915258820186,0.156901344374,0.954845435217,753.51386629,4585.61574772
704,0.767857142857,0,-44.7195201568,78.3980813248,44.9233648893,14255681.1249,5.91594613555,7.19266606529,0.965488035269,0.0374971068724,9617.54841811,-395.6523152,1525.03927842,0.915494115383,0.15620144991,0.95350631163,750.250986764,4579.784961
704.5,0.767857142857,0,-45.062650497,100.188107292,44.9441159196,14262266.1185,5.89014050651,7.19266606529,0.964524827211,0.0374167980621,9617.45407236,346.550583726,1532.81540789,0.915935140161,0.155658615958,0.952616688055,748.334565359,4579.74003446
705,0.767857142857,0,-35.3791285007,119.71123132,44.9683176202,14269946.1248,5.85075800174,7.19266606529,0.962738639657,0.0372942371237,9610.95504809,1005.93993177,1197.83921868,0.916309754668,0.154768951987,0.950948536942,744.859015124,4576.645261
705.5,0.767857142857,0,-17.8235834979,132.623466205,44.976784984,14272633.1016,5.79761396946,7.19266606529,0.960394813627,0.0371288494091,9592.46229028,1432.61522926,599.067589588,0.916881470034,0.153585319962,0.948761455263,739.440919528,4567.83918585
706,0.767857142857,0,3.69779292302,136.051778766,44.9911090933,14277178.619,5.80200624685,7.19266606529,0.96144647731,0.0371425184644,9608.91068233,1551.52720126,-124.582078227,0.917652956286,0.153852766398,0.949783249842,741.200434437,4575.67175349
706.5,0.767857142857,0,24.3963929727,129.233353284,45.0204817434,14286499.5399,5.82176597714,7.19266606529,0.962475330101,0.0372040120413,9631.26225444,1327.5882859,-825.531411864,0.917589194977,0.154323985534,0.950750759691,744.441650916,4586.31535926
707,0.767857142857,0,39.6666804864,113.685321598,45.0556312482,14297653.6494,5.82910370535,7.19266606529,0.962581192268,0.0372268475329,9647.20532826,803.348108768,-1345.39666764,0.91730234664,0.154444360946,0.950839276249,746.186127129,4593.90729917
707.5,0.767857142857,0,46.1109444485,92.8671941111,45.0730598161,14303184.315,5.85844440488,7.19266606529,0.964095627598,0.0373181577145,9669.12056911,97.7636551191,-1572.25995017,0.917195825372,0.155142924988,0.952262409672,750.141193536,4604.34312815
708,0.767857142857,0,42.2953057241,71.4111024075,45.1045215726,14313168.179,5.88128097533,7.19266606529,0.964913042653,0.0373892266198,9690.28300622,-636.651010242,-1448.57159946,0.916769886317,0.155615681957,0.953015683857,753.477830284,4614.42047915
708.5,0.767857142857,0,29.0687619313,54.0911281188,45.110946718,14315207.0918,5.91717743926,7.19266606529,0.966552041006,0.0375009387704,9708.61132353,-1236.6371654,-1001.07604258,0.916438367832,0.156430838707,0.954546259269,757.64055548,4623.1482493
709,0.767857142857,0,9.37428146534,44.7610472379,45.0578647318,14298362.4082,5.92863612227,7.19266606529,0.966636658149,0.0375365989436,9686.37254857,-1556.00190104,-322.430093767,0.915917265791,0.156603725838,0.954604995897,756.693949194,4612.55835646
709.5,0.767857142857,0,-12.4060208535,45.4968467793,44.9762569265,14272465.5313,5.97015270473,7.19266606529,0.968758547163,0.0376658012717,9671.44537244,-1534.80649072,427.853757588,0.915750925449,0.157594823828,0.956595895239,758.726974431,4605.45017735
710,0.767857142857,0,-31.4259250022,56.1348078736,44.919959604,14254600.5143,5.94059780207,7.19266606529,0.96648657572,0.0375738244758,9625.43295341,-1158.66169085,1075.20474898,0.915148268358,0.156736488936,0.954432693472,752.706705561,4583.53950162
710.5,0.767857142857,0,-43.4534125736,74.3079339885,44.9194064933,14254424.9939,5.9244320824,7.19266606529,0.966045252703,0.0375235156957,9621.1793232,-535.81831014,1483.75198511,0.915577285557,0.156428229147,0.954034409037,751.207827856,4581.51396343
711,0.767857142857,0,-45.8123108387,95.9726188245,44.9390615541,14260662.1998,5.89567867366,7.19266606529,0.964701596353,0.0374340332015,9616.92221629,203.258304941,1559.07030403,0.915811953306,0.155769069848,0.952778292011,748.697152813,4579.48676966
711.5,0.767857142857,0,-37.9777538044,116.308367794,44.963646814,14268463.9223,5.85184889782,7.19266606529,0.962714568558,0.0372976320639,9608.69725793,890.600886558,1285.63738628,0.916229357793,0.154778946587,0.950922673809,744.752379086,4575.57012282
712,0.767857142857,0,-21.6929673735,130.790380809,44.975207208,14272132.4207,5.80246091442,7.19266606529,0.960646771745,0.0371439334197,9594.18495965,1371.93679463,729.617609208,0.916865633469,0.153700656322,0.94899841944,739.944292829,4568.65950459
712.5,0.767857142857,0,-0.581393356886,136.196341649,44.9880943814,14276221.9504,5.80335796088,7.19266606529,0.961447708459,0.0371467250871,9607.60691023,1556.37648791,19.5874157689,0.917582594697,0.153871293756,0.949781659248,741.19035213,4575.05090963
713,0.767857142857,0,20.6595434246,131.323398523,45.0107055407,14283397.2249,5.80667428958,7.19266606529,0.96161794689,0.0371570457196,9618.88713259,1394.31605654,-697.085286964,0.917569572522,0.153949853405,0.949941663716,742.314387013,4580.42244409
713.5,0.767857142857,0,37.3036343246,117.255804266,45.0453104199,14294378.5066,5.83293822873,7.19266606529,0.963023694735,0.0372387808211,9647.10360332,924.862710763,-1265.81259632,0.917521430219,0.154584100575,0.951265010009,746.519142796,4593.85885872
714,0.767857142857,0,45.6474905926,97.1236649696,45.0699978048,14302212.6367,5.85937475422,7.19266606529,0.964088677253,0.0373210530227,9667.71799707,242.882532394,-1556.35872264,0.917140159745,0.155154167779,0.952253654667,750.093629542,4603.6752367
714.5,0.767857142857,0,43.8345648436,75.4064766088,45.1008385091,14311999.4202,5.87371423687,7.19266606529,0.96447964033,0.0373656784334,9684.54381188,-499.124645013,-1499.22064949,0.916756380412,0.155426600047,0.952606814239,752.439414113,4611.68752947
715,0.767857142857,0,32.26824161,56.9364160534,45.1129555601,14315844.5644,5.88410405569,7.19266606529,0.964836088788,0.0373980122311,9693.08001827,-1132.98546918,-1105.73157826,0.916548213974,0.155638692954,0.952934355977,753.871097646,4615.75238965
715.5,0.767857142857,0,13.52208238,45.8231589166,45.072413939,14302979.3567,5.91935626099,7.19266606529,0.966629473988,0.0375077194065,9692.75634873,-1519.21146793,-465.015200684,0.916397385327,0.156475972576,0.954617535458,756.565011776,4615.5982613
716,0.767857142857,0,-8.23280397541,44.5394573426,44.9924106575,14277591.6486,5.97238893732,7.19266606529,0.969024822716,0.0376727605742,9680.98491622,-1569.78709329,284.284979166,0.91588563671,0.157678810975,0.956851992995,759.676722575,4609.99281725
716.5,0.767857142857,0,-28.1558526048,53.3709409881,44.9278530895,14257105.3804,5.95541214599,7.19266606529,0.967271520676,0.0376199276859,9636.25828148,-1256.5364101,965.868491022,0.915115808146,0.157095486413,0.955170383659,754.695909968,4588.69441975
717,0.767857142857,0,-41.8140911931,70.3525630758,44.9186867629,14254196.5994,5.93098402736,7.19266606529,0.966180769541,0.0375439057782,9622.07067102,-671.35463811,1428.79115322,0.915362239082,0.156544463517,0.954153370918,751.74192417,4581.93841477
717.5,0.767857142857,0,-46.1684972165,91.7058325737,44.9345991994,14259246.1459,5.89572858776,7.19266606529,0.964604169939,0.0374341885375,9614.04795292,58.0338454259,1570.69074206,0.915716842255,0.155750311747,0.952682719234,748.45833,4578.11807282
718,0.767857142857,0,-40.250194791,112.679546276,44.9595647923,14267168.5608,5.85795602945,7.19266606529,0.963051939343,0.0373166378581,9610.16445556,768.360249728,1363.63617441,0.916228633197,0.154928763119,0.951240583497,745.337904396,4576.26878836
718.5,0.767857142857,0,-25.3760341282,128.606953932,44.9746875951,14271967.5302,5.81370069489,7.19266606529,0.961176563647,0.0371789123539,9598.97814787,1300.63943919,854.899634283,0.916776976076,0.153957480294,0.949494471964,741.163566346,4570.94197517
719,0.767857142857,0,-4.85558615045,135.944132195,44.985072378,14275262.968,5.80438955108,7.19266606529,0.961333932966,0.0371499354635,9605.16662147,1547.58532741,163.555899817,0.917419429292,0.153862727666,0.949667999573,741.049522032,4573.88886737
719.5,0.767857142857,0,16.745252654,133.058524284,45.0019428682,14280616.5369,5.79456979223,7.19266606529,0.960931095875,0.0371193757298,9608.58099607,1449.46999479,-563.691897955,0.917554597202,0.153650254484,0.949293431122,740.581346324,4575.51476003
720,0.767857142857,0,34.6201937405,120.592191575,45.0336722508,14290685.3276,5.81879597216,7.19266606529,0.962423860255,0.037194769191,9636.45793862,1035.45468356,-1171.79057493,0.917697147506,0.154273561233,0.950706477283,744.634557559,4588.78949458
720.5,0.767857142857,0,44.7919783853,101.31895191,45.0627020218,14299897.4416,5.84590206941,7.19266606529,0.96355764055,0.0372791251438,9659.59159201,385.079698159,-1523.85853871,0.917345461878,0.154865854657,0.951761328745,748.45740376,4599.80552
721,0.767857142857,0,44.9973365154,79.5271920424,45.0904182682,14308692.7304,5.86141358399,7.19266606529,0.96400381997,0.0373273979947,9675.59219902,-357.420606023,-1535.68893385,0.916951963707,0.155164956109,0.952166233361,750.825696831,4607.42485668
721.5,0.767857142857,0,35.1905749781,60.0656813555,45.1086663918,14314483.4683,5.88366698096,7.19266606529,0.964999852713,0.0373966520259,9692.87831468,-1025.73624062,-1205.84832787,0.916726782671,0.155665392532,0.953095751164,753.857054898,4615.65634032
722,0.767857142857,0,17.5537444827,47.264697794,45.0847391155,14306890.546,5.91164970456,7.19266606529,0.966209398105,0.0374837360974,9694.04157613,-1468.6674157,-603.262670776,0.916403730314,0.156287153738,0.954222173833,756.06539506,4616.21027435
722.5,0.767857142857,0,-3.98887697692,43.9725205941,45.0094980526,14283014.0487,5.96935397404,7.19266606529,0.968975193087,0.0376633155694,9687.91275326,-1590.05286345,137.798665948,0.915997509977,0.157627415669,0.956809828538,760.006053935,4613.29178727
723,0.767857142857,0,-24.64395449,50.9216747148,44.9368492968,14259960.1768,5.96137327374,7.19266606529,0.967647749151,0.0376384791065,9643.71020073,-1342.43137436,846.577161493,0.915159862427,0.157252165854,0.955526335524,755.751174609,4592.24295273
723.5,0.767857142857,0,-39.8156358615,66.565940579,44.9139001138,14252677.6361,5.92797347573,7.19266606529,0.965922923383,0.0375345367441,9617.53697385,-800.099976555,1359.40976965,0.915275708056,0.156451927125,0.953907086599,751.137443497,4579.77951136
724,0.767857142857,0,-46.1281504077,87.4243952239,44.9301574224,14257836.622,5.90686893058,7.19266606529,0.965266695217,0.0374688580151,9618.46143655,-87.7663939181,1571.86438577,0.915760544726,0.156033868612,0.95330852302,749.672730886,4580.21973169
724.5,0.767857142857,0,-42.1769338604,108.855934083,44.9548102644,14265659.7906,5.87061965703,7.19266606529,0.963582972914,0.0373560478979,9613.12155096,639.828279391,1431.16723379,0.916066911098,0.155206092694,0.951734568456,746.51417876,4577.67692903
725,0.767857142857,0,-28.8411505427,126.091938648,44.9744747364,14271899.983,5.83211438536,7.19266606529,0.962003734387,0.0372362169666,9606.69754488,1219.16137235,974.234635013,0.916593137979,0.154370569988,0.950267040336,743.145178572,4574.61787851
725.5,0.767857142857,0,-9.08807515972,135.297316586,44.9822688507,14274373.3153,5.80366695813,7.19266606529,0.961013779734,0.0371476867069,9600.81091309,1524.88259237,305.939703578,0.917152119454,0.153789590809,0.949355674773,740.604953242,4571.81472052
726,0.767857142857,0,12.6871398229,134.423827876,44.9975476444,14279221.7858,5.79488070382,7.19266606529,0.960959320735,0.0371203433071,9606.97768543,1495.23303913,-427.028276096,0.917565086893,0.153660039271,0.949320456077,740.483844684,4574.75127878
726.5,0.767857142857,0,31.6394063383,123.665827876,45.0331614704,14290523.2399,5.8201032334,7.19266606529,0.962491621378,0.0371988374737,9636.88502862,1139.69223581,-1071.09160905,0.91769263412,0.154304695185,0.950770180315,744.767937397,4588.99287077
727,0.767857142857,0,43.551755672,105.417022342,45.0577893078,14298338.4737,5.84350830807,7.19266606529,0.963405013549,0.0372716756014,9656.0183193,524.172383338,-1480.74168041,0.917326484517,0.154803080284,0.951616731813,747.990901087,4598.10396157
727.5,0.767857142857,0,45.773633896,83.7378566007,45.0882401779,14308001.5498,5.87384128539,7.19266606529,0.96472900437,0.0373660738167,9681.61433536,-214.127643916,-1565.182998,0.916986713974,0.155477978007,0.952850918927,752.26769267,4610.29254065
728,0.767857142857,0,37.8106626229,63.4520473102,45.1120424997,14315554.8199,5.90811502383,7.19266606529,0.966164017996,0.0374727359391,9705.41000748,-913.134454896,-1300.52283906,0.916546369612,0.156230001673,0.954185150893,756.704603268,4621.62381308
728.5,0.767857142857,0,21.4346405294,49.0732827437,45.0947767742,14310075.8297,5.9126138724,7.19266606529,0.965888573134,0.0374867366509,9695.14296726,-1406.67986603,-736.723570559,0.916048821895,0.156236176142,0.953905785914,756.15537056,4616.73474631
729,0.767857142857,0,0.289309791638,43.8009058547,45.0262592486,14288332.9349,5.96296029331,7.19266606529,0.968606484333,0.0376434180155,9691.60716205,-1595.53634623,-9.99163071089,0.915983513463,0.157466157641,0.956462209191,759.794109958,4615.05102955
729.5,0.767857142857,0,-20.9203937397,48.8080453756,44.9472308676,14263254.5953,5.96431028589,7.19266606529,0.967908320518,0.037647619281,9650.68125372,-1416.52443159,719.418369947,0.915252671202,0.157344480001,0.955775378831,756.544276164,4595.56250177
730,0.767857142857,0,-37.4752109636,62.9805891398,44.9196461402,14254501.0418,5.96075736412,7.19266606529,0.967691096902,0.0376365623554,9636.76925621,-927.470861297,1286.37764789,0.915233075029,0.157252467846,0.955570107949,755.174087774,4588.93774105
730.5,0.767857142857,0,-45.691616944,83.1650792952,44.9269874135,14256830.6725,5.91807825358,7.19266606529,0.965385056529,0.0375037421636,9618.03639114,-233.136762763,1558.52512703,0.915284648491,0.15620984781,0.953400923795,750.412331364,4580.01732912
731,0.767857142857,0,-43.741422586,104.870371554,44.9501011902,14264165.4443,5.88132940956,7.19266606529,0.964004564921,0.0373893773503,9615.05369607,505.227729465,1486.13499916,0.915904189023,0.1554353284,0.952125320224,747.460143009,4578.59699813
731.5,0.767857142857,0,-32.0585553352,123.266935985,44.9735959089,14271621.1018,5.84137021436,7.19266606529,0.962353140798,0.0372650217136,9609.58954774,1125.10771025,1084.23955256,0.916437664715,0.154565226748,0.950590258801,744.053183522,4575.99502274
732,0.767857142857,0,-13.2425082733,134.261450209,44.9796910511,14273555.2935,5.79935560236,7.19266606529,0.960634075628,0.0371342694849,9596.0370999,1488.54817121,445.356204536,0.917017752698,0.153656183407,0.948992391185,739.877695192,4569.54147614
732.5,0.767857142857,0,8.5200593562,135.407582941,44.9935388996,14277949.6775,5.79526821204,7.19266606529,0.961046355159,0.0371215492581,9606.12114895,1528.29558563,-286.761995684,0.917627673577,0.153682490891,0.949404970588,740.460088514,4574.34340426
733,0.767857142857,0,28.3868735822,126.45031424,45.0291033516,14289235.4636,5.82948886411,7.19266606529,0.963006200637,0.0372280461722,9640.06184884,1235.56576878,-962.237226526,0.917687008809,0.154533882715,0.951255038873,745.739713896,4590.50564231
733.5,0.767857142857,0,41.9374745098,109.382678652,45.0519305693,14296479.3006,5.83067980453,7.19266606529,0.962550900797,0.0372317524569,9645.28622225,657.370288455,-1422.32403529,0.917190234041,0.154459700008,0.950806311028,746.137652353,4592.99343917
734,0.767857142857,0,46.1567895023,88.0023056187,45.0804656342,14305534.4279,5.86351091583,7.19266606529,0.964352382939,0.037333925029,9674.74649673,-68.1910545059,-1575.5563905,0.917172945211,0.155262757711,0.952503446979,750.967321705,4607.0221413
734.5,0.767857142857,0,40.1060010676,67.0664290097,45.1105616609,14315084.9004,5.87352616725,7.19266606529,0.964406051726,0.0373650931484,9687.9905237,-784.62058304,-1372.13667921,0.916696335659,0.155409394255,0.952535092776,752.680550019,4613.32882081
735,0.767857142857,0,25.1314381794,51.2333801443,45.1052570966,14313401.5853,5.93292197883,7.19266606529,0.967542804309,0.0375499368103,9715.69534299,-1338.23632509,-867.545419195,0.916550944179,0.156843410445,0.955483762565,759.447154837,4626.5215919
735.5,0.767857142857,0,4.56501172875,44.0260870937,45.0420460407,14293342.6102,5.95479648957,7.19266606529,0.967843007631,0.0376180117227,9690.99576502,-1586.20444343,-157.503275895,0.91568871019,0.157201684995,0.95573156925,759.049981812,4614.7598881
736,0.767857142857,0,-17.0171513688,47.0482065649,44.9590980734,14267020.4553,5.96474256761,7.19266606529,0.968057554609,0.03764896457,9657.24568651,-1478.15911022,585.634622306,0.915371175922,0.157380320467,0.955920660043,757.116241815,4598.68842215
736.5,0.767857142857,0,-34.8129180016,59.6273027175,44.9208318637,14254877.3114,5.95237355712,7.19266606529,0.967220785608,0.037610471398,9632.81024754,-1041.24842351,1193.46976825,0.915226800139,0.157043924166,0.955127112772,754.212413343,4587.05249883
737,0.767857142857,0,-44.8626461353,78.9644673107,44.9241818637,14255940.3781,5.91855926349,7.19266606529,0.96554002476,0.037505239098,9618.35658603,-376.461545882,1530.42554375,0.915406347175,0.156247360703,0.953551752474,750.498797169,4580.16980287
737.5,0.767857142857,0,-44.9302238466,100.757089992,44.9442566742,14262310.7846,5.88768636935,7.19266606529,0.964349052594,0.0374091606262,9615.82726336,365.746244127,1527.64926501,0.915897206396,0.155590255054,0.952449585579,748.010602952,4578.9653635
738,0.767857142857,0,-35.0006147759,120.156209399,44.9681972536,14269907.9285,5.84812024454,7.19266606529,0.962630008605,0.0372860282503,9609.88310623,1020.62207397,1184.57859111,0.916345381144,0.154711635003,0.950847564736,744.579178717,4576.13481249
738.5,0.767857142857,0,-17.2832037882,132.845429941,44.9759580438,14272370.6859,5.79042590784,7.19266606529,0.96003664334,0.0371064796898,9588.70989343,1438.44837901,580.248500425,0.916919762416,0.153417412394,0.948425192076,738.605363089,4566.0523302
739,0.767857142857,0,4.27980158266,136.001340181,44.9896714577,14276722.4092,5.7943028744,7.19266606529,0.961128580912,0.037118545064,9605.30539766,1548.04601407,-144.024712216,0.917757302575,0.153685700682,0.949487567502,740.348263244,4573.95495127
739.5,0.767857142857,0,24.8905309098,128.921735201,45.0210525303,14286680.6696,5.82200571116,7.19266606529,0.962605922308,0.0372047581093,9632.79813073,1317.32571675,-842.43254577,0.91770102225,0.154353119941,0.950878262478,744.601072357,4587.04672892
740,0.767857142857,0,39.9629996785,113.18186051,45.0568176926,14298030.1478,5.82912443442,7.19266606529,0.962578689329,0.0372269120431,9647.68808365,786.312253533,-1355.51658253,0.917298866444,0.154444145254,0.950836779962,746.224383948,4594.13718269
740.5,0.767857142857,0,46.1435124774,92.283912486,45.0735351363,14303335.1499,5.85775615847,7.19266606529,0.964057165095,0.0373160158466,9668.95634888,77.8684260202,-1573.23133428,0.917195524449,0.15512593731,0.952226152857,750.074875011,4604.26492804
741,0.767857142857,0,42.0568760499,70.8777831587,45.1035438788,14312857.9242,5.88110782924,7.19266606529,0.964913966318,0.0373886877778,9689.87580708,-654.879141829,-1440.32311338,0.916779877608,0.155613514044,0.953016951904,753.434669202,4614.2265748
741.5,0.767857142857,0,28.6123862812,53.7264372953,45.1117381959,14315458.2542,5.90497570397,7.19266606529,0.965878964856,0.0374629661697,9702.50530375,-1246.84088309,-983.501214606,0.916440881386,0.156130382045,0.953912444823,756.211890497,4620.24062083
742,0.767857142857,0,8.8015055747,44.6461302685,45.0571374988,14298131.6329,5.94627389976,7.19266606529,0.967799999221,0.0375914888641,9697.24653332,-1564.61723493,-303.634230046,0.916094394596,0.157076888797,0.955707491617,758.955726871,4617.73644444
742.5,0.767857142857,0,-12.9677516468,45.6572732319,44.9721477279,14271161.5456,5.96281879781,7.19266606529,0.968081961993,0.0376429776722,9663.13562037,-1526.7062341,446.475639284,0.915494890251,0.157358986539,0.955948653568,757.453129254,4601.49315256
743,0.767857142857,0,-31.8516229463,56.5348821056,44.9197886561,14254546.2669,5.94171105494,7.19266606529,0.966660576227,0.0375772889918,9627.05519971,-1145.33010394,1090.10889294,0.91525472512,0.1567864879,0.954600816829,752.941088279,4584.31199986
743.5,0.767857142857,0,-43.6483578677,74.8586375958,44.9196636652,14254506.6031,5.92314417488,7.19266606529,0.965956946362,0.037519507643,9620.44429538,-516.903747447,1490.0904654,0.91556112532,0.156393053287,0.953950600693,751.047504197,4581.16395018
744,0.767857142857,0,-45.733127235,96.5514176562,44.9398071071,14260898.7886,5.89515205727,7.19266606529,0.964692145969,0.0374323943367,9617.15899157,222.950270021,1556.33690309,0.915830649242,0.155760033405,0.952770136304,748.678560553,4579.59951979
744.5,0.767857142857,0,-37.6420600284,116.786476379,44.9642396748,14268652.0568,5.85297430766,7.19266606529,0.962784912108,0.0373011344131,9609.62358941,906.981148128,1274.54758659,0.916237002606,0.154808173838,0.950989269616,744.912655785,4576.01123305
745,0.767857142857,0,-21.1754568741,131.061417732,44.9743911456,14271873.4569,5.79416917409,7.19266606529,0.960170256148,0.0371181289799,9589.28780616,1379.14927741,711.230095301,0.916849295865,0.153494378395,0.948548444778,738.924415639,4566.32752674
745.5,0.767857142857,0,0.00278533824742,136.199999916,44.9862362695,14275632.3095,5.79226646123,7.19266606529,0.96095874245,0.0371122076127,9602.19723552,1553.87576618,-0.093681160414,0.917702963125,0.153624585071,0.94932529067,739.940842384,4572.47487406
746,0.767857142857,0,21.1804077997,131.058864152,45.0107157991,14283400.4803,5.80707013071,7.19266606529,0.961808640222,0.0371582776032,9620.77591441,1385.7788148,-714.860506347,0.917730584046,0.153992961639,0.950127762864,742.522584473,4581.32186401
746.5,0.767857142857,0,37.6452895988,116.781937402,45.0408625038,14292967.0345,5.825884255,7.19266606529,0.962626559071,0.0372168283922,9641.40055392,907.578881529,-1275.71315382,0.917515683885,0.154409749386,0.950890432089,745.529910465,4591.14312091
747,0.767857142857,0,45.7339168555,96.5459032264,45.0704299727,14302349.778,5.85961473569,7.19266606529,0.964209623134,0.0373217998608,9669.10170577,223.227215431,-1559.60981354,0.917242561943,0.155181477525,0.952371683285,750.240046269,4604.3341456
747.5,0.767857142857,0,43.6465318441,74.8533746998,45.1018264096,14312312.914,5.87445174842,7.19266606529,0.964516832153,0.0373679736177,9685.32293707,-518.122475757,-1493.02228642,0.916752896595,0.155444018759,0.952641717537,752.556707564,4612.05854146
748,0.767857142857,0,31.8475875774,56.5310417626,45.1129047345,14315828.4357,5.88540356611,7.19266606529,0.964896792225,0.0374020563928,9693.63554139,-1147.09301037,-1091.52322125,0.916537507527,0.155668442358,0.952991117232,754.013496598,4616.01692447
748.5,0.767857142857,0,12.9624048212,45.6557099363,45.0716059781,14302722.9637,5.93885371467,7.19266606529,0.967689262611,0.0375683967614,9702.533331,-1529.56959874,-447.112814584,0.91637852042,0.156953568577,0.9556147083,758.846993017,4620.25396714
749,0.767857142857,0,-8.806974163,44.647191861,44.9888049268,14276447.4301,5.96299257584,7.19266606529,0.96820547703,0.0376435184808,9671.51551711,-1562.90957875,303.498390595,0.91560260318,0.157386138609,0.956069288079,758.145132426,4605.48357958
749.5,0.767857142857,0,-28.6167598456,53.7298875665,44.9272674852,14256919.5486,5.95652952217,7.19266606529,0.967477488311,0.0376234050339,9638.01885227,-1244.63821221,982.007234709,0.915252202596,0.15715201061,0.955369800944,754.947774667,4589.53278679
750,0.767857142857,0,-42.0591814516,70.882854407,44.9196788081,14254511.4084,5.93348789311,7.19266606529,0.966302146713,0.0375516979727,9623.6417211,-653.506906877,1437.76514347,0.915346019322,0.156602818306,0.954267009836,752.055367334,4582.68653386
750.5,0.767857142857,0,-46.1432367538,92.2894763347,44.935324669,14259476.3616,5.8958909204,7.19266606529,0.964574864849,0.0374346937273,9614.06515844,77.8905860872,1569.84533983,0.915680495168,0.15574666964,0.952653662717,748.464995216,4578.12626592
751,0.767857142857,0,-39.9602041792,113.186678976,44.9603989126,14267433.2549,5.85730500553,7.19266606529,0.963013417356,0.037314611829,9610.15334004,785.486969486,1353.71778393,0.916226276639,0.154912280641,0.951204188159,745.286263128,4576.26349526
751.5,0.767857142857,0,-24.8858376467,128.924736154,44.9764500289,14272526.8092,5.81763072038,7.19266606529,0.961404197569,0.037191142851,9601.90401358,1312.28495211,838.986040536,0.916786427008,0.154055726929,0.949709453049,741.694659985,4572.33524456
752,0.767857142857,0,-4.27425482895,136.001855894,44.9832470786,14274683.7396,5.79277880638,7.19266606529,0.960630505573,0.0371138020644,9597.65644858,1546.42201596,143.685545744,0.917362377691,0.153566608047,0.94900247599,739.563300009,4570.31259456
752.5,0.767857142857,0,17.2883698537,132.843345665,45.0042371504,14281344.5891,5.7977851913,7.19266606529,0.961285929866,0.0371293822627,9613.01443587,1443.44048412,-582.464617638,0.917723146542,0.153763911652,0.949634608393,741.204734539,4577.62592184
753,0.767857142857,0,35.0042506792,120.151988896,45.0344539275,14290933.3797,5.82046111907,7.19266606529,0.962467245407,0.0371999512374,9637.18847989,1020.79663036,-1185.07012141,0.917650470717,0.154304710835,0.950745544858,744.810763409,4589.13737138
753.5,0.767857142857,0,44.9315205821,100.751672343,45.0623553826,14299787.4414,5.84383532995,7.19266606529,0.963417684927,0.037272693315,9658.09458951,365.642922062,-1528.03135675,0.91732128913,0.154810030905,0.951628469325,748.176100274,4599.09266167
754,0.767857142857,0,44.8613151732,78.9590579692,45.0923349512,14309300.9578,5.86366199718,7.19266606529,0.964159952133,0.037334395204,9677.92202774,-376.991702006,-1531.78447221,0.916981966594,0.155226525446,0.952314546859,751.187482097,4608.53429892
754.5,0.767857142857,0,34.8092554873,59.6231052867,45.1087209702,14314500.7879,5.87968123942,7.19266606529,0.964744703927,0.0373842481367,9690.44391574,-1040.20221188,-1191.98044742,0.916694142408,0.155560415518,0.952854072189,753.350494752,4614.49710273
755,0.767857142857,0,17.0119722289,47.046154993,45.0839216234,14306631.1285,5.93394475349,7.19266606529,0.967505122275,0.0375531197522,9706.10914503,-1481.43868161,-586.727304768,0.916461591132,0.156849806079,0.955444680118,758.75980346,4621.95673573
755.5,0.767857142857,0,-4.57055511105,44.0266378652,45.0057639167,14281829.0829,5.96360226322,7.19266606529,0.968314567054,0.037645415868,9679.87726082,-1585.79350825,157.655570262,0.915673863217,0.157416342729,0.95617486536,758.862427317,4609.46536229
756,0.767857142857,0,-25.1361123754,51.2364107099,44.9385289025,14260493.1717,5.97415127486,7.19266606529,0.968442743545,0.0376782450842,9652.01815745,-1334.54587251,865.381550982,0.915243352514,0.15758596809,0.956278024603,757.412038793,4596.19912259
756.5,0.767857142857,0,-40.1087660467,67.0712650543,44.9141671708,14252762.3822,5.92642478834,7.19266606529,0.965641539243,0.0375297171273,9614.90456818,-782.469176191,1368.75729084,0.915090226883,0.156374583518,0.953634653108,750.775039136,4578.52598485
757,0.767857142857,0,-46.1570300436,88.0078710995,44.9304930595,14257943.1309,5.90463040507,7.19266606529,0.965166512396,0.0374618915769,9617.6621432,-67.8629286642,1572.36373428,0.915783026198,0.155983448212,0.953215061702,749.441680313,4579.83911581
757.5,0.767857142857,0,-41.9351370917,109.387735224,44.9552232884,14265790.8569,5.86994603261,7.19266606529,0.963579863449,0.0373539515345,9613.28162987,657.844344922,1422.89919225,0.916099407218,0.155196338641,0.951732928616,746.480979924,4577.75315708
758,0.767857142857,0,-28.3824782912,126.453736791,44.977032595,14272711.6768,5.83866536093,7.19266606529,0.96237685239,0.0372566040323,9611.35008634,1232.82101462,959.86087475,0.916602916987,0.15453330785,0.950619123164,744.013226324,4576.83337445
758.5,0.767857142857,0,-8.51458416538,135.408609938,44.9803722815,14273771.4707,5.79196288514,7.19266606529,0.96026552869,0.0371112628639,9592.82895378,1525.45725643,286.039018115,0.917057019057,0.153483420216,0.948646388883,739.068200666,4568.01378751
759,0.767857142857,0,13.2478451082,134.25985314,45.0001045951,14280033.1915,5.80093004527,7.19266606529,0.961472743162,0.0371391692545,9613.03658855,1491.66115176,-446.483539604,0.917734990934,0.153843406603,0.94981122334,741.451744875,4577.63647074
759.5,0.767857142857,0,32.0625663432,123.263070205,45.0342455361,14290867.2501,5.8202753361,7.19266606529,0.962409061294,0.0371993730686,9636.52512565,1126.00944947,-1085.37042593,0.917604817878,0.154290662471,0.950688900793,744.736061204,4588.8214884
760,0.767857142857,0,43.743215299,104.865097218,45.0583858529,14298527.7773,5.84453640777,7.19266606529,0.963459380264,0.0372748751152,9656.79294483,505.501307777,-1487.5282829,0.917323986122,0.154827818229,0.951667872966,748.130241458,4598.47283087
760.5,0.767857142857,0,45.6907924748,83.1595699679,45.0894995519,14308401.1911,5.87444359542,7.19266606529,0.964746677386,0.037367948245,9682.31835126,-233.932236443,-1562.55516369,0.916971789038,0.155489676971,0.952866976781,752.366324574,4610.62778632
761,0.767857142857,0,37.4719527605,62.9760706722,45.1141776196,14316232.3646,5.90603469715,7.19266606529,0.966039581112,0.037466261826,9705.13294651,-929.27773764,-1288.5561927,0.916537625884,0.156176853983,0.954067598931,756.518786743,4621.49187929
761.5,0.767857142857,0,20.9154267682,48.8055231481,45.093833008,14309776.3412,5.9267213211,7.19266606529,0.96670137207,0.0375306399567,9702.52885454,-1419.03555669,-720.478484877,0.916079021451,0.156590606102,0.954672443186,757.839026806,4620.2518355
762,0.767857142857,0,-0.294880356794,43.8009410748,45.0236592074,14287507.8551,5.96339625908,7.19266606529,0.968414053389,0.0376447747696,9688.5685467,-1595.01994774,10.1807279677,0.915778721587,0.157433494883,0.956272765773,759.548780141,4613.60406986
762.5,0.767857142857,0,-21.4395752112,49.0758675747,44.9442521833,14262309.3595,5.95124059704,7.19266606529,0.967178777421,0.0376069455519,9642.46607078,-1404.22676343,735.654576508,0.915246342822,0.157020071625,0.955088355575,754.884391305,4591.6505099
763,0.767857142857,0,-37.8138634315,63.4566066151,44.9210541358,14254947.8458,5.96537667716,7.19266606529,0.968147220613,0.0376509379605,9641.78122579,-912.083360382,1299.35894509,0.91542279325,0.157406961231,0.956007156075,755.963400664,4591.32439323
763.5,0.767857142857,0,-45.7743886363,83.7433759126,44.9275411469,14257006.3906,5.91709657473,7.19266606529,0.965260040896,0.0375006871147,9617.05856,-213.364164162,1561.0038313,0.915217595576,0.156171520616,0.953280496094,750.246705891,4579.55169524
764,0.767857142857,0,-43.5498964108,105.422273588,44.9510440989,14264464.6607,5.88061243873,7.19266606529,0.963979881047,0.0373871460901,9615.22795552,523.951464899,1479.55046258,0.91591843967,0.155420682609,0.952102631639,747.42107007,4578.67997882
764.5,0.767857142857,0,-31.6353467699,123.669642629,44.9739402361,14271730.3683,5.83970894705,7.19266606529,0.962272069475,0.0372598517407,9608.96836482,1138.46061524,1069.67563464,0.916448072949,0.154526636268,0.950514256036,743.878805351,4575.69922134
765,0.767857142857,0,-12.6817832204,134.425357335,44.977766377,14272944.5303,5.78791170279,7.19266606529,0.960025165187,0.0370986553187,9589.41962601,1491.25905387,425.698861667,0.91704186932,0.153381195626,0.948419125095,738.490383717,4566.3902981
765.5,0.767857142857,0,9.09353692691,135.29622044,44.9960525076,14278747.3291,5.80291835244,7.19266606529,0.961644629317,0.0371453569969,9612.96873792,1526.91858034,-306.539714788,0.917793800138,0.153904319239,0.949975595034,741.611738045,4577.60416091
766,0.767857142857,0,28.8455022056,126.088460794,45.0269646839,14288556.793,5.8258417232,7.19266606529,0.962687434341,0.0372166960304,9636.05706595,1222.29216449,-976.977974421,0.917575954197,0.154421244692,0.95095018686,745.125367693,4588.59860283
766.5,0.767857142857,0,42.1792071535,108.85084836,45.0524728029,14296651.3695,5.83183042596,7.19266606529,0.962670241333,0.0372353332663,9646.68072944,639.510983444,-1430.92054704,0.917243179374,0.15449896177,0.950920887563,746.345276719,4593.65749021
767,0.767857142857,0,46.1278395126,87.4188332296,45.081419372,14305837.0807,5.86548773598,7.19266606529,0.964444381134,0.0373400770229,9676.02967659,-88.1371583278,-1575.09260579,0.917156241683,0.155307897368,0.952589472263,751.217436012,4607.63317933
767.5,0.767857142857,0,39.8128099538,66.561139883,45.1113116056,14315322.8828,5.87504950766,7.19266606529,0.964460243469,0.0373698338836,9688.82036582,-802.096973758,-1362.42693635,0.916667638125,0.15544086548,0.952585010934,752.858003103,4613.72398372
768,0.767857142857,0,24.6392423475,50.9187034946,45.1041134514,14313038.6686,5.91846542388,7.19266606529,0.966718784692,0.037504947063,9707.30388304,-1345.91951853,-848.550077984,0.916528829864,0.156481698134,0.954706922506,757.657295316,4622.52565859
768.5,0.767857142857,0,3.98332707352,43.9720399602,45.0401929379,14292754.5589,5.96150867983,7.19266606529,0.968436317249,0.0376389004991,9695.9473644,-1590.0651189,-137.606564169,0.915898568628,0.157412212274,0.956298584556,760.003975529,4617.11779257
769,0.767857142857,0,-17.5588972673,47.2668146898,44.9550961042,14265750.4971,5.94324068191,7.19266606529,0.966765263996,0.0375820492912,9643.19843453,-1465.21642588,602.051649309,0.915273742527,0.156828278588,0.954700150379,754.326201879,4591.99925454
769.5,0.767857142857,0,-35.194184125,60.0699247616,44.9209604095,14254918.1033,5.95732596747,7.19266606529,0.96782463052,0.0376258836239,9638.72592314,-1027.31213275,1207.99603963,0.915538920938,0.157232480765,0.955708203142,755.122288882,4589.86948721
770,0.767857142857,0,-44.9985989724,79.532617781,44.9248766162,14256160.8462,5.92100734411,7.19266606529,0.965599608694,0.0375128576855,9619.19099764,-357.194220907,1535.55484701,0.91533445819,0.156292550606,0.953604979762,750.739076451,4580.56714173
770.5,0.767857142857,0,-44.7906132498,101.324352728,44.9445337915,14262398.7232,5.88495266739,7.19266606529,0.964160339236,0.0374006531664,9614.1366332,384.853291921,1522.18986552,0.915861668643,0.155515536013,0.952270385275,747.660605911,4578.16030153
771,0.767857142857,0,-34.6165047615,120.596365766,44.9686523403,14270052.3427,5.84383731006,7.19266606529,0.962434525304,0.0372726994772,9608.23135444,1034.89173548,1170.868951,0.916385066086,0.154614796626,0.950664890636,744.128186813,4575.34826402
771.5,0.767857142857,0,-16.7400606468,133.060543071,44.9747074744,14271973.8386,5.78237996122,7.19266606529,0.959655898158,0.0370814401761,9584.57105342,1443.85754336,561.308825145,0.916981937848,0.153233553352,0.948068538768,737.679176542,4564.08145401
772,0.767857142857,0,4.86112593976,135.943546387,44.9919293301,14277438.9074,5.80353979088,7.19266606529,0.961763236251,0.037147290954,9612.37029585,1548.7766439,-163.870639309,0.917874101559,0.153936201356,0.950090569231,741.629431017,4577.3191885
772.5,0.767857142857,0,25.3806890704,128.603893875,45.01940873,14286159.037,5.82039642053,7.19266606529,0.962376040385,0.0371997498913,9629.84614636,1305.90263919,-858.584601564,0.917566932946,0.154285757335,0.950656283618,744.22176569,4585.64102208
773,0.767857142857,0,40.2529291394,112.674692847,45.0579900513,14298402.1763,5.82892055637,7.19266606529,0.962591902888,0.0372262775612,9648.32586154,769.148810441,-1365.4205935,0.917322228352,0.154444004642,0.950850154692,746.262537889,4594.44088645
773.5,0.767857142857,0,46.1687025658,91.7002656833,45.0742900638,14303574.7136,5.85719439829,7.19266606529,0.964029140231,0.037314267612,9669.01325894,57.9664003022,-1574.00900376,0.917198484137,0.155112742166,0.952199860848,750.036196781,4604.29202807
774,0.767857142857,0,41.8117218521,70.3475213837,45.1041921982,14313063.6576,5.87723830602,7.19266606529,0.964708175774,0.0373766455678,9688.18629675,-672.653755355,-1431.10761094,0.916788032696,0.155519962989,0.952823393474,753.003369535,4613.42204607
774.5,0.767857142857,0,28.1514357629,53.3675462945,45.1116456431,14315428.8841,5.90547501889,7.19266606529,0.965965822478,0.0374645200705,9703.32046886,-1259.36659776,-967.802434526,0.916497055122,0.156154514465,0.953996503176,756.325671589,4620.6287947
775,0.767857142857,0,8.22732240093,44.5384649829,45.0555477183,14297627.1426,5.95648353824,7.19266606529,0.968357529075,0.0376232619288,9701.88451245,-1570.72644627,-284.259492608,0.916087146162,0.157327860585,0.956232062963,760.11471687,4619.94500593
775.5,0.767857142857,0,-13.5274090109,45.8247896954,44.966716622,14269438.0747,5.94451684996,7.19266606529,0.966912901283,0.0375860208099,9649.61896395,-1515.89676465,464.200519078,0.915346686821,0.156875227716,0.954842097185,754.942163092,4595.0566495
776,0.767857142857,0,-32.2722280969,56.9403071148,44.9196731655,14254509.6178,5.94264466385,7.19266606529,0.966992819472,0.0375801944439,9630.26852437,-1132.02072282,1105.05657461,0.915520395852,0.15686574295,0.954924354394,753.31782387,4585.84215446
776.5,0.767857142857,0,-43.8363241743,75.4117621734,44.9199385172,14254593.8228,5.92162697609,7.19266606529,0.965858707967,0.0375147860209,9619.62353975,-497.898729051,1496.14027081,0.915547572855,0.156352777389,0.953857542785,750.863275557,4580.77311416
777,0.767857142857,0,-45.6466313077,97.1291689741,44.9406202511,14261156.8263,5.89447881118,7.19266606529,0.964678085334,0.0374302991508,9617.38219799,242.601805194,1553.33043675,0.91585267372,0.15574808638,0.952757770479,748.648227252,4579.70580857
777.5,0.767857142857,0,-37.300347619,117.260302043,44.9661544811,14269259.6887,5.85533156834,7.19266606529,0.96292569854,0.037308470363,9611.78677702,923.460666191,1263.57381538,0.916246776024,0.15486809842,0.951122334383,745.264473732,4577.04132239
778,0.767857142857,0,-20.6545606059,131.325889297,44.9747440646,14271985.4498,5.79586126574,7.19266606529,0.960228164435,0.0371233948801,9589.9768649,1388.36421,693.900438839,0.916815075448,0.153528682917,0.94860171713,739.101157643,4566.65564995
778.5,0.767857142857,0,0.58696358803,136.19627121,44.9884284506,14276327.9617,5.80296453025,7.19266606529,0.961526275944,0.0371455007052,9608.53688323,1556.50067822,-19.7766875751,0.917678399667,0.153881521107,0.949859486984,741.250625293,4575.49375392
779,0.767857142857,0,21.6978856144,130.78776483,45.0125755849,14283990.6523,5.80919189258,7.19266606529,0.961763528806,0.0371648806653,9621.07867285,1376.91953518,-732.480504847,0.917575283847,0.154012741442,0.950079148898,742.679327977,4581.46603469
779.5,0.767857142857,0,37.9809257232,116.303788343,45.0416514026,14293217.3784,5.82418600728,7.19266606529,0.962500088132,0.0372115433339,9640.51715742,891.129160316,-1286.73140181,0.917484882735,0.154361669712,0.950770000334,745.323877729,4590.72245591
780,0.767857142857,0,45.8130306686,95.9670948511,45.0708397075,14302479.8005,5.85975048508,7.19266606529,0.964243063359,0.0373222223218,9669.60736133,203.503633025,-1562.42164966,0.917267215278,0.155189970454,0.952404171864,750.294747824,4604.57493397
780.5,0.767857142857,0,43.451520149,74.3026946025,45.1027718497,14312612.9336,5.87498886949,7.19266606529,0.964544514412,0.0373696451737,9685.99337847,-537.026404976,-1486.53625991,0.916750925918,0.15545682385,0.952667720972,752.65025495,4612.37779927
781,0.767857142857,0,31.4218413965,56.1310188631,45.112786969,14315791.0648,5.88652460562,7.19266606529,0.964950672164,0.0374055451413,9694.09807712,-1160.99070698,-1077.10549987,0.916529710148,0.155694409861,0.953041565334,754.135338475,4616.23717958
781.5,0.767857142857,0,12.4006546883,45.495351217,45.0697981847,14302149.2906,5.94700022102,7.19266606529,0.96812318884,0.0375937492236,9705.89597443,-1536.91391138,-428.241525813,0.916362246373,0.157151547004,0.956022588658,759.74323975,4621.85522592
782,0.767857142857,0,-9.37973619309,44.7621778934,44.9844947435,14275079.6653,5.94641718094,7.19266606529,0.967163446158,0.0375919347646,9659.69262987,-1554.34199726,322.281604402,0.915484346878,0.156951302071,0.955083542902,755.905619399,4599.85363327
782.5,0.767857142857,0,-29.0730915189,54.0946334159,44.9285982009,14257341.8291,5.96738321921,7.19266606529,0.968332276939,0.037657182451,9646.80602491,-1234.69945033,999.753895669,0.915492810362,0.157471468073,0.956184186595,756.527240677,4593.71715472
783,0.767857142857,0,-42.2975468178,71.4162024012,44.9196384126,14254498.5896,5.93339015433,7.19266606529,0.96613042066,0.0375513938032,9621.92970239,-635.12880311,1445.58129963,0.915188469217,0.156567119678,0.954098964435,751.88257912,4581.87128685
783.5,0.767857142857,0,-46.1105983944,92.8727540287,44.9358431506,14259640.8931,5.89622801391,7.19266606529,0.964595012063,0.0374357427844,9614.47912644,97.7420057995,1568.85773397,0.91568191398,0.155755265909,0.952672697874,748.523579158,4578.32339354
784,0.767857142857,0,-39.6638242832,113.690104331,44.9612179388,14267693.1593,5.85640168002,7.19266606529,0.962958260114,0.0373118006208,9609.97634387,802.450336359,1343.52507241,0.916221383104,0.154889072619,0.951152015385,745.201758208,4576.17921137
784.5,0.767857142857,0,-24.3916621391,129.236294653,44.9778324747,14272965.5053,5.82094637797,7.19266606529,0.961601641011,0.0372014613949,9604.38155252,1323.59110535,822.824564287,0.916799540608,0.154139707814,0.949896107583,742.144602982,4573.51502501
785,0.767857142857,0,-3.69224009179,136.052224301,44.9848128052,14275180.5969,5.80173557537,7.19266606529,0.96107659727,0.037141676117,9602.56006144,1550.33314532,124.298061204,0.917314244678,0.153775911313,0.949421244245,740.622841015,4572.64764831
785.5,0.767857142857,0,17.8287227956,132.621316773,45.006516875,14282068.0217,5.80049774729,7.19266606529,0.961300144742,0.0371378239148,9614.07263534,1436.47444664,-600.884877592,0.917593124236,0.153803407924,0.94964293182,741.47023646,4578.12982635
786,0.767857142857,0,35.3827107469,119.70696518,45.03665896,14291633.11,5.82406900883,7.19266606529,0.962626003577,0.037211179227,9639.63373917,1006.35251492,-1198.62394994,0.917611093417,0.154385050058,0.950893659113,745.271527874,4590.30178056
786.5,0.767857142857,0,45.063878625,100.18267368,45.0618282976,14299620.1798,5.84160124946,7.19266606529,0.963238843353,0.03726574071,9656.13701501,346.137119258,-1531.84533064,0.917268913735,0.154744226873,0.95145784406,747.840583241,4598.16048334
787,0.767857142857,0,44.7181209024,78.3926892451,45.0943458483,14309939.0825,5.86567810286,7.19266606529,0.964305773896,0.0373406694572,9680.19480618,-396.509601967,-1527.58590635,0.91701439876,0.155282901813,0.952453238521,751.527328552,4609.61657437
787.5,0.767857142857,0,34.4223703035,59.1853862155,45.1092971781,14314683.6379,5.87595501367,7.19266606529,0.964507494638,0.0373726518778,9688.40673302,-1054.55434724,-1178.02093836,0.916664874566,0.155462568939,0.952629420069,752.89587601,4613.52701572
788,0.767857142857,0,16.4674799109,46.834480133,45.0820501895,14306037.2601,5.93220016074,7.19266606529,0.967465605876,0.0375476904651,9704.94754885,-1488.31488801,-567.786409034,0.916515684649,0.156818125339,0.955409652022,758.543569892,4621.40359469
788.5,0.767857142857,0,-5.15150245373,44.0881058715,45.0007260903,14280230.4127,5.94611839484,7.19266606529,0.967373882201,0.0375910049226,9668.75781867,-1579.02440732,177.173001969,0.915699188378,0.156989394396,0.955290344169,756.634802821,4604.17038984
789,0.767857142857,0,-25.6242512182,51.5573446611,44.935437074,14259512.0315,5.96651554005,7.19266606529,0.968288862252,0.0376544821766,9649.33242744,-1322.18064757,881.309804703,0.915497147581,0.157450919576,0.956143497972,756.658820521,4594.92020354
789.5,0.767857142857,0,-40.395483194,67.580255632,44.9144552155,14252853.7884,5.92465153308,7.19266606529,0.965660430092,0.0375241986406,9615.252177,-765.009639802,1378.38030357,0.915201064174,0.156354254214,0.953656897903,750.687064018,4578.69151286
790,0.767857142857,0,-46.1785295774,88.5916654989,44.930833479,14258051.1573,5.90220282273,7.19266606529,0.965059296153,0.0374543367814,9616.79931327,-47.959662025,1572.57148044,0.915808767648,0.15592906299,0.953115103097,749.191732312,4579.42824442
790.5,0.767857142857,0,-41.6866352644,109.916436437,44.9564328062,14266174.6772,5.87222844311,7.19266606529,0.963743287338,0.0373610545457,9615.36850993,676.096512049,1415.12206719,0.916134647889,0.155259826815,0.951888311969,746.826537588,4578.74690949
791,0.767857142857,0,-27.9192679318,126.809706304,44.9775189818,14272866.0236,5.83701095212,7.19266606529,0.962250430604,0.0372514554035,9610.33994544,1244.50377546,943.925878206,0.916569783233,0.154485811631,0.950498656565,743.80063873,4576.35235497
791.5,0.767857142857,0,-7.93973176413,135.512642854,44.9816048374,14274162.6017,5.80006016754,7.19266606529,0.96073941478,0.037136462138,9597.88317768,1531.05951647,267.095055648,0.917081036098,0.153686545903,0.949094192133,740.086869284,4570.4205608
792,0.767857142857,0,13.8064321799,134.088801645,45.001599268,14280507.501,5.80306171279,7.19266606529,0.961467798279,0.0371458031437,9613.58147914,1486.26408791,-465.424406327,0.917617445627,0.153871262551,0.949801964822,741.635261435,4577.89594245
792.5,0.767857142857,0,32.4805998265,122.854994063,45.0353158086,14291206.8833,5.82020593943,7.19266606529,0.962372757626,0.0371991571016,9636.62392616,1112.18962296,-1099.51583022,0.917573873075,0.154282527238,0.950653461414,744.732190724,4588.86853627
793,0.767857142857,0,43.9276807717,104.310795297,45.0590717173,14298745.425,5.84545984028,7.19266606529,0.963511627008,0.0372777488977,9657.58701343,486.738555461,-1494.067621,0.917324993545,0.154850717614,0.951717153989,748.263670758,4598.85095878
793.5,0.767857142857,0,45.6006454989,82.5823770595,45.0908188454,14308819.847,5.87487366637,7.19266606529,0.964756404071,0.037369286654,9682.97266736,-253.698884735,-1559.64154542,0.916958383554,0.155497454669,0.952875608027,752.447988923,4610.93936541
794,0.767857142857,0,37.1272514634,62.5044149222,45.1165894179,14316997.7086,5.90318785715,7.19266606529,0.965875328163,0.0374574022731,9704.59419671,-945.164782069,-1276.25473104,0.91653138255,0.156105342216,0.953912642054,756.253236535,4621.23533177
794.5,0.767857142857,0,20.3928688149,48.544350186,45.0923960713,14309320.3533,5.91128705613,7.19266606529,0.96589053831,0.0374826075116,9694.16726863,-1424.54824274,-700.763962571,0.916120348357,0.156218524685,0.953910504402,755.990111863,4616.27012792
795,0.767857142857,0,-0.879023356457,43.8083631169,45.0187798599,14285959.4755,5.94330714555,7.19266606529,0.967538988788,0.0375822561304,9678.21615927,-1589.86745281,30.2550573868,0.916002774431,0.156984165828,0.955458053753,757.216810703,4608.67436156
795.5,0.767857142857,0,-21.9553286838,49.3502331817,44.9435289095,14262079.8406,5.95569747115,7.19266606529,0.967733514012,0.0376208156365,9647.54710135,-1396.29488004,754.1522481,0.915537956139,0.157192011452,0.95562238957,755.686680766,4594.07004826
796,0.767857142857,0,-38.1464697961,63.9368681449,44.9180792468,14254003.8143,5.95357662235,7.19266606529,0.967426088318,0.0376142154159,9633.63232474,-893.724128068,1308.07075093,0.915358097318,0.157101470965,0.955325700157,754.396322237,4587.44396416
796.5,0.767857142857,0,-45.8498414076,84.322672909,44.9280524011,14257168.6286,5.91595420677,7.19266606529,0.965377503261,0.0374971319906,9618.46280918,-193.623169584,1563.69211709,0.915388883482,0.156179470994,0.95339799221,750.301975314,4580.22038532
797,0.767857142857,0,-43.3514069911,105.971709736,44.9519806024,14264761.8445,5.87964152555,7.19266606529,0.963943595458,0.0373841245446,9615.29000664,542.569214052,1472.67507412,0.915935022995,0.155400280838,0.952069105006,747.354097117,4578.70952697
797.5,0.767857142857,0,-31.2070799917,124.066965794,44.9742665626,14271833.9225,5.83779758816,7.19266606529,0.962181016204,0.0372539034665,9608.24580546,1151.58424276,1054.90996171,0.916462167657,0.154482683109,0.950428988345,743.678010365,4575.35514546
798,0.767857142857,0,-12.1190304623,134.582161238,44.9793298779,14273440.6812,5.7981753124,7.19266606529,0.960622997427,0.0371305963451,9595.79784584,1499.13285848,407.51808065,0.91706961651,0.153638043191,0.948983970388,739.778466783,4569.42754564
798.5,0.767857142857,0,9.66556052126,135.177615473,44.9973690313,14279165.1059,5.80503569903,7.19266606529,0.961605929827,0.0371519463184,9613.10302686,1523.21725087,-325.885914324,0.91764480746,0.153925305972,0.949933277433,741.756269526,4577.66810803
799,0.767857142857,0,29.2995186877,125.720837122,45.022802184,14287235.8931,5.81940773686,7.19266606529,0.962298445318,0.0371966730429,9630.54820496,1208.33067723,-991.116393436,0.917545217238,0.154256990411,0.950582280109,744.195182453,4585.9753357
799.5,0.767857142857,0,42.4141957141,108.316003984,45.0534805883,14296971.1733,5.83426454418,7.19266606529,0.962903200925,0.0372429084018,9649.37734215,621.71285484,-1439.69452762,0.917336580962,0.154578164436,0.951144152932,746.761292404,4594.9415915
800,0.767857142857,0,46.0915140883,86.8357735462,45.0823901959,14306145.1555,5.86731384498,7.19266606529,0.964508427416,0.037345759994,9677.04519969,-108.077227152,-1574.30042087,0.917120905658,0.155345434231,0.952648418048,751.431363112,4608.11676176
800.5,0.767857142857,0,39.5132531228,66.0595984233,45.1120070394,14315543.5672,5.87637731104,7.19266606529,0.964505900957,0.0373739660949,9689.54591786,-819.428331788,-1352.45346601,0.916641128476,0.155467984981,0.952626974198,753.012569218,4614.0694847
801,0.767857142857,0,24.1431069181,50.6102755996,45.102079162,14312393.1207,5.91885997093,7.19266606529,0.966720304932,0.0375061749193,9706.43494744,-1356.46828662,-831.418837615,0.916509554166,0.156487373183,0.954707579922,757.616428141,4622.11187974
801.5,0.767857142857,0,3.40100551943,43.9253522916,45.0354218809,14291240.5435,5.94055207888,7.19266606529,0.967270387197,0.0375736821822,9682.76441746,-1586.09017336,-117.077431998,0.915892841148,0.156892832623,0.955200723729,757.335878826,4610.84019879
802,0.767857142857,0,-18.0978356529,47.4922554741,44.9531930171,14265146.5841,5.94001485191,7.19266606529,0.966908107894,0.0375720102966,9643.86434624,-1457.22093515,620.417415425,0.915577949286,0.156812967659,0.954846918748,754.188699749,4592.31635535
802.5,0.767857142857,0,-35.5698230088,60.5173323608,44.9198931915,14254579.4394,5.95674729697,7.19266606529,0.967842114999,0.0376240827633,9638.45306144,-1011.87914733,1220.7973382,0.915585747806,0.157228098944,0.955726559258,755.065366327,4589.73955307
803,0.767857142857,0,-45.1273569304,80.1024418934,44.9253264359,14256303.589,5.92285412599,7.19266606529,0.965710621396,0.0375186049919,9620.44161028,-337.858244766,1540.44557649,0.91534285812,0.156339854073,0.953709861554,750.981333453,4581.16267156
803.5,0.767857142857,0,-44.6438410289,101.8898048,44.9449486356,14262530.367,5.88193227051,7.19266606529,0.963964958807,0.0373912534931,9612.44491642,403.869742158,1516.45017459,0.915834859746,0.155435616238,0.95208524663,747.290176474,4577.3547221
804,0.767857142857,0,-34.2268598734,121.031630044,44.9692047743,14270227.6484,5.83930727682,7.19266606529,0.962229707463,0.0372586017166,9606.53375406,1048.94739547,1156.95422599,0.916428913011,0.154512787802,0.950473572348,743.655511083,4574.53988289
804.5,0.767857142857,0,-16.1942409172,133.268771199,44.9771710931,14272755.6269,5.79697935164,7.19266606529,0.960533764766,0.0371268744368,9594.01736829,1454.50859847,544.380207868,0.917047700366,0.153604232367,0.948898971367,739.544671114,4568.57969919
805,0.767857142857,0,5.4416730457,135.878406625,44.9932644496,14277862.5853,5.80651323494,7.19266606529,0.961706057284,0.037156544507,9612.31140207,1546.96307856,-183.486478859,0.917662168813,0.153965117445,0.950028363801,741.812766221,4577.29114384
805.5,0.767857142857,0,25.8667890827,128.279880127,45.0235784713,14287482.2349,5.82430794958,7.19266606529,0.962547642568,0.0372119228263,9633.25187719,1295.91198238,-875.684088,0.917523768211,0.154372749968,0.95081635739,744.779333623,4587.26279866
806,0.767857142857,0,40.536422512,112.1638997,45.0591413028,14298767.5068,5.82848174397,7.19266606529,0.962507994225,0.0372249119482,9647.99360728,751.750647748,-1374.90614435,0.917265445051,0.154421418123,0.950768825026,746.191531006,4594.28267013
806.5,0.767857142857,0,46.1865106857,91.1163470232,45.0752998858,14303895.1638,5.85671448418,7.19266606529,0.964009236096,0.0373127740878,9669.25859297,38.058258005,-1574.5803979,0.917204854354,0.155102272703,0.952181356356,750.019177452,4604.40885379
807,0.767857142857,0,41.5598823287,69.8204018666,45.1035166743,14312849.2913,5.87383470329,7.19266606529,0.964526943886,0.0373660533328,9686.16278298,-690.309473239,-1421.69235921,0.916794999622,0.155437654573,0.952652918415,752.582301733,4612.45846808
807.5,0.767857142857,0,27.6859840783,53.0145125,45.1113843653,14315345.9719,5.90744767247,7.19266606529,0.966127156815,0.0374706590979,9704.77374882,-1271.96941393,-952.149811252,0.916546465164,0.156213561877,0.954150437046,756.602900164,4621.32083277
808,0.767857142857,0,7.65182375088,44.4380685958,45.0513815021,14296305.0633,5.93646713627,7.19266606529,0.967219220898,0.0375609695729,9689.2074767,-1568.89292609,-263.48514614,0.916058509654,0.156826942812,0.955159231604,757.554460713,4613.90832224
808.5,0.767857142857,0,-14.0849034616,45.9993693855,44.9647973456,14268829.0243,5.94438402453,7.19266606529,0.967212481333,0.0375856074484,9651.76401442,-1510.33724436,483.469304512,0.915637247456,0.156933432616,0.955135885443,755.157799145,4596.0781021
809,0.767857142857,0,-32.6876732028,57.3510180773,44.9196014524,14254486.8609,5.94331504884,7.19266606529,0.96703194443,0.037582280726,9630.61005097,-1118.07461748,1119.3996125,0.915522323968,0.156882708966,0.954961268848,753.396894362,4586.00478618
809.5,0.767857142857,0,-44.0172814393,75.9672192815,44.9204779744,14254765.0106,5.92034406957,7.19266606529,0.965777464929,0.0375107935316,9619.07903308,-478.849204385,1502.02875818,0.915537841413,0.156319089835,0.95378064226,750.719526501,4580.51382528
810,0.767857142857,0,-45.5528368866,97.7057804008,44.941508,14261438.5387,5.89364687464,7.19266606529,0.964651657892,0.0374277101097,9617.51836113,262.206047401,1550.03499798,0.915871297111,0.155731518153,0.95273361902,748.598161743,4579.77064816
810.5,0.767857142857,0,-36.952671213,117.729769026,44.9682821021,14269934.8537,5.85737957107,7.19266606529,0.963051785961,0.0373148438819,9613.90211802,939.773490286,1252.34150955,0.916258853134,0.154920920244,0.951241635174,745.589217388,4578.04862763
811,0.767857142857,0,-20.1303618557,131.583753216,44.9760386756,14272396.2731,5.80151703346,7.19266606529,0.960510357555,0.0371409960003,9593.20752497,1398.31095446,676.911132902,0.916785344538,0.153660908118,0.948866653366,739.780289624,4568.19405951
811.5,0.767857142857,0,1.17104798751,136.185156128,44.9898748112,14276786.9401,5.80765775268,7.19266606529,0.961700486476,0.0371601063213,9610.78391714,1557.21711512,-39.4840273726,0.917596296745,0.15397950055,0.950020532725,741.77028735,4576.56377007
812,0.767857142857,0,22.2118941286,130.510143905,45.0136195383,14284321.9335,5.8110209958,7.19266606529,0.961793530326,0.0371705729545,9621.78438122,1367.88354285,-750.016699646,0.917507153511,0.15404343366,0.950104766338,742.861788224,4581.80208629
812.5,0.767857142857,0,38.3104890327,115.82143354,45.0470635242,14294934.825,5.8267899435,7.19266606529,0.962616597661,0.0372196469542,9643.93739441,875.32889433,-1298.69931326,0.917458330008,0.154420042257,0.950878786576,745.784917215,4592.3511402
813,0.767857142857,0,45.884819382,95.3873323899,45.0712386515,14302606.3987,5.85977701742,7.19266606529,0.964204796914,0.0373223048922,9669.39722102,183.725905017,-1564.82454716,0.917229414123,0.155182720201,0.95236661438,750.272977016,4604.47486715
813.5,0.767857142857,0,43.2495609391,73.7545243659,45.1036806932,14312901.34,5.8752824168,7.19266606529,0.964560371185,0.0373705587122,9686.5354858,-555.828001031,-1479.75458175,0.916750540747,0.155463967248,0.952682645589,752.715174248,4612.63594562
814,0.767857142857,0,30.9910711402,55.7364113149,45.1126093527,14315734.7013,5.88740971215,7.19266606529,0.964995206971,0.0374082996508,9694.44676329,-1174.66583646,-1062.47342735,0.916525448726,0.155715311288,0.953083350075,754.230639398,4616.40322061
814.5,0.767857142857,0,11.8369218,45.3421083984,45.0664707495,14301093.3845,5.92815648671,7.19266606529,0.967066159849,0.0375351062863,9694.35504542,-1537.38200952,-407.495069085,0.916349397353,0.156683117995,0.955026828033,757.366794456,4616.35954544
815,0.767857142857,0,-9.9509984861,44.8843970546,44.9824652102,14274435.6267,5.94667993774,7.19266606529,0.967466969257,0.037592752481,9661.82271075,-1550.63869319,342.019219096,0.915757888055,0.157015696201,0.955380355037,756.147519329,4600.8679575
815.5,0.767857142857,0,-29.5247746612,54.4651202169,44.9282300115,14257224.9903,5.9703275934,7.19266606529,0.968491131467,0.0376663455367,9648.15482348,-1222.49838869,1015.73410886,0.91548899615,0.157543521778,0.956333552722,756.860997288,4594.35943975
816,0.767857142857,0,-42.5291491794,71.9525217808,44.919768837,14254539.9776,5.93319691929,7.19266606529,0.966074616033,0.0375507924431,9621.43829077,-616.748522009,1453.37700814,0.915145729743,0.156553322683,0.954044696497,751.820687598,4581.63728132
816.5,0.767857142857,0,-46.0705873571,93.4555723946,44.9363795655,14259811.1155,5.89641789711,7.19266606529,0.964608473951,0.0374363337134,9614.83778171,117.57848132,1567.58680658,0.915684719052,0.155760529814,0.952685490837,748.566747748,4578.49418177
817,0.767857142857,0,-39.3611024915,114.189741848,44.9620120216,14267945.1482,5.85526831235,7.19266606529,0.962892612778,0.0373082735062,9609.68961764,819.253114574,1333.07358187,0.916218626599,0.154860663793,0.951090040861,745.091395938,4576.04267507
817.5,0.767857142857,0,-23.89358662,129.541579615,44.9770417597,14272714.5851,5.8174366411,7.19266606529,0.961424450809,0.0371905388636,9602.36144776,1333.12792961,805.562346574,0.916815993737,0.154057115229,0.949729706833,741.720860351,4572.55307036
818,0.767857142857,0,-3.10963499801,136.095229365,44.9864523279,14275700.8721,5.80853667352,7.19266606529,0.961507000337,0.0371628415806,9607.38499141,1553.68200577,104.813101215,0.917365195115,0.153953082188,0.949829056713,741.530188655,4574.94523401
818.5,0.767857142857,0,18.3662250819,132.392473108,45.0075125108,14282383.9701,5.8013894579,7.19266606529,0.961246151534,0.0371405989767,9613.94349382,1428.83767504,-619.033342977,0.917494394411,0.153804783128,0.949588161582,741.509672496,4578.06833039
819,0.767857142857,0,35.7555134312,119.257191582,45.0397702843,14292620.4369,5.82858826771,7.19266606529,0.962863014626,0.0372252434571,9643.22574506,991.947829799,-1212.26960051,0.917598148722,0.154493277336,0.951116570639,745.897028234,4592.01225955
819.5,0.767857142857,0,45.1890313512,99.6120468965,45.0631824859,14300049.9089,5.84497404806,7.19266606529,0.96335688928,0.0372762370805,9657.82030474,326.905638621,-1536.87859742,0.917203307954,0.154813395197,0.951566511938,748.219825302,4598.96204988
820,0.767857142857,0,44.5677765984,77.8281764277,45.0961565033,14310513.6637,5.86752915421,7.19266606529,0.964356855021,0.0373464300504,9681.44166384,-415.921443798,-1522.9183926,0.916965435807,0.155318192921,0.952499427092,751.758494462,4610.21031612
820.5,0.767857142857,0,34.0299812863,58.7525941292,45.1107799983,14315154.1861,5.88059915514,7.19266606529,0.964736466402,0.0373871047507,9691.22693089,-1070.18345306,-1165.48308141,0.916638002829,0.155571240298,0.952844076646,753.471698248,4614.86996709
821,0.767857142857,0,15.9203545881,46.629707059,45.079890027,14305351.7686,5.91614390865,7.19266606529,0.966505243244,0.0374977223553,9694.80450995,-1491.31600332,-547.43184714,0.916448265786,0.156407419443,0.954502584356,756.484447031,4616.57357617
821.5,0.767857142857,0,-5.73162611661,44.1569147847,44.9985529405,14279540.7998,5.9467232654,7.19266606529,0.967653595085,0.0375928873195,9670.58442196,-1577.15118547,197.186574203,0.915932269163,0.157053679911,0.955563104607,756.871530731,4605.04020093
822,0.767857142857,0,-26.1082929691,51.8844252537,44.9325654319,14258600.7637,5.95880494895,7.19266606529,0.967853009964,0.0376304863113,9643.95566927,-1309.16036617,896.744771951,0.9154883672,0.157258333464,0.955732870081,755.636724556,4592.35984251
822.5,0.767857142857,0,-40.6757414598,68.0928309292,44.9149830989,14253021.3034,5.92389921848,7.19266606529,0.965736914746,0.0375218573883,9616.24977256,-747.561271615,1388.02092188,0.915312989459,0.156359321318,0.953733422357,750.729038623,4579.16655836
823,0.767857142857,0,-46.1926455717,89.1756850786,44.9311777593,14258160.409,5.89957463052,7.19266606529,0.964925354887,0.0374461576748,9615.67809481,-28.0605502936,1572.44642868,0.915819688633,0.155866628256,0.952989375295,748.903229137,4578.89433086
823.5,0.767857142857,0,-41.4314681118,110.441953187,44.9571440012,14266400.363,5.87151880538,7.19266606529,0.96374413502,0.0373588461065,9615.69611075,693.915738777,1406.41882604,0.916172800836,0.155250370166,0.951890625929,746.804677292,4578.90290988
824,0.767857142857,0,-27.4515935276,127.159790268,44.9779891571,14273015.2259,5.83517800153,7.19266606529,0.962159722363,0.037245751141,9609.68047734,1256.01784901,927.87637404,0.916580085042,0.154442993189,0.950413562177,743.610027897,4576.03832254
824.5,0.767857142857,0,-7.36360986979,135.609398699,44.983377685,14274725.1854,5.80862065999,7.19266606529,0.961241711955,0.037163102952,9603.44015746,1536.58340101,248.080461927,0.917107645016,0.153901690318,0.949568846762,741.181330746,4573.06674165
825,0.767857142857,0,14.3628117248,133.910700739,45.0024244266,14280769.3514,5.80336252244,7.19266606529,0.96135426716,0.037146739283,9612.80129826,1480.13744773,-484.140201157,0.917493175197,0.153852862179,0.949690056822,741.573769087,4577.52442775
825.5,0.767857142857,0,32.8934399484,122.441664698,45.0347796481,14291036.7417,5.81819971078,7.19266606529,0.962256936698,0.0371929135865,9635.28593855,1097.81492203,-1113.10284317,0.917569506303,0.154232407523,0.950544101825,744.472532763,4588.23139931
826,0.767857142857,0,44.1051225956,103.754205205,45.0600319304,14299050.1326,5.84647386406,7.19266606529,0.96359842976,0.0372809046062,9658.84049138,467.921397916,-1500.46697081,0.917354117731,0.154881711753,0.95180011297,748.445337303,4599.44785304
826.5,0.767857142857,0,45.5032073819,82.0063701636,45.0922101358,14309261.3497,5.8751068882,7.19266606529,0.964753838951,0.0373700124557,9683.53970903,-273.421120096,-1556.43158177,0.916943662954,0.155500111253,0.952872605861,752.507279574,4611.20938525
827,0.767857142857,0,36.7766138463,62.0371554737,45.1179279247,14317422.4614,5.90183934677,7.19266606529,0.96579707315,0.0374532056204,9704.41873629,-961.074815761,-1264.00149825,0.916527996872,0.156071383616,0.953838797876,756.133587442,4621.15177918
827.5,0.767857142857,0,19.8670502216,48.2898056167,45.0909850828,14308872.5996,5.90890039806,7.19266606529,0.965779049106,0.0374751800752,9692.50152164,-1432.70345045,-682.413300241,0.916139924394,0.156163800705,0.953806284401,755.677991339,4615.47691507
828,0.767857142857,0,-1.46302580804,43.8231707944,45.0166347235,14285278.7522,5.94410250289,7.19266606529,0.967619611648,0.0375847313347,9678.07683169,-1589.47954229,50.3596637474,0.916037420836,0.157011154484,0.955535358971,757.274817953,4608.60801509
828.5,0.767857142857,0,-22.467571693,49.6310983278,44.9428029241,14261849.4613,5.95998765303,7.19266606529,0.967958661692,0.0376341669639,9649.37033363,-1387.51672776,772.231352969,0.915526410585,0.157295648808,0.955833866388,756.160478643,4594.93825411
829,0.767857142857,0,-38.4729768766,64.4212969396,44.9153402427,14253134.637,5.94165652005,7.19266606529,0.966700964456,0.0375771192756,9625.54869839,-875.288385007,1316.52295729,0.915295821492,0.156793834477,0.954640501992,752.827241658,4583.59461828
829.5,0.767857142857,0,-45.9179631936,84.90287766,44.9285141455,14257315.1555,5.91461140952,7.19266606529,0.965485693709,0.0374929531175,9619.75851876,-173.842820978,1566.08135388,0.915561916961,0.156182839698,0.953506825814,750.333581654,4580.83738988
830,0.767857142857,0,-43.1459860639,106.518592149,44.952900387,14265053.7228,5.87843702772,7.19266606529,0.963897440876,0.0373803760683,9615.25213951,561.077912574,1465.51592162,0.915954515897,0.155374745451,0.95202639539,747.261871078,4578.69149501
830.5,0.767857142857,0,-30.7738234766,124.458841951,44.9745691477,14271929.9429,5.83567717433,7.19266606529,0.962081941526,0.0372473045995,9607.43797173,1164.48200224,1039.95263767,0.916479653312,0.154434313966,0.95033629131,743.455165596,4574.97046273
831,0.767857142857,0,-11.5543399781,134.731836847,44.9811181944,14274008.1737,5.80709414495,7.19266606529,0.961149518127,0.0371583523371,9601.59352816,1506.48607628,389.128940922,0.917100398533,0.153862795484,0.949481637269,740.919577969,4572.18739436
831.5,0.767857142857,0,10.2360386777,135.051787003,44.9981956093,14279427.4067,5.80518454649,7.19266606529,0.961478507864,0.0371524095414,9612.18907413,1518.80156171,-345.080907186,0.917515335276,0.153902097249,0.949808068549,741.671675646,4577.23289244
832,0.767857142857,0,29.7488504352,125.347502002,45.0252330687,14288007.2938,5.81900191868,7.19266606529,0.96227367807,0.0371954101101,9631.35074628,1195.75032203,-1006.35675714,0.917543056457,0.15424658705,0.950558846375,744.225351004,4586.35749823
832.5,0.767857142857,0,42.6424026188,107.77823104,45.0545731452,14297317.8781,5.83644853087,7.19266606529,0.963030452058,0.0372497051117,9651.06459028,603.702264424,-1448.02455116,0.917342472177,0.154633015037,0.951264328556,747.062505139,4595.74504299
833,0.767857142857,0,46.0478190373,86.2532197948,45.0833956698,14306464.2259,5.868965741,7.19266606529,0.96456663038,0.0373509008027,9678.02117701,-128.008645595,-1573.222507,0.917089200761,0.155379446501,0.952702000543,751.629412153,4608.58151286
833.5,0.767857142857,0,39.2073784712,65.5618848227,45.112657668,14315750.0333,5.87745599989,7.19266606529,0.964540417,0.0373773230454,9690.1464943,-836.603910711,-1342.20850993,0.916617147885,0.155489504994,0.952658540161,753.138525705,4614.35547348
834,0.767857142857,0,23.6431112188,50.3081457741,45.0999553003,14311719.1486,5.91906071423,7.19266606529,0.966714905466,0.0375067996456,9705.46272761,-1366.75847704,-814.132353151,0.916493894865,0.156489026696,0.954701866026,757.553081891,4621.64891791
834.5,0.767857142857,0,2.81814017455,43.8860315527,45.0332427213,14290549.0235,5.93998920839,7.19266606529,0.967236156821,0.0375719304923,9681.49952542,-1587.14322047,-96.9942996228,0.91588992704,0.156878310348,0.955168377181,757.192495594,4610.23786925
835,0.767857142857,0,-18.6338803543,47.7244928718,44.9517246506,14264680.6225,5.94055440861,7.19266606529,0.966946589302,0.0375736894325,9643.60357807,-1449.30396755,638.813312079,0.915586120054,0.156828020644,0.954883480138,754.211822688,4592.19218003
835.5,0.767857142857,0,-35.9397745915,60.9694539784,44.9189148723,14254268.9861,5.95587783372,7.19266606529,0.967785730454,0.0376213769367,9637.49475722,-996.171661738,1233.25909719,0.915577915467,0.157204940314,0.955673163176,754.921266103,4589.28321772
836,0.767857142857,0,-45.2488994221,80.673848538,44.9252156519,14256268.4335,5.9224766931,7.19266606529,0.965703059624,0.0375174303959,9620.32744478,-318.33788624,1544.52123744,0.915355479186,0.156333210451,0.953703247484,750.945717081,4581.10830704
836.5,0.767857142857,0,-44.4899306515,102.453355798,44.9458601608,14262819.6244,5.88173259192,7.19266606529,0.963959674893,0.0373906320803,9612.78675825,423.019213165,1511.24690918,0.915840338764,0.155431854286,0.952080486546,747.302401127,4577.51750393
837,0.767857142857,0,-33.8317424122,121.461932639,44.9683741066,14269964.0498,5.83124376949,7.19266606529,0.961786201711,0.0372335075529,9601.95492182,1062.09645496,1142.09683474,0.916431811735,0.154315629741,0.950055639584,742.6791697,4572.35948658
837.5,0.767857142857,0,-15.6458318714,133.470081033,44.9787408602,14273253.7663,5.80350142589,7.19266606529,0.961017848515,0.0371471715597,9599.34876453,1463.1276214,526.611596451,0.917164758154,0.153788158275,0.949360005421,740.4818879,4571.1184593
838,0.767857142857,0,6.02135007612,135.805931311,44.994085731,14278123.2053,5.80666877884,7.19266606529,0.961615458711,0.0371570285699,9611.76050165,1544.4168686,-203.019005687,0.91756748988,0.153949286265,0.949939236195,741.763569407,4577.02881031
838.5,0.767857142857,0,26.3487532236,127.949745764,45.025663562,14288143.9037,5.82634290378,7.19266606529,0.962658101596,0.0372182557373,9635.19831294,1285.26646123,-892.368792773,0.917521510217,0.154422217282,0.950920395163,745.086998022,4588.18967283
839,0.767857142857,0,40.8134344682,111.649562742,45.058209974,14298471.9651,5.82821397907,7.19266606529,0.962462154294,0.0372240786463,9647.14452379,734.214640818,-1384.13054739,0.91723590377,0.154408699743,0.950724452154,746.0992303,4593.87834466
839.5,0.767857142857,0,46.19693399,90.5322498691,45.0763334939,14304223.1621,5.8561151602,7.19266606529,0.963980103454,0.0373109089523,9669.42480838,18.1445489927,-1574.86658205,0.917208741483,0.155088348584,0.952154056819,749.986239619,4604.48800399
840,0.767857142857,0,41.3013977467,69.2965088894,45.1049983593,14313319.4793,5.87312117078,7.19266606529,0.96449656648,0.0373638327728,9686.51167573,-708.205782693,-1412.79982981,0.916803700024,0.155421918463,0.95262464277,752.555553843,4612.62460749
840.5,0.767857142857,0,27.216105649,52.6673923587,45.1110659779,14315244.937,5.90916650979,7.19266606529,0.966233276053,0.0374760082323,9705.6575476,-1284.25548312,-936.244080372,0.91655682351,0.156258138818,0.954250799841,756.808120669,4621.74168933
841,0.767857142857,0,7.07510164169,44.3449571596,45.0492016771,14295613.3322,5.93421224631,7.19266606529,0.967068056091,0.0375539522074,9686.81596484,-1571.33588219,-243.507844656,0.916033557768,0.156765971679,0.955015892309,757.18666017,4612.76950707
841.5,0.767857142857,0,-14.6401458605,46.1809843883,44.9628984921,14268226.4548,5.94478212575,7.19266606529,0.967269085953,0.0375868463656,9651.50069154,-1504.13685448,502.539425781,0.915669980195,0.156950194989,0.955190500347,755.174673293,4595.95271026
842,0.767857142857,0,-33.0978918381,57.7669493241,44.9206037627,14254804.9274,5.95080794792,7.19266606529,0.967440375574,0.0376055991195,9634.91552766,-1105.17418833,1134.82698599,0.915516545064,0.157066612184,0.95534556089,754.313713208,4588.05501317
842.5,0.767857142857,0,-44.1912007292,76.5249201076,44.9210840849,14254957.3496,5.9189187424,7.19266606529,0.965583881652,0.03750635782,9617.45591005,-459.660007403,1507.44394961,0.915429073601,0.156261013774,0.953593967555,750.460868773,4579.74090955
843,0.767857142857,0,-45.4517589686,98.2811597411,44.9424725109,14261744.6101,5.89282450372,7.19266606529,0.964627935496,0.0374251508374,9617.71392037,281.767916543,1546.50409221,0.915891987987,0.155715620049,0.952712097922,748.553868993,4579.8637716
843.5,0.767857142857,0,-36.5990864008,118.194802263,44.9686877355,14270063.5747,5.85579795041,7.19266606529,0.962976760642,0.0373099217746,9613.36575567,955.326690358,1240.08970717,0.916270791387,0.154884569692,0.951171405095,745.42772076,4577.79321698
844,0.767857142857,0,-19.6029444381,131.83496826,44.9759366606,14272363.9003,5.79930293649,7.19266606529,0.960411748103,0.0371341055852,9592.23300225,1406.29956597,658.960993669,0.916808304967,0.153611485621,0.948774567101,739.538996628,4567.73000107
844.5,0.767857142857,0,1.75494514675,136.166656447,44.9905653065,14277006.0573,5.80779561487,7.19266606529,0.961741817359,0.0371605353575,9611.48589434,1556.74272891,-59.1768671823,0.917628438111,0.153989548964,0.950060759876,741.841464631,4576.89804493
845,0.767857142857,0,22.7223511568,130.226045765,45.0147019397,14284665.4155,5.81405416364,7.19266606529,0.961959603088,0.0371800123718,9623.83203591,1359.00791409,-767.658228926,0.917505152197,0.154117376854,0.950261261678,743.254116612,4582.77715996
845.5,0.767857142857,0,38.6339268328,115.334950118,45.0525964189,14296690.5969,5.82907671085,7.19266606529,0.962697173159,0.0372267635242,9647.05952462,859.309657394,-1310.38372982,0.917414298044,0.154467000488,0.950953008771,746.194974713,4593.83786887
846,0.767857142857,0,45.9492715176,94.8067085418,45.071641701,14302734.2998,5.85970019739,7.19266606529,0.964165642114,0.0373220658232,9669.18218335,163.918310429,-1566.96144296,0.91719621725,0.155173890605,0.952328402236,750.243705867,4604.37246826
846.5,0.767857142857,0,43.0406865058,73.2089516375,45.1045577356,14313179.6547,5.87530929337,7.19266606529,0.964563033461,0.0373706423538,9686.93815516,-574.520054445,-1472.67383316,0.916751655945,0.155464862347,0.952685198271,752.748781669,4612.82769293
847,0.767857142857,0,30.555345685,55.3472822123,45.1123689871,14315658.4252,5.88802839182,7.19266606529,0.965029061547,0.0374102250226,9694.66769952,-1188.10938551,-1047.62614027,0.916525058559,0.15573046525,0.953115227431,754.296001873,4616.50842834
847.5,0.767857142857,0,11.2712962923,45.1960059828,45.0645551733,14300485.5083,5.92669301759,7.19266606529,0.966975644003,0.0375305518743,9692.66213579,-1541.90617177,-387.895804788,0.916340416034,0.156645081449,0.954941232158,757.118567734,4615.55339799
848,0.767857142857,0,-10.5206697022,45.0138298027,44.9804470424,14273795.1948,5.94672665442,7.19266606529,0.967491998523,0.0375928978663,9661.20272943,-1546.1069546,361.57958151,0.915779132454,0.157021347741,0.955404777845,756.106884673,4600.5727283
848.5,0.767857142857,0,-29.9717370526,54.8412887316,44.9241128665,14255918.483,5.95318520783,7.19266606529,0.967542062456,0.0376129973082,9637.37499963,-1206.07974065,1028.14646917,0.915488318005,0.157119388069,0.955440148874,754.685064868,4589.2261903
849,0.767857142857,0,-42.7539515052,72.4917267929,44.9190105109,14254299.3355,5.92882532711,7.19266606529,0.96609547892,0.0375371877615,9621.41256137,-598.090407883,1460.49401856,0.915394565251,0.15649803334,0.954074357907,751.52979496,4581.62502922
849.5,0.767857142857,0,-46.0232100391,94.037838245,44.9369357439,14259987.6094,5.89648118849,7.19266606529,0.964678826738,0.0374365306803,9615.77021769,137.407059933,1566.1632776,0.915748178868,0.155775424997,0.952754296528,748.656864177,4578.9381989
850,0.767857142857,0,-39.0520872067,114.685511637,44.962784155,14268190.1718,5.85392241892,7.19266606529,0.962817130301,0.0373040849976,9609.30054484,835.892994612,1322.3694368,0.916217707808,0.154827423039,0.951018869546,744.957048149,4575.85740231
