time,root_dist,x,y,z,rel_vel_mag,Re,alpha_deg,alpha_geom_deg,cl,cd,fx,fy,fz,end_effect_factor,c_ref_t,c_ref_n,f_ref_t,f_ref_n
0.5,0.267857142857,1764,7.70106631833,104.93096037,18.8679622641,12515748.3019,8.15938320808,8.15938320808,0.696148210199,0.0486381422745,2291.50655906,1083.26367183,-558.723964865,0.601522400345,0.327712751332,0.616110665434,580.412053884,1091.19359955
1,0.267857142857,1764,13.688609048,99.7397116144,18.8378834928,12495796.0502,7.99590228862,8.15938320808,0.861655916423,0.0475358216923,2806.77645123,890.29082602,-1251.25296712,0.747886118543,0.414208006164,0.757061622512,731.266683262,1336.56021487
1.5,0.267857142857,1764,16.6303716831,92.3813310739,18.7988857376,12469927.5393,7.77730651925,8.15938320808,0.857716787631,0.0460618722152,2785.74408184,214.835942773,-1500.33803293,0.748977389421,0.410506320696,0.75450934025,721.733975176,1326.54480087
2,0.267857142857,1764,15.8717981582,84.4930931346,18.7630842388,12446179.2118,7.57000267658,8.15938320808,0.854462382575,0.0446640620409,2767.69323826,-491.023180141,-1415.20839134,0.750447234479,0.407270269737,0.75248373342,713.319752297,1317.94916108
2.5,0.267857142857,1764,11.5816746617,77.8301679539,18.7291467171,12423667.3223,7.36913459556,8.15938320808,0.851269130474,0.0433096469769,2750.32510196,-1072.87251347,-1021.02151924,0.751852521137,0.404133128391,0.750474031899,705.266931809,1309.67861998
3,0.267857142857,1764,4.71457391184,73.8750878195,18.6959384852,12401639.1952,7.17802686364,8.15938320808,0.848254164082,0.0420210440806,2733.62753459,-1406.15172932,-411.128208632,0.75322482627,0.401178073284,0.748570002434,697.629463566,1301.72739742
3.5,0.267857142857,1764,-3.20154177631,73.5078767209,18.6627325872,12379612.6162,6.99379396212,8.15938320808,0.844890358001,0.0408514400149,2715.91427391,-1421.89151528,276.025409858,0.754540253987,0.398048806103,0.746368344153,689.731208634,1293.29251139
4,0.267857142857,1764,-10.4052993147,76.81024086,18.6298209916,12357781.2578,6.81629866452,8.15938320808,0.838213728678,0.0402990630052,2688.9557734,-1118.23811997,882.169433106,0.75581748043,0.392804962814,0.741573010978,678.246271579,1280.45513019
4.5,0.267857142857,1764,-15.2938286644,83.0473886357,18.5981697287,12336785.9201,6.64024091952,8.15938320808,0.831533532733,0.0397511597534,2662.36840906,-579.673752325,1275.12248057,0.757056526344,0.387607498602,0.736741880028,666.999746656,1267.7944805
5,0.267857142857,1764,-16.7794089816,90.8315252416,18.5701592569,12318205.6404,6.47625009276,8.15938320808,0.82537805628,0.0392408095429,2638.26945639,68.2677918424,1377.58079038,0.758293864435,0.38283008859,0.732277201743,656.795858252,1256.31878876
5.5,0.267857142857,1764,-14.5314916369,98.4306435583,18.5382647616,12297048.9585,6.28452714082,8.15938320808,0.817841977211,0.0386441551395,2609.32205157,679.470950931,1171.17114165,0.759453906875,0.377110745382,0.726736786004,644.763068189,1242.53431027
6,0.267857142857,1764,-9.05024884489,104.153903908,18.5112516751,12279130.2778,6.11658245378,8.15938320808,0.811591072044,0.0381215002564,2585.34735958,1122.93700739,718.025176645,0.760819370961,0.372309812781,0.722162530397,634.700936031,1231.11779028
6.5,0.267857142857,1764,-1.55528298675,106.727853862,18.4864279687,12262663.8859,5.95748105742,8.15938320808,0.805549451998,0.037626366274,2562.5027426,1307.30887751,121.547884886,0.762023732756,0.367729846674,0.717704969272,625.212959551,1220.23940124
7,0.267857142857,1764,6.2857406736,105.579777411,18.4662696275,12249292.1863,5.82031202653,8.15938320808,0.800437207186,0.0371994872516,2543.46791606,1202.11635513,-484.999975827,0.763171830569,0.363851202289,0.713929847459,617.270105162,1211.17519812
7.5,0.267857142857,1764,12.7281573786,100.965126983,18.4502346926,12238655.6794,5.68885359426,8.15938320808,0.795410796963,0.0367903799868,2525.74446051,835.857171728,-970.250654152,0.764167281314,0.360090380561,0.710187852482,609.829451533,1202.73545739
8,0.267857142857,1764,16.3384990167,93.9106840681,18.4395531353,12231570.2464,5.58313560106,8.15938320808,0.791520965403,0.0364613786569,2512.56752528,295.333663264,-1233.87844245,0.765126199849,0.357154673903,0.707301498454,604.157550184,1196.46072632
8.5,0.267857142857,1764,16.3134475403,85.9860954981,18.429454084,12224871.209,5.47791192565,8.15938320808,0.787452321334,0.0361339156765,2498.98284772,-300.247835391,-1220.27749028,0.765900858848,0.354148013304,0.70424853774,598.415503412,1189.99183225
9,0.267857142857,1764,12.658577021,78.9546196171,18.4178681254,12217185.8565,5.389252541,8.15938320808,0.784140720741,0.0358580018554,2487.06205741,-819.429667133,-939.1087672,0.766675010247,0.351681230602,0.701771172295,593.500369366,1184.31526543
9.5,0.267857142857,1764,6.18711339265,74.3807929821,18.3963918118,12202939.9018,5.29687307489,8.15938320808,0.780526801942,0.0355705108969,2471.61168137,-1147.36906993,-454.498268113,0.767329716085,0.349040448156,0.699040853846,587.670843276,1176.95794351
10,0.267857142857,1764,-1.66101215571,73.2823135985,18.3693552849,12185005.6723,5.21953579733,8.15938320808,0.77763386805,0.0353298322158,2456.68439517,-1216.95161078,120.912150752,0.76801425707,0.346901525386,0.696865813101,582.354080128,1169.84971199
10.5,0.267857142857,1764,-9.13955466294,75.9035983115,18.3415207896,12166542.1238,5.14534615351,8.15938320808,0.774770264709,0.0350989491775,2441.62492339,-1016.87034956,659.298901257,0.768589195419,0.344812923258,0.694697738059,577.094990354,1162.67853495
11,0.267857142857,1764,-14.5845031382,81.6613989056,18.3169606593,12150250.5707,5.05189888973,8.15938320808,0.770862895722,0.0348104928756,2424.57894295,-595.092900088,1040.83816585,0.769142332924,0.342043740463,0.691698961996,570.928282429,1154.5614014
11.5,0.267857142857,1764,-16.784330857,89.2745775838,18.3030841395,12141045.8126,4.98068123018,8.15938320808,0.766349588782,0.0346256584595,2408.24207972,-51.2577341511,1185.96661719,0.769841285213,0.339169493069,0.688080433831,565.273231225,1146.78194272
12,0.267857142857,1764,-15.2495657734,97.0491661721,18.2858489419,12129613.1315,4.83905821953,8.15938320808,0.756506152765,0.0342580978482,2375.84736145,488.20308605,1056.13697986,0.770375646295,0.333065322767,0.68010489427,554.054847488,1131.35588641
12.5,0.267857142857,1764,-10.3217003594,103.25528203,18.2758480123,12122979.1815,4.72906022033,8.15938320808,0.749484231343,0.0339726150609,2353.48117762,904.861711772,704.602997849,0.771442603896,0.328651081619,0.674439929242,546.113894662,1120.70532268
13,0.267857142857,1764,-3.09720791864,106.512035099,18.2671332541,12117198.3919,4.63517642137,8.15938320808,0.743398288211,0.033728954187,2334.05731772,1113.10817208,208.788766753,0.772275297457,0.324857483927,0.66951196584,539.295448642,1111.45586558
13.5,0.267857142857,1764,4.81642789629,106.094782456,18.2639477351,12115085.3309,4.56065302804,8.15938320808,0.738606949316,0.0335355402503,2319.70598332,1074.65154233,-321.593763772,0.772988777779,0.321877148961,0.665627492683,534.161450264,1104.62189682
14,0.267857142857,1764,11.6583857809,102.096364784,18.265709403,12116253.904,4.49630270668,8.15938320808,0.734416045141,0.033368528948,2308.27880158,801.331080738,-772.316893911,0.773556950612,0.319286772297,0.662220766151,529.964891144,1099.1803817
14.5,0.267857142857,1764,15.9062978262,95.4064488775,18.2729257254,12121040.7312,4.45295909398,8.15938320808,0.731692554424,0.0332560373076,2302.39372284,356.535817872,-1048.96301312,0.774048865584,0.317593634463,0.660010788977,527.571166884,1096.37796326
15,0.267857142857,1764,16.6149835609,87.5135725888,18.2795773449,12125452.9721,4.4078676127,8.15938320808,0.728685801614,0.0331390093448,2295.50278851,-163.139773197,-1090.14429199,0.774380880236,0.315753862181,0.657556605877,524.896958456,1093.09656596
15.5,0.267857142857,1764,13.6267570655,80.1739381298,18.2792755262,12125252.7657,4.38966678563,8.15938320808,0.727670439334,0.0330917719143,2292.57629056,-643.365128153,-892.217087738,0.774726867239,0.315106213391,0.656739985025,523.803034543,1091.70299551
16,0.267857142857,1764,7.60651283344,75.0206487953,18.2668764911,12117028.0724,4.39531672007,8.15938320808,0.728218100362,0.0331064354449,2291.06497946,-980.415252541,-497.854753429,0.774866691015,0.315417200561,0.657198316608,523.608927592,1090.98332355
16.5,0.267857142857,1764,-0.106216390817,73.2003357748,18.2389671792,12098514.8955,4.39936375186,8.15938320808,0.728475498585,0.0331169388898,2284.79735348,-1096.75190968,6.93424748888,0.774823276261,0.315576180844,0.657407756087,522.273252597,1087.99873975
17,0.267857142857,1764,-7.795311967,75.1180273036,18.2063562144,12076882.9556,4.39378830462,8.15938320808,0.728035464545,0.0331024686791,2275.37444228,-967.290028062,506.675269813,0.774792184153,0.315316747277,0.657043955877,519.97946659,1083.51163918
17.5,0.267857142857,1764,-13.7499138531,80.3470279689,18.1767298661,12057230.8112,4.32984050179,8.15938320808,0.723363748247,0.0329365020513,2254.70319668,-619.838463652,882.912065895,0.77483501986,0.312523637645,0.653198975319,513.697511319,1073.66818889
18,0.267857142857,1764,-16.6450950361,87.7238604528,18.162685194,12047914.512,4.26804585091,8.15938320808,0.719266822456,0.0327761235962,2239.66626004,-144.76567026,1058.65140933,0.775326978078,0.310029836776,0.649846548404,508.811229752,1066.50774287
18.5,0.267857142857,1764,-15.8366640438,95.6071447246,18.1591907245,12045596.5139,4.19083585288,8.15938320808,0.714012604968,0.0325757369928,2223.94016037,352.841431683,996.55555345,0.77580351398,0.306861025279,0.645531943329,503.416906839,1059.01912399
19,0.267857142857,1764,-11.504500586,102.242812841,18.1600220364,12046147.9508,4.11333748761,8.15938320808,0.708840078235,0.0323746019768,2209.50539398,762.639411177,716.647854263,0.77640050836,0.303740143551,0.64128332004,498.342608723,1052.1454257
19.5,0.267857142857,1764,-4.61253147081,106.15439734,18.1657628189,12049956.0032,4.06806269346,8.15938320808,0.706043394425,0.0322570982537,2203.01961722,1001.26302432,285.888548666,0.777001503639,0.302027884322,0.638996832771,495.846674175,1049.05696058
20,0.267857142857,1764,3.30574765812,106.471552216,18.1737369386,12055245.5026,4.02013621254,8.15938320808,0.702820261237,0.032132712488,2195.79228489,1015.28354807,-203.761683614,0.777353430124,0.300096719869,0.636341723872,493.108862955,1045.61537376
20.5,0.267857142857,1764,10.4884823369,103.123709013,18.1829758788,12061373.9996,3.97091679465,8.15938320808,0.699517432942,0.0320049711044,2188.61897879,804.420606902,-642.893812898,0.777726631279,0.2981216881,0.633618510028,490.361745194,1042.19951371
21,0.267857142857,1764,15.3374802122,96.8557786385,18.1967899616,12070537.3412,3.93519430272,8.15938320808,0.697219474954,0.0319122589038,2185.40557159,418.911171435,-937.171711834,0.77811061114,0.296737540792,0.631727963927,488.826951424,1040.6693198
21.5,0.267857142857,1764,16.7738163796,89.0624051716,18.2175303186,12084295.1113,3.95467178609,8.15938320808,0.698911367553,0.0319628096982,2195.31122056,-57.6064692532,-1030.59478179,0.778389747922,0.29769665483,0.633147236116,491.525486372,1045.3862955
22,0.267857142857,1764,14.4778992655,81.4776509776,18.2200679131,12085978.3823,3.95018091528,8.15938320808,0.698442306803,0.0319511543379,2194.54580951,-523.310836885,-889.008600919,0.778237503058,0.297438601993,0.632750195765,491.236240628,1045.02181405
22.5,0.267857142857,1764,8.96058125948,75.7891596486,18.216451121,12083579.2436,4.02437860977,8.15938320808,0.703965282727,0.0321437229736,2209.57607813,-881.738066949,-555.975959417,0.778272595717,0.300669369317,0.637336856432,496.374905437,1052.17908482
23,0.267857142857,1764,1.44949164817,73.2626473431,18.1904465005,12066329.512,4.07963472623,8.15938320808,0.707528083877,0.0322871316743,2213.38323372,-1042.9640493,-90.3229865436,0.777693568412,0.302825717628,0.640261691099,498.508489691,1053.99201606
23.5,0.267857142857,1764,-6.38411669341,74.4602749688,18.154124471,12042235.8991,4.10930905,8.15938320808,0.709330138774,0.0323641467902,2209.61766547,-968.002239781,397.680090596,0.777263421476,0.303934021609,0.641732650159,498.33686907,1052.19888832
24,0.267857142857,1764,-12.7972289511,79.1155647288,18.1193849405,12019192.0105,4.06134856539,8.15938320808,0.705575694965,0.0322396727732,2190.46093494,-670.567433812,788.410676698,0.777032792546,0.301749497735,0.638610756598,492.863372038,1043.07663569
24.5,0.267857142857,1764,-16.3628973912,86.1926926883,18.1005152765,12006675.1334,3.99969072126,8.15938320808,0.701355978219,0.0320796493789,2173.98414552,-232.119593915,997.594569262,0.777405671627,0.299232591985,0.635129252973,487.734926359,1035.23054548
25,0.267857142857,1764,-16.2877439632,94.1169644871,18.0969242156,12004293.063,3.92695829921,8.15938320808,0.696409000073,0.0318908836311,2159.14218367,248.429861201,982.850832157,0.777886047016,0.296287986367,0.631043542852,482.743753524,1028.1629446
25.5,0.267857142857,1764,-12.5884906596,101.125192264,18.1086663457,12012082.0093,3.90412082734,8.15938320808,0.695226976969,0.0318316125064,2158.67104064,670.498255115,758.689002531,0.778454158291,0.295538520602,0.630087917596,482.147716066,1027.93859078
26,0.267857142857,1764,-6.08823879302,105.658012275,18.1200824012,12019654.6594,3.85518305541,8.15938320808,0.691762945164,0.0317046020913,2151.53547575,938.36483014,364.860434427,0.778632866527,0.2935024009,0.62721407411,479.429860531,1024.54070274
26.5,0.267857142857,1764,1.7666749287,106.706850682,18.1345039913,12029220.9809,3.81921490002,8.15938320808,0.689439034811,0.0316112523092,2148.37370643,998.06508346,-105.540930111,0.779016339704,0.29211227724,0.625296626793,477.918957909,1023.0350983
27,0.267857142857,1764,9.2284951438,104.03833599,18.1470203525,12037523.5005,3.76499816123,8.15938320808,0.685670922897,0.0314705411525,2140.57820201,833.44265074,-547.886976079,0.779298640285,0.289898746929,0.622168567188,474.952388264,1019.32295334
27.5,0.267857142857,1764,14.6369316503,98.24622531,18.1612983921,12046994.6001,3.71201834827,8.15938320808,0.682117537957,0.0313330402453,2133.79606774,486.793503894,-864.051487368,0.77972489919,0.287801260189,0.61922252029,472.258261778,1016.09336559
28,0.267857142857,1764,16.7885818091,90.6192905933,18.1856583761,12063153.3895,3.75320748197,8.15938320808,0.685538466973,0.0314399402688,2149.45471488,36.9027549915,-1000.41067609,0.780142284902,0.28973646123,0.622096650511,476.710034222,1023.54986423
28.5,0.267857142857,1764,15.2046933086,82.8545607978,18.1960038999,12070015.9202,3.77787276096,8.15938320808,0.687082394684,0.031503955184,2156.3038535,-427.636140554,-909.96175054,0.779817715668,0.290663388693,0.623369481729,478.779404265,1026.81135881
29,0.267857142857,1764,10.2376888127,76.6797249363,18.1996892557,12072460.5396,3.88067949508,8.15938320808,0.694533448194,0.0317707741555,2178.62252348,-809.438325019,-622.117609808,0.779623597689,0.295011894481,0.629566576992,486.139105174,1037.43929689
29.5,0.267857142857,1764,2.99275025568,73.4687131201,18.176409631,12057018.3886,3.95468435866,8.15938320808,0.699295442666,0.0319628423284,2186.58438109,-1011.72230828,-183.157682688,0.778816462002,0.297875896459,0.633486929409,489.603654271,1041.23065766
30,0.267857142857,1764,-4.91808935273,73.9359906275,18.1400773813,12032917.9963,4.00704444059,8.15938320808,0.702650582198,0.0320987348196,2187.33151748,-985.858969915,301.826423953,0.778237404822,0.29990207779,0.636244381647,490.965336017,1041.5864369
30.5,0.267857142857,1764,-11.7346308771,77.9775860087,18.1025237084,12008007.3932,3.98313943894,8.15938320808,0.700513333026,0.0320366930865,2172.1425484,-731.811306282,714.293781363,0.777828694945,0.298693717564,0.634450425596,486.964635764,1034.35359448
31,0.267857142857,1764,-15.9401616686,84.6942252235,18.0750043211,11989752.8664,3.90186929711,8.15938320808,0.694668356517,0.0318257690081,2148.99593388,-318.281685791,956.215018798,0.778015190251,0.295258848167,0.629602428282,479.90229393,1023.33139709
31.5,0.267857142857,1764,-16.5989312848,92.5914243581,18.0668268329,11984328.4658,3.82121494959,8.15938320808,0.689263355089,0.0316164431284,2131.8112069,153.624165003,984.013656653,0.778650493674,0.292047932971,0.625133247389,474.253981667,1015.14819376
32,0.267857142857,1764,-13.564360378,99.912019347,18.0768674666,11990988.7529,3.78813179302,8.15938320808,0.68737147937,0.0315305809144,2128.89873539,585.913703102,801.808828362,0.779282932481,0.290885496676,0.623585885029,472.891492715,1013.76130256
32.5,0.267857142857,1764,-7.51165529193,105.027143267,18.0964776681,12003996.8532,3.77576859703,8.15938320808,0.686684283879,0.0314984941521,2131.6008128,888.904474389,444.33887934,0.779542911894,0.290460756946,0.62302488677,473.22605958,1015.04800609
33,0.267857142857,1764,0.212428535825,106.798656914,18.1160814915,12017000.7227,3.75146086105,8.15938320808,0.684967726685,0.0314354071845,2131.32767981,992.408370855,-12.5495662088,0.779640150532,0.289457114955,0.621597578846,472.613198034,1014.91794277
33.5,0.267857142857,1764,7.88924601215,104.832390143,18.1311161195,12026973.6926,3.69214495707,8.15938320808,0.680736961583,0.0312814619334,2122.76610494,870.233877931,-462.871397315,0.779831468652,0.286993902062,0.618074300473,469.369464816,1010.84100235
34,0.267857142857,1764,13.8106690301,99.5658465878,18.1433901218,12035115.4475,3.6101017467,8.15938320808,0.675057192729,0.0310685314751,2109.38130446,555.507848932,-802.013180418,0.78029906895,0.283678754868,0.613346420174,464.576004924,1004.46728784
34.5,0.267857142857,1764,16.6591530316,92.1708570359,18.1641987114,12048918.4785,3.62337422424,8.15938320808,0.676603926689,0.031102978137,2118.78129425,126.7228059,-972.470587058,0.780947577683,0.284503733745,0.614668930681,466.996412225,1008.94347345
35,0.267857142857,1764,15.8008968874,84.2928415516,18.1852245137,12062865.5941,3.69841441287,8.15938320808,0.682085088027,0.0312977333359,2139.50221311,-337.641430294,-934.797495677,0.780842528212,0.287670526876,0.61924573748,473.288321462,1018.81057767
35.5,0.267857142857,1764,11.4268666387,77.6846957479,18.1954720249,12069663.1099,3.81938179787,8.15938320808,0.690542865074,0.0316116854668,2166.22291338,-741.973083362,-688.446448382,0.780249595491,0.292626231163,0.626273611131,481.984411055,1031.53472066
36,0.267857142857,1764,4.51030465216,73.8167632426,18.1756912802,12056541.8825,3.89947924892,8.15938320808,0.69563601943,0.0318195660078,2175.99294754,-983.07101159,-273.984112292,0.779297329473,0.295688564681,0.630468261712,485.970032487,1036.18711788
36.5,0.267857142857,1764,-3.40982139864,73.5496772667,18.1384982912,12031870.5332,3.95591262385,8.15938320808,0.699254175119,0.0319660301007,2177.33026927,-1002.54336082,207.807096567,0.778669206929,0.297867408978,0.633445526601,487.549515995,1036.82393775
37,0.267857142857,1764,-10.5712461011,76.9428657099,18.1020223286,12007674.8113,3.96743062769,8.15938320808,0.699710209086,0.0319959232975,2169.80555086,-793.387316006,642.337926882,0.778227807937,0.298181085689,0.633802931473,486.101956755,1033.24073851
37.5,0.267857142857,1764,-15.3805186719,83.2413281348,18.0663209794,11983992.9163,3.86689355068,8.15938320808,0.692189704373,0.0317349948699,2139.91931072,-403.049942426,917.209370246,0.778137835429,0.293802143238,0.627546012152,477.075911318,1019.00919558
38,0.267857142857,1764,-16.7675532746,91.0436269364,18.0575623442,11978183.0217,3.80846803991,8.15938320808,0.688561708767,0.0315833604967,2127.67718464,61.7124441322,991.510144667,0.778924511905,0.291612491323,0.62456135835,473.061336226,1013.17961174
38.5,0.267857142857,1764,-14.4237281661,98.613713821,18.0587096211,11978944.0486,3.73138305822,8.15938320808,0.683253749728,0.0313832983538,2112.93667663,503.96539553,843.893821102,0.779383063489,0.288491984098,0.620155603896,468.058638589,1006.1603222
39,0.267857142857,1764,-8.87055549101,104.267208742,18.0830399028,11995083.1356,3.74323452518,8.15938320808,0.684664580289,0.0314140570025,2122.75049214,839.175786663,521.752749052,0.779989628072,0.289246391498,0.621360568016,470.547982778,1010.83356768
39.5,0.267857142857,1764,-1.34364236877,106.746182406,18.1070711371,12011023.8543,3.73462611102,8.15938320808,0.683944168445,0.0313917151955,2126.32239324,986.214979841,79.1296905457,0.779896255558,0.288839286643,0.620755130324,471.135429396,1012.53447297
40,0.267857142857,1764,6.48223751968,105.499051479,18.1238840032,12022176.3888,3.6730083826,8.15938320808,0.679433311456,0.0312317959153,2117.35545215,906.201207856,-379.004578314,0.77996407329,0.286229156021,0.616991021033,467.745376085,1008.26450103
40.5,0.267857142857,1764,12.8657889775,100.803308474,18.1357509587,12030048.1359,3.5760101172,8.15938320808,0.672657667225,0.0309800519257,2100.7261236,623.766678561,-742.851180892,0.780450152379,0.282287215146,0.611344443876,461.907890573,1000.34577314
41,0.267857142857,1764,16.3866416883,93.7037783652,18.1566262289,12043895.3985,3.58373890544,8.15938320808,0.67389334567,0.0310001107997,2109.24308072,214.824464496,-950.448752189,0.781217650819,0.282921103055,0.612412359162,464.011489488,1004.40146701
41.5,0.267857142857,1764,16.261389313,85.780140096,18.1783029814,12058274.311,3.64772969212,8.15938320808,0.678594105244,0.0311661889855,2127.85088992,-247.689795521,-954.481969883,0.781156392788,0.285627690501,0.616342529302,469.569703552,1013.26232853
42,0.267857142857,1764,12.5179010961,78.7954405642,18.1961710058,12070126.7671,3.79414532435,8.15938320808,0.689023648838,0.0315461881045,2162.07438321,-672.976148106,-751.85900082,0.780649896794,0.291703587292,0.625026213693,480.501640044,1029.5592301
42.5,0.267857142857,1764,5.98912082703,74.3038083689,18.1776203778,12057821.5172,3.85738533301,8.15938320808,0.692692703364,0.0317103177621,2168.03294876,-948.091738125,-361.758833493,0.779495631008,0.293953687788,0.628028625926,483.221285983,1032.39664227
43,0.267857142857,1764,-1.87226708206,73.3046528645,18.140001592,12032867.7227,3.91279343112,8.15938320808,0.696356099433,0.0318541209076,2169.46548805,-1011.74266101,113.459903789,0.778999067424,0.296139861904,0.631052838064,484.802215994,1033.07880383
43.5,0.267857142857,1764,-9.31706673222,76.0202908647,18.1054218228,12009929.8091,3.95868232357,8.15938320808,0.699365647546,0.0319732184278,2169.69642206,-849.087973403,565.892268084,0.77856498317,0.297943668552,0.633533082036,485.897361775,1033.18877241
44,0.267857142857,1764,-14.6887750775,81.8464801023,18.0678208842,11984987.8532,3.86806402748,8.15938320808,0.692337111504,0.0317380326613,2140.70405902,-486.441971154,876.337678966,0.77820616891,0.293880826882,0.627671919297,477.28291806,1019.38288525
44.5,0.267857142857,1764,-16.7921616679,89.4868659846,18.0532818392,11975343.62,3.80671193021,8.15938320808,0.688423517618,0.0315788027856,2126.27501076,-30.3203577123,992.224902756,0.778915335869,0.291533249509,0.624445774127,472.708599346,1012.51190989
45,0.267857142857,1764,-15.1592130636,97.2414266062,18.0525851741,11974881.4988,3.72889617756,8.15938320808,0.683081522804,0.0313768440398,2111.01642593,423.241099394,886.013537367,0.7793968621,0.288391062409,0.620012474279,467.577589233,1005.24591711
45.5,0.267857142857,1764,-10.1532680329,103.384735644,18.0748598197,11989657.0137,3.73099978666,8.15938320808,0.683774251806,0.0313823036317,2118.29739078,785.152828055,595.593915509,0.780009226468,0.288729678726,0.62061844078,469.28253136,1008.71304323
46,0.267857142857,1764,-2.88817296293,106.549877853,18.0997008712,12006134.9112,3.72656207215,8.15938320808,0.68343055137,0.0313707862304,2123.13946822,972.827345546,169.771261277,0.779992648405,0.288532729415,0.620330805966,470.252338638,1011.01879439
46.5,0.267857142857,1764,5.01955421743,106.032594159,18.1178485088,12018172.8442,3.66651423455,8.15938320808,0.679006944386,0.0312149413588,2114.73316992,935.947686473,-293.030567008,0.780027622576,0.285977213261,0.61663752447,467.022455484,1007.0157952
47,0.267857142857,1764,11.8104069027,101.947982624,18.1339224124,12028835.2002,3.59133973181,8.15938320808,0.673839695521,0.0310198375685,2103.71008577,691.363438613,-683.402695196,0.780501448774,0.282960114217,0.612336295956,462.915596949,1001.76670751
47.5,0.267857142857,1764,15.9733883318,95.2048885868,18.1509221892,12040111.7188,3.56500930022,8.15938320808,0.672397316,0.0309515010073,2103.58802218,300.799433266,-923.129492094,0.78109616656,0.282075318949,0.611154367094,462.333713007,1001.70858199
48,0.267857142857,1764,16.5822154963,87.3036822825,18.1707228912,12053246.1845,3.60679317319,8.15938320808,0.675681514484,0.0310599445845,2117.69553393,-157.196649656,-966.751322738,0.781304873907,0.283938779667,0.613912859105,466.403936411,1008.42644473
48.5,0.267857142857,1764,13.5014214797,80.0024193913,18.1979483191,12071305.7183,3.79303490634,8.15938320808,0.689227041998,0.0315433061864,2163.13510724,-600.773629737,-811.326090428,0.780973772767,0.291788381027,0.625210713507,480.735212449,1030.06433678
49,0.267857142857,1764,7.41649748557,74.9256653531,18.1796001956,12059134.7964,3.82451458652,8.15938320808,0.690263797894,0.0316250068256,2161.52284225,-906.351297682,-445.920319388,0.779504360761,0.292540941303,0.626006429201,481.003676202,1029.29659155
49.5,0.267857142857,1764,-0.318632189387,73.203021893,18.1418597587,12034100.3066,3.87094568589,8.15938320808,0.693485555488,0.0317455115598,2161.74149268,-1012.26578097,19.2022910297,0.779257020714,0.294439919931,0.628677283449,482.118045051,1029.4007108
50,0.267857142857,1764,-7.98286469893,75.2177853081,18.1098125125,12012842.2999,3.95018868299,8.15938320808,0.699030941517,0.0319511744978,2169.85046243,-897.570466404,484.716515109,0.778892746649,0.297713166672,0.633270878171,485.756964087,1033.26212496
50.5,0.267857142857,1764,-13.8708721506,80.5216612331,18.0740899057,11989146.3041,3.88367673621,8.15938320808,0.693551674261,0.0317785530311,2145.64993695,-567.222061442,830.088994363,0.778272535013,0.29458112232,0.628685743179,478.752300705,1021.73806521
51,0.267857142857,1764,-16.6725451075,87.9345122515,18.0471268736,11971260.8261,3.77059823643,8.15938320808,0.685640759756,0.0314850752812,2116.91223924,-121.293927245,979.080352689,0.778792978082,0.289932695692,0.622120240286,469.792870316,1008.05344726
51.5,0.267857142857,1764,-15.7644981186,95.8069440388,18.0503899964,11973425.3643,3.73510216222,8.15938320808,0.683790544001,0.0313929507128,2112.56131308,339.765540969,922.384165507,0.779680829885,0.288772220481,0.620617136484,468.081715546,1005.98157766
52,0.267857142857,1764,-11.348775923,102.387303381,18.0699715163,11986414.4391,3.73026047724,8.15938320808,0.683676545265,0.0313803848685,2116.86600136,726.120514934,665.243981173,0.779960322342,0.288678140234,0.620534671434,468.945010942,1008.03142922
52.5,0.267857142857,1764,-4.40789754223,106.211429279,18.0921191231,12001105.685,3.71614250957,8.15938320808,0.682662778869,0.0313437438679,2119.17014358,950.669150367,258.487523792,0.779998474582,0.28808863097,0.619690116622,469.13526699,1009.1286398
53,0.267857142857,1764,3.51375883771,106.428435678,18.114934363,12016239.7941,3.68909876781,8.15938320808,0.680753907999,0.0312735560205,2119.07001558,962.095634945,-205.7756506,0.780109763671,0.286975885682,0.618100929946,468.502615244,1009.0809598
53.5,0.267857142857,1764,10.6535872987,102.990037632,18.131576108,12027278.8183,3.61829711653,8.15938320808,0.675686141931,0.0310898012895,2108.44623385,754.32860446,-618.651451786,0.780323111271,0.284037678756,0.613873712736,464.558225838,1004.02201612
54,0.267857142857,1764,15.4229423232,96.6612949263,18.1443731604,12035767.5297,3.5603136061,8.15938320808,0.671864860553,0.0309393140598,2100.50467912,384.302100278,-889.777317002,0.78088270641,0.281790961818,0.610699177859,461.534406785,1000.24032339
54.5,0.267857142857,1764,16.760619917,88.8503826726,18.1662645152,12050288.7951,3.6099536644,8.15938320808,0.675948557227,0.0310681471504,2117.43250875,-67.0256914912,-977.187898112,0.781342116175,0.284088489079,0.614137942288,466.420885601,1008.30119464
55,0.267857142857,1764,14.3689805043,81.2952656981,18.1847587011,12062556.6051,3.71269833925,8.15938320808,0.683238685149,0.0313348050567,2142.73731275,-516.127661297,-851.97641257,0.780948750029,0.288325751283,0.620213859922,474.342024371,1020.35110131
55.5,0.267857142857,1764,8.7801751381,75.6769931738,18.1821722433,12060840.9214,3.81059177645,8.15938320808,0.68979102534,0.0315888723262,2160.87571759,-860.421162628,-527.448502403,0.780136922455,0.292201372413,0.625641969064,480.581304229,1028.98843695
56,0.267857142857,1764,1.2377393797,73.2456572427,18.1432815914,12035043.4556,3.82987826959,8.15938320808,0.690539143508,0.031638927435,2153.66167472,-1003.93896263,-74.1667284037,0.779366377489,0.292715104572,0.626229349361,479.368950332,1025.55317844
56.5,0.267857142857,1764,-6.58009923021,74.5422416204,18.1149134723,12016225.9366,3.9376682407,8.15938320808,0.698392291603,0.0319186796271,2169.30695472,-937.833111536,399.21926477,0.779214907124,0.297305827268,0.632755750785,485.365646691,1033.00331177
57,0.267857142857,1764,-12.9338347172,79.2782501657,18.088152723,11998474.6396,3.93676250849,8.15938320808,0.697568340189,0.0319163289393,2160.42289745,-647.720507517,781.356599122,0.778370404229,0.296913843687,0.632030387493,483.294624499,1028.77280831
57.5,0.267857142857,1764,-16.4097309591,86.3998986332,18.0522778171,11974677.6187,3.79029472834,8.15938320808,0.68673292809,0.0315361944783,2121.15631933,-212.026044599,966.442328621,0.778377485927,0.290607867253,0.623011808537,471.155721459,1010.07443777
58,0.267857142857,1764,-16.2343846432,94.3225866397,18.0494429828,11972797.1786,3.73094580624,8.15938320808,0.683346559126,0.0313821635339,2111.0544747,252.677882237,948.985011277,0.779525904748,0.288531222401,0.620239545464,467.641999194,1005.26403557
58.5,0.267857142857,1764,-12.446811152,101.283478725,18.066119243,11983859.0979,3.72337068804,8.15938320808,0.683194202875,0.0313625034867,2114.59567464,660.488541442,728.585247818,0.779993073796,0.288396131355,0.620133531497,468.287171016,1006.95032126
59,0.267857142857,1764,-5.88976345675,105.73374356,18.086218184,11997191.3954,3.70848440983,8.15938320808,0.682142221953,0.0313238684549,2116.31093053,921.075550094,344.795063873,0.78005277792,0.287782616764,0.619257911693,468.331288894,1007.76710978
59.5,0.267857142857,1764,1.97778439491,106.683176223,18.1081724631,12011754.4005,3.69146041582,8.15938320808,0.680981823893,0.0312796853125,2118.14982767,976.711358094,-115.788771668,0.780170155974,0.287101299757,0.618294029458,468.357509404,1008.64277508
60,0.267857142857,1764,9.40526588773,103.920523466,18.1235601058,12021961.5368,3.62333799935,8.15938320808,0.6760440589,0.0311028841209,2107.60705783,808.237120859,-546.077526489,0.78030447151,0.284245176165,0.61417232012,464.486625265,1003.62240849
60.5,0.267857142857,1764,14.7400313475,98.0604885631,18.1334157631,12028499.1229,3.54506500058,8.15938320808,0.670698239212,0.0308997386635,2094.60502965,463.367977611,-847.350438117,0.780842814854,0.281126842476,0.609720116422,459.89071157,997.430966498
61,0.267857142857,1764,16.7950702904,90.4069569259,18.1523039116,12041028.2614,3.58069024037,8.15938320808,0.673878514611,0.0309921984612,2108.23291573,23.5901478476,-973.562964675,0.781463101133,0.282888708271,0.612410603723,463.737488603,1003.92043606
61.5,0.267857142857,1764,15.1131268564,82.6628754527,18.1709512054,12053397.6329,3.65549763326,8.15938320808,0.679192159368,0.0311863494748,2127.85854983,-430.828155366,-887.426746452,0.781180554218,0.285969531422,0.61684358215,469.751497429,1013.26597611
62,0.267857142857,1764,10.0684413946,76.551338807,18.1749272481,12056035.0745,3.7563386033,8.15938320808,0.686162997269,0.0314480666097,2148.78708772,-801.316909062,-599.911933363,0.780588496445,0.290052620931,0.622638030324,476.667170101,1023.23194653
62.5,0.267857142857,1764,2.78348022069,73.4321927262,18.1370544282,12030912.7707,3.74863198603,8.15938320808,0.684892292887,0.031428065277,2136.07306993,-980.837708014,-164.785980115,0.779793063347,0.289397989178,0.621541615664,473.611355712,1017.17765235
63,0.267857142857,1764,-5.12081843452,73.999461929,18.1073039069,12011178.2582,3.83910731082,8.15938320808,0.691655406966,0.0316628799836,2148.39137315,-956.923362723,306.254125612,0.779853745303,0.293313390968,0.627181787549,478.445591506,1023.04351102
63.5,0.267857142857,1764,-11.8857108285,78.1269263415,18.0825912914,11994785.5566,3.86345695445,8.15938320808,0.692828736554,0.0317260757161,2145.75410466,-709.966140414,710.721796709,0.779142464368,0.294069541238,0.628125231934,478.370579235,1021.78766889
64,0.267857142857,1764,-16.0059764877,84.8962056589,18.0490431233,11972531.9385,3.73429546149,8.15938320808,0.68309111587,0.0313908570458,2110.14662993,-298.237594861,935.300996098,0.77895145571,0.288441509076,0.620000285749,467.475881559,1004.83172854
64.5,0.267857142857,1764,-16.5648368638,92.8011032964,18.0387311585,11965691.6685,3.6399556686,8.15938320808,0.676983975714,0.0311460127102,2090.54550375,161.440651135,954.70882943,0.779966678615,0.284818834979,0.614943581739,461.077322902,995.497858927
65,0.267857142857,1764,-13.4379428865,100.082742235,18.0529668605,11975134.6841,3.63539826029,8.15938320808,0.67729197874,0.0311341846621,2094.83535642,582.244972857,775.996698985,0.780711363413,0.284922545015,0.615234024792,461.973506238,997.540645915
65.5,0.267857142857,1764,-7.32104321811,105.120923457,18.0676873661,11984899.2862,3.60461330255,8.15938320808,0.675037561106,0.0310542870676,2091.82622342,870.620519474,421.525210923,0.780747405789,0.283623590988,0.613349603639,460.617645179,996.10772544
66,0.267857142857,1764,0.424823106202,106.794627871,18.0853689561,11996628.0742,3.5813888947,8.15938320808,0.673523325783,0.0309940117104,2091.62750499,965.832008775,-24.4308928537,0.780991033336,0.282730957897,0.612092725477,460.067119647,996.013097617
66.5,0.267857142857,1764,8.07616428511,104.731448348,18.095664643,12003457.5466,3.50103232881,8.15938320808,0.667712504467,0.030785458677,2077.3788533,838.11871007,-459.478540934,0.781175016961,0.279388105135,0.607231438413,455.145313754,989.228025383
67,0.267857142857,1764,13.9305208081,99.3904520666,18.1039197262,12008933.4184,3.41815365613,8.15938320808,0.662095825686,0.0305703599056,2063.22300591,528.499747949,-784.017285176,0.781812858204,0.276127687445,0.60254371586,450.244349642,982.487145671
67.5,0.267857142857,1764,16.6852707285,91.9600358969,18.1153129784,12016490.9423,3.40693879971,8.15938320808,0.661820176215,0.0305412534809,2065.12011159,110.363456086,-939.495111397,0.782472766466,0.275909392712,0.602339373462,450.454836094,983.390529328
68,0.267857142857,1764,15.7274691924,84.0935024929,18.1353736504,12029797.8548,3.48029248431,8.15938320808,0.667354777351,0.0307316316196,2085.67647289,-337.109584074,-897.635289209,0.782562222997,0.279051885144,0.606990014277,456.594905754,993.179272806
68.5,0.267857142857,1764,11.2702315605,77.5411926505,18.1442154463,12035662.9127,3.57452142614,8.15938320808,0.67386361838,0.0309761882584,2106.38843118,-721.409102693,-652.586351894,0.781977800655,0.282830122245,0.612420462073,463.228354017,1003.04211009
69,0.267857142857,1764,4.30531423455,73.7610262226,18.1122518738,12014460.4096,3.55470393548,8.15938320808,0.671746440263,0.0309247550276,2092.78539697,-933.205701362,-247.413650944,0.781229452189,0.281689595974,0.610614929394,459.736293269,996.564474749
69.5,0.267857142857,1764,-3.6175558206,73.5941080741,18.0796463231,11992832.061,3.59941449088,8.15938320808,0.675203913743,0.0310407943563,2095.16708539,-945.966317043,208.58883941,0.781386616061,0.283656583296,0.61351674696,461.281262275,997.698612091
70,0.267857142857,1764,-10.7355026384,77.0775782803,18.0571171449,11977887.7061,3.63082905741,8.15938320808,0.677230945723,0.031122326003,2095.67295132,-746.395425799,620.079597834,0.781032204156,0.284855841608,0.61519712493,462.077738673,997.939500628
70.5,0.267857142857,1764,-15.4647494702,83.4363482859,18.0276883778,11958366.6239,3.52173995581,8.15938320808,0.668915441402,0.0308392021188,2065.16905176,-371.588003118,875.50583496,0.780783547725,0.28011281194,0.608223426646,452.903986138,983.41383417
71,0.267857142857,1764,-16.7530165838,91.2555617644,18.0147189453,11949763.567,3.4205377245,8.15938320808,0.662133681215,0.0305765473861,2043.02620588,69.9784264146,933.725262618,0.781648301866,0.276164601769,0.602568709592,445.878034179,972.869621848
71.5,0.267857142857,1764,-14.3136584684,98.7954068268,18.0180535823,11951975.5429,3.36441505734,8.15938320808,0.65863994249,0.0304308896872,2033.93465284,486.736243772,792.115304586,0.782453754604,0.274106230749,0.599665229237,442.718571961,968.540310876
72,0.267857142857,1764,-8.68944381354,104.378232374,18.0332546985,11962058.95,3.3581110468,8.15938320808,0.658547716646,0.0304145286032,2037.16636256,796.759822033,481.519530786,0.782901765351,0.274012639631,0.599605880535,443.314477767,970.079220265
72.5,0.267857142857,1764,-1.13178691423,106.761833384,18.0465141691,11970854.3988,3.33342094595,8.15938320808,0.65675175845,0.0303504492667,2035.02920319,926.743198671,62.5752446703,0.782952148213,0.272990878639,0.598096983923,442.311137433,969.061525327
73,0.267857142857,1764,6.67769791316,105.415847384,18.0502770336,11973350.4323,3.23459970505,8.15938320808,0.649557638967,0.0300939740262,2015.27665245,839.940886233,-363.838027408,0.783149592639,0.268912183004,0.592044771486,435.884380682,959.655548784
73.5,0.267857142857,1764,13.0013634502,100.639762612,18.0520485425,11974525.5332,3.1283249823,8.15938320808,0.642291795298,0.0298181544268,1994.89492432,570.882065149,-697.595001595,0.783941716098,0.26476366099,0.585942041895,429.244212282,949.949963964
74,0.267857142857,1764,16.4321642804,93.4962804608,18.0605539795,11980167.473,3.11419016861,8.15938320808,0.641937559129,0.0297814697049,1995.86507828,187.578354394,-881.599279405,0.784796913353,0.264491198972,0.585674970803,429.206653176,950.41194204
74.5,0.267857142857,1764,16.2067310331,85.5748594122,18.072973486,11988405.7457,3.13914888379,8.15938320808,0.643893798191,0.0298462461884,2004.26674651,-238.714395825,-874.272789769,0.784910917366,0.265576239009,0.587332344618,431.560337731,954.412736433
75,0.267857142857,1764,12.3752236691,78.6380530217,18.0836750275,11995504.4349,3.21475621387,8.15938320808,0.649370787847,0.0300424733151,2022.4107166,-620.790629311,-676.153735277,0.784709654829,0.26866797902,0.591948044478,437.101585138,963.052722192
75.5,0.267857142857,1764,5.79017065381,74.2293334383,18.0593349458,11979358.8474,3.18369251905,8.15938320808,0.646550931598,0.0299618523016,2008.78263386,-854.459017367,-313.713025882,0.784101135246,0.267137331808,0.589545134572,433.442182815,956.563158983
76,0.267857142857,1764,-2.08322264941,73.3296615693,18.0284907273,11958898.8491,3.18349674865,8.15938320808,0.646742309885,0.0299613442098,2002.50794076,-900.408678105,112.520316234,0.784350937232,0.267222741719,0.589716290983,432.100971123,953.575209884
76.5,0.267857142857,1764,-9.49308908471,76.1392186501,18.0068832011,11944565.8567,3.19044337125,8.15938320808,0.647261755024,0.029979373094,1999.19607752,-747.678517876,512.076382835,0.784352512476,0.267514296657,0.590154762255,431.536144465,951.99813215
77,0.267857142857,1764,-14.7906984113,82.032864975,17.9831935181,11928851.7003,3.09333767954,8.15938320808,0.639973070211,0.029727350296,1973.12868472,-422.099151067,783.611828273,0.784296624444,0.263436269368,0.5839953578,423.840338832,939.585087962
77.5,0.267857142857,1764,-16.7973075603,89.699236431,17.9696907324,11919894.8525,2.99318275207,8.15938320808,0.632920013243,0.0295116312266,1950.15765547,-15.6681686631,875.04962391,0.785079214501,0.259423135829,0.578064283742,416.757088369,928.646502606
78,0.267857142857,1764,-15.0664365292,97.4325292001,17.9671358544,11918200.1167,2.91638441427,8.15938320808,0.627592493809,0.0293620340132,1934.50384884,382.548198553,775.461218878,0.785889410147,0.256382711155,0.573587284332,411.755609164,921.192308971
78.5,0.267857142857,1764,-9.98321228852,103.512049156,17.9766089738,11924483.9526,2.89937364239,8.15938320808,0.626764514334,0.0293288983472,1934.2545144,694.797393593,513.342558002,0.786512755845,0.255869383334,0.572909067286,411.36463348,921.073578285
79,0.267857142857,1764,-2.67867621384,106.585074427,17.9809695879,11927376.4933,2.84795094857,8.15938320808,0.622866302542,0.0292287309227,1924.05182463,845.971888222,136.633982836,0.786651072533,0.253693415673,0.569610744629,408.064198666,916.215154587
79.5,0.267857142857,1764,5.22187795613,105.967842391,17.980679031,11927183.7572,2.75367664324,8.15938320808,0.615845142282,0.0290450918783,1903.91382518,801.88615716,-262.236534214,0.787069740383,0.249776286065,0.56366715671,401.750537133,906.625631039
80,0.267857142857,1764,11.9605396446,101.797690088,17.9826461263,11928488.5971,2.67430952325,8.15938320808,0.610251310617,0.0288904908762,1888.35431781,585.144974256,-593.222029928,0.787839418354,0.246635848514,0.558938351521,396.786130095,899.216341817
80.5,0.267857142857,1764,16.0379248335,95.0024960804,17.979154874,11926172.7331,2.60631530937,8.15938320808,0.605442294612,0.0287580434143,1873.86856603,245.316646379,-786.481362869,0.788489528176,0.243948761122,0.554866109177,392.310786356,892.318364775
81,0.267857142857,1764,16.5467960817,87.0942230937,17.9818516165,11927961.5723,2.58216086238,8.15938320808,0.603982554153,0.0287109924225,1870.29135285,-142.047016381,-808.879377141,0.789048038756,0.243107261294,0.553640773708,391.07480295,890.614929931
81.5,0.267857142857,1764,13.3739271357,79.8324991778,17.9915459221,11934392.1284,2.63762812688,8.15938320808,0.608472670673,0.0288190383573,1885.26593383,-502.564715161,-661.053684586,0.789246792325,0.245548743471,0.557472279586,395.428315335,897.745682778
82,0.267857142857,1764,7.22529630516,74.8330921641,17.9734949381,11922418.3089,2.59448803076,8.15938320808,0.604749061793,0.0287350047916,1870.72929446,-742.07281341,-353.512793438,0.788790653617,0.24354617203,0.554285477286,391.416798435,890.823473552
82.5,0.267857142857,1764,-0.53099704148,73.2083936998,17.9453688333,11903761.3261,2.53655274262,8.15938320808,0.600490573676,0.0286221513379,1852.70255747,-811.086685729,25.6488046947,0.789145336148,0.241194362893,0.550666356272,386.424822606,882.23931308
83,0.267857142857,1764,-8.1691410412,75.3199068583,17.9309254711,11894180.5625,2.5359158818,8.15938320808,0.600803889779,0.0286209107823,1850.6714468,-708.347019121,394.179154686,0.789622572712,0.241328576177,0.550949170821,386.017724702,881.272117524
83.5,0.267857142857,1764,-13.9896126181,80.69781,17.9111482409,11881061.6665,2.42879023339,8.15938320808,0.59242576736,0.028412238317,1822.61138127,-439.413607993,660.836443348,0.789627824618,0.236776361013,0.54379453839,377.901210785,867.910181559
84,0.267857142857,1764,-16.6973293859,88.1454943035,17.8932552655,11869192.6594,2.29658760335,8.15938320808,0.582734033616,0.0281547178339,1791.31267664,-85.4726327381,769.566092466,0.790513047171,0.231481930875,0.535525683557,368.713379094,853.006036495
84.5,0.267857142857,1764,-15.6898115891,96.0058148738,17.8918086901,11868233.0977,2.24000849152,8.15938320808,0.579104809031,0.0280445061065,1780.72333901,274.336252937,716.686113554,0.791610451451,0.229456133762,0.53244601308,365.427518098,847.963494768
85,0.267857142857,1764,-11.1912366908,102.5298133,17.8938595508,11869593.502,2.19530118497,8.15938320808,0.5759405935,0.0279574197363,1772.0917963,568.166225671,507.468272592,0.792081790177,0.227729696496,0.529743683202,362.761175811,843.853236333
85.5,0.267857142857,1764,-4.2025588297,106.265869152,17.8934035805,11869291.0417,2.14246437187,8.15938320808,0.572062867626,0.027854497717,1760.89289539,730.754722436,188.802681391,0.792454943282,0.225634416018,0.526422746343,359.405189155,838.520426378
86,0.267857142857,1764,3.72120819824,106.382692378,17.891568671,11868073.8851,2.06188137871,8.15938320808,0.566050438585,0.0276975282882,1743.27525471,725.330034613,-164.753387843,0.79289676366,0.222408021787,0.521262816571,354.193324461,830.131073672
86.5,0.267857142857,1764,10.8169888458,102.854289257,17.8862131764,11864521.407,1.96699606674,8.15938320808,0.559071250969,0.0275126990501,1722.19224721,559.217692874,-470.586231967,0.793572297505,0.218671876437,0.515267137245,348.034920753,820.091546291
87,0.267857142857,1764,15.5059384417,96.4657461318,17.8758790787,11857666.4556,1.87983307341,8.15938320808,0.552772402215,0.0273429122906,1702.12112396,276.639322973,-663.427271213,0.794370368165,0.215306603475,0.509850988038,342.282938221,810.533868554
87.5,0.267857142857,1764,16.744743579,88.6385439873,17.8728665835,11855668.1671,1.83965222127,8.15938320808,0.550118517316,0.0272646431029,1693.95602362,-57.8420247898,-711.407393381,0.79510600914,0.213869250733,0.507576287318,339.883326383,806.645725533
88,0.267857142857,1764,14.2577642699,81.1142722288,17.8694744033,11853418.0209,1.8107970266,8.15938320808,0.548079281565,0.0272084354188,1687.45870465,-375.450902821,-602.436919653,0.79544594376,0.212781317494,0.505821419836,338.026023294,803.551764121
88.5,0.267857142857,1764,8.59836514415,75.5671168214,17.8595615464,11846842.4924,1.78124514346,8.15938320808,0.54591764295,0.0271508706395,1679.37478886,-605.884879908,-360.954867319,0.795690379792,0.211637359646,0.503957211143,335.835811825,799.70228041
89,0.267857142857,1764,1.02578920762,73.231346014,17.8385242279,11832887.7378,1.69850081035,8.15938320808,0.539563437518,0.0269896910878,1657.14422467,-691.256433528,-42.2862437141,0.795940993161,0.2083147586,0.498459735466,329.785054474,789.116297463
89.5,0.267857142857,1764,-6.77502966718,74.6266798313,17.8288434567,11826466.1596,1.67382657876,8.15938320808,0.53809232214,0.0269416275959,1651.16626921,-630.602136576,277.906667955,0.796644188289,0.207509662617,0.497201104548,328.154038116,786.269652005
90,0.267857142857,1764,-13.0683724771,79.4426499159,17.8191034252,11820005.272,1.5928789187,8.15938320808,0.531842475184,0.0267839478242,1631.38643782,-425.817231641,527.096112749,0.796854304316,0.204264790923,0.491782160575,322.669782283,776.850684674
90.5,0.267857142857,1764,-16.4539407557,86.6076802026,17.8025611181,11809032.2084,1.46195061965,8.15938320808,0.521956170762,0.0265289096391,1599.94602469,-133.147750194,645.813285397,0.79754499391,0.199144802734,0.48320117424,313.998109017,761.879059374
91,0.267857142857,1764,-16.1784295881,94.5275176489,17.7962727099,11804860.8975,1.37607398211,8.15938320808,0.515893820441,0.026361628601,1581.419164,174.763843689,624.493322592,0.798666604494,0.195988339471,0.477943448771,308.802937487,753.05674476
91.5,0.267857142857,1764,-12.3031415091,101.439961058,17.7911002832,11801429.8545,1.29444071357,8.15938320808,0.509904419292,0.026202613317,1563.26848038,434.390538901,467.166648838,0.799405276328,0.192906605116,0.472732625763,303.770641665,744.413562084
92,0.267857142857,1764,-5.69034639926,105.806959159,17.7866433006,11798473.3894,1.23202749922,8.15938320808,0.505405322513,0.0260810372099,1549.53994352,592.720896127,213.373564333,0.800109658614,0.190594699135,0.468815977957,299.979719141,737.87616358
92.5,0.267857142857,1764,2.18857763084,106.656834272,17.7833543783,11796291.7376,1.17314460264,8.15938320808,0.501074779462,0.0259663378883,1536.48749841,617.12030492,-81.0847771467,0.800649654371,0.188385254984,0.465038902696,296.39260131,731.660713529
93,0.267857142857,1764,9.5805328126,103.800485174,17.775150058,11790849.5385,1.08586333472,8.15938320808,0.494465213413,0.025796320739,1515.99441377,501.76505751,-348.333883717,0.801160264757,0.185044597341,0.459260050988,290.868068013,721.902101794
93.5,0.267857142857,1764,14.8407742436,97.8734630151,17.7644442262,11783748.0034,1.00853751824,8.15938320808,0.4888074249,0.0255935821279,1497.78401008,281.574452812,-530.742683227,0.80191920867,0.182230517852,0.454290401007,286.099727421,713.230480989
94,0.267857142857,1764,16.7988733881,90.1945581896,17.7564467572,11778443.0156,0.960757272472,8.15938320808,0.48546183244,0.0253779740021,1486.63427319,6.8910824167,-595.001532658,0.802593658906,0.180643651135,0.451314860851,283.353064892,707.921082471
94.5,0.267857142857,1764,15.0191439485,82.472363249,17.7467306315,11771997.9856,0.891249515241,8.15938320808,0.480246636958,0.0250643205868,1469.71047593,-262.725735929,-524.190496623,0.803011382336,0.178198543662,0.446665793981,279.211916962,699.862131395
95,0.267857142857,1764,9.89758412153,76.4251030001,17.7368987426,11765476.1659,0.837440017622,8.15938320808,0.476374698777,0.0248215054915,1456.73526062,-468.436709372,-341.541577565,0.803620392803,0.176382667771,0.443213396999,276.060560534,693.68345744
95.5,0.267857142857,1764,2.57376513175,73.3983213787,17.7199196238,11754213.3504,0.740050156284,8.15938320808,0.46898328014,0.0243820342175,1432.28020338,-560.670521939,-86.9209838764,0.804092944691,0.172953409258,0.436608427392,270.175340567,682.038192086
96,0.267857142857,1764,-5.3227287426,74.0654915754,17.7150094843,11750956.2913,0.706488723871,8.15938320808,0.466837018754,0.0242305884176,1425.21156022,-534.700329276,178.610141931,0.804950630771,0.171943556283,0.434694532916,268.448986328,678.672171533
96.5,0.267857142857,1764,-12.0348903596,78.278165074,17.7071598422,11745749.362,0.614266493385,8.15938320808,0.459733948826,0.0238144360526,1403.10955578,-385.534792063,395.831282526,0.805246918743,0.168681347599,0.428332854261,263.122485173,668.147407516
97,0.267857142857,1764,-16.0692320923,85.0990021461,17.6986620382,11740112.4854,0.52025165961,8.15938320808,0.452776031154,0.0233901945741,1381.35201219,-157.997806119,518.038059242,0.806062985443,0.165494122119,0.422095879077,257.9030815,657.78667247
97.5,0.267857142857,1764,-16.5280938714,93.010334363,17.6912165987,11735173.6771,0.422069947741,8.15938320808,0.445484063466,0.0229471500785,1358.78326193,95.021884542,521.71301861,0.806897799344,0.162177426947,0.415549160374,252.521808101,647.039648539
98,0.267857142857,1764,-13.3093767863,100.251852982,17.6787895167,11726930.3794,0.291547028201,8.15938320808,0.435638576574,0.0223581660412,1327.9541449,314.309256151,408.049191205,0.807772729058,0.157741749396,0.406692017976,245.270201756,632.359116617
98.5,0.267857142857,1764,-7.12926057404,105.212285945,17.6773125466,11725950.6559,0.271254196755,8.15938320808,0.434660395256,0.0222665947383,1324.87769889,464.951808536,217.900360895,0.808940802476,0.157281586705,0.405817647385,244.5138411,630.894142328
99,0.267857142857,1764,0.63714975111,106.787913515,17.6702202257,11721246.0831,0.205716918736,8.15938320808,0.429563487534,0.0219708580911,1308.8245901,505.293378922,-19.1773415038,0.809122914167,0.15501005195,0.401222372534,240.789126517,623.24980481
99.5,0.267857142857,1764,8.26179125063,104.628151125,17.6652551557,11717952.5866,0.151549968715,8.15938320808,0.425579603191,0.0217264299935,1296.37645746,434.997491779,-245.680977791,0.809711992138,0.153233734779,0.397629801371,237.896088476,617.322122598
100,0.267857142857,1764,14.0481452186,99.2135560951,17.6534251612,11710105.3569,0.0648901313524,8.15938320808,0.418957902618,0.0213353779004,1275.16854998,268.388537843,-409.218885273,0.810199946368,0.150305758779,0.391649207065,233.037958481,607.223119038
100.5,0.267857142857,1764,16.7087205977,91.7489013655,17.6430167378,11703201.1027,0.0114002181829,8.15938320808,0.415113056041,0.0210940049283,1262.36833102,50.3094557002,-480.648397491,0.810982638978,0.14860571496,0.388175408573,230.13055712,601.127776676
101,0.267857142857,1764,15.6515268139,83.8951078311,17.6309696374,11695209.8594,-0.068236127507,8.15938320808,0.409030383344,0.0207346463071,1242.76661486,-172.232473059,-441.564092486,0.811466997613,0.145942421235,0.382670340816,225.69764483,591.793626126
101.5,0.267857142857,1764,11.1117944716,77.3996816064,17.6210415803,11688624.2483,-0.137935456497,8.15938320808,0.403849161388,0.0204201284252,1226.142956,-349.581712857,-308.284284807,0.812189885434,0.143681527557,0.377977175815,221.951034529,583.877598096
102,0.267857142857,1764,4.09963543516,73.7078856713,17.604494627,11677648.1026,-0.246161042148,8.15938320808,0.39554696259,0.0199317609982,1199.45155924,-439.883988364,-110.689377061,0.812824310988,0.140091079677,0.3704445493,215.998478522,571.167409162
102.5,0.267857142857,1764,-3.8247118273,73.6411620389,17.6021437041,11676088.657,-0.27197821724,8.15938320808,0.39396967637,0.0198152611216,1194.5050356,-439.389625323,102.729711044,0.813812638325,0.139400112777,0.369015391318,214.875714946,568.811921712
103,0.267857142857,1764,-10.8980426636,77.2143570321,17.5967456663,11672507.9586,-0.340943628611,8.15938320808,0.388584322773,0.0195040550394,1177.93677154,-337.525719831,287.695323888,0.814048983489,0.137093381009,0.364120294616,211.190455218,560.922272163
103.5,0.267857142857,1764,-15.5465075914,83.632417907,17.5915615492,11669069.161,-0.421489665474,8.15938320808,0.382457942167,0.0191405914412,1159.22273045,-164.794295,402.34671824,0.814681429177,0.134479392225,0.358546695473,207.041596127,552.010824025
104,0.267857142857,1764,-16.7358012333,91.4672958392,17.5858308193,11665267.7768,-0.516988667763,8.15938320808,0.375177070723,0.0187096526595,1137.03746749,37.0784941162,422.9128789,0.815422097623,0.131393996357,0.351914056582,202.159608855,541.44641309
104.5,0.267857142857,1764,-14.201300143,98.9756935246,17.5757779737,11658599.3892,-0.625565500046,8.15938320808,0.366899791116,0.0182197002338,1111.3665169,220.555123071,348.961279951,0.816303095388,0.127913658753,0.344362469067,196.579905466,529.222150903
105,0.267857142857,1764,-8.50694277064,104.486957054,17.5709173706,11655375.1892,-0.667047823763,8.15938320808,0.364030345464,0.0180325114505,1102.30429197,352.427354954,206.950246911,0.817308471665,0.126706958687,0.341743486417,194.617739877,524.906805699
105.5,0.267857142857,1764,-0.919750496934,106.774804292,17.5659870175,11652104.7216,-0.705289501817,8.15938320808,0.361138591499,0.0178599460649,1093.16736607,403.973759812,22.1495917255,0.817693630716,0.125501085254,0.339101072755,192.657393929,520.555888607
106,0.267857142857,1764,6.87209060163,105.330178432,17.5640684539,11650832.0744,-0.730584317563,8.15938320808,0.359268544932,0.0177458033323,1087.41932449,366.812641926,-164.431857091,0.818049215459,0.124722194859,0.337391723406,191.419894321,517.818725948
106.5,0.267857142857,1764,13.1348591195,100.474515545,17.5497856371,11641357.806,-0.862316016149,8.15938320808,0.348812119462,0.0171513646854,1054.84900275,241.571114799,-302.92594884,0.81828468715,0.120410491053,0.327819123357,184.501985797,502.309048929
107,0.267857142857,1764,16.4750595144,93.288223532,17.5447567375,11638021.9692,-0.880421508713,8.15938320808,0.347882800328,0.0170696637386,1051.51260175,75.5459203607,-378.509405425,0.819514486686,0.120019519407,0.326969618077,183.797529881,500.720286547
107.5,0.267857142857,1764,16.1494814397,85.3702862693,17.5311072402,11628967.8027,-0.982552058236,8.15938320808,0.339482093342,0.0169176070546,1025.51785503,-102.920719522,-359.010588205,0.819683972072,0.116312632375,0.31938326299,177.843772654,488.341835731
108,0.267857142857,1764,12.2305675531,78.4824821542,17.5194940204,11621264.3669,-1.07518602756,8.15938320808,0.331965808095,0.0170286493912,1002.67533359,-247.944696691,-263.294956684,0.820642095562,0.112784576539,0.312683405282,172.220924689,477.464444566
108.5,0.267857142857,1764,5.59029468338,74.1573800982,17.5075929778,11613370.0086,-1.14563035065,8.15938320808,0.326294601457,0.0171130925204,985.107004925,-332.585012378,-117.357371318,0.821514187085,0.110133563261,0.307622533503,167.944450824,469.098573774
109,0.267857142857,1764,-2.29384512784,73.3573357142,17.5024689379,11609971.0621,-1.16443874396,8.15938320808,0.32494910052,0.017135638547,980.700759297,-347.144811306,47.8466921157,0.822179326526,0.109492934756,0.306425921351,166.869825814,467.00036157
109.5,0.267857142857,1764,-9.66759357598,76.2603626522,17.4958073849,11605552.232,-1.20785459016,8.15938320808,0.321302923903,0.0171876820581,969.521365238,-281.969590802,198.401699816,0.822357201578,0.107809226099,0.303163579757,164.178767555,461.67684059
110,0.267857142857,1764,-14.8902568428,82.2205237222,17.4901536951,11601801.9511,-1.28335801287,8.15938320808,0.314997060489,0.017278189639,950.848370672,-155.254156857,297.163226541,0.822768253659,0.104906531039,0.297516896494,159.655124652,452.784938415
110.5,0.267857142857,1764,-16.7997677113,89.9116549668,17.4860956953,11599110.1446,-1.36477103361,8.15938320808,0.308292663578,0.0173757811826,931.212252887,-1.71059075961,325.287414388,0.823484630443,0.10182986873,0.291508082259,154.900910526,443.434406137
111,0.267857142857,1764,-14.9712510046,97.6224433981,17.4774753263,11593391.9665,-1.45895508776,8.15938320808,0.300501683013,0.0174886816393,907.974923189,142.303261413,279.498021054,0.8242592505,0.0982788694872,0.284514286621,149.351858956,432.369011042
111.5,0.267857142857,1764,-9.81156031649,103.637202211,17.4729070309,11590361.6639,-1.5059356426,8.15938320808,0.296794092377,0.0175449982435,896.887035993,250.071814759,179.919213334,0.825158198235,0.0965841884863,0.281186868057,146.699776615,427.089064759
112,0.267857142857,1764,-2.46875116805,106.617619194,17.4698138563,11588309.858,-1.52975248669,8.15938320808,0.29490895815,0.0175735480081,891.171430484,301.907652108,44.8520850124,0.825607737725,0.0957250639246,0.279493891388,145.34339659,424.36734785
112.5,0.267857142857,1764,5.42336676259,105.900537505,17.4714984208,11589427.2858,-1.53673098035,8.15938320808,0.294390566067,0.0175819132789,889.861132819,288.215394895,-98.3047140776,0.825835919575,0.0954864977306,0.279029134348,145.00913308,423.743396581
113,0.267857142857,1764,12.1087600017,101.645511205,17.4643350515,11584675.5842,-1.6352456683,8.15938320808,0.285945011047,0.0177000049598,864.880640103,202.56175757,-210.619496628,0.825902815,0.0917047205053,0.271418650345,139.151818418,411.847923858
113.5,0.267857142857,1764,16.0998970125,94.7993037189,17.4609035578,11582399.36,-1.67871479307,8.15938320808,0.28253121724,0.017752112337,854.754672653,82.0428008284,-275.223390998,0.826848942571,0.0901624528749,0.2683463402,136.757839275,407.026034597
114,0.267857142857,1764,16.5087309804,86.885228513,17.4491911838,11574630.1519,-1.80068737754,8.15938320808,0.272170800515,0.0178983235043,823.844652368,-50.4644017226,-267.46849186,0.827267469192,0.0855667896573,0.258989612041,129.613108204,392.306977318
114.5,0.267857142857,1764,13.2442944187,79.664204658,17.4378793747,11567126.6519,-1.90365072209,8.15938320808,0.263679193637,0.0180217478857,798.387978304,-159.904311644,-204.901481905,0.828445280431,0.0818136628053,0.251312604404,123.76739775,380.184751573
115,0.267857142857,1764,7.0329398636,74.7429440299,17.4282958221,11560769.562,-1.93637036153,8.15938320808,0.261171906206,0.0180609696231,790.323333214,-232.566602562,-107.204622786,0.829443484354,0.0806981660861,0.249047724755,121.945729513,376.344444388
115.5,0.267857142857,1764,-0.743276991829,73.2164503363,17.4172738788,11553458.3396,-1.96044548147,8.15938320808,0.259192595321,0.0180898289885,783.644455267,-252.759577538,11.1937213649,0.829761451013,0.0798289363556,0.247255706309,120.479675684,373.164026318
116,0.267857142857,1764,-8.35411120987,75.424375626,17.4132773107,11550807.2828,-1.91965260423,8.15938320808,0.262790132104,0.0180409296869,793.619076084,-223.70826556,128.219805965,0.82999564444,0.0813936889772,0.250517855791,122.784868665,377.913845754
116.5,0.267857142857,1764,-14.1061162699,80.8754461051,17.3994615139,11541642.8042,-2.02186722865,8.15938320808,0.253837715188,0.0181634565614,766.676215732,-133.141884646,205.830874237,0.829598943601,0.0775047546592,0.242397421214,116.732838606,365.083912253
117,0.267857142857,1764,-16.7194439086,88.3567728746,17.3920751435,11536743.1785,-2.10017298986,8.15938320808,0.247371928079,0.0182573233659,747.490239219,-23.0871356714,234.906096606,0.8305940281,0.0746907044134,0.236532237406,112.398999818,355.947732962
117.5,0.267857142857,1764,-15.6126163971,96.203725432,17.3871389827,11533468.8585,-2.165361431,8.15938320808,0.241958352189,0.0183354661561,731.536374227,84.3809271973,212.357407174,0.831358767934,0.072348973812,0.231615326569,108.813232464,348.350654394
118,0.267857142857,1764,-11.0319080785,102.670319812,17.3820537936,11530095.6831,-2.23035665713,8.15938320808,0.236515171025,0.0184133773352,715.484264982,166.664950483,145.113338959,0.831997000607,0.0700086048798,0.22666555502,105.231724504,340.706792848
118.5,0.267857142857,1764,-3.99654816509,106.317708257,17.3812574191,11529567.4213,-2.24645175947,8.15938320808,0.235301487076,0.0184326708814,711.941441943,213.003030147,52.168898713,0.832634786661,0.0694802122194,0.225563856338,104.427914406,339.019734258
119,0.267857142857,1764,3.92806257041,106.334329629,17.3882528956,11534207.7541,-2.23278547728,8.15938320808,0.236530888196,0.0184162888143,716.053612248,214.994448644,-51.7016410054,0.832792947798,0.0700020787276,0.226684207078,105.296980542,340.977910594
119.5,0.267857142857,1764,10.9786608518,102.716485596,17.388770301,11534550.9663,-2.29108995449,8.15938320808,0.231439250909,0.0184861796484,701.442355336,162.205834235,-140.038914752,0.832658648188,0.0678357338923,0.222045443336,102.044441771,334.020169207
120,0.267857142857,1764,15.5864552975,96.2691635216,17.3903751129,11535615.4916,-2.34959783637,8.15938320808,0.226524015133,0.0185563143081,687.421689517,77.513459455,-192.7147165,0.833232055232,0.0657425468096,0.21756696388,98.9139417894,327.343661675
120.5,0.267857142857,1764,16.7261899042,88.4269229868,17.3855503381,11532415.0576,-2.47238713327,8.15938320808,0.216023402341,0.0187035044861,656.774411131,-18.1291081439,-192.762911834,0.83380862974,0.061312139478,0.207982578578,92.1969261084,312.749719586
121,0.267857142857,1764,14.1442683448,80.9346995091,17.3769148257,11526686.8344,-2.56691470549,8.15938320808,0.208121525766,0.0188168167254,633.341539022,-98.7247677067,-154.036770001,0.835022475403,0.0579956570795,0.200761415214,87.123216979,301.591209058
121.5,0.267857142857,1764,8.41518034746,75.4595481597,17.3733722948,11524336.9556,-2.53652094049,8.15938320808,0.211000106506,0.0187803830638,641.401219464,-161.525175823,-93.4815162646,0.835960442852,0.0591821814957,0.203399157144,88.8694120909,305.429152126
122,0.267857142857,1764,0.813675020887,73.2197159452,17.3516645465,11509937.4825,-2.60234301376,8.15938320808,0.205198271526,0.0188592854025,623.092983132,-178.371083423,-8.6492037057,0.835658522482,0.0567727273093,0.198088012552,85.0384095239,296.710944349
122.5,0.267857142857,1764,-6.96887683666,74.7135761005,17.3441675377,11504964.4667,-2.50534303695,8.15938320808,0.213803214683,0.0187430094385,647.308190737,-172.57465004,78.6744819565,0.836312772277,0.0603477503,0.205964230014,90.3152502768,308.241995589
123,0.267857142857,1764,-13.2008207196,79.6087376932,17.3273356404,11493799.3081,-2.57555266167,8.15938320808,0.207451836902,0.0188271712297,627.814312094,-111.971398796,142.245890595,0.835349140277,0.0577127968872,0.200149844082,86.2042708501,298.959196235
123.5,0.267857142857,1764,-16.4955197124,86.8160041741,17.3145554506,11485321.7822,-2.64753452057,8.15938320808,0.201360619744,0.0189134574362,609.425543084,-32.7541518265,169.69141502,0.836046306612,0.0551782698602,0.194574347208,82.2969717735,290.202639564
124,0.267857142857,1764,-16.1198877449,94.731724748,17.3081758819,11481090.0017,-2.72082108866,8.15938320808,0.195149827042,0.0190013076257,591.163920034,46.3751280152,157.989295146,0.836762816622,0.0526089883757,0.188883030016,78.4071440923,281.506628588
124.5,0.267857142857,1764,-12.1575047023,101.594614242,17.300631551,11476085.5955,-2.81872029889,8.15938320808,0.186785772202,0.0191186615202,566.647340226,106.128536136,111.280819718,0.837494128791,0.049175508285,0.181207663471,73.2260919935,269.832066774
125,0.267857142857,1764,-5.49001950556,105.877647364,17.3051688152,11479095.3141,-2.80937709493,8.15938320808,0.187819760524,0.0191074616201,569.926350516,146.624291131,50.6983307932,0.838473901063,0.0495866757617,0.18216069587,73.8770865814,271.393500246
125.5,0.267857142857,1764,2.39902093251,106.627829039,17.3160424811,11486308.1791,-2.78733693226,8.15938320808,0.189722223275,0.0190810416018,576.114952112,156.158191333,-22.5301071415,0.838380253658,0.0503649997753,0.183907517385,75.1310064409,274.340453387
126,0.267857142857,1764,9.75426789477,103.678240305,17.3234325302,11491210.245,-2.81892104399,8.15938320808,0.186916646619,0.0191189021576,568.525743727,125.648416642,-89.6027770505,0.838159461768,0.0492216077167,0.181330081721,73.4880591898,270.726544632
126.5,0.267857142857,1764,14.9391442308,97.6851785699,17.3315264031,11496579.1807,-2.88571608866,8.15938320808,0.181157364658,0.0191989708181,552.448679731,67.2936032945,-130.811384054,0.838475913467,0.0468751959553,0.17603780064,70.0502690289,263.070799872
127,0.267857142857,1764,16.7999904942,89.9821283452,17.3368222757,11500092.1096,-2.97847486957,8.15938320808,0.172502250851,0.0193980697851,527.850936266,-0.144712512238,-136.034903532,0.839146273797,0.0433210749631,0.16809698428,64.7785621446,251.357588698
127.5,0.267857142857,1764,14.9227596119,82.2830546481,17.3351945252,11499012.3684,-3.04646431751,8.15938320808,0.164015561278,0.0198236403607,503.479223297,-57.2673600174,-110.741622259,0.840079725948,0.0397101201622,0.160365792535,59.3679052071,239.752011094
128,0.267857142857,1764,9.72514431204,76.3010376995,17.3294146959,11495178.4149,-3.04592012057,8.15938320808,0.164219025735,0.019820234035,503.735324009,-101.788946614,-72.2618380483,0.840765776448,0.0397870795488,0.160554409443,59.443303445,239.873963814
128.5,0.267857142857,1764,2.36363852048,73.3671044931,17.3079781271,11480958.8243,-3.05715376669,8.15938320808,0.162782860817,0.0198905494941,498.39020557,-121.403028756,-17.2521299825,0.840760278971,0.0391801314752,0.159244500792,58.3917712732,237.328669319
129,0.267857142857,1764,-5.52378799329,74.1340690092,17.2942991238,11471885.0855,-2.93415118057,8.15938320808,0.177435946189,0.0192570310072,539.403727727,-133.811327888,46.5869545748,0.840873781653,0.0453438392358,0.172621796093,67.4710247842,256.858917965
129.5,0.267857142857,1764,-12.1821456179,78.4312780246,17.2703542838,11456001.6749,-2.97158740577,8.15938320808,0.17348106244,0.019354958655,526.597021221,-93.8369250265,98.8125643816,0.839633321795,0.0437303337737,0.168990980108,64.8900891393,250.760486296
130,0.267857142857,1764,-16.1299183684,85.3025822595,17.2524348603,11444115.124,-3.03825663381,8.15938320808,0.165049600759,0.0197722654962,501.614738821,-34.9085465902,119.868412386,0.840010315318,0.0401484416633,0.161308449331,59.4514663486,238.864161343
130.5,0.267857142857,1764,-16.4887081827,93.2190841037,17.2416502394,11436961.3255,-3.13748807939,8.15938320808,0.152506161466,0.0203933910488,465.445016544,20.7408605082,106.238291813,0.840682873109,0.0348524800635,0.149864353057,51.5447495999,221.640484068
131,0.267857142857,1764,-13.1786826343,100.419324547,17.2302576451,11429404.2379,-3.27499878172,8.15938320808,0.135102003835,0.0212541203315,415.486308904,53.0381172496,67.0842444314,0.841686713236,0.027571595095,0.133955575528,40.7228833371,197.850623288
131.5,0.267857142857,1764,-6.93633802408,105.301216122,17.2398010537,11435734.699,-3.23734147167,8.15938320808,0.140150166083,0.021018409591,430.304702474,83.873081163,38.0212943484,0.843083311912,0.0296571251945,0.138579571077,43.8517202782,204.907001178
132,0.267857142857,1764,0.849374521392,106.77851492,17.2535447109,11444851.3249,-3.21971526415,8.15938320808,0.142343414472,0.0209080807752,437.225678336,94.9704947337,-4.80766735884,0.842700216399,0.0305756301643,0.140584232136,45.2819550175,208.202703969
132.5,0.267857142857,1764,8.44609722859,104.522514989,17.2715351604,11456784.9897,-3.19708074037,8.15938320808,0.145210755343,0.0207664030942,446.30670907,85.6033511133,-49.7857449033,0.842521066369,0.0317748824637,0.143205320464,47.1562129167,212.527004319
133,0.267857142857,1764,14.1635234546,99.0351869571,17.2823425013,11463953.8592,-3.29512560436,8.15938320808,0.132623156253,0.0213801014029,410.927355877,44.5335679551,-69.8106455618,0.842291166946,0.0265364018029,0.131688380998,39.4312309563,195.679693275
133.5,0.267857142857,1764,16.72949889,91.5374872003,17.296062284,11473054.6484,-3.35719942264,8.15938320808,0.124826419987,0.0217686439103,389.268232818,6.66466244602,-72.518628431,0.843288263019,0.023300705454,0.124549532756,34.6782071157,185.365825152
134,0.267857142857,1764,15.5730818942,83.6976892876,17.3033045729,11477858.7,-3.39195448108,8.15938320808,0.120463483734,0.0219861884069,377.089280366,-25.2250567254,-62.3314038451,0.843921222639,0.0214966674566,0.120551800826,32.0200737495,179.566323984
134.5,0.267857142857,1764,10.9515807049,77.2601852421,17.3011479384,11476428.1325,-3.38116105339,8.15938320808,0.12189877157,0.0219186284344,381.113964592,-52.3725288111,-45.0212178821,0.844276184729,0.0220844960579,0.121868830373,32.8874664547,181.482840282
135,0.267857142857,1764,3.89330114022,73.6573500854,17.280091122,11462460.4443,-3.36115225264,8.15938320808,0.124449314592,0.0217933861047,387.47965038,-70.2140449011,-16.7270560467,0.844165905072,0.0231369634469,0.124206539694,34.3709473154,184.514119229
135.5,0.267857142857,1764,-4.03125629631,73.6908316376,17.2582775217,11447990.756,-3.24837630529,8.15938320808,0.138881103538,0.0210874806107,427.624336548,-87.9652283847,21.7430081597,0.84396157331,0.0291193196423,0.137421643063,43.1488480246,203.630636452
136,0.267857142857,1764,-11.0588401879,77.3531800954,17.2302495017,11429398.8361,-3.22893062707,8.15938320808,0.141182238006,0.0209657630688,432.753142933,-70.2573895619,61.4356216852,0.842812426286,0.0300901563715,0.139522650631,44.4427232091,206.072925206
136.5,0.267857142857,1764,-15.6257799631,83.8295056484,17.2049954102,11412646.9554,-3.30811618853,8.15938320808,0.13101090161,0.0214614141735,402.695072223,-29.3792646187,74.3982407647,0.842614716757,0.0258647771881,0.130213140428,38.0899979087,191.759558201
137,0.267857142857,1764,-16.7159099758,91.6787953063,17.189037589,11402061.6007,-3.43201269932,8.15938320808,0.115258421791,0.0222369273011,357.383406619,5.9724287036,59.4679888431,0.843420618705,0.019361856945,0.115776090905,28.4605451593,170.182574581
137.5,0.267857142857,1764,-14.0866711549,99.1545450882,17.1784375531,11395030.2435,-3.55011530724,8.15938320808,0.100273341195,0.0229761742927,314.524307521,22.2296022104,34.2060794092,0.844685815355,0.0132319698965,0.1020174618,19.4260682502,149.773479772
138,0.267857142857,1764,-8.32308154263,104.593365398,17.1865604415,11400418.4262,-3.54179033388,8.15938320808,0.101487089856,0.0229240652696,318.272931557,36.769741165,20.9710060479,0.84589666874,0.0137168401772,0.10313578657,20.1569632022,151.558538837
138.5,0.267857142857,1764,-0.70756701965,106.785093056,17.2022132778,11410801.4743,-3.53185937454,8.15938320808,0.102753126506,0.0228619037988,322.449480414,43.9620416295,1.85319739777,0.845811162544,0.0142325378038,0.104299120417,20.9528974224,153.547371626
139,0.267857142857,1764,7.06538450343,105.24205832,17.2246491455,11425683.9332,-3.49753100174,8.15938320808,0.107151980057,0.0226470300822,335.817080866,45.0687273075,-20.8913967412,0.84570919171,0.0160260985254,0.108340200146,23.654929728,159.912895651
139.5,0.267857142857,1764,13.2662546407,100.307593696,17.2398693794,11435780.0217,-3.60275640974,8.15938320808,0.0935913796796,0.0233056740161,297.70269839,20.0365872353,-25.7878294613,0.845356964728,0.0105170858792,0.0958743536943,15.5509328953,141.763189709
140,0.267857142857,1764,16.5153205317,93.0796408453,17.2620108333,11450467.1861,-3.62084249302,8.15938320808,0.0913849629138,0.0234188813609,292.154730595,5.48860895564,-29.4339959524,0.846437887969,0.00961781349427,0.0938464336805,14.2577897394,139.121300283
140.5,0.267857142857,1764,16.0896496867,85.1664533769,17.2766382248,11460170.0224,-3.63352643454,8.15938320808,0.0897733954263,0.0234982747441,288.026221612,-8.04402282387,-26.7765099624,0.846624051599,0.00896573308929,0.0923636674915,13.3136571566,137.155343625
141,0.267857142857,1764,12.0839558772,78.3287528362,17.2792052105,11461872.7896,-3.60947852907,8.15938320808,0.0928812542956,0.0233477501952,297.033641477,-22.1487772233,-22.9319834414,0.846754675499,0.0102207288241,0.0952238496439,15.1817723762,141.44459118
141.5,0.267857142857,1764,5.38952487413,74.0879598533,17.2669181388,11453722.3654,-3.5110993889,8.15938320808,0.105507870785,0.0227319595309,332.768980841,-45.2847416991,-15.338274637,0.846507067233,0.0153494659876,0.106831861706,22.7675351653,158.461419448
142,0.267857142857,1764,-2.50410084066,73.3876708743,17.2368449734,11433773.8323,-3.43376965445,8.15938320808,0.115316339331,0.0222479247195,359.556370392,-59.4481623253,8.96106693578,0.845496136,0.0193681998615,0.115834800924,28.6284539034,171.217319234
142.5,0.267857142857,1764,-9.8405523043,76.3837035011,17.2037041175,11411790.398,-3.39644562134,8.15938320808,0.119998758613,0.0220143000802,371.449759929,-53.3771362021,38.5758712505,0.844703794171,0.0212985109825,0.120127868984,31.360736721,176.880838062
143,0.267857142857,1764,-14.9874344535,82.4094263391,17.1719375215,11390718.5559,-3.48958782246,8.15938320808,0.107995267377,0.0225973108466,336.140408187,-22.8012551009,45.020617881,0.844322083635,0.0163810771964,0.109111303462,24.0311271528,160.066861042
143.5,0.267857142857,1764,-16.7995417277,90.1240876283,17.1531938471,11378285.2519,-3.60692775711,8.15938320808,0.0930466139608,0.0233317839899,293.175659623,0.233796888935,31.65247532,0.845275520139,0.0102971527396,0.0953730211285,15.0730184587,139.607456963
144,0.267857142857,1764,-14.8736717089,97.8111388347,17.1408064984,11370068.3106,-3.72375236479,8.15938320808,0.078153476813,0.024063031515,250.663586836,6.12612204535,11.6651272087,0.846480814716,0.00429245434943,0.0816613143374,6.27424213037,119.363612779
144.5,0.267857142857,1764,-9.6383395625,103.760174798,17.1463646403,11373755.2114,-3.75276102909,8.15938320808,0.0745283319996,0.0242446072498,240.567357326,7.13264040954,4.99607099855,0.847685414091,0.00283517042618,0.0783213576235,4.14683128035,114.555884441
145,0.267857142857,1764,-2.25843139072,106.64750695,17.1623164434,11384336.5741,-3.74364949729,8.15938320808,0.0757286873851,0.0241875748727,244.422249148,10.1046902587,1.37082085276,0.847985237162,0.00331374352295,0.0794285337594,4.85583350779,116.391547213
145.5,0.267857142857,1764,5.62398842054,105.830690264,17.1872424962,11400870.8558,-3.70536001551,8.15938320808,0.080653217517,0.0239479071405,259.139923598,15.3767266217,-5.46271394502,0.84789103329,0.00528747752474,0.0839671741437,7.77059060088,123.399963618
146,0.267857142857,1764,12.2550442748,101.491470307,17.207937742,11414598.7022,-3.77315200191,8.15938320808,0.0718858301035,0.0243722417329,234.758471639,3.7676531394,-4.01800246628,0.847495463521,0.00178046960492,0.0758841792783,2.62292155045,111.7897484
146.5,0.267857142857,1764,16.15929496,94.5953439912,17.2326783748,11431009.9886,-3.79791700385,8.15938320808,0.0687535703254,0.0245272548482,226.472121397,0.44832637537,-1.57651704679,0.848196159601,0.000528284172818,0.0729956202707,0.780488035248,107.843867332
147,0.267857142857,1764,16.4680262786,86.6767319567,17.251860695,11443734.261,-3.80412205716,8.15938320808,0.0679744059689,0.0245660945239,224.742097173,-0.133392762891,-0.661010636538,0.84845251379,0.000216866221716,0.0722770076582,0.321112257343,107.020046273
147.5,0.267857142857,1764,13.1125440558,79.4975627407,17.2616893773,11450253.9536,-3.7429363922,8.15938320808,0.0758680953455,0.0241831112897,247.663575134,-6.55212567929,-8.18048558712,0.848516777366,0.00336683963301,0.0795578729849,4.99093725965,117.935035778
148,0.267857142857,1764,6.83945891698,74.6552353644,17.2581717061,11447920.565,-3.59040594243,8.15938320808,0.0954622480381,0.0232283679687,303.706402568,-31.9973257852,-14.26182808,0.84788366169,0.0112579880275,0.0976004896737,16.6818203055,144.622096461
148.5,0.267857142857,1764,-0.955438098743,73.2271905144,17.225098016,11425981.684,-3.54497562279,8.15938320808,0.101127173572,0.0229440031464,318.679299152,-41.9887755173,2.39182802877,0.846310825356,0.0135675332321,0.102805907209,20.0270684781,151.752047215
149,0.267857142857,1764,-8.53774562983,75.5311749074,17.1888579365,11401942.4312,-3.50615038874,8.15938320808,0.106061265604,0.0227009819467,331.331390033,-41.4190808009,24.4405177225,0.845843876042,0.0155800930576,0.107338657264,22.901143962,157.776852397
149.5,0.267857142857,1764,-14.2203644781,81.0545411459,17.1512829502,11377017.6903,-3.61180985136,8.15938320808,0.0924381505373,0.0233623427857,291.390929759,-16.4460333176,26.1438336266,0.8454453668,0.0100499111407,0.0948135539955,14.7078275901,138.7575856
150,0.267857142857,1764,-16.7388851398,88.5683141832,17.1279624941,11361548.4544,-3.72090567948,8.15938320808,0.0785242744515,0.0240452130808,251.335714989,-1.15991368587,13.5613985497,0.846531063089,0.00444082281419,0.0820031282511,6.48138675257,119.683673804
150.5,0.267857142857,1764,-15.5329248855,96.4006440693,17.1158835342,11353536.0777,-3.83015326423,8.15938320808,0.0645578483225,0.0247290332756,211.559038774,-1.32755891398,-3.22168717224,0.847656006976,-0.00113848780348,0.0691226787118,-1.65928165931,100.742399416
151,0.267857142857,1764,-10.8708155615,102.808800452,17.1177369442,11354765.5063,-3.89534526772,8.15938320808,0.0562362065445,0.0251370936334,188.080835392,-10.36336937,-8.79538075687,0.848786513832,-0.0044401406083,0.0614383394488,-6.47265567675,89.5623025676
151.5,0.267857142857,1764,-3.78989848767,106.366938304,17.131696549,11364025.3775,-3.89668402906,8.15938320808,0.0561082327765,0.0251454734255,188.02731265,-13.4220531163,-3.10798622572,0.849463029624,-0.0044931163341,0.0613208000984,-6.56056880856,89.5368155477
152,0.267857142857,1764,4.13428888001,106.283355166,17.1588304932,11382024.2272,-3.83995241965,8.15938320808,0.0634317167628,0.0247903697379,209.431036811,-4.75003803878,1.20601861492,0.849476937194,-0.00159321624431,0.0680852905202,-2.33369007328,99.7290651481
152.5,0.267857142857,1764,11.1385774667,102.57664868,17.180689847,11396524.2652,-3.89191503158,8.15938320808,0.0566853846713,0.0251156225432,190.74703046,-9.84155210724,8.71622427641,0.84888811178,-0.00426299058129,0.061853490139,-6.26020642398,90.8319192665
153,0.267857142857,1764,15.6644800165,96.0715785273,17.2063250052,11413528.9201,-3.92110526187,8.15938320808,0.0529539213302,0.0252983347653,180.65176359,-6.41409088105,16.5481510249,0.849427397734,-0.00573791553426,0.0584054779235,-8.451299249,86.0246493286
153.5,0.267857142857,1764,16.7049618591,88.2155535074,17.2273421224,11427470.2745,-3.92936076535,8.15938320808,0.0519069441547,0.0253500089511,178.093252821,2.02595198035,18.9657973497,0.849730739307,-0.00615156988482,0.0574378968387,-9.08271327269,84.806310867
154,0.267857142857,1764,14.0285108759,80.7565762509,17.2444696709,11438831.5484,-3.81723375785,8.15938320808,0.0663906353258,0.0246481654066,220.01418671,0.716583810012,1.08754115845,0.849816581103,-0.000419209721218,0.0708171785662,-0.620189080982,104.768660338
154.5,0.267857142857,1764,8.23065003764,75.3543043881,17.2502748574,11442682.3221,-3.62914195561,8.15938320808,0.0905538700735,0.0234708307027,289.393161193,-25.119075102,-14.1165241933,0.848652613042,0.00926826630666,0.0930858878608,13.7209324938,137.806267235
155,0.267857142857,1764,0.601430734699,73.2107688958,17.2199359915,11422557.541,-3.5955361568,8.15938320808,0.0946700332514,0.0232604798383,300.097169448,-33.8851519897,-1.21384783675,0.846709516407,0.0109449168638,0.0968693651934,16.1461364272,142.903414023
155.5,0.267857142857,1764,-7.1616097442,74.802916534,17.1830750485,11398106.4488,-3.55447527612,8.15938320808,0.0999118169667,0.0230034649167,313.680460194,-36.4794402027,17.1908981749,0.846363599191,0.0130732342955,0.101688844584,19.2033900633,149.371647712
156,0.267857142857,1764,-13.3311582673,79.7764869417,17.1444425094,11372480.1979,-3.65859158684,8.15938320808,0.0864792255489,0.0236551666092,274.319100914,-14.2796032118,18.6201797098,0.845941459496,0.00764128064466,0.089329917659,11.1739306287,130.628143292
156.5,0.267857142857,1764,-16.5344611809,87.0248372384,17.1156459205,11353378.4606,-3.78164663349,8.15938320808,0.0707516495939,0.0244254127081,229.043148895,-0.720951702265,4.00668766367,0.847012964592,0.00133016573744,0.074837339379,1.93858759344,109.068166141
157,0.267857142857,1764,-16.0587684738,94.935175286,17.1019183779,11344272.524,-3.89700916128,8.15938320808,0.0559884535964,0.0251475085458,187.032228896,-4.07184975113,-13.2495582475,0.848284068402,-0.00453624398357,0.0612088769109,-6.60053516263,89.062966141
157.5,0.267857142857,1764,-12.0099240178,101.747413549,17.0986169008,11342082.5442,-4.00242660411,8.15938320808,0.0424607224411,0.0258073544953,148.751925612,-21.062632364,-21.5333029057,0.849480314883,-0.0098615533339,0.0486999205554,-14.3436730316,70.8342502912
158,0.267857142857,1764,-5.28881480617,105.945796874,17.1120929062,11351021.6278,-3.99605333567,8.15938320808,0.0433392431403,0.0257674619002,151.476356954,-27.6443542218,-9.16892840606,0.850577318629,-0.00952030505738,0.0495137948492,-13.8691616055,72.1315985494
158.5,0.267857142857,1764,2.60908065189,106.596165164,17.1376191892,11367954.0621,-3.93965486022,8.15938320808,0.0506242854374,0.0254144434187,172.606362156,-20.1852331947,3.17331750206,0.850510891524,-0.00665919830858,0.0562527091633,-9.73007101105,82.1935057886
159,0.267857142857,1764,9.92644335553,103.553808406,17.1586401986,11381897.9984,-3.9764887942,8.15938320808,0.0458325350607,0.0256450003502,159.396180336,-21.1947908174,15.522492585,0.849923652255,-0.00854080800531,0.0518202847509,-12.5100135297,75.9029430172
159.5,0.267857142857,1764,15.0351255806,97.4956653324,17.1827418874,11397885.452,-4.01307610143,8.15938320808,0.0411261322009,0.0258740135555,146.410859603,-14.2939103265,28.6713356678,0.850307059224,-0.0103861080067,0.0474652724394,-15.255654774,69.7194569537
160,0.267857142857,1764,16.7984214299,89.7697013584,17.2075791264,11414360.8205,-3.98315370153,8.15938320808,0.0450122797111,0.0256867184187,157.960980633,0.375925253105,27.4207037584,0.850688346018,-0.00886477007527,0.0510620081805,-13.0587050088,75.2195145871
160.5,0.267857142857,1764,14.8239892578,82.0949799187,17.2298068753,11429105.2273,-3.83683641398,8.15938320808,0.0639015078399,0.0247708655301,212.515895965,2.05835784233,3.85996167365,0.850376482961,-0.00141043794627,0.0685201368075,-2.08308929886,101.198045698
161,0.267857142857,1764,9.55114953774,76.1791627422,17.2412128322,11436671.1787,-3.65037540131,8.15938320808,0.0878368730043,0.0236037385286,281.323148685,-20.8761824352,-14.4268785238,0.848855801456,0.00817105260109,0.090585245107,12.083888723,133.963404136
161.5,0.267857142857,1764,2.15313398424,73.3385470608,17.2184537476,11421574.3193,-3.60433868092,8.15938320808,0.0935617260587,0.0233155780244,296.888871764,-32.2390327347,-4.16620070612,0.846928275947,0.0104948862957,0.095850248426,15.4795780907,141.375653221
162,0.267857142857,1764,-5.72396403901,74.2051832654,17.1810988125,11396795.5456,-3.60006221374,8.15938320808,0.0940593665102,0.0232888100677,297.011002894,-31.0225499611,11.2424197988,0.84645417021,0.0106993632473,0.0963070959419,15.7127748842,141.433810902
162.5,0.267857142857,1764,-12.3274530585,78.5862407118,17.1411103085,11370269.838,-3.70404856238,8.15938320808,0.080681017338,0.0239396982804,257.821746785,-11.0670667989,11.9530071569,0.846410165487,0.00530667907883,0.0839903260477,7.75700031474,122.772260374
163,0.267857142857,1764,-16.1880256129,85.5069134487,17.1133372986,11351847.0748,-3.81240871479,8.15938320808,0.0668295678336,0.0246179637148,217.910993618,0.19189852625,-0.69138624919,0.847481923566,-0.000234506203758,0.0712192409475,-0.341677862749,103.767139818
163.5,0.267857142857,1764,-16.4466860949,93.4273191412,17.0959945581,11340343.0569,-3.95585827661,8.15938320808,0.0484214166675,0.0255158664696,165.543268539,-4.68446973438,-22.4793782161,0.848602619478,-0.00751993438212,0.0542138692649,-10.9344231835,78.8301278757
164,0.267857142857,1764,-13.0458813271,100.585130155,17.0848408381,11332944.4226,-4.11952785644,8.15938320808,0.0273656560657,0.0265403336395,105.873478896,-30.2547361124,-37.28812883,0.850092259082,-0.0157460705933,0.0347178585525,-22.8658396593,50.4159423315
164.5,0.267857142857,1764,-6.74230641485,105.38769977,17.1017952862,11344190.8732,-4.06191914736,8.15938320808,0.0348767509864,0.0261797398675,127.355279414,-35.9062869117,-15.7327730719,0.851800238931,-0.0128295164393,0.0416793719582,-18.6675266342,60.6453711493
165,0.267857142857,1764,1.06146348418,106.766433588,17.1229301966,11358210.3638,-4.02215425403,8.15938320808,0.039995100021,0.0259308370001,142.18811671,-33.1096446603,2.09613324122,0.851198046772,-0.0108306508654,0.0464188898515,-15.7980619962,67.7086270047
165.5,0.267857142857,1764,8.62905275011,104.414556831,17.1427122601,11371332.4659,-4.04187756425,8.15938320808,0.03742592219,0.0260542923411,135.212356679,-31.1721638922,18.6607364842,0.850783020963,-0.0118332349332,0.0440397587662,-17.3003800298,64.3868365139
166,0.267857142857,1764,14.2766370682,98.8553731725,17.1608692706,11383376.6162,-4.10391278452,8.15938320808,0.0294136012527,0.0264425932497,112.660121307,-24.2500330066,39.0959153705,0.850988807328,-0.0149528440091,0.0366167056472,-21.907632832,53.6476768129
166.5,0.267857142857,1764,16.7476022828,91.3258272043,17.1848018604,11399251.9008,-4.04910602243,8.15938320808,0.0365281074249,0.0260995378786,133.313462952,-2.96701892265,37.4788303637,0.851636903644,-0.0121854405116,0.0432088364696,-17.9028996417,63.4826014058
167,0.267857142857,1764,15.4921469761,83.5012784281,17.2099674818,11415945.0963,-3.88570828793,8.15938320808,0.0576333242308,0.0250767722871,194.115152059,4.66369091219,11.1176612605,0.851064258975,-0.00389617657999,0.0627316856006,-5.74105643465,92.4357866948
167.5,0.267857142857,1764,10.7896158769,77.1227258619,17.2248742087,11425833.2251,-3.70855173414,8.15938320808,0.0803813159141,0.0239678852632,259.506878856,-12.2847469495,-10.2931489466,0.849362934598,0.00517043470067,0.0837190663892,7.6318927858,123.574704217
168,0.267857142857,1764,3.68634434077,73.609427545,17.2111200038,11416709.6025,-3.64773216429,8.15938320808,0.0880399097902,0.0235871935509,280.912830303,-24.9425487801,-5.60973839032,0.847528418483,0.00826086157329,0.0907697062987,12.1740952483,133.76801443
168.5,0.267857142857,1764,-4.23715620298,73.7431089285,17.1813941554,11396991.4564,-3.6369490121,8.15938320808,0.0893623403752,0.0235196978964,283.694048221,-26.257113134,6.84358954604,0.8469010355,0.0087981138893,0.091985853578,12.9210993755,135.092403915
169,0.267857142857,1764,-11.2178695011,77.4940252736,17.1415018172,11370529.5387,-3.75372214024,8.15938320808,0.0743259394846,0.0242506231925,239.853921566,-6.30404692276,5.65473521703,0.846789931724,0.0027586782713,0.0781333968267,4.03266250617,114.216153127
169.5,0.267857142857,1764,-15.7025539105,84.0275799973,17.1139840062,11352276.0575,-3.8730561667,8.15938320808,0.0590556976075,0.0249975780786,195.96641994,3.61377448648,-9.50125554952,0.847995175685,-0.00332204387844,0.0640423169019,-4.84061668117,93.3173428286
170,0.267857142857,1764,-16.6933459918,91.8900263489,17.0944346418,11339308.3124,-4.03899125146,8.15938320808,0.0377301136903,0.0260362258642,135.308728287,-4.02227991802,-35.5261239545,0.849231569693,-0.0117109425282,0.0443204282633,-17.0252861096,64.4327277556
170.5,0.267857142857,1764,-13.9697898324,99.3319329208,17.0848497233,11332950.3164,-4.16531212952,8.15938320808,0.0214736885603,0.0268269139845,89.2113071387,-30.5381656637,-45.7152617585,0.850958684443,-0.0180279321131,0.0292539959329,-26.1794986507,42.4815748279
171,0.267857142857,1764,-8.13788952728,104.697440391,17.0966854816,11340801.3695,-4.13759871344,8.15938320808,0.0250959000157,0.0266534456774,99.5963631627,-44.4255994553,-24.5982028801,0.852279612592,-0.0166289430711,0.0326142394732,-24.1814075235,47.4268396013
171.5,0.267857142857,1764,-0.495270408641,106.792698033,17.113684487,11352077.3764,-4.10859632848,8.15938320808,0.0288418736381,0.0264719092474,110.421373982,-46.4175803201,-1.3690029993,0.851989362793,-0.0151765088346,0.0360872447515,-22.1132209866,52.581606658
172,0.267857142857,1764,7.25754871256,105.151501136,17.1307820556,11363418.7635,-4.11004375896,8.15938320808,0.0286442890176,0.0264809692389,110.080121284,-42.1753805745,20.2019507002,0.851685885522,-0.0152526698415,0.0359039425114,-22.2686215418,52.4191053736
172.5,0.267857142857,1764,13.3955290049,100.139023754,17.1435062128,11371859.1211,-4.18328906733,8.15938320808,0.0191659942023,0.0269394381483,83.2511704997,-35.0598319864,46.320534174,0.851701024646,-0.0189195713933,0.0271130684321,-27.6632802824,39.6434145237
173,0.267857142857,1764,16.5529408948,92.8705657512,17.1623680227,11384370.7884,-4.13146310081,8.15938320808,0.0258961834126,0.0266150406561,102.647053654,-8.58079327424,49.4806167883,0.852468025546,-0.0163193336249,0.0333564394759,-23.9138734815,48.8795493588
173.5,0.267857142857,1764,16.0272453407,84.9633933259,17.1845591627,11399090.9112,-3.98367913327,8.15938320808,0.0450097068316,0.0256900072862,157.534360071,8.20356558513,26.1049883002,0.851925137293,-0.00886920572273,0.0510606244898,-13.0303057052,75.0163619384
174,0.267857142857,1764,11.9354120833,78.1768896478,17.199209568,11408809.0134,-3.83014708562,8.15938320808,0.0647662561757,0.0247289946015,214.229078627,2.32092478469,2.34297007254,0.850381956649,-0.00106711014433,0.0693184851894,-1.57043262935,102.013846965
174.5,0.267857142857,1764,5.18789332738,74.0210838032,17.1964943152,11407007.8958,-3.73967407689,8.15938320808,0.0763129446781,0.0241626912768,247.064659623,-10.412589989,-3.38066771611,0.848786449782,0.00354346795542,0.0799684000717,5.21316457802,117.649837916
175,0.267857142857,1764,-2.71395616984,73.4206621993,17.1713548956,11390332.0808,-3.76758393695,8.15938320808,0.0726332122419,0.0243373891979,235.88636669,-6.31464841675,1.03367693192,0.847849940245,0.00207715912709,0.0765739997879,3.04699668596,112.326841281
175.5,0.267857142857,1764,-10.0119376151,76.5092214757,17.1376404955,11367968.1954,-3.87089292089,8.15938320808,0.0593444609039,0.0249840375397,197.327493429,7.9051669376,-5.86667686181,0.848138550206,-0.00320825499067,0.0643092082962,-4.68774543937,93.9654730614
176,0.267857142857,1764,-15.0822157057,82.5995426218,17.1134027602,11351890.4976,-3.99322108092,8.15938320808,0.0436349840653,0.025749733792,152.333678317,12.6705893316,-25.8228041392,0.849209114415,-0.00940074803003,0.0497864094027,-13.6970878248,72.5398468177
176.5,0.267857142857,1764,-16.7966296455,90.3365004492,17.0980032263,11341675.4734,-4.12992740478,8.15938320808,0.026034285706,0.0266054281786,102.267075231,-0.994889553116,-49.6605321092,0.850481375922,-0.0162628005134,0.0334836401881,-23.6526175345,48.6986072528
177,0.267857142857,1764,-14.7737142444,97.998585339,17.0893114494,11335909.9281,-4.23150142935,8.15938320808,0.0129299053008,0.0272412167813,65.0630814891,-30.9708698496,-57.2044632474,0.851909064101,-0.0213200388982,0.0213242182551,-30.9763474783,30.9824197567
177.5,0.267857142857,1764,-9.46357772303,103.880947254,17.0973026573,11341210.7627,-4.22337152142,8.15938320808,0.0139997442624,0.0271903287435,68.1585217102,-52.7627403089,-35.9719178123,0.85297385745,-0.0209098030298,0.0223178617669,-30.408726057,32.4564389096
178,0.267857142857,1764,-2.04775051013,106.674732917,17.108933127,11348925.6409,-4.21317466155,8.15938320808,0.0153197767947,0.027126502905,71.9992510843,-61.9276728806,-7.60506476263,0.852888506729,-0.0204021961325,0.0235434303759,-29.7109036478,34.2853576592
178.5,0.267857142857,1764,5.82371085235,105.758311836,17.1215135545,11357270.6579,-4.21312322558,8.15938320808,0.0153245193502,0.0271261809486,72.1185791975,-58.6048000347,21.6582469951,0.852781487229,-0.0204002782965,0.0235478073629,-29.7518163855,34.3421805702
179,0.267857142857,1764,12.3993690745,101.335592025,17.127564689,11361284.577,-4.28836232344,8.15938320808,0.0055753399677,0.0275971297084,44.4150726107,-49.9171354331,54.6015579972,0.852780947478,-0.024138546566,0.0144919478878,-35.2286040808,21.1500345765
179.5,0.267857142857,1764,16.2161091787,94.3906495084,17.1420364628,11370884.187,-4.22687021125,8.15938320808,0.0135557859485,0.0272122283102,67.2504827152,-16.9139492952,62.4687641057,0.853571412856,-0.0210808601412,0.0219057535363,-30.8181270451,32.0240393882
180,0.267857142857,1764,16.4246884846,86.4687667617,17.1547214402,11379298.5554,-4.13701330483,8.15938320808,0.0251907784036,0.0266497813929,100.545026435,10.7232399937,49.8765911393,0.85292523457,-0.0165931631537,0.0327024938105,-24.2934731753,47.8785840165
180.5,0.267857142857,1764,12.9786971128,79.3326000706,17.1650264179,11386134.1905,-4.02079664655,8.15938320808,0.0402077420843,0.0259223392432,143.495791908,21.0105018036,25.5628307648,0.851983234398,-0.0107494389399,0.0466163035625,-15.7567931774,68.3313294799
181,0.267857142857,1764,6.6448844012,74.5699801914,17.170616681,11389842.3984,-3.91676139014,8.15938320808,0.0535990819326,0.0252711448991,181.743759681,15.5259008687,6.68617524645,0.850768860898,-0.00548801691227,0.0590031695666,-8.04971143847,86.5446474671
181.5,0.267857142857,1764,-1.16744643953,73.2406125168,17.1540626147,11378861.5344,-3.9554831442,8.15938320808,0.0485316422685,0.02551351838,166.986089823,22.9397813313,-1.59796806809,0.849685580288,-0.00747987002905,0.054316769655,-10.9501764808,79.5171856299
182,0.267857142857,1764,-8.72001493957,75.6402876264,17.1272619585,11361083.7658,-4.07157715067,8.15938320808,0.0335591657063,0.0262401928077,123.991015103,34.9425234859,-21.2190410849,0.850088354602,-0.0133391926897,0.0404577713162,-19.4669768177,59.0433405252
182.5,0.267857142857,1764,-14.3323389754,81.2350664867,17.1077597142,11348147.2771,-4.19572776605,8.15938320808,0.0175479918297,0.027017296468,78.3125636359,31.1764433171,-50.9794344691,0.85129892649,-0.0195428797878,0.0256113680871,-28.4556119173,37.2916969695
183,0.267857142857,1764,-16.7556499708,88.7800844057,17.0973303293,11341229.1184,-4.29228434271,8.15938320808,0.00506605665791,0.0276216790474,42.8127995688,5.39619159259,-74.1171749299,0.852598455757,-0.0243331243087,0.0140185999599,-35.3873111741,20.3870474137
183.5,0.267857142857,1764,-15.4507497962,96.5965393,17.0927209673,11338171.575,-4.36235857345,8.15938320808,-0.00401670034614,0.0280602990335,17.0091675332,-33.3104235078,-78.0213678448,0.853612668911,-0.0277931963845,0.00557247685083,-40.3974532623,8.09960358722
184,0.267857142857,1764,-10.7079848969,102.945233078,17.0970635148,11341052.1315,-4.37523535467,8.15938320808,-0.00569176388997,0.0281408994703,12.2578440686,-66.8981735729,-55.33655732,0.854350638187,-0.0284287810338,0.00401382711474,-41.3422752107,5.83706860411
184.5,0.267857142857,1764,-3.58264283891,106.413551422,17.1049824805,11346305.0454,-4.36943987837,8.15938320808,-0.00494021292559,0.0281046234854,14.4068555664,-84.0485928155,-18.3455780791,0.854486422197,-0.0281435916699,0.00471315318254,-40.9654635507,6.86040741257
185,0.267857142857,1764,4.33985415329,106.229777137,17.11478744,11352809.0019,-4.35576218917,8.15938320808,-0.00316414403575,0.0280190098756,19.4802722203,-81.2090362636,21.7153550742,0.854425302909,-0.027469179216,0.00636560406282,-40.02964949,9.2763201049
185.5,0.267857142857,1764,11.2967131214,102.434800869,17.1160648624,11353656.3587,-4.40420873825,8.15938320808,-0.00945215550835,0.0283222543702,1.5727079391,-67.6307976027,61.4409291097,0.854281101234,-0.0298534638675,0.000513839932688,-43.5106590382,0.748908542427
186,0.267857142857,1764,15.7400001233,95.8730227413,17.1210448843,11356959.7733,-4.37465859978,8.15938320808,-0.00561979547334,0.0281372893525,12.4972429568,-30.4063475837,81.4905604488,0.85479214163,-0.0284013473638,0.00408076232996,-41.4183277309,5.95106807468
186.5,0.267857142857,1764,16.681062838,88.0044693453,17.1219555492,11357563.8476,-4.3481311988,8.15938320808,-0.00217358539332,0.0279712447435,22.3188739887,9.8564443457,82.3921031227,0.854480339227,-0.027092684638,0.00728707383423,-39.5140784123,10.6280352327
187,0.267857142857,1764,13.9105103718,80.5799309346,17.1246017812,11359319.1816,-4.28420786279,8.15938320808,0.0061238358657,0.0275711254348,45.9618539681,41.1082439718,60.7040829709,0.854200675617,-0.0239293431779,0.0150018285062,-34.9112038874,21.8865971276
187.5,0.267857142857,1764,8.04480371948,75.251402334,17.1326565217,11364662.1594,-4.19600353381,8.15938320808,0.0175581701997,0.0270190225983,78.5715521645,52.6083407802,28.6958655438,0.853527717252,-0.0195412059486,0.0256214401039,-28.5360503942,37.4150248402
188,0.267857142857,1764,0.389090285041,73.2045062963,17.1258359707,11360137.8605,-4.23697791745,8.15938320808,0.0122309413611,0.0272754961035,63.352952714,66.1349094002,1.53210445633,0.852601347993,-0.021588940541,0.0206752572073,-31.5012636447,30.1680727209
188.5,0.267857142857,1764,-7.35319757351,74.8946868472,17.1105853764,11350021.633,-4.33306610321,8.15938320808,-0.000217253849096,0.0278769468546,27.854912249,72.463173575,-35.2747425167,0.853031363898,-0.0263484325148,0.00910667168532,-38.377581632,13.2642439281
189,0.267857142857,1764,-13.4593642803,79.9458708398,17.1008566512,11343568.2453,-4.4292917818,8.15938320808,-0.0127044720657,0.0284792582231,-7.68208100246,56.8336427683,-76.0826411925,0.854041955566,-0.0310829480073,-0.00251437916533,-45.2221306195,-3.65813381069
189.5,0.267857142857,1764,-16.5707589349,87.234146005,17.0918970533,11337625.0454,-4.53507529931,8.15938320808,-0.0264631448988,0.0291413955666,-46.8105832406,18.2161864078,-109.136647928,0.855057033337,-0.0362530521993,-0.0153373785158,-52.688786727,-22.2907539241
190,0.267857142857,1764,-15.9950815473,95.137836733,17.0922841689,11337881.832,-4.57447293863,8.15938320808,-0.0316230978647,0.0293879996582,-61.5070478702,-35.6369238481,-110.944650963,0.856176432034,-0.0381783014123,-0.0201517280584,-55.4893831004,-29.2890704144
190.5,0.267857142857,1764,-11.8604230523,101.898334548,17.0937131922,11338829.7508,-4.60769638754,8.15938320808,-0.0359627374387,0.0295959572561,-73.8835800698,-86.0334255695,-85.7592984768,0.856594269364,-0.0397928564961,-0.024202639151,-57.8456927539,-35.1826571761
191,0.267857142857,1764,-5.08676447193,106.011396791,17.1019877511,11344318.5416,-4.57110085072,8.15938320808,-0.0312124839256,0.0293668925388,-60.4069623034,-110.734646302,-35.1800078383,0.856947017677,-0.0380240193568,-0.0197688513107,-55.3279131085,-28.7652201445
191.5,0.267857142857,1764,2.81872320229,106.561847708,17.108199728,11348439.1529,-4.54931475665,8.15938320808,-0.0283628762022,0.0292305254867,-52.3202068707,-111.420716195,18.9631110905,0.85655848644,-0.0369611467666,-0.0171099385266,-53.8204278452,-24.9143842242
192,0.267857142857,1764,10.0970316655,103.427209373,17.1037223703,11345469.1723,-4.58478019269,8.15938320808,-0.032969798994,0.029452516494,-65.4308520134,-94.4832087598,71.0497560746,0.856327392353,-0.0386798247845,-0.0214086320948,-56.2935788877,-31.1575485778
192.5,0.267857142857,1764,15.1287029465,97.304953604,17.0993115155,11342543.3053,-4.58365448733,8.15938320808,-0.0328377509345,0.0294454702964,-65.0211010216,-51.3101015649,106.264232027,0.85670366775,-0.0386300317906,-0.0212855408968,-56.1921176737,-30.9624290579
193,0.267857142857,1764,16.7941664462,89.5573111942,17.0931014224,11338423.9435,-4.56549606423,8.15938320808,-0.0304736097455,0.0293318101505,-58.2393011303,3.03631831128,115.187993098,0.85669171814,-0.0377488670188,-0.0190792823875,-54.8704782544,-27.7330005382
193.5,0.267857142857,1764,14.7228486784,81.9081691323,17.086731163,11334198.3381,-4.55971657386,8.15938320808,-0.0297146077783,0.0292956342274,-56.035536287,55.0433284012,100.149719891,0.856499019406,-0.0374659560694,-0.0183710161941,-54.4186642562,-26.6835887081
194,0.267857142857,1764,9.37562761888,76.0594976148,17.0898715182,11336281.4404,-4.53619886797,8.15938320808,-0.0266520870629,0.0291484283897,-47.3386552423,91.9659973544,61.8513537724,0.856437709456,-0.0363218672224,-0.0155140769587,-52.7762887237,-22.5422167821
194.5,0.267857142857,1764,1.94228518088,73.3126536479,17.0894677872,11336013.6321,-4.59374435425,8.15938320808,-0.0341306252138,0.0295086264273,-68.6276742144,118.538584913,13.797025122,0.856188341203,-0.0391122035758,-0.0224920906666,-56.8280096365,-32.679844864
195,0.267857142857,1764,-5.92322487336,74.2788229735,17.0850951156,11333113.0933,-4.6811975288,8.15938320808,-0.0455401708086,0.0300560275163,-101.093006492,123.684925278,-46.6004310382,0.856798838987,-0.0433404895965,-0.033149267094,-62.9392697856,-48.1395269008
195.5,0.267857142857,1764,-12.4707894481,78.7430283584,17.0802813769,11329919.98,-4.78945021864,8.15938320808,-0.0596979099548,0.0307336203035,-141.397844611,99.1336897623,-109.82308667,0.857728684707,-0.0485407585792,-0.0463917085964,-70.4514094328,-67.3323069576
196,0.267857142857,1764,-16.2435445348,85.7119630427,17.0833556171,11331959.226,-4.82668520141,8.15938320808,-0.0646375360367,0.0309666875446,-155.552086985,39.1766462157,-148.405343487,0.858883106048,-0.0503407027399,-0.0510172563946,-73.0901279187,-74.0724223736
196.5,0.267857142857,1764,-16.4020343271,93.6350061806,17.0863635183,11333954.4671,-4.86924788356,8.15938320808,-0.0702246178519,0.0312331027854,-171.571537312,-34.5623315184,-155.953668252,0.85928105718,-0.0523715582632,-0.0562514315118,-76.0655246256,-81.7007320534
197,0.267857142857,1764,-12.9109940985,100.749243294,17.0843099533,11332592.2691,-4.93580134544,8.15938320808,-0.0789558971201,0.0316496850043,-196.491725398,-108.343602448,-130.132286859,0.859736493442,-0.0555299646576,-0.0644372506866,-80.6334730639,-93.5674882848
197.5,0.267857142857,1764,-6.54719677029,105.47172306,17.0973533356,11341244.3793,-4.82683578743,8.15938320808,-0.0647751296935,0.030967630117,-156.203841745,-141.713759003,-59.9692653264,0.860449801994,-0.0503862993973,-0.051147163899,-73.2762645516,-74.3827817831
198,0.267857142857,1764,1.27338272832,106.751671452,17.1000949808,11343063.0039,-4.80140368168,8.15938320808,-0.0613667560955,0.0308084413574,-146.501682313,-149.709586492,11.3802137447,0.859282667482,-0.0491463558367,-0.047954921755,-71.4959516358,-69.7627058634
198.5,0.267857142857,1764,8.81062856219,104.304293913,17.0906876113,11336822.7822,-4.8285131862,8.15938320808,-0.0648857398405,0.0309781295634,-156.395245994,-131.034062786,80.709503262,0.859010810854,-0.0504307714215,-0.0512497906311,-73.2837642103,-74.4739266637
199,0.267857142857,1764,14.3874679733,98.6741434918,17.0768769823,11327661.7316,-4.85616300736,8.15938320808,-0.0685177692654,0.0311511998069,-166.508594017,-81.4085368146,135.029206893,0.859300605346,-0.0517515484825,-0.0546521654116,-75.081568011,-79.2898066749
199.5,0.267857142857,1764,16.7630278818,91.1139552203,17.0614737848,11317444.2773,-4.86039941192,8.15938320808,-0.0690946792581,0.0311777169971,-167.852807863,-10.4779254483,157.673982967,0.859596418663,-0.0519602684954,-0.05519289118,-75.2484499,-79.9299085062
200,0.267857142857,1764,15.4087350004,83.3059066568,17.0478335556,11308396.2585,-4.89249340627,8.15938320808,-0.0732903874842,0.0313786049299,-179.523654552,64.7055878845,148.941941147,0.859641763751,-0.05348210992,-0.0591249664984,-77.3285755867,-85.4874545484
200.5,0.267857142857,1764,10.6259258845,76.9873254442,17.043897245,11305785.1725,-4.94024617953,8.15938320808,-0.0795595716898,0.0316775068305,-197.282221332,131.047301666,107.010969105,0.859985474046,-0.0557468846212,-0.065003651755,-80.5659442896,-93.94391492
201,0.267857142857,1764,3.47879812737,73.5641257127,17.046585386,11307568.306,-5.02471825521,8.15938320808,-0.0880469570533,0.0325028564154,-221.174453501,175.741806761,37.1973074003,0.860497491355,-0.0591703831722,-0.0728530581153,-85.5405942821,-105.321168334
201.5,0.267857142857,1764,-4.44237862576,73.7979855529,17.0528651738,11311733.8986,-5.10146436225,8.15938320808,-0.0952692967426,0.033314908742,-241.563861321,182.136144894,-49.9393282048,0.861405002021,-0.0621626199251,-0.0795105699285,-89.9325922653,-115.030410153
202,0.267857142857,1764,-11.375105176,77.636870047,17.058309151,11315345.0701,-5.16645278855,8.15938320808,-0.101403724008,0.0340025527779,-258.929557358,144.720716136,-133.15506457,0.862231473347,-0.0646885190414,-0.0851720866379,-93.6466520603,-123.299789218
202.5,0.267857142857,1764,-15.776817158,84.2266092836,17.0679730701,11321755.4698,-5.19203841051,8.15938320808,-0.103867244991,0.0342732748332,-266.151271159,68.7115697403,-187.76658738,0.862932782005,-0.0656949406657,-0.0874484803803,-95.211390485,-126.738700552
203,0.267857142857,1764,-16.6681128889,92.1009551929,17.0742140476,11325895.3183,-5.23656589589,8.15938320808,-0.108045655316,0.0347444211819,-278.104430167,-25.6747060233,-203.692539392,0.8632092484,-0.0674068679345,-0.0913091046456,-97.7639356056,-132.430681032
203.5,0.267857142857,1764,-13.8506748637,99.5078286597,17.0778557425,11328310.9759,-5.24932341756,8.15938320808,-0.109294220395,0.0348794088126,-281.743424971,-117.112105338,-170.604851191,0.863690881575,-0.0679126476333,-0.0924644367431,-98.5395168803,-134.163535701
204,0.267857142857,1764,-7.95139633518,104.799165393,17.0875894715,11334767.6827,-5.15015879343,8.15938320808,-0.100073679052,0.0338301456401,-256.088433785,-172.312334658,-92.5811442702,0.863828988207,-0.0641230899223,-0.0839490877363,-93.1470553021,-121.946873231
204.5,0.267857142857,1764,-0.28289460826,106.797618005,17.0895861754,11336092.163,-5.10164745965,8.15938320808,-0.0954358408414,0.0333168460998,-243.085249961,-189.813883606,-3.19672254894,0.86275682389,-0.0622177187417,-0.0796678569168,-90.4003810776,-115.754880934
205,0.267857142857,1764,7.44855250366,105.058521362,17.0784151418,11328682.0441,-5.09486668804,8.15938320808,-0.0947474272532,0.0332450985991,-240.828974074,-169.175361995,83.6809628171,0.862233447332,-0.0619379111375,-0.0790316817226,-89.8762145004,-114.680463845
205.5,0.267857142857,1764,13.522661542,99.9688326709,17.058727723,11315622.7229,-5.13300915945,8.15938320808,-0.0982858227549,0.0336486849679,-250.194553487,-114.379657195,155.155316836,0.862160350437,-0.0634027523629,-0.0822947625763,-91.7898100779,-119.140263565
206,0.267857142857,1764,16.5879145888,92.6610316789,17.0308877894,11297155.567,-5.20374900972,8.15938320808,-0.104913138014,0.0343971849533,-267.919688553,-31.7408373187,197.860965953,0.86257171604,-0.0661288029523,-0.0884133150653,-95.4241546855,-127.580804073
206.5,0.267857142857,1764,15.9622783794,84.7611385839,17.0101454606,11283396.4888,-5.27259864015,8.15938320808,-0.111416339066,0.035125684479,-285.440889336,64.8405104687,197.562446523,0.863335856287,-0.0687844647381,-0.0944251647157,-99.0146603521,-135.924233017
207,0.267857142857,1764,11.7849599223,78.0269168703,16.99814925,11275439.0025,-5.39615841613,8.15938320808,-0.123026503694,0.0364330733152,-317.482411601,158.114338813,155.630018257,0.864081085354,-0.0734951844191,-0.105172940006,-105.646532043,-151.182100763
207.5,0.267857142857,1764,4.98543228225,73.9567626409,17.0044893063,11279644.5732,-5.4867160765,8.15938320808,-0.131669216189,0.0373912660059,-341.938091174,222.019073943,68.9923756494,0.865422203154,-0.0769605199456,-0.113189962607,-110.710360496,-162.827662464
208,0.267857142857,1764,-2.92337756136,73.4563044143,17.0187827763,11289125.9083,-5.54866480924,8.15938320808,-0.137607493051,0.0380467469742,-359.202781813,236.374869353,-41.7689618111,0.866408117389,-0.0793247447572,-0.118705357792,-114.303297291,-171.048943721
208.5,0.267857142857,1764,-10.1817221054,76.6368965068,17.0310874393,11297288.0014,-5.5987716167,8.15938320808,-0.142400301763,0.0385769282583,-373.223076117,195.78780836,-149.176204267,0.867084014199,-0.0812251379533,-0.123160473775,-117.210980793,-177.725274341
209,0.267857142857,1764,-15.1745854446,82.7908421724,17.0465145292,11307521.3044,-5.61488477397,8.15938320808,-0.143997909491,0.0387474219465,-378.413598222,106.632458446,-224.451092702,0.867631566991,-0.0818522467113,-0.124647384063,-118.330003028,-180.196951534
209.5,0.267857142857,1764,-16.7910319303,90.5488594667,17.0589804602,11315790.3719,-5.6254834347,8.15938320808,-0.145019061933,0.0388595666198,-381.85563858,-8.17020022264,-249.9475752,0.867807809475,-0.082254998511,-0.125597410251,-119.086224712,-181.836018372
210,0.267857142857,1764,-14.6713945932,98.1847529401,17.067662956,11321549.7608,-5.58385133915,8.15938320808,-0.141141677439,0.0384190564577,-371.276444138,-119.673948876,-214.518842454,0.867923778532,-0.0807128779201,-0.12199355863,-116.972570585,-176.798306732
210.5,0.267857142857,1764,-9.28730274094,103.99950027,17.0753322352,11326637.0493,-5.49653482877,8.15938320808,-0.132899093252,0.0374951584498,-348.289580843,-196.537710378,-130.383598068,0.867468442447,-0.0774269115013,-0.114337785835,-112.311272028,-165.852181354
211,0.267857142857,1764,-1.83674221229,106.699292741,17.0770945768,11327806.0693,-5.42046189518,8.15938320808,-0.125644178086,0.0366902289869,-327.852174454,-225.690424212,-24.8235141148,0.866515167242,-0.0745219120737,-0.107606305628,-108.119752238,-156.120083073
211.5,0.267857142857,1764,6.02250212415,105.683413792,17.0630917136,11318517.5034,-5.40373206953,8.15938320808,-0.123962153903,0.0365132103163,-322.565280408,-209.714773004,80.5314252784,0.865686550298,-0.0738532948306,-0.106044900729,-106.974043171,-153.60251448
212,0.267857142857,1764,12.5417113244,101.177901281,17.0369827052,11301198.5278,-5.46774127447,8.15938320808,-0.129910655622,0.0371904931885,-338.29998965,-153.852921244,172.624437817,0.86550456164,-0.0762530138875,-0.111558904176,-110.112206127,-161.095233167
212.5,0.267857142857,1764,16.2703305845,94.1852529995,17.0044110008,11279592.6305,-5.55394823344,8.15938320808,-0.138068196549,0.0381026510073,-359.886870913,-59.838101553,232.622900915,0.86620132679,-0.0795114741165,-0.119132549691,-114.378942558,-171.374700435
213,0.267857142857,1764,16.3787245278,86.2613661798,16.9754102947,11260355.4955,-5.69230519162,8.15938320808,-0.151156631414,0.0395666091693,-395.306819761,56.7416466981,248.581659831,0.867141713805,-0.0846925768652,-0.131305031151,-121.416858515,-188.241342743
213.5,0.267857142857,1764,12.8427749906,79.1693430235,16.9555994199,11247214.2819,-5.89128703191,8.15938320808,-0.1700609527,0.0416720406055,-447.331711049,178.27310703,211.392661168,0.868655717027,-0.0920665011735,-0.148933025093,-131.680364297,-213.015100499
214,0.267857142857,1764,6.44924742701,74.4871921425,16.9663419963,11254340.1909,-5.96618363523,8.15938320808,-0.177523116464,0.0424645232907,-468.886269526,263.580879866,109.580311114,0.870843235261,-0.0949169901224,-0.155911698097,-135.929424144,-223.279175965
214.5,0.267857142857,1764,-1.37926811593,73.2567141975,16.9837491833,11265886.9583,-6.03808610522,8.15938320808,-0.184450703572,0.0432253249822,-489.382738271,293.022941976,-24.1384639713,0.87166966655,-0.0975642478234,-0.162393683112,-140.007377492,-233.039399177
215,0.267857142857,1764,-8.90088999583,75.7516963367,17.0023125875,11278200.683,-6.06339785815,8.15938320808,-0.187000494101,0.043493149223,-497.669036406,252.36794639,-157.653807946,0.872464611878,-0.0985262470489,-0.164782940457,-141.697118396,-236.985255431
215.5,0.267857142857,1764,-14.4420218582,81.416993263,17.0206468148,11290362.3871,-6.07571297943,8.15938320808,-0.188219649941,0.043623455805,-502.200560735,153.063926978,-257.549906093,0.872744815361,-0.0989870039832,-0.165925331287,-142.666952659,-239.14312416
216,0.267857142857,1764,-16.7697357211,88.992049682,17.0377881386,11301732.7986,-6.03631309845,8.15938320808,-0.184540172852,0.0432065647567,-492.768513742,17.7551366899,-295.400422687,0.872881212383,-0.097578776566,-0.162481583566,-140.920728913,-234.65167321
216.5,0.267857142857,1764,-15.3661042682,96.7913798022,17.0508539699,11310399.8001,-5.95170149866,8.15938320808,-0.176487048446,0.04231128747,-470.644481722,-116.024438885,-262.515670969,0.872444991528,-0.0944922281941,-0.154948837128,-136.672596456,-224.116419868
217,0.267857142857,1764,-10.54344212,103.079595875,17.0581438468,11315235.4184,-5.86461049431,8.15938320808,-0.168112457854,0.0413897755466,-447.259239195,-216.007693295,-174.123469366,0.871509737326,-0.09126583902,-0.147123956695,-132.118879117,-212.980590093
217.5,0.267857142857,1764,-3.37481435715,106.457540158,17.0580084482,11315145.604,-5.77779348936,8.15938320808,-0.15977653433,0.0404711628172,-423.60600758,-262.153239838,-53.7576399075,0.870549279256,-0.0880299707257,-0.139345542435,-127.43252628,-201.717146467
218,0.267857142857,1764,4.54472552216,106.173604111,17.0454515228,11306816.1768,-5.73173844545,8.15938320808,-0.155282174584,0.0399838533366,-410.261108649,-252.141479997,70.8508636353,0.869594085608,-0.0862814373522,-0.135154636767,-124.717522834,-195.36243269
218.5,0.267857142857,1764,11.4530425313,102.290964843,17.0155758587,11286998.6529,-5.80311817138,8.15938320808,-0.161881961028,0.040739123861,-427.423203563,-196.681401538,183.272874478,0.869088285922,-0.0888752666659,-0.141303335043,-128.016899599,-203.534858839
219,0.267857142857,1764,15.8130035429,95.6735279107,16.9784336511,11262360.9885,-5.93790489919,8.15938320808,-0.174672394536,0.0421653053332,-461.521311263,-95.4345126509,265.990810378,0.869872484945,-0.0938326372263,-0.153244231793,-134.568140534,-219.772052982
219.5,0.267857142857,1764,16.6544966621,87.7937042509,16.9442101265,11239659.3839,-6.14518426724,8.15938320808,-0.1944486796,0.0443585331018,-515.189031528,39.9357188788,301.459719093,0.871357436082,-0.10137993844,-0.171755863188,-144.80640284,-245.328110252
220,0.267857142857,1764,13.7902856998,80.4047918043,16.9223172779,11225137.1277,-6.38096182464,8.15938320808,-0.217175024683,0.0468533008685,-577.720457133,187.744502219,269.827425458,0.873651470781,-0.109872766782,-0.193101523216,-156.531884158,-275.104979587
220.5,0.267857142857,1764,7.85767110816,75.1508584505,16.932373902,11231808.0217,-6.47413360337,8.15938320808,-0.226632227279,0.0478391536057,-605.095612957,300.02592931,158.763728434,0.876275952403,-0.113323151656,-0.202011421355,-161.639474342,-288.140768075
221,0.267857142857,1764,0.176687623278,73.2009291482,16.9524204896,11245105.5914,-6.53961556451,8.15938320808,-0.233097021638,0.0485320197451,-624.830323234,347.294794307,3.65274319778,0.877317385864,-0.11567685737,-0.208106806967,-165.38762048,-297.538249159
221.5,0.267857142857,1764,-7.54360969138,74.9888723667,16.9752066721,11260220.4258,-6.52226874459,8.15938320808,-0.231649265361,0.0483484726438,-622.409432256,309.705137174,-155.6375198,0.878050755024,-0.115133538526,-0.206744347579,-165.053629408,-296.385443931
222,0.267857142857,1764,-13.5854182597,80.1168623045,16.9951714968,11273463.7595,-6.52429815278,8.15938320808,-0.23179010693,0.0483699458587,-624.273088787,204.483716685,-281.08450009,0.877856363239,-0.115188648637,-0.206876486238,-165.521293326,-297.272899423
222.5,0.267857142857,1764,-16.6044071707,87.4438970072,17.0120654909,11284670.109,-6.46002513307,8.15938320808,-0.225711151478,0.0476898715564,-608.19747552,51.9639059963,-337.556763469,0.877879100903,-0.112955205407,-0.201149122101,-162.634780031,-289.617845486
223,0.267857142857,1764,-15.9288371483,95.3396766852,17.0275318788,11294929.4796,-6.33926864395,8.15938320808,-0.214103060921,0.046412144363,-576.212073143,-104.622442917,-312.100142672,0.877159532338,-0.108668430063,-0.190224551905,-156.74723259,-274.386701497
223.5,0.267857142857,1764,-11.7090257098,102.047353109,17.0343107068,11299426.1022,-6.25337584079,8.15938320808,-0.20566120866,0.045503310634,-552.614418863,-229.426163723,-222.983158648,0.875810710732,-0.105535622549,-0.182289101153,-152.349590256,-263.149723268
224,0.267857142857,1764,-4.88390080892,106.074436627,17.0341711286,11299333.5153,-6.1410264227,8.15938320808,-0.194836634039,0.0443145388529,-521.812711652,-294.314733133,-89.4217319426,0.87485380598,-0.101468474758,-0.172131464142,-146.475918232,-248.482243644
224.5,0.267857142857,1764,3.0279150637,106.524882159,17.022379152,11291511.5042,-6.07901142206,8.15938320808,-0.188715987584,0.0436583567025,-503.718692828,-295.275827896,54.1044782428,0.873605331674,-0.0991621438106,-0.166393044671,-142.948470098,-239.866044204
225,0.267857142857,1764,10.2660055493,103.298463447,16.9928991228,11271956.4182,-6.13868371419,8.15938320808,-0.194184920794,0.0442897506002,-517.424464661,-241.796675383,186.659610795,0.872917752012,-0.101253677278,-0.171514017822,-145.458414102,-246.392602219
225.5,0.267857142857,1764,15.2198613662,97.1130738781,16.9526391695,11245250.6491,-6.34838869252,8.15938320808,-0.21408838152,0.0465086438071,-571.077254869,-138.218936841,295.747393174,0.873579337114,-0.108725770485,-0.190198832496,-155.453396616,-271.941549937
226,0.267857142857,1764,16.7872262233,89.3449918121,16.9187388544,11222763.4401,-6.59556668858,8.15938320808,-0.238008965016,0.0491240398778,-636.190976934,13.699584785,351.107105542,0.875912436837,-0.117495600037,-0.212735099817,-167.321081337,-302.948084254
226.5,0.267857142857,1764,14.6193540455,81.7226521582,16.8996304318,11210088.1864,-6.83452119986,8.15938320808,-0.261403811687,0.0516524230667,-700.755015853,185.041668643,326.818410772,0.878678315848,-0.125869589885,-0.234854788998,-178.841505448,-333.692864692
227,0.267857142857,1764,9.19860661984,75.9420614508,16.9076420859,11215402.5836,-6.96154390437,8.15938320808,-0.274395713429,0.0539195433842,-737.413777834,328.115794946,214.697774706,0.881367993624,-0.131291408323,-0.246906643912,-186.721996997,-351.149418016
227.5,0.267857142857,1764,1.73112582325,73.2894283945,16.9292333368,11229724.7801,-7.00372857098,8.15938320808,-0.278962761172,0.0551751566788,-751.586566421,398.00438995,41.2311256294,0.88280390165,-0.133634587257,-0.251010591657,-190.540167911,-357.898364963
228,0.267857142857,1764,-6.1215386363,74.3549763591,16.9509946088,11244159.7572,-6.97144302587,8.15938320808,-0.275958834967,0.0542141876129,-745.501893618,368.971176167,-144.369951905,0.883281692905,-0.131984444017,-0.248339612773,-188.671457269,-355.000901723
228.5,0.267857142857,1764,-12.6121318685,78.9016158954,16.9725582284,11258463.6248,-6.91571464726,8.15938320808,-0.270401118735,0.0525554500031,-732.465359765,256.517275683,-291.504571925,0.882915979984,-0.129020629032,-0.24337731534,-184.904233457,-348.79302846
229,0.267857142857,1764,-16.2964662572,85.9176982561,16.9865145364,11267721.3092,-6.8455586112,8.15938320808,-0.263527088336,0.0517692101703,-714.070111472,92.7048256644,-370.075795003,0.882285349329,-0.126556830773,-0.236875380724,-181.671677362,-340.033386415
229.5,0.267857142857,1764,-16.3547600186,93.8421120146,16.9985037378,11275674.1461,-6.73682129853,8.15938320808,-0.252953375166,0.05061865816,-684.866628164,-84.7769945779,-360.871155277,0.88149259755,-0.122795798009,-0.226867473547,-176.521651124,-326.126965793
230,0.267857142857,1764,-12.7740425159,100.911637723,17.0025491175,11278357.5813,-6.66194002349,8.15938320808,-0.245492956028,0.0498263376636,-663.887966368,-235.654982963,-275.8767151,0.880266437401,-0.120131116802,-0.219813489487,-172.773318866,-316.137126842
230.5,0.267857142857,1764,-6.35104028671,105.553272558,17.0054810853,11280302.4532,-6.50125742204,8.15938320808,-0.230018807822,0.0481261513559,-620.002060031,-320.295009316,-130.789613578,0.879423879498,-0.114511062852,-0.205212072941,-164.747326641,-295.239076205
231,0.267857142857,1764,1.48509836979,106.734230871,16.9931330895,11272111.616,-6.44754309969,8.15938320808,-0.22446342387,0.0475577988736,-603.297380941,-338.071004559,30.0024961783,0.87762101723,-0.112499904052,-0.19997335942,-161.618903036,-287.284467115
231.5,0.267857142857,1764,8.99079563247,104.191743864,16.9658357239,11254004.3635,-6.51199213642,8.15938320808,-0.23040533739,0.0482397356161,-618.1868946,-291.365693318,184.586857548,0.877019922352,-0.114696202045,-0.205568657209,-164.245181489,-294.374711714
232,0.267857142857,1764,14.4959984493,98.491526892,16.9263867688,11227836.5566,-6.78622842549,8.15938320808,-0.256553701452,0.0511414361085,-689.22787562,-187.838902739,320.662288119,0.87774124064,-0.124156120751,-0.230261820317,-176.965961601,-328.203750295
232.5,0.267857142857,1764,16.7757732205,90.9019051247,16.8946198672,11206764.5119,-7.06441498177,8.15938320808,-0.284250561584,0.0569814685526,-762.479535324,-21.8720845626,406.828967306,0.880823181986,-0.136624748217,-0.255693073222,-194.007852614,-363.085493011
233,0.267857142857,1764,15.3228593038,83.111605212,16.8809707641,11197710.6069,-7.29796400054,8.15938320808,-0.308105940423,0.0639329814244,-825.085565212,181.935357628,404.705301179,0.883969833333,-0.149039417939,-0.277135253149,-211.294925134,-392.897888196
233.5,0.267857142857,1764,10.4605369004,76.8540056384,16.8897494389,11203533.7945,-7.4395756264,8.15938320808,-0.322922510353,0.0681480067973,-865.850818646,365.162092957,290.566954687,0.886626681366,-0.156582323863,-0.290525514157,-222.219534201,-412.309913641
234,0.267857142857,1764,3.27069568483,73.5214518316,16.91137066,11217875.8711,-7.46216957059,8.15938320808,-0.325731851536,0.068820508419,-875.739945658,462.78211683,91.8539337973,0.888244086589,-0.157905372874,-0.293092809024,-224.671305798,-417.019021742
234.5,0.267857142857,1764,-4.64689075137,73.8554527365,16.9317538303,11231396.7074,-7.40777103762,8.15938320808,-0.320479461476,0.0672013532447,-863.686592082,446.548470129,-128.530204161,0.888502578124,-0.155144271926,-0.288363246608,-221.275189865,-411.279329563
235,0.267857142857,1764,-11.5305220718,77.7816915757,16.9473574403,11241747.102,-7.32890016874,8.15938320808,-0.312507753954,0.0648537867121,-843.706951154,329.582512422,-311.029833428,0.887880420398,-0.151024010707,-0.281174070857,-215.79583751,-401.765214835
235.5,0.267857142857,1764,-15.8485578315,84.4265616841,16.9592730455,11249651.1202,-7.22291391969,8.15938320808,-0.301790480488,0.061699139442,-815.90646496,145.000597412,-412.321842179,0.886979609168,-0.145455125615,-0.271527317876,-208.130908345,-388.526888076
236,0.267857142857,1764,-16.6402147018,92.3115481127,16.9656978225,11253912.8889,-7.13308918358,8.15938320808,-0.292577098459,0.0590255345065,-791.614426225,-58.2039226824,-418.994423958,0.88577145106,-0.140670413734,-0.263243626639,-201.437027811,-376.959250583
236.5,0.267857142857,1764,-13.7293452942,99.6822041805,16.9677930463,11255302.7207,-7.03966710728,8.15938320808,-0.283095325649,0.0562448558751,-766.235309874,-235.231303098,-333.557496207,0.884749669131,-0.135696005166,-0.254741126242,-194.361778547,-364.873957083
237,0.267857142857,1764,-7.76363178492,104.898524139,16.9684325521,11255726.9262,-6.88421474,8.15938320808,-0.267630305783,0.0521782315597,-724.254483653,-341.420636507,-177.914542471,0.883689097431,-0.12798526371,-0.240766112016,-183.331252589,-344.883087454
237.5,0.267857142857,1764,-0.0704735755275,106.799852186,16.958188749,11248931.8702,-6.82607622706,8.15938320808,-0.261567747917,0.051563066615,-706.11356108,-378.162529136,-1.58635119306,0.881929246941,-0.125866746288,-0.235019145535,-180.078979242,-336.244552895
238,0.267857142857,1764,7.63836533691,104.963133862,16.9332572134,11232393.9515,-6.90818833369,8.15938320808,-0.269176919824,0.0524318967069,-725.625992055,-343.061912336,175.125895666,0.881272677937,-0.128577753728,-0.242225265413,-183.417145362,-345.536186693
238.5,0.267857142857,1764,13.6476319249,99.7970476595,16.8979501603,11208973.6063,-7.23976735732,8.15938320808,-0.301809206341,0.0622007766969,-809.770126867,-253.750261048,353.483037337,0.882200241911,-0.145861316536,-0.271444672065,-207.205492811,-385.604822318
239,0.267857142857,1764,16.6202360214,92.4510721311,16.8710793959,11191149.3326,-7.5340137293,8.15938320808,-0.33193732896,0.0709589271398,-888.084549798,-69.9951769348,474.623470379,0.885963384597,-0.161332991636,-0.298645652083,-228.455706534,-422.897404666
239.5,0.267857142857,1764,15.8947591907,84.5597214896,16.8647196968,11186930.7322,-7.7591596207,8.15938320808,-0.355348452251,0.0776603235762,-950.615670158,166.548264525,486.60092552,0.88932531308,-0.173084279782,-0.319914801889,-244.911379749,-452.674128647
240,0.267857142857,1764,11.6326234502,77.8788584833,16.8756310132,11194168.5721,-7.91319730263,8.15938320808,-0.371581116317,0.0822452065882,-995.92435561,388.738163759,373.070859168,0.891911137981,-0.181088352322,-0.334729455925,-256.568682562,-474.249693148
240.5,0.267857142857,1764,4.78217411047,73.8950066508,16.8993617845,11209909.9837,-7.88169712838,8.15938320808,-0.369206374139,0.0813076138382,-992.387285464,514.038074306,152.637105613,0.893686599307,-0.179717774955,-0.332604564217,-255.34345189,-472.56537403
241,0.267857142857,1764,-3.1323315306,73.4945918202,16.91721425,11221752.1192,-7.79459388548,8.15938320808,-0.360447818646,0.0787150132897,-970.643387716,514.983852732,-97.7316126986,0.893323119341,-0.175309941953,-0.32463072488,-249.607327306,-462.211137007
241.5,0.267857142857,1764,-10.3498786281,76.7667081804,16.9268709098,11228157.7035,-7.68411698541,8.15938320808,-0.349136578266,0.0754267032086,-940.957049721,399.96656835,-312.817513143,0.892319114692,-0.169628702386,-0.314343190107,-241.794149967,-448.074785582
242,0.267857142857,1764,-15.2645289012,82.9832944037,16.9320341556,11231582.6565,-7.58665130004,8.15938320808,-0.339031261108,0.0725256678288,-914.041206779,205.849320016,-447.815980243,0.891048020446,-0.164548835025,-0.305165282092,-234.696259881,-435.257717514
242.5,0.267857142857,1764,-16.7827494773,90.7611307263,16.9336123932,11232629.5541,-7.49079373929,8.15938320808,-0.329167848959,0.0696724977709,-887.439486379,-21.6541941699,-477.469774001,0.889928849307,-0.159543988476,-0.296228704678,-227.600262828,-422.590231609
243,0.267857142857,1764,-14.5667291154,98.3696118714,16.9320677946,11231604.9704,-7.36591100547,8.15938320808,-0.316481434357,0.0659554025926,-852.954453463,-228.346082525,-397.420523175,0.888830229967,-0.153025973552,-0.284769494227,-218.262051845,-406.168787363
243.5,0.267857142857,1764,-9.10954280105,104.115814888,16.9288579717,11229475.7879,-7.25142969795,8.15938320808,-0.304733772309,0.0625479025869,-820.918922075,-369.747142838,-238.613742809,0.887402138927,-0.146973978819,-0.274177974414,-209.550576155,-390.913772417
244,0.267857142857,1764,-1.62544023557,106.721182495,16.9191596557,11223042.5716,-7.21170766913,8.15938320808,-0.300391367246,0.0613655889291,-808.242607022,-430.98346296,-41.8952344883,0.886096240426,-0.144788125076,-0.270253784169,-206.197600239,-384.877431915
244.5,0.267857142857,1764,6.22033045098,105.606008108,16.8968498516,11208243.7349,-7.30756713141,8.15938320808,-0.309630338557,0.0642188155853,-830.829191018,-414.792457305,165.330309653,0.885643868327,-0.149700907954,-0.278540196359,-212.632188538,-395.632948104
245,0.267857142857,1764,12.6820482653,101.01842329,16.8684200619,11189385.3077,-7.64740226772,8.15938320808,-0.34335041113,0.074333901218,-918.534631885,-325.927255479,375.137628697,0.886736211776,-0.167166524878,-0.308982825824,-236.641665983,-437.397443755
245.5,0.267857142857,1764,16.321950508,93.9791873056,16.8489960091,11176500.6861,-7.96322859034,8.15938320808,-0.375975442523,0.0837343720846,-1004.57865139,-128.859974625,528.561730512,0.890626187864,-0.18343090388,-0.338706483479,-259.067924634,-478.370786377
246,0.267857142857,1764,16.3301417574,86.0545633724,16.848679896,11176290.9977,-8.20937822542,8.15938320808,-0.379467407723,0.0901840895882,-1011.68624561,131.729150793,545.22627255,0.894264327969,-0.189126316151,-0.341115698961,-267.101795269,-481.755355051
246.5,0.267857142857,1764,12.7047994219,79.007817703,16.8628511149,11185691.2395,-8.36763688583,8.15938320808,-0.381690603935,0.0943211847843,-1018.02197377,374.691981928,433.070189956,0.897113923153,-0.192763750809,-0.342675268156,-272.697065464,-484.77236846
247,0.267857142857,1764,6.25257927504,74.4068844547,16.8908905996,11204290.7644,-8.25687643602,8.15938320808,-0.381761527039,0.0914257569851,-1022.82061326,527.462399722,211.503625384,0.898952041133,-0.190655971841,-0.343148412453,-270.61296285,-487.057434888
247.5,0.267857142857,1764,-1.59086925952,73.2754929819,16.9058450626,11214210.5582,-8.15202421385,8.15938320808,-0.380542771416,0.0886847782384,-1022.29939791,559.777522942,-53.2471810652,0.897665122091,-0.188315151461,-0.342367046455,-267.763957328,-486.809237102
248,0.267857142857,1764,-9.08034187829,75.8653832251,16.9098634252,11216876.0721,-8.01969074022,8.15938320808,-0.379179914372,0.0852254024506,-1020.38475936,466.004267442,-299.36984727,0.896448910659,-0.18540547624,-0.341563443692,-263.752049235,-485.897504456
248.5,0.267857142857,1764,-14.549395589,81.6002923864,16.9065801626,11214698.1745,-7.93750768146,8.15938320808,-0.37524023891,0.0829687973454,-1009.72624355,272.701153092,-472.354174267,0.89491692404,-0.182645161295,-0.338126904114,-259.72442436,-480.822020736
249,0.267857142857,1764,-16.7811401387,89.2041761207,16.9016183837,11211406.8612,-7.81860676626,8.15938320808,-0.363082620221,0.0794297491115,-976.042661954,24.9654007372,-526.432919723,0.893967255917,-0.176588287041,-0.327039219407,-250.964077708,-464.782219978
249.5,0.267857142857,1764,-15.2790018358,96.9851344227,16.8949605981,11206990.5301,-7.68615255788,8.15938320808,-0.349445825236,0.0754872913809,-938.266095894,-210.490353985,-460.4181266,0.89259574208,-0.16976179776,-0.314629381902,-241.072358809,-446.793378997
250,0.267857142857,1764,-10.3772135396,103.211867361,16.8882135216,11202514.9693,-7.60615127502,8.15938320808,-0.340962483166,0.0731060784327,-914.524299089,-387.921377885,-304.691446338,0.891071416778,-0.165542301268,-0.306913114938,-234.892686885,-435.487761471
250.5,0.267857142857,1764,-3.16644627235,106.498897478,16.8763329756,11194634.2072,-7.59596548798,8.15938320808,-0.339607815215,0.0728029016946,-909.533047705,-481.953583189,-92.4958851904,0.890152592563,-0.164926719378,-0.305667970003,-233.690079628,-433.110975098
251,0.267857142857,1764,4.74887022951,106.114845067,16.8571760255,11181926.7636,-7.72214823823,8.15938320808,-0.351987941029,0.0765586914518,-940.757309674,-487.814338349,143.753599817,0.890035709902,-0.171299338254,-0.316880546232,-242.168925019,-447.979671273
251.5,0.267857142857,1764,11.6075407006,102.145163601,16.8359037485,11167816.1531,-8.04396002691,8.15938320808,-0.377234928407,0.0858598343936,-1005.65724976,-396.782232137,379.218103626,0.891485291366,-0.185341588312,-0.339597700249,-261.359826966,-478.884404647
252,0.267857142857,1764,15.8834786027,95.473125933,16.8243509126,11160152.772,-8.38662756961,8.15938320808,-0.380996706254,0.0948176269155,-1011.19847922,-185.88559301,539.455856721,0.895197626609,-0.192943679322,-0.341938019472,-271.70665581,-481.523085345
252.5,0.267857142857,1764,16.625267579,87.5832919237,16.8307655265,11164407.7993,-8.64496684648,8.15938320808,-0.384347651345,0.101570964638,-1018.86362562,84.6334272256,582.219005916,0.899172910353,-0.198795659093,-0.344267430754,-280.161027496,-485.173155056
253,0.267857142857,1764,13.6678560827,80.2311868632,16.8514573558,11178133.3793,-8.76317289069,8.15938320808,-0.386396169547,0.104661030334,-1026.06757994,347.787463175,486.600462872,0.902183477555,-0.201601654078,-0.345850696377,-284.814507806,-488.603609498
253.5,0.267857142857,1764,7.66928212453,75.0526888139,16.8813517393,11197963.3204,-8.6116245648,8.15938320808,-0.386009638625,0.100699352349,-1030.10907265,526.067782926,269.918930144,0.903564480569,-0.198591700135,-0.345984302118,-281.558483062,-490.528129832
254,0.267857142857,1764,-0.0357432892773,73.2000380233,16.8969833103,11208332.2625,-8.45705007374,8.15938320808,-0.384257836836,0.0966585663167,-1028.57629466,582.141504587,-1.23855352933,0.901794319548,-0.195163598375,-0.344830586639,-277.210867689,-489.798235553
254.5,0.267857142857,1764,-7.73281565258,75.0854580331,16.8944493384,11206651.3945,-8.31551594251,8.15938320808,-0.382580307423,0.0929586729086,-1024.96148393,508.281444135,-263.531170843,0.899992492646,-0.192000851561,-0.343721805384,-272.636703299,-488.076897108
255,0.267857142857,1764,-13.7093000506,80.2894339957,16.8833433315,11199284.4099,-8.26630483988,8.15938320808,-0.381564726722,0.0916722282001,-1021.2385123,328.402636888,-463.636237529,0.898346178454,-0.190784060887,-0.342924015217,-270.55282812,-486.304053474
255.5,0.267857142857,1764,-16.6354005082,87.6540567078,16.870508105,11190770.3763,-8.12182496254,8.15938320808,-0.380395536439,0.0878953290091,-1017.94966857,77.9347993446,-552.646180714,0.897774584384,-0.187695771168,-0.342339963326,-265.768740796,-484.737937415
256,0.267857142857,1764,-15.8600458687,95.5406628702,16.8587982855,11183002.8627,-7.99563245994,8.15938320808,-0.378877936239,0.0845964865007,-1013.64746778,-181.035726487,-518.211447477,0.896099004232,-0.184861399528,-0.341366839429,-261.392155743,-482.68927037
256.5,0.267857142857,1764,-11.5557561974,102.194445404,16.84684442,11175073.4653,-7.96305643153,8.15938320808,-0.377652306947,0.083729247832,-1009.10698867,-395.77715692,-375.04816188,0.894638777513,-0.183885905338,-0.340320181157,-259.644219192,-480.527137462
257,0.267857142857,1764,-4.68025625324,106.134906303,16.8339308588,11166507.4697,-7.96551312181,8.15938320808,-0.377736451026,0.0838023704433,-1007.76428151,-523.088351002,-151.732367069,0.894262339118,-0.183964669486,-0.340388989403,-259.357366535,-479.887753098
257.5,0.267857142857,1764,3.2366227882,106.485274427,16.8171907666,11155403.2085,-8.11748566148,8.15938320808,-0.3788916747,0.0877818938168,-1007.29731717,-542.779282063,106.566123669,0.894290720402,-0.187204843834,-0.340908944565,-263.400786914,-479.665389128
258,0.267857142857,1764,10.4333379892,103.167591215,16.8017794788,11145180.3876,-8.42332760362,8.15938320808,-0.381593810735,0.0957770153873,-1009.79651566,-448.014689227,354.984340003,0.89604874085,-0.193808249658,-0.342382002203,-272.192343711,-480.855483648
258.5,0.267857142857,1764,15.3085862642,96.9200568343,16.7972726978,11142190.8895,-8.79619475939,8.15938320808,-0.385501826831,0.105524266596,-1016.61542885,-245.272931948,542.594075004,0.899599922679,-0.2020036968,-0.344879016193,-283.550193669,-484.102585167
259,0.267857142857,1764,16.7776018711,89.13277716,16.8119739558,11151942.724,-9.03211535373,8.15938320808,-0.388287101941,0.111691549669,-1024.13820911,31.5921414114,611.19281739,0.903950638791,-0.207256348423,-0.346823704264,-291.432743289,-487.68486148
259.5,0.267857142857,1764,14.5135219067,81.5384586591,16.8401193587,11170612.5079,-9.07170225806,8.15938320808,-0.389452491208,0.112726404831,-1030.55095477,310.858258547,533.194599368,0.906713762582,-0.208314499844,-0.347829777922,-293.902253524,-490.738549888
260,0.267857142857,1764,9.02011484474,75.8268730272,16.8705010886,11190765.7221,-8.92528320144,8.15938320808,-0.389585658053,0.108898812874,-1035.99960848,515.605819544,328.143797471,0.907178091544,-0.205538446688,-0.3484105098,-291.03292197,-493.333146894
260.5,0.267857142857,1764,1.51968967386,73.2688750141,16.8846812099,11200171.8692,-8.74861485959,8.15938320808,-0.387706027898,0.104280463733,-1034.02689056,598.192209014,54.333855242,0.905461640152,-0.201663258371,-0.347163231648,-286.026054801,-492.393757407
261,0.267857142857,1764,-6.31887361919,74.433631246,16.8786524641,11196172.8012,-8.57056871535,8.15938320808,-0.385672031537,0.0996260969758,-1029.22811826,545.26321181,-221.339310348,0.903394288119,-0.197715284012,-0.345798990132,-280.226285489,-490.108627741
261.5,0.267857142857,1764,-12.7514577202,79.0619779663,16.8647013315,11186918.5499,-8.49442848386,8.15938320808,-0.384294371663,0.0976356884566,-1024.36394995,378.976811063,-441.808104637,0.901315369703,-0.195890527771,-0.344734380185,-277.181237993,-487.792357118
262,0.267857142857,1764,-16.3467823184,86.1240861935,16.8440213705,11173200.8424,-8.36530971685,8.15938320808,-0.383085595713,0.0942603494431,-1019.75962158,132.04795183,-556.916183358,0.900427844794,-0.193091383023,-0.344028058335,-272.550853134,-485.5998198
262.5,0.267857142857,1764,-16.3048707283,94.0486035288,16.825112421,11160657.9059,-8.29156322779,8.15938320808,-0.381972732762,0.0923325165849,-1015.09361029,-136.400880629,-549.324899329,0.898924979546,-0.191378381463,-0.343224091959,-269.526773187,-483.377909661
263,0.267857142857,1764,-12.6350484765,101.072287478,16.8074210744,11148922.646,-8.29789938606,8.15938320808,-0.381649186184,0.0924981523226,-1011.97150198,-372.318538737,-424.868194125,0.89806790977,-0.19141327288,-0.342889148944,-269.009300544,-481.891191419
263.5,0.267857142857,1764,-6.1538683278,105.632335226,16.795144565,11140779.2281,-8.30541451269,8.15938320808,-0.381728670647,0.0926946078859,-1010.63825254,-525.34190869,-206.807549001,0.898141509563,-0.191578865499,-0.342938196501,-268.848844967,-481.256310732
264,0.267857142857,1764,1.69657655713,106.714114634,16.7783232772,11129621.1072,-8.48988068694,8.15938320808,-0.382949179405,0.097516802901,-1010.12936222,-571.890180452,58.050066945,0.898228813403,-0.195447018262,-0.343453146598,-273.728016345,-481.013982008
264.5,0.267857142857,1764,9.16952515383,104.07692468,16.7677252432,11122591.078,-8.79344984523,8.15938320808,-0.385816257541,0.105452510831,-1013.96021838,-497.256653012,323.906498846,0.900374863514,-0.202032584458,-0.345191615542,-282.593912694,-482.838199228
265,0.267857142857,1764,14.6022111429,98.307552572,16.769240979,11123596.5161,-9.17859740751,8.15938320808,-0.388194017237,0.115520788457,-1017.37871991,-305.158461869,536.377983001,0.903918533851,-0.210049866285,-0.346292797006,-293.86123937,-484.466057098
265.5,0.267857142857,1764,16.785836261,90.6897108224,16.7896304571,11137121.5365,-9.37534089022,8.15938320808,-0.390025663023,0.120663928902,-1023.41065425,-25.9100893112,630.586765599,0.908432792999,-0.214297199987,-0.347500376449,-300.532785281,-487.338406787
266,0.267857142857,1764,15.2345336172,82.9184051608,16.8238240867,11159803.3108,-9.35530933147,8.15938320808,-0.391029384046,0.120140276893,-1030.62294639,266.948648282,574.282806153,0.910745174313,-0.214162838836,-0.348528253921,-301.568959357,-490.772831612
266.5,0.267857142857,1764,10.2934753686,76.7227877611,16.8566212866,11181558.7868,-9.20201809949,8.15938320808,-0.391011813343,0.116133036987,-1035.89747662,495.532060543,384.173045347,0.91050957238,-0.211213028159,-0.34895010702,-298.575967079,-493.284512674
267,0.267857142857,1764,3.0620702869,73.4814127251,16.8711975446,11191227.7046,-8.99177876483,8.15938320808,-0.390352492679,0.110637096739,-1037.6727925,605.28607907,112.202604675,0.908707862996,-0.207010733493,-0.348944396622,-293.141813642,-494.129901189
267.5,0.267857142857,1764,-4.85065988013,73.9155012908,16.8644489323,11186751.1251,-8.79971677397,8.15938320808,-0.388370424815,0.105616336815,-1032.96037396,576.975478857,-174.000561516,0.906240832864,-0.202816095999,-0.34763778373,-286.972190697,-491.885892364
268,0.267857142857,1764,-11.6840953389,77.9284667042,16.8454168613,11174126.518,-8.67913979327,8.15938320808,-0.386628115716,0.102464291636,-1026.82200669,426.153200979,-412.47574001,0.903991834364,-0.200049142896,-0.346353246482,-282.418606179,-488.962860331
268.5,0.267857142857,1764,-15.9177644605,84.6274052282,16.818884047,11156526.4179,-8.5937023957,8.15938320808,-0.385474598979,0.100230842635,-1021.15464146,187.232698297,-554.727485956,0.902582507086,-0.198107154486,-0.345529222519,-278.796680192,-486.26411498
269,0.267857142857,1764,-16.6096558912,92.5217714363,16.7946164965,11140428.9427,-8.57305963243,8.15938320808,-0.384915749818,0.0996912129135,-1016.82979749,-87.3889416338,-575.587552593,0.901585210308,-0.197563848661,-0.345060861432,-277.230332218,-484.204665473
269.5,0.267857142857,1764,-13.6058205235,99.8550316024,16.7715543657,11125131.0626,-8.61675795857,8.15938320808,-0.38509425852,0.100833546197,-1014.10597078,-342.104083085,-472.30764371,0.901344420701,-0.198449728743,-0.345083608921,-277.709171833,-482.907605133
270,0.267857142857,1764,-7.57462589842,104.995500742,16.7571874033,11115600.9775,-8.63593186249,8.15938320808,-0.385435571282,0.10133477795,-1013.14450975,-520.855659684,-263.098034344,0.901854223314,-0.198907456377,-0.345347854531,-277.873033332,-482.449766547
270.5,0.267857142857,1764,0.141958725309,106.799400219,16.7418184476,11105406.2369,-8.84029615996,8.15938320808,-0.386847885812,0.106677136789,-1013.30222641,-595.012885657,5.02799324313,0.902078007861,-0.203200251075,-0.346036062043,-283.349585294,-482.524869718
271,0.267857142857,1764,7.82695686291,104.86535389,16.7351702079,11100996.2379,-9.13322532188,8.15938320808,-0.388453963575,0.114334700839,-1014.37887093,-541.737929565,285.237703534,0.904466599289,-0.209242849327,-0.346679009515,-291.54391269,-483.037557587
271.5,0.267857142857,1764,13.7704201717,99.6236961867,16.7401756723,11104316.5293,-9.53372615589,8.15938320808,-0.389710831285,0.124804333731,-1015.23120451,-364.38834045,521.398478957,0.907900075561,-0.217269841479,-0.34676284363,-302.909263452,-483.44343072
272,0.267857142857,1764,16.649900025,92.2407206785,16.7648217404,11120665.0878,-9.67651342777,8.15938320808,-0.391654149281,0.128536985928,-1022.65922462,-86.3568688593,641.683386403,0.912609178945,-0.220499793539,-0.348273700485,-308.318193114,-486.980583154
272.5,0.267857142857,1764,15.8246985701,84.3591742479,16.8027265934,11145808.6403,-9.61704911262,8.15938320808,-0.392408528245,0.126982508392,-1029.89721912,217.429516957,609.973914689,0.914291121271,-0.219539766006,-0.349157989482,-308.365514572,-490.427247199
273,0.267857142857,1764,11.4784270241,77.73273816,16.8377084631,11169013.2805,-9.4602597744,8.15938320808,-0.392193615117,0.122883823263,-1034.80627857,468.183512692,438.077409156,0.91359051768,-0.216470844355,-0.349366053449,-305.322259391,-492.764894559
273.5,0.267857142857,1764,4.57815131122,73.8358257071,16.8541562739,11179923.6617,-9.20668911348,8.15938320808,-0.391539518637,0.116255143604,-1037.06929669,603.739757474,170.996174146,0.911744325113,-0.211436090669,-0.349447038379,-298.803883964,-493.842522235
274,0.267857142857,1764,-3.34078466765,73.5355182953,16.8473058201,11175379.5273,-8.99443196473,8.15938320808,-0.390374617753,0.110706454969,-1034.77504935,601.760357323,-122.102341963,0.908762729678,-0.20706728687,-0.348957590641,-292.39200753,-492.750023498
274.5,0.267857142857,1764,-10.5163802965,76.8986357405,16.8257002211,11161047.8134,-8.8449885517,8.15938320808,-0.388676785365,0.106799802249,-1028.66194594,469.994639637,-377.26165534,0.906271934439,-0.203763781237,-0.347787525219,-286.98973959,-489.839021877
275,0.267857142857,1764,-15.3520316942,83.1768685444,16.7949494746,11140649.8181,-8.81022152232,8.15938320808,-0.387701471727,0.105890945129,-1022.45988681,242.776391408,-546.246379647,0.904521513276,-0.202844021397,-0.34695767238,-284.650991102,-486.885660386
275.5,0.267857142857,1764,-16.7717836106,90.9732802879,16.7689634522,11123412.4233,-8.81762691959,8.15938320808,-0.387574926185,0.106084532219,-1018.86882026,-34.5421719116,-595.238432274,0.904114714438,-0.202953328934,-0.346811472789,-283.923735766,-485.175628694
276,0.267857142857,1764,-14.4597345461,98.5531325756,16.7424536148,11105827.5645,-8.86485748384,8.15938320808,-0.3879170767,0.107319202978,-1016.17279381,-304.079455932,-514.069924074,0.904201348853,-0.203948525081,-0.346990012595,-284.414584477,-483.891806575
276.5,0.267857142857,1764,-8.93032632562,104.229872512,16.72438482,11093841.9306,-8.93830786158,8.15938320808,-0.388628830289,0.109239295087,-1015.31022695,-508.750925873,-319.279865829,0.904754067952,-0.205542105763,-0.347445008716,-286.018543276,-483.481060451
277,0.267857142857,1764,-1.4138783653,106.74039868,16.7108382604,11084856.046,-9.14265022062,8.15938320808,-0.38894173623,0.114581080426,-1012.72575085,-609.184368298,-51.4511401594,0.905614218543,-0.209547934498,-0.347122689148,-291.120602294,-482.250357546
277.5,0.267857142857,1764,6.41716420184,105.526107162,16.7056094184,11081387.5809,-9.42187252986,8.15938320808,-0.389819146068,0.121880328828,-1012.23378562,-579.71504628,239.604596531,0.90801071574,-0.215141527844,-0.347171289414,-298.704647716,-482.016088389
278,0.267857142857,1764,12.8203574585,100.85718355,16.7135170078,11086632.9485,-9.80014654754,8.15938320808,-0.391021652212,0.131768922712,-1013.71592548,-420.081797171,496.040135717,0.911292590014,-0.222729575777,-0.347350712632,-309.532795678,-482.721869274
278.5,0.267857142857,1764,16.3709606956,93.7724853748,16.7404247264,11104481.7352,-9.91259661817,8.15938320808,-0.392871877418,0.134708519482,-1021.44580754,-148.154062884,642.924782847,0.915748339673,-0.225346054259,-0.348875125392,-314.17815719,-486.402765496
279,0.267857142857,1764,16.2789479414,85.8483914056,16.7776551161,11129177.8937,-9.86022999806,8.15938320808,-0.393469489431,0.133339585283,-1028.06645165,163.14036143,639.692637315,0.917074281905,-0.224480899671,-0.349579761713,-314.365591495,-489.555453168
279.5,0.267857142857,1764,12.5647924678,78.8480499355,16.8142648172,11153462.3287,-9.68160126223,8.15938320808,-0.393302577464,0.128669988795,-1033.38285583,433.315595443,488.212420101,0.916456754759,-0.221001203971,-0.349859044902,-310.844717158,-492.087074205
280,0.267857142857,1764,6.05491139079,74.3290699686,16.8344022613,11166820.1666,-9.38850681551,8.15938320808,-0.39255940321,0.121008103977,-1036.03172868,594.294382943,229.622608329,0.914351074904,-0.215183196618,-0.349917187589,-303.386911562,-493.348442228
280.5,0.267857142857,1764,-1.80221603715,73.2969458674,16.8289379488,11163195.506,-9.16491316494,8.15938320808,-0.391199739808,0.115163063868,-1033.35813076,619.389900082,-66.8305569939,0.910900044725,-0.210548287995,-0.349240871216,-296.659470857,-492.075300363
281,0.267857142857,1764,-9.25834189416,75.9813301141,16.8067436963,11148473.3185,-9.00906377843,8.15938320808,-0.390155901458,0.111088950347,-1029.0413785,510.457274066,-337.120996793,0.908272101845,-0.207291901614,-0.348701089555,-291.301402041,-490.019704049
281.5,0.267857142857,1764,-14.6544429998,81.784934549,16.7743949469,11127015.3148,-9.01528611344,8.15938320808,-0.38936701886,0.111251610591,-1022.78583962,297.863437259,-531.343637984,0.906443468274,-0.207209347262,-0.347919362269,-290.065552401,-487.040876008
282,0.267857142857,1764,-16.7898613999,89.4164298045,16.7459162811,11108124.4664,-9.0348667087,8.15938320808,-0.389387726902,0.111763473805,-1019.1986282,21.1262144946,-607.820988832,0.906516422772,-0.207590584747,-0.347879325433,-289.613344318,-485.332680095
282.5,0.267857142857,1764,-15.1894564256,97.1777721818,16.7180912036,11089667.165,-9.08486411698,8.15938320808,-0.389459202862,0.113070473605,-1015.57242748,-260.205180305,-550.640943714,0.906746028222,-0.208569015006,-0.347796447185,-290.012191765,-483.605917846
283,0.267857142857,1764,-10.2093257344,103.342026385,16.6966516503,11075445.5947,-9.21281616038,8.15938320808,-0.389641580273,0.116415312888,-1012.37621881,-488.223698586,-373.589035609,0.907332512172,-0.211074218714,-0.34759280825,-292.743356675,-482.08391372
283.5,0.267857142857,1764,-2.95757190072,106.537616771,16.682410468,11065998.9438,-9.41587557133,8.15938320808,-0.390176156795,0.12172356023,-1010.47777109,-615.693172746,-110.109990601,0.908834702623,-0.215115007778,-0.347533583809,-297.838887567,-481.179890994
284,0.267857142857,1764,4.95225563439,106.053509402,16.6783480942,11063304.2358,-9.69357323834,8.15938320808,-0.391049532531,0.128982952425,-1010.30668586,-612.834882797,189.049940746,0.911222029426,-0.220680685928,-0.347644033125,-305.396093745,-481.098421837
284.5,0.267857142857,1764,11.7601829266,101.997420453,16.6881662553,11069816.9493,-10.0055115175,8.15938320808,-0.392282066989,0.13713744048,-1012.78354427,-471.659848931,462.333226061,0.914492154785,-0.226997301738,-0.348086372422,-314.507506522,-482.277878225
285,0.267857142857,1764,15.9514140343,95.2718488507,16.7144966294,11087282.7642,-10.127854782,8.15938320808,-0.393792509323,0.140335658705,-1019.46354884,-210.401582223,636.627271861,0.918170138108,-0.229718699635,-0.349279195689,-319.283178527,-485.458832783
285.5,0.267857142857,1764,16.5933802623,87.3732660069,16.7496433563,11110596.7597,-10.0899312229,8.15938320808,-0.394432334031,0.139344285634,-1025.82208927,105.009698059,663.3583209,0.919613262623,-0.229139039771,-0.349984280391,-319.818294001,-488.486709178
286,0.267857142857,1764,13.5432410961,80.0591438692,16.7867459234,11135208.1292,-9.89332197906,8.15938320808,-0.394348687034,0.134204654375,-1031.46032499,392.53636151,534.78438003,0.919165917027,-0.225330495449,-0.350354026724,-315.897428828,-491.171583327
286.5,0.267857142857,1764,7.47966689033,74.9569091205,16.8106433159,11151060.0662,-9.56103743216,8.15938320808,-0.393536241738,0.125518287391,-1034.52703357,578.279309471,287.529779555,0.916846978626,-0.218740303048,-0.35039733711,-307.532176254,-492.631920746
287,0.267857142857,1764,-0.248168486796,73.2018330642,16.8092225475,11150117.6232,-9.32923441174,8.15938320808,-0.391982035316,0.119458643263,-1031.77369518,631.352267784,-9.32731157694,0.91293078816,-0.213900352168,-0.349523851551,-300.67674417,-491.32080723
287.5,0.267857142857,1764,-7.92078520477,75.1844284032,16.7876793535,11135827.3045,-9.16696460331,8.15938320808,-0.390899241357,0.115216691239,-1027.42376638,546.611410603,-292.232503186,0.910202944384,-0.210511513009,-0.348944129804,-295.155084382,-489.249412561
288,0.267857142857,1764,-13.8309898452,80.4635583208,16.7550750365,11114199.7742,-9.2130189709,8.15938320808,-0.390055308341,0.116420614629,-1020.64579011,351.593159917,-509.92619554,0.908296190179,-0.211182636722,-0.347992524377,-294.947043557,-486.021804814
288.5,0.267857142857,1764,-16.663733992,87.864591504,16.7240874819,11093644.6963,-9.22918566054,8.15938320808,-0.390278789176,0.116843233738,-1017.36837015,78.5744761036,-613.158639567,0.908837085055,-0.211549775304,-0.348161696801,-294.367944118,-484.461128642
289,0.267857142857,1764,-15.7887187077,95.7407631521,16.6967201911,11075491.0601,-9.29272605013,8.15938320808,-0.390325757685,0.118504265367,-1013.64088648,-211.773761096,-582.437605422,0.909027009992,-0.212783076514,-0.348024166362,-295.115831097,-482.686136419
289.5,0.267857142857,1764,-11.4006390214,102.339587915,16.672037092,11059117.9377,-9.47338339867,8.15938320808,-0.390547962488,0.123226892532,-1009.81024086,-461.388779821,-426.280598969,0.909773728537,-0.216314652757,-0.347736321153,-299.127512532,-480.862019459
290,0.267857142857,1764,-4.47586336587,106.192796149,16.657798057,11049672.7112,-9.65909274922,8.15938320808,-0.391358792464,0.128081585855,-1008.94298302,-614.98418609,-169.988256737,0.911898788332,-0.22009177656,-0.348031905096,-303.831002588,-480.449039535
290.5,0.267857142857,1764,3.44481300527,106.443030845,16.6539696065,11047133.1723,-9.92221075098,8.15938320808,-0.392153378333,0.134959845903,-1008.83615456,-639.137885814,133.899311022,0.914085851484,-0.225358558853,-0.348155069036,-310.958675126,-480.39816884
291,0.267857142857,1764,10.5990022305,103.034613601,16.6636687702,11053566.9509,-10.1807057883,8.15938320808,-0.393342108049,0.141717255413,-1011.6704568,-519.114323052,422.114075373,0.917187663851,-0.230632498312,-0.348726891949,-318.606650849,-481.74783657
291.5,0.267857142857,1764,15.3948634544,96.7259333346,16.6878476921,11069605.6358,-10.3230154246,8.15938320808,-0.394571277299,0.145437421572,-1017.21808402,-272.182013416,622.992337696,0.920236690276,-0.233670082113,-0.349623839559,-323.740364202,-484.38956382
292,0.267857142857,1764,16.7652949283,88.9207011692,16.7218626097,11092168.8644,-10.2804531468,8.15938320808,-0.395314480144,0.144324786126,-1023.73471493,43.7332646399,679.33093132,0.921915216345,-0.23302246484,-0.350433607095,-324.160563461,-487.492721398
292.5,0.267857142857,1764,14.4053691838,81.3556180858,16.757509938,11115814.9256,-10.0615432083,8.15938320808,-0.395220027271,0.13860218458,-1029.21582053,345.360670966,575.523850775,0.921413236372,-0.228779372264,-0.350812534487,-319.616300523,-490.10277168
293,0.267857142857,1764,8.84018083283,75.7139507616,16.7852156601,11134193.0545,-9.72608150357,8.15938320808,-0.394297047024,0.129832762398,-1032.32383462,555.926296107,344.006163306,0.918831056585,-0.222099778533,-0.350711271361,-311.311426597,-491.58277839
293.5,0.267857142857,1764,1.3080105395,73.250996793,16.788214082,11136182.0077,-9.4744806591,8.15938320808,-0.392737354841,0.123255576402,-1030.16904952,636.676725446,49.7211599308,0.914875274996,-0.216879205097,-0.349854223067,-304.102503332,-490.556690247
294,0.267857142857,1764,-6.51519826993,74.514775058,16.7679564689,11122744.4577,-9.3069237107,8.15938320808,-0.391556658468,0.118875411395,-1025.68980186,577.702531097,-243.060500912,0.91191170353,-0.213365097321,-0.349175193091,-298.453543045,-488.423715171
294.5,0.267857142857,1764,-12.8887447263,79.2240889303,16.737570638,11102588.5232,-9.3497349789,8.15938320808,-0.39068699004,0.119994555786,-1019.15785708,401.69344324,-480.453505478,0.90994063069,-0.213969957489,-0.348212399115,-298.215856195,-485.313265275
295,0.267857142857,1764,-16.3944846732,86.3310938553,16.7059353324,11081603.7705,-9.37802937623,8.15938320808,-0.390887693592,0.120734209559,-1015.64472415,136.62770886,-610.520081598,0.910444015683,-0.214564314535,-0.348327566075,-297.914862841,-483.640344835
295.5,0.267857142857,1764,-16.2523744329,94.254447707,16.6775399831,11062768.1888,-9.49035742696,8.15938320808,-0.390969302184,0.123670616564,-1011.52956987,-159.500218733,-609.305239021,0.910776797693,-0.21674596132,-0.348098556306,-299.92183187,-481.680747557
296,0.267857142857,1764,-12.4940342043,101.231166872,16.6494954775,11044165.3334,-9.72047992139,8.15938320808,-0.391411009971,0.129686329472,-1007.63227031,-428.437493463,-476.612337689,0.912098589651,-0.221287731213,-0.347926519243,-305.177546272,-479.824890623
296.5,0.267857142857,1764,-5.95571241963,105.70889842,16.6371194541,11035955.9045,-9.86503517937,8.15938320808,-0.392495050103,0.133465199214,-1008.14794508,-606.607867953,-229.98315454,0.914809254821,-0.224338049615,-0.348622666004,-308.924458853,-480.070450039
297,0.267857142857,1764,1.90778347684,106.691325957,16.6322599979,11032732.4653,-10.109846973,8.15938320808,-0.393091844242,0.13986491025,-1007.6038021,-658.142881181,75.2243481044,0.916513415797,-0.229204806661,-0.34863813293,-315.441868608,-479.811334333
297.5,0.267857142857,1764,9.34678854899,103.959854721,16.6404171191,11038143.3557,-10.3430446228,8.15938320808,-0.394201861572,0.145961011873,-1010.28739106,-562.437025864,376.57841418,0.91940084244,-0.233970708162,-0.349224043239,-322.316836168,-481.08923384
298,0.267857142857,1764,14.7060890718,98.1222499477,16.6618048525,11052330.5522,-10.4991434119,8.15938320808,-0.395294995775,0.150041645116,-1015.08386639,-332.669956506,602.329901618,0.92215142538,-0.237241163978,-0.349981798196,-327.662860562,-483.37326971
298.5,0.267857142857,1764,16.7932153943,90.4774062414,16.6931943767,11073152.2699,-10.4483466801,8.15938320808,-0.396112034345,0.148713749917,-1021.50910466,-19.5617367644,688.102564401,0.923991856846,-0.236448911542,-0.350873816917,-327.800268498,-486.432906982
299,0.267857142857,1764,15.143772063,82.7263373941,16.7294917367,11097229.5187,-10.1973675623,8.15938320808,-0.395994121627,0.142152816697,-1027.10967787,293.172365745,610.385128174,0.923393063195,-0.23158012705,-0.351268291215,-322.448132809,-489.099846607
299.5,0.267857142857,1764,10.1247680009,76.593692793,16.7599527885,11117435.3497,-9.87963840792,8.15938320808,-0.394899942803,0.133846947338,-1029.83567617,527.383308143,398.292651363,0.920433228562,-0.225200076185,-0.350921495243,-314.70757756,-490.397941034
300,0.267857142857,1764,2.85295529094,73.444014795,16.7676964075,11122571.9503,-9.61027117937,8.15938320808,-0.393439952818,0.12680532406,-1028.59579032,635.860392039,109.572535086,0.916685616538,-0.219662965057,-0.350175339603,-307.253423661,-489.807519199
300.5,0.267857142857,1764,-5.05365343117,73.9781216146,16.7514941871,11111824.4774,-9.44604002852,8.15938320808,-0.39216711825,0.122512099894,-1024.27459435,604.450942472,-190.657144306,0.913510673797,-0.216190909293,-0.349379097824,-301.812772725,-487.749806831
301,0.267857142857,1764,-11.8358004222,78.0771719644,16.7216598629,11092034.3757,-9.45346853681,8.15938320808,-0.391332932761,0.122706291137,-1018.20985688,448.073112717,-444.802518402,0.91157697575,-0.216126358291,-0.348550850523,-300.648880538,-484.861836608
301.5,0.267857142857,1764,-15.9844259792,84.8291078029,16.6886394015,11070130.803,-9.52366764158,8.15938320808,-0.391332136565,0.124541390577,-1013.63906772,194.770782555,-602.081621122,0.911664398417,-0.217477016218,-0.348360655776,-301.334122053,-482.685270342
302,0.267857142857,1764,-16.576441343,92.731591551,16.6599062491,11051071.1453,-9.67899123705,8.15938320808,-0.391601968708,0.128601759211,-1009.73449414,-103.977895824,-630.981411002,0.912490745931,-0.220534764058,-0.348216789098,-304.519600049,-480.825949593
302.5,0.267857142857,1764,-13.480120302,100.026283292,16.6320944735,11032622.6674,-9.90087027958,8.15938320808,-0.392265652604,0.134401977148,-1006.64847268,-388.03329613,-521.702345817,0.914320318916,-0.224973848172,-0.348314514933,-309.612872365,-479.356415561
303,0.267857142857,1764,-7.38440889605,105.090079697,16.617109402,11022682.57,-10.0528956046,8.15938320808,-0.39330436057,0.138376124536,-1006.73058884,-591.204292432,-289.308891943,0.916935993508,-0.228156049651,-0.348971472893,-313.426730308,-479.395518493
303.5,0.267857142857,1764,0.354368328197,106.796262176,16.6122896324,11019485.4562,-10.2746654519,8.15938320808,-0.393951446795,0.144173487963,-1006.57661523,-670.45175997,14.1452227184,0.91872905204,-0.232590945085,-0.349120594248,-319.333791264,-479.322197727
304,0.267857142857,1764,8.01429692754,104.765197078,16.6187102906,11023744.4928,-10.4818824521,8.15938320808,-0.394958821016,0.149590420306,-1008.99070479,-600.583608373,325.986530477,0.921344973194,-0.23682987994,-0.34968753497,-325.404994024,-480.471764188
304.5,0.267857142857,1764,13.8910066499,99.4488059697,16.636030626,11035233.6486,-10.6641750843,8.15938320808,-0.395905410882,0.154355795995,-1012.7912937,-391.222796903,575.149758689,0.92378839767,-0.240571791425,-0.350274205864,-331.235754577,-482.281568429
305,0.267857142857,1764,16.6769018563,92.0300109545,16.665133051,11054538.2571,-10.5909554193,8.15938320808,-0.396866516353,0.152441735031,-1019.43280557,-83.9267867923,689.473514111,0.925936262648,-0.239376518267,-0.3513408557,-330.744173013,-485.444193129
305.5,0.267857142857,1764,15.7521077198,84.1595289245,16.7016396999,11078754.3343,-10.336620562,8.15938320808,-0.396637754122,0.145793078245,-1024.67538189,237.495686313,640.540392274,0.925073797949,-0.234415610414,-0.351605533594,-325.310315886,-487.940658042
306,0.267857142857,1764,11.3223952988,77.5885792635,16.7340469566,11100251.1479,-10.0436568735,8.15938320808,-0.395514038788,0.138134611624,-1027.2884095,493.880832065,450.545842404,0.922075666118,-0.228504947865,-0.351138170252,-318.339595475,-489.184956905
306.5,0.267857142857,1764,4.37339650596,73.7792292723,16.7472034546,11108978.2916,-9.75024021066,8.15938320808,-0.394193218549,0.13046430364,-1027.18202999,629.601195811,169.751223054,0.91862007551,-0.222539120583,-0.350550378526,-310.516044585,-489.134299995
307,0.267857142857,1764,-3.5487036427,73.5790772958,16.7355405675,11101241.9098,-9.57708513007,8.15938320808,-0.392803359832,0.125937795895,-1023.10237221,625.983060217,-135.280361895,0.915160026344,-0.218868084086,-0.349644919453,-304.968519246,-487.191605814
307.5,0.267857142857,1764,-10.6812004884,77.0326580933,16.706792468,11082172.3371,-9.55557023548,8.15938320808,-0.391939415828,0.125375367483,-1017.3141779,491.22077409,-404.61858798,0.913119784265,-0.218241083676,-0.348864325845,-303.051020093,-484.435322811
308,0.267857142857,1764,-15.4370798327,83.3715336436,16.6723448658,11059322.0943,-9.66636684233,8.15938320808,-0.391770086636,0.128271740477,-1011.80981461,252.457621362,-587.950250597,0.912866404077,-0.220332702584,-0.348412026715,-304.695062521,-481.814197431
308.5,0.267857142857,1764,-16.7581360837,91.1852742306,16.6447105217,11040991.3127,-9.83926246408,8.15938320808,-0.392235559847,0.132791465617,-1008.51919415,-45.697503428,-646.099410062,0.9141715609,-0.22377833628,-0.348433012157,-308.43497479,-480.247235309
309,0.267857142857,1764,-14.3504279928,98.7352857093,16.6154795748,11021601.4513,-10.0553047761,8.15938320808,-0.39299143084,0.138439103535,-1005.64092454,-342.124725201,-562.046439803,0.916209521881,-0.228127944551,-0.348662144512,-313.326649259,-478.876630735
309.5,0.267857142857,1764,-8.74968196977,104.341654905,16.5989360626,11010627.5882,-10.2197866226,8.15938320808,-0.39399382725,0.142738881222,-1005.4087122,-568.971815479,-347.123290026,0.91875746984,-0.231540988677,-0.349276816703,-317.38140081,-478.766053428
310,0.267857142857,1764,-1.20209042834,106.756938223,16.5942931129,11007547.7649,-10.3990642301,8.15938320808,-0.394727002934,0.147425440092,-1005.84181125,-674.850310184,-48.4116541847,0.920697674314,-0.235175551551,-0.349622835617,-322.183110643,-478.972291074
310.5,0.267857142857,1764,6.61297190473,105.443723728,16.5983833511,11010260.9562,-10.5707385694,8.15938320808,-0.39553860123,0.151913239259,-1007.66884885,-631.545820965,270.42666938,0.922812013473,-0.238681172306,-0.350085297195,-327.146914611,-479.842308974
311,0.267857142857,1764,12.9566167897,100.694207842,16.6127304509,11019777.8658,-10.7699393587,8.15938320808,-0.396295629209,0.15712061702,-1010.52734621,-445.466091289,539.706495608,0.924835598385,-0.24270621408,-0.350472263766,-333.239149922,-481.203498194
311.5,0.267857142857,1764,16.417353311,93.5651802567,16.6401528008,11037968.0246,-10.6876335944,8.15938320808,-0.397346495937,0.154969033143,-1017.23367656,-148.167481846,682.298712403,0.927181355632,-0.241353548912,-0.351636322775,-332.476836908,-484.396988837
312,0.267857142857,1764,16.2251512652,85.6428832443,16.6743933938,11060680.9512,-10.4806068299,8.15938320808,-0.397046123257,0.149557073819,-1021.66953746,178.763007345,665.682605597,0.92621250222,-0.237287723352,-0.351720739606,-328.222569869,-486.509303554
312.5,0.267857142857,1764,12.4227765143,78.6900652665,16.7074614675,11082616.1068,-10.2168116376,8.15938320808,-0.396146454383,0.142661111096,-1024.71793291,455.46484709,500.280341031,0.923773361023,-0.231990782858,-0.35137513089,-322.169743909,-487.960920431
313,0.267857142857,1764,5.85627537961,74.253761126,16.7286995123,11096704.0098,-9.87454510294,8.15938320808,-0.395001152535,0.133713801465,-1026.32107467,616.922930032,229.443398844,0.920662582966,-0.225126499459,-0.351031836801,-313.43252695,-488.724321272
313.5,0.267857142857,1764,-2.01327465633,73.321069424,16.7215910058,11091988.7005,-9.69223686939,8.15938320808,-0.393369181104,0.128948017935,-1022.13290444,641.586277998,-77.4443773514,0.916625555713,-0.221222132363,-0.349896659208,-307.734971412,-486.729954496
314,0.267857142857,1764,-9.43486158282,76.0995184647,16.6941724571,11073801.0632,-9.66431951363,8.15938320808,-0.392462164102,0.128218220538,-1016.42983344,531.126650496,-360.498765288,0.914476406404,-0.220462820454,-0.349088251202,-305.673813758,-484.014206401
314.5,0.267857142857,1764,-14.7571472944,81.970890228,16.6597689553,11050980.0737,-9.79788441951,8.15938320808,-0.392247861719,0.131709787629,-1010.6719054,309.016240317,-567.958130383,0.914147437274,-0.222983569051,-0.348545809204,-307.895892913,-481.272335906
315,0.267857142857,1764,-16.7958981103,89.6287767961,16.6306035344,11031633.6778,-9.9746904725,8.15938320808,-0.39282638417,0.136331736725,-1007.54089778,14.4638974173,-654.415307986,0.915721670661,-0.226532803457,-0.348685817745,-311.702442435,-479.781379895
315.5,0.267857142857,1764,-15.0974823554,97.3692622785,16.6021115437,11012733.9906,-10.1636567887,8.15938320808,-0.393616917812,0.141271571531,-1005.08465023,-290.988843215,-596.151793767,0.917806609333,-0.230368222546,-0.349030681963,-315.894679515,-478.611738203
316,0.267857142857,1764,-10.039805548,103.470052136,16.5825661355,10999768.8699,-10.361365544,8.15938320808,-0.394463917984,0.146439945505,-1003.90114262,-539.89247044,-402.404932449,0.920035582383,-0.234385866324,-0.349441992179,-320.647590653,-478.048163152
316.5,0.267857142857,1764,-2.74822463942,106.573691844,16.5767989108,10995943.2775,-10.5105793821,8.15938320808,-0.395381293416,0.150340596826,-1004.93172165,-672.596459635,-111.528932732,0.922367478306,-0.2374821001,-0.350044160599,-324.657398473,-478.538915071
317,0.267857142857,1764,5.15484921727,105.989606923,16.5792898478,10997595.599,-10.6688888752,8.15938320808,-0.396047764819,0.154479020859,-1006.2685928,-657.870682723,212.089277133,0.924126647233,-0.240695404777,-0.35040451199,-329.149145891,-479.175520382
317.5,0.267857142857,1764,11.9109448031,101.847759024,16.5910437212,11005392.335,-10.8270657906,8.15938320808,-0.396759375903,0.158613979129,-1008.91804159,-494.683242456,497.321458329,0.92599177402,-0.243916102987,-0.350829490559,-334.026538819,-480.437162664
318,0.267857142857,1764,16.0167989756,95.0697288464,16.615803276,11021816.1731,-10.7833636604,8.15938320808,-0.397581334608,0.157471546404,-1014.44895146,-211.736155128,668.938228319,0.927853458468,-0.243256531092,-0.351702240022,-334.118311325,-483.070929269
318.5,0.267857142857,1764,16.5588398104,87.1636600816,16.6478519322,11043075.115,-10.6308992435,8.15938320808,-0.39744570055,0.153485920559,-1018.74408733,117.461689551,685.753244367,0.927339322546,-0.24028046235,-0.351832789985,-331.304971709,-485.11623206
319,0.267857142857,1764,13.4164606646,79.8886903303,16.6831604647,11066496.4416,-10.3653894497,8.15938320808,-0.396823562779,0.146545135837,-1022.76692165,411.301526687,545.746390363,0.925544347759,-0.235013688156,-0.351728564654,-325.418993285,-487.031867451
319.5,0.267857142857,1764,7.28885572336,74.8635346846,16.7103191439,11084511.6988,-10.0025789164,8.15938320808,-0.395682253548,0.137060778326,-1025.12506183,598.636968691,288.269315493,0.922414929608,-0.227754242811,-0.351394518469,-316.394590794,-488.15479135
320,0.267857142857,1764,-0.460554004363,73.2063139838,16.7088355897,11083527.6078,-9.8132457945,8.15938320808,-0.393950657875,0.132111354725,-1021.34277224,652.218460288,-17.8865928133,0.918135547916,-0.22369258498,-0.350160189502,-310.696989171,-486.353701067
320.5,0.267857142857,1764,-8.10748829327,75.2857676526,16.6839486423,11067019.266,-9.769929679,8.15938320808,-0.393016385832,0.130979012944,-1015.97597439,567.055227449,-312.445359678,0.915902775207,-0.222631679274,-0.349360153349,-308.30298941,-483.798083045
321,0.267857142857,1764,-13.9504681866,80.6392074388,16.648535499,11043528.5477,-9.92518775859,8.15938320808,-0.392712150575,0.135037668903,-1009.72814802,363.924641732,-542.35996617,0.915392119896,-0.225550435957,-0.348690415801,-311.020366579,-480.822927629
321.5,0.267857142857,1764,-16.6894030916,88.0754677332,16.6172980391,11022807.6993,-10.0798973472,8.15938320808,-0.393412537999,0.139081986569,-1006.8820787,75.58241624,-655.445186863,0.91722277295,-0.228702892863,-0.349016061005,-314.185082961,-479.467656525
322,0.267857142857,1764,-15.7148670698,95.9399455366,16.5895422708,11004396.373,-10.2592358288,8.15938320808,-0.394096514715,0.14377013677,-1004.31962467,-236.185915269,-624.859308781,0.919047558466,-0.232326969507,-0.349293707898,-318.098425398,-478.247440319
322.5,0.267857142857,1764,-11.2436989839,102.482757434,16.5665890832,10989170.7585,-10.4961623424,8.15938320808,-0.394872929401,0.149963715931,-1002.35408729,-505.109940364,-454.971920521,0.921162984851,-0.237086096112,-0.349576786272,-323.716898628,-477.311470137
323,0.267857142857,1764,-4.27075482742,106.24809691,16.5601051958,10984869.7799,-10.6090964049,8.15938320808,-0.396008024355,0.152915964901,-1004.13552687,-663.731264101,-174.459416135,0.923956719297,-0.239530319417,-0.350472358047,-326.79827934,-478.159774699
323.5,0.267857142857,1764,3.65245242712,106.398158167,16.5611957949,10985593.2106,-10.7478072152,8.15938320808,-0.39650154202,0.156542052887,-1004.94919128,-677.765232565,150.962397331,0.925287517134,-0.242324728352,-0.350710155507,-330.654321377,-478.547233944
324,0.267857142857,1764,10.7629717847,102.899551867,16.5706476332,10991862.93,-10.8697294749,8.15938320808,-0.397133789679,0.159729265477,-1007.28794452,-539.279180205,449.957228021,0.926920886121,-0.244825679234,-0.351125436193,-334.448319308,-479.660925964
324.5,0.267857142857,1764,15.4786791416,96.5307344173,16.5923175451,11006237.3049,-10.8790736053,8.15938320808,-0.397743115863,0.159973533671,-1011.5892469,-274.093687324,649.637233688,0.928355194865,-0.245143177516,-0.351704336351,-335.758485718,-481.709165191
325,0.267857142857,1764,16.7503073627,88.7087977488,16.6236111907,11026995.4232,-10.7652733549,8.15938320808,-0.397853461541,0.156998641377,-1016.25505856,53.9135740769,699.40161271,0.928465059044,-0.242968518415,-0.35199751322,-334.036431721,-483.930980266
325.5,0.267857142857,1764,14.2949131694,81.1741596729,16.6603338151,11051354.764,-10.4940372864,8.15938320808,-0.397430453105,0.149908164096,-1020.9578891,362.024624585,586.358962077,0.927126445836,-0.237635625894,-0.352069214819,-328.149715988,-486.170423379
326,0.267857142857,1764,8.65883335397,75.6033127092,16.6925156122,11072702.0228,-10.1348867538,8.15938320808,-0.396259673111,0.140519483949,-1023.71664443,574.864661173,345.750185557,0.923931671217,-0.230439200714,-0.351660672635,-319.442743772,-487.484116395
326.5,0.267857142857,1764,1.09612226579,73.2357965898,16.6972152417,11075819.4437,-9.92146694501,8.15938320808,-0.394560697325,0.13494040181,-1020.89320716,656.652408449,42.9350150539,0.919696211821,-0.2259235119,-0.350493398918,-313.359313237,-486.139622457
327,0.267857142857,1764,-6.71048119793,74.5983948209,16.6755734273,11061463.7068,-9.84715450847,8.15938320808,-0.393521554102,0.13299777432,-1015.83233358,597.237178063,-260.216309112,0.91717889187,-0.224241606725,-0.349661727002,-310.220744458,-483.729682655
327.5,0.267857142857,1764,-13.0239709357,79.3879228676,16.6397288438,11037686.7997,-10.0035112911,8.15938320808,-0.39305976629,0.137085151861,-1009.11045308,415.048349059,-509.379791308,0.916302576977,-0.227144750795,-0.348846070528,-312.887547935,-480.528787182
328,0.267857142857,1764,-16.4395656946,86.5386881429,16.6073842007,11016231.5198,-10.1364642601,8.15938320808,-0.393777656775,0.140560722094,-1006.34342317,136.474031832,-648.185978178,0.918146545313,-0.229881344255,-0.349245940755,-315.427300316,-479.211153892
328.5,0.267857142857,1764,-16.1972795263,94.4596116365,16.577839162,10996633.3108,-10.3436161808,8.15938320808,-0.394336167674,0.145975953173,-1003.07475481,-178.359469738,-647.800396762,0.919714820092,-0.234013111337,-0.34935348254,-319.955160723,-477.654645146
329,0.267857142857,1764,-12.3510222462,101.388250501,16.5508682368,10978742.5971,-10.6249019474,8.15938320808,-0.3952284354,0.153329143136,-1000.76231441,-464.935598606,-504.241623501,0.922158165736,-0.23965755699,-0.349684997764,-326.60721579,-476.553483051
329.5,0.267857142857,1764,-5.75660424556,105.7829499,16.5439474505,10974151.8088,-10.7041295115,8.15938320808,-0.396605534176,0.155400258703,-1003.36037507,-648.774041447,-236.631011627,0.925473704709,-0.241503764477,-0.350886195065,-328.848052127,-477.790654796
330,0.267857142857,1764,2.1186853588,106.665868485,16.5448848116,10974773.5917,-10.8027630233,8.15938320808,-0.396950653656,0.157978671958,-1003.95889361,-690.777438262,87.8166082961,0.926406727083,-0.243489142534,-0.351055721644,-331.589050469,-478.075663622
330.5,0.267857142857,1764,9.5225574751,103.840552703,16.5520777287,10979544.8934,-10.9175363803,8.15938320808,-0.39738430145,0.160979002572,-1005.51447401,-579.635964412,398.80031557,0.927567569886,-0.24580672378,-0.35129414577,-335.036310666,-478.816416196
331,0.267857142857,1764,14.8076156267,97.9356486471,16.5705689457,10991810.734,-10.9794323035,8.15938320808,-0.39792806608,0.16259704563,-1009.01065088,-334.871415497,624.857201416,0.928917187303,-0.247125584003,-0.351729286175,-337.586937515,-480.481262324
331.5,0.267857142857,1764,16.7979094406,90.2650253274,16.6006918136,11011792.2363,-10.8904564977,8.15938320808,-0.398289130117,0.160271097855,-1014.09078521,-11.1498508042,706.70296283,0.929644414763,-0.245485703076,-0.352218434444,-336.567102152,-482.90037391
332,0.267857142857,1764,15.0505891532,82.5354326219,16.640830467,11038417.5431,-10.5938161148,8.15938320808,-0.39800615334,0.152516517474,-1019.65597403,308.115190627,621.243658354,0.928598881408,-0.239693014579,-0.352444953093,-330.21626039,-485.550463823
332.5,0.267857142857,1764,9.95444177204,76.4667413752,16.676273855,11061928.3238,-10.2583905911,8.15938320808,-0.39669554528,0.143748041114,-1022.19349637,545.145724615,400.984088414,0.925107501249,-0.232921240314,-0.351821759958,-322.255409271,-486.758807797
333,0.267857142857,1764,2.64338413258,73.4092640209,16.6867773886,11068895.6677,-10.0200903071,8.15938320808,-0.395131278448,0.137518549738,-1020.56648703,654.895074408,104.343728354,0.921153015372,-0.227959675108,-0.350819704769,-315.788317159,-485.984041445
333.5,0.267857142857,1764,-5.25583894758,74.0433036954,16.6689640114,11057079.4609,-9.93174952592,8.15938320808,-0.393974111084,0.135209202367,-1015.71870163,623.066198617,-205.226415989,0.918342097625,-0.225980463982,-0.349899926418,-312.378545896,-483.675572205
334,0.267857142857,1764,-11.9856130654,78.2277835797,16.6340579205,11033925.0872,-10.0347098303,8.15938320808,-0.393470553567,0.137900723827,-1009.37046371,461.526790633,-469.892952555,0.917300159404,-0.227844821095,-0.34917391606,-313.637992477,-480.652601767
334.5,0.267857142857,1764,-16.0485317293,85.0316371576,16.5985949658,11010401.3273,-10.1867578672,8.15938320808,-0.393907818992,0.141875464932,-1005.32935373,196.540017879,-634.852729778,0.918514540474,-0.230882987314,-0.349263601856,-316.466448389,-478.728263683
335,0.267857142857,1764,-16.5405763681,92.9409749082,16.5671085214,10989515.3192,-10.4191406085,8.15938320808,-0.394548908607,0.147950263747,-1001.93904638,-118.2278022,-664.934605759,0.9203080794,-0.235522154179,-0.349410126809,-321.601661737,-477.113831611
335.5,0.267857142857,1764,-13.3522647283,100.195931866,16.5375890823,10969934.0912,-10.7186625758,8.15938320808,-0.395558293749,0.155780172637,-999.603642633,-418.866739082,-548.534421311,0.923048729463,-0.241546895354,-0.349841282992,-328.654011869,-476.001734587
336,0.267857142857,1764,-7.19301119182,105.182245881,16.5290479121,10964268.4483,-10.7840263704,8.15938320808,-0.397034362399,0.157488870537,-1002.35920907,-627.193322981,-297.150278488,0.926577822996,-0.243145720646,-0.351168318332,-330.487769935,-477.31390908
336.5,0.267857142857,1764,0.566721270714,106.790438559,16.5300621448,10964941.2227,-10.8608354444,8.15938320808,-0.397321346573,0.159496763504,-1002.92217076,-698.136863232,23.5639473546,0.927347120382,-0.244695768831,-0.351322431289,-332.635439286,-477.581986078
337,0.267857142857,1764,8.20035557678,104.662679442,16.536014271,10968889.4664,-10.9669531908,8.15938320808,-0.397649457623,0.162270824762,-1004.08489086,-615.406540264,344.176688473,0.928250614173,-0.246822071239,-0.351476566596,-335.767575199,-478.135662314
337.5,0.267857142857,1764,14.0093720786,99.2724049719,16.5502298953,10978319.1639,-11.0842982835,8.15938320808,-0.398118428921,0.165338384024,-1006.62627469,-393.592224444,594.665562619,0.929497832035,-0.249197085832,-0.351761107984,-339.581565417,-479.345845089
338,0.267857142857,1764,16.7012371981,91.8189766495,16.5801658135,10998176.6563,-10.9873762228,8.15938320808,-0.398762495978,0.162804710412,-1012.48180851,-76.9523158651,706.55051044,0.930875405449,-0.24746497137,-0.352530835355,-338.44223733,-482.134194528
338.5,0.267857142857,1764,15.6769982464,83.9608174409,16.6220107418,11025933.7921,-10.7019892175,8.15938320808,-0.398434039231,0.155344308525,-1018.00199153,250.983447511,651.523120551,0.929737715995,-0.241878188275,-0.352670497554,-332.473403549,-484.762853108
339,0.267857142857,1764,11.1645532224,77.4464048438,16.6596740251,11050917.1033,-10.3931490497,8.15938320808,-0.397167100314,0.147270809286,-1020.69857827,510.543597308,454.052492021,0.92638152823,-0.235628933878,-0.352007673721,-325.352915054,-486.046942035
339.5,0.267857142857,1764,4.16794243317,73.7252263956,16.6776386051,11062833.6081,-10.0995910433,8.15938320808,-0.395769060363,0.139596806391,-1020.73228526,646.45798447,165.556813891,0.922742266097,-0.229642958087,-0.351261340452,-317.771786046,-486.062992979
340,0.267857142857,1764,-3.75605521134,73.6252618571,16.6632793215,11053308.6166,-10.006884834,8.15938320808,-0.394335054489,0.137173340829,-1015.53859422,643.292108089,-147.5590421,0.919279863721,-0.227514883819,-0.350076617719,-314.285139695,-483.589806773
340.5,0.267857142857,1764,-10.8443128506,77.1687538096,16.6298073292,11031105.5283,-10.0581338352,8.15938320808,-0.39383779395,0.138513058961,-1009.73254723,503.979126724,-425.937375007,0.918186336498,-0.228384264827,-0.349477757555,-314.219909273,-480.82502249
341,0.267857142857,1764,-15.5196597183,83.5672585761,16.5910217773,11005377.779,-10.2338925177,8.15938320808,-0.394000376239,0.143107628379,-1004.38282743,255.262400161,-615.847168151,0.918790840562,-0.231814922507,-0.349253391508,-317.453954186,-478.277536873
341.5,0.267857142857,1764,-16.7418090785,91.3970786583,16.558462845,10983780.3539,-10.4725889829,8.15938320808,-0.394757789325,0.149347476465,-1001.17888917,-56.361897099,-675.409444497,0.920864058477,-0.236603742788,-0.349509727844,-322.74143915,-476.751851987
342,0.267857142857,1764,-14.2388269327,98.9160421478,16.5286095574,10963977.6731,-10.7365007991,8.15938320808,-0.39581845369,0.156246487895,-999.154327439,-366.501297997,-585.298775651,0.923678847316,-0.241951135483,-0.350064081704,-328.846626717,-475.787774971
342.5,0.267857142857,1764,-8.56763861694,104.451144194,16.5158380132,10955505.8821,-10.8537509675,8.15938320808,-0.397085640771,0.159311565706,-1000.57478815,-599.370901498,-355.348560117,0.926787806248,-0.244505759058,-0.351104136777,-331.805367621,-476.464184832
343,0.267857142857,1764,-0.990110287727,106.770798479,16.5172457754,10956439.6977,-10.8976338615,8.15938320808,-0.397652300081,0.160458723841,-1002.12025097,-698.475681527,-41.2364359919,0.928167305244,-0.245481737996,-0.351586504473,-333.186607618,-477.200119512
343.5,0.267857142857,1764,6.80772225175,105.358870979,16.5222785365,10959778.0959,-10.9840448028,8.15938320808,-0.397825289033,0.162717622591,-1002.8326651,-644.520264315,285.679523654,0.928683254444,-0.247191940965,-0.351622140397,-335.712313857,-477.539364332
344,0.267857142857,1764,13.0908044721,100.529522224,16.5333381608,10967114.3133,-11.1492533303,8.15938320808,-0.398168251933,0.167036396703,-1004.45167112,-448.31257243,557.363582411,0.929698589463,-0.250465583306,-0.351718788594,-340.613800229,-478.310319581
344.5,0.267857142857,1764,16.4611209363,93.3573050979,16.5635969974,10987186.0083,-11.0431417184,8.15938320808,-0.399057685402,0.164262495808,-1011.04826105,-142.403128814,698.213315973,0.931637128989,-0.248608694452,-0.352736333329,-339.327227435,-481.451552883
345,0.267857142857,1764,16.1687603304,85.4380717476,16.6036839424,11013777.0151,-10.8172260037,8.15938320808,-0.398650416558,0.158356753807,-1015.80865887,190.95052758,676.782523662,0.930392454724,-0.244152062995,-0.352687944553,-334.859326174,-483.718408987
345.5,0.267857142857,1764,12.2787742683,78.5338889563,16.6424316505,11039479.6615,-10.5355229575,8.15938320808,-0.39766943587,0.150992655586,-1019.21304318,471.004267146,504.386801564,0.927737713862,-0.238491022859,-0.352224068289,-328.623551857,-485.33954437
346,0.267857142857,1764,5.65670300165,74.1809699681,16.667250484,11055942.821,-10.2028481353,8.15938320808,-0.39643175264,0.142296086279,-1020.68177168,633.437331581,226.509896478,0.924420621545,-0.231788978601,-0.351681930258,-320.341932623,-486.038938897
346.5,0.267857142857,1764,-2.22401137065,73.3478597945,16.6593678663,11050714.018,-10.0552271073,8.15938320808,-0.394830885065,0.138437073165,-1016.14088961,656.900793565,-87.7337577182,0.920497875562,-0.22856492904,-0.350448746953,-315.587443036,-483.876614099
347,0.267857142857,1764,-9.60987272033,76.2199293798,16.6269833586,11029232.2946,-10.0845571871,8.15938320808,-0.394067838905,0.139203801078,-1009.86452163,542.39997597,-378.256024677,0.918756553682,-0.22894870746,-0.349642173151,-314.889518881,-480.887867442
347.5,0.267857142857,1764,-14.8574920513,82.1581296909,16.5861382445,11002138.3689,-10.2722516021,8.15938320808,-0.394112920965,0.144110386667,-1003.87549658,312.025301689,-591.174459276,0.919102525389,-0.232582211873,-0.349282568613,-318.317227286,-478.03595075
348,0.267857142857,1764,-16.7992493048,89.841183143,16.5516501638,10979261.2753,-10.5064379216,8.15938320808,-0.394933068114,0.150232333454,-1000.65893701,6.42062858677,-679.158008666,0.921316502762,-0.237298643729,-0.349615840587,-323.423027466,-476.504255718
348.5,0.267857142857,1764,-15.0030943309,97.5595740951,16.5224090485,10959864.6688,-10.7313696822,8.15938320808,-0.395992268799,0.156112353566,-998.91262914,-310.43264957,-616.099566762,0.924077834565,-0.241891287265,-0.350242129148,-328.51866591,-475.672680543
349,0.267857142857,1764,-9.86868008525,103.595924146,16.5053985589,10948581.0441,-10.9010391529,8.15938320808,-0.397033518723,0.16054774276,-998.951551804,-565.267890068,-410.302963577,0.926727407872,-0.245408981816,-0.350978096666,-332.610205242,-475.691215145
349.5,0.267857142857,1764,-2.53843796124,106.60711693,16.5052969263,10948513.6278,-10.9422874634,8.15938320808,-0.397865660879,0.161626029325,-1001.0650901,-693.222442801,-105.960725865,0.928723283143,-0.246393127192,-0.351725012381,-333.939934661,-476.697661951
350,0.267857142857,1764,5.35661858523,105.923147846,16.5104605832,10951938.8535,-11.0170697498,8.15938320808,-0.398031720033,0.163580939325,-1001.83148758,-669.092766994,225.085817549,0.929208046992,-0.247876829187,-0.351774148304,-336.161052303,-477.062613131
350.5,0.267857142857,1764,12.0598022245,101.696203243,16.5206526209,10958699.5718,-11.1581261726,8.15938320808,-0.398329398187,0.167268344788,-1003.32449194,-497.633490255,513.103384748,0.930086395701,-0.250672791299,-0.35186383777,-340.372669598,-477.773567592
351,0.267857142857,1764,16.0796229719,94.8667982371,16.5483805835,10977092.4537,-11.0996530614,8.15938320808,-0.39907070137,0.165739778664,-1008.99632568,-206.958688244,683.779666968,0.931741131547,-0.249704415618,-0.352668121247,-340.196865641,-480.474440802
351.5,0.267857142857,1764,16.5216517461,86.9545076621,16.5857134972,11001856.6198,-10.9391764547,8.15938320808,-0.398866529542,0.161544703354,-1013.66110459,128.453341945,696.853298515,0.931055525252,-0.246556513557,-0.352705380159,-337.4254871,-482.69576409
352,0.267857142857,1764,13.2875350593,79.7198535007,16.6254852261,11028238.5333,-10.672032183,8.15938320808,-0.398208056603,0.15456119117,-1017.94227386,426.300409416,551.011761975,0.929171492212,-0.241248537515,-0.352502427377,-331.746563686,-484.734416125
352.5,0.267857142857,1764,7.09687913264,74.772580436,16.6575636536,11049517.2236,-10.2869987188,8.15938320808,-0.397074738192,0.144495896223,-1020.79840334,613.696364311,286.018842744,0.926028789867,-0.233561456682,-0.352131307452,-322.41647338,-486.094477781
353,0.267857142857,1764,-0.672865883406,73.2134800658,16.6548775864,11047735.4656,-10.1190942556,8.15938320808,-0.395221381662,0.140106646711,-1016.28211338,665.678103859,-26.6828435656,0.921490437547,-0.229888694179,-0.350686471458,-317.244125151,-483.943863516
353.5,0.267857142857,1764,-8.29289506589,75.3894595779,16.6255969047,11028312.6134,-10.1135445135,8.15938320808,-0.39437500777,0.139961568953,-1010.37269138,576.579845087,-327.264838553,0.91950992338,-0.229580810974,-0.349876462155,-315.706238608,-481.129853039
354,0.267857142857,1764,-14.0677159712,80.816353265,16.5827284805,10999876.5587,-10.3101691069,8.15938320808,-0.394238664388,0.145101601472,-1003.58947334,366.460455041,-561.352341279,0.919444458608,-0.23334412413,-0.349326665146,-319.228703468,-477.899749209
354.5,0.267857142857,1764,-16.7124037029,88.2866516781,16.5467600296,10976017.4863,-10.5096321043,8.15938320808,-0.395123006,0.150315833705,-1000.57914734,69.2569116896,-675.548254002,0.921763711184,-0.237404213575,-0.349794624186,-323.375747026,-476.466260639
355,0.267857142857,1764,-15.6385027633,96.1381781762,16.5177013757,10956741.9125,-10.7243163545,8.15938320808,-0.396012305344,0.155927970051,-998.43352707,-251.782269758,-641.476608908,0.924115482371,-0.241759380976,-0.350273720879,-328.152442018,-475.4445367
355.5,0.267857142857,1764,-11.084961178,102.623931071,16.4961284953,10942431.9019,-10.9523030563,8.15938320808,-0.396969499227,0.161887850454,-997.426039652,-526.355742853,-462.18827896,0.926644379528,-0.246386887523,-0.350836088648,-333.5605937,-474.964780787
356,0.267857142857,1764,-4.06496343294,106.300799744,16.4940451901,10941049.9761,-10.9999496202,8.15938320808,-0.398091655622,0.163133396007,-1000.07869646,-682.723634581,-170.252174923,0.929325723837,-0.247558913027,-0.351858005095,-335.06264493,-476.227950695
356.5,0.267857142857,1764,3.85950785404,106.350663568,16.5002634058,10945174.7258,-11.0478491891,8.15938320808,-0.398304716866,0.164385555451,-1001.22323607,-688.024901303,162.405488881,0.92988537426,-0.248532919553,-0.351995236072,-336.634607361,-476.772969558
357,0.267857142857,1764,10.9252204347,102.762427608,16.5101960627,10951763.3882,-11.1575457533,8.15938320808,-0.398484460527,0.167253171843,-1002.48787744,-542.359915943,464.284838166,0.930447706135,-0.250695612727,-0.352015906647,-339.97288453,-477.375179731
357.5,0.267857142857,1764,15.5600199246,96.3344912933,16.5343600106,10967792.1403,-11.1574281678,8.15938320808,-0.399035550165,0.167250098,-1006.96049763,-270.110868999,663.4992944,0.93173432856,-0.25081438411,-0.352553698464,-341.130305804,-479.50499887
358,0.267857142857,1764,16.7326415708,88.4971007802,16.5689354777,10990727.2002,-11.0532065177,8.15938320808,-0.399093113588,0.16452560326,-1011.75732886,63.8398718834,710.766018174,0.931732950356,-0.248811148689,-0.352756289426,-339.8225033,-481.789204218
358.5,0.267857142857,1764,14.1821715245,80.9941124341,16.6115788403,11019013.9641,-10.7564835846,8.15938320808,-0.398734879527,0.156768864905,-1017.30203403,375.538723332,591.385862794,0.930510581273,-0.242998326818,-0.352870789835,-333.593970019,-484.429540016
359,0.267857142857,1764,8.47610140403,75.4949765602,16.6475946549,11042904.4544,-10.3698907466,8.15938320808,-0.397455031147,0.146662805819,-1020.16292078,588.098129808,343.658829954,0.927023002035,-0.235247642288,-0.35233368728,-324.355562609,-485.79186704
359.5,0.267857142857,1764,0.884058731794,73.2232768349,16.6510671606,11045207.8832,-10.168636265,8.15938320808,-0.395613287602,0.141401741769,-1016.60853254,668.015908437,35.2014687862,0.922468009868,-0.230936417181,-0.350959680194,-318.544164728,-484.099301208
360,0.267857142857,1764,-6.90469117916,74.6844771646,16.6259080934,11028519.0353,-10.1189274717,8.15938320808,-0.394622687566,0.140102286754,-1011.07121324,604.851470968,-272.684952462,0.920094319841,-0.229743411157,-0.350105243214,-315.941663877,-481.462482497
360.5,0.267857142857,1764,-13.1571147271,79.5534535823,16.5823773431,10999643.6376,-10.3112281702,8.15938320808,-0.394265307564,0.145129286818,-1003.61516374,416.884716768,-525.053910373,0.919507955996,-0.233370819005,-0.349350402143,-319.251702983,-477.911982731
361,0.267857142857,1764,-16.4820181744,86.7468358636,16.5454214674,10975129.5734,-10.4833660556,8.15938320808,-0.395142859459,0.149629203705,-1000.61499761,131.199387119,-664.716132459,0.921776201576,-0.236901092301,-0.34986375984,-322.638223268,-476.483332197
361.5,0.267857142857,1764,-16.1395948174,94.6640625134,16.5143916751,10954546.4778,-10.7181823846,8.15938320808,-0.395883027092,0.15576761979,-997.704741349,-191.12168569,-661.360468261,0.923805885839,-0.241611357334,-0.35015835635,-327.820109856,-475.09749588
362,0.267857142857,1764,-12.2060354686,101.543513249,16.4878929149,10936968.9669,-11.0082112965,8.15938320808,-0.396907542141,0.163349367388,-996.018855257,-482.91288129,-510.628924657,0.926572170042,-0.247455647517,-0.350691196562,-334.673072821,-474.294692979
362.5,0.267857142857,1764,-5.55657564125,105.854477826,16.4847839711,10934906.7008,-11.0462204741,8.15938320808,-0.398347177731,0.164342978642,-999.469833348,-665.835356133,-233.35770257,0.92998238605,-0.248510813621,-0.352039009414,-335.973401801,-475.93801588
363,0.267857142857,1764,2.32924848166,106.637746287,16.4921562628,10939796.9877,-11.061092828,8.15938320808,-0.398530017284,0.164731762065,-1000.80946711,-700.278801443,98.0375170329,0.930428590305,-0.248839031382,-0.352195775912,-336.71810562,-476.575936718
363.5,0.267857142857,1764,9.69680382825,103.719037704,16.5011353035,10945753.0847,-11.166099248,8.15938320808,-0.398546257352,0.16747677175,-1001.5261926,-582.789053427,411.92328838,0.930603130171,-0.250874769973,-0.352064536862,-339.842525992,-476.917234573
364,0.267857142857,1764,14.9067745745,97.7477785064,16.5212751329,10959112.5048,-11.2244959449,8.15938320808,-0.399041057244,0.169003340304,-1005.12674895,-331.56120479,637.92584331,0.931834577243,-0.252113607632,-0.35246932242,-342.354861607,-478.631785214
364.5,0.267857142857,1764,16.7999176494,90.0526020381,16.5531997464,10980289.1651,-11.1567681402,8.15938320808,-0.399371838813,0.167232843987,-1010.19828583,-2.24868075368,718.178473965,0.932518690371,-0.250875482918,-0.352882674293,-341.991425889,-481.046802778
365,0.267857142857,1764,14.9549997869,82.3457213682,16.5994172276,11010946.7609,-10.8210880217,8.15938320808,-0.3992193165,0.158457712174,-1016.86408937,320.489672792,626.175661863,0.931725214221,-0.244354866107,-0.353235910722,-334.965253512,-484.22099494
365.5,0.267857142857,1764,9.78252391578,76.341953806,16.6372827607,11036064.2313,-10.4594657662,8.15938320808,-0.397731167605,0.149004417849,-1019.17090718,557.282316264,399.151350732,0.927783143599,-0.237038446014,-0.352427543382,-326.41993348,-485.319479611
366,0.267857142857,1764,2.43339032042,73.3771659592,16.6475368351,11042866.1006,-10.2132291505,8.15938320808,-0.396041563371,0.142567460042,-1017.10716866,664.359728525,97.2545673442,0.923524145519,-0.231897017392,-0.351280762219,-319.733555371,-484.336746979
366.5,0.267857142857,1764,-5.45718410171,74.1110371113,16.6266398544,11029004.4368,-10.1376901033,8.15938320808,-0.394837943864,0.140592767292,-1011.64573434,628.681150706,-215.92528126,0.920620325707,-0.230156270298,-0.350273349503,-316.537286975,-481.73606397
367,0.267857142857,1764,-12.1335093148,78.3802774685,16.5856926703,11001842.8046,-10.2694158029,8.15938320808,-0.394383236538,0.144036255046,-1004.59365458,462.33714961,-482.780212366,0.919729280142,-0.232590894022,-0.349551220922,-318.312006751,-478.377930752
367.5,0.267857142857,1764,-16.1100714607,85.2349609097,16.5456814031,10975301.9974,-10.4591646165,8.15938320808,-0.394944812289,0.14899654539,-1000.22804152,191.7623948,-648.327500611,0.921283055457,-0.236387530626,-0.349717472622,-321.948913607,-476.299067391
368,0.267857142857,1764,-16.5020667009,93.1498880295,16.5122782929,10953144.601,-10.7166434547,8.15938320808,-0.395761621298,0.155727390083,-997.120153027,-129.010916021,-675.880133326,0.923520595353,-0.241554006833,-0.350042772668,-327.658417858,-474.819120489
368.5,0.267857142857,1764,-13.2222742452,100.363950202,16.4816728181,10932842.9693,-11.0524436466,8.15938320808,-0.396875237964,0.164505660778,-994.99328919,-434.727323596,-554.622878587,0.926554053173,-0.248305274306,-0.350594577381,-335.568824729,-473.806328186
369,0.267857142857,1764,-7.00046338854,105.271984558,16.4776076999,10930146.441,-11.0822510325,8.15938320808,-0.398549511318,0.165284866117,-999.012410862,-642.727321396,-294.617183844,0.930501628237,-0.249252698772,-0.352184457485,-336.683065097,-475.720195649
369.5,0.267857142857,1764,0.778983599499,106.781930299,16.4848802471,10934970.5639,-11.0847504543,8.15938320808,-0.398697925819,0.165350204379,-1000.29530484,-707.127674703,32.8234506722,0.930851387572,-0.249333842603,-0.352325646347,-337.090030582,-476.331097544
370,0.267857142857,1764,8.38510306149,104.557817372,16.4954240635,10941964.6288,-11.1517868574,8.15938320808,-0.398673114317,0.167102626524,-1001.24038366,-617.378834315,355.601737629,0.930880710133,-0.250625583906,-0.352207831489,-339.269998254,-476.781135078
370.5,0.267857142857,1764,14.1254975322,99.0945213984,16.5088480136,10950869.1824,-11.2979057976,8.15938320808,-0.39892826283,0.170922373033,-1003.03351305,-390.762088309,606.926815858,0.931666826819,-0.253510490823,-0.352265024563,-343.73405367,-477.635006214
371,0.267857142857,1764,16.7229021594,91.6076515063,16.5413108898,10972402.8902,-11.2071570334,8.15938320808,-0.399711640278,0.168550077731,-1009.50194666,-68.9137086181,716.845163363,0.933377880214,-0.251924708118,-0.353146521315,-342.92859291,-480.715212693
371.5,0.267857142857,1764,15.5993821592,83.7630715693,16.5870976579,11002774.7798,-10.8941548779,8.15938320808,-0.399431495617,0.16036777851,-1015.61398495,262.313059859,656.079625019,0.932315623347,-0.245813228957,-0.353325912643,-336.464415486,-483.625707119
372,0.267857142857,1764,11.0049260323,77.3062376333,16.6265648626,11028954.6922,-10.5526693515,8.15938320808,-0.398047670835,0.151440885492,-1018.24209059,521.351541327,451.988542356,0.928642358184,-0.238908795125,-0.352560459592,-328.571798504,-484.877185994
372.5,0.267857142857,1764,3.96182194314,73.6738257117,16.6430515557,11039890.8653,-10.2715725015,8.15938320808,-0.396480350594,0.144092634061,-1017.44039432,655.604351792,159.093469241,0.924622681725,-0.233124750376,-0.351585276086,-321.253143678,-484.495425867
373,0.267857142857,1764,-3.96280621987,73.6740645945,16.6275911611,11029635.4702,-10.1618615137,8.15938320808,-0.395119750493,0.141224640617,-1012.40098704,647.540433133,-157.177962077,0.921308493011,-0.2306890839,-0.350494740212,-317.306380088,-482.095708113
373.5,0.267857142857,1764,-11.0056913029,77.3069011291,16.5902416072,11004860.2661,-10.2296339946,8.15938320808,-0.394527417599,0.142996304831,-1005.78711138,503.727833024,-436.762770645,0.92001440545,-0.231856761484,-0.349774596829,-317.481389311,-478.946243516
374,0.267857142857,1764,-15.5997581472,83.7640120472,16.5468943125,10976106.5606,-10.4464105367,8.15938320808,-0.394750692279,0.148663136512,-999.904996542,250.685999579,-627.108486084,0.920813827923,-0.236096053898,-0.34955327283,-321.599081301,-476.145236449
374.5,0.267857142857,1764,-16.7228052058,91.6086597055,16.5117020619,10952762.3677,-10.713529745,8.15938320808,-0.395698909396,0.155645993507,-996.891890096,-65.8614458408,-684.661973933,0.923370237552,-0.241479513182,-0.349987066768,-327.534508957,-474.710423855
375,0.267857142857,1764,-14.1249492096,99.0953729899,16.4821057483,10933130.1464,-11.0070194086,8.15938320808,-0.396884740738,0.163318209827,-995.261726782,-380.186740828,-590.423109679,0.926517396801,-0.247427497356,-0.350670741072,-334.400131804,-473.934155611
375.5,0.267857142857,1764,-8.38422537427,104.558322873,16.4739771154,10927738.1532,-11.0835850723,8.15938320808,-0.398320373865,0.16531973972,-997.933199068,-612.361680544,-352.662761023,0.92996839098,-0.249227892217,-0.35195908046,-336.501222504,-475.20628527
376,0.267857142857,1764,-0.777971837211,106.781977232,16.4788674915,10930982.1027,-11.101615473,8.15938320808,-0.398695227651,0.165791078752,-999.490515837,-707.53694,-32.7996996714,0.930867038287,-0.24965954246,-0.35229913313,-337.284185391,-475.947864684
376.5,0.267857142857,1764,7.00138410402,105.271562482,16.4874424378,10936670.1504,-11.1791914829,8.15938320808,-0.398742560702,0.167819020461,-1000.35829608,-648.430053661,297.27854473,0.931078542971,-0.251171280334,-0.352238330224,-339.679743677,-476.361093373
377,0.267857142857,1764,13.2228990503,100.363153029,16.4989525924,10944305.2196,-11.3401410852,8.15938320808,-0.399042211845,0.172026460513,-1001.99907305,-446.216027693,569.350802039,0.931987998924,-0.254353317841,-0.352323969741,-344.463524904,-477.142415737
377.5,0.267857142857,1764,16.5022565736,93.1488931355,16.5315161984,10965905.7449,-11.23457707,8.15938320808,-0.399907811036,0.169266874536,-1008.75063982,-135.127689499,708.157344936,0.933871773188,-0.252498008293,-0.353301978413,-343.302065037,-480.357447533
378,0.267857142857,1764,16.1097841534,85.233989663,16.5745784376,10994470.3636,-10.974989732,8.15938320808,-0.399523920903,0.162480910807,-1013.98343313,201.434660215,680.877435767,0.93263673413,-0.247395126307,-0.353291750866,-338.118713093,-482.849253873
378.5,0.267857142857,1764,12.1328087547,78.3795459761,16.6147753066,11021134.2867,-10.6578599353,8.15938320808,-0.398396260176,0.154190709467,-1017.23131983,480.800076766,501.998920923,0.929592233413,-0.241017950297,-0.352710508268,-331.002610243,-484.395866586
379,0.267857142857,1764,5.45622616677,74.1107081336,16.6395322847,11037556.4155,-10.3134973825,8.15938320808,-0.396988480322,0.145188607093,-1018.19051768,640.32725217,219.882065101,0.925861890495,-0.234051870171,-0.351993334038,-322.394355923,-484.852627468
379.5,0.267857142857,1764,-2.43439248517,73.3773126954,16.6306790966,11031683.8008,-10.158257571,8.15938320808,-0.395333802848,0.141130428686,-1013.40049019,659.501635591,-96.5840117313,0.921802964143,-0.230670244777,-0.350710495636,-317.39832363,-482.571661993
380,0.267857142857,1764,-9.78334732394,76.3425436065,16.5951880966,11008141.4374,-10.2057836711,8.15938320808,-0.394522327371,0.142372825151,-1006.51799582,541.242274645,-387.712104415,0.919971893561,-0.23139524562,-0.34982013727,-317.038405426,-479.294283722
380.5,0.267857142857,1764,-14.9554612263,82.3466229998,16.5498674574,10978078.7467,-10.4366245154,8.15938320808,-0.394635483313,0.148407316696,-999.998025448,307.494048285,-600.874008467,0.920532502037,-0.235880190139,-0.349460201223,-321.420516224,-476.189535928
381,0.267857142857,1764,-16.7999144475,90.0536148834,16.5132070649,10953760.6864,-10.7004625031,8.15938320808,-0.395656693027,0.155304398149,-997.020908063,-2.19310475559,-687.196725291,0.923254865444,-0.241217082089,-0.349968561631,-327.238202283,-474.771860982
381.5,0.267857142857,1764,-14.9063074439,97.7486772025,16.484763702,10934893.2557,-10.9464878064,8.15938320808,-0.39685242081,0.161735831966,-995.753526379,-322.455019231,-620.314090766,0.926363553162,-0.246248175642,-0.350730892905,-332.913616924,-474.168345895
382,0.267857142857,1764,-9.69597670759,103.719622287,16.4696487124,10924866.9792,-11.1142634679,8.15938320808,-0.397998772469,0.166121714427,-996.39705541,-577.9906121,-408.479431508,0.929257399795,-0.249750783514,-0.351602037857,-337.030043555,-474.474788291
382.5,0.267857142857,1764,-2.32824540922,106.637886684,16.4731823397,10927210.952,-11.1268425523,8.15938320808,-0.398835281934,0.166450548689,-999.08821742,-702.435254882,-98.2962372867,0.931226881798,-0.250178525785,-0.352400443403,-337.752152406,-475.756294009
383,0.267857142857,1764,5.55753147712,105.854142799,16.4820231224,10933075.3379,-11.1848317242,8.15938320808,-0.398866113548,0.167966463988,-1000.02136293,-673.088897547,235.945442306,0.931374389284,-0.251307543621,-0.352351285056,-339.640638334,-476.200649013
383.5,0.267857142857,1764,12.2067313899,101.542777342,16.4933797581,10940608.5729,-11.3209585895,8.15938320808,-0.399081214982,0.171525004159,-1001.49750349,-495.963468505,524.491867055,0.932054085965,-0.253990196954,-0.35238561698,-343.739433793,-476.903573093
384,0.267857142857,1764,16.1398759784,94.6630894696,16.5227926816,10960119.1454,-11.2548497812,8.15938320808,-0.399800434844,0.169796830595,-1007.31266157,-200.186850566,692.88632819,0.93364749616,-0.252866788868,-0.353170976256,-343.440719925,-479.672695988
384.5,0.267857142857,1764,16.4818220154,86.74584219,16.5617934236,10985989.6377,-11.0642658953,8.15938320808,-0.399575712998,0.164814710332,-1012.18829858,138.288333174,700.409699609,0.932874063663,-0.249131766254,-0.353210988225,-339.967122059,-481.994427897
385,0.267857142857,1764,13.1564848945,79.5526603759,16.6026582712,11013096.6532,-10.7639434629,8.15938320808,-0.398786335791,0.156963876201,-1016.31805433,435.457172865,548.377474372,0.930640364944,-0.243153978262,-0.352908405824,-333.449232844,-483.960978254
385.5,0.267857142857,1764,6.90376781355,74.6840609176,16.6350857186,11034606.86,-10.3657214805,8.15938320808,-0.397494986734,0.14655381557,-1018.76669698,619.856177947,279.404554126,0.927110795234,-0.235176606561,-0.352380829591,-323.770511027,-485.126998561
386,0.267857142857,1764,-0.885070177129,73.2233301641,16.6318956982,11032490.8131,-10.1867372644,8.15938320808,-0.395582203522,0.141874926348,-1014.06947853,667.46218756,-35.2126424583,0.922418845008,-0.231277990965,-0.350890674377,-318.281134023,-482.890227872
386.5,0.267857142857,1764,-8.47697587773,75.4954875998,16.6012360766,11012153.2641,-10.1860675899,8.15938320808,-0.394677259958,0.14185742015,-1007.80638666,574.375136966,-335.68616762,0.920307836375,-0.231051370871,-0.350012758622,-316.798039737,-479.907803171
387,0.267857142857,1764,-14.182714452,80.9949674752,16.5538283888,10980706.1646,-10.4348380723,8.15938320808,-0.394536766459,0.14836061666,-1000.21178994,361.88535237,-569.960919401,0.920299937039,-0.235822763263,-0.34936765304,-321.496097988,-476.291328544
387.5,0.267857142857,1764,-16.7327321482,88.4981095723,16.5165148641,10955954.8598,-10.6597657464,8.15938320808,-0.39567016801,0.154240529946,-997.660873619,61.2592943442,-682.496768696,0.923233803775,-0.240432857126,-0.350052944774,-326.304999161,-475.076606485
388,0.267857142857,1764,-15.5596379981,96.3354293753,16.4879632445,10937015.6188,-10.8946213091,8.15938320808,-0.39667588354,0.160379971651,-995.881007421,-262.628498679,-645.008274164,0.925884335134,-0.245204636427,-0.35063966998,-331.63150672,-474.229051153
388.5,0.267857142857,1764,-10.9244509846,102.763086252,16.4677281124,10923592.9812,-11.1228829134,8.15938320808,-0.397732906417,0.166347038379,-995.395758742,-537.800733847,-460.325789566,0.928647841268,-0.249859123496,-0.351330642601,-337.097609913,-473.997980353
389,0.267857142857,1764,-3.85852208666,106.350896223,16.4672614478,10923283.4271,-11.1685995103,8.15938320808,-0.398855283045,0.167542131986,-998.263028212,-692.062883008,-163.314590403,0.931327959449,-0.250990992451,-0.352362632116,-338.605479995,-475.363346768
389.5,0.267857142857,1764,4.06594617969,106.300554643,16.4770252187,10929760.0617,-11.1948231292,8.15938320808,-0.399070164236,0.168227652813,-999.941727832,-692.276956541,172.678838752,0.931863878689,-0.251545633445,-0.352536995858,-339.756270487,-476.162727539
390,0.267857142857,1764,11.0857222383,102.62326275,16.4889092388,10937643.1284,-11.2943445892,8.15938320808,-0.399146193043,0.170829278234,-1001.22906874,-541.025183146,475.127153979,0.932171143499,-0.253488875953,-0.352482220106,-342.875019787,-476.775747019
390.5,0.267857142857,1764,15.6388727977,96.13723534,16.514212026,10954427.3106,-11.280864511,8.15938320808,-0.399652602068,0.170476890779,-1005.7610602,-263.688966884,671.93092375,0.933336221317,-0.253338019465,-0.35299351343,-343.723454979,-478.933838189
391,0.267857142857,1764,16.7123003769,88.285644112,16.5490199566,10977516.5712,-11.1568549365,8.15938320808,-0.39965437338,0.167235112959,-1010.47650822,73.2684815617,714.253604274,0.933178511546,-0.25093922383,-0.353158189925,-341.905584827,-481.179289631
391.5,0.267857142857,1764,14.0671622754,80.8155051573,16.5930480795,11006721.8927,-10.829419445,8.15938320808,-0.399215103661,0.158675506834,-1016.03318776,384.51720438,588.934503675,0.931726231558,-0.244514748759,-0.353218279679,-334.92725378,-483.825327505
392,0.267857142857,1764,8.29201420023,75.3889596365,16.6291333121,11030658.4304,-10.4349079969,8.15938320808,-0.397786825016,0.148362444584,-1018.46567495,594.425839778,337.346785842,0.927881142894,-0.236577921266,-0.352528949575,-325.46667451,-484.98365474
392.5,0.267857142857,1764,0.671853844607,73.21343953,16.6330277496,11033241.7406,-10.2151486404,8.15938320808,-0.395916346275,0.1426176381,-1014.97157481,669.75601939,26.8058580184,0.923234628169,-0.231904504271,-0.351155015405,-319.186778298,-483.319797528
393,0.267857142857,1764,-7.09779716118,74.7730083254,16.6066753589,11015761.3214,-10.1808172633,8.15938320808,-0.394823876656,0.14172016952,-1008.90979221,603.206265405,-281.17410252,0.920642967085,-0.230984715892,-0.350166476195,-316.914215648,-480.433234385
393.5,0.267857142857,1764,-13.2881548119,79.7206546077,16.5601471188,10984897.5888,-10.410796619,8.15938320808,-0.394523465173,0.14773214059,-1001.07322442,412.591535103,-533.358884569,0.920238005216,-0.235354970793,-0.349401756805,-321.103353847,-476.701535438
394,0.267857142857,1764,-16.5218353249,86.9555037367,16.5215281379,10959280.3315,-10.6151891445,8.15938320808,-0.395573326371,0.153075237348,-998.224600576,123.797710921,-671.82391323,0.922950349236,-0.239548602886,-0.3500382146,-325.30231661,-475.345047893
394.5,0.267857142857,1764,-16.0793295297,94.8677676479,16.4913695398,10939275.1281,-10.8533339202,8.15938320808,-0.396473819249,0.159300663525,-995.920259044,-201.176267761,-664.530383717,0.925359290936,-0.244360138024,-0.350508649956,-330.625916951,-474.247742402
395,0.267857142857,1764,-12.0590970536,101.696930292,16.4658201829,10922327.388,-11.1421332174,8.15938320808,-0.3975142958,0.166850267332,-994.485315873,-493.402221935,-508.679211756,0.928162400871,-0.250183903563,-0.351090645664,-337.457578785,-473.56443613
395.5,0.267857142857,1764,-5.3556585895,105.923470761,16.4632317453,10920610.3911,-11.1930693116,8.15938320808,-0.398938292659,0.168181805651,-997.910544033,-674.961982408,-227.01495126,0.931553662309,-0.251482804919,-0.352410669435,-339.102946861,-475.195497159
396,0.267857142857,1764,2.53943917823,106.60696386,16.4730198951,10927103.1971,-11.1961963406,8.15938320808,-0.399192184715,0.168263550415,-999.787984906,-705.096530103,107.819211749,0.93215059723,-0.251598931792,-0.352654221947,-339.663064739,-476.089516622
396.5,0.267857142857,1764,9.86949974799,103.595329151,16.4844592061,10934691.2734,-11.2791713597,8.15938320808,-0.399161551855,0.170432629517,-1000.78567136,-581.705544902,422.287880275,0.93218723056,-0.253198407977,-0.352516371083,-342.297292513,-476.56460541
397,0.267857142857,1764,15.0035500606,97.5586695642,16.5053750576,10948565.4549,-11.3199420871,8.15938320808,-0.399554750054,0.171498431412,-1004.27403671,-325.355481728,645.813025179,0.933158700322,-0.254073210443,-0.352849137738,-344.352115372,-478.225731769
397.5,0.267857142857,1764,16.7992396994,89.8401703383,16.5376555383,10969978.1737,-11.2308534931,8.15938320808,-0.399808761661,0.169169535204,-1009.2376923,6.86128076484,721.169643925,0.933635609586,-0.252404346415,-0.353210168954,-343.429658402,-480.589377288
398,0.267857142857,1764,14.8570192481,82.1572339662,16.5852061902,11001520.1062,-10.8705385939,8.15938320808,-0.399563579514,0.159750416939,-1015.85936297,329.204289242,623.631310785,0.932593135301,-0.245386901856,-0.353491892671,-335.804268875,-483.742553794
398.5,0.267857142857,1764,9.60904192023,76.219350038,16.6236202183,11027001.4115,-10.4940964442,8.15938320808,-0.397961225148,0.149909710561,-1017.95382777,563.068978313,392.619610215,0.928364708498,-0.23775933889,-0.352585528365,-326.87513571,-484.739917985
399,0.267857142857,1764,2.22300743061,73.347725742,16.6340689357,11033932.394,-10.2411421284,8.15938320808,-0.396201180094,0.143297142996,-1015.74090721,666.109209595,88.9227320898,0.923932368514,-0.232472609838,-0.351377193303,-320.008762419,-483.686146292
399.5,0.267857142857,1764,-5.65765670023,74.1813110321,16.6122914256,11019486.6456,-10.1810220129,8.15938320808,-0.394955252102,0.141725521951,-1009.95908752,627.16481697,-224.309564218,0.920949569219,-0.231019702168,-0.350293693842,-317.176634925,-480.932898821
400,0.267857142857,1764,-12.279465523,78.5346292485,16.5691318097,10990857.4337,-10.3503152017,8.15938320808,-0.394557831813,0.146151074628,-1002.60079602,458.423623159,-490.973837441,0.920240420405,-0.234194279485,-0.349555515929,-319.866584759,-477.428950484
400.5,0.267857142857,1764,-16.1690353337,85.4390465496,16.5276103501,10963314.8656,-10.5700096588,8.15938320808,-0.39529261097,0.151894184552,-998.414634877,184.870912608,-655.385842157,0.922237166249,-0.238610590886,-0.349847220233,-324.267133385,-475.435540418
401,0.267857142857,1764,-16.4609184988,93.3582975114,16.4947153773,10941494.5336,-10.8248759866,8.15938320808,-0.396261522559,0.158556734694,-995.867802673,-138.508731314,-678.909754054,0.924827009724,-0.243761567277,-0.350348013689,-329.949876905,-474.222763177
401.5,0.267857142857,1764,-13.090169637,100.530311433,16.4642552072,10921289.2874,-11.1645973626,8.15938320808,-0.39735846811,0.167437510439,-993.778364724,-444.819132844,-552.952108189,0.927827700809,-0.250584940098,-0.350907765484,-337.934265802,-473.227792726
402,0.267857142857,1764,-6.80679627291,105.35928138,16.4610494323,10919162.7901,-11.1995822597,8.15938320808,-0.399047422298,0.168352062915,-997.922841544,-651.262720497,-288.621098148,0.93181697566,-0.251632762873,-0.352508460862,-339.215203836,-475.201353116
402.5,0.267857142857,1764,0.991121375677,106.770738756,16.4690351468,10924459.9807,-11.2046292408,8.15938320808,-0.399220151255,0.168483997819,-999.349895373,-712.184575791,42.0888648239,0.93222689504,-0.251768248713,-0.352670293092,-339.72722903,-475.880902559
403,0.267857142857,1764,8.56850984217,104.450627636,16.4800228709,10931748.5044,-11.2773244674,8.15938320808,-0.399204882249,0.170384349256,-1000.3737299,-617.904321727,366.386803084,0.932286014678,-0.253172076828,-0.352561007483,-342.077499899,-476.36844281
403.5,0.267857142857,1764,14.2393644434,98.9151836912,16.4962834393,10942534.6814,-11.3708800113,8.15938320808,-0.399517031698,0.17283001757,-1002.88728051,-384.798482491,614.601562826,0.933137089634,-0.255051414546,-0.352750406843,-345.297188097,-477.565371671
404,0.267857142857,1764,16.7418932762,91.3960693138,16.5292752157,10964419.2264,-11.2610408968,8.15938320808,-0.40004684492,0.169958674722,-1008.76702436,-60.0215690436,719.788547236,0.934231022549,-0.253040270599,-0.353403523891,-343.946068876,-480.365249696
404.5,0.267857142857,1764,15.5192718685,83.5663229275,16.5765514955,10995779.1587,-10.9240934916,8.15938320808,-0.399685066946,0.16115041432,-1014.89861041,270.941913394,653.564231958,0.932946528245,-0.246448093428,-0.35352644317,-336.904585471,-483.285052576
405,0.267857142857,1764,10.8435392517,77.1681000434,16.6166291659,11022364.0134,-10.5698734585,8.15938320808,-0.398188932008,0.151890624091,-1017.33105832,527.198007005,445.506300836,0.928994249361,-0.23927308061,-0.352666386485,-328.679624241,-484.443361104
405.5,0.267857142857,1764,3.75506799273,73.6250354391,16.6333126726,11033430.7395,-10.2872577581,8.15938320808,-0.396558591572,0.144502667859,-1016.37643168,657.697766108,150.8216901,0.924825404889,-0.233445441046,-0.351629014193,-321.318688007,-483.98877699
406,0.267857142857,1764,-4.16892361064,73.7254777051,16.6185058836,11023608.9028,-10.1731407435,8.15938320808,-0.395192866535,0.141519494923,-1011.4298419,645.452238568,-165.340710354,0.921493492745,-0.230923862647,-0.350541493783,-317.282302667,-481.633258047
406.5,0.267857142857,1764,-11.1653100421,77.4470779631,16.5783245148,10996955.2615,-10.295336607,8.15938320808,-0.394548267598,0.144713859885,-1004.00811377,500.181507514,-444.89096581,0.920147454154,-0.233130142122,-0.349658080904,-318.766582662,-478.099101795
407,0.267857142857,1764,-15.6773623124,83.9617625978,16.5333538325,10967124.7089,-10.5423855714,8.15938320808,-0.395029941815,0.151172053587,-998.524558531,244.310103814,-634.313916289,0.921588776733,-0.238016040222,-0.349642688059,-323.683999208,-475.487885015
407.5,0.267857142857,1764,-16.701127504,91.8199835422,16.4978379458,10943565.8374,-10.8098228594,8.15938320808,-0.396130383294,0.158163225611,-995.951851258,-74.9924834747,-688.170524238,0.924501495417,-0.243440656525,-0.350244961784,-329.640270848,-474.262786314
408,0.267857142857,1764,-14.0088130318,99.273249562,16.468554366,10924141.0627,-11.1034106707,8.15938320808,-0.397316623716,0.165838007646,-994.422633134,-390.054577729,-589.24345938,0.92765062504,-0.2493901967,-0.350951954049,-336.498721507,-473.534587207
408.5,0.267857142857,1764,-8.1994715679,104.663173804,16.4585848145,10917527.927,-11.2194968498,8.15938320808,-0.398729103761,0.168872657205,-996.670361891,-622.340534618,-348.005390057,0.931099598904,-0.251948645869,-0.3521714815,-339.539334627,-474.604934234
409,0.267857142857,1764,-0.56570899586,106.790472695,16.465810571,10922321.0121,-11.2089985389,8.15938320808,-0.39931760037,0.168598217173,-999.211539593,-713.043140475,-24.0240359115,0.93246014783,-0.251874125571,-0.352759591886,-339.73701797,-475.815018854
409.5,0.267857142857,1764,7.19392649671,105.181812196,16.4766079495,10929483.2732,-11.2629846599,8.15938320808,-0.399234803209,0.170009487314,-1000.09389028,-648.205659725,307.153310195,0.932337192714,-0.25290096688,-0.352608500778,-341.569584104,-476.235185846
410,0.267857142857,1764,13.3528794036,100.195126857,16.4891133548,10937778.5253,-11.3969874897,8.15938320808,-0.399430597306,0.173512502326,-1001.68801523,-440.500707876,576.937679331,0.932969277879,-0.255538458917,-0.352635061419,-345.655891524,-476.994292968
410.5,0.267857142857,1764,16.5407536456,92.9399776929,16.5220892783,10959652.5546,-11.2788461539,8.15938320808,-0.400167475362,0.170424128197,-1008.16128458,-126.474362019,711.563652236,0.934536002333,-0.25341098378,-0.353498606941,-344.150535087,-480.076802183
411,0.267857142857,1764,16.048232164,85.0306696214,16.5670302996,10989463.4321,-10.989467857,8.15938320808,-0.399737800408,0.162859388556,-1013.59576094,210.114306627,678.55483875,0.933154895096,-0.247722424644,-0.353478556414,-338.257737957,-482.664648066
411.5,0.267857142857,1764,11.9849033119,78.227061004,16.6078982344,11016572.4955,-10.6631633211,8.15938320808,-0.398466184669,0.154329347139,-1016.55876308,486.944891234,495.71202583,0.929762280906,-0.24113623295,-0.352769279943,-330.890963692,-484.075601469
412,0.267857142857,1764,5.25487692945,74.0429868567,16.6324291474,11032844.6678,-10.3273477111,8.15938320808,-0.397007580438,0.145550673395,-1017.29395427,643.252514255,211.832425442,0.925924347529,-0.23432327436,-0.351983835628,-322.492691321,-484.42569251
412.5,0.267857142857,1764,-2.6443843618,73.4094234173,16.6232929824,11026784.345,-10.1847739383,8.15938320808,-0.395389216027,0.141823602351,-1012.49143402,659.137943002,-105.060487805,0.921966308932,-0.231194562722,-0.350707343096,-317.837268507,-482.138778105
413,0.267857142857,1764,-9.95525765661,76.4673415402,16.5866803004,11002497.9326,-10.2598291678,8.15938320808,-0.394626676318,0.143785647452,-1005.45077388,538.218901288,-395.939042863,0.920284677398,-0.232462967907,-0.349807796693,-318.174823009,-478.786082799
413.5,0.267857142857,1764,-15.051039155,82.536340016,16.5395839492,10971257.3529,-10.5217933618,8.15938320808,-0.394861789894,0.150633745405,-998.919602294,301.656278959,-608.312875414,0.921169983207,-0.237579116858,-0.349517555505,-323.333356137,-475.676001092
414,0.267857142857,1764,-16.7978934321,90.2660380511,16.5029925107,10946985.0321,-10.7753790614,8.15938320808,-0.396045464196,0.157262818196,-996.501740569,-10.9380582351,-690.639311945,0.924258814531,-0.24275488065,-0.350219462078,-328.917106059,-474.524638366
414.5,0.267857142857,1764,-14.8071371698,97.9365413647,16.474434921,10928041.8309,-11.0247162967,8.15938320808,-0.397186748839,0.163780830391,-995.096100743,-331.987757557,-619.386712544,0.927245367875,-0.247837279123,-0.350938964685,-334.64225012,-473.855286068
415,0.267857142857,1764,-9.52172302877,103.841126781,16.4599557152,10918437.2911,-11.1891774618,8.15938320808,-0.398350547952,0.168080067439,-995.904968084,-585.986400541,-403.117484069,0.930176167833,-0.251278694751,-0.351842415988,-338.692888126,-474.240460992
415.5,0.267857142857,1764,-2.1176805913,106.665996187,16.4631693276,10920568.9873,-11.2129548625,8.15938320808,-0.399163303873,0.168701640818,-998.44986263,-707.650210415,-89.9182442613,0.932105001805,-0.251916940873,-0.352603802694,-339.685766138,-475.452315538
416,0.267857142857,1764,5.75755576874,105.782602814,16.4731945482,10927219.0503,-11.2565182021,8.15938320808,-0.399258256283,0.169840445371,-999.767986172,-673.258163191,245.607233935,0.932383530869,-0.252780895305,-0.352639690141,-341.265972993,-476.079993415
416.5,0.267857142857,1764,12.3517088067,101.387505853,16.4853522155,10935283.6363,-11.3741391651,8.15938320808,-0.399410959062,0.172915216253,-1001.25348515,-490.935435013,532.503922664,0.932893592519,-0.255091629367,-0.352642945283,-344.894091011,-476.78737388
417,0.267857142857,1764,16.197548361,94.4586351153,16.5158522025,10955515.2943,-11.2853959739,8.15938320808,-0.400049524336,0.170595349341,-1007.04861051,-191.736856227,696.55105677,0.934269102179,-0.253512043767,-0.353375209661,-344.027894219,-479.546957386
417.5,0.267857142857,1764,16.4393569867,86.537697029,16.5566356169,10982568.2926,-11.0669853698,8.15938320808,-0.399727306195,0.16488580107,-1011.97017191,147.092833642,698.411324105,0.933231530823,-0.249217862194,-0.353354926209,-339.872818466,-481.890558052
418,0.267857142857,1764,13.0233311237,79.3871376885,16.5980749696,11010056.3965,-10.7628870396,8.15938320808,-0.398800598654,0.15693625987,-1015.80208089,442.080942717,542.489512393,0.930672275871,-0.243136814284,-0.352924066463,-333.241630573,-483.715276614
418.5,0.267857142857,1764,6.70955264287,74.5979902827,16.6303084613,11031437.946,-10.3753971247,8.15938320808,-0.397484284405,0.146806749982,-1018.09606255,623.468942282,271.600769394,0.927098362788,-0.235360579014,-0.352351211202,-323.837708831,-484.807648833
419,0.267857142857,1764,-1.09713295594,73.2358627041,16.626804682,11029113.7724,-10.2078223053,8.15938320808,-0.395619485228,0.142426117803,-1013.4237854,667.752231963,-43.7012037753,0.922532941372,-0.231693287111,-0.350882026944,-318.657486598,-482.582754954
419.5,0.267857142857,1764,-8.65970129589,75.6038347653,16.5945855929,11007741.7766,-10.2407287112,8.15938320808,-0.394753787225,0.143286335711,-1006.87975499,572.272801011,-344.238304834,0.920556548947,-0.232124168722,-0.349971280001,-318.014022028,-479.466549996
420,0.267857142857,1764,-14.2954452419,81.1750215108,16.5461144628,10975589.2603,-10.5089385482,8.15938320808,-0.39477230833,0.150297703212,-999.528786401,356.553474219,-577.575421036,0.920944692893,-0.237309907601,-0.349454693443,-323.222067595,-475.966088762
420.5,0.267857142857,1764,-16.7503851772,88.7098076055,16.508482086,10950626.4504,-10.7304832423,8.15938320808,-0.396005389491,0.156089180831,-997.270044323,52.8891565241,-686.652430501,0.92410730791,-0.241877114953,-0.35025642341,-327.945858312,-474.890497296
421,0.267857142857,1764,-15.478285384,96.531667595,16.4798876128,10931658.7832,-10.9601883729,8.15938320808,-0.39699622187,0.162093983284,-995.502704395,-271.977356757,-644.512765633,0.926716973363,-0.246545502521,-0.350850074508,-333.118429926,-474.048906855
421.5,0.267857142857,1764,-10.7621940679,102.900200729,16.460460118,10918771.8783,-11.1796211898,8.15938320808,-0.398031334835,0.167830253579,-995.120805056,-545.629872904,-455.200248805,0.929418362895,-0.251023645209,-0.351543833786,-338.369849816,-473.867050027
422,0.267857142857,1764,-3.65146379673,106.398378339,16.4593524427,10918037.1203,-11.2414681121,8.15938320808,-0.399099440658,0.169447015684,-997.704883809,-697.450377153,-155.302844561,0.931993034001,-0.252454911078,-0.352504145409,-340.253341029,-475.097563719
422.5,0.267857142857,1764,4.27173439641,106.247839402,16.4704225467,10925380.2893,-11.2472277069,8.15938320808,-0.399406418708,0.169597579274,-999.875305706,-692.466736457,182.057066372,0.932717414256,-0.252633371715,-0.352796266557,-340.952033957,-476.131097955
423,0.267857142857,1764,11.2444515327,102.482079543,16.4829317707,10933678.0746,-11.3343536646,8.15938320808,-0.399386622708,0.171875169518,-1001.02857214,-536.330309504,483.151877841,0.932784841323,-0.254315818993,-0.352667283009,-343.744202327,-476.680272445
423.5,0.267857142857,1764,15.7152251529,95.9389980968,16.5091166413,10951047.372,-11.3024285497,8.15938320808,-0.399840894182,0.171040603884,-1005.58668562,-255.47549021,676.015513767,0.933804115207,-0.253796299226,-0.353150205063,-344.132779361,-478.850802674
424,0.267857142857,1764,16.6892870337,88.0744615541,16.5453977092,10975113.8138,-11.156034662,8.15938320808,-0.399762873166,0.167213669875,-1010.34013793,82.260635506,712.980496689,0.93343078397,-0.250947195224,-0.353265157302,-341.766785004,-481.114351397
424.5,0.267857142857,1764,13.9499038112,80.6383664001,16.5898931564,11004629.1271,-10.8309609039,8.15938320808,-0.399210124081,0.158715802652,-1015.62572751,391.830136345,583.871677313,0.931716617097,-0.244543385074,-0.35321093131,-334.839112995,-483.631298816
425,0.267857142857,1764,8.10660117649,75.2852788893,16.6261616025,11028687.1963,-10.4406746885,8.15938320808,-0.39779139332,0.148513193691,-1018.08235865,598.713835674,329.842084546,0.927899273721,-0.236690139777,-0.352522253244,-325.504686726,-484.801123166
425.5,0.267857142857,1764,0.459541533916,73.2062862482,16.629219965,11030715.9101,-10.2387610177,8.15938320808,-0.395932445601,0.143234897546,-1014.40859783,671.060214898,18.3628258205,0.923302615369,-0.232363490152,-0.351120984561,-319.67209865,-483.051713251
426,0.267857142857,1764,-7.28976826803,74.8639741478,16.6019477422,11012625.3357,-10.2255885252,8.15938320808,-0.394918628689,0.142890550795,-1008.32640173,601.560220869,-289.721664869,0.920921483582,-0.231870803081,-0.350163338273,-317.948833726,-480.155429394
426.5,0.267857142857,1764,-13.417070238,79.8894992098,16.5551912038,10981610.1652,-10.4656737106,8.15938320808,-0.394719613829,0.149166701905,-1000.71496582,407.477937336,-540.74078219,0.920766110177,-0.23646122304,-0.349485863085,-322.419587943,-476.530936104
427,0.267857142857,1764,-16.5590107796,87.1646583978,16.5144540021,10954587.8214,-10.6883747347,8.15938320808,-0.395810139766,0.154988407552,-997.657152649,115.900861957,-676.886206956,0.923597328262,-0.241018144202,-0.350139011512,-327.017702188,-475.074834595
427.5,0.267857142857,1764,-16.0164932991,95.0706944692,16.4848225866,10934932.3158,-10.9103386893,8.15938320808,-0.396811500573,0.160790845207,-995.806710139,-210.406916767,-664.599492815,0.926221228952,-0.245539244935,-0.350747119855,-331.957554206,-474.193671495
428,0.267857142857,1764,-11.9102304954,101.848477098,16.4603868867,10918723.3015,-11.1845380768,8.15938320808,-0.397777738151,0.167958787648,-994.392777845,-501.220632003,-503.832957324,0.928832591255,-0.251063298792,-0.351289771152,-338.420290032,-473.520370402
428.5,0.267857142857,1764,-5.15388521518,105.989917673,16.4567946311,10916340.4387,-11.2578372524,8.15938320808,-0.39911497432,0.169874927128,-997.377873245,-680.729061799,-219.413227692,0.932050645404,-0.252775202624,-0.352498156778,-340.579145295,-474.941844402
429,0.267857142857,1764,2.74922384087,106.573526127,16.4671094759,10923182.619,-11.2527094994,8.15938320808,-0.39948541014,0.169740880737,-999.671447474,-706.407701611,117.179221838,0.932909031659,-0.25275669304,-0.352866282935,-340.981247423,-476.034022607
429.5,0.267857142857,1764,10.0406176218,103.469446825,16.4801240608,10931815.627,-11.3070456722,8.15938320808,-0.399429353551,0.171161301703,-1000.90164129,-577.376520654,430.397546608,0.932849010985,-0.253796312319,-0.352742727114,-342.925156855,-476.619829184
430,0.267857142857,1764,15.0979266112,97.3683520574,16.5016966905,10946125.4714,-11.3341594182,8.15938320808,-0.399686424496,0.171870091656,-1004.14243486,-317.401167299,650.362454574,0.933484787833,-0.254377006818,-0.352960202763,-344.610208445,-478.163064221
430.5,0.267857142857,1764,16.7958756992,89.6277641938,16.5356809212,10968668.3444,-11.2223771619,8.15938320808,-0.399884688106,0.168947952454,-1009.24000578,15.9664577786,720.432144768,0.933801844258,-0.252256964543,-0.353295341407,-343.147166682,-480.590478941
431,0.267857142857,1764,14.756663203,81.9700005533,16.5835710707,11000435.4769,-10.8684426189,8.15938320808,-0.39952222408,0.159695625322,-1015.55284045,336.928732815,619.171130279,0.932493878594,-0.245337153714,-0.353454921154,-335.669993555,-483.59659069
431.5,0.267857142857,1764,9.43402352362,76.0989496744,16.6218333005,11025816.0893,-10.5000107176,8.15938320808,-0.397947372717,0.150064317658,-1017.66391181,568.13108722,385.565256997,0.928340063851,-0.237870176691,-0.352560902437,-326.957214836,-484.601862765
432,0.267857142857,1764,2.01226910152,73.3209480766,16.6314408462,11032189.0946,-10.262594596,8.15938320808,-0.396219202897,0.143857939483,-1015.34144328,668.168120669,80.6121397079,0.924002079603,-0.232890375566,-0.351350019874,-320.482542407,-483.49592537
432.5,0.267857142857,1764,-5.85722468935,74.2541142219,16.6085751369,11017021.5075,-10.221149193,8.15938320808,-0.395041629295,0.142774500654,-1009.50310138,626.144886452,-232.916162336,0.921202600993,-0.231814123485,-0.35029224808,-318.124947824,-480.715762561
433,0.267857142857,1764,-12.4234583531,78.6908142402,16.5638755287,10987370.7673,-10.4167290013,8.15938320808,-0.39472415344,0.147887221078,-1002.05017535,454.442786889,-499.218171552,0.920713746438,-0.235516241604,-0.349585307768,-321.46808553,-477.166750167
433.5,0.267857142857,1764,-16.2254139206,85.6438614457,16.5217106267,10959401.3824,-10.6346311785,8.15938320808,-0.395592558287,0.153583478383,-998.200546334,177.417944446,-660.832879778,0.923020295563,-0.239928996554,-0.35002204733,-325.826081485,-475.333593493
434,0.267857142857,1764,-16.417138341,93.5661700313,16.4891976923,10937834.4692,-10.8758859339,8.15938320808,-0.396559440846,0.159890203632,-995.792245279,-147.619512348,-679.577792085,0.925588305523,-0.244815872957,-0.35055592377,-331.15529782,-474.186783466
434.5,0.267857142857,1764,-12.9559720262,100.69498896,16.4596542163,10918237.2968,-11.2040007251,8.15938320808,-0.39759346893,0.168467567569,-993.721497635,-452.991706892,-548.756796709,0.928427580851,-0.251400072106,-0.35108388115,-338.844076291,-473.200713159
435,0.267857142857,1764,-6.61204081059,105.444122387,16.4562725719,10915994.1393,-11.249162823,8.15938320808,-0.399217452645,0.169648165823,-997.629188112,-657.072868133,-281.310424162,0.932278652555,-0.252629613559,-0.35260934902,-340.36138883,-475.061518148
435.5,0.267857142857,1764,1.20310068029,106.75686572,16.4644517911,10921419.6881,-11.2498019285,8.15938320808,-0.399443554585,0.169664872905,-999.243723461,-713.806856605,51.2495313344,0.932807494301,-0.252691293295,-0.352829183445,-340.782992972,-475.830344505
436,0.267857142857,1764,8.75054659369,104.341127372,16.4767514958,10929578.4922,-11.2970335689,8.15938320808,-0.399420373295,0.170899571798,-1000.50265179,-614.016036055,374.655059763,0.9328149757,-0.253600519648,-0.352746473658,-342.520372414,-476.429834185
436.5,0.267857142857,1764,14.3509546058,98.7344205246,16.4936009177,10940755.2754,-11.3812103645,8.15938320808,-0.399609982092,0.17310006696,-1002.7841105,-377.199046264,619.751061336,0.933367677121,-0.255271556356,-0.352828858634,-345.482835593,-477.516243093
437,0.267857142857,1764,16.7582075119,91.1842639021,16.5276892883,10963367.2279,-11.2599698305,8.15938320808,-0.400099125653,0.169930675601,-1008.72298832,-50.9037178541,720.325144961,0.934351714378,-0.2530309429,-0.353455919167,-343.867394864,-480.344280151
437.5,0.267857142857,1764,15.436680183,83.370602974,16.5759733066,10995395.6267,-10.9204647487,8.15938320808,-0.399681723782,0.161055554078,-1014.83456174,279.084590851,649.8539092,0.932933992302,-0.246377278556,-0.353528794352,-336.784283406,-483.254553209
438,0.267857142857,1764,10.6804186848,77.0320141611,16.6160048571,11021949.8885,-10.5723960344,8.15938320808,-0.398169249586,0.151956567634,-1017.18607082,532.847323887,438.852462122,0.928951603383,-0.239317216178,-0.35264262335,-328.715549512,-484.374319437
438.5,0.267857142857,1764,3.54771364006,73.5788633789,16.6316235212,11032310.2691,-10.3053285773,8.15938320808,-0.39656132788,0.144975063489,-1016.07078911,660.404112664,142.67737566,0.924855127966,-0.233794432872,-0.35159467994,-321.733691353,-483.84323291
439,0.267857142857,1764,-4.3743744273,73.7794929682,16.613929064,11020572.9458,-10.233605734,8.15938320808,-0.395250894415,0.143100131463,-1010.66487489,646.240668142,-174.279302555,0.921706622557,-0.232103696709,-0.350469386872,-318.727727499,-481.268988041
439.5,0.267857142857,1764,-11.3231435467,77.5892618987,16.573950752,10994053.9988,-10.3504795914,8.15938320808,-0.394823678853,0.146155371996,-1003.92500493,496.649498642,-453.126439348,0.920860675785,-0.234259495818,-0.349813691507,-320.141796297,-478.059526156
440,0.267857142857,1764,-15.7524598056,84.1604786093,16.5283657371,10963815.9389,-10.5973478484,8.15938320808,-0.395278343151,0.152608841762,-998.323636329,237.238487995,-639.965075293,0.922239104854,-0.239136003627,-0.349783359978,-325.010865955,-475.392207776
440.5,0.267857142857,1764,-16.6767794393,92.0310163796,16.4929874508,10940348.3424,-10.8570830894,8.15938320808,-0.396381689079,0.159398671873,-995.843390356,-83.9726187419,-689.503470163,0.925149109668,-0.244411995095,-0.350412837501,-330.760971049,-474.211138265
441,0.267857142857,1764,-13.8904369684,99.4496434233,16.4640450298,10921149.8697,-11.1490846021,8.15938320808,-0.397529314072,0.167031985921,-994.285233076,-398.740568954,-586.125898264,0.928206489521,-0.250321881639,-0.351095706952,-337.570891168,-473.469158608
441.5,0.267857142857,1764,-8.01340673834,104.765680223,16.4548084065,10915022.9096,-11.2608226068,8.15938320808,-0.398935389225,0.169952968324,-996.630488233,-628.505030784,-341.092748368,0.931635151135,-0.252793871804,-0.352319052276,-340.522087053,-474.585946778
442,0.267857142857,1764,-0.353355702629,106.79628351,16.4620532297,10919828.6423,-11.2484874224,8.15938320808,-0.39950273159,0.169630509939,-999.120919896,-715.24203959,-15.0470699842,0.932943973357,-0.252678758835,-0.352888632976,-340.666809614,-475.771866617
442.5,0.267857142857,1764,7.38531864402,105.089634473,16.4740733957,10927802.0191,-11.2793375455,8.15938320808,-0.399423669787,0.170436973836,-1000.2498125,-644.98276379,315.673864668,0.932799587956,-0.253258656157,-0.352771998773,-341.94745536,-476.309434526
443,0.267857142857,1764,13.4807247492,100.025470574,16.4880138533,10937049.1894,-11.39148869,8.15938320808,-0.399515599857,0.173368756274,-1001.80856617,-432.963132799,582.182828881,0.93316064485,-0.255450269562,-0.35272453836,-345.490522037,-477.051698175
443.5,0.267857142857,1764,16.576605997,92.7305921738,16.5207263058,10958748.4495,-11.2865669943,8.15938320808,-0.4001356538,0.170625961396,-1007.87860451,-117.513483913,713.389110565,0.934471777959,-0.253553429955,-0.353457802718,-344.287177094,-479.942192624
444,0.267857142857,1764,15.9841142038,84.8281441319,16.5671811525,10989563.4979,-10.9858642349,8.15938320808,-0.399778512035,0.162765185005,-1013.74347788,218.628066141,675.690906032,0.933245231476,-0.2476618769,-0.353523632683,-338.181220388,-482.734989467
444.5,0.267857142857,1764,11.8350815888,78.076458421,16.6082273399,11016790.8021,-10.6630431701,8.15938320808,-0.398448113468,0.15432620623,-1016.54895459,493.180395252,489.521521534,0.92971995832,-0.24112979324,-0.352751895626,-330.895240804,-484.070930758
445,0.267857142857,1764,5.05268748365,73.9778169655,16.631167876,11032008.0244,-10.3465969776,8.15938320808,-0.396996299998,0.146053875227,-1016.99596746,646.796951054,203.97113502,0.925922932555,-0.234691673863,-0.351934105907,-322.950723835,-484.283794027
445.5,0.267857142857,1764,-2.85395342469,73.4441868261,16.6206115607,11025005.6686,-10.2188333129,8.15938320808,-0.395467759935,0.14271396042,-1012.17617152,659.4652014,-113.681094986,0.92219331797,-0.231869843657,-0.350711276193,-318.662789667,-481.988653103
446,0.267857142857,1764,-10.1255762314,76.5943032265,16.5829780653,11000042.1166,-10.3038116936,8.15938320808,-0.394774700975,0.144935410099,-1005.15431897,534.957709035,-404.063671954,0.920686429589,-0.233346831343,-0.349860820803,-319.242016629,-478.644913797
446.5,0.267857142857,1764,-15.1442105552,82.7272504057,16.5350278189,10968235.1199,-10.5705163666,8.15938320808,-0.395057259637,0.15190743058,-998.654039461,294.999152752,-614.28339103,0.921688732498,-0.23856634448,-0.349617226605,-324.498072074,-475.549542601
447,0.267857142857,1764,-16.7931865816,90.4784186818,16.4984919017,10943999.6282,-10.8212750596,8.15938320808,-0.396266075104,0.158462601598,-996.353245671,-19.7352485568,-692.735722652,0.924832980202,-0.243692900168,-0.350358343401,-330.007991889,-474.45392651
447.5,0.267857142857,1764,-14.7055993651,98.123136544,16.4702658357,10925276.3377,-11.0691479031,8.15938320808,-0.397393361253,0.164942332612,-994.979971983,-340.862951851,-617.076172634,0.927785343728,-0.248743494523,-0.35107567644,-335.695897766,-473.799986659
448,0.267857142857,1764,-9.34594691042,103.960418201,16.456523936,10916160.8776,-11.2283979895,8.15938320808,-0.398552014512,0.169105345021,-995.898749225,-592.679789705,-396.775638788,0.930697650797,-0.252082315933,-0.351986977003,-339.634404168,-474.237499631
448.5,0.267857142857,1764,-1.90677717492,106.691440945,16.4606440689,10918893.899,-11.2391899565,8.15938320808,-0.399345376834,0.169387461619,-998.549262727,-710.05317285,-81.1142182073,0.932564382903,-0.252464486483,-0.352747112274,-340.31965255,-475.499648918
449,0.267857142857,1764,5.95665947797,105.708539329,16.4713521363,10925996.917,-11.2668915968,8.15938320808,-0.399384014054,0.170111619923,-999.854570744,-670.553674558,254.273157885,0.932690742553,-0.253009099583,-0.352749131031,-341.49765831,-476.121224164
449.5,0.267857142857,1764,12.4947112941,101.230413602,16.4831136638,10933798.7303,-11.3950037115,8.15938320808,-0.399451281689,0.173460643685,-1001.02315864,-484.814823961,539.394315389,0.933015002367,-0.255504488891,-0.352657592442,-345.358481804,-476.677694592
450,0.267857142857,1764,16.2526308986,94.2534678646,16.5149739219,10954932.7015,-11.2943543388,8.15938320808,-0.400148875217,0.170829533102,-1007.1857573,-183.035121722,699.382802344,0.934512833064,-0.253706967185,-0.353460926438,-344.255797949,-479.612265381
450.5,0.267857142857,1764,16.3942634498,86.3301054597,16.5572903068,10983002.5702,-11.064063017,8.15938320808,-0.399773830128,0.164809406819,-1012.19215313,155.895609317,696.421562459,0.93333633537,-0.249171676492,-0.353404487047,-339.836706706,-481.996263397
451,0.267857142857,1764,12.8880950371,79.2233119042,16.5989662853,11010647.6359,-10.7625188848,8.15938320808,-0.398786109613,0.156926635807,-1015.87233013,448.934174245,536.890949393,0.930637984283,-0.243126427871,-0.352910569856,-333.263184573,-483.748728634
451.5,0.267857142857,1764,6.51426467391,74.5143822933,16.6297325009,11031055.8923,-10.3904730757,8.15938320808,-0.397474056626,0.147200855709,-1017.9107412,627.577448446,264.000163247,0.92709403016,-0.235648766404,-0.352311476544,-324.211773961,-484.719400571
452,0.267857142857,1764,-1.30902031286,73.2510756817,16.6247060877,11027721.7048,-10.2349015441,8.15938320808,-0.395680757352,0.143134005691,-1013.17498843,668.522483317,-52.2486992976,0.922710712607,-0.232229853074,-0.350884454863,-319.314826725,-482.464280204
452.5,0.267857142857,1764,-8.8410421042,75.7144837506,16.5911547429,11005465.9795,-10.2786008826,8.15938320808,-0.394869871714,0.144276365439,-1006.56110153,569.493770751,-352.449174212,0.920875960208,-0.23288242382,-0.350005231228,-318.920932676,-479.314810253
453,0.267857142857,1764,-14.4058903162,81.3564865826,16.5419626625,10972835.2328,-10.5518254642,8.15938320808,-0.394940125058,0.151418825138,-999.264663358,350.323288168,-583.873550125,0.921391389847,-0.238177936034,-0.349537742988,-324.241563587,-475.840315885
453.5,0.267857142857,1764,-16.7653599674,88.9217119292,16.5041832897,10947774.9155,-10.7772794721,8.15938320808,-0.396196068073,0.157312497499,-997.05398087,44.3527594038,-689.602340098,0.924612737401,-0.242825711357,-0.350362983389,-329.060558885,-474.787609938
454,0.267857142857,1764,-15.3944579286,96.7268614587,16.4759416318,10929041.2824,-11.0036435802,8.15938320808,-0.397208029723,0.163229961112,-995.425642495,-280.979995808,-643.024202412,0.927267730513,-0.247433974232,-0.350990979196,-334.158802029,-474.012210712
454.5,0.267857142857,1764,-10.5982163712,103.035252577,16.4575332768,10916830.407,-11.212710689,8.15938320808,-0.398231485444,0.168695257793,-995.194328642,-552.64948628,-449.32760592,0.929928751239,-0.251708416833,-0.351694866178,-339.17224573,-473.902061258
455,0.267857142857,1764,-3.44382166995,106.443238498,16.4572854358,10916666.0057,-11.262797208,8.15938320808,-0.399253525685,0.170004587067,-997.801982076,-700.419324345,-146.693684915,0.932380671078,-0.25290141677,-0.352627013701,-340.769526356,-475.143800989
455.5,0.267857142857,1764,4.47683960047,106.192526276,16.4684474357,10924070.1323,-11.2619845763,8.15938320808,-0.399505086834,0.169983343777,-999.854557908,-690.782592764,190.984582265,0.932967083986,-0.252940492984,-0.352873573078,-341.284654908,-476.121218052
456,0.267857142857,1764,11.4013829385,102.338900562,16.4814163594,10932672.8518,-11.3494814835,8.15938320808,-0.399452128418,0.172270631143,-1000.97369329,-530.720899705,490.396383406,0.932957573068,-0.254622962249,-0.352712801508,-344.096070486,-476.654139662
456.5,0.267857142857,1764,15.7890647822,95.7398112603,16.508550315,10950671.709,-11.3131758238,8.15938320808,-0.39991060276,0.171321552148,-1005.67339023,-247.107272828,679.742340283,0.933980954241,-0.25401943297,-0.353204886862,-344.411705017,-478.892090586
457,0.267857142857,1764,16.6636052207,87.8635868729,16.5463933335,10975774.2446,-11.1543327463,8.15938320808,-0.399817658045,0.167169179501,-1010.62124894,91.2727727767,711.909805101,0.933556482833,-0.250926321669,-0.353320924024,-341.779486815,-481.248213782
457.5,0.267857142857,1764,13.8304148804,80.4627244856,16.5905912272,11005092.1807,-10.8390704472,8.15938320808,-0.399197051996,0.158927797072,-1015.6368898,399.465983426,579.282864699,0.931696668569,-0.244697002901,-0.353185089968,-335.077650069,-483.636614191
458,0.267857142857,1764,7.91989197873,75.1839508962,16.6262232437,11028728.085,-10.449994211,8.15938320808,-0.397827104227,0.148756818602,-1018.13839962,603.31979038,322.503491651,0.927994655239,-0.23687806654,-0.352539043981,-325.76554581,-484.827809343
458.5,0.267857142857,1764,0.247155746587,73.201818133,16.627243787,11029405.0454,-10.2648025656,8.15938320808,-0.395965159703,0.143915658791,-1014.10257095,672.551548305,9.89541495355,0.923412486192,-0.232873285798,-0.351098500859,-320.29730533,-482.905986168
459,0.267857142857,1764,-7.48057380523,74.9573600873,16.5987675362,11010515.799,-10.2581177224,8.15938320808,-0.395032402018,0.143740907957,-1008.0621703,599.306463609,-298.029884314,0.921228643546,-0.232525249212,-0.350205733453,-318.724089434,-480.029604902
459.5,0.267857142857,1764,-13.5438403928,80.0599603917,16.5511278564,10978914.8114,-10.5077560105,8.15938320808,-0.394860880593,0.15026679008,-1000.3876305,401.844304533,-547.53455095,0.921149796915,-0.23730747431,-0.34954311016,-323.414650539,-476.375062141
460,0.267857142857,1764,-16.5935385945,87.3742664051,16.5099918258,10951627.9111,-10.7381653258,8.15938320808,-0.395995165451,0.156290000871,-997.38675029,107.722114422,-680.758728389,0.924093370107,-0.242023420235,-0.350233350055,-328.204246254,-474.946071567
460.5,0.267857142857,1764,-15.9510961724,95.2728105313,16.4810625527,10932438.16,-10.9525168995,8.15938320808,-0.397039217169,0.161893440603,-995.796897201,-219.46637373,-663.920922856,0.926807398911,-0.246406584118,-0.350903720961,-332.978205726,-474.188998667
461,0.267857142857,1764,-11.7594595963,101.998129438,16.4579038526,10917076.2223,-11.2120404105,8.15938320808,-0.39797469471,0.168677735807,-994.532578069,-508.562221296,-498.445772284,0.929328236229,-0.251639267722,-0.351445180828,-339.094338955,-473.586941938
461.5,0.267857142857,1764,-4.95128778007,106.053807938,16.4543330477,10914707.5883,-11.2857272716,8.15938320808,-0.399237360741,0.17060400991,-997.31686765,-684.776173072,-211.197487278,0.932372820642,-0.253341835379,-0.352582065419,-341.240496064,-474.912794119
462,0.267857142857,1764,2.95856892687,106.537438432,16.4659924051,10922441.6287,-11.2578578452,8.15938320808,-0.399622291545,0.169875465452,-999.895480348,-705.134937428,126.149543876,0.933235406949,-0.252886166671,-0.352993252582,-341.109629674,-476.140704928
462.5,0.267857142857,1764,10.2101300894,103.341410853,16.4792243355,10931218.8092,-11.3165179379,8.15938320808,-0.399449864527,0.171408919525,-1000.81578366,-572.24897829,437.939928247,0.93290927269,-0.253984163012,-0.352750984268,-343.141507044,-476.578944599
463,0.267857142857,1764,15.1898891366,97.1768564161,16.5013851713,10945918.8303,-11.3454665428,8.15938320808,-0.399727534842,0.172165675169,-1004.17948542,-309.417435205,654.885128698,0.933595567573,-0.254604821074,-0.35298655343,-344.905810863,-478.180707344
463.5,0.267857142857,1764,16.7898261867,89.4154175666,16.5367251115,10969360.9906,-11.2242065677,8.15938320808,-0.399940269109,0.168995775594,-1009.51558501,25.0826180021,720.399335436,0.933934025099,-0.252304496676,-0.353347183349,-343.255172473,-480.721707147
464,0.267857142857,1764,14.6539476975,81.7840510665,16.5845265007,11001069.2455,-10.8754743059,8.15938320808,-0.399527475858,0.159879443119,-1015.65252452,344.963085845,615.275369704,0.932515301695,-0.245474080294,-0.353448887679,-335.896036975,-483.644059293
464.5,0.267857142857,1764,9.25749670986,75.9807719661,16.6220795787,11025979.4539,-10.5080886584,8.15938320808,-0.397978322309,0.150275485944,-1017.7371727,573.370347021,378.620997407,0.928422741166,-0.238033080141,-0.352575835051,-327.190824279,-484.636748904
465,0.267857142857,1764,1.80120902835,73.2968372445,16.6299305975,11031187.2964,-10.2814268549,8.15938320808,-0.396249608277,0.144350240172,-1015.12995324,670.07595586,72.258582344,0.924097290818,-0.2332605794,-0.351340640967,-320.933689347,-483.395215827
465.5,0.267857142857,1764,-6.05585615989,74.3294350398,16.6057442257,11015143.6697,-10.2460500961,8.15938320808,-0.395123140961,0.143425443901,-1009.23642233,624.279830228,-241.251599096,0.921424720742,-0.232313721965,-0.35031912461,-318.701888191,-480.588772537
466,0.267857142857,1764,-12.5654647816,78.8488074709,16.5611069761,10985534.2941,-10.4371635247,8.15938320808,-0.39483880186,0.148421407125,-1001.92045568,448.745994942,-505.659101539,0.921007459329,-0.235937758062,-0.349656928815,-321.935788497,-477.104978897
466.5,0.267857142857,1764,-16.2791982069,85.8493728499,16.5176889555,10956733.6738,-10.6773528073,8.15938320808,-0.395672193843,0.154700279479,-997.720107179,169.560272454,-665.033303028,0.923261220187,-0.240773517656,-0.350023962961,-326.813787547,-475.104812943
467,0.267857142857,1764,-16.3707332276,93.773472352,16.4856345985,10935470.9503,-10.9161089938,8.15938320808,-0.396752698023,0.16094168876,-995.716458422,-156.657349655,-679.638126412,0.926091444267,-0.245637780939,-0.3506807824,-332.123487428,-474.150694487
467.5,0.267857142857,1764,-12.8197028697,100.857956453,16.4571793989,10916595.6679,-11.2320939784,8.15938320808,-0.397780327892,0.169201963164,-993.833539038,-460.826383531,-544.085559472,0.92890041138,-0.251985374872,-0.351229076882,-339.530839366,-473.254066208
468,0.267857142857,1764,-6.41622814126,105.526494016,16.4541315263,10914573.9124,-11.2718888367,8.15938320808,-0.399345646698,0.170242254525,-997.641041493,-661.628570117,-273.413936603,0.932607660221,-0.253097481146,-0.352705310139,-340.903011032,-475.067162616
468.5,0.267857142857,1764,1.41488761971,106.740313409,16.4636145308,10920864.3054,-11.2527584686,8.15938320808,-0.399555803391,0.169742160857,-999.441521567,-713.259761635,60.2845587017,0.933073483288,-0.252772988486,-0.352934919621,-340.858498509,-475.92453408
469,0.267857142857,1764,8.93118421,104.229334089,16.4761618344,10929187.3501,-11.30391953,8.15938320808,-0.399431345406,0.171079580124,-1000.43698701,-609.511967038,382.566297333,0.932849584194,-0.253736219209,-0.352748569791,-342.679123697,-476.398565243
469.5,0.267857142857,1764,14.4602501772,98.5522608013,16.4934406695,10940648.9774,-11.3937091038,8.15938320808,-0.399637480164,0.173426800891,-1002.79894658,-369.684047234,625.065574319,0.933448223538,-0.255519559853,-0.352840934915,-345.811762126,-477.523307895
470,0.267857142857,1764,16.7718422579,90.972269137,16.5283452195,10963802.3289,-11.2697038018,8.15938320808,-0.400156196063,0.170185134761,-1008.92657504,-41.8279296924,721.540376093,0.934497712454,-0.253231671059,-0.353499196766,-344.16749931,-480.44122621
470.5,0.267857142857,1764,15.3516203085,83.1759430026,16.5771105302,10996149.9851,-10.9252939359,8.15938320808,-0.399727830632,0.161181795558,-1015.08140907,287.439578187,646.63341289,0.933047913132,-0.246480835132,-0.353566270611,-336.972071948,-483.372099558
471,0.267857142857,1764,10.5155904131,76.8980017454,16.6166082201,11022350.1194,-10.575274214,8.15938320808,-0.398191974163,0.152031807138,-1017.30860241,538.529546735,432.220797832,0.92900835698,-0.239377948142,-0.352659491029,-328.822847489,-484.432667814
471.5,0.267857142857,1764,3.33979203928,73.5353169136,16.6305129623,11031573.5983,-10.317579592,8.15938320808,-0.396569083388,0.145295321564,-1015.88483692,662.7409665,134.434230675,0.924889040588,-0.234032435786,-0.351577285056,-322.018207346,-483.754684248
472,0.267857142857,1764,-4.57912582006,73.8361017473,16.6113996422,11018895.096,-10.2528727281,8.15938320808,-0.395302217,0.143603796721,-1010.38466248,644.853665846,-182.682792558,0.921851108462,-0.232487449685,-0.35047892795,-319.157498155,-481.135553563
472.5,0.267857142857,1764,-11.4791665806,77.7334302018,16.5702149606,10991575.9239,-10.3845861037,8.15938320808,-0.394902302984,0.147046962308,-1003.4962823,492.077187362,-460.490267218,0.921087932529,-0.234936618925,-0.349821987751,-320.922439088,-477.855372523
473,0.267857142857,1764,-15.8250386194,84.3601283088,16.5248186268,10961463.0225,-10.6322587085,8.15938320808,-0.395431435702,0.15352145881,-998.140741881,229.709372649,-644.546523826,0.922641296065,-0.239846282204,-0.349869432174,-325.836310079,-475.305115182
473.5,0.267857142857,1764,-16.6497649045,92.2417244754,16.4896556802,10938138.2679,-10.8945277256,8.15938320808,-0.396537135328,0.160377525253,-995.701761487,-92.9349124252,-690.247378879,0.925560360754,-0.245171727936,-0.350504599287,-331.655075173,-474.143695946
474,0.267857142857,1764,-13.7698399465,99.62452637,16.4609791295,10919116.1559,-11.1866991902,8.15938320808,-0.397696944945,0.168015282072,-994.232936374,-407.210363994,-582.597139973,0.928646741159,-0.251087463457,-0.35120803055,-338.477218173,-473.444255416
474.5,0.267857142857,1764,-7.82606063573,104.86582574,16.4528453714,10913720.763,-11.280741453,8.15938320808,-0.399113032118,0.170473673876,-996.811183562,-633.678798739,-333.597930536,0.932075966069,-0.253218253532,-0.352467022527,-341.012364778,-474.671992172
475,0.267857142857,1764,-0.140945910939,106.799408747,16.4610875204,10919188.0552,-11.2540564032,8.15938320808,-0.399599436123,0.16977609062,-999.250555523,-715.655975375,-6.0043055614,0.933177071686,-0.252807619168,-0.352975832015,-340.80055371,-475.833597868
475.5,0.267857142857,1764,7.575529944,104.99504405,16.4736273629,10927506.1507,-11.286576569,8.15938320808,-0.399447539521,0.170626211691,-1000.23575034,-641.272708185,323.972412943,0.932864777012,-0.253403983335,-0.352786142267,-342.125148036,-476.302738258
476,0.267857142857,1764,13.6064146458,99.8542113071,16.4861273444,10935797.8051,-11.4342676522,8.15938320808,-0.399527953447,0.174487056141,-1001.47237177,-426.854435869,589.388462133,0.933245343496,-0.256281660849,-0.35268687055,-346.53564659,-476.891605606
476.5,0.267857142857,1764,16.6098078953,92.5207700571,16.5211229905,10959011.5837,-11.3013586581,8.15938320808,-0.400341249819,0.171012635473,-1008.44642436,-108.630368425,715.785061825,0.934971266344,-0.253884270232,-0.353639951259,-344.752963471,-480.212583029
477,0.267857142857,1764,15.9174405247,84.6264455766,16.5684372286,10990396.6949,-10.9877980755,8.15938320808,-0.399851556129,0.16281573821,-1014.09314554,227.238021676,673.120137989,0.933418269511,-0.247715485348,-0.353591953905,-338.305715391,-482.901497878
477.5,0.267857142857,1764,11.6833675406,77.9277623072,16.6091005527,11017370.0333,-10.660885513,8.15938320808,-0.398459048508,0.154269802157,-1016.69744489,499.302200371,483.218709669,0.929742670429,-0.241090654178,-0.352766327281,-330.876321739,-484.141640422
478,0.267857142857,1764,4.84969015769,73.91520888,16.630066689,11031277.5703,-10.3574425288,8.15938320808,-0.396979391517,0.146337392588,-1016.75105577,649.805846669,195.921538271,0.925897522441,-0.234896804892,-0.351895951682,-323.190194673,-484.167169413
478.5,0.267857142857,1764,-3.0630661656,73.4815973634,16.6180128688,11023281.8696,-10.2382847473,8.15938320808,-0.395511863166,0.143222447194,-1011.86524895,658.862919472,-122.175295081,0.922321216256,-0.232255356282,-0.350713205858,-319.09280042,-481.840594736
479,0.267857142857,1764,-10.2942758158,76.7234083655,16.5797132705,10997876.4694,-10.3298744392,8.15938320808,-0.394858705682,0.145616725481,-1004.84056962,530.78392583,-411.554130875,0.920915865875,-0.233869741555,-0.349889371341,-319.831438938,-478.495509344
479.5,0.267857142857,1764,-15.2349605297,82.919323644,16.5316866263,10966018.7954,-10.600514037,8.15938320808,-0.395172444535,0.152691610211,-998.414101449,287.822194074,-619.285439102,0.921996107535,-0.239172976791,-0.349674528557,-325.191752428,-475.435286404
480,0.267857142857,1764,-16.7857946487,90.6907228175,16.4951853617,10941806.2899,-10.8582169907,8.15938320808,-0.396397042565,0.159428313587,-996.146167852,-28.5685992395,-694.267842462,0.925186410808,-0.244437394281,-0.350425973359,-330.883515253,-474.355318025
480.5,0.267857142857,1764,-14.6017102648,98.3084329054,16.4672767666,10923293.5885,-11.1048152613,8.15938320808,-0.397559632979,0.165874725541,-994.934233951,-349.531125987,-614.285785095,0.928219823436,-0.24947100195,-0.351186995109,-336.555526143,-473.778206643
481,0.267857142857,1764,-9.16867645758,104.077477473,16.4543285473,10914704.603,-11.2519166321,8.15938320808,-0.398718080933,0.169720154114,-996.004901429,-598.655498424,-389.904980132,0.931116073069,-0.252574037755,-0.352118437784,-340.20611977,-474.288048299
481.5,0.267857142857,1764,-1.69556888169,106.714216888,16.4599705698,10918447.1446,-11.2419681748,8.15938320808,-0.399461734729,0.169460087999,-998.778762603,-711.186805943,-72.1461391421,0.932839730024,-0.252543648677,-0.352857059516,-340.398505403,-475.608934573
482,0.267857142857,1764,6.15481076989,105.631964188,16.4711955566,10925893.0525,-11.2712161317,8.15938320808,-0.399395526368,0.170224669108,-999.85177197,-667.499597013,262.816218044,0.932723268667,-0.25309531811,-0.352754850294,-341.60753644,-476.119891414
482.5,0.267857142857,1764,12.6357159874,101.071525707,16.4835504891,10934088.4911,-11.4023583572,8.15938320808,-0.399468839167,0.17365290406,-1001.10037699,-478.254604847,545.822636946,0.933065611112,-0.255650745825,-0.35266610372,-345.574489005,-476.714465234
483,0.267857142857,1764,16.3051147837,94.0476205219,16.5154403919,10955242.1266,-11.3074454776,8.15938320808,-0.400178326966,0.171171753157,-1007.27802787,-174.365235127,702.39913986,0.934598726792,-0.25396665261,-0.353473339609,-344.627633317,-479.656203748
483.5,0.267857142857,1764,16.3465486148,86.1231006742,16.5586295608,10983890.942,-11.0624209053,8.15938320808,-0.399840337339,0.164766479801,-1012.54844889,164.704480484,694.459559308,0.933489463951,-0.24915465806,-0.353471702681,-339.868470426,-482.165928041
484,0.267857142857,1764,12.7507982578,79.0612092173,16.5998438896,11011229.7801,-10.7576879326,8.15938320808,-0.398780544849,0.15680034819,-1015.98746081,455.558057412,531.021115601,0.930618714836,-0.243031915926,-0.352913247107,-333.168860405,-483.803552766
484.5,0.267857142857,1764,6.31793513147,74.4332503176,16.628883606,11030492.792,-10.3966590004,8.15938320808,-0.397446247248,0.14736256414,-1017.69352299,631.102898227,256.13999413,0.927037176001,-0.23576153348,-0.352272258478,-324.333806917,-484.615963329
485,0.267857142857,1764,-1.52069836898,73.2689666646,16.6226384116,11026350.1464,-10.246359398,8.15938320808,-0.395705704091,0.143433529471,-1012.92370736,668.294355227,-60.7418630769,0.922783652958,-0.232456671266,-0.350884707006,-319.547199186,-482.344622551
485.5,0.267857142857,1764,-9.02096930784,75.827416864,16.588176682,11003490.5324,-10.2987803793,8.15938320808,-0.39491669245,0.144803884745,-1006.21113333,565.760223728,-360.111178384,0.921011107573,-0.233282947848,-0.350009178817,-319.354753215,-479.148158729
486,0.267857142857,1764,-14.5140320157,81.5393336759,16.5388686092,10970782.8441,-10.5772358024,8.15938320808,-0.395028116697,0.152083085708,-999.00170641,343.520602722,-589.299806303,0.92162939302,-0.238689618034,-0.349576521211,-324.816594405,-475.71509829
486.5,0.267857142857,1764,-16.7776541244,89.1337886615,16.5009937797,10945659.2072,-10.8134250597,8.15938320808,-0.396304346617,0.158257391994,-996.798166276,35.7219037276,-691.897830002,0.924912153033,-0.243549606497,-0.350408513657,-329.91397957,-474.665793465
487,0.267857142857,1764,-15.3081690351,96.9209797566,16.4731014267,10927157.2797,-11.0363997254,8.15938320808,-0.39737200226,0.164086251001,-995.398428126,-289.771885481,-640.931943244,0.927693001129,-0.248104604752,-0.351102422447,-334.948976209,-473.999251489
487.5,0.267857142857,1764,-10.4325441132,103.168220203,16.4556266537,10915565.6803,-11.2320379432,8.15938320808,-0.398385404455,0.16920049833,-995.316695701,-559.062254626,-442.917990687,0.930313319031,-0.25211642615,-0.35181962251,-339.643320655,-473.960331286
488,0.267857142857,1764,-3.23562890645,106.485469529,16.456659459,10916250.7745,-11.2654795861,8.15938320808,-0.399348945341,0.170074708056,-997.979861922,-702.366666764,-137.854604988,0.932607004108,-0.252974128727,-0.352716708791,-340.841571078,-475.228505677
488.5,0.267857142857,1764,4.68122899737,106.134624107,16.4683975931,10924037.0701,-11.2661246021,8.15938320808,-0.39951621656,0.170091569646,-999.864278687,-688.532932902,199.767922064,0.932998477329,-0.253023046494,-0.352879139795,-341.39397526,-476.125846994
489,0.267857142857,1764,11.5564913637,102.1937487,16.4806175557,10932142.9786,-11.3775217911,8.15938320808,-0.399457206594,0.173003642668,-1000.7951375,-525.547578597,498.08194368,0.933006026121,-0.25516713543,-0.352684070058,-344.798038092,-476.569113093
489.5,0.267857142857,1764,15.8603798793,95.5397066785,16.5090428342,10950998.4133,-11.3243830099,8.15938320808,-0.40004463251,0.171614523135,-1006.06655925,-238.737656034,683.514513662,0.934308622298,-0.254265401599,-0.353321890209,-344.765771747,-479.079313926
490,0.267857142857,1764,16.6352590441,87.6530537852,16.5477959631,10976704.6556,-11.1487525929,8.15938320808,-0.399876905921,0.167023306752,-1010.97975688,100.246342322,710.550528282,0.933687538582,-0.250831448325,-0.353386345829,-341.708188083,-481.418931847
490.5,0.267857142857,1764,13.7087145882,80.2886074974,16.5907942988,11005226.8849,-10.8413197894,8.15938320808,-0.399167771612,0.158986597916,-1015.56928359,406.830017203,574.285983215,0.931631259265,-0.244733840939,-0.353152934732,-335.136298605,-483.604420759
491,0.267857142857,1764,7.73191646009,75.0849918587,16.6255823506,11028302.9592,-10.4522448411,8.15938320808,-0.397837194465,0.148815653114,-1018.07576761,607.419873273,314.885494654,0.928021110014,-0.236923789905,-0.352544535751,-325.803307659,-484.797984578
491.5,0.267857142857,1764,0.0347304412331,73.200035899,16.6267142862,11029053.8098,-10.2530157189,8.15938320808,-0.395983055441,0.143607534693,-1014.1589888,671.935813446,1.38908792548,0.923439019029,-0.232650221037,-0.351140397659,-319.9701187,-482.932851808
492,0.267857142857,1764,-7.67018326465,75.0531512122,16.5959923346,11008674.9153,-10.276355656,8.15938320808,-0.394962726726,0.144217672183,-1007.42126601,596.150217833,-305.922772682,0.921089619102,-0.2328608706,-0.350100139126,-319.077406239,-479.724412384
492.5,0.267857142857,1764,-13.668445007,80.2320108983,16.5454914637,10975176.0042,-10.5688696385,8.15938320808,-0.39491936972,0.151864382881,-999.543205512,396.607699,-554.977126481,0.921364908436,-0.238502827635,-0.34948605205,-324.822392713,-475.972955006
493,0.267857142857,1764,-16.625413249,87.584294244,16.5067428852,10949472.7805,-10.7743050867,8.15938320808,-0.396283775035,0.157234743048,-997.620643449,99.3795707464,-683.951854677,0.924813576944,-0.24278799639,-0.350453397167,-329.111508716,-475.057449262
493.5,0.267857142857,1764,-15.8831486061,95.4740835174,16.478413425,10930680.9053,-10.9817344865,8.15938320808,-0.397205202566,0.162657227803,-995.809781237,-228.327596651,-662.496495886,0.927232729985,-0.247009182827,-0.351021096661,-333.685221899,-474.195133922
494,0.267857142857,1764,-11.6068084633,102.145863382,16.4562910461,10916006.3939,-11.2270163229,8.15938320808,-0.398113336492,0.169069226392,-994.664524297,-515.378774514,-492.505352125,0.929671454679,-0.251959721246,-0.351560707239,-339.459622294,-473.649773475
494.5,0.267857142857,1764,-4.74789867771,106.115131341,16.4531138451,10913898.8506,-11.2983495196,8.15938320808,-0.39930540989,0.170933972525,-997.312019614,-687.993207687,-202.69906412,0.932548204021,-0.253601020934,-0.352632606989,-341.538988727,-474.91048553
495,0.267857142857,1764,3.16744096379,106.498706548,16.4657433806,10922276.4425,-11.2648044841,8.15938320808,-0.399681639932,0.170057059978,-1000.00410338,-703.872104405,135.130189166,0.933383070702,-0.253033528876,-0.35304227822,-341.298078066,-476.19243018
495.5,0.267857142857,1764,10.3780100472,103.211241708,16.4786984438,10930869.9677,-11.3399202414,8.15938320808,-0.39947160119,0.172020687356,-1000.73050681,-567.650971648,445.914745743,0.932990576356,-0.254442021025,-0.352743440723,-343.738149195,-476.538336578
496,0.267857142857,1764,15.2794229327,96.9842132587,16.5019151993,10946270.4156,-11.3536174575,8.15938320808,-0.399840130973,0.172378751092,-1004.52865553,-301.346768888,659.258897269,0.933869191521,-0.254786989476,-0.353086609995,-345.174762252,-478.346978824
496.5,0.267857142857,1764,16.781092129,89.2031644089,16.5379638259,10970182.6712,-11.2175501226,8.15938320808,-0.399984790011,0.168821767125,-1009.81590989,34.1787342679,719.792758987,0.934029294947,-0.252185480343,-0.35339935597,-343.144655166,-480.864718996
497,0.267857142857,1764,14.5488891551,81.5994152374,16.5847153671,11001194.5268,-10.8749068852,8.15938320808,-0.399494394741,0.159864609977,-1015.58560234,352.697014899,610.832450371,0.932437349323,-0.245455700592,-0.353417549082,-335.878536903,-483.61219159
497.5,0.267857142857,1764,9.07948970402,75.8648358087,16.6213262427,11025479.741,-10.5110195241,8.15938320808,-0.397973832982,0.150352102734,-1017.61645428,578.194334484,371.393599383,0.92841606973,-0.238088560059,-0.35256597128,-327.237421036,-484.579263943
498,0.267857142857,1764,1.58986095773,73.2753971008,16.6281744301,11030022.372,-10.2899695041,8.15938320808,-0.396259692885,0.144573556563,-1014.89312921,671.274820689,63.8121954678,0.924131834845,-0.233427651698,-0.351332874758,-321.095729321,-483.282442479
498.5,0.267857142857,1764,-6.25351935245,74.4072614429,16.60333164,11013543.3212,-10.259129351,8.15938320808,-0.395159128535,0.143767353295,-1008.96531161,621.696116331,-249.333282963,0.92152547592,-0.232574541633,-0.350326806457,-318.96699303,-480.459672193
499,0.267857142857,1764,-12.7054621033,79.0085836789,16.5563317511,10982366.7282,-10.4892766334,8.15938320808,-0.394876189542,0.149783714194,-1001.15980491,443.964800688,-513.198461923,0.921161728958,-0.236953726271,-0.349593045856,-323.135645285,-476.742764244
499.5,0.267857142857,1764,-16.330379593,86.0555479027,16.5148238913,10954833.1812,-10.7063591656,8.15938320808,-0.395919424888,0.155458544872,-997.916080226,161.494810754,-668.602760759,0.923875556489,-0.241390899931,-0.350214196754,-327.538135632,-475.198133441
500,0.267857142857,1764,-16.3217105783,93.9801713277,16.4831927725,10933851.2058,-10.9413631816,8.15938320808,-0.396885005299,0.161601867349,-995.676311025,-165.538261901,-678.831984338,0.92643297763,-0.246156240553,-0.350770546367,-332.725902022,-474.131576679
500.5,0.267857142857,1764,-12.6813839558,101.019187854,16.4561982327,10915944.8277,-11.2377301318,8.15938320808,-0.397904278808,0.16934929983,-994.036404066,-467.866413422,-538.442007444,0.929197186672,-0.252121663643,-0.351342663462,-339.673972066,-473.350668603
501,0.267857142857,1764,-6.21938957364,105.606383096,16.4531372062,10913914.3468,-11.2818423512,8.15938320808,-0.39936834472,0.170502452841,-997.547383773,-665.471721717,-265.200966951,0.932673651073,-0.253295109714,-0.352714826148,-341.127969311,-475.022563701
501.5,0.267857142857,1764,1.62644833108,106.721084469,16.4633683984,10920701.0376,-11.2604716652,8.15938320808,-0.399601366819,0.169943794236,-999.509498588,-712.867863543,69.3401644539,0.93318995283,-0.252932190478,-0.352969478259,-341.062980625,-475.956904089
502,0.267857142857,1764,9.11039380872,104.11526566,16.4758254962,10928964.2458,-11.3230765805,8.15938320808,-0.399459299478,0.171580371305,-1000.40612585,-605.499442439,390.80655685,0.932939865884,-0.254113200585,-0.352752090065,-343.174238177,-476.383869451
502.5,0.267857142857,1764,14.567233682,98.3687336469,16.4940279414,10941038.5345,-11.398572927,8.15938320808,-0.399730678466,0.173553947801,-1003.11278199,-361.93839933,630.016614697,0.933672262498,-0.255633852888,-0.352926226514,-345.991080228,-477.672753326
503,0.267857142857,1764,16.7827953344,90.7601189147,16.5290087411,10964242.4649,-11.2680413405,8.15938320808,-0.400181451181,0.170141675775,-1009.08397934,-32.7002109026,721.993541227,0.934554518682,-0.253205011637,-0.35352596197,-344.158896938,-480.51618064
503.5,0.267857142857,1764,15.2641058453,82.9823741378,16.5773308304,10996296.1175,-10.9221560362,8.15938320808,-0.399721249075,0.16109976662,-1015.10388695,295.526420131,642.802372985,0.93302845779,-0.246418775413,-0.353564702552,-336.896182193,-483.382803312
504,0.267857142857,1764,10.3490807912,76.7660842236,16.6160831035,11022001.792,-10.5749248608,8.15938320808,-0.398176362309,0.152022674572,-1017.20231297,543.893900058,425.331550289,0.928971480044,-0.239367625918,-0.352644932968,-328.787886668,-484.382053797
504.5,0.267857142857,1764,3.1313364352,73.494403006,16.6290865539,11030627.4141,-10.3232536995,8.15938320808,-0.396564175656,0.145443650401,-1015.66354335,664.581136379,126.080088302,0.924884924303,-0.234140686446,-0.351561004388,-322.11189289,-483.649306357
505,0.267857142857,1764,-4.783145051,73.8952949912,16.609361837,11017543.3519,-10.2617920122,8.15938320808,-0.395325987971,0.143836958856,-1010.14983435,642.82539864,-190.921045898,0.92191802644,-0.2326651103,-0.350483457452,-319.323029283,-481.023730643
505.5,0.267857142857,1764,-11.633354197,77.8795598212,16.5673219628,10989656.902,-10.4081208752,8.15938320808,-0.394934423382,0.14766219303,-1003.10215168,487.001481584,-467.430278614,0.921193134658,-0.235398758197,-0.349806727583,-321.441448924,-477.667691277
506,0.267857142857,1764,-15.8950871491,84.560679774,16.5223228798,10959807.5102,-10.6545487833,8.15938320808,-0.395538050395,0.154104151481,-998.022109321,221.89471521,-648.433202978,0.922918800181,-0.240301799743,-0.349933542054,-326.356538668,-475.248623486
506.5,0.267857142857,1764,-16.6200882193,92.4520741392,16.48742361,10936657.6613,-10.9156308508,8.15938320808,-0.396637912062,0.160929189457,-995.616975265,-101.806538637,-690.041800289,0.925822894598,-0.245602839785,-0.350569654125,-332.148321326,-474.103321555
507,0.267857142857,1764,-13.6470412487,99.7978704398,16.459186509,10917927.0509,-11.2046487099,8.15938320808,-0.397793188703,0.168484506768,-994.214139361,-415.063085776,-578.123898169,0.928894791765,-0.251456338272,-0.351277895607,-338.900652607,-473.435304458
507.5,0.267857142857,1764,-7.63746321504,104.963594342,16.4520290192,10913179.2494,-11.2878486873,8.15938320808,-0.399199104101,0.170659466583,-996.924419705,-638.176813193,-325.72735026,0.932286242729,-0.253374592374,-0.352542045987,-341.189047817,-474.725914145
508,0.267857142857,1764,0.0714864167595,106.799847907,16.4613773194,10919380.2885,-11.2537288206,8.15938320808,-0.399635227342,0.169767527171,-999.385821775,-715.704026142,3.04545115962,0.933260226696,-0.2528090827,-0.353011183844,-340.81452647,-475.898010369
508.5,0.267857142857,1764,7.76452998357,104.898056052,16.4730875914,10927148.1023,-11.3068960497,8.15938320808,-0.399434546027,0.171157390368,-1000.0620181,-638.065108708,332.545108615,0.932860942561,-0.253794542748,-0.352747982147,-342.629994932,-476.220008621
509,0.267857142857,1764,13.7299289968,99.6813764385,16.4856607183,10935488.2764,-11.4536224673,8.15938320808,-0.399618891931,0.174993017159,-1001.60532631,-419.989577784,595.620583397,0.933483037844,-0.256676195191,-0.352753661447,-347.049476242,-476.954917291
509.5,0.267857142857,1764,16.6403540318,92.3105448915,16.5215077213,10959266.7885,-11.3014307554,8.15938320808,-0.400437922274,0.171014520191,-1008.76224088,-99.5843196169,717.198068981,0.935197132953,-0.253906662119,-0.353734225999,-344.799427997,-480.362971847
510,0.267857142857,1764,15.8482217873,84.4256062052,16.5687482265,10990602.9903,-10.9823947735,8.15938320808,-0.399854937781,0.162674488598,-1014.16385715,235.641411252,669.937841719,0.933419112835,-0.247611878097,-0.353603334732,-338.176913831,-482.935170069
510.5,0.267857142857,1764,11.5297854249,77.7809964377,16.6088374914,11017195.536,-10.6578360151,8.15938320808,-0.398433549071,0.154190084161,-1016.60912291,505.220829531,476.723631919,0.929679209852,-0.241025996186,-0.35274685575,-330.777105975,-484.099582339
511,0.267857142857,1764,4.64591740905,73.8551726108,16.6286795554,11030357.4384,-10.364897871,8.15938320808,-0.396959859782,0.146532285306,-1016.48361153,652.508825183,187.769248775,0.925861608786,-0.235035983592,-0.35186208567,-323.327743036,-484.039815016
511.5,0.267857142857,1764,-3.27168914924,73.5216490476,16.6159079979,11021885.6386,-10.2502912678,8.15938320808,-0.395542931357,0.143536313861,-1011.62358653,657.774735328,-130.597683617,0.922409132768,-0.232494232933,-0.350718285232,-319.340078253,-481.725517393
512,0.267857142857,1764,-10.4613294363,76.8546363145,16.5772099503,10996215.9337,-10.3478331718,8.15938320808,-0.394909521188,0.146086191013,-1004.57482064,526.184642394,-418.747706044,0.921057484196,-0.234228419821,-0.349902489957,-320.225232246,-478.36896221
512.5,0.267857142857,1764,-15.3232745684,83.1125290199,16.5293450139,10964465.5259,-10.6182196085,8.15938320808,-0.395253439918,0.153154457769,-998.264954271,280.311783049,-623.638840557,0.922207896208,-0.239534009686,-0.349721357519,-325.590375751,-475.364263938
513,0.267857142857,1764,-16.7757188153,90.9029165127,16.4928960478,10940287.7117,-10.8787915544,8.15938320808,-0.396475006213,0.159966160478,-995.991996605,-37.3981625572,-694.838393622,0.925394989537,-0.244853168296,-0.350469012931,-331.354334808,-474.281903145
513.5,0.267857142857,1764,-14.4954864798,98.4924008216,16.465302007,10921983.6646,-11.1249328801,8.15938320808,-0.397652062077,0.166400627277,-994.871022126,-357.771927964,-610.672794841,0.928461742949,-0.249881024361,-0.351248921559,-337.02783039,-473.748105774
514,0.267857142857,1764,-8.98994001425,104.192285881,16.453260433,10913996.0873,-11.262716215,8.15938320808,-0.398813083737,0.170002469801,-996.098509938,-604.008643558,-382.60231784,0.931351997185,-0.252803894807,-0.352197254773,-340.471520151,-474.33262378
514.5,0.267857142857,1764,-1.48408948196,106.734320375,16.4598170194,10918345.2896,-11.2465592939,8.15938320808,-0.399513299326,0.169580106055,-998.885740048,-712.311147208,-63.171581383,0.932966136062,-0.252643749244,-0.352901437622,-340.527075496,-475.659876213
515,0.267857142857,1764,6.35197796185,105.552889634,16.4706385989,10925523.6039,-11.2886568921,8.15938320808,-0.399408798899,0.170680594148,-999.758235852,-664.971577681,271.581995761,0.932777016558,-0.253435832751,-0.352745705196,-342.044002535,-476.075350406
515.5,0.267857142857,1764,12.7747003412,100.910867573,16.4818554729,10932964.1304,-11.4378449993,8.15938320808,-0.399536373598,0.174580572828,-1000.96515828,-472.511757728,553.227877832,0.933269682173,-0.256352781392,-0.352691000324,-346.452198835,-476.650075369
516,0.267857142857,1764,16.3549916249,93.8411260003,16.515795366,10955477.5928,-11.3057320375,8.15938320808,-0.400356678844,0.171126961519,-1007.82353747,-165.480514181,704.593502864,0.935013018978,-0.253972224882,-0.353649567004,-344.650009746,-479.915970225
516.5,0.267857142857,1764,16.2962201109,85.9167157706,16.5590649674,10984179.7617,-11.0550803071,8.15938320808,-0.399835856933,0.164574586647,-1012.61943406,173.382112442,691.960909142,0.933469423382,-0.249011818808,-0.353477893443,-339.691488914,-482.199730506
517,0.267857142857,1764,12.6114627383,78.9008555465,16.6015637692,11012370.6336,-10.7252040137,8.15938320808,-0.398761733591,0.155951174661,-1016.30339571,461.131131804,523.9627352,0.930532571683,-0.242400686551,-0.352949849432,-332.372379681,-483.953997957
517.5,0.267857142857,1764,6.12059540693,74.3546073279,16.6278442279,11029803.3378,-10.4023082001,8.15938320808,-0.39727918958,0.14751024185,-1017.06493584,634.40039078,248.182209251,0.92665482885,-0.235831591296,-0.352098688539,-324.389629113,-484.316636116
518,0.267857142857,1764,-1.73213327885,73.2895327922,16.6211897405,11025389.1946,-10.2511069809,8.15938320808,-0.395731644004,0.143557637702,-1012.79132477,667.636888208,-69.2042932054,0.9228502634,-0.232554324106,-0.350900008191,-319.62571957,-482.281583223
518.5,0.267857142857,1764,-9.19945413806,75.9426160484,16.5860153286,11002056.8346,-10.3111553008,8.15938320808,-0.394933877674,0.145127381911,-1005.92415276,561.599547865,-367.522812377,0.921067105546,-0.233525881233,-0.350000553585,-319.604017248,-479.011501313
519,0.267857142857,1764,-14.6198530495,81.7235335552,16.5367380953,10969369.6032,-10.5906536559,8.15938320808,-0.395083266425,0.152433846527,-998.827602484,336.338239397,-594.120168033,0.921775342168,-0.23896180681,-0.349605663372,-325.10322287,-475.632191659
519.5,0.267857142857,1764,-16.7872656824,89.3460038935,16.4986790236,10944123.7523,-10.8350944682,8.15938320808,-0.39636007988,0.158823859608,-996.572148467,27.0105588179,-693.327410638,0.925070242691,-0.243981536111,-0.350427369565,-330.406356224,-474.558165937
520,0.267857142857,1764,-15.2194325005,97.1139914509,16.47128609,10925953.1064,-11.0534759216,8.15938320808,-0.397471693844,0.16453264584,-995.383996358,-298.21074737,-637.981978446,0.927947892036,-0.248457341002,-0.351174726677,-335.351257507,-473.992379218
520.5,0.267857142857,1764,-10.2652037834,103.299082347,16.4548261201,10915034.6596,-11.2381864291,8.15938320808,-0.398467805176,0.169361228059,-995.424613798,-564.870100181,-436.008029579,0.930513742971,-0.25225351065,-0.35189200573,-339.794933469,-474.011720856
521,0.267857142857,1764,-3.02691879443,106.525064678,16.4565867163,10916202.5218,-11.2674185152,8.15938320808,-0.399378688682,0.170125394281,-998.04616424,-704.169887295,-128.983765441,0.932678993394,-0.253018139527,-0.352743260492,-340.897854751,-475.260078209
521.5,0.267857142857,1764,4.88486990704,106.074142154,16.4678343712,10923663.4662,-11.281623589,8.15938320808,-0.399517273155,0.170496734103,-999.74297838,-686.718855865,208.691216081,0.933021168909,-0.253323271992,-0.352860464995,-341.775678866,-476.068084943
522,0.267857142857,1764,11.7097520079,102.046647165,16.4802221329,10931880.6815,-11.3898140557,8.15938320808,-0.399527987546,0.173324979071,-1000.90187287,-519.698147101,505.164328152,0.933187393204,-0.25542050404,-0.352738610473,-345.123843998,-476.619939461
522.5,0.267857142857,1764,15.9291590416,95.3387163465,16.5094156411,10951245.7086,-11.3209105733,8.15938320808,-0.40010805916,0.171523748951,-1006.30048633,-230.037860385,686.365303158,0.934452217551,-0.254211955657,-0.353388082793,-344.708870753,-479.190707778
523,0.267857142857,1764,16.6042530364,87.4428959536,16.5483765895,10977089.8044,-11.1399152524,8.15938320808,-0.399864457399,0.166792286731,-1011.05063712,109.154991699,708.785043341,0.933646934682,-0.25065785123,-0.353386322346,-341.495659835,-481.452684343
523.5,0.267857142857,1764,13.5848223934,80.1160432752,16.5912305116,11005516.2394,-10.831901294,8.15938320808,-0.399128637661,0.158740385721,-1015.55677553,413.758282174,568.682455178,0.931527660292,-0.244543189476,-0.353130015633,-334.892831843,-483.59846454
524,0.267857142857,1764,7.5427046762,74.9884175995,16.6249291553,11027869.673,-10.455482675,8.15938320808,-0.397787906454,0.148900294465,-1017.83937621,611.436458858,307.22175147,0.927910334588,-0.236974792784,-0.35249037405,-325.847838046,-484.685417242
524.5,0.267857142857,1764,-0.177700417212,73.200939831,16.6241294432,11027339.1973,-10.2787647103,8.15938320808,-0.395985183398,0.144280648116,-1013.69552047,673.125672229,-7.12032170774,0.92347718969,-0.233147223001,-0.351089081713,-320.553966928,-482.712152602
525,0.267857142857,1764,-7.85856632942,75.1513322064,16.5940002068,11007353.4705,-10.2878469104,8.15938320808,-0.395086613668,0.144518069098,-1007.45763653,592.729956911,-313.698693145,0.921393322115,-0.233111718437,-0.350196846535,-319.34445037,-479.741731679
525.5,0.267857142857,1764,-13.7908641574,80.4056232203,16.5434432307,10973817.3431,-10.5801740695,8.15938320808,-0.394971224058,0.152159895981,-999.380694219,389.838614486,-560.35024464,0.921500441404,-0.238733396134,-0.349515761232,-325.055914259,-475.895568676
526,0.267857142857,1764,-16.6546296465,87.794708333,16.5043617223,10947893.2758,-10.7964955267,8.15938320808,-0.396328557956,0.15781483113,-997.351771195,90.8613573409,-686.195970495,0.924946772767,-0.243227468068,-0.350460048441,-329.6121187,-474.929414855
526.5,0.267857142857,1764,-15.8126614645,95.6744812459,16.4767476327,10929575.9297,-10.9961622854,8.15938320808,-0.397309038948,0.163034389958,-995.834075663,-236.928179569,-660.230412714,0.927493832191,-0.247311592935,-0.351100641894,-334.026205113,-474.206702697
527,0.267857142857,1764,-11.4523015041,102.29165531,16.4557508468,10915648.0617,-11.2286387314,8.15938320808,-0.398184994229,0.169111638341,-994.791028064,-521.628304319,-486.008146458,0.929840899014,-0.25200680679,-0.351628504509,-339.500769368,-473.710013364
527.5,0.267857142857,1764,-4.54375042823,106.173878077,16.452591384,10913552.2848,-11.3060007673,8.15938320808,-0.399309271465,0.171133986478,-997.23229337,-690.863030472,-194.085127613,0.932567201883,-0.253750009287,-0.352626811789,-341.717936632,-474.872520652
528,0.267857142857,1764,3.37580655483,106.457336665,16.4652064677,10921920.2902,-11.2769674783,8.15938320808,-0.39971316332,0.170375017078,-999.982173887,-702.733514733,144.148014568,0.933472566508,-0.253275774937,-0.353057560755,-341.602546773,-476.181987565
528.5,0.267857142857,1764,10.5442306527,103.078960201,16.4783166444,10930616.7074,-11.349564309,8.15938320808,-0.39952715486,0.172272796314,-1000.80472819,-562.38016505,453.389725455,0.933132912397,-0.254640800389,-0.352785950113,-343.990749358,-476.57368009
529,0.267857142857,1764,15.3665136838,96.7904533873,16.5024151925,10946602.0777,-11.346992675,8.15938320808,-0.399892102577,0.172205570327,-1004.75670581,-292.869841168,662.7522737,0.933981922326,-0.254669984649,-0.35314536819,-345.037156683,-478.455574197
529.5,0.267857142857,1764,16.7696749226,88.9910386582,16.5385163096,10970549.1521,-11.2101252621,8.15938320808,-0.399955784035,0.16862767124,-1009.83043648,43.2546191937,718.923384575,0.933951863843,-0.252035534574,-0.353380828573,-342.963540029,-480.871636417
530,0.267857142857,1764,14.4415043736,81.4161225878,16.5843187274,11000931.4225,-10.8820113657,8.15938320808,-0.399453170856,0.160050330694,-1015.3893158,360.563087628,606.610877213,0.932350389637,-0.245583614961,-0.353366144565,-336.03749943,-483.518721809
530.5,0.267857142857,1764,8.90003096786,75.7511597394,16.6208082141,11025136.1153,-10.515071103,8.15938320808,-0.398007385266,0.150458016479,-1017.62535737,583.018071863,364.161489603,0.928499598007,-0.238174424498,-0.352591033584,-327.335031456,-484.583503509
531,0.267857142857,1764,1.37825868238,73.2566310736,16.6271386238,11029335.2871,-10.2938082477,8.15938320808,-0.396278044092,0.144673906509,-1014.79547173,672.169752903,55.3307880896,0.924179587183,-0.233505968468,-0.351342838469,-321.163443682,-483.235938918
531.5,0.267857142857,1764,-6.45018266241,74.4875809874,16.6017022719,11012462.507,-10.2659377616,8.15938320808,-0.395174785399,0.143945334346,-1008.77035164,618.731394943,-257.273253973,0.921570750985,-0.232709592429,-0.350327869126,-319.08957304,-480.366834116
532,0.267857142857,1764,-12.8434279335,79.1701173175,16.5540514505,10980854.1288,-10.505459122,8.15938320808,-0.394901685748,0.150206746309,-1000.86717953,437.907938481,-519.325944176,0.921242032917,-0.237272478467,-0.349587155092,-323.481205712,-476.603418826
532.5,0.267857142857,1764,-16.3789498955,86.2623536387,16.5127362453,10953448.3761,-10.7237222156,8.15938320808,-0.395991557084,0.155912438458,-997.778710607,153.212295355,-671.400198529,0.924066297968,-0.241743176684,-0.350254533553,-327.933208326,-475.132719337
533,0.267857142857,1764,-16.2700782315,94.1862339091,16.4816657179,10932838.2596,-10.9533788733,8.15938320808,-0.396965905988,0.161915973765,-995.663224552,-174.253568012,-677.248153164,0.926637385424,-0.246406912569,-0.350830937227,-333.003022372,-474.125345025
533.5,0.267857142857,1764,-12.5410374004,101.178657385,16.4569051154,10916413.7265,-11.2203432029,8.15938320808,-0.397974410625,0.168894782017,-994.380023283,-474.07267615,-531.84948403,0.929338363296,-0.251800072501,-0.351433923225,-339.269849566,-473.514296802
534,0.267857142857,1764,-6.02155658048,105.683776852,16.4529706819,10913803.8856,-11.2829712287,8.15938320808,-0.399280536943,0.170531963224,-997.280764554,-668.765605024,-256.762766245,0.932470059444,-0.253297864706,-0.352627692329,-341.124774385,-474.895602169
534.5,0.267857142857,1764,1.83774898771,106.699181976,16.4629467214,10920421.3252,-11.2697910797,8.15938320808,-0.399601814487,0.170187416324,-999.425811732,-712.405544282,78.4004012741,0.933203161129,-0.25311264947,-0.352958005285,-341.288834539,-475.917053206
535,0.267857142857,1764,9.28814673582,103.998940325,16.4755679245,10928793.3899,-11.3285536445,8.15938320808,-0.399502939264,0.171723549157,-1000.47654361,-600.76364688,398.600235186,0.93304893451,-0.254228711738,-0.352787950395,-343.319498732,-476.417401717
535.5,0.267857142857,1764,14.6718880147,98.1838684058,16.4947127632,10941492.7996,-11.3886365439,8.15938320808,-0.399763652509,0.173294197323,-1003.32084238,-353.715964505,634.135443397,0.933736303745,-0.255448532238,-0.352970117816,-345.768965936,-477.771829707
536,0.267857142857,1764,16.7910649899,90.5478471561,16.5291514652,10964337.1386,-11.2681585516,8.15938320808,-0.400131690075,0.170144739834,-1008.96235087,-23.5679185186,722.337329207,0.934438463409,-0.253196442678,-0.353477245817,-344.15319321,-480.458262321
536.5,0.267857142857,1764,15.1741507863,82.7899273294,16.5772824899,10996264.0516,-10.9268282097,8.15938320808,-0.39971922612,0.161221903547,-1015.07159434,303.739573874,639.243223233,0.933029829497,-0.246508536149,-0.353555516884,-337.016934779,-483.367425875
537,0.267857142857,1764,10.1809164427,76.6362826883,16.6160408797,11021973.7835,-10.5749881425,8.15938320808,-0.398199861579,0.152024328843,-1017.26278351,549.240933402,418.429686847,0.929026387519,-0.239374240954,-0.352667689319,-328.79530184,-484.410849291
537.5,0.267857142857,1764,2.92238015804,73.4561281977,16.6284661636,11030215.8885,-10.3232960517,8.15938320808,-0.3965644719,0.145444757544,-1015.58834512,666.075050941,117.658341161,0.924885669927,-0.234141572298,-0.351561206608,-322.089077526,-483.613497676
538,0.267857142857,1764,-4.98639949922,73.9570632354,16.6081108414,11016713.5248,-10.2641506783,8.15938320808,-0.395324899925,0.143898617577,-1009.98050012,640.387960841,-199.042747228,0.92191852592,-0.23271036088,-0.350477497966,-319.337024255,-480.943095294
538.5,0.267857142857,1764,-11.7856817426,78.0276273921,16.5651754574,10988233.0534,-10.4236115794,8.15938320808,-0.3949378044,0.148067140967,-1002.76460361,481.540544909,-474.031655572,0.921220954677,-0.235698846235,-0.349779647009,-321.767830441,-477.506954101
539,0.267857142857,1764,-15.9625941946,84.7621009385,16.5205250659,10958614.9604,-10.6674429199,8.15938320808,-0.395609198382,0.154441221633,-997.937510443,213.867499838,-651.765158368,0.923101443558,-0.240567456767,-0.349980038757,-326.646233274,-475.208338306
539.5,0.267857142857,1764,-16.5877541285,92.662031738,16.4860319705,10935734.5404,-10.925586526,8.15938320808,-0.396697447018,0.161189444257,-995.569606065,-110.597727567,-689.1607962,0.925974746084,-0.24580889876,-0.350612159944,-332.370875943,-474.080764793
540,0.267857142857,1764,-13.5220605094,99.9696479165,16.4595868605,10918192.6175,-11.1923368057,8.15938320808,-0.397850144525,0.168162656957,-994.4663928,-421.980835302,-572.34221675,0.929011795472,-0.25123026006,-0.351349929733,-338.612427508,-473.555425143
540.5,0.267857142857,1764,-7.44764463135,105.058970398,16.4520557751,10913196.9975,-11.2851953049,8.15938320808,-0.399138828162,0.170590103582,-996.770766735,-642.083104755,-317.552041185,0.932142015655,-0.253310107021,-0.352486563244,-341.103322625,-474.652746064
541,0.267857142857,1764,0.28390731441,106.797600919,16.4606066754,10918869.0947,-11.2670691677,8.15938320808,-0.399614478392,0.170116261866,-999.186529846,-716.25920835,12.1059685394,0.93322918302,-0.253062728392,-0.352973836694,-341.124526913,-475.803109451
541.5,0.267857142857,1764,7.95228854327,104.798685986,16.472541865,10926786.1038,-11.3164228029,8.15938320808,-0.399496078454,0.171406432568,-1000.13249346,-634.261169314,340.829438155,0.93301708049,-0.253992346812,-0.352796215381,-342.874317299,-476.253568317
542,0.267857142857,1764,13.8512480532,99.5069936031,16.4865432701,10936073.7025,-11.4406221284,8.15938320808,-0.39967385744,0.174653170736,-1001.90692385,-412.083018169,600.385815059,0.933594455034,-0.256436124283,-0.352822103236,-346.762003109,-477.098535167
542.5,0.267857142857,1764,16.6682395225,92.0999502901,16.5216547986,10959364.3497,-11.3035365227,8.15938320808,-0.400371786172,0.171069567796,-1008.58861546,-90.5187191009,718.487336755,0.935045430161,-0.253933032894,-0.353667045388,-344.841378496,-480.280293077
543,0.267857142857,1764,15.776469059,84.2256581302,16.5690020752,10990771.3765,-10.9850651629,8.15938320808,-0.399863996285,0.162744296182,-1014.20879566,244.153950742,667.069483651,0.93344374365,-0.247665470033,-0.353608167918,-338.260471924,-482.95656936
543.5,0.267857142857,1764,11.3743597982,77.6361842791,16.6092147191,11017445.7637,-10.6544652241,8.15938320808,-0.398448867347,0.15410196713,-1016.71537318,511.101081092,470.19849865,0.929710573433,-0.240964452245,-0.352767698234,-330.707666712,-484.150177702
544,0.267857142857,1764,4.44140181919,73.797717757,16.6281451711,11030002.9635,-10.3658624391,8.15938320808,-0.396942304487,0.146557500418,-1016.36341646,654.829240127,179.503093129,0.925821910499,-0.235050488171,-0.351843092914,-323.326914225,-483.982579268
544.5,0.267857142857,1764,-3.47978901865,73.5643354748,16.6145237481,11020967.4196,-10.2563253376,8.15938320808,-0.395544475655,0.143694052598,-1011.42308731,656.290886463,-138.951109415,0.922420507231,-0.232610981405,-0.350707205947,-319.447204806,-481.630041576
545,0.267857142857,1764,-10.6267103826,76.9879660911,16.5753983274,10995014.2238,-10.3586445648,8.15938320808,-0.394934072639,0.146368815433,-1004.36143332,521.210797939,-425.664138039,0.921128655898,-0.234442947202,-0.349904638965,-320.448471985,-478.267349201
545.5,0.267857142857,1764,-15.4091385506,83.3068356417,16.5276821207,10963362.4734,-10.6280269505,8.15938320808,-0.395302666521,0.153410834941,-998.150570395,272.577439224,-627.533301425,0.922335391283,-0.239734985229,-0.349751653739,-325.797992854,-475.309795426
546,0.267857142857,1764,-16.7629606924,91.1149658396,16.4913289011,10939248.1711,-10.891275672,8.15938320808,-0.39651758237,0.160292512179,-995.86430903,-46.2196928069,-694.890252466,0.925510514899,-0.245104389164,-0.350490686042,-331.631274553,-474.221099538
546.5,0.267857142857,1764,-14.3869449943,98.6750108779,16.4641636947,10921228.5842,-11.1358954823,8.15938320808,-0.397708825335,0.16668720451,-994.847099607,-365.743267709,-606.561576539,0.928608511445,-0.250105857928,-0.351289045839,-337.284434898,-473.736714099
547,0.267857142857,1764,-8.8097661588,104.304825068,16.4529852992,10913813.5818,-11.264086491,8.15938320808,-0.398867359592,0.170038290667,-996.210040799,-608.870207857,-374.97866117,0.931480533171,-0.252842255483,-0.352248470093,-340.511795124,-474.385733714
547.5,0.267857142857,1764,-1.2723727894,106.751748192,16.4598521642,10918368.6023,-11.2469654489,8.15938320808,-0.399519939848,0.169590723496,-998.906863008,-713.082295096,-54.1618999097,0.932982173326,-0.252653057864,-0.352907393212,-340.541076395,-475.669934766
548,0.267857142857,1764,6.54812952856,105.47132831,16.4701700708,10925212.8136,-11.2968071727,8.15938320808,-0.399406281992,0.170893653494,-999.665358707,-661.857138427,280.126320441,0.932781771213,-0.253593074833,-0.352733002845,-342.236749251,-476.031123194
548.5,0.267857142857,1764,12.911642133,100.748464887,16.4819035095,10932995.9947,-11.4384670286,8.15938320808,-0.399576844161,0.174596833515,-1001.08115241,-465.519048185,559.206865298,0.933365028777,-0.256373528961,-0.352729814889,-346.482258127,-476.705310673
549,0.267857142857,1764,16.4022534471,93.6340173166,16.5161565694,10955717.191,-11.3064650024,8.15938320808,-0.400359376895,0.171146122211,-1007.87252977,-156.573963202,706.701593284,0.935020278664,-0.25398699017,-0.353651289606,-344.685122962,-479.93929989
549.5,0.267857142857,1764,16.2432859851,85.7109837482,16.5595787775,10984520.5891,-11.0560617958,8.15938320808,-0.399838980311,0.164600244086,-1012.68695008,182.143468926,689.810502551,0.933477996278,-0.2490314759,-0.353479524924,-339.739386814,-482.231880991
550,0.267857142857,1764,12.4701107572,78.7422765311,16.6002846514,11011522.1521,-10.7518104953,8.15938320808,-0.398751842601,0.156646704037,-1015.98936315,468.633846638,519.102817569,0.930544090043,-0.242911964902,-0.352895167395,-333.02210553,-483.804458643
550.5,0.267857142857,1764,5.92227705317,74.2784658985,16.6276281927,11029660.0345,-10.4011537455,8.15938320808,-0.397414095844,0.147480062847,-1017.42404831,637.495885685,240.143692778,0.926968003261,-0.235840700726,-0.352232162634,-324.393729807,-484.487642052
551,0.267857142857,1764,-1.94329123588,73.3127707761,16.6203944302,11024861.6387,-10.2500219232,8.15938320808,-0.395726406542,0.143529272828,-1012.68624594,666.581141943,-77.6259062398,0.922836651171,-0.232532168139,-0.3508971812,-319.564684105,-482.231545686
551.5,0.267857142857,1764,-9.37646805669,76.0600628846,16.5844955042,11001048.6845,-10.317267458,8.15938320808,-0.394925018669,0.145287161959,-1005.67923241,557.081860777,-374.711896423,0.921054307269,-0.233641816975,-0.349979472485,-319.704088284,-478.894872576
552,0.267857142857,1764,-14.7233364977,81.9090567685,16.5352508138,10968383.0398,-10.5979016723,8.15938320808,-0.395110161562,0.152623319468,-998.685035653,328.941180897,-598.584312819,0.921847427265,-0.239108173149,-0.349618647885,-325.243840165,-475.564302692
552.5,0.267857142857,1764,-16.7941931048,89.5583236936,16.4969564127,10942981.0871,-10.8519913396,8.15938320808,-0.396387305637,0.159265566655,-996.361633279,18.2626776573,-694.415640486,0.925155634362,-0.244314700556,-0.350426517096,-330.788451058,-474.457920609
553,0.267857142857,1764,-15.1282625128,97.3058656807,16.4701944409,10925228.9792,-11.063868746,8.15938320808,-0.397551035844,0.164804328311,-995.428705874,-306.48297461,-634.63456601,0.928146612336,-0.248676141396,-0.351237055891,-335.602090709,-474.013669464
553.5,0.267857142857,1764,-10.0962221381,103.427818086,16.4547167606,10914962.1179,-11.2367038068,8.15938320808,-0.398520858314,0.169322470307,-995.563305369,-570.291745388,-428.795810928,0.930635704618,-0.252236374965,-0.351945712585,-339.767334801,-474.077764461
554,0.267857142857,1764,-2.81772470479,106.562017615,16.4569641649,10916452.896,-11.2624105597,8.15938320808,-0.399374052734,0.169994479559,-998.097268084,-705.503685588,-120.028562364,0.93266163475,-0.252920190144,-0.352745140995,-340.781516831,-475.284413373
554.5,0.267857142857,1764,5.08772976909,106.011090088,16.4675421788,10923469.6453,-11.2874975322,8.15938320808,-0.399488894553,0.170650286914,-999.60800437,-684.291222869,217.442335672,0.932962558727,-0.253430803973,-0.35282534616,-341.908624145,-476.003811605
555,0.267857142857,1764,11.861140366,101.897619477,16.4802437656,10931895.0312,-11.3929437493,8.15938320808,-0.39955566187,0.173406793491,-1000.9707063,-513.40418001,511.830039223,0.933256118371,-0.255487093111,-0.352761942696,-345.214725351,-476.652717285
555.5,0.267857142857,1764,15.9953912718,95.1368724009,16.5100268362,10951651.1347,-11.3198407699,8.15938320808,-0.40012431003,0.171495782845,-1006.42392947,-221.342116859,689.223614638,0.934488773201,-0.254194778075,-0.35340526568,-344.711099805,-479.249490222
556,0.267857142857,1764,16.570592155,87.2331469804,16.5491095727,10977576.0166,-11.1395647659,8.15938320808,-0.399859295608,0.166783124539,-1011.12717612,118.115272114,707.388497905,0.933634424814,-0.250649939766,-0.353381768928,-341.515132972,-481.489131487
556.5,0.267857142857,1764,13.4587581054,79.9450594104,16.592180553,11006146.4335,-10.8242602482,8.15938320808,-0.39913113971,0.158540638459,-1015.71573541,420.711173915,563.131116642,0.931523551342,-0.244396234291,-0.353144844778,-334.729913254,-483.674159717
557,0.267857142857,1764,7.35228688035,74.8942435599,16.6250514776,11027950.8134,-10.4515211481,8.15938320808,-0.397751578269,0.1487967348,-1017.7742646,615.061172841,299.363107675,0.927820458075,-0.236890005765,-0.352462638404,-325.736046535,-484.654411714
557.5,0.267857142857,1764,-0.390102862927,73.2045297846,16.6236874543,11027046.0114,-10.274105172,8.15938320808,-0.395967734307,0.144158841489,-1013.62042771,672.674871053,-15.6239979978,0.923430487385,-0.233053274277,-0.351081741965,-320.407758724,-482.676394145
558,0.267857142857,1764,-8.04569287874,75.2518873716,16.5925687322,11006403.9257,-10.2943835427,8.15938320808,-0.395059441806,0.144688945496,-1007.16916908,588.916917911,-321.2780355,0.921338364917,-0.23323151657,-0.350156983634,-319.453442076,-479.604366228
558.5,0.267857142857,1764,-13.9110782703,80.5807695984,16.5421351645,10972949.6591,-10.5849643475,8.15938320808,-0.395001624456,0.152285120319,-999.282192199,382.821253712,-565.381267564,0.921577536125,-0.238833032368,-0.349536584413,-325.140154676,-475.848662952
559,0.267857142857,1764,-16.6811831157,88.0054750286,16.5025880771,10946716.7578,-10.8146236744,8.15938320808,-0.396342699572,0.158288725401,-997.091500013,82.2793603953,-688.142338185,0.925003212419,-0.243581450447,-0.350443908623,-330.020878454,-474.805476197
559.5,0.267857142857,1764,-15.7396460177,95.8739716749,16.4757014405,10928881.9555,-11.0060416206,8.15938320808,-0.397394908027,0.163292649126,-995.903207114,-245.434981643,-657.657194359,0.927707101288,-0.247521933909,-0.35116960919,-334.267844966,-474.239622435
560,0.267857142857,1764,-11.2959634228,102.435481911,16.4557714525,10915661.7301,-11.2249084071,8.15938320808,-0.398236750878,0.169014122623,-994.950267127,-527.605628263,-479.25877914,0.929956909721,-0.251945849106,-0.351683909945,-339.419497887,-473.785841489
560.5,0.267857142857,1764,-4.33887567313,106.230038752,16.4525697075,10913537.9059,-11.3067709637,8.15938320808,-0.399290137675,0.171154120451,-997.174130277,-693.289487872,-185.341325385,0.932523520379,-0.253760768722,-0.352607174132,-341.731525581,-474.844823941
561,0.267857142857,1764,3.58363238418,106.413335399,16.4650912236,10921843.845,-11.2807807345,8.15938320808,-0.39971488897,0.170474700746,-999.95926456,-701.05008331,153.064914616,0.93348157483,-0.253349948588,-0.353054414516,-341.697804254,-476.171078362
561.5,0.267857142857,1764,10.7087653288,102.944587484,16.4784812539,10930725.8984,-11.3519514551,8.15938320808,-0.3995449247,0.172335199537,-1000.86573877,-556.722863392,460.564270943,0.933177531305,-0.254690871566,-0.352800407871,-344.065263773,-476.602732745
562,0.267857142857,1764,15.4511474649,96.5956077822,16.5033118589,10947196.8664,-11.3433803543,8.15938320808,-0.39990606915,0.172111139384,-1004.91717586,-284.422393826,666.2998308,0.934009823321,-0.254603080785,-0.353163389521,-344.983999312,-478.531988504
562.5,0.267857142857,1764,16.7555763932,88.7790742315,16.5391544297,10970972.4384,-11.2129848884,8.15938320808,-0.399936102415,0.168702425735,-1009.84270317,52.3562599707,718.519779183,0.933909639236,-0.252086537336,-0.353357852831,-343.059414883,-480.8774777
563,0.267857142857,1764,14.3318105229,81.2342024244,16.5844782665,11001037.2501,-10.8879592501,8.15938320808,-0.399464199321,0.16020581643,-1015.41280016,368.387565541,602.302385242,0.932383882535,-0.245700929854,-0.353367518635,-336.204492394,-483.529904839
563.5,0.267857142857,1764,8.71914919524,75.639761934,16.6209343897,11025219.8118,-10.5126522264,8.15938320808,-0.398038704539,0.150394783776,-1017.74183027,587.487792229,356.706740327,0.928569523855,-0.238135004224,-0.352626035711,-327.285823274,-484.638966797
564,0.267857142857,1764,1.16643603561,73.2405421635,16.6266005467,11028978.3627,-10.2926210077,8.15938320808,-0.396266476798,0.144642870451,-1014.70434658,672.698338403,46.8189120832,0.92415107815,-0.233480366105,-0.351334028027,-321.107446298,-483.192545991
564.5,0.267857142857,1764,-6.64581464506,74.5703808309,16.6005712961,11011712.2931,-10.2686870327,8.15938320808,-0.395167263735,0.144017204008,-1008.5954344,615.480587081,-265.098564945,0.921556748425,-0.232760877516,-0.350314851635,-319.116411279,-480.283540192
565,0.267857142857,1764,-12.9793402129,79.3333825588,16.5523293013,10979711.7699,-10.5187499485,8.15938320808,-0.394908253161,0.150554186471,-1000.60550972,431.686340144,-525.284037316,0.921274459832,-0.237530976056,-0.349568486698,-323.766249253,-476.478814151
565.5,0.267857142857,1764,-16.4249013483,86.4697569914,16.5111787476,10952415.2359,-10.7386338635,8.15938320808,-0.396050432231,0.15630224908,-997.68119688,144.863844513,-673.997328017,0.9242229457,-0.242045018497,-0.350286378494,-328.280731178,-475.086284229
566,0.267857142857,1764,-16.2158444426,94.3916271487,16.4806717253,10932178.9111,-10.9624961844,8.15938320808,-0.397036040911,0.162154312595,-995.69759515,-182.923622298,-675.43552848,0.92681291389,-0.246599059439,-0.350885369828,-333.222500189,-474.141711976
566.5,0.267857142857,1764,-12.3986856438,101.336339546,16.4560168198,10915824.4904,-11.2298920483,8.15938320808,-0.398014964241,0.169144401739,-994.349103418,-481.078006342,-526.160578243,0.929445474342,-0.251993949826,-0.351460936165,-339.494422786,-473.499573056
567,0.267857142857,1764,-5.82276079353,105.758662911,16.4531251234,10913906.3319,-11.2808492955,8.15938320808,-0.399329602138,0.170476493025,-997.442527464,-671.890736757,-248.26084939,0.932581877509,-0.253267456468,-0.35267826884,-341.090226019,-474.972632126
567.5,0.267857142857,1764,2.04875580449,106.67460943,16.4629877951,10920448.5707,-11.2729702849,8.15938320808,-0.399589406504,0.170270525041,-999.385046554,-711.526139418,87.4229357076,0.933178333515,-0.253171478987,-0.352941847498,-341.369861713,-475.897641216
568,0.267857142857,1764,9.46441457018,103.880376682,16.4759408678,10929040.7756,-11.3286966543,8.15938320808,-0.399518788969,0.171727287628,-1000.56522168,-595.717001094,406.193059014,0.933086138523,-0.254234915967,-0.352803247658,-343.343420558,-476.459629372
568.5,0.267857142857,1764,14.7741964419,97.9976946364,16.495825166,10942230.6935,-11.3830280418,8.15938320808,-0.399767504556,0.173147583498,-1003.48572685,-345.570087952,638.374006008,0.933737975831,-0.255340754475,-0.352980512881,-345.669699746,-477.850346117
569,0.267857142857,1764,16.7966499021,90.3354878015,16.5293895377,10964495.06,-11.278363231,8.15938320808,-0.40009792612,0.17041150394,-1008.86036481,-14.4436497144,723.140830978,0.934372948588,-0.253386508134,-0.353431335137,-344.421457941,-480.409697528
569.5,0.267857142857,1764,15.0817695143,82.598633348,16.577670464,10996521.4078,-10.9308278504,8.15938320808,-0.399768149531,0.161326459558,-1015.23833018,311.924353387,635.60845245,0.933149244393,-0.246596700677,-0.353597040638,-337.153250802,-483.446823895
570,0.267857142857,1764,10.0111242553,76.5086178935,16.6165031616,11022280.4305,-10.5696719595,8.15938320808,-0.398222965407,0.151885356637,-1017.41224184,554.293496067,411.3070862,0.929073389382,-0.239277009887,-0.352699878477,-328.680036895,-484.482019922
570.5,0.267857142857,1764,2.71295661807,73.4204986086,16.6282373948,11030064.1386,-10.3195273422,8.15938320808,-0.396539701243,0.145346238386,-1015.51290419,667.267508864,109.18710771,0.924823030645,-0.234063116066,-0.351544764393,-321.972292464,-483.577573424
571,0.267857142857,1764,-5.18885666615,74.0213966036,16.6072549959,11016145.814,-10.2637354301,8.15938320808,-0.39530607024,0.143887762427,-1009.82615727,637.720148633,-207.091844155,0.921874079481,-0.232697927384,-0.350460057548,-319.287052974,-480.869598701
571.5,0.267857142857,1764,-11.9361248617,78.1776092398,16.5634871564,10987113.1471,-10.4370684586,8.15938320808,-0.394928280747,0.148418921972,-1002.45847888,475.931246449,-480.509813828,0.92121605691,-0.235956670923,-0.349744153318,-322.054146985,-477.36118042
572,0.267857142857,1764,-16.027548962,84.9643595969,16.5191869313,10957727.3311,-10.6788825987,8.15938320808,-0.395670867683,0.154740270292,-997.88975517,205.776934037,-654.951430512,0.923260099391,-0.240802809325,-0.350019990579,-326.912833428,-475.1855977
572.5,0.267857142857,1764,-16.5527678021,92.8715637014,16.4851028139,10935118.1999,-10.933606521,8.15938320808,-0.396750711184,0.161399097762,-995.569455957,-119.370699333,-688.097383145,0.926109458326,-0.245976073736,-0.350651631584,-332.559432416,-474.080693313
573,0.267857142857,1764,-13.3949177119,100.139831334,16.4577386333,10916966.6268,-11.2168377923,8.15938320808,-0.39787687311,0.168803145849,-994.224521653,-429.908517937,-567.917653798,0.929106041901,-0.251710828411,-0.35134337487,-339.183959776,-473.440248406
573.5,0.267857142857,1764,-7.25663523496,105.151938657,16.4524032602,10913427.4959,-11.2797649138,8.15938320808,-0.399264748792,0.170448145821,-997.179883261,-645.876054599,-309.325891644,0.932429006928,-0.253232353054,-0.352616343082,-341.013025049,-474.847563458
574,0.267857142857,1764,0.496282817786,106.792668143,16.4609035379,10919066.0135,-11.2669631032,8.15938320808,-0.39958733048,0.170113489196,-999.147946082,-716.052161287,21.1618773894,0.933165645436,-0.253054763252,-0.352947475812,-341.126093928,-475.78473623
574.5,0.267857142857,1764,8.13877560217,104.696949741,16.4726598143,10926864.3435,-11.3222704749,8.15938320808,-0.399492279587,0.171559298616,-1000.11581452,-630.188595074,348.981499743,0.933015839211,-0.254104743743,-0.352785279736,-343.03095876,-476.245625962
575,0.267857142857,1764,13.9703524172,99.3310906833,16.4878316234,10936928.3102,-11.4335401631,8.15938320808,-0.399707091502,0.174468038593,-1002.17869233,-404.31652244,605.33591391,0.933662836547,-0.256306071214,-0.352862655075,-346.64031133,-477.227948728
575.5,0.267857142857,1764,16.6934599087,91.8890199252,16.521998137,10959592.0976,-11.3136403074,8.15938320808,-0.40033073736,0.171333694377,-1008.48049636,-81.4897371778,720.133039572,0.934962775214,-0.254119587952,-0.353614435683,-345.109063555,-480.228807789
576,0.267857142857,1764,15.7021938125,84.0266333215,16.5695917518,10991162.5287,-10.9875685998,8.15938320808,-0.399913218292,0.162809739406,-1014.40789701,252.647690861,664.135189033,0.933561914911,-0.247724775622,-0.353652412621,-338.365554248,-483.051379528
576.5,0.267857142857,1764,11.2171155117,77.4933489855,16.6099856691,11017957.1605,-10.6466279593,8.15938320808,-0.398465831909,0.153897090441,-1016.89719542,516.737513543,463.457753153,0.929739975363,-0.240817113255,-0.352798032319,-330.536136617,-484.236759724
577,0.267857142857,1764,4.23617608835,73.7428535053,16.6294035609,11030837.6954,-10.3403456486,8.15938320808,-0.396916875764,0.14589045704,-1016.59335955,655.754163158,170.871936642,0.92572960672,-0.23455262268,-0.351869434471,-322.690904397,-484.092075976
577.5,0.267857142857,1764,-3.68733250048,73.6096498198,16.6134569526,11020259.7785,-10.2606804189,8.15938320808,-0.395413036661,0.143807900306,-1010.89866499,654.546869369,-147.253226317,0.922119596387,-0.23266411158,-0.350570382284,-319.479138479,-481.380316663
578,0.267857142857,1764,-10.7903922115,77.1233763773,16.5739662827,10994064.3009,-10.3682267348,8.15938320808,-0.394950810438,0.146619306302,-1004.17956964,516.113352308,-432.494236079,0.921180023593,-0.234631919227,-0.349901737815,-320.651355466,-478.180747446
578.5,0.267857142857,1764,-15.4925387475,83.5022124414,16.5265591968,10962617.6006,-10.6357608164,8.15938320808,-0.395346823119,0.153613008645,-998.098101727,264.761068113,-631.264267962,0.922448387559,-0.239894687748,-0.349780796736,-325.97072862,-475.284810346
579,0.267857142857,1764,-16.74752232,91.3268368932,16.4901064289,10938437.2645,-10.9031040124,8.15938320808,-0.396550054282,0.160601720977,-995.753555321,-55.047433027,-694.816460116,0.925601611125,-0.245340653448,-0.350503669165,-331.901732968,-474.168359677
579.5,0.267857142857,1764,-14.2761031632,98.8562338764,16.4632526982,10920624.2898,-11.1465254072,8.15938320808,-0.397762463119,0.166965085109,-994.843571795,-373.667374167,-602.345653557,0.928747554636,-0.250323554222,-0.351326678341,-337.540656114,-473.735034188
580,0.267857142857,1764,-8.62818369944,104.415077039,16.4528763119,10913741.2869,-11.2652223647,8.15938320808,-0.398920088387,0.170067983942,-996.33826954,-613.636090265,-367.293556391,0.931605151374,-0.252875737702,-0.352298477661,-340.55237504,-474.446795019
580.5,0.267857142857,1764,-1.06045265566,106.766497552,16.4600129844,10918475.2797,-11.2490091535,8.15938320808,-0.399524490539,0.169644148695,-998.931481319,-713.838619084,-45.1490871581,0.932995466979,-0.252693601346,-0.352909194504,-340.602378936,-475.681657771
581,0.267857142857,1764,6.74323410711,105.387293257,16.4703381756,10925324.3231,-11.3028064628,8.15938320808,-0.39941317472,0.171050483042,-999.683554054,-658.580980999,288.612536279,0.932805695429,-0.25371072306,-0.352732222647,-342.402510955,-476.039787645
581.5,0.267857142857,1764,13.0465194672,100.584343617,16.4824951414,10933388.4438,-11.4436390304,8.15938320808,-0.39960399542,0.174732036629,-1001.21154967,-458.63343599,565.322732115,0.933435204348,-0.256479566903,-0.352750435211,-346.650450973,-476.767404606
582,0.267857142857,1764,16.4468926937,93.4263275856,16.5166981963,10956076.4702,-11.3143940081,8.15938320808,-0.400380781537,0.171353397132,-1007.97017315,-147.727063541,709.112337145,0.935080637895,-0.254145028146,-0.353662355364,-344.922217395,-479.985796738
582.5,0.267857142857,1764,16.1877547011,85.5059375017,16.5603506792,10985032.6172,-11.0571662576,8.15938320808,-0.39987808338,0.16462911621,-1012.88606248,190.892039294,687.599139456,0.933570729264,-0.249061473681,-0.353516067244,-339.811988582,-482.32669642
583,0.267857142857,1764,12.3267649153,78.5854975263,16.6013517892,11012230.0202,-10.7419803414,8.15938320808,-0.398762874851,0.156389730534,-1016.19866985,474.854994045,512.806045988,0.93055705141,-0.242724726337,-0.352922492058,-332.808193884,-483.904128499
583.5,0.267857142857,1764,5.72301177954,74.2048382037,16.6276461149,11029671.9229,-10.3976870446,8.15938320808,-0.397366416699,0.147389438603,-1017.31195552,640.271210514,231.987473577,0.926852303462,-0.235762784237,-0.352192596885,-324.28725645,-484.434264532
584,0.267857142857,1764,-2.15413847778,73.3386769007,16.6198346106,11024490.2917,-10.2480966185,8.15938320808,-0.39570994213,0.143478942762,-1012.58344389,665.384134012,-86.0273555131,0.922795774845,-0.232491168987,-0.350885197265,-319.486816286,-482.18259233
584.5,0.267857142857,1764,-9.55198276079,76.1797385937,16.5832805959,11000242.7953,-10.3226687932,8.15938320808,-0.39491230237,0.14542836016,-1005.46478529,552.457806576,-381.835573825,0.921031598215,-0.233743132847,-0.34995611489,-319.795865121,-478.792754902
585,0.267857142857,1764,-14.8244658143,82.0958736522,16.534106646,10967624.0752,-10.6041779483,8.15938320808,-0.39513399916,0.152787389803,-998.580566855,321.472061113,-602.932110458,0.921911128345,-0.239235042201,-0.349630459712,-325.371378915,-475.514555645
585.5,0.267857142857,1764,-16.7984352838,89.7707141139,16.4954701201,10941995.1797,-10.8692729126,8.15938320808,-0.396409410309,0.15971733032,-996.16439258,9.49210342904,-695.430878334,0.925229574849,-0.244654183631,-0.350420285683,-331.188407295,-474.363996467
586,0.267857142857,1764,-15.0346736493,97.496571767,16.4692631373,10924611.2144,-11.0744425357,8.15938320808,-0.39763219961,0.165080741461,-995.497318071,-314.729172955,-631.201908067,0.928349826568,-0.24889883415,-0.351300993062,-335.864640784,-474.046341939
586.5,0.267857142857,1764,-9.92562619591,103.554406834,16.4545967525,10914882.5125,-11.2377035876,8.15938320808,-0.398573430865,0.169348605928,-995.690221786,-575.730072047,-421.595836314,0.930759774695,-0.252267214802,-0.351995713691,-339.803920069,-474.138200851
587,0.267857142857,1764,-2.60808008582,106.596322432,16.4574784914,10916794.066,-11.2595838951,8.15938320808,-0.399380643969,0.169920586727,-998.188113447,-706.860247536,-111.081725642,0.932673340292,-0.252866911613,-0.352755197809,-340.731026616,-475.32767307
587.5,0.267857142857,1764,5.28977614802,105.945477989,16.4677239347,10923590.21,-11.293730487,8.15938320808,-0.399471246053,0.170813224773,-999.559040298,-681.816250583,226.186718399,0.932929475199,-0.253547627954,-0.352800275708,-342.073784703,-475.98049538
588,0.267857142857,1764,12.0106322323,101.746689465,16.4805999164,10932131.2779,-11.4021842167,8.15938320808,-0.399581715891,0.173648351793,-1001.05537139,-507.279451099,518.677789556,0.933329037343,-0.255671695285,-0.352776532644,-345.479091874,-476.693033995
588.5,0.267857142857,1764,16.05906598,94.9342071146,16.510747199,10952128.9753,-11.3256312784,8.15938320808,-0.400167277686,0.171647154559,-1006.61091995,-212.729571085,692.358090888,0.934596693156,-0.254316147184,-0.353440084144,-344.905783064,-479.338533309
589,0.267857142857,1764,16.5342817821,87.0238404025,16.5500503384,10978200.0578,-11.1394084964,8.15938320808,-0.399888381776,0.166779039444,-1011.32394826,127.066599543,705.928191389,0.9337021343,-0.250653316284,-0.353410357677,-341.558563325,-481.582832503
589.5,0.267857142857,1764,13.3305418807,79.775683242,16.5919607285,11006000.6166,-10.8384991369,8.15938320808,-0.399122411509,0.158912862248,-1015.59805557,428.26449422,558.374501822,0.931521719301,-0.244669173002,-0.353113286269,-335.0948562,-483.618121699
590,0.267857142857,1764,7.16069351868,74.8024847975,16.6253318839,11028136.8163,-10.4467173859,8.15938320808,-0.397826044737,0.148671157966,-1018.04445837,618.621350539,291.479089594,0.927987935909,-0.236814653979,-0.352544315999,-325.643418569,-484.783075414
590.5,0.267857142857,1764,-0.602442934635,73.2108051858,16.6234086898,11026861.0976,-10.2694617231,8.15938320808,-0.395946018039,0.144037455461,-1013.5532222,672.127930421,-24.1178166871,0.923373855079,-0.232958634466,-0.351070238563,-320.266903974,-482.644391524
591,0.267857142857,1764,-8.23153299273,75.3548006299,16.5913552195,11005598.9623,-10.3007982039,8.15938320808,-0.395032418859,0.144856633407,-1006.90843879,585.016435232,-328.816424154,0.921283597072,-0.233349007234,-0.350117547424,-319.567618274,-479.480208948
591.5,0.267857142857,1764,-14.0290681244,80.7574220284,16.5411074355,10972267.9322,-10.5886186263,8.15938320808,-0.395032034446,0.152380648103,-999.223559353,375.717113065,-570.291209977,0.921653191376,-0.238910694456,-0.349559508852,-325.205469056,-475.820742549
592,0.267857142857,1764,-16.7050694107,88.2165606312,16.5013021903,10945863.7862,-10.8279710353,8.15938320808,-0.39635375319,0.158637643449,-996.904562058,73.638822186,-689.758035764,0.925046266621,-0.243842246538,-0.350432815801,-330.32273919,-474.716458123
592.5,0.267857142857,1764,-15.6641139404,96.0725229076,16.4747806274,10928271.1495,-11.0159938147,8.15938320808,-0.397456633012,0.163552812926,-995.920631072,-253.914309268,-654.973679312,0.927864106308,-0.247728307461,-0.351215010249,-334.509149668,-474.247919558
593,0.267857142857,1764,-11.1378192166,102.577320187,16.4556451842,10915577.9722,-11.2256567158,8.15938320808,-0.398286374485,0.169033684423,-995.06921205,-533.668939495,-472.589397505,0.930073763377,-0.251971187356,-0.351731351052,-339.448424015,-473.842481929
593.5,0.267857142857,1764,-4.13330717008,106.283604387,16.4548643022,10915059.9872,-11.2767782654,8.15938320808,-0.399310639438,0.170370070796,-997.61565782,-694.191662824,-176.208369421,0.932532283139,-0.2531845163,-0.352664923826,-341.050615733,-475.055075153
594,0.267857142857,1764,3.79088522232,106.366709786,16.4652565372,10921953.503,-11.2872813468,8.15938320808,-0.399561011726,0.170644635535,-999.530686006,-699.327464523,161.979419531,0.93313069835,-0.253442300232,-0.352896010435,-341.82922464,-475.966993336
594.5,0.267857142857,1764,10.8715877677,102.808145042,16.4788510917,10930971.2241,-11.3603102207,8.15938320808,-0.399572817611,0.172553708964,-1000.95930667,-551.24260845,467.896200394,0.933253589108,-0.254858771532,-0.352817552886,-344.307536592,-476.64728889
595,0.267857142857,1764,15.5333107438,96.3997075977,16.5041770359,10947770.7672,-11.3469214853,8.15938320808,-0.39994591477,0.172203709333,-1005.12101198,-276.087185202,670.11624745,0.934107512255,-0.254680252788,-0.353197991344,-345.124749515,-478.629053322
595.5,0.267857142857,1764,16.7387987948,88.5673050201,16.5398312165,10971421.3736,-11.2175889176,8.15938320808,-0.399951253199,0.16882278128,-1009.95029247,61.4649776014,718.122075808,0.933951031726,-0.252178898619,-0.353366579498,-343.213194499,-480.9287107
596,0.267857142857,1764,14.2198251421,81.0536838348,16.5849075995,11001322.041,-10.8905135984,8.15938320808,-0.399485874567,0.160272590545,-1015.51453295,376.076337815,597.758861307,0.932437803666,-0.245755109663,-0.353384625208,-336.296040399,-483.578349026
596.5,0.267857142857,1764,8.53687330757,75.5306602041,16.6211545869,11025365.876,-10.510123865,8.15938320808,-0.398052982663,0.150328688995,-1017.82256685,591.85390501,349.192283471,0.928599552674,-0.238089545623,-0.352644665361,-327.232016585,-484.677412786
597,0.267857142857,1764,0.954426886016,73.2271329428,16.6262341765,11028735.3371,-10.2908303527,8.15938320808,-0.396254689959,0.144596060311,-1014.63714783,673.099377214,38.3013911922,0.924121278397,-0.233443077325,-0.351326243854,-321.042013828,-483.160546587
597.5,0.267857142857,1764,-6.84038402056,74.6556477344,16.5995798023,11011054.6022,-10.2715522961,8.15938320808,-0.395156626378,0.144092105864,-1008.42808967,612.145028906,-272.889138721,0.921535629003,-0.232813671433,-0.350298570846,-319.15066511,-480.203852223
598,0.267857142857,1764,-13.1131772103,79.4983532982,16.5508131685,10978706.0684,-10.5313219977,8.15938320808,-0.394915803001,0.150882836822,-1000.37576777,425.370007858,-531.150252086,0.921308254695,-0.237775821664,-0.349552257236,-324.040615675,-476.369413225
598.5,0.267857142857,1764,-16.4682266042,86.6777247988,16.5098191489,10951513.3688,-10.7519271334,8.15938320808,-0.396106566568,0.156649753115,-997.608295741,136.459414552,-676.417342035,0.924371113187,-0.242314927565,-0.350318473833,-328.592681309,-475.0515694
599,0.267857142857,1764,-16.1590178832,94.5963182058,16.4797918769,10931595.2783,-10.9711120877,8.15938320808,-0.397098284571,0.162379543946,-995.726259573,-191.569389779,-673.489749122,0.926969376028,-0.246779730064,-0.350932940504,-333.431031014,-474.155361702
599.5,0.267857142857,1764,-12.2543514467,101.492209127,16.4559358385,10915770.7729,-11.2296430057,8.15938320808,-0.398058444403,0.169137891428,-994.460283261,-487.696854038,-520.040018654,0.929546685579,-0.25199862139,-0.351503693146,-339.497375061,-473.552515839
600,0.267857142857,1764,-5.62303399848,105.831029299,16.4529672954,10913801.6393,-11.2872619372,8.15938320808,-0.39932477208,0.170644128143,-997.387131259,-675.291284931,-239.857167998,0.932578961383,-0.253390556491,-0.352665447623,-341.249465058,-474.946252981
600.5,0.267857142857,1764,2.25943504328,106.647370762,16.463134549,10920545.9175,-11.2803308988,8.15938320808,-0.399617420126,0.170462941434,-999.453839313,-710.793338797,96.4711726057,0.933253362025,-0.253320037636,-0.352959849561,-341.576264005,-475.930399673
601,0.267857142857,1764,9.63916912813,103.75959369,16.4763651509,10929322.2167,-11.334863115,8.15938320808,-0.399552220843,0.171888487241,-1000.68787913,-590.857837937,413.920553091,0.93317226791,-0.254361558111,-0.352828325084,-343.532142731,-476.51803768
601.5,0.267857142857,1764,14.8741426054,97.8102421061,16.4968028087,10942879.1964,-11.3840114514,8.15938320808,-0.399797821282,0.173173291156,-1003.68553,-337.544326869,642.833139525,0.933810071198,-0.255366340046,-0.353008950373,-345.745314714,-477.945490474
602,0.267857142857,1764,16.7995491782,90.1230748054,16.5295854425,10964625.0102,-11.2904501337,8.15938320808,-0.400096081817,0.170727471907,-1008.83563277,-5.3037079337,723.949162181,0.93438443657,-0.253619954837,-0.35341429351,-344.746947433,-480.397920365
602.5,0.267857142857,1764,14.9869768004,82.4085227799,16.5782705226,10996919.4467,-10.9317091342,8.15938320808,-0.399828241137,0.161349497507,-1015.47611642,319.999068997,631.737207947,0.933290661537,-0.246627147147,-0.353654256367,-337.219289179,-483.560055439
603,0.267857142857,1764,9.83973137751,76.3831102517,16.6170171267,11022621.3607,-10.5643612234,8.15938320808,-0.398230359174,0.151746526819,-1017.52396543,559.249064067,404.120226076,0.929083745559,-0.239176282706,-0.352716788883,-328.561998755,-484.535221632
603.5,0.267857142857,1764,2.50309930027,73.3875199355,16.6280644183,11029949.3975,-10.3161746785,8.15938320808,-0.396514726682,0.145258595227,-1015.44129993,668.37954613,100.708646014,0.924760453838,-0.233992632569,-0.351527290358,-321.86864022,-483.543476158
604,0.267857142857,1764,-5.39048418065,74.0882848097,16.6064511683,11015612.6083,-10.2635969278,8.15938320808,-0.395289191634,0.143884141789,-1009.68196336,634.97099865,-215.112015421,0.921834539393,-0.232691291345,-0.350443938759,-319.24704084,-480.800934933
604.5,0.267857142857,1764,-12.0846594996,78.3294813835,16.5618996029,10986060.0699,-10.4495498289,8.15938320808,-0.394920694673,0.148745201854,-1002.17581891,470.203990018,-486.889683438,0.921214423303,-0.23619612099,-0.349712571385,-322.319173959,-477.226580436
605,0.267857142857,1764,-16.0899410658,85.1674234098,16.5179719073,10956921.3651,-10.6887249829,8.15938320808,-0.395728486375,0.154997563512,-997.853852772,197.616746587,-657.959940593,0.923407247315,-0.241006333072,-0.350058890821,-327.141007119,-475.16850132
605.5,0.267857142857,1764,-16.5151348341,93.080636527,16.4842945667,10934582.0626,-10.9403987911,8.15938320808,-0.396796593596,0.161576656879,-995.568993412,-128.123076835,-686.861260889,0.926225353017,-0.246117824629,-0.350685855342,-332.718451427,-474.080473053
606,0.267857142857,1764,-13.2656331851,100.308393483,16.4560535339,10915848.8442,-11.2407213484,8.15938320808,-0.397897761826,0.169427494272,-993.989888158,-437.777083593,-563.365205012,0.929185854968,-0.252178208375,-0.351332400872,-339.744177846,-473.32851817
606.5,0.267857142857,1764,-7.06446556661,105.242484255,16.4523140512,10913368.3207,-11.2843957866,8.15938320808,-0.399381914135,0.170569203093,-997.475892993,-650.024084104,-301.268000862,0.932708671551,-0.253347494059,-0.352724841252,-341.164378844,-474.988520473
607,0.267857142857,1764,0.708578969916,106.785050368,16.4611529646,10919231.4665,-11.2722172359,8.15938320808,-0.399607595701,0.170250839323,-999.215262219,-716.04912285,30.2279313297,0.933219828684,-0.253160863887,-0.35296055846,-341.279463412,-475.816791533
607.5,0.267857142857,1764,8.32396134263,104.592863583,16.4733123124,10927297.1672,-11.324509029,8.15938320808,-0.399517355821,0.171617817444,-1000.25662701,-625.895199408,357.018854771,0.933077326276,-0.254153523796,-0.352806999943,-343.123991163,-476.312679528
608,0.267857142857,1764,14.087223045,99.1536958044,16.4888478643,10937602.4167,-11.4329569069,8.15938320808,-0.399718623558,0.17445279149,-1002.33612566,-396.665240067,610.454163042,0.933689012107,-0.256297251478,-0.352874585884,-346.671113869,-477.302916981
608.5,0.267857142857,1764,16.7160111578,91.6777875227,16.5227646114,10960100.5256,-11.3164604818,8.15938320808,-0.400326243386,0.171407417546,-1008.55161242,-72.3994394194,721.324852401,0.934955967469,-0.254173174735,-0.353606562691,-345.213865002,-480.262672581
609,0.267857142857,1764,15.6254079236,83.8285636015,16.5703495491,10991665.2009,-10.9866119383,8.15938320808,-0.399927881238,0.162784730982,-1014.54579408,261.033032086,660.907338991,0.933594895663,-0.247709562664,-0.353668137379,-338.375723551,-483.117044798
609.5,0.267857142857,1764,11.0580777073,77.3525133952,16.61077537,11018480.9954,-10.6385128245,8.15938320808,-0.398465534955,0.153684949854,-1017.03444653,522.266199743,456.633037151,0.929728739824,-0.240660482563,-0.352812100829,-330.35256162,-484.302117396
610,0.267857142857,1764,4.03027303031,73.690588628,16.6279767092,11029891.2171,-10.3587774405,8.15938320808,-0.396865677061,0.146372288984,-1016.16839073,658.712426047,162.776624176,0.925634025671,-0.234896018712,-0.351782707086,-323.107884655,-483.889709874
610.5,0.267857142857,1764,-3.89428641037,73.6575848372,16.6123639505,11019534.7538,-10.2654329742,8.15938320808,-0.395503618244,0.143932138524,-1010.9910467,652.863519148,-155.57293736,0.922336958219,-0.232777066045,-0.350648556346,-319.592183967,-481.424307951
611,0.267857142857,1764,-10.9523487519,77.2608455219,16.5725409239,10993118.8128,-10.3770578165,8.15938320808,-0.394969971853,0.146850162711,-1004.00979596,510.896420763,-439.237610779,0.921236079071,-0.234806955627,-0.349902761554,-320.835372013,-478.09990284
611.5,0.267857142857,1764,-15.5734618241,83.69862818,16.5254828859,10961903.6476,-10.6421266102,8.15938320808,-0.395387937424,0.153779419095,-998.049893577,256.866240215,-634.829478432,0.922552524144,-0.240027226528,-0.349809464313,-326.108342822,-475.261854084
612,0.267857142857,1764,-16.7294061664,91.5384957973,16.4889656988,10937680.5802,-10.9137915554,8.15938320808,-0.396576252301,0.160881107791,-995.640692366,-63.8751966431,-694.570703717,0.925676589859,-0.245553432127,-0.350512434449,-332.143626286,-474.114615412
612.5,0.267857142857,1764,-14.1629787091,99.0360408412,16.4621692783,10919905.6213,-11.1613952238,8.15938320808,-0.397807991688,0.167353802203,-994.780632509,-381.657584908,-598.205380456,0.928873174281,-0.250621594193,-0.351350693591,-337.898060989,-473.705063099
613,0.267857142857,1764,-8.4452216696,104.523024167,16.4536459662,10914251.8242,-11.2566835198,8.15938320808,-0.398999487584,0.169844766999,-996.681664869,-617.927167293,-359.328184233,0.931779446524,-0.252727693991,-0.352386930318,-340.384845576,-474.610316604
613.5,0.267857142857,1764,-0.848362964885,106.778566097,16.4599499708,10918433.4807,-11.2576221277,8.15938320808,-0.399476882904,0.169869303476,-998.760928257,-714.788856132,-36.1413716607,0.932895527536,-0.252849913926,-0.352851642005,-340.810461151,-475.600442027
614,0.267857142857,1764,6.937260502,105.300797911,16.4703855157,10925355.7254,-11.3126283199,8.15938320808,-0.399450856257,0.171307239656,-999.758884755,-655.394688963,297.150757449,0.9329065137,-0.253909067904,-0.352756774788,-342.672162723,-476.075659407
614.5,0.267857142857,1764,13.1793107779,100.418530003,16.4827474671,10933555.8198,-11.4540883096,8.15938320808,-0.399647331778,0.175005194905,-1001.32871017,-451.835078902,571.565750986,0.933550079793,-0.25669132428,-0.352780912296,-346.947278574,-476.823195319
615,0.267857142857,1764,16.4889022271,93.2180900149,16.5171071827,10956347.7645,-11.3219548296,8.15938320808,-0.400428754924,0.171551047222,-1008.1269927,-138.841256077,711.397097628,0.935202568289,-0.254301706233,-0.353699861153,-345.151951454,-480.060472713
615.5,0.267857142857,1764,16.1296351379,85.3016098162,16.5612525512,10985630.859,-11.0540727193,8.15938320808,-0.399917684622,0.16454824694,-1013.11982159,199.552025587,685.064721703,0.933659145612,-0.249010466523,-0.35355914301,-339.779401504,-482.438010281
616,0.267857142857,1764,12.1814481325,78.4305435998,16.6024081875,11012930.7644,-10.7313648948,8.15938320808,-0.398753233127,0.156112228418,-1016.35276283,480.951840864,506.392841725,0.930520746897,-0.242517657682,-0.352931090305,-332.56659551,-483.97750611
616.5,0.267857142857,1764,5.5228314468,74.133736016,16.6276285375,11029660.2632,-10.3940285085,8.15938320808,-0.397314876879,0.147293799528,-1017.18579454,642.926939906,223.794153764,0.926727351519,-0.235680267526,-0.352149664585,-324.17307089,-484.374187876
617,0.267857142857,1764,-2.36464129194,73.367247024,16.619176734,11024053.9002,-10.2465296425,8.15938320808,-0.395692309443,0.143437979894,-1012.46327293,664.09240319,-94.4125317386,0.922752636096,-0.232456804792,-0.350871332163,-319.414304607,-482.125368063
617.5,0.267857142857,1764,-9.72597018708,76.3016240408,16.58199878,10999392.5241,-10.3274627054,8.15938320808,-0.394901733422,0.145553679502,-1005.25185914,547.711881767,-388.880364289,0.921013115622,-0.233833228048,-0.349936100076,-319.869674127,-478.691361494
618,0.267857142857,1764,-14.9232248295,82.283954336,16.5329947037,10966886.4868,-10.6085611155,8.15938320808,-0.395155810903,0.152901971714,-998.484226362,313.898104589,-607.094902276,0.921967665104,-0.239324826543,-0.349643754763,-325.449711688,-475.46867922
618.5,0.267857142857,1764,-16.7999915411,89.983141195,16.4941257741,10941103.4301,-10.8871828892,8.15938320808,-0.396421609387,0.160185521305,-995.954718718,0.698813073327,-696.375200197,0.92528121119,-0.245003636998,-0.350403640796,-331.607405156,-474.264151771
619,0.267857142857,1764,-14.9386808742,97.6860792176,16.4682158431,10923916.5092,-11.0879054668,8.15938320808,-0.397714904912,0.165432680668,-995.544732466,-323.005855202,-627.794907488,0.928560396844,-0.249177795687,-0.351362410566,-336.198309757,-474.068920222
619.5,0.267857142857,1764,-9.75344323362,103.678828352,16.4540090309,10914492.6572,-11.2482805439,8.15938320808,-0.398635171357,0.169625101857,-995.750655465,-581.476229082,-414.611196664,0.930917722655,-0.252485536425,-0.352042226045,-340.073704625,-474.166978793
620,0.267857142857,1764,-2.39801845784,106.627973643,16.4576709789,10916921.7493,-11.263389772,8.15938320808,-0.399431541503,0.170020077492,-998.338228718,-708.462268103,-102.171535273,0.932797166189,-0.252951668427,-0.352799995093,-340.85320716,-475.399156532
620.5,0.267857142857,1764,5.49097673841,105.877316349,16.467771858,10923621.9991,-11.3019685815,8.15938320808,-0.399485716534,0.171028579692,-999.575635817,-679.341120677,234.941863537,0.932974019194,-0.253710256155,-0.352804079778,-342.295186783,-475.988398008
621,0.267857142857,1764,12.1582037045,101.59388126,16.4805530062,10932100.1608,-11.4153994994,8.15938320808,-0.399615585525,0.173993817135,-1001.09982258,-501.193177886,525.588335364,0.933425403773,-0.255934977938,-0.352794205825,-345.832886593,-476.714201227
621.5,0.267857142857,1764,16.1201729852,94.7307528922,16.5112688707,10952475.0176,-11.3302101786,8.15938320808,-0.400230786783,0.171766853196,-1006.8351221,-204.052997409,695.316304048,0.934751006031,-0.25441851767,-0.353496467326,-345.066423139,-479.445296237
622,0.267857142857,1764,16.4953277234,86.8150096863,16.5510859818,10978887.0346,-11.1339774111,8.15938320808,-0.399914348016,0.166637063537,-1011.54442534,135.945739484,704.07420574,0.933755671893,-0.250554033084,-0.353443168272,-341.466004215,-481.68782159
622.5,0.267857142857,1764,13.2001942199,79.6079418517,16.5929101652,11006630.4096,-10.8298625865,8.15938320808,-0.399099947118,0.158687091153,-1015.6915012,435.034778071,552.589629597,0.931458045168,-0.244497367355,-0.353105363942,-334.897878254,-483.662619618
623,0.267857142857,1764,6.96795522527,74.7131559837,16.6255137085,11028257.4267,-10.4416450188,8.15938320808,-0.397785315948,0.148538559437,-1017.98053658,621.989393933,283.511380302,0.927886355203,-0.236707435488,-0.352514469502,-325.503102286,-484.752636465
623.5,0.267857142857,1764,-0.814686681031,73.2197650311,16.622956033,11026560.8352,-10.2653810789,8.15938320808,-0.39592263193,0.143930781911,-1013.45681087,671.489923177,-32.6010868067,0.923314055075,-0.232874454955,-0.351055962327,-320.133740402,-482.598481366
624,0.267857142857,1764,-8.4160569572,75.4600555265,16.5920643947,11006069.3818,-10.2752742051,8.15938320808,-0.395025862846,0.144189401595,-1007.12740698,579.631410841,-335.504098843,0.921235466979,-0.23285481196,-0.350163750832,-318.918087698,-479.584479515
624.5,0.267857142857,1764,-14.1448148543,80.9355522652,16.5400801858,10971586.5233,-10.5904627522,8.15938320808,-0.394901988207,0.152428856047,-998.728047098,368.439258755,-574.93906442,0.921352153187,-0.238916548049,-0.349429563023,-325.173044874,-475.584784332
625,0.267857142857,1764,-16.7262847126,88.42793139,16.5006740997,10945447.1528,-10.8305197647,8.15938320808,-0.396361650533,0.158704270678,-996.838730527,64.9199131248,-690.726183022,0.925067993536,-0.243893351862,-0.350436351514,-330.366818402,-474.685109775
625.5,0.267857142857,1764,-15.5860773094,96.2701031974,16.4737983032,10927619.5412,-11.0274806737,8.15938320808,-0.397463091548,0.16385309494,-995.771628653,-262.381435081,-652.22169444,0.927894085013,-0.247952120873,-0.351204344533,-334.771440687,-474.176966025
626,0.267857142857,1764,-10.9778941714,102.717147462,16.4551261742,10915233.6956,-11.2341166662,8.15938320808,-0.398339411646,0.169254838957,-995.121494952,-539.943651657,-466.098571575,0.930208620343,-0.252146648911,-0.351772021093,-339.663373903,-473.867378549
626.5,0.267857142857,1764,-3.92707778766,106.334566418,16.4542672968,10914663.9736,-11.2906847781,8.15938320808,-0.39934529005,0.170733605829,-997.58919755,-697.074890989,-167.587388043,0.932631343452,-0.253461286068,-0.352681160978,-341.398662527,-475.042475024
627,0.267857142857,1764,3.99753193135,106.317467281,16.4652862234,10921973.1949,-11.2942032044,8.15938320808,-0.399626813711,0.170825582245,-999.691547105,-697.633854849,170.909710629,0.93329340663,-0.253590587596,-0.352951531615,-342.030459922,-476.043593859
627.5,0.267857142857,1764,11.0326719357,102.66965469,16.4788027475,10930939.1558,-11.3713911353,8.15938320808,-0.399601294909,0.172843379042,-1000.99461861,-545.751288626,475.23749252,0.933334567356,-0.255079515191,-0.352832069831,-344.603733558,-476.6641041
628,0.267857142857,1764,15.6129903833,96.2027841563,16.5048041199,10948186.7329,-11.3485950464,8.15938320808,-0.400000417393,0.172247458479,-1005.34305962,-267.658559737,673.72173751,0.934236994605,-0.254724442728,-0.3532491743,-345.210864014,-478.734790295
628.5,0.267857142857,1764,16.7193448102,88.3557648839,16.5404953037,10971861.8848,-11.2172140909,8.15938320808,-0.3999598398,0.168812982803,-1010.05675188,70.5445600479,717.329785984,0.933970593268,-0.25217352622,-0.353375450887,-343.233443237,-480.979405655
629,0.267857142857,1764,14.1055661367,80.8745956822,16.5853596323,11001621.8894,-10.8893672838,8.15938320808,-0.399484633967,0.160242624333,-1015.57159476,383.590594228,592.934001372,0.932433413927,-0.245732698334,-0.353385218138,-336.283702831,-483.605521312
629.5,0.267857142857,1764,8.35323244914,75.4238719939,16.6225138066,11026267.4917,-10.4868432968,8.15938320808,-0.398060152308,0.149720103488,-1018.13575007,595.199446973,341.094653675,0.928586076732,-0.237642352338,-0.352695487097,-326.670812289,-484.826547654
630,0.267857142857,1764,0.742265131976,73.2164055556,16.6257067033,11028385.4465,-10.2888488652,8.15938320808,-0.396138124094,0.144544261548,-1014.25727612,673.298078597,29.777035475,0.923846873857,-0.233377546993,-0.351216994844,-320.931529097,-482.979655294
630.5,0.267857142857,1764,-7.03385967899,74.7433680645,16.5983991175,11010271.4146,-10.2746348979,8.15938320808,-0.395144904005,0.14417268924,-1008.23346605,608.707252223,-280.636081136,0.921512258775,-0.23287040712,-0.350280791611,-319.18303059,-480.111174309
631,0.267857142857,1764,-13.2449175264,79.6650031582,16.5492385688,10977661.5839,-10.5428212038,8.15938320808,-0.394925042998,0.151183441606,-1000.14976736,418.935373946,-536.890776235,0.921344612822,-0.23800032663,-0.349539793338,-324.284858802,-476.261793979
631.5,0.267857142857,1764,-16.508918736,86.8862238087,16.5084970148,10950636.3531,-10.7638695567,8.15938320808,-0.396158025174,0.156961944195,-997.533821834,128.003109905,-678.659225816,0.924506629127,-0.242557639999,-0.350348432441,-328.869133913,-475.016105635
632,0.267857142857,1764,-16.0996076394,94.8002743522,16.4788953598,10931000.5886,-10.9801316663,8.15938320808,-0.397153485841,0.162615327916,-995.731854935,-200.199800541,-671.448755159,0.927109925477,-0.246966638686,-0.350973098065,-333.647264056,-474.15802616
632.5,0.267857142857,1764,-12.1080578869,101.646241205,16.4555399385,10915508.1592,-11.23521651,8.15938320808,-0.398100709474,0.16928359036,-994.508471494,-494.439641867,-514.046008479,0.929652629084,-0.252115838972,-0.351537640358,-339.63895005,-473.575462616
633,0.267857142857,1764,-5.4224081299,105.900864444,16.4525218136,10913506.1364,-11.2975524206,8.15938320808,-0.399346968357,0.170913135281,-997.357793207,-678.779649943,-231.472968352,0.932644221008,-0.253594616441,-0.352674171807,-341.505785336,-474.932282479
633.5,0.267857142857,1764,2.46975301833,106.617470326,16.4631538641,10920558.7299,-11.2863023436,8.15938320808,-0.399665630734,0.170619043069,-999.568065598,-709.871429348,105.503850519,0.933373746523,-0.253446100138,-0.352999360584,-341.747048344,-475.984793142
634,0.267857142857,1764,9.81238246794,103.63661066,16.4764126662,10929353.7352,-11.3421894115,8.15938320808,-0.399578041034,0.17208000653,-1000.73978111,-585.919589048,421.605283482,0.933242135148,-0.254509007529,-0.352844589884,-343.733265481,-476.54275291
634.5,0.267857142857,1764,14.9717105246,97.6215407869,16.4975520496,10943376.1929,-11.3820441588,8.15938320808,-0.399835589907,0.17312186347,-1003.88819324,-329.380296135,647.032743657,0.933895717711,-0.255336396507,-0.353048159868,-345.736176287,-478.041996783
635,0.267857142857,1764,16.7997623546,89.9106421307,16.5304074042,10965170.2448,-11.2886336885,8.15938320808,-0.400087257642,0.170679987575,-1008.91789673,3.85055177643,723.924544183,0.93436145489,-0.253582892009,-0.353407963643,-344.730849831,-480.43709368
635.5,0.267857142857,1764,14.8897878011,82.219626022,16.5789101317,10997343.7207,-10.9279160488,8.15938320808,-0.399821257091,0.161250341131,-1015.55169459,327.887359005,627.498525403,0.933269410707,-0.246552351031,-0.353653288318,-337.143031873,-483.596045045
636,0.267857142857,1764,9.66676521345,76.2597798304,16.6173951417,11022872.1107,-10.5578894274,8.15938320808,-0.398214854212,0.151577345329,-1017.56096512,564.03704435,396.821420045,0.929039171467,-0.239047906298,-0.35271356683,-328.400585953,-484.552840534
636.5,0.267857142857,1764,2.29284175896,73.3571974515,16.6276864578,11029698.6836,-10.3128634478,8.15938320808,-0.396483861907,0.145172035184,-1015.32790593,669.365738108,92.2170236581,0.924684193902,-0.233921568324,-0.351504014806,-321.756260057,-483.489479013
637,0.267857142857,1764,-5.59124980428,74.1577171586,16.6054253909,11014932.176,-10.2639424726,8.15938320808,-0.39527225523,0.143893174797,-1009.50773731,632.129446763,-223.098759243,0.921795487676,-0.23269398094,-0.350426758028,-319.211292005,-480.717970149
637.5,0.267857142857,1764,-12.2312619071,78.4832195402,16.5602116078,10984940.3665,-10.4617259182,8.15938320808,-0.394915724525,0.149063501278,-1001.89038002,464.375271674,-493.184322726,0.921218498934,-0.236430300985,-0.349684242806,-322.572978304,-477.090657154
638,0.267857142857,1764,-16.1497605298,85.3712599091,16.5167361823,10956101.6676,-10.6980421206,8.15938320808,-0.39578484868,0.15524112608,-997.814768449,189.404628091,-660.836280894,0.923550789665,-0.241199403485,-0.350097559874,-327.354095275,-475.149889738
638.5,0.267857142857,1764,-16.4748612417,93.2892167861,16.4834842106,10934044.5264,-10.9468105001,8.15938320808,-0.396840033639,0.161744267613,-995.563274273,-136.858820203,-685.491476902,0.926335055937,-0.2462516578,-0.350718322069,-332.866646629,-474.077749654
639,0.267857142857,1764,-13.1342276007,100.47530741,16.455528998,10915500.902,-11.2468380574,8.15938320808,-0.397926618529,0.16958739331,-993.98367692,-445.057433997,-558.025211546,0.929261191265,-0.25230304299,-0.351352603806,-339.890690804,-473.325560438
639.5,0.267857142857,1764,-6.87116635251,105.330592714,16.4520171237,10913171.3587,-11.2907255586,8.15938320808,-0.39940904067,0.170734671886,-997.492187938,-654.089355268,-293.162622826,0.932780279907,-0.253475933807,-0.352743335775,-341.325018532,-474.996279971
640,0.267857142857,1764,0.920761826518,106.774748811,16.4613123797,10919337.2118,-11.2744437303,8.15938320808,-0.399638061871,0.170309042897,-999.31078322,-715.76407497,39.2881136085,0.933293883718,-0.253210587136,-0.352987463164,-341.353105457,-475.862277724
640.5,0.267857142857,1764,8.50781615509,104.486444156,16.4728188772,10926969.8552,-11.3388303727,8.15938320808,-0.399520508774,0.171992196716,-1000.15564847,-621.973143993,365.2817148,0.933103380632,-0.25443150778,-0.352792517652,-343.478710063,-476.264594509
641,0.267857142857,1764,14.2018412502,98.9748373303,16.4896681951,10938146.5694,-11.4284663625,8.15938320808,-0.399792816555,0.174335402593,-1002.65633884,-388.845506418,615.311670813,0.933856450813,-0.256226218429,-0.352952197551,-346.609519132,-477.45539945
641.5,0.267857142857,1764,16.7358896642,91.4662868567,16.5236898216,10960714.2483,-11.3103020666,8.15938320808,-0.40030724815,0.171246428253,-1008.63341105,-63.2492159889,721.913243155,0.934903551697,-0.254049906195,-0.353595640914,-345.085087265,-480.301624309
642,0.267857142857,1764,15.5461236698,83.6314806397,16.5711951861,10992226.1401,-10.980005117,8.15938320808,-0.39990072247,0.162612019748,-1014.60176652,269.251194665,657.266176599,0.933522873736,-0.24757592022,-0.353651552416,-338.227684564,-483.143698345
642.5,0.267857142857,1764,10.8972718139,77.2137000264,16.6114521039,11018929.8956,-10.6287260798,8.15938320808,-0.398437726799,0.153429111124,-1017.08938807,527.613186372,449.664431179,0.929651142712,-0.240465323467,-0.352802412813,-330.111564698,-484.328280035
643,0.267857142857,1764,3.82372556717,73.6409314817,16.6278439965,11029803.1843,-10.3530036865,8.15938320808,-0.396819452773,0.146221355252,-1016.05567979,660.364004156,154.351742185,0.925518750024,-0.234773913943,-0.351749303003,-322.934770236,-483.836037993
643.5,0.267857142857,1764,-4.10061765821,73.7081328626,16.6110676263,11018674.8588,-10.2706324085,8.15938320808,-0.395471550219,0.144068058761,-1010.71232868,651.001959879,-163.855383162,0.922268870762,-0.232869840451,-0.350606602899,-319.669663098,-481.291585084
644,0.267857142857,1764,-11.1125541083,77.400351545,16.5709693292,10992076.3217,-10.3865828658,8.15938320808,-0.394991009384,0.147099160366,-1003.82378333,505.612177522,-445.936464071,0.921297404933,-0.234995838898,-0.349904295737,-321.032561712,-478.011325397
644.5,0.267857142857,1764,-15.6518948415,83.8960514525,16.5243337244,10961141.3705,-10.6488518866,8.15938320808,-0.39543235823,0.153955226905,-998.000330775,248.929325248,-638.31069207,0.922664841125,-0.240167471014,-0.349840746188,-326.253504018,-475.23825275
645,0.267857142857,1764,-16.7086151284,91.7499087095,16.4877616566,10936881.8989,-10.924561472,8.15938320808,-0.396604216297,0.161162647962,-995.524971136,-72.7055545587,-694.212859338,0.925755799586,-0.24576820585,-0.350522884382,-332.385588634,-474.059510065
645.5,0.267857142857,1764,-14.0475897197,99.2144030228,16.4609901501,10919123.4663,-11.176530859,8.15938320808,-0.397853779191,0.167749468156,-994.706318073,-389.606214946,-593.964497347,0.928999749086,-0.250924844815,-0.351374779882,-338.258453841,-473.669675273
646,0.267857142857,1764,-8.2609093233,104.628649191,16.4507780025,10912349.4083,-11.3008932563,8.15938320808,-0.399050768066,0.171000469241,-996.317076648,-624.339527614,-352.56927398,0.931956822501,-0.253594963851,-0.352380859701,-341.433864174,-474.436703166
646.5,0.267857142857,1764,-0.636137628359,106.787951898,16.459894596,10918396.7487,-11.2612209194,8.15938320808,-0.399696384398,0.169963380753,-999.347516553,-715.516181256,-27.1127037635,0.93341282567,-0.252967393444,-0.353061252974,-340.966514852,-475.879769787
647,0.267857142857,1764,7.13017769013,105.211856103,16.4702935454,10925294.7185,-11.3196149194,8.15938320808,-0.399464988337,0.171489878807,-999.762292643,-651.932682922,305.577165579,0.93294863524,-0.254047407896,-0.352761916852,-342.855035438,-476.077282211
647.5,0.267857142857,1764,13.3099948331,100.251050558,16.4828858298,10933647.6004,-11.4594989535,8.15938320808,-0.399679283589,0.175146636446,-1001.41678539,-444.772663919,577.49416269,0.933631783778,-0.256803011796,-0.352806019111,-347.104064235,-476.865135901
648,0.267857142857,1764,16.5282753306,93.0093379001,16.5176418792,10956702.4466,-11.3216727299,8.15938320808,-0.400455942144,0.171543672753,-1008.26890477,-129.843486049,713.143209076,0.935265695108,-0.254302144371,-0.353726748534,-345.174893236,-480.128049893
648.5,0.267857142857,1764,16.0689365883,85.0980333618,16.5623170614,10986336.9841,-11.0445505697,8.15938320808,-0.399921595822,0.164299325083,-1013.30044773,208.072056454,682.072508383,0.93365584692,-0.248827354115,-0.353576722751,-339.573190615,-482.524022726
649,0.267857142857,1764,12.0341836435,78.2774395274,16.603408017,11013593.9846,-10.7186173799,8.15938320808,-0.398712445331,0.155778991156,-1016.42332769,486.862183911,499.804538772,0.930408990672,-0.2422623814,-0.352913086618,-332.256547567,-484.011108424
649.5,0.267857142857,1764,5.32176806202,74.065170704,16.6274803702,11029561.9789,-10.3897420614,8.15938320808,-0.397252920079,0.147181746009,-1017.01800536,645.427921673,215.554094498,0.926577290938,-0.235583217164,-0.352097850973,-324.033805286,-484.294288265
650,0.267857142857,1764,-2.57476602081,73.3984765778,16.6182852279,11023462.5345,-10.2463970976,8.15938320808,-0.395670708877,0.14343451499,-1012.29487555,662.752625926,-102.787732068,0.92270209288,-0.232449169665,-0.350850614188,-319.369546551,-482.045178832
650.5,0.267857142857,1764,-9.89840251653,76.4256997373,16.5805462322,10998429.0007,-10.3337019825,8.15938320808,-0.394897621758,0.145716782633,-1005.02794043,542.933160558,-395.907771213,0.921011552243,-0.23395274774,-0.349919453925,-319.977103822,-478.58473354
651,0.267857142857,1764,-15.0195977527,82.4732687475,16.5318039223,10966096.6018,-10.6136019179,8.15938320808,-0.395184564637,0.153033745099,-998.394312754,306.285619893,-611.193179866,0.922041246788,-0.23942892097,-0.349662636078,-325.544366729,-475.425863216
651.5,0.267857142857,1764,-16.798861628,90.1955709716,16.4933846396,10940611.8109,-10.8902253465,8.15938320808,-0.396445364695,0.160265055251,-995.917308547,-8.10799427527,-696.448316295,0.925340593298,-0.245067865101,-0.350421969371,-331.664529047,-474.246337403
652,0.267857142857,1764,-14.8402995357,97.8743577319,16.4671564535,10923213.7808,-11.0996404118,8.15938320808,-0.397723698651,0.165739447986,-995.393762754,-331.179965293,-624.1537472,0.928596164032,-0.24940697438,-0.351354331434,-336.464231438,-473.997029883
652.5,0.267857142857,1764,-9.57970078178,103.801062746,16.4534792621,10914141.2438,-11.2551077645,8.15938320808,-0.398690310605,0.169803574627,-995.813785911,-586.969695909,-407.431960718,0.931055376879,-0.252629786624,-0.352087217372,-340.246084924,-474.19704091
653,0.267857142857,1764,-2.18757340787,106.656966188,16.4579741155,10917122.8299,-11.2605613662,8.15938320808,-0.399467342849,0.169946139144,-998.484138473,-709.591970407,-93.1913115143,0.932877083387,-0.25290472326,-0.352838559635,-340.802502642,-475.468637368
653.5,0.267857142857,1764,5.69129937004,105.806616067,16.4678183284,10923652.8245,-11.3056015739,8.15938320808,-0.399469512365,0.171123551023,-999.523614846,-676.498005096,243.578553055,0.932940915761,-0.253777072394,-0.35278372773,-342.387264796,-475.963626117
654,0.267857142857,1764,12.3038311872,101.439219297,16.4804998641,10932064.9099,-11.4230335198,8.15938320808,-0.399629510234,0.174193380744,-1001.10688633,-494.795609078,532.193805219,0.933467897445,-0.256085856422,-0.352798970358,-346.034529976,-476.717564919
654.5,0.267857142857,1764,16.1787025169,94.5265422641,16.511983471,10952949.0357,-11.3268949257,8.15938320808,-0.400270803524,0.171680188008,-1007.04512762,-195.219041688,697.749102254,0.934840131549,-0.254363040901,-0.353539596837,-345.021043078,-479.545298868
655,0.267857142857,1764,16.4537362072,86.606688222,16.5523770212,10979743.4241,-11.1214575543,8.15938320808,-0.399904747365,0.166309777564,-1011.7250434,144.719023275,701.724094016,0.933716909549,-0.250309896331,-0.353451135063,-341.186505085,-481.773830193
655.5,0.267857142857,1764,13.0677359644,79.4418620598,16.5940049616,11007356.6245,-10.8166140503,8.15938320808,-0.399044437217,0.158340756517,-1015.7319119,441.560512426,546.516461649,0.931311245442,-0.244229076726,-0.353072819869,-334.574535719,-483.681862808
656,0.267857142857,1764,6.77410281728,74.6262714015,16.6256383452,11028340.1023,-10.4355466118,8.15938320808,-0.397721895437,0.148379138839,-1017.85165716,625.184397916,275.474057195,0.92773051519,-0.236575172234,-0.352464555431,-325.326101035,-484.691265313
656.5,0.267857142857,1764,-1.02680016621,73.231407888,16.622304623,11026128.7333,-10.2628165605,8.15938320808,-0.395893219631,0.143863741935,-1013.31021492,670.809036931,-41.0760084101,0.923242157275,-0.232818095192,-0.35103269384,-320.031178503,-482.528673771
657,0.267857142857,1764,-8.59923526839,75.5676352319,16.5889340646,11003992.9295,-10.3077899132,8.15938320808,-0.394994954384,0.145039406134,-1006.46871423,576.658001767,-343.590111965,0.921205219023,-0.233475205239,-0.350066810565,-319.647132557,-479.270816299
657.5,0.267857142857,1764,-14.258299953,81.1151318271,16.5389892478,10970862.8677,-10.5929563823,8.15938320808,-0.395064983394,0.152494042905,-999.036712289,361.221704778,-579.683042683,0.921735651328,-0.23900215766,-0.349583670756,-325.246653299,-475.731767757
658,0.267857142857,1764,-16.744825629,88.6395535087,16.4999267622,10944951.4189,-10.8335732133,8.15938320808,-0.396372546776,0.158784091951,-996.764480828,56.1898849784,-691.6036993,0.925097372361,-0.243954900792,-0.350441992452,-330.420257398,-474.649752775
658.5,0.267857142857,1764,-15.5055486021,96.466680953,16.4728623648,10926998.702,-11.0361120553,8.15938320808,-0.397473679011,0.164078730916,-995.651810362,-270.761684308,-649.221522772,0.927929999482,-0.248121578084,-0.35120199022,-334.962168412,-474.119909696
659,0.267857142857,1764,-10.8162138577,102.854941376,16.4548141856,10915026.7431,-11.2364380625,8.15938320808,-0.398381507016,0.169315523391,-995.191389438,-545.890623637,-459.315181249,0.930309942302,-0.252200806729,-0.351810069041,-339.723446517,-473.900661637
659.5,0.267857142857,1764,-3.72022050014,106.382916695,16.4546717484,10914932.2598,-11.2850532832,8.15938320808,-0.399360073656,0.170586390942,-997.699147947,-698.88071631,-158.701311641,0.932658523358,-0.253355472993,-0.352702692801,-341.272914623,-475.094832356
660,0.267857142857,1764,4.20353947028,106.265615756,16.4675570994,10923479.5426,-11.2642288113,8.15938320808,-0.399615354273,0.170042011112,-1000.04321515,-694.010641053,179.353869305,0.933227521379,-0.253007949346,-0.35297832013,-341.338760961,-476.211054834
660.5,0.267857142857,1764,11.1919920767,102.529138572,16.4788623711,10930978.7062,-11.3767008252,8.15938320808,-0.399448166089,0.172982181508,-1000.55970978,-539.850010641,482.235630726,0.932983838979,-0.255149281934,-0.352676220406,-344.70048043,-476.457004655
661,0.267857142857,1764,15.6901736434,96.0048689445,16.5056807557,10948768.2346,-11.3426586173,8.15938320808,-0.400030300238,0.172092272203,-1005.55339883,-259.03545634,676.835968838,0.934299030936,-0.254616005341,-0.353285551764,-345.100562541,-478.834951826
661.5,0.267857142857,1764,16.6972175498,88.1444876465,16.541472066,10972509.8038,-11.2098772937,8.15938320808,-0.399934227502,0.168621189011,-1010.13222718,79.5720682195,716.04596511,0.933901202524,-0.252026023058,-0.353360121424,-343.073191913,-481.015346275
662,0.267857142857,1764,13.9890517757,80.6969666013,16.5859481296,11002012.2593,-10.8850922109,8.15938320808,-0.399450206339,0.16013086815,-1015.56658155,390.94141168,587.861981661,0.932347485285,-0.245642434521,-0.353358396874,-336.184033679,-483.603134071
662.5,0.267857142857,1764,8.16825598252,75.319414378,16.6217606001,11025767.8647,-10.4973349927,8.15938320808,-0.398032773738,0.149994370594,-1017.90940521,599.904773809,333.786122965,0.928535818206,-0.237838300853,-0.352649036333,-326.910541177,-484.718764387
663,0.267857142857,1764,0.529984696288,73.2083617172,16.6250752365,11027966.5736,-10.2878232809,8.15938320808,-0.39619171917,0.144517451391,-1014.33676731,673.548784826,21.2588278849,0.923970541254,-0.233370335086,-0.351271204054,-320.897233959,-483.017508241
663.5,0.267857142857,1764,-7.22621068529,74.8335277954,16.5971195213,11009422.6158,-10.2792565441,8.15938320808,-0.395137166739,0.144293505316,-1008.02886679,605.243782461,-288.374186761,0.92150016271,-0.232957781675,-0.350263712325,-319.253561038,-480.013746089
664,0.267857142857,1764,-13.3745400969,79.8333054931,16.5483551468,10977075.5807,-10.5444761661,8.15938320808,-0.394947495061,0.151226704556,-1000.09669392,412.133497573,-542.171891246,0.921399123052,-0.238037498231,-0.349558563709,-324.30088052,-476.236520912
664.5,0.267857142857,1764,-16.5469712372,87.0952206839,16.5071608354,10949750.0208,-10.7749805006,8.15938320808,-0.396160230533,0.157252399278,-997.325349415,119.498268548,-680.71760275,0.92452613193,-0.24277312327,-0.350331922543,-329.108012816,-474.916833055
665,0.267857142857,1764,-16.0376232104,95.003462977,16.4780757045,10930456.884,-10.986114204,8.15938320808,-0.397206175239,0.162771719534,-995.752926529,-208.760968799,-669.1425067,0.927240677862,-0.247094186331,-0.351015443264,-333.786371171,-474.168060252
665.5,0.267857142857,1764,-11.9598283554,101.798411152,16.4554647809,10915458.3046,-11.2332390201,8.15938320808,-0.398131899758,0.169231896101,-994.592811693,-500.832831679,-507.684858959,0.929722894124,-0.252084335638,-0.351570664289,-339.593408115,-473.615624616
666,0.267857142857,1764,-5.22091526607,105.968157182,16.4524913538,10913485.9314,-11.2980509143,8.15938320808,-0.39933677583,0.170926166579,-997.324197622,-681.669724305,-222.877306975,0.932621067359,-0.253602053686,-0.352663597948,-341.514536232,-474.916284582
666.5,0.267857142857,1764,2.67967610166,106.584912903,16.463265658,10920632.8864,-11.2880565719,8.15938320808,-0.399667147073,0.170664900967,-999.579570728,-708.586085429,114.488463716,0.933379577737,-0.253480382731,-0.352998629518,-341.79791698,-475.990271775
667,0.267857142857,1764,9.98402689434,103.511447257,16.4766334122,10929500.1634,-11.3445592286,8.15938320808,-0.399585503991,0.17214195675,-1000.7790832,-580.66564944,429.071834456,0.933262658823,-0.254556510145,-0.35284899237,-343.806633533,-476.56146819
667.5,0.267857142857,1764,15.0668845994,97.4316208506,16.4986078041,10944076.5101,-11.372823293,8.15938320808,-0.399852607205,0.172880817578,-1004.09511866,-320.99364728,650.783232612,0.933923419426,-0.255161529718,-0.353075740214,-345.543620948,-478.140532695
668,0.267857142857,1764,16.7972893971,89.6982237436,16.5323197653,10966438.7776,-11.2702613586,8.15938320808,-0.400051408815,0.170199710049,-1009.11779825,12.9883250132,722.948374502,0.934253727904,-0.253219641363,-0.353396214218,-344.316684631,-480.53228488
668.5,0.267857142857,1764,14.7902180561,82.0319732774,16.5797569993,10997905.4762,-10.9210344934,8.15938320808,-0.399733005999,0.161070447976,-1015.43892868,335.622034134,622.980223594,0.933054437965,-0.246399750165,-0.353577895823,-336.968783682,-483.542346988
669,0.267857142857,1764,9.49225341888,76.1386463492,16.6178345206,11023163.5653,-10.5504098815,8.15938320808,-0.398184350911,0.151381819893,-1017.56882022,568.679613494,389.431735272,0.928958299279,-0.238896648768,-0.352697638087,-328.210146179,-484.556581059
669.5,0.267857142857,1764,2.08221761248,73.3295360048,16.6272720943,11029423.8226,-10.3103218545,8.15938320808,-0.396447477714,0.145105594501,-1015.1900733,670.279997024,83.7210539251,0.924596056157,-0.23386404952,-0.35147381479,-321.661111397,-483.423844427
670,0.267857142857,1764,-5.79112143638,74.2296825489,16.6043535087,11014221.1608,-10.2656961477,8.15938320808,-0.395258433688,0.143939018233,-1009.32822333,629.259404614,-231.074462413,0.921765512663,-0.232724571504,-0.350409680502,-319.212042023,-480.632487299
670.5,0.267857142857,1764,-12.3759086437,78.6387991285,16.5585048182,10983808.1961,-10.4747260141,8.15938320808,-0.3949174195,0.149403341349,-1001.61710665,458.495159723,-499.444933201,0.92123918314,-0.236681973124,-0.349660936092,-322.84978668,-476.960526978
671,0.267857142857,1764,-16.2069977896,85.5758365031,16.5155195361,10955294.6256,-10.7065645866,8.15938320808,-0.395845808712,0.155463914855,-997.794848206,181.140966734,-663.572051415,0.923704038756,-0.241378139163,-0.350142152606,-327.54841336,-475.140403908
671.5,0.267857142857,1764,-16.4319534643,93.4972711284,16.4827784139,10933576.3479,-10.9504268544,8.15938320808,-0.396881012779,0.161838804003,-995.575630229,-145.54992668,-683.867373773,0.926435396108,-0.246330818465,-0.35075271155,-332.945136563,-474.083633442
672,0.267857142857,1764,-13.000721969,100.640546428,16.4553837893,10915404.5802,-11.2452945239,8.15938320808,-0.397945672239,0.169547043259,-994.024412065,-452.023706596,-552.286912395,0.929303680564,-0.252277286731,-0.35137320406,-339.84999523,-473.344958126
672.5,0.267857142857,1764,-6.67676849952,105.416249946,16.4522768702,10913343.6572,-11.2863794093,8.15938320808,-0.399403731174,0.17062105767,-997.52452019,-657.543409089,-284.781651582,0.932762210343,-0.253390640253,-0.352743631024,-341.220938365,-475.011676281
673,0.267857142857,1764,1.13279746142,106.761765119,16.4615902876,10919521.5574,-11.273222301,8.15938320808,-0.399616971769,0.170277113083,-999.290643866,-715.154480788,48.3317344326,0.933243036793,-0.253182357022,-0.352968431248,-341.326573044,-475.852687555
673.5,0.267857142857,1764,8.69031064278,104.377708473,16.473248395,10927254.7687,-11.3373978424,8.15938320808,-0.399515189519,0.17195474844,-1000.1980426,-617.26668796,373.094174076,0.933089087617,-0.254402616887,-0.352789073936,-343.45761795,-476.284782191
674,0.267857142857,1764,14.3141887061,98.7945438589,16.4908463896,10938928.1051,-11.4171028758,8.15938320808,-0.399792002034,0.174038345697,-1002.83461398,-380.760912563,619.734649326,0.933839704013,-0.256005944156,-0.352964512693,-346.361033545,-477.540292371
674.5,0.267857142857,1764,16.7530922495,91.2545517445,16.524904723,10961520.1329,-11.2997192985,8.15938320808,-0.400256370799,0.170969780396,-1008.67761294,-54.0778730299,722.147651171,0.934770893585,-0.253834118707,-0.353559144068,-344.842678792,-480.322672826
675,0.267857142857,1764,15.464353728,83.4354159481,16.5722823333,10992947.2811,-10.9706293854,8.15938320808,-0.399852938617,0.162366925457,-1014.641686,277.361981244,653.388509419,0.933399093622,-0.24738420789,-0.353619067203,-338.010121036,-483.162707619
675.5,0.267857142857,1764,10.7347235428,77.0769310743,16.6122344772,11019448.8699,-10.6181072045,8.15938320808,-0.398396438738,0.153151519378,-1017.12394353,532.831785672,442.603993439,0.929541015501,-0.240251031429,-0.352781167559,-329.848452397,-484.344735014
676,0.267857142857,1764,3.61656672402,73.5938900061,16.6277326129,11029729.2999,-10.3478724449,8.15938320808,-0.396768665966,0.146087217665,-1015.92912126,661.941540716,145.918548047,0.925393665439,-0.234663127926,-0.351710201515,-322.778058157,-483.77577203
676.5,0.267857142857,1764,-4.30629325345,73.761285814,16.6100482386,11017998.6649,-10.2732387717,8.15938320808,-0.395444163317,0.144136192615,-1010.49599042,648.920581919,-172.085196644,0.922208359348,-0.232913695149,-0.350574583983,-319.690623031,-481.188566867
677,0.267857142857,1764,-11.2709826654,77.5418721408,16.569445577,10991065.5661,-10.3965146829,8.15938320808,-0.394998709257,0.147358791485,-1003.60427841,500.253037562,-452.583516431,0.921328146062,-0.235189483666,-0.349892126971,-321.238017921,-477.906799242
677.5,0.267857142857,1764,-15.7278252589,84.0944506924,16.5232518731,10960423.7425,-10.6547838736,8.15938320808,-0.395479270738,0.15411029706,-997.969918815,240.932531592,-641.65830454,0.922781951276,-0.240292933736,-0.349875896912,-326.381197133,-475.223770864
678,0.267857142857,1764,-16.6851525301,91.9610418268,16.4869492537,10936343.0049,-10.9292551797,8.15938320808,-0.396631544312,0.161285347822,-995.481793921,-81.5018766558,-693.443263135,0.925825663316,-0.245865193781,-0.350542225491,-332.483991085,-474.038949486
678.5,0.267857142857,1764,-13.9299546445,99.3912919027,16.4602163942,10918610.2081,-11.1850173638,8.15938320808,-0.397872680014,0.167971316857,-994.632560697,-397.314857728,-589.330840221,0.92905490833,-0.251093394278,-0.351381758403,-338.453845836,-473.634552713
679,0.267857142857,1764,-8.07527613046,104.731935223,16.451198528,10912628.3569,-11.2936947432,8.15938320808,-0.399097364266,0.170812290381,-996.522158997,-628.459286712,-344.488500669,0.93205626103,-0.253465679968,-0.352435375336,-341.27724685,-474.534361427
679.5,0.267857142857,1764,-0.423810579037,106.794653453,16.4600537661,10918502.3315,-11.2612355761,8.15938320808,-0.399660318181,0.169963763901,-999.26715577,-715.794217213,-18.0629604847,0.933328619197,-0.252959818829,-0.353026034487,-340.962899524,-475.841502748
680,0.267857142857,1764,7.32195482572,105.120482053,16.470597038,10925496.0352,-11.3206651881,8.15938320808,-0.399464474993,0.17151733425,-999.794039869,-648.092147489,313.832681394,0.932948806784,-0.254067632179,-0.352760118223,-342.894966018,-476.092399938
680.5,0.267857142857,1764,13.4385507375,100.081932061,16.4849227724,10934998.7724,-11.4340835442,8.15938320808,-0.399698751575,0.174482243311,-1001.80021471,-436.7112607,582.107318248,0.933644065261,-0.256314804876,-0.352853887669,-346.529818352,-477.047721289
681,0.267857142857,1764,16.5650057085,92.8001046187,16.5185062139,10957275.7886,-11.3173099424,8.15938320808,-0.400331398282,0.171429623593,-1008.04316851,-120.775432822,714.489637552,0.934969117477,-0.254190727686,-0.353610546016,-345.05977245,-480.020556434
681.5,0.267857142857,1764,16.0056687574,84.8952406886,16.5636139498,10987197.2534,-11.0330482815,8.15938320808,-0.399906173984,0.163998639729,-1013.46397354,216.517340303,678.877223726,0.933604829465,-0.248601712471,-0.353578407684,-339.31839226,-482.601892161
682,0.267857142857,1764,11.8849949947,78.1262097889,16.6045485816,11014350.5591,-10.7051822623,8.15938320808,-0.398662072715,0.15542777903,-1016.48801532,492.65967531,493.124576995,0.930273978438,-0.241991660941,-0.352887062317,-331.930860528,-484.041912058
682.5,0.267857142857,1764,5.11985377346,73.9991532306,16.6274273601,11029526.8155,-10.3856273855,8.15938320808,-0.397187390691,0.147074182821,-1016.85089245,647.837591664,207.291138155,0.926419121559,-0.235488640329,-0.352042240154,-323.901653956,-484.214710692
683,0.267857142857,1764,-2.7844790673,73.4323605688,16.6174387526,11022901.0392,-10.2473843463,8.15938320808,-0.395649357846,0.143460323005,-1012.12593179,661.372444743,-111.155106659,0.922653574482,-0.23246318872,-0.350827798971,-319.356271598,-481.964729424
683.5,0.267857142857,1764,-10.0692521787,76.5519458448,16.5792354019,10997559.4832,-10.3402462977,8.15938320808,-0.39489900496,0.145887859876,-1004.83489272,538.089884334,-402.895666364,0.921023196919,-0.234079447858,-0.349907564748,-320.099772427,-478.492806058
684,0.267857142857,1764,-15.1135691747,82.6637866169,16.5307275387,10965382.6006,-10.6177411977,8.15938320808,-0.395215357108,0.153141951465,-998.328573396,298.602605448,-615.160832638,0.922118424739,-0.239516040804,-0.349685146939,-325.620414624,-475.39455876
684.5,0.267857142857,1764,-16.795045725,90.4079694782,16.4928011406,10940224.7566,-10.890994962,8.15938320808,-0.3964658288,0.160285174039,-995.900055869,-16.9137737485,-696.296214934,0.92538935394,-0.245087352552,-0.350440694044,-331.667433997,-474.238121843
685,0.267857142857,1764,-14.7395453642,98.0613772059,16.466474997,10922761.748,-11.1064799483,8.15938320808,-0.397723770215,0.16591824271,-995.284219356,-339.197634352,-620.194141929,0.928605211487,-0.24953943964,-0.351344743411,-336.615072773,-473.94486636
685.5,0.267857142857,1764,-9.40442662028,103.921090473,16.4535744676,10914204.3968,-11.2527901444,8.15938320808,-0.398725954495,0.169742988905,-995.932155463,-591.994432727,-399.92328282,0.931135597486,-0.252592671545,-0.352124993933,-340.200034701,-474.253407363
686,0.267857142857,1764,-1.9767785842,106.683295431,16.4586064292,10917542.2647,-11.2536666574,8.15938320808,-0.399459577916,0.16976590214,-998.564485362,-710.388424112,-84.1728559612,0.932849954974,-0.252769585961,-0.35283983949,-340.646571686,-475.506897792
686.5,0.267857142857,1764,5.8907120131,105.733388446,16.4682237515,10923921.7552,-11.3047776409,8.15938320808,-0.399435417925,0.171102012301,-999.481443787,-673.335162628,252.102307463,0.93286021492,-0.253753717376,-0.352751474305,-342.372612211,-475.94354466
687,0.267857142857,1764,12.4474913957,101.282728303,16.4808335815,10932286.2757,-11.4255174937,8.15938320808,-0.399623995931,0.174258315176,-1001.1240195,-488.135907803,538.528213149,0.933458260434,-0.256132789733,-0.352790720619,-346.111964912,-476.725723572
687.5,0.267857142857,1764,16.2346452168,94.3216078818,16.5129607743,10953597.3136,-11.3211643357,8.15938320808,-0.400286427646,0.171530382642,-1007.22785973,-186.323997596,699.948741083,0.934869128888,-0.254255547812,-0.35356189378,-344.916064003,-479.632314156
688,0.267857142857,1764,16.4095138838,86.3989093183,16.5538508392,10980721.0567,-11.1080869309,8.15938320808,-0.399883524398,0.165960251407,-1011.89933448,153.446319628,699.226910654,0.933649902051,-0.25004676796,-0.353449079734,-340.888543369,-481.85682594
688.5,0.267857142857,1764,12.9331882932,79.277470421,16.5952481085,11008181.2453,-10.8029980616,8.15938320808,-0.398984844631,0.157984816176,-1015.78117075,447.995449286,540.358453428,0.931154444731,-0.243952768996,-0.353037044639,-334.24609071,-483.705319402
689,0.267857142857,1764,6.57916728999,74.5418449429,16.6259155943,11028524.0109,-10.4292978625,8.15938320808,-0.39765669666,0.148215788091,-1017.73739687,628.278355293,267.402441551,0.927570335061,-0.236439590258,-0.352413235274,-325.150499769,-484.636855654
689.5,0.267857142857,1764,-1.2387494751,73.2457318949,16.6217782261,11025779.5566,-10.2605330362,8.15938320808,-0.395862891027,0.143804047524,-1013.17463311,670.046307056,-49.540780054,0.923168485405,-0.232766937169,-0.351007956516,-319.940592022,-482.464111004
690,0.267857142857,1764,-8.7810386377,75.6775225452,16.5878382863,11003266.0632,-10.3104107609,8.15938320808,-0.394981959881,0.145107918634,-1006.28404006,572.308302716,-350.879331783,0.921178285236,-0.233522760283,-0.35004882104,-319.670003753,-479.182876221
690.5,0.267857142857,1764,-14.3695052754,81.2961320012,16.5380281027,10970225.3081,-10.5948458074,8.15938320808,-0.395077188688,0.152543435032,-998.944716686,353.880113713,-584.23245407,0.921766561208,-0.239041504159,-0.349592110726,-325.262390249,-475.687960327
691,0.267857142857,1764,-16.7606891954,88.8513931508,16.4992413097,10944496.7355,-10.8371005544,8.15938320808,-0.396380130244,0.158876301412,-996.686359636,47.4500362843,-692.399937407,0.925119632452,-0.244024875791,-0.350443642828,-330.487573313,-474.612552208
691.5,0.267857142857,1764,-15.4225406943,96.6622247434,16.4722486543,10926591.6074,-11.0416266057,8.15938320808,-0.397488385232,0.164222888714,-995.595401421,-279.052061292,-645.984177486,0.927971486679,-0.248231606957,-0.351208261405,-335.085737319,-474.093048296
692,0.267857142857,1764,-10.6528041268,102.990679899,16.4550393496,10915176.1019,-11.2318828727,8.15938320808,-0.398411763548,0.169196444578,-995.318991132,-551.491361274,-452.241876096,0.930374671269,-0.252119178835,-0.351845548294,-339.622785298,-473.961424349
692.5,0.267857142857,1764,-3.51276838218,106.428647488,16.4554291549,10915434.6728,-11.2758512417,8.15938320808,-0.399342375237,0.170345837146,-997.77510967,-700.392585939,-149.757728551,0.93260518839,-0.253173476285,-0.352697076538,-341.059158493,-475.131004605
693,0.267857142857,1764,4.40887490032,106.211163503,16.4654937734,10922110.8697,-11.3002465153,8.15938320808,-0.399549121802,0.170983562556,-999.48050265,-693.380034995,188.575350076,0.933119850834,-0.253690690406,-0.352868124089,-342.174099905,-475.9430965
693.5,0.267857142857,1764,11.3495227169,102.386619155,16.4793059446,10931272.9433,-11.3777170274,8.15938320808,-0.399628025725,0.173008746408,-1001.10840596,-533.860334644,489.161725222,0.933405260626,-0.255207796727,-0.352850628125,-344.798094104,-476.718288553
694,0.267857142857,1764,15.7648481831,95.805993607,16.5067652479,10949487.6145,-11.3358052358,8.15938320808,-0.400039218125,0.171913115552,-1005.73409312,-250.360773994,679.797440394,0.934310903229,-0.254485290155,-0.353302607451,-344.968721551,-478.920996725
694.5,0.267857142857,1764,16.6724205516,87.9335070891,16.5430954722,10973586.6632,-11.1951384581,8.15938320808,-0.399908160537,0.168235895937,-1010.31365534,88.53492625,714.297889028,0.933821085417,-0.25173526538,-0.353354226959,-342.744659933,-481.10174064
695,0.267857142857,1764,13.8703006886,80.5208249933,16.5866619114,11002485.7346,-10.8811652087,8.15938320808,-0.399378430266,0.160028211008,-1015.47075267,398.228615478,582.703730613,0.932174837579,-0.245550509439,-0.353294645012,-336.087151212,-483.557501272
695.5,0.267857142857,1764,7.98197348382,75.2173040583,16.6223830265,11026180.7409,-10.4882560414,8.15938320808,-0.398018031156,0.149757034542,-1017.99371318,603.669374641,325.953598748,0.928489649917,-0.237659856511,-0.352651832724,-326.689733469,-484.758911037
696,0.267857142857,1764,0.317619520722,73.2030027136,16.6246254027,11027668.1838,-10.2865728802,8.15938320808,-0.396146523815,0.144484764226,-1014.16243707,673.627090368,12.7378191435,0.923863526432,-0.23333562873,-0.351229838979,-320.832148214,-482.934493844
696.5,0.267857142857,1764,-7.41740628423,74.9261125115,16.5960375943,11008704.9375,-10.2828752952,8.15938320808,-0.395128845994,0.144388104359,-1007.85267157,601.645883658,-296.051828816,0.921485415058,-0.233025668387,-0.350248151301,-319.304961839,-479.929843605
697,0.267857142857,1764,-13.5020241964,80.0032333927,16.5485202944,10977185.1286,-10.5324466111,8.15938320808,-0.394972428022,0.150912235735,-1000.25025021,404.866841563,-546.829000401,0.921441804292,-0.237810608941,-0.349605257493,-323.998234604,-476.309642956
697.5,0.267857142857,1764,-16.5823780237,87.3046820077,16.5059862736,10948970.8948,-10.785559524,8.15938320808,-0.396093627748,0.157528949243,-996.948441563,110.952173767,-682.609952979,0.924384366863,-0.242962779686,-0.350249367564,-329.318244707,-474.737353125
698,0.267857142857,1764,-15.9730745068,95.2058515923,16.4775091179,10930081.0482,-10.9905396848,8.15938320808,-0.397257042535,0.162887407582,-995.806245296,-217.275607018,-666.665078305,0.927365160213,-0.247191179283,-0.351058380155,-333.894431167,-474.193450141
698.5,0.267857142857,1764,-11.8096865528,101.948694637,16.4558114329,10915688.2505,-11.2266439015,8.15938320808,-0.398157828829,0.169059490792,-994.730764189,-506.987908684,-501.089739892,0.929774868628,-0.251962226333,-0.351604614,-339.443210555,-473.681316281
699,0.267857142857,1764,-5.01858762395,106.032896752,16.4528002516,10913690.8336,-11.295367088,8.15938320808,-0.399305208155,0.170856007734,-997.284024889,-684.300352858,-214.198428084,0.932543843028,-0.253543230655,-0.352636150767,-341.448142999,-474.897154709
699.5,0.267857142857,1764,2.88917072842,106.549703698,16.4636709771,10920901.7481,-11.2869587916,8.15938320808,-0.399654317523,0.170636203507,-999.597245762,-707.049543116,123.433439096,0.933348182704,-0.253456345568,-0.352987490364,-341.782333269,-475.998688458
700,0.267857142857,1764,10.1540749629,103.384123492,16.4771911089,10929870.1022,-11.3438235257,8.15938320808,-0.399580416112,0.172122724482,-1000.83528089,-575.198063616,436.383022017,0.933249815355,-0.254541163224,-0.352844919827,-343.809178965,-476.588228996
700.5,0.267857142857,1764,15.1596496123,97.2405126637,16.4998347309,10944890.3715,-11.3639192943,8.15938320808,-0.399853905154,0.172648055023,-1004.2783618,-312.574652927,654.445677555,0.93391481962,-0.254989415685,-0.353087658038,-345.361901782,-478.227791331
701,0.267857142857,1764,16.7921307012,89.4858536078,16.5339348654,10967510.1274,-11.2564235749,8.15938320808,-0.400014599493,0.169837971688,-1009.26286968,22.1088717781,722.0804623,0.934149687444,-0.252943920374,-0.353377969857,-344.008976656,-480.601366513
701.5,0.267857142857,1764,14.6882834857,81.8455945499,16.5806859182,10998521.6591,-10.9154638419,8.15938320808,-0.399666735332,0.160924823619,-1015.39198122,343.340379899,618.448624229,0.932892484921,-0.246277365054,-0.35352193376,-336.839154736,-483.519991056
702,0.267857142857,1764,9.31622389671,76.0197291762,16.6184582763,11023577.3233,-10.5430386503,8.15938320808,-0.398160388462,0.15118912595,-1017.6171714,573.246852296,382.002329668,0.928892828903,-0.238748984993,-0.352687919994,-328.031901254,-484.579605431
702.5,0.267857142857,1764,1.87126053777,73.3045400183,16.6270697581,11029289.6062,-10.307096934,8.15938320808,-0.396412017507,0.14502129072,-1015.08477471,671.066387685,75.2144625471,0.92450919162,-0.233793569513,-0.351445912255,-321.5563457,-483.373702241
703,0.267857142857,1764,-5.99006711924,74.3041694738,16.6034861377,11013645.8047,-10.2660805095,8.15938320808,-0.395241912214,0.143949065971,-1009.17422439,626.231351603,-238.991356463,0.921727478408,-0.232728108389,-0.350392822887,-319.183543965,-480.559154471
703.5,0.267857142857,1764,-12.5185765817,78.7961952727,16.5573697249,10983055.2509,-10.4803164009,8.15938320808,-0.394916278693,0.149549481613,-1001.44598921,452.287166094,-505.363281802,0.921243716595,-0.236789773618,-0.349649135187,-322.952551996,-476.879042479
704,0.267857142857,1764,-16.2616436934,85.7811204818,16.5144380936,10954577.2688,-10.7149161,8.15938320808,-0.395869428933,0.155682234698,-997.688640964,172.832739558,-666.182671747,0.923769937524,-0.241545076825,-0.350150737292,-327.732022326,-475.089829031
704.5,0.267857142857,1764,-16.3864183625,93.7047662879,16.4822444198,10933222.1318,-10.9537017971,8.15938320808,-0.396921316246,0.161924415427,-995.608375887,-154.220811848,-682.128519528,0.926533717863,-0.246403215288,-0.350786976807,-333.021410505,-474.099226613
705,0.267857142857,1764,-12.8651376366,100.804084116,16.4554922668,10915476.537,-11.2418215845,8.15938320808,-0.397964081536,0.16945625593,-994.101126624,-458.861907465,-546.397226475,0.929342157205,-0.252214002225,-0.351395688574,-339.769222473,-473.381488869
705.5,0.267857142857,1764,-6.48130309013,105.499442256,16.4527996075,10913690.4063,-11.2799444828,8.15938320808,-0.399389916074,0.170452839999,-997.572789215,-660.800917762,-276.322912751,0.932721552487,-0.253263061683,-0.352738284443,-341.070811111,-475.034661531
706,0.267857142857,1764,1.34465197201,106.746101369,16.4619825897,10919781.7845,-11.2723891614,8.15938320808,-0.399585197889,0.170255333688,-999.25347153,-714.455201962,57.3681942464,0.933167746542,-0.253159315483,-0.352938479066,-341.311776969,-475.834986443
706.5,0.267857142857,1764,8.87141562645,104.266673922,16.4740211646,10927767.3725,-11.3329801286,8.15938320808,-0.399513483718,0.171839263432,-1000.3024873,-612.350338483,380.776513963,0.933079338172,-0.254316706006,-0.352792813385,-343.373846968,-476.334517763
707,0.267857142857,1764,14.4242474496,98.6128442174,16.4921615552,10939800.4983,-11.4072127165,8.15938320808,-0.399775421772,0.17377980357,-1002.98122515,-372.669427314,624.123216534,0.933788056945,-0.255810822993,-0.352959814741,-346.152251598,-477.610107214
707.5,0.267857142857,1764,16.7676161631,91.0426160404,16.5260233964,10962262.1863,-11.2940595451,8.15938320808,-0.400210092037,0.170821826797,-1008.70548936,-44.9272287394,722.531111718,0.934655414259,-0.25371456758,-0.353521049552,-344.726933007,-480.335947312
708,0.267857142857,1764,15.3801111724,83.2404008755,16.5734014648,10993689.6383,-10.9637181696,8.15938320808,-0.399828439634,0.162186256939,-1014.74014442,285.479774999,649.551932899,0.933332886784,-0.247245277709,-0.353605621747,-337.865923395,-483.209592581
708.5,0.267857142857,1764,10.5704588841,76.9422284068,16.6131849208,11020079.3308,-10.6080699254,8.15938320808,-0.39836722982,0.152889131342,-1017.21022796,537.998402002,435.517649202,0.929459829581,-0.240050724765,-0.352770726984,-329.611158022,-484.385822836
709,0.267857142857,1764,3.40882962376,73.5494717229,16.6278550885,11029810.542,-10.3417381015,8.15938320808,-0.396721368606,0.145926857642,-1015.84683203,663.377702183,137.463157709,0.925275424739,-0.234533811005,-0.351676532605,-322.604935724,-483.736586679
709.5,0.267857142857,1764,-4.51128031038,73.8170351925,16.6094442691,11017598.0318,-10.2704345455,8.15938320808,-0.395414691669,0.144062886354,-1010.35667253,646.476327407,-180.216416562,0.922136017606,-0.232852677054,-0.35055174283,-319.583628882,-481.122225013
710,0.267857142857,1764,-11.4276090917,77.6853846813,16.5680554439,10990143.4445,-10.4056435176,8.15938320808,-0.394979492506,0.147597431557,-1003.3306636,494.768692695,-459.131127089,0.921295071204,-0.235361370677,-0.349855436567,-321.418853868,-477.776506474
710.5,0.267857142857,1764,-15.8012409358,84.2937941776,16.5222691443,10959771.8657,-10.660771917,8.15938320808,-0.395522092275,0.154266832604,-997.939905592,232.893772861,-644.9137539,0.922889590012,-0.240418543019,-0.349906995203,-326.512965162,-475.209478853
711,0.267857142857,1764,-16.6590221231,92.1718613907,16.4864468531,10936009.7459,-10.931263886,8.15938320808,-0.396660642447,0.161337858118,-995.492813417,-90.2748068365,-692.442902058,0.925896184644,-0.245910589571,-0.350567470918,-332.52511315,-474.044196865
711.5,0.267857142857,1764,-13.8100922925,99.5666791977,16.4595601524,10918174.9011,-11.1932952779,8.15938320808,-0.397878183232,0.168187712717,-994.536960469,-404.963072961,-584.589207712,0.929078513353,-0.251254971389,-0.35137600196,-338.644634854,-473.589028795
712,0.267857142857,1764,-7.88835177219,104.832865749,16.4517616133,10913001.8702,-11.285862974,8.15938320808,-0.399143263582,0.170607557353,-996.744978708,-632.45454375,-336.349293896,0.932153244492,-0.253324000087,-0.352490048752,-341.109832431,-474.640466051
712.5,0.267857142857,1764,-0.211415766141,106.798669691,16.4602227744,10918614.4404,-11.2631250253,8.15938320808,-0.399620027683,0.170013156655,-999.169521765,-716.058742663,-9.01179143765,0.933236994638,-0.252987606001,-0.352984293094,-341.007356345,-475.795010364
713,0.267857142857,1764,7.51256124532,105.026690372,16.4711565709,10925867.192,-11.3200637182,8.15938320808,-0.399474279643,0.171501611013,-999.891204896,-644.0916879,322.012241762,0.932970920678,-0.254058112766,-0.352770432454,-342.905415341,-476.138668998
713.5,0.267857142857,1764,13.5649579362,99.9112015512,16.4857095498,10935520.6681,-11.4331596734,8.15938320808,-0.399696257107,0.17445809208,-1001.89193097,-429.325962249,587.596628797,0.933637031901,-0.256296371594,-0.352852509903,-346.537973246,-477.0913957
714,0.267857142857,1764,16.5990874882,92.5904236253,16.5193078814,10957807.5613,-11.3177483284,8.15938320808,-0.400326535666,0.171441083597,-1008.12593884,-111.745483375,716.050084175,0.93495833416,-0.254198154434,-0.353605258142,-345.10334845,-480.059970877
714.5,0.267857142857,1764,15.9398417613,84.6932642214,16.5648981716,10988049.1205,-11.0250894206,8.15938320808,-0.399912819757,0.163790584354,-1013.67305606,224.981139076,675.775826377,0.933609956009,-0.248449431554,-0.353596519906,-339.163129218,-482.701455268
715,0.267857142857,1764,11.73390604,77.9768785649,16.6058324787,11015202.2109,-10.692806527,8.15938320808,-0.398628927787,0.15510426059,-1016.61371281,498.424846931,486.435270029,0.930180548193,-0.241745304675,-0.352876127542,-331.644223753,-484.101768004
715.5,0.267857142857,1764,4.91712086545,73.9356941515,16.6275972012,11029639.4768,-10.3805917401,8.15938320808,-0.397127713053,0.146942544248,-1016.7327809,650.113673412,198.993192647,0.926273411247,-0.235377663567,-0.351994158017,-323.755625443,-484.158467097
716,0.267857142857,1764,-2.99374690015,73.4688935791,16.6165846313,11022334.4721,-10.2495500305,8.15938320808,-0.395622698643,0.143516936915,-1011.93409622,659.946992663,-119.514944327,0.922594195638,-0.232498688094,-0.350797364439,-319.372206971,-481.873379153
716.5,0.267857142857,1764,-10.2384918563,76.6803421775,16.5780358486,10996763.7795,-10.3460192284,8.15938320808,-0.394906773144,0.146038772082,-1004.67774098,533.133233924,-409.80634387,0.921048741279,-0.234192747103,-0.349903471875,-320.208366328,-478.417971895
717,0.267857142857,1764,-15.2051240702,82.8554774821,16.5297153191,10964711.1617,-10.6220991387,8.15938320808,-0.395242129086,0.153255873932,-998.258322033,290.874462932,-619.045189747,0.922186504653,-0.239606468838,-0.34970336514,-325.703459906,-475.36110573
717.5,0.267857142857,1764,-16.7885444424,90.6203027541,16.4921816602,10939813.8346,-10.8936284516,8.15938320808,-0.396486362905,0.160354017016,-995.870271711,-25.720678183,-696.132244985,0.925440689159,-0.245142938886,-0.350456539755,-331.717736401,-474.22393891
718,0.267857142857,1764,-14.6364344695,98.2471077367,16.4657920274,10922308.7115,-11.1144424664,8.15938320808,-0.39773260157,0.166126393691,-995.19434255,-347.200937377,-616.18981222,0.928636169805,-0.249695589615,-0.351342160236,-336.797770526,-473.902067881
718.5,0.267857142857,1764,-9.22764877391,104.038892339,16.453642116,10914249.2703,-11.2518516034,8.15938320808,-0.398766466081,0.169718454176,-996.055597732,-596.986784077,-392.394516114,0.93122898097,-0.252583328432,-0.352165742736,-340.19024844,-474.312189396
719,0.267857142857,1764,-1.76566769107,106.706957162,16.459182663,10917924.4998,-11.2493948346,8.15938320808,-0.399457259914,0.16965423092,-998.643592052,-711.211648316,-75.1641018043,0.932838968822,-0.252686403289,-0.352843084331,-340.558315404,-475.544567644
719.5,0.267857142857,1764,6.08918278326,105.657645194,16.4687576651,10924275.9179,-11.3041413687,8.15938320808,-0.399414362184,0.171085379285,-999.490263332,-670.092453791,260.595727019,0.932810210248,-0.253736826256,-0.352731714942,-342.372021067,-475.947744444
720,0.267857142857,1764,12.5891613602,101.1244333,16.4832820857,10933910.4502,-11.3983012199,8.15938320808,-0.399636024018,0.17354684501,-1001.54468949,-480.444402842,543.70339134,0.933450818287,-0.255608188091,-0.352834115821,-345.505709735,-476.926042612
720.5,0.267857142857,1764,16.2879921401,94.1159825126,16.5138450255,10954183.8669,-11.3210993926,8.15938320808,-0.400150397461,0.171528684942,-1006.95762116,-177.456097942,702.239020618,0.934551345445,-0.254224791231,-0.353429180841,-344.911276762,-479.503629125
721,0.267857142857,1764,16.3626678238,86.1917061973,16.5552734404,10981664.7155,-11.0992873748,8.15938320808,-0.399888119222,0.16573021912,-1012.1214529,162.193616854,696.879078447,0.933649142641,-0.249877698826,-0.353465909323,-340.716604872,-481.962596617
721.5,0.267857142857,1764,12.7965727193,79.1147932202,16.5966225478,11009092.9567,-10.7908437055,8.15938320808,-0.398947398243,0.157667084887,-1015.90205214,454.414299802,534.206262659,0.931051235941,-0.243709676868,-0.353020579602,-333.968336289,-483.762881969
722,0.267857142857,1764,6.38317981188,74.4598901069,16.6263794014,11028831.6696,-10.4223787233,8.15938320808,-0.397599234226,0.148034912443,-1017.6715591,631.252598356,259.290241172,0.927427334793,-0.236292872563,-0.352370777356,-324.966864558,-484.605504336
722.5,0.267857142857,1764,-1.45050071888,73.2627347615,16.6214267877,11025546.4359,-10.2564226982,8.15938320808,-0.395830182067,0.143696597735,-1013.06469498,669.087992238,-57.9851367535,0.923086907892,-0.232679990436,-0.350984710902,-319.807558859,-482.411759516
723,0.267857142857,1764,-8.96143799638,75.7896998963,16.5868232272,11002592.7407,-10.3123524363,8.15938320808,-0.394960101165,0.145158676651,-1006.0884082,567.835045504,-358.09367257,0.921129804259,-0.233555130779,-0.350023604641,-319.675188482,-479.089718189
723.5,0.267857142857,1764,-14.4784130405,81.4785238469,16.5370967334,10969607.4998,-10.5970778853,8.15938320808,-0.395085771542,0.152601784564,-998.844473156,346.490864538,-588.705262028,0.921789460926,-0.239086648392,-0.349596404569,-325.287176366,-475.640225312
724,0.267857142857,1764,-16.7738728755,89.063416445,16.4984359519,10943962.5148,-10.8433037587,8.15938320808,-0.396387960638,0.159038461554,-996.582127905,38.7066896091,-693.222817657,0.925145929181,-0.244146697196,-0.350441204542,-330.62027967,-474.56291805
724.5,0.267857142857,1764,-15.3370668583,96.8567033029,16.4715576915,10926133.2687,-11.0489033036,8.15938320808,-0.397515591364,0.164413111428,-995.557002474,-287.343807277,-642.730331018,0.928044443283,-0.24837852451,-0.351224180758,-335.255932288,-474.074763083
725,0.267857142857,1764,-10.4876911064,103.124341327,16.4550810813,10915203.784,-11.2305841028,8.15938320808,-0.398449060661,0.169162492978,-995.431810465,-557.130903364,-445.204576363,0.93046007783,-0.252102168304,-0.351883645128,-339.601593407,-474.015147841
725.5,0.267857142857,1764,-3.30475460353,106.471751486,16.4560174469,10915824.9064,-11.2706709119,8.15938320808,-0.399338756584,0.170210416326,-997.855112035,-702.000058178,-140.843426757,0.93258998096,-0.253072403917,-0.352700137102,-340.947377106,-475.169100969
726,0.267857142857,1764,4.61350539015,106.154119227,16.4660310405,10922467.2569,-11.2991255468,8.15938320808,-0.39952379148,0.170954258926,-999.479664227,-690.911148844,197.319474025,0.933059230745,-0.253663487544,-0.352844801138,-342.159737274,-475.942697251
726.5,0.267857142857,1764,11.5052386685,102.242119228,16.4797685326,10931579.7933,-11.3822834518,8.15938320808,-0.399619859293,0.173128118912,-1001.12659462,-527.841250125,496.069303761,0.933392148283,-0.255294470771,-0.352837229744,-344.934559329,-476.72694982
727,0.267857142857,1764,15.8370020626,95.6061899424,16.5077245381,10950123.9436,-11.3350849427,8.15938320808,-0.400062462527,0.171894286115,-1005.91810263,-241.764660354,682.964270563,0.934364250323,-0.25447638468,-0.353326179561,-344.996745149,-479.008620301
727.5,0.267857142857,1764,16.6449577804,87.7228569457,16.5446265574,10974602.2831,-11.1857398009,8.15938320808,-0.399909810292,0.167990202338,-1010.54116794,97.5075732753,712.739341246,0.933812664572,-0.251553866919,-0.353368386372,-342.561080971,-481.21007997
728,0.267857142857,1764,13.7493318629,80.3461990219,16.5874709622,11003022.4049,-10.8790339147,8.15938320808,-0.399332443786,0.159972496104,-1015.45067865,405.51935308,577.556982474,0.932064725484,-0.245499038135,-0.353253198775,-336.049482686,-483.547942213
728.5,0.267857142857,1764,7.79441473795,75.1175573613,16.6231528697,11026691.4036,-10.4787242852,8.15938320808,-0.398012589565,0.149507861556,-1018.12487744,607.325780329,318.076079839,0.928464592398,-0.237474840103,-0.352664603324,-326.465645499,-484.82137021
729,0.267857142857,1764,0.105203560596,73.2003294017,16.6243295702,11027471.9482,-10.2835521187,8.15938320808,-0.39610001722,0.14440579744,-1014.01375372,673.51065607,4.21768502562,0.923751170016,-0.233266475207,-0.35119084487,-320.72564858,-482.863692248
729.5,0.267857142857,1764,-7.60741590533,75.0211074093,16.5950106159,11008023.7085,-10.2860142958,8.15938320808,-0.395111836685,0.144470162077,-1007.66174146,597.925530266,-303.671861028,0.921449787034,-0.233082261678,-0.350225142601,-319.342983012,-479.838924503
730,0.267857142857,1764,-13.6273494413,80.1747596872,16.5448487807,10974749.6912,-10.5735318585,8.15938320808,-0.394965625146,0.151986259609,-999.569782491,399.069860648,-553.499382144,0.921478826913,-0.238603629518,-0.349522497327,-324.934432497,-475.98561071
730.5,0.267857142857,1764,-16.6151334342,87.5145742892,16.5047743585,10948166.9912,-10.7971697909,8.15938320808,-0.396294650302,0.157832457306,-997.30445412,102.410694711,-684.618071784,0.924868511059,-0.243232859108,-0.350425898996,-329.635906685,-474.906882914
731,0.267857142857,1764,-15.9059718495,95.4074078378,16.4768367895,10929635.0704,-10.9967577687,8.15938320808,-0.397312106418,0.163049956697,-995.850806674,-225.79058031,-664.166403208,0.927501765152,-0.247323802971,-0.351102741044,-334.046311407,-474.214669845
731.5,0.267857142857,1764,-11.6576564855,102.097067631,16.4558487803,10915713.0242,-11.2247995555,8.15938320808,-0.398190126675,0.169011277095,-994.83130425,-513.227351993,-494.584997876,0.929847891985,-0.251933552882,-0.351638555478,-339.406122313,-473.7291925
732,0.267857142857,1764,-4.81545755392,106.095072803,16.4527972126,10913688.8177,-11.2985775873,8.15938320808,-0.399294167502,0.170939934522,-997.241791188,-687.115761276,-205.577000084,0.932522245709,-0.25360299449,-0.352621347343,-341.528501136,-474.877043423
732.5,0.267857142857,1764,3.09820340225,106.511848342,16.464056323,10921157.3609,-11.2878491235,8.15938320808,-0.399669901045,0.170659477986,-999.683937346,-705.522675,132.380864137,0.933385738535,-0.253476966373,-0.353001578956,-341.826141023,-476.039970165
733,0.267857142857,1764,10.3224994844,103.254659724,16.477717384,10930219.1981,-11.3469705852,8.15938320808,-0.399583117142,0.17220499287,-1000.89584675,-569.808286566,443.756827173,0.933260231799,-0.254602685452,-0.3528437326,-343.914245066,-476.61706988
733.5,0.267857142857,1764,15.2499907308,97.0482467827,16.5009029261,10945598.941,-11.3614543318,8.15938320808,-0.399871033697,0.172583617574,-1004.46439049,-304.261351658,658.317300116,0.933951605641,-0.254945394885,-0.353107341006,-345.346990296,-478.316376425
734,0.267857142857,1764,16.7842870917,89.2735656795,16.5353395325,10968441.8899,-11.2495443385,8.15938320808,-0.400006113158,0.169658139155,-1009.4359751,31.2261329119,721.48075164,0.934120882463,-0.252808992258,-0.35337853384,-343.883894596,-480.683797669
734.5,0.267857142857,1764,14.5840003882,81.6605196399,16.581649106,10999160.5737,-10.9119976453,8.15938320808,-0.39963417357,0.160834212558,-1015.43425201,351.067912142,613.944076355,0.932811960348,-0.24620315108,-0.353495579904,-336.776774554,-483.540120006
735,0.267857142857,1764,9.13870479251,75.9030473252,16.6191707612,11024049.9383,-10.535518342,8.15938320808,-0.398147109296,0.150992534931,-1017.70731115,577.722299796,374.523038537,0.928852089849,-0.238600907505,-0.352688918431,-327.856559144,-484.622529118
735.5,0.267857142857,1764,1.660004265,73.2822134886,16.6269651617,11029220.224,-10.3026170675,8.15938320808,-0.396376497076,0.144904180958,-1014.99867373,671.683176566,66.6952492226,0.924420567152,-0.233698876292,-0.351420523466,-321.422061998,-483.332701778
736,0.267857142857,1764,-6.1880550432,74.3811660236,16.6026539555,11013093.7905,-10.2661975577,8.15938320808,-0.395219191529,0.143952125768,-1009.00876303,623.088646039,-246.862655964,0.921674643092,-0.232725032031,-0.35037049438,-319.14733045,-480.480363346
736.5,0.267857142857,1764,-12.6592429097,78.9553828064,16.5563024819,10982347.313,-10.4849482627,8.15938320808,-0.394914315108,0.149670564738,-1001.28610713,445.971157888,-511.168211577,0.921245097149,-0.236878858809,-0.3496383853,-323.032405792,-476.802908157
737,0.267857142857,1764,-16.3136895038,85.9870790221,16.5133292411,10953841.7299,-10.7240374199,8.15938320808,-0.395887780153,0.155920678323,-997.56090131,164.4961881,-668.724789743,0.923824536195,-0.241725714601,-0.350152925597,-327.933072204,-475.029000624
737.5,0.267857142857,1764,-16.338263217,93.9116690879,16.4816200496,10932807.9663,-10.9583756727,8.15938320808,-0.396964722678,0.16204659685,-995.632733469,-162.88754895,-680.348871464,0.92664109596,-0.246503384141,-0.35082213757,-333.131551343,-474.110825462
738,0.267857142857,1764,-12.7274962821,100.965894327,16.4552852117,10915339.1904,-11.2432340905,8.15938320808,-0.397986809079,0.169493180746,-994.133653176,-465.782153859,-540.60712741,0.92939706741,-0.252246333321,-0.35141602958,-339.804225702,-473.396977703
738.5,0.267857142857,1764,-6.28480137754,105.580156342,16.4528761442,10913741.1757,-11.2811429087,8.15938320808,-0.399396327564,0.170484168471,-997.595475371,-664.312756493,-267.973801767,0.932738089002,-0.253287656538,-0.352743024334,-341.107106709,-475.045464463
739,0.267857142857,1764,1.5562914846,106.727760066,16.4622419836,10919953.8491,-11.2755070029,8.15938320808,-0.399589459935,0.170336838278,-999.285519524,-713.86791637,66.4157397652,0.933181768974,-0.253220587832,-0.352938675784,-341.405143817,-475.850247393
739.5,0.267857142857,1764,9.051102149,104.153358255,16.4746555021,10928188.1497,-11.3336009197,8.15938320808,-0.399528758276,0.171855491751,-1000.41965033,-607.570038566,388.542307962,0.933115822704,-0.254332035663,-0.352806964741,-343.420990342,-476.39030968
740,0.267857142857,1764,14.5319998831,98.4297674581,16.4932740396,10940538.4463,-11.4039402831,8.15938320808,-0.399780359006,0.17369425774,-1003.14110094,-364.708220605,628.717203117,0.933795314771,-0.255748508787,-0.352968455916,-346.11462052,-477.686238541
740.5,0.267857142857,1764,16.7794590827,90.8305136313,16.526894954,10962840.3195,-11.2952418434,8.15938320808,-0.400193067531,0.170852733672,-1008.7602411,-35.7940318207,723.172347489,0.934617200465,-0.25373374144,-0.353502950989,-344.78934937,-480.362019573
741,0.267857142857,1764,15.2934094727,83.0464666032,16.5744931386,10994413.7819,-10.9589075144,8.15938320808,-0.399837053481,0.162060499912,-1014.91884331,293.600859407,645.737628366,0.933346717579,-0.247154297951,-0.35362130588,-337.78609251,-483.294687292
741.5,0.267857142857,1764,10.4045041023,76.8096135619,16.6141563289,11020723.6982,-10.5981673877,8.15938320808,-0.398348519446,0.152630265627,-1017.32808222,543.083678911,428.381411843,0.929403315493,-0.239855426712,-0.352770343435,-329.381512186,-484.441943914
742,0.267857142857,1764,3.20054748171,73.507683734,16.6280351689,11029929.9953,-10.3346660821,8.15938320808,-0.39667526766,0.145741985501,-1015.78049164,664.660037378,128.985884973,0.925158764794,-0.234386690173,-0.351645949472,-322.409552016,-483.704996021
742.5,0.267857142857,1764,-4.71554605337,73.8753720843,16.608861236,11017211.2866,-10.2677194789,8.15938320808,-0.395380428289,0.143991910844,-1010.20597664,643.933524196,-188.31431054,0.922052616614,-0.232792252448,-0.350524065739,-319.478267686,-481.050465068
743,0.267857142857,1764,-11.5824083441,77.8308662202,16.5666845449,10989234.0815,-10.4152312217,8.15938320808,-0.394960473733,0.147848067096,-1003.05758178,489.218275381,-465.6309921,0.92126304781,-0.235542187105,-0.349818102518,-321.612554671,-477.646467514
743.5,0.267857142857,1764,-15.8721301337,84.4940500348,16.5212797541,10959115.5702,-10.6672769584,8.15938320808,-0.395566944621,0.154436883174,-997.912200797,224.820763448,-648.096048235,0.923002635975,-0.240554612904,-0.349939190106,-326.658636377,-475.196286094
744,0.267857142857,1764,-16.6302280855,92.3823336932,16.4858962297,10935644.499,-10.9340550525,8.15938320808,-0.396691913664,0.161410822981,-995.500586016,-99.041181912,-691.371427003,0.925972791669,-0.245971618946,-0.350593626318,-332.585421415,-474.047898103
744.5,0.267857142857,1764,-13.6880218285,99.7405368652,16.4586256077,10917554.9865,-11.2059628837,8.15938320808,-0.397885181117,0.168518861046,-994.395461942,-412.680979088,-579.925555248,0.929111312569,-0.251501932988,-0.351365908397,-338.939000837,-473.521648544
745,0.267857142857,1764,-7.70016613605,104.93142463,16.4518081589,10913032.7454,-11.2868057524,8.15938320808,-0.399206277739,0.170632202856,-996.921175416,-636.740889309,-328.368575326,0.932301636101,-0.253355958067,-0.352550364273,-341.154795389,-474.724369246
745.5,0.267857142857,1764,0.00101285027173,106.799999969,16.4623597345,10920031.9572,-11.2386194165,8.15938320808,-0.399638446808,0.169372546933,-999.569309092,-714.970106688,0.0431046231065,0.933248024858,-0.252517412059,-0.35303385734,-340.461956184,-475.985385282
746,0.267857142857,1764,7.70196647263,104.930496055,16.4715115305,10926102.6486,-11.3249145924,8.15938320808,-0.399348744969,0.171628419419,-999.56997319,-640.164123201,330.231667832,0.93268406277,-0.25412482165,-0.352641899782,-343.010236677,-475.985701519
746.5,0.267857142857,1764,13.6891962177,99.7388863281,16.4851346797,10935139.3375,-11.4572054556,8.15938320808,-0.399707095022,0.175086681312,-1001.77451943,-422.602871093,594.020037781,0.933693754289,-0.256764541844,-0.352835766094,-347.146773752,-477.035485445
747,0.267857142857,1764,16.6305152202,92.380328446,16.5199069599,10958204.9501,-11.3233046898,8.15938320808,-0.400443571112,0.17158633439,-1008.50529805,-102.74354227,717.832888305,0.935238937251,-0.254331033402,-0.353712664804,-345.308791123,-480.240618121
747.5,0.267857142857,1764,15.8714661251,84.4921362545,16.5660881107,10988838.4468,-11.0190914265,8.15938320808,-0.399944005091,0.163633788684,-1013.93110551,233.43917955,672.678592222,0.933674929803,-0.248340486835,-0.353635725862,-339.063114608,-482.824335958
748,0.267857142857,1764,11.5809409373,77.8294697319,16.6070340667,11015999.2643,-10.6806162812,8.15938320808,-0.398605540726,0.154785591095,-1016.75613578,504.106666643,479.685716549,0.930110131367,-0.241504756598,-0.352874494472,-331.362171104,-484.169588469
748.5,0.267857142857,1764,4.71360175317,73.8748036132,16.6277510719,11029741.5444,-10.3751814315,8.15938320808,-0.397069173622,0.14680111147,-1016.6181191,652.262962317,190.664830924,0.926129873089,-0.235259721973,-0.351947948122,-323.599389017,-484.10386624
749,0.267857142857,1764,-3.20253605927,73.5080697676,16.6157266573,11021765.3493,-10.2520955483,8.15938320808,-0.395593934873,0.14358348019,-1011.73363862,658.434897358,-127.860200217,0.922530397925,-0.232541021289,-0.35076409524,-319.397372209,-481.777923154
749.5,0.267857142857,1764,-10.4060944893,76.810868206,16.5768464457,10995974.809,-10.3524397037,8.15938320808,-0.394916104811,0.146206611981,-1004.5225365,528.117419669,-416.679418809,0.921078765702,-0.234318920284,-0.349899623925,-320.334910845,-478.344064998
750,0.267857142857,1764,-15.2942478006,83.0483106935,16.52872138,10964051.8487,-10.6266686197,8.15938320808,-0.395272056299,0.153375326337,-998.198002093,283.102106384,-622.846271888,0.922262219897,-0.23970170923,-0.349724291138,-325.793738932,-475.332381949
750.5,0.267857142857,1764,-16.7793588195,90.832536849,16.4914966455,10939359.4415,-10.8974857412,8.15938320808,-0.396507285558,0.160454851778,-995.828173836,-34.5292124232,-695.91880012,0.925494514864,-0.245222303722,-0.350470838612,-331.797565141,-474.203892303
751,0.267857142857,1764,-14.5309833379,98.4315196278,16.4648841692,10921706.4989,-11.1262517491,8.15938320808,-0.3977454543,0.166435104294,-995.073337291,-355.25460873,-612.250107697,0.928681513283,-0.249927133268,-0.351338182403,-337.072911563,-473.844446329
751.5,0.267857142857,1764,-9.04939550788,104.15444951,16.4531788885,10913941.996,-11.2601097273,8.15938320808,-0.398821159622,0.169934332691,-996.120392191,-602.276308634,-385.054644326,0.931367461805,-0.252755176582,-0.352208483005,-340.402533178,-474.343043901
752,0.267857142857,1764,-1.55427448325,106.727947598,16.4594240028,10918084.5885,-11.2519448527,8.15938320808,-0.399497227018,0.169720891839,-998.77396848,-712.289737216,-66.1822830789,0.932935629688,-0.252744470853,-0.352878800688,-340.646565543,-475.606651657
752.5,0.267857142857,1764,6.2866799468,105.579398424,16.4690867771,10924494.2288,-11.3081809222,8.15938320808,-0.399424886854,0.171190978673,-999.545054829,-666.981943151,269.144025516,0.932840060364,-0.25381732269,-0.352736953153,-342.494324882,-475.973835633
753,0.267857142857,1764,12.7288184288,100.964359599,16.4814677514,10932706.9418,-11.4405093011,8.15938320808,-0.399632655995,0.174650221276,-1001.17629583,-474.939893701,551.370430453,0.933498065625,-0.256425087206,-0.352781992427,-346.533613336,-476.750617061
753.5,0.267857142857,1764,16.3387347571,93.909699034,16.5145026605,10954620.0981,-11.3251069906,8.15938320808,-0.400359143683,0.171633448967,-1007.60441441,-168.65726885,704.823147932,0.935044113412,-0.254347597417,-0.353628031161,-345.105374882,-479.811625909
754,0.267857142857,1764,16.3132055175,85.9851119888,16.5565524185,10982513.1043,-11.0918568068,8.15938320808,-0.399912345083,0.165535974035,-1012.3755057,170.924167001,694.4953524,0.933696003957,-0.24973943291,-0.353500011456,-340.580691712,-482.083574142
754.5,0.267857142857,1764,12.6579110863,78.9538564679,16.5987868231,11010528.5927,-10.7643042333,8.15938320808,-0.398924846903,0.156973307229,-1016.23075336,460.273829822,527.43341568,0.930964075179,-0.243192293024,-0.353042718765,-333.346260428,-483.919406362
755,0.267857142857,1764,6.18617171962,74.3804199975,16.6267325086,11029065.8974,-10.4159222127,8.15938320808,-0.397468934843,0.147866130534,-1017.38505619,634.092220314,251.133728327,0.927115040914,-0.236138149241,-0.352256612709,-324.767872228,-484.469074376
755.5,0.267857142857,1764,-1.66202004038,73.2824137692,16.6210354214,11025286.8295,-10.2530851605,8.15938320808,-0.395799383748,0.14360934999,-1012.95064897,668.06420248,-66.4172493237,0.923010783124,-0.232608393037,-0.350961725931,-319.694096148,-482.357451891
756,0.267857142857,1764,-9.14040450016,75.9041493491,16.5858113986,11001921.5611,-10.3150331034,8.15938320808,-0.394941743178,0.145228752912,-1005.89865116,563.30743925,-365.274716666,0.921090438164,-0.233602590119,-0.350000287238,-319.701139406,-478.999357694
756.5,0.267857142857,1764,-14.5850058352,81.6622782016,16.5362034854,10969014.9787,-10.5991999021,8.15938320808,-0.395098150552,0.15265725695,-998.759977199,339.044845838,-593.084199075,0.92182107601,-0.239130533494,-0.349604597539,-325.3117377,-475.599989142
757,0.267857142857,1764,-16.7843745613,89.2755894907,16.4975531292,10943376.9091,-10.8510182725,8.15938320808,-0.396394397805,0.159240129366,-996.457830215,29.9533819627,-694.010889954,0.925170928951,-0.244297460844,-0.350434998304,-330.789038302,-474.503728674
757.5,0.267857142857,1764,-15.2491407606,97.0500855359,16.4707049658,10925567.6273,-11.0591139132,8.15938320808,-0.39754877725,0.164680030558,-995.503651536,-295.661167415,-639.506958661,0.928135169104,-0.248583573764,-0.351241725329,-335.497963433,-474.049357874
758,0.267857142857,1764,-10.3209011968,103.255904288,16.4546467059,10914915.6483,-11.2377940923,8.15938320808,-0.398496357084,0.169350971844,-995.483171152,-563.020810571,-438.361807049,0.930579907638,-0.252252143754,-0.351920380548,-339.785682425,-474.039605311
758.5,0.267857142857,1764,-3.09621242377,106.512221796,16.456232179,10915967.3454,-11.2728070182,8.15938320808,-0.399373712011,0.170266257031,-997.969982012,-703.879356206,-131.984661695,0.932674399923,-0.253121365246,-0.352731533301,-341.022239124,-475.223800958
759,0.267857142857,1764,4.81739822116,106.094492051,16.4663715125,10922693.1033,-11.3021271521,8.15938320808,-0.399532817699,0.171032724943,-999.535323859,-688.552376202,206.097277366,0.933084227971,-0.253723555811,-0.352849858505,-342.254915046,-475.969201838
759.5,0.267857142857,1764,11.6591150339,102.095661893,16.4799048577,10931670.2223,-11.3925941226,8.15938320808,-0.399629127691,0.173397653776,-1001.13425454,-521.947137647,503.109443149,0.93342725856,-0.255496163616,-0.352834091907,-345.212782745,-476.730597401
760,0.267857142857,1764,15.9066237451,95.4054898975,16.5084414736,10950599.5108,-11.3373855891,8.15938320808,-0.400112742938,0.171954428122,-1006.13724649,-233.180569323,686.175656826,0.934484689563,-0.254531801562,-0.353372458471,-345.101848298,-479.112974518
760.5,0.267857142857,1764,16.6148336272,87.5125708974,16.5459894537,10975506.3376,-11.1767338923,8.15938320808,-0.399926365202,0.167754775722,-1010.78844344,106.457384991,711.084283038,0.933839560765,-0.251383343572,-0.353396628359,-342.385268005,-481.327830211
761,0.267857142857,1764,13.6261646402,80.1731166081,16.5888296025,11003923.6363,-10.8652361831,8.15938320808,-0.399294934037,0.159611804759,-1015.57487905,412.395312347,571.836074448,0.931959201626,-0.245224200327,-0.353238537167,-335.728263703,-483.607085263
761.5,0.267857142857,1764,7.60560973391,75.0201902357,16.6237411853,11027081.6529,-10.4698874342,8.15938320808,-0.397947957306,0.149276854331,-1018.06393994,610.865393246,310.151053589,0.928302361415,-0.237289536764,-0.352618535681,-326.233992477,-484.792352353
762,0.267857142857,1764,-0.107229220652,73.200342209,16.6240186245,11027265.6876,-10.2804248362,8.15938320808,-0.396057079875,0.14432404605,-1013.87391133,673.281765019,-4.29743747406,0.923647001009,-0.233196101339,-0.351155548308,-320.616895128,-482.797100632
762.5,0.267857142857,1764,-7.79620916772,75.1184972999,16.5939548316,11007323.3716,-10.2899710173,8.15938320808,-0.395093837494,0.144573596121,-1007.45974783,594.146201697,-311.26480692,0.921412902464,-0.233154408891,-0.350199495624,-319.401186114,-479.74273706
763,0.267857142857,1764,-13.7504957933,80.3478569509,16.542981917,10973511.3383,-10.5886913087,8.15938320808,-0.394977261549,0.152382548121,-999.297230668,392.436822564,-559.067644394,0.921525493767,-0.238899539636,-0.349506063001,-325.263992106,-475.855824128
763.5,0.267857142857,1764,-16.6452322314,87.7248639682,16.5035889993,10947380.7029,-10.8085984437,8.15938320808,-0.396364852065,0.15813121773,-997.302080288,93.8236786101,-686.427931101,0.925047122947,-0.24346985154,-0.350475404793,-329.909692606,-474.905752518
764,0.267857142857,1764,-15.8363259675,95.6080994864,16.4760597336,10929119.6233,-11.004994189,8.15938320808,-0.397365127361,0.16326526785,-995.868600033,-234.310645338,-661.653696806,0.927636220794,-0.247495038515,-0.351142133671,-334.246060942,-474.223142873
764.5,0.267857142857,1764,-11.5037624618,102.24350641,16.4554795731,10915468.1168,-11.230427197,8.15938320808,-0.398228410527,0.169158391248,-994.871455228,-519.658835132,-488.26141794,0.929944610567,-0.252050937379,-0.351668527518,-339.549026373,-473.748312013
765,0.267857142857,1764,-4.6115575347,106.154675395,16.452403576,10913427.7054,-11.3091983042,8.15938320808,-0.399316452596,0.171217574412,-997.218084897,-690.199645347,-197.026266218,0.932588143715,-0.253813483368,-0.352629838162,-341.795611977,-474.865754713
765.5,0.267857142857,1764,3.30674070069,106.471352887,16.4642911638,10921313.1387,-11.2912564922,8.15938320808,-0.399721189011,0.170748551208,-999.84208737,-704.026526511,141.338309337,0.933509964645,-0.253554064946,-0.353047352112,-341.939866787,-476.1152797
766,0.267857142857,1764,10.4892735293,103.123076652,16.4778857169,10930330.8589,-11.3552591474,8.15938320808,-0.399595552284,0.172421667083,-1000.92227067,-564.524755599,451.224566644,0.933300095044,-0.254765874701,-0.352845838537,-344.141710392,-476.6296527
766.5,0.267857142857,1764,15.3378935104,96.8548539492,16.5017179402,10946139.567,-11.3609713062,8.15938320808,-0.399912781424,0.172570990632,-1004.68123,-295.941750982,662.176480418,0.934048481907,-0.254945068572,-0.353148681952,-345.380663894,-478.419633332
767,0.267857142857,1764,16.7737598228,89.0613939017,16.5364954145,10969208.625,-11.2430373228,8.15938320808,-0.400007336093,0.169488036974,-1009.6045195,40.3320324718,720.770754676,0.934115237803,-0.252683386606,-0.353388129029,-343.76109461,-480.764056905
767.5,0.267857142857,1764,14.4773854377,81.4767781393,16.582433703,10999681.023,-10.9075774449,8.15938320808,-0.39960400784,0.160718662546,-1015.46564559,358.702617386,609.285565281,0.932735785421,-0.246111050927,-0.353473057225,-336.682651934,-483.555069328
768,0.267857142857,1764,8.95972449001,75.7886194526,16.6196522102,11024369.2994,-10.5288235433,8.15938320808,-0.39812856347,0.150817523849,-1017.7500682,582.119972536,367.004075125,0.928800136192,-0.238467539381,-0.352683301578,-327.692286105,-484.642889617
768.5,0.267857142857,1764,1.44848257219,73.2625599855,16.6266949986,11029041.0157,-10.2996342744,8.15938320808,-0.396344317719,0.144826206718,-1014.89294556,672.263786325,58.1786926533,0.924341668414,-0.233633828282,-0.351395336655,-321.322154759,-483.282355027
769,0.267857142857,1764,-6.38505355173,74.4606598872,16.6017397438,11012487.3634,-10.2673118953,8.15938320808,-0.395203491465,0.143981256059,-1008.84704017,619.896546494,-254.713045545,0.921639463926,-0.232742847663,-0.350352920102,-319.136613006,-480.40335246
769.5,0.267857142857,1764,-12.7978851364,79.116336277,16.5539638311,10980796.008,-10.5088603563,8.15938320808,-0.394906756828,0.15029565917,-1000.85231405,440.202065125,-517.624911024,0.921258240473,-0.237339410239,-0.349585663467,-323.56903067,-476.596340026
770,0.267857142857,1764,-16.3631268991,86.1936791931,16.5122110874,10953100.0213,-10.7331637761,8.15938320808,-0.396003511119,0.156159253606,-997.70236742,156.137085802,-671.223230578,0.924106386315,-0.241928547737,-0.35025001227,-328.163796428,-475.096365438
770.5,0.267857142857,1764,-16.2874957272,94.1179464466,16.4809211736,10932344.3785,-10.964349334,8.15938320808,-0.39700742956,0.162202756429,-995.640573499,-171.549761225,-678.521695023,0.926748526406,-0.246628556502,-0.35085465429,-333.272447226,-474.114558809
771,0.267857142857,1764,-12.5878199133,101.125951188,16.4577362936,10916965.0747,-11.2065123339,8.15938320808,-0.398037300375,0.168533224417,-994.705967132,-471.408738969,-533.348404248,0.929467244098,-0.251545864863,-0.35151361011,-338.961572645,-473.669508158
771.5,0.267857142857,1764,-6.08729478064,105.658379298,16.4525878813,10913549.9613,-11.2890425698,8.15938320808,-0.399207784648,0.170690676283,-997.01185344,-667.919718424,-259.658048791,0.932308071919,-0.25339959675,-0.352549013132,-341.245900713,-474.767549257
772,0.267857142857,1764,1.76768215991,106.706744141,16.4624074605,10920063.6154,-11.2795946207,8.15938320808,-0.399626751982,0.17044369413,-999.39398916,-713.230991454,75.4644764339,0.933274194313,-0.253307817433,-0.352969890211,-341.529617237,-475.9018996
772.5,0.267857142857,1764,9.22934148015,104.037779591,16.4749265971,10928367.9761,-11.3385553958,8.15938320808,-0.39954646879,0.171985008448,-1000.48442687,-602.864753214,396.362162386,0.93316365286,-0.254431805311,-0.352818197234,-343.567014604,-476.421155655
773,0.267857142857,1764,14.637428778,98.2453428534,16.49413311,10941108.2963,-11.4016326093,8.15938320808,-0.399806447164,0.173633932028,-1003.32568223,-356.711873416,633.247729565,0.933853236262,-0.255709438292,-0.352996629891,-346.097795819,-477.774134395
773.5,0.267857142857,1764,16.7886191148,90.6182784303,16.5275405224,10963268.5465,-11.2956408409,8.15938320808,-0.400181304902,0.170863164004,-1008.8048583,-26.6496013039,723.638386725,0.934590251369,-0.253738904815,-0.353490969884,-344.82330287,-480.383265857
774,0.267857142857,1764,15.2042624917,82.8536441395,16.5754215991,10995029.6607,-10.9523599145,8.15938320808,-0.399842712778,0.161889336805,-1015.07694017,301.62341982,641.72030306,0.933351385086,-0.247029122613,-0.353636769742,-337.652840925,-483.369971508
774.5,0.267857142857,1764,10.236885732,76.6791077434,16.614875537,11021200.7729,-10.5887385521,8.15938320808,-0.398320796975,0.152383783126,-1017.38750656,548.074013218,421.18582884,0.929326391852,-0.239667205629,-0.352760407654,-329.151532893,-484.470241218
775,0.267857142857,1764,2.99175360034,73.4685327211,16.6279831855,11029895.513,-10.3292675242,8.15938320808,-0.396630628927,0.145600859904,-1015.68025082,665.908191771,120.511579318,0.925047679556,-0.234272172093,-0.35161344626,-322.250012311,-483.657262294
775.5,0.267857142857,1764,-4.91905782215,73.936287162,16.6081264949,11016723.9083,-10.266129312,8.15938320808,-0.395354005748,0.143950341734,-1010.05209406,641.342509571,-196.393008278,0.921988949986,-0.232755369666,-0.350501681363,-319.399389687,-480.977187646
776,0.267857142857,1764,-11.7353556716,77.9782934963,16.5652318842,10988270.4832,-10.4249994494,8.15938320808,-0.394947043775,0.148103421765,-1002.78942568,483.587510643,-472.068706218,0.921244292208,-0.235727807989,-0.349785922339,-321.809560394,-477.518774133
776.5,0.267857142857,1764,-15.9404815179,84.6951862449,16.5202200324,10958412.6215,-10.6741626962,8.15938320808,-0.395612496264,0.154616885665,-997.876120866,216.70939575,-651.191969627,0.923117806804,-0.240698202664,-0.349971432787,-326.811693308,-475.179105174
777,0.267857142857,1764,-16.598775021,92.5924250815,16.4852787452,10935234.901,-10.9376932253,8.15938320808,-0.396724634075,0.161505929734,-995.50058842,-107.80133978,-690.230239917,0.92605387854,-0.246049369175,-0.350619891834,-332.665628178,-474.047899248
777.5,0.267857142857,1764,-13.5637627705,99.9128371067,16.4588612497,10917711.2956,-11.2019237508,8.15938320808,-0.397905736483,0.168413272654,-994.495931972,-419.86974109,-574.508942432,0.929154063665,-0.251428174026,-0.351391347131,-338.849301422,-473.569491415
778,0.267857142857,1764,-7.51074931125,105.027596108,16.4515562265,10912865.6302,-11.2930995894,8.15938320808,-0.399182504926,0.170796732258,-996.802604341,-641.117609026,-320.42873696,0.932254323451,-0.25347265917,-0.352519229323,-341.301485305,-474.667906829
778.5,0.267857142857,1764,0.213441304738,106.798644077,16.4603731355,10918714.1799,-11.2733646729,8.15938320808,-0.399650557482,0.170280834878,-999.235154864,-716.650459819,9.10566403385,0.933321656821,-0.253192423335,-0.353001030576,-341.289669121,-475.826264221
779,0.267857142857,1764,7.89014022343,104.831914484,16.4715551945,10926131.6124,-11.3323308065,8.15938320808,-0.399518734282,0.171822289275,-1000.01982709,-636.392253155,338.541873336,0.933090753649,-0.254305270851,-0.352798734906,-343.255621572,-476.199917661
779.5,0.267857142857,1764,13.8112457175,99.565013943,16.4860359166,10935737.158,-11.4528975825,8.15938320808,-0.399746624406,0.174974067689,-1002.00749231,-414.982135141,599.206678734,0.93378046548,-0.256689563823,-0.352879237009,-347.083349895,-477.146424909
780,0.267857142857,1764,16.6592838795,92.1698526731,16.5204139856,10958541.2771,-11.3253899609,8.15938320808,-0.400420882378,0.171640846194,-1008.49674521,-93.6774451998,719.218946066,0.935188675081,-0.254366456616,-0.353687954099,-345.378085286,-480.23654534
780.5,0.267857142857,1764,15.8005527814,84.2918889464,16.5671785023,10989561.7399,-11.0102569202,8.15938320808,-0.399959389486,0.163402842754,-1014.14490511,241.795153021,669.310222192,0.933699312652,-0.248173254343,-0.353663735894,-338.879395652,-482.926145288
781,0.267857142857,1764,11.4261241442,77.6840068593,16.6080072736,11016644.8248,-10.6684295419,8.15938320808,-0.39856787548,0.154467013264,-1016.83086277,509.676687353,472.85095376,0.930006405204,-0.241261031444,-0.352859071384,-331.066561359,-484.205172747
781.5,0.267857142857,1764,4.50932897755,73.8164913516,16.6276543494,11029677.3851,-10.3713101333,8.15938320808,-0.397009792631,0.146699910506,-1016.46168847,654.367897126,182.331296915,0.925986364811,-0.235171249559,-0.351897886564,-323.473932059,-484.029375461
782,0.267857142857,1764,-3.41081316112,73.5498828703,16.6146713044,11021065.2986,-10.2558382069,8.15938320808,-0.395572291706,0.143681318343,-1011.52195411,656.871583302,-136.19758594,0.922484747446,-0.23260812149,-0.350735257742,-319.448951335,-481.677121005
782.5,0.267857142857,1764,-10.5720332796,76.9435030603,16.5755052791,10995085.1685,-10.359448291,8.15938320808,-0.394931165824,0.146389825921,-1004.36165556,523.031676942,-423.506268218,0.921122910226,-0.23445779203,-0.349900200955,-320.472898272,-478.267455029
783,0.267857142857,1764,-15.3809261156,83.2422554186,16.5276027168,10963309.8021,-10.6319677659,8.15938320808,-0.395304551912,0.153513853179,-998.12606762,275.29281622,-626.578648458,0.922344869211,-0.239811650271,-0.349746428537,-325.899048601,-475.298127438
783.5,0.267857142857,1764,-16.7674903252,91.0446378286,16.4906746288,10938814.1704,-10.9026934533,8.15938320808,-0.396531140997,0.160590988409,-995.771643476,-43.3404723904,-695.658276575,0.925556933783,-0.245328468809,-0.350485882355,-331.90812129,-474.176973084
784,0.267857142857,1764,-14.4232088303,98.6145833932,16.4638207899,10921001.124,-11.1401906915,8.15938320808,-0.397763919596,0.166799487082,-994.941016283,-363.31889107,-608.296884327,0.928742728737,-0.250201173389,-0.351336843297,-337.39891947,-473.781436325
784.5,0.267857142857,1764,-8.86969532332,104.26774351,16.4525152817,10913501.8035,-11.2714132725,8.15938320808,-0.398884835216,0.170229822636,-996.174864069,-607.607094084,-377.725447404,0.931530889406,-0.252987951525,-0.352256157736,-340.688543302,-474.36898289
785,0.267857142857,1764,-1.34263276065,106.746263382,16.4596346083,10918224.2902,-11.2528111964,8.15938320808,-0.399553390839,0.169743539234,-998.951512491,-713.169740533,-57.1784305361,0.933067918116,-0.252773482904,-0.352932497205,-340.694386205,-475.691196424
785.5,0.267857142857,1764,6.48317192567,105.498660645,16.4692140925,10924578.6814,-11.3125927067,8.15938320808,-0.399426764415,0.171306308678,-999.550160566,-663.7600457,277.654346546,0.932850201399,-0.253903150232,-0.352733301272,-342.615435443,-475.976266936
786,0.267857142857,1764,12.8664402716,100.802532793,16.4816022219,10932796.1405,-11.4469679545,8.15938320808,-0.399651134245,0.174819059204,-1001.22299314,-468.173311748,557.621445632,0.933549663295,-0.256554185873,-0.352792690224,-346.713735182,-476.772853876
786.5,0.267857142857,1764,16.3868649546,93.702790429,16.5151320853,10955037.6166,-11.3245472701,8.15938320808,-0.400391729014,0.171618817117,-1007.77382665,-159.741421606,706.942818849,0.935119484824,-0.254343832823,-0.353660528977,-345.126573416,-479.892298403
787,0.267857142857,1764,16.2611348736,85.7791597255,16.5578099834,10983347.289,-11.0805650237,8.15938320808,-0.399915855742,0.165240791568,-1012.58493407,179.562904157,691.780880794,0.933689459255,-0.249521984739,-0.3535194337,-340.335843062,-482.183301936
787.5,0.267857142857,1764,12.5172255649,78.7946858965,16.5993635099,11010911.1282,-10.7602234556,8.15938320808,-0.398870358235,0.156866630186,-1016.16824899,466.763723357,521.412140421,0.930831607263,-0.243101193543,-0.352996475963,-333.244543828,-483.889642377
788,0.267857142857,1764,5.98817451305,74.3034473211,16.6268505751,11029144.2148,-10.4103529099,8.15938320808,-0.39745143786,0.147720541434,-1017.38175707,636.925352062,242.984573617,0.927067016138,-0.236026718385,-0.352250467746,-324.61922823,-484.467503364
788.5,0.267857142857,1764,-1.87327361954,73.3047657714,16.6203990273,11024864.6881,-10.2510013829,8.15938320808,-0.395772377228,0.143554877228,-1012.80986257,666.986438296,-74.8386085722,0.922945117586,-0.232561862337,-0.350939820395,-319.605669098,-482.290410747
789,0.267857142857,1764,-9.31790953388,76.020852604,16.5845908358,11001111.921,-10.3185491183,8.15938320808,-0.394929265243,0.145320666292,-1005.69515633,558.716788911,-372.417025636,0.921065860016,-0.233667556335,-0.349980990503,-319.742984653,-478.902455397
789.5,0.267857142857,1764,-14.689266616,81.8473656844,16.5351594712,10968322.4492,-10.6020836553,8.15938320808,-0.395114331394,0.152732642153,-998.663903941,331.559059793,-597.397017908,0.921862542696,-0.239190024456,-0.349615112735,-325.351582772,-475.554239972
790,0.267857142857,1764,-16.7921925736,89.4878783632,16.4964706322,10942658.8527,-10.86074447,8.15938320808,-0.396403564892,0.159494385308,-996.307924697,21.1892440278,-694.783896369,0.925204902375,-0.244487783459,-0.350428265046,-331.003300884,-474.432345094
790.5,0.267857142857,1764,-15.1587764598,97.2423405224,16.4697543229,10924937.0342,-11.0700176394,8.15938320808,-0.397591706378,0.164965068694,-995.462799889,-303.958287244,-636.208103604,0.928249544404,-0.248804200418,-0.35126785894,-335.756968403,-474.029904709
791,0.267857142857,1764,-10.1524610661,103.385347747,16.4541580191,10914591.486,-11.245167152,8.15938320808,-0.398547038106,0.169543713585,-995.536817101,-568.831682024,-431.445010931,0.930707856004,-0.25240601081,-0.351960250747,-339.972747985,-474.065151
791.5,0.267857142857,1764,-2.88717518695,106.550051947,16.456522551,10916159.9589,-11.2710775536,8.15938320808,-0.399411640245,0.170221046489,-998.116170987,-705.446569916,-123.065948007,0.93276071923,-0.253096143828,-0.352770754188,-341.000292778,-475.293414756
792,0.267857142857,1764,5.02052079268,106.032291507,16.4665993771,10922844.2535,-11.3037260258,8.15938320808,-0.399523258439,0.17107452166,-999.530898582,-685.988368953,214.817630301,0.933063989424,-0.253752432616,-0.352838530969,-342.303341302,-475.967094563
792.5,0.267857142857,1764,11.8111272096,101.947270569,16.4798903784,10931660.6176,-11.4007039712,8.15938320808,-0.399632600982,0.173609656174,-1001.11508474,-515.861370722,509.98294859,0.933445960196,-0.255653988994,-0.352827955803,-345.425420987,-476.721468924
793,0.267857142857,1764,15.9737020988,95.2039255624,16.50918621,10951093.5193,-11.3343509255,8.15938320808,-0.400154995741,0.171875097914,-1006.35603251,-224.46206751,688.997211024,0.934579406406,-0.254482224827,-0.353417412059,-345.065762095,-479.21715834
793.5,0.267857142857,1764,16.5820529087,87.3026825671,16.5474177196,10976453.754,-11.1628892145,8.15938320808,-0.399918913799,0.167392857138,-1010.99568014,115.336443084,709.043354771,0.933804083184,-0.251114005762,-0.353408067741,-342.077477946,-481.426514351
794,0.267857142857,1764,13.500818714,80.0016054263,16.5911748302,11005479.304,-10.8329650928,8.15938320808,-0.399243428439,0.158768194859,-1015.86665158,418.625416648,565.269335746,0.931796956324,-0.244589575661,-0.353240136916,-334.95410773,-483.74602456
794.5,0.267857142857,1764,7.41558865995,74.9252182495,16.6241247695,11027336.0971,-10.4618226453,8.15938320808,-0.397789747261,0.149066029854,-1017.71098986,614.268986208,302.171282056,0.927922846881,-0.237097447189,-0.352480020454,-325.984944325,-484.624280885
795,0.267857142857,1764,-0.319644856893,73.2030411334,16.6235979683,11026986.6523,-10.2760075166,8.15938320808,-0.396018756822,0.144208571348,-1013.74136208,672.867700827,-12.8046214584,0.923551929941,-0.233101930638,-0.35112740955,-320.471202518,-482.733981943
795.5,0.267857142857,1764,-7.98375588503,75.2182666115,16.5926808621,11006478.3052,-10.2949389837,8.15938320808,-0.395068756219,0.144703465475,-1007.20554506,590.300086132,-318.826734506,0.921360802284,-0.233244420282,-0.350164897538,-319.475433966,-479.621688122
796,0.267857142857,1764,-13.8714435622,80.5224975072,16.5420309455,10972880.5272,-10.5892141854,8.15938320808,-0.3950020868,0.152396216823,-999.248697054,385.317480568,-563.957613233,0.921584087096,-0.23891534734,-0.349529272427,-325.248117518,-475.832712883
796.5,0.267857142857,1764,-16.6726696028,87.9355174215,16.5022935107,10946521.3621,-10.8205402947,8.15938320808,-0.396360876121,0.158443393851,-997.07866722,85.2037180484,-688.101442327,0.925053283336,-0.243700046267,-0.350451909145,-330.169773034,-474.799365343
797,0.267857142857,1764,-15.7641479968,95.8078944494,16.4752242689,10928565.4317,-11.0129602449,8.15938320808,-0.397420877719,0.163473511315,-995.8881599,-242.796950633,-659.014569955,0.927776700659,-0.247661640059,-0.351184645154,-334.437139306,-474.232457095
797.5,0.267857142857,1764,-11.3480290879,102.387987561,16.4551734263,10915265.0394,-11.2337547821,8.15938320808,-0.39826661171,0.169245378819,-994.927574097,-525.923445662,-481.772727799,0.930038146079,-0.252123742858,-0.351701450867,-339.634468024,-473.775035285
798,0.267857142857,1764,-4.40692016811,106.211694996,16.4521750196,10913276.0963,-11.3141035919,8.15938320808,-0.399330395939,0.171345805261,-997.21163203,-692.883987495,-188.350719618,0.932627106277,-0.253911493856,-0.352637353934,-341.918096871,-474.862681919
798.5,0.267857142857,1764,3.51474928046,106.428223808,16.4644703544,10921432.0017,-11.2921106362,8.15938320808,-0.399745276098,0.170770879685,-999.927397203,-702.258649323,150.245279782,0.933567332927,-0.253575831984,-0.353069789906,-341.976665289,-476.15590343
799,0.267857142857,1764,10.6543704319,102.989395317,16.4779572743,10930378.3253,-11.3609148597,8.15938320808,-0.399596669452,0.172569515044,-1000.91472249,-559.019685289,458.528103924,0.933310087463,-0.254875636979,-0.352840113131,-344.292969241,-476.626058328
799.5,0.267857142857,1764,15.423343896,96.6603650849,16.5026115012,10946732.2958,-11.3547093921,8.15938320808,-0.399944583489,0.172407295738,-1004.89983579,-287.447323347,665.639024802,0.934114578164,-0.25483072148,-0.353187271678,-345.263143603,-478.52373133
800,0.267857142857,1764,16.7605505776,88.8493721986,16.537732983,10970029.5454,-11.2318925931,8.15938320808,-0.399982232437,0.169196698682,-1009.72697801,49.4067744102,719.680804159,0.934042056796,-0.252462331647,-0.35337809809,-343.511772279,-480.82237048
800.5,0.267857142857,1764,14.368455681,81.2943994267,16.5832045859,11000192.3753,-10.9014754161,8.15938320808,-0.399551514036,0.160559147269,-1015.4404257,366.21923587,604.439040801,0.932605302206,-0.245981473997,-0.353431417095,-336.536676854,-483.543059857
801,0.267857142857,1764,8.77931160658,75.6764638544,16.6199868532,11024591.2793,-10.5225045655,8.15938320808,-0.3981013332,0.150652337231,-1017.74853896,586.422430829,359.435351787,0.928728411259,-0.238339418589,-0.352668569276,-327.529417243,-484.642161412
801.5,0.267857142857,1764,1.23672927979,73.2455826515,16.6262740118,11028761.7612,-10.296765746,8.15938320808,-0.396313973004,0.144751219509,-1014.77330936,672.731834736,49.6577792089,0.92426719651,-0.233571411268,-0.35137170715,-321.220044,-483.225385411
802,0.267857142857,1764,-6.58103114651,74.5426383542,16.6006243246,11011747.4686,-10.2696006923,8.15938320808,-0.395187721038,0.144041088304,-1008.65367559,616.650586528,-262.541357927,0.921605632211,-0.232783310336,-0.35033284232,-319.149205749,-480.31127409
802.5,0.267857142857,1764,-12.9344810941,79.2790299494,16.5524389148,10979784.4802,-10.5187445209,8.15938320808,-0.39491287548,0.150554044586,-1000.63166626,433.893533941,-523.477603716,0.921285236171,-0.23753193661,-0.34957299474,-323.771846684,-476.49126965
803,0.267857142857,1764,-16.4099479747,86.4008879612,16.5109957698,10952293.8606,-10.7428144143,8.15938320808,-0.396048090955,0.156411534326,-997.632322883,147.735644545,-673.592323571,0.924222881731,-0.242125368471,-0.350276982346,-328.382429785,-475.063010897
803.5,0.267857142857,1764,-16.2341240105,94.3235653819,16.4802009484,10931866.6291,-10.9695510807,8.15938320808,-0.397053204641,0.162338737113,-995.657720663,-180.180900172,-676.543273738,0.92686212073,-0.246739464344,-0.350891364411,-333.39317763,-474.122724125
804,0.267857142857,1764,-12.446130863,101.284229107,16.4554124759,10915423.609,-11.238695842,8.15938320808,-0.398045552826,0.169374544798,-994.327937612,-479.168265411,-528.506722094,0.929528349058,-0.252171213622,-0.35147927047,-339.708285513,-473.489494101
804.5,0.267857142857,1764,-5.888814879,105.734098618,16.4525471087,10913522.9154,-11.2901830111,8.15938320808,-0.399368527441,0.17072048896,-997.446555666,-671.297293524,-251.247026367,0.93268495755,-0.253456623075,-0.352704474426,-341.32100469,-474.974550317
805,0.267857142857,1764,1.97879019844,106.683056955,16.4625723467,10920172.99,-11.2802671483,8.15938320808,-0.399632089193,0.170461274911,-999.426347724,-712.273888115,84.4833529154,0.93328753647,-0.253321995148,-0.352974247971,-341.555574642,-475.91730844
805.5,0.267857142857,1764,9.40610512099,103.91995641,16.4751902683,10928542.878,-11.3400089898,8.15938320808,-0.39954902573,0.172023007359,-1000.51850097,-597.891303134,404.011929535,0.933171521982,-0.25446050524,-0.35281891998,-343.616767483,-476.437381416
806,0.267857142857,1764,14.7405172771,98.059599891,16.4951304602,10941769.8719,-11.3929568077,8.15938320808,-0.399818574221,0.173407134855,-1003.50962933,-348.492829715,637.372158272,0.933870228992,-0.255544040311,-0.353018654142,-345.915762,-477.861728252
806.5,0.267857142857,1764,16.7950947948,90.4059443721,16.5283133044,10963781.1586,-11.2913380651,8.15938320808,-0.400140326337,0.170750683633,-1008.80043232,-17.4926659043,723.722269062,0.934488925723,-0.253646752015,-0.353456364938,-344.730305082,-480.381158246
807,0.267857142857,1764,15.1126844832,82.6619643151,16.5764128738,10995687.2063,-10.9437267449,8.15938320808,-0.399825974468,0.161663654088,-1015.18931504,309.536904433,637.491254266,0.93330104935,-0.246858682587,-0.353633620777,-337.460233475,-483.423483354
807.5,0.267857142857,1764,10.0676305739,76.5507318182,16.615528476,11021633.8891,-10.5793142754,8.15938320808,-0.398282565735,0.152137419801,-1017.40949463,552.959431141,413.925218817,0.929224958363,-0.239476664113,-0.352740306766,-328.915699302,-484.480711729
808,0.267857142857,1764,2.78248136396,73.4320249439,16.6277894769,11029767.0197,-10.3245918728,8.15938320808,-0.396585609673,0.145478632059,-1015.55747256,667.076437462,112.031056861,0.924936642415,-0.234171499006,-0.351579133679,-322.104027899,-483.598796455
808.5,0.267857142857,1764,-5.12178307696,73.9997706856,16.6072265141,11016126.921,-10.2656302033,8.15938320808,-0.395330636188,0.143937294358,-1009.88015974,638.697219569,-204.451357928,0.921933808159,-0.232740252932,-0.350480001257,-319.344032898,-480.895314161
809,0.267857142857,1764,-11.8864266192,78.1276429372,16.5636452027,10987217.9845,-10.436147203,8.15938320808,-0.394938369844,0.148394839106,-1002.51087386,477.920527617,-478.486896181,0.921238405342,-0.235941207953,-0.349755758549,-322.039187392,-477.386130411
809.5,0.267857142857,1764,-16.0062841597,84.8971706478,16.5190966722,10957667.4592,-10.6815341281,8.15938320808,-0.395664746945,0.154809584853,-997.848623318,208.563482354,-654.210857058,0.923249238076,-0.240852709888,-0.350009387984,-326.977005046,-475.166011104
810,0.267857142857,1764,-16.5646679588,92.8021019639,16.4846650166,10934827.7943,-10.9403924003,8.15938320808,-0.396760323491,0.161576489814,-995.513397167,-116.540221721,-688.929275774,0.926140680987,-0.246109600134,-0.350650511306,-332.722286973,-474.053998651
810.5,0.267857142857,1764,-13.4373349866,100.083552373,16.4579781645,10917125.5158,-11.212565157,8.15938320808,-0.39791339733,0.16869145339,-994.37032738,-427.407797699,-569.563338503,0.929185779875,-0.251636027937,-0.351384671928,-339.093035381,-473.509679705
811,0.267857142857,1764,-7.32013158388,105.121364806,16.4517190157,10912973.6137,-11.2902476846,8.15938320808,-0.399237468351,0.170722179614,-996.984186224,-645.020658694,-312.249334405,0.932378966585,-0.253429384305,-0.352576468185,-341.249968886,-474.754374392
811.5,0.267857142857,1764,0.425835631823,106.794602229,16.4606582218,10918903.2871,-11.2713511186,8.15938320808,-0.399637396452,0.170228197848,-999.240656407,-716.384462163,18.1642902834,0.933288293087,-0.253150589006,-0.352990746722,-341.245098831,-475.828884003
812,0.267857142857,1764,8.0770524104,104.73096142,16.4716967335,10926225.4999,-11.3355690623,8.15938320808,-0.399506835962,0.171906941656,-999.992848689,-632.220967316,346.649600277,0.933067190772,-0.254365395949,-0.352783154238,-343.342677664,-476.187070804
812.5,0.267857142857,1764,13.931086921,99.3896121965,16.4871322013,10936464.3602,-11.44207149,8.15938320808,-0.399768885868,0.174691059005,-1002.23738593,-407.101136219,604.003785844,0.933818324356,-0.256484615355,-0.352913261709,-346.852353601,-477.255898063
813,0.267857142857,1764,16.6853888662,91.95902996,16.5211476966,10959027.9721,-11.3220093116,8.15938320808,-0.400368684411,0.171552471453,-1008.45286732,-84.5577524755,720.192651736,0.935062344677,-0.254289734052,-0.35364115297,-345.304581157,-480.215651102
813.5,0.267857142857,1764,15.7271130687,84.0925543149,16.5683794045,10990358.3383,-10.9992674572,8.15938320808,-0.399948601021,0.163115563345,-1014.30842453,250.058756095,665.719591944,0.933659782687,-0.247958596227,-0.353669485567,-338.635368886,-483.004011682
814,0.267857142857,1764,11.2694804146,77.5405132054,16.6089743088,11017286.2915,-10.6560134425,8.15938320808,-0.398519486978,0.154142439652,-1016.87624832,515.13935764,465.938364672,0.929877363651,-0.241010438688,-0.35283373088,-330.76120462,-484.226784914
814.5,0.267857142857,1764,4.3043352,73.7607666903,16.6274742565,11029557.9234,-10.368024976,8.15938320808,-0.396948923085,0.146614032056,-1016.28755885,656.390408191,173.981387239,0.925840144192,-0.235093725592,-0.351845224668,-323.360294503,-483.946456595
815,0.267857142857,1764,-3.61854490404,73.5943262017,16.6135010987,11020289.0622,-10.2606397798,8.15938320808,-0.395553027459,0.143806837944,-1011.29666386,655.252686253,-144.526905621,0.922446008379,-0.232696210561,-0.350706540803,-319.524912811,-481.569839931
815.5,0.267857142857,1764,-10.736281695,77.0782255334,16.5740766463,10994137.5087,-10.3677352083,8.15938320808,-0.394950876082,0.146606457137,-1004.19594445,517.909037323,-430.313756942,0.92117954426,-0.234622440961,-0.349902783628,-320.642672513,-478.188544978
816,0.267857142857,1764,-15.4651451562,83.4372806476,16.5265423735,10962606.4411,-10.6372273435,8.15938320808,-0.395343528833,0.153651345645,-998.07944249,267.437040925,-630.219339869,0.922442591378,-0.239922304785,-0.349774969767,-326.007591138,-475.275924995
816.5,0.267857142857,1764,-16.7529408571,91.2565717799,16.4898278105,10938252.4477,-10.9079003867,8.15938320808,-0.396554795972,0.160727104682,-995.711625838,-52.1504885524,-695.283838452,0.925618884691,-0.245434573227,-0.35050075414,-332.017569635,-474.148393256
817,0.267857142857,1764,-14.3131281787,98.7962697628,16.4630207765,10920470.4484,-11.1490772798,8.15938320808,-0.397785188914,0.167031794506,-994.868370384,-371.207567138,-604.022117631,0.928803932024,-0.250377979481,-0.351345334801,-337.604532057,-473.74684304
817.5,0.267857142857,1764,-8.68857695271,104.378756224,16.4523474793,10913390.4946,-11.2730147853,8.15938320808,-0.398928550185,0.170271688343,-996.269426923,-612.420299346,-370.064059473,0.931635065301,-0.253028483034,-0.352296782241,-340.736174853,-474.41401282
818,0.267857142857,1764,-1.13077636291,106.761901587,16.4597974902,10918332.3351,-11.2519537357,8.15938320808,-0.399561895218,0.169721124052,-998.99790222,-713.808223571,-48.1542898144,0.933086659269,-0.252758743142,-0.352941901486,-340.68126214,-475.713286772
818.5,0.267857142857,1764,6.67862730252,105.415444767,16.4694942697,10924764.5322,-11.3133337054,8.15938320808,-0.399422052806,0.171325679386,-999.568529893,-660.253276471,286.04984323,0.932840164345,-0.253916475108,-0.352727782226,-342.645073932,-475.985014235
819,0.267857142857,1764,13.0020048841,100.638978757,16.4820272733,10933078.0913,-11.4467650324,8.15938320808,-0.399654957572,0.174813754546,-1001.28588772,-461.10319993,563.518942411,0.933558329243,-0.256551075368,-0.352796654771,-346.727414694,-476.802803675
819.5,0.267857142857,1764,16.4323750368,93.4952897805,16.5159994501,10955612.9685,-11.3192988008,8.15938320808,-0.400393654312,0.171481615039,-1007.90344595,-150.745554429,708.698746328,0.935117116886,-0.254242709745,-0.353668866669,-345.025594774,-479.954021879
820,0.267857142857,1764,16.2064642176,85.5738823373,16.5592070466,10984274.0076,-11.0672643847,8.15938320808,-0.399897005572,0.164893094895,-1012.75750212,188.130449229,688.849602756,0.933628087156,-0.249260789841,-0.353520022711,-340.036959824,-482.2654772
820.5,0.267857142857,1764,12.3745386496,78.6373069561,16.6002641442,11011508.549,-10.7514321589,8.15938320808,-0.398808385923,0.156636813812,-1016.14724162,473.013051051,515.134771251,0.930675549837,-0.242917472482,-0.352950877158,-333.028833374,-483.879638864
821,0.267857142857,1764,5.7892198502,74.2289843851,16.6270002722,11029243.5139,-10.4038738676,8.15938320808,-0.397410676803,0.147551170514,-1017.32219638,639.594045403,234.781997186,0.92696355044,-0.235892343096,-0.352223503511,-324.440257251,-484.439141134
821.5,0.267857142857,1764,-2.08422767877,73.3297871944,16.6197004178,11024401.2772,-10.2498664751,8.15938320808,-0.395740245849,0.143525209206,-1012.64142861,665.84653244,-83.2488336477,0.922868724182,-0.2325324237,-0.350910957069,-319.538347929,-482.210204099
822,0.267857142857,1764,-9.49392471604,76.1397910014,16.5833337346,11000278.0439,-10.3230951142,8.15938320808,-0.394921018058,0.145439504767,-1005.49308577,554.082584818,-379.533840164,0.921052473754,-0.233753402585,-0.349963722164,-319.811965243,-478.806231317
822.5,0.267857142857,1764,-14.7911787126,82.0337567015,16.53412794,10967638.2002,-10.6053550381,8.15938320808,-0.395135504226,0.152818160519,-998.581231309,324.030584759,-601.637950028,0.921916156165,-0.239258156761,-0.349629791791,-325.403654011,-475.514872052
823,0.267857142857,1764,-16.7973256624,89.7002491195,16.4953551635,10941918.9251,-10.8710657821,8.15938320808,-0.396414358107,0.159764198351,-996.156062415,12.4108958003,-695.477051365,0.925243441797,-0.24469000066,-0.350422239541,-331.232276062,-474.360029722
823.5,0.267857142857,1764,-15.0659884043,97.4334375226,16.4690661874,10924480.571,-11.0765147117,8.15938320808,-0.397640076813,0.16513491094,-995.486857703,-312.123630016,-632.607858241,0.928370907147,-0.248940699541,-0.351305703927,-335.913099767,-474.041360811
824,0.267857142857,1764,-9.98239764641,103.512651007,16.4541879707,10914611.3539,-11.2433185158,8.15938320808,-0.398580712246,0.169495387737,-995.64018486,-574.178982393,-424.171609228,0.930784087247,-0.252377552414,-0.351995513716,-339.935654141,-474.114373743
824.5,0.267857142857,1764,-2.67767631629,106.585235891,16.4571267969,10916560.7753,-11.2636185535,8.15938320808,-0.399406539595,0.170026058149,-998.202334437,-706.591781167,-114.078816256,0.932739077377,-0.252950650228,-0.352775300822,-340.829294599,-475.33444497
825,0.267857142857,1764,5.2228406272,105.967527541,16.4670091489,10923116.0688,-11.3020693552,8.15938320808,-0.39948680673,0.171031214055,-999.485704801,-683.143584654,223.450378207,0.932976696774,-0.253712443888,-0.352805018032,-342.266431862,-475.945573715
825.5,0.267857142857,1764,11.9612508903,101.796968981,16.4801698719,10931846.015,-11.4033079349,8.15938320808,-0.399622849288,0.173677727305,-1001.1133722,-509.485208239,516.580183475,0.933426582516,-0.255702324643,-0.352815384879,-345.502448339,-476.72065343
826,0.267857142857,1764,16.0382263984,95.0015291655,16.5101774891,10951751.0678,-11.3276263058,8.15938320808,-0.400171779878,0.17169930727,-1006.54699586,-215.650719721,691.519523608,0.934609815985,-0.254355729042,-0.353442030086,-344.935658809,-479.308093268
826.5,0.267857142857,1764,16.5466208661,87.093225514,16.5489928769,10977498.6083,-11.1476416661,8.15938320808,-0.399893768468,0.166994265624,-1011.17742956,124.167743634,706.816640795,0.933725461108,-0.250813676093,-0.353404316182,-341.733407208,-481.513061696
827,0.267857142857,1764,13.3733141259,79.8316928995,16.5912930008,11005557.6905,-10.8398714384,8.15938320808,-0.399162999987,0.158948736063,-1015.62368125,425.946165559,560.202580082,0.931618236666,-0.244704803611,-0.353150619912,-335.116680761,-483.630324403
827.5,0.267857142857,1764,7.22438189877,74.8326565879,16.6245757474,11027635.2458,-10.4534142919,8.15938320808,-0.397829242098,0.148846224137,-1017.9236712,617.675503042,294.206018961,0.928004075848,-0.236944491879,-0.352534554443,-325.792321705,-484.725557715
828,0.267857142857,1764,-0.532009384741,73.2084257434,16.6231644938,11026699.1143,-10.2722246949,8.15938320808,-0.395978344355,0.144109683277,-1013.59765438,672.379071007,-21.3030636921,0.923452805678,-0.233019501833,-0.351095943835,-320.341171463,-482.665549704
828.5,0.267857142857,1764,-8.17002607018,75.3203993919,16.5914129568,11005637.2614,-10.3006234119,8.15938320808,-0.39504648868,0.144852064107,-1006.95581571,586.394508834,-326.361632887,0.921316185401,-0.2333489285,-0.350131584211,-319.569734622,-479.502769386
829,0.267857142857,1764,-13.9901734097,80.6986534326,16.5411036999,10972265.4542,-10.590178156,8.15938320808,-0.395030290087,0.152421416318,-999.21012108,378.153036312,-568.780715248,0.921651129871,-0.238940461737,-0.349554965611,-325.245841402,-475.814343372
829.5,0.267857142857,1764,-16.6974411613,88.1465009673,16.5010779492,10945715.0397,-10.8317552564,8.15938320808,-0.39635952943,0.1587365681,-996.875917475,76.552923597,-689.635071243,0.925064640526,-0.243916785383,-0.350432270819,-330.41473341,-474.702817845
830,0.267857142857,1764,-15.6894494778,96.0067607814,16.4746186239,10928163.6872,-11.0177084136,8.15938320808,-0.397474746628,0.163597634858,-995.94392684,-251.1973456,-656.118697946,0.9279086169,-0.247765522036,-0.351230133143,-334.552821054,-474.259012781
830.5,0.267857142857,1764,-11.1904812642,102.530487982,16.4553623005,10915390.326,-11.2291738897,8.15938320808,-0.398293035997,0.1691256281,-995.040331189,-531.810348864,-474.938705777,0.930093894044,-0.252040773961,-0.351733235372,-339.530495294,-473.828729138
831,0.267857142857,1764,-4.20157817385,106.26612249,16.4559634143,10915789.0648,-11.2589267235,8.15938320808,-0.399338244744,0.169903407375,-997.889649881,-692.608870095,-178.902520466,0.932573468312,-0.2528449514,-0.352714661029,-340.63870872,-475.185547563
831.5,0.267857142857,1764,3.72219588281,106.382468001,16.4648389297,10921676.49,-11.2909036405,8.15938320808,-0.399469531843,0.170739327186,-999.214168808,-700.104012772,159.067868998,0.932921783411,-0.25349253089,-0.352802156317,-341.87963021,-475.816270861
832,0.267857142857,1764,10.8177637946,102.853637092,16.4783693885,10930651.6944,-11.3617446299,8.15938320808,-0.399590160038,0.172591206358,-1000.94392819,-553.236602577,465.610071807,0.933295967081,-0.254890298327,-0.352832759718,-344.329996954,-476.639965806
832.5,0.267857142857,1764,15.506328225,96.4648112871,16.503720096,10947467.6637,-11.3466666231,8.15938320808,-0.399953234401,0.172197046889,-1005.08657121,-278.876686507,668.906367602,0.934124274879,-0.254676903517,-0.353205446561,-345.101100864,-478.612652958
833,0.267857142857,1764,16.7446614681,88.6375344708,16.5390433793,10970898.7749,-11.2213061392,8.15938320808,-0.399947898407,0.168919954475,-1009.83078404,58.462943484,718.507863958,0.933948052704,-0.252250063027,-0.353358427327,-343.277343803,-480.871801925
833.5,0.267857142857,1764,14.257228535,81.1134126628,16.5840489955,11000752.5004,-10.8956111604,8.15938320808,-0.399501678666,0.160405847702,-1015.43065613,373.681821586,599.517781974,0.932481336219,-0.245857077834,-0.353392026668,-336.400741843,-483.53840768
834,0.267857142857,1764,8.59749498867,75.5665984633,16.6204167123,11024876.4191,-10.5158014623,8.15938320808,-0.398075512375,0.150477109059,-1017.76479293,590.61578773,351.810088725,0.928659477285,-0.238204215682,-0.352655959165,-327.360552523,-484.649901397
834.5,0.267857142857,1764,1.02477824529,73.231284201,16.6258972578,11028511.8477,-10.2939504665,8.15938320808,-0.396281656395,0.1446776243,-1014.65324957,673.097143109,41.1346532133,0.924188195185,-0.233509557114,-0.351346058616,-321.120425047,-483.168214081
835,0.267857142857,1764,-6.77595649246,74.627088317,16.5995621228,11011042.8748,-10.2723093235,8.15938320808,-0.395171988219,0.144111895583,-1008.46441409,613.331046763,-270.339449939,0.921572428342,-0.23283188538,-0.350311935098,-319.174953665,-480.221149569
835.5,0.267857142857,1764,-13.0690089424,79.4434378103,16.5509866911,10978821.1718,-10.5294181686,8.15938320808,-0.394920680756,0.150833068157,-1000.42052367,427.53914306,-529.29284965,0.921317183565,-0.237740129488,-0.349560566096,-323.998768068,-476.390725556
836,0.267857142857,1764,-16.4541452444,86.6086721956,16.5098611532,10951541.2317,-10.7519154808,8.15938320808,-0.396096958449,0.156649448501,-997.586778223,139.295014942,-675.835702085,0.924348676219,-0.242312525391,-0.350309135261,-328.591095823,-475.041322963
836.5,0.267857142857,1764,-16.1781566006,94.5284930173,16.4796552403,10931504.6428,-10.9728042222,8.15938320808,-0.39709728647,0.162423778629,-995.699703595,-188.764266149,-674.36514679,0.926969238884,-0.246812266238,-0.350929400336,-333.469461789,-474.142715998
837,0.267857142857,1764,-12.3024517862,101.440702778,16.4557459493,10915644.813,-11.2316703009,8.15938320808,-0.398065827521,0.169190887663,-994.450197878,-485.578647838,-522.153928787,0.929566562065,-0.252039513386,-0.351508240587,-339.544629224,-473.547713275
837.5,0.267857142857,1764,-5.68939340779,105.807302194,16.452890098,10913750.4317,-11.2864357465,8.15938320808,-0.39933539798,0.170622530401,-997.410052691,-674.236434111,-242.672422938,0.932602699384,-0.253376871543,-0.352676861911,-341.227832979,-474.957167948
838,0.267857142857,1764,2.18958184586,106.656702295,16.4629176867,10920402.0655,-11.2799642904,8.15938320808,-0.399613486009,0.170453357796,-999.417950168,-711.150707858,93.4832508878,0.933243695921,-0.253312086057,-0.352956473863,-341.556543555,-475.913309604
838.5,0.267857142857,1764,9.58136480859,103.799907551,16.4758338499,10928969.7871,-11.3370726725,8.15938320808,-0.399549149393,0.171946248058,-1000.60717778,-592.648875297,411.479936137,0.933167978307,-0.254403675888,-0.352822624979,-343.566867024,-476.479608465
839,0.267857142857,1764,14.8412488975,97.8725682698,16.4963963606,10942609.5859,-11.3826147063,8.15938320808,-0.399809661756,0.17313677835,-1003.67364759,-340.188554226,641.318415078,0.933835902605,-0.255341848562,-0.353022166476,-345.695120138,-477.939832184
839.5,0.267857142857,1764,16.7988850873,90.1935454069,16.5291305675,10964323.2764,-11.2889074483,8.15938320808,-0.400089958427,0.170687144024,-1008.76858365,-8.33903919969,723.791711067,0.934368120035,-0.25358877587,-0.353410255542,-344.68559422,-480.365992213
840,0.267857142857,1764,15.0186900897,82.4714577779,16.5774757929,10996392.2759,-10.9359119855,8.15938320808,-0.399818160244,0.161459365718,-1015.33200875,317.41729143,633.21580573,0.933272613495,-0.246706043331,-0.35363797339,-337.29482502,-483.491432737
840.5,0.267857142857,1764,9.89676569056,76.4245063122,16.6162795343,11022132.0911,-10.5697312536,8.15938320808,-0.398248539965,0.151886906663,-1017.45634435,557.750563681,406.609643045,0.929133133033,-0.239284026598,-0.352724661195,-328.680828269,-484.503021121
841,0.267857142857,1764,2.57276423334,73.3981662399,16.6276407998,11029668.3972,-10.3200340152,8.15938320808,-0.396539720191,0.145359483502,-1015.43711927,668.146262322,103.54174311,0.924823729302,-0.234072889489,-0.351543754801,-321.962632309,-483.541485366
841.5,0.267857142857,1764,-5.32368940383,74.0658125048,16.6063744225,11015561.7002,-10.2653248754,8.15938320808,-0.395307755071,0.143929312675,-1009.71427786,635.964913508,-212.478965261,0.921880054971,-0.232728989299,-0.350458393831,-319.29581032,-480.816322792
842,0.267857142857,1764,-12.035597032,78.2788906633,16.5621101045,10986199.7026,-10.4474422946,8.15938320808,-0.394930594535,0.148690108059,-1002.24058026,472.177438342,-484.846375225,0.921234804071,-0.236157684246,-0.349726279976,-322.274914279,-477.257419169
842.5,0.267857142857,1764,-16.0695275379,85.0999709482,16.518051458,10956974.1338,-10.688555598,8.15938320808,-0.395717932179,0.154993135563,-997.835010723,200.372263057,-657.116022169,0.923382401206,-0.241000653823,-0.350048909121,-327.136449093,-475.159528916
843,0.267857142857,1764,-16.5279123522,93.0113308149,16.4841694017,10934499.0365,-10.942354407,8.15938320808,-0.396794654425,0.161627779322,-995.53994673,-125.257809634,-687.486771226,0.926223358564,-0.246155253304,-0.350680949153,-332.763996602,-474.0666413
843.5,0.267857142857,1764,-13.3087586912,100.252655368,16.4560331472,10915835.321,-11.2399985348,8.15938320808,-0.397908003993,0.16940859895,-994.018370233,-435.388591286,-565.168874816,0.929208833576,-0.252166436057,-0.351343338583,-339.727475975,-473.342081063
844,0.267857142857,1764,-7.12834343204,105.212715731,16.4522904622,10913352.6733,-11.282622073,8.15938320808,-0.399379281297,0.170522835823,-997.472107666,-648.663332622,-303.949346614,0.932700209153,-0.253312583545,-0.352724514153,-341.116389256,-474.986717936
844.5,0.267857142857,1764,0.638161871545,106.787875072,16.4610871242,10919187.7924,-11.2693919947,8.15938320808,-0.399600288205,0.170176983702,-999.197263916,-716.004712341,27.2176737859,0.933199075898,-0.253104593301,-0.352957024247,-341.200877076,-475.808220912
845,0.267857142857,1764,8.26267314793,104.627653006,16.4722384271,10926584.8233,-11.3346954698,8.15938320808,-0.399497507726,0.171884104767,-1000.03583641,-627.781746396,354.612963319,0.933044264173,-0.254346459443,-0.352775116356,-343.339698396,-476.207541149
845.5,0.267857142857,1764,14.0487006665,99.2127091338,16.4884978196,10937370.2203,-11.4303922141,8.15938320808,-0.399771044953,0.174385746955,-1002.44733841,-399.145738925,608.667757442,0.933808111261,-0.256258840768,-0.352928723189,-346.6044423,-477.355875435
846,0.267857142857,1764,16.7088260064,91.7478940152,16.5222545315,10959762.1726,-11.3160165371,8.15938320808,-0.400313674132,0.171395812231,-1008.45591279,-75.4166414747,720.938185851,0.934926031652,-0.254161858763,-0.353594841163,-345.177182682,-480.217101328
846.5,0.267857142857,1764,15.6511587294,83.8941642318,16.5696337335,10991190.3765,-10.9899208916,8.15938320808,-0.399923807258,0.162871231492,-1014.43257527,258.30168953,662.107678031,0.933589704012,-0.24777256281,-0.353659224082,-338.432541375,-483.06313108
847,0.267857142857,1764,11.1110347945,77.3990117136,16.6100357866,11017990.4051,-10.6438181518,8.15938320808,-0.398479236339,0.153823638277,-1016.95525997,520.527809044,458.980078892,0.929767601436,-0.240765964892,-0.352816047872,-330.467926618,-484.264409508
847.5,0.267857142857,1764,4.0986531972,73.7076385392,16.627484333,11029564.6075,-10.3633394284,8.15938320808,-0.396889939498,0.146491545511,-1016.15006717,658.247072563,165.59456252,0.925696512995,-0.23498963512,-0.351797197782,-323.217514734,-483.880984365
848,0.267857142857,1764,-3.82569807353,73.6413926555,16.6123945142,11019555.0278,-10.2654272832,8.15938320808,-0.395526689815,0.143931989751,-1011.05946125,653.527686861,-152.836947546,0.922390755104,-0.232782373755,-0.350670994664,-319.600647219,-481.456886307
848.5,0.267857142857,1764,-10.8988134737,77.2150140842,16.5727180139,10993236.2826,-10.3759357218,8.15938320808,-0.394970562128,0.146820829638,-1004.03931134,512.698393792,-437.059860605,0.921236011946,-0.23478541949,-0.349905569773,-320.812801622,-478.113957782
849,0.267857142857,1764,-15.5468914564,83.6333551974,16.5255952421,10961978.1773,-10.6419682054,8.15938320808,-0.395382354109,0.153775278178,-998.048761423,259.525834996,-633.743535556,0.922539292484,-0.240022886861,-0.349804310869,-326.106881151,-475.261314963
849.5,0.267857142857,1764,-16.7357127415,91.4683048164,16.4889800781,10937690.1185,-10.9142069517,8.15938320808,-0.396575222718,0.160891966811,-995.637732454,-60.9630564955,-694.855856897,0.925674724141,-0.245561244088,-0.35051078109,-332.154772314,-474.113205931
850,0.267857142857,1764,-14.2007589842,98.9765496863,16.4624083501,10920064.2055,-11.1564954051,8.15938320808,-0.39781280823,0.167225714322,-994.841808746,-379.01386377,-599.593910707,0.928878056523,-0.250527738804,-0.351362095298,-337.781332038,-473.734194641
