time,angle_deg,tsr,cp,cd,ct,cd_blade1,ct_blade1,cd_blade2,ct_blade2,cd_blade3,ct_blade3
500.5,27.28370453,6,0.362963913975,0.526818371026,0.0604939856625,0.175341877685,0.0201645673635,0.175343755233,0.0201649378886,0.175338649013,0.0201644804103
501,54.5674090601,6,0.620514692261,0.786115268305,0.103419115377,0.261764560614,0.034468582235,0.261810432562,0.0344834330448,0.261755543018,0.034467100097
501.5,81.8511135901,6,0.615485291411,0.78369785155,0.102580881902,0.260982472609,0.0341936988995,0.261039196654,0.0342161403993,0.26090421876,0.034171042603
502,109.13481812,6,0.610273784053,0.781164281737,0.101712297342,0.260170428558,0.0339124238738,0.260182379497,0.0339271157428,0.26005177292,0.0338727577257
502.5,136.41852265,6,0.60493328942,0.778552202572,0.100822214903,0.259421078046,0.0336482328207,0.25925723225,0.0336141395797,0.259125934885,0.0335598425029
503,163.70222718,6,0.5997069038,0.775980532293,0.0999511506333,0.258665451604,0.0333926886289,0.258304554636,0.0332912224394,0.258273799136,0.033267239565
503.5,190.98593171,6,0.594697438573,0.77343990182,0.0991162397621,0.257874308891,0.0331355548796,0.257364655295,0.0329777507071,0.257474932181,0.0330029341754
504,218.26963624,6,0.589694693305,0.770879069611,0.0982824488842,0.256860469064,0.0328276611665,0.256423376745,0.0326636413906,0.256879417556,0.0327911463271
504.5,245.55334077,6,0.584671146995,0.76826966734,0.0974451911658,0.255857095047,0.0325098609502,0.255499829037,0.0323651643107,0.25620660659,0.032570165905
505,272.8370453,6,0.580561006932,0.766185768819,0.096760167822,0.254987854773,0.0322297213945,0.254921914545,0.032168328231,0.255579019437,0.0323621181965
505.5,300.12074983,6,0.57616083768,0.763830479575,0.09602680628,0.254151896753,0.0319485849375,0.254259674298,0.0319581848459,0.254730599526,0.0321200364966
506,327.40445436,6,0.572182167695,0.761670646757,0.0953636946159,0.253320220492,0.0316747443907,0.25370981732,0.0317802892015,0.253960484226,0.0319086610237
506.5,354.688158891,6,0.568840743124,0.759917735918,0.0948067905206,0.252716024987,0.0314785333573,0.253448474152,0.0316730922418,0.253080804489,0.0316551649215
507,381.971863421,6,0.564969690429,0.757935867608,0.0941616150715,0.251966477513,0.0312433899035,0.2529779551,0.0315181111954,0.252326223066,0.0314001139725
507.5,409.255567951,6,0.561732020887,0.756180132031,0.0936220034812,0.251571536532,0.0311056796412,0.2523402301,0.0313469401561,0.251609926672,0.0311693836839
508,436.539272481,6,0.558306516739,0.754246115435,0.0930510861232,0.251253821546,0.0309991973838,0.251640573456,0.0311749816632,0.250699627442,0.0308769070761
508.5,463.822977011,6,0.555420636566,0.752694580074,0.0925701060943,0.251096854059,0.03092718165,0.250784509515,0.030960498847,0.250167042288,0.0306824255972
509,491.106681541,6,0.552603977812,0.751190904801,0.0921006629686,0.250851348614,0.0308310755225,0.250112233729,0.0307549359278,0.249586604662,0.0305146515183
509.5,518.390386071,6,0.550436395004,0.750103796759,0.0917393991673,0.250552077269,0.0307563119247,0.249493765576,0.0305357726317,0.249422207712,0.030447314611
510,545.674090601,6,0.548658844372,0.748997394629,0.0914431407287,0.250060252134,0.0306757886807,0.248885360986,0.0303385215483,0.249420532521,0.0304288304997
510.5,572.957795131,6,0.545633244534,0.747165605177,0.0909388740889,0.249064946299,0.0304520055777,0.248279065241,0.0301339230975,0.24919435608,0.0303529454138
511,600.241499661,6,0.543505226821,0.746136941639,0.0905842044702,0.24850963082,0.0302935599825,0.24777822129,0.0299673878106,0.249225356002,0.0303232566772
511.5,627.525204191,6,0.541960013771,0.745437157628,0.0903266689618,0.247895567929,0.0300874696413,0.247782945439,0.0299463356422,0.24913792841,0.0302928636783
512,654.808908721,6,0.54005123909,0.744270476618,0.0900085398484,0.247383362774,0.0299024105894,0.247710992989,0.0299227404429,0.248557971658,0.0301833888161
512.5,682.092613251,6,0.538762682,0.743453706832,0.0897937803333,0.246975271084,0.0297579640345,0.247881927275,0.029935298584,0.247980473152,0.0301005177147
513,709.376317781,6,0.537268450971,0.742551978244,0.0895447418286,0.246809106048,0.029677715759,0.24786777796,0.0299187778091,0.247260715308,0.0299482482604
513.5,736.660022311,6,0.536075102928,0.74200489959,0.089345850488,0.246479888405,0.0295884352942,0.248014106406,0.029933603109,0.246897944606,0.0298238120848
514,763.943726841,6,0.534829317873,0.741322889396,0.0891382196456,0.246518065181,0.0295762197118,0.247772614071,0.0299136466098,0.246420518855,0.029648353324
514.5,791.227431371,6,0.53365817716,0.740457198934,0.0889430295267,0.24656950443,0.0295752173323,0.247264415223,0.0298597500109,0.246012734515,0.0295080621835
515,818.511135901,6,0.532257211978,0.739674169234,0.0887095353297,0.246998175733,0.0296391374234,0.246396431173,0.0296986689001,0.245670044552,0.0293717290062
515.5,845.794840431,6,0.530982139171,0.738979343853,0.0884970231951,0.247075694181,0.0296532027805,0.245893820107,0.0295604528598,0.245401225383,0.0292833675548
516,873.078544961,6,0.530783102124,0.738996526567,0.088463850354,0.247049377113,0.0296561821488,0.245694378121,0.0294787596343,0.245644984776,0.0293289085709
516.5,900.362249491,6,0.529685538301,0.738216457579,0.0882809230501,0.246503007858,0.0296012393282,0.245306894811,0.0293249775127,0.245799525282,0.0293547062092
517,927.645954021,6,0.528736301001,0.737497478396,0.0881227168335,0.24592119037,0.029545597925,0.245042038877,0.0292133452004,0.245927908162,0.0293637737081
517.5,954.929658551,6,0.528353209031,0.737347197758,0.0880588681718,0.245425797746,0.0294488978774,0.244960127666,0.0291673048651,0.246355544171,0.0294426654293
518,982.213363081,6,0.527812297923,0.737214738963,0.0879687163205,0.245228344215,0.0293624165814,0.244905623273,0.0291359848628,0.246475599096,0.0294703148762
518.5,1009.49706761,6,0.52733972673,0.736853281601,0.0878899544549,0.244999019847,0.0292683398175,0.245112969886,0.0291689862953,0.246136644684,0.0294526283421
519,1036.78077214,6,0.526342425627,0.736088840565,0.0877237376045,0.244529103526,0.0290975430261,0.245361159555,0.0292095052695,0.245594430247,0.029416689309
519.5,1064.06447667,6,0.525956839556,0.735885535061,0.0876594732593,0.244420843025,0.0290218234375,0.245793995624,0.0292870400141,0.245067011518,0.0293506098077
520,1091.3481812,6,0.525277722614,0.735617043006,0.0875462871023,0.24435806746,0.0289918355917,0.245982221632,0.0293106984125,0.244673494268,0.0292437530981
520.5,1118.63188573,6,0.525200691214,0.735649671382,0.0875334485357,0.244608119992,0.0290373900788,0.245954329753,0.029350426294,0.244484362522,0.0291456321628
521,1145.91559026,6,0.525243635657,0.735478024601,0.0875406059429,0.245011945058,0.0291183023484,0.245559259856,0.0293627718067,0.244304359364,0.0290595317878
521.5,1173.19929479,6,0.524223062069,0.734685209454,0.0873705103449,0.245195439644,0.0291460605237,0.244801027527,0.0292679117875,0.244086674347,0.0289565380337
522,1200.48299932,6,0.523669930688,0.734535301982,0.0872783217814,0.24551590485,0.029189251534,0.244514075603,0.0292125344082,0.243903623449,0.0288765358392
522.5,1227.76670385,6,0.52347439994,0.734609327468,0.0872457333234,0.245711953341,0.0292465727773,0.244089020521,0.0290735938141,0.244207019209,0.0289255667321
523,1255.05040838,6,0.523004071124,0.734218212796,0.0871673451873,0.245238321035,0.029219179995,0.243921676125,0.0289758978984,0.244457253828,0.0289722672939
523.5,1282.33411291,6,0.523132089154,0.734169230685,0.0871886815257,0.244760200763,0.0292147516964,0.243910294059,0.0289239218628,0.244898146057,0.0290500079665
524,1309.61781744,6,0.52270481073,0.733893465845,0.087117468455,0.244267988987,0.0291526446517,0.243873898446,0.0288734504012,0.245151352513,0.0290913734021
524.5,1336.90152197,6,0.522666399747,0.73402784819,0.0871110666246,0.244070262885,0.029094658443,0.243868959671,0.0288529435875,0.245488747186,0.0291634645941
525,1364.1852265,6,0.522328681334,0.733867170974,0.0870547802224,0.24380515719,0.0289703899332,0.244139800663,0.0288915284527,0.245322688878,0.0291928618365
525.5,1391.46893103,6,0.522200943593,0.733607605787,0.0870334905989,0.24374487825,0.0289052428021,0.244414609517,0.0289366156612,0.244848957709,0.0291916321356
526,1418.75263556,6,0.521745326428,0.733343099377,0.0869575544047,0.243559161492,0.0288081486305,0.245032349959,0.029040916469,0.244152780941,0.0291084893052
526.5,1446.03634009,6,0.521364265526,0.733210508373,0.0868940442544,0.243522127913,0.0287648033015,0.245274545321,0.0290953127535,0.243815352207,0.0290339281993
527,1473.32004462,6,0.521787134143,0.733581847755,0.0869645223571,0.24391728874,0.0288362562357,0.245294959075,0.0291316024334,0.243771413489,0.028996663688
527.5,1500.60374915,6,0.521421954214,0.733228412,0.0869036590357,0.244256993227,0.0288989202679,0.244787410983,0.0291198518759,0.243586114244,0.0288848868919
528,1527.88745368,6,0.521090715078,0.732869699043,0.086848452513,0.24451654367,0.0289324074145,0.244267237228,0.0291081824281,0.243488305176,0.0288078626704
528.5,1555.17115821,6,0.521214754163,0.73303205467,0.0868691256938,0.245055726302,0.0290351597639,0.243881189621,0.0290598439585,0.243497782774,0.0287741219714
529,1582.45486274,6,0.521320957846,0.733304468737,0.0868868263077,0.245251760201,0.0290934370785,0.243797359055,0.0290103073251,0.243658233402,0.0287830819042
529.5,1609.73856727,6,0.521278585224,0.733181474876,0.0868797642039,0.244905145055,0.0290982211824,0.243695841684,0.0289431175713,0.243983603762,0.0288384254502
530,1637.0222718,6,0.52084665719,0.732752707148,0.0868077761983,0.244394855992,0.0290961427202,0.243381485031,0.0288046473898,0.244379694887,0.0289069860883
530.5,1664.30597633,6,0.520865623272,0.732766422697,0.0868109372121,0.24391828276,0.0290644499965,0.243372067358,0.0287493017724,0.244879582211,0.0289971854432
531,1691.58968086,6,0.520543882492,0.732741566748,0.0867573137486,0.243607667081,0.0289854254105,0.243420069843,0.028734082045,0.245117490872,0.0290378062932
531.5,1718.87338539,6,0.520846508098,0.733013243029,0.0868077513497,0.243524390536,0.0289124490508,0.243790622936,0.0287987853121,0.245102030736,0.0290965169869
532,1746.15708992,6,0.52117580844,0.732999450354,0.08686263474,0.243441876439,0.0288446296866,0.244269342509,0.0288918146707,0.244692181478,0.0291261903827
532.5,1773.44079445,6,0.52055231823,0.732430677814,0.0867587197049,0.243283597823,0.0287524817629,0.244575694024,0.0289455178753,0.243975476682,0.0290607200667
533,1800.72449898,6,0.520267916107,0.732447201339,0.0867113193511,0.243213017847,0.0286917045302,0.244924021729,0.0289959081862,0.243714356512,0.0290237066347
533.5,1828.00820351,6,0.520340592642,0.732704434504,0.0867234321069,0.243605255976,0.0287545473325,0.245124193456,0.0290639075192,0.243379257009,0.0289049772553
534,1855.29190804,6,0.52016619055,0.732482870389,0.0866943650917,0.243924492645,0.0288107576333,0.244669901257,0.0290590471231,0.243292819902,0.0288245603352
534.5,1882.57561257,6,0.520527767899,0.732562383516,0.0867546279832,0.244466271314,0.0289090527197,0.244187190596,0.02906909337,0.243313332415,0.0287764818936
535,1909.8593171,6,0.520223409995,0.732362265376,0.0867039016659,0.244738317713,0.0289519922593,0.243683985101,0.0290151281374,0.243344435452,0.0287367812691
535.5,1937.14302163,6,0.520446063866,0.732672254834,0.0867410106443,0.245093995869,0.0290358241028,0.243563047821,0.0289768724081,0.243419731577,0.0287283141334
536,1964.42672616,6,0.52029406783,0.732621965541,0.0867156779716,0.244942021994,0.0290802487313,0.243352286674,0.0288631266263,0.243732225959,0.0287723026141
536.5,1991.71043069,6,0.520291857589,0.732429213268,0.0867153095982,0.244448139685,0.029087265275,0.24329985584,0.0287973298182,0.244085832977,0.028830714505
537,2018.99413522,6,0.520011121796,0.732260384334,0.0866685202994,0.243755663379,0.0290158910222,0.243163912445,0.0287084060247,0.244745453037,0.0289442232525
537.5,2046.27783975,6,0.519801286477,0.732254175401,0.0866335477462,0.243435986329,0.0289473071177,0.243210021559,0.0286791751716,0.245012821391,0.0290070654569
538,2073.56154428,6,0.520418196001,0.732740027005,0.0867363660001,0.243477355649,0.0289300134191,0.243619985577,0.0287516138138,0.245047346421,0.0290547387673
538.5,2100.84524881,6,0.52010735533,0.732410129435,0.0866845592217,0.243262697016,0.0288089435207,0.244009113466,0.0288216051343,0.244543010256,0.0290540105667
539,2128.12895334,6,0.51984478739,0.732092121643,0.0866407978984,0.243185640206,0.0287328112098,0.244309280188,0.0288624673306,0.244001928395,0.0290455193581
539.5,2155.41265787,6,0.520061225408,0.732318148282,0.0866768709014,0.243236835784,0.0287043972092,0.244872248456,0.0289723472662,0.243613809219,0.029000126426
540,2182.6963624,6,0.520322237723,0.732695437916,0.0867203729539,0.243446894869,0.0287235757287,0.245089257559,0.0290397010611,0.243564034092,0.0289570961641
540.5,2209.98006693,6,0.520313110148,0.732582979517,0.0867188516913,0.243783470038,0.028779068736,0.244741026569,0.0290513392559,0.24346323853,0.0288884436994
541,2237.26377146,6,0.519992549771,0.732222437262,0.0866654249619,0.24424031935,0.028860190614,0.244221426213,0.0290541432799,0.243165461445,0.0287510910679
541.5,2264.54747599,6,0.520050699918,0.732253221177,0.0866751166531,0.244740216017,0.0289519035753,0.243734546545,0.0290238195711,0.243183242829,0.0286993935066
542,2291.83118052,6,0.519813896595,0.732293682255,0.0866356494325,0.24500123613,0.0289997531169,0.243430261486,0.0289444454378,0.243266981921,0.0286914508778
542.5,2319.11488505,6,0.520150510583,0.732585475028,0.0866917517638,0.244992843623,0.029064082526,0.243361086342,0.0288736162304,0.243636358016,0.0287540530074
543,2346.39858958,6,0.520499939118,0.732581771205,0.086749989853,0.244574098345,0.0290968001609,0.243271278804,0.0288026412903,0.244141233076,0.0288505484018
543.5,2373.68229411,6,0.519950120342,0.732053718052,0.0866583533903,0.243846611738,0.0290323305151,0.243129267804,0.0287115327992,0.24448269744,0.0289144900761
544,2400.96599864,6,0.519714696404,0.732106244234,0.0866191160674,0.243584330366,0.0289955472366,0.243096749351,0.0286582401343,0.244830020687,0.0289653286964
544.5,2428.24970317,6,0.519794324729,0.732367701912,0.0866323874549,0.243252691098,0.0288749728544,0.243478376035,0.0287198753553,0.245041487983,0.0290375392451
545,2455.5334077,6,0.519662039734,0.732169922951,0.0866103399557,0.24316664353,0.0287937726424,0.243819260118,0.0287784771657,0.244588892024,0.0290380901476
545.5,2482.81711223,6,0.520046087403,0.732261865348,0.0866743479005,0.24319083321,0.0287438416082,0.24438173467,0.0288821876338,0.244094202317,0.0290483186584
546,2510.10081676,6,0.51971777384,0.732061721407,0.0866196289733,0.243235749067,0.0287056352679,0.244651339276,0.0289229469841,0.243579565669,0.0289910467213
546.5,2537.38452129,6,0.520008931394,0.732410225891,0.0866681552323,0.243318490311,0.0286998233533,0.245025434678,0.0290134447323,0.243471239664,0.0289548871467
547,2564.66822582,6,0.519868248947,0.732357462209,0.0866447081578,0.243636327411,0.0287442766166,0.244876624583,0.0290624390885,0.243249455298,0.0288379924527
547.5,2591.95193035,6,0.519864225811,0.732165647032,0.0866440376351,0.2440055295,0.0288057233361,0.24436718484,0.0290680895125,0.243197893593,0.0287702247866
548,2619.23563488,6,0.519594054111,0.732004392826,0.0865990090184,0.244666369974,0.0289198074151,0.243673754594,0.0289974213114,0.243069249246,0.028681780292
548.5,2646.51933941,6,0.519431907107,0.732039103277,0.0865719845178,0.244956022349,0.0289881348825,0.243363266488,0.0289297517108,0.243124812799,0.0286540979245
549,2673.80304394,6,0.520092181157,0.732531243552,0.0866820301929,0.244990946021,0.029038867644,0.243409719455,0.0289152947258,0.243535594008,0.028727867823
549.5,2701.08674847,6,0.519760867713,0.732194219912,0.0866268112855,0.244486681881,0.0290405327426,0.243171021483,0.0287857986109,0.243941562732,0.028800479932
550,2728.370453,6,0.519474798088,0.731860744971,0.0865791330147,0.243931813426,0.0290298236686,0.243094507117,0.0287083700772,0.244239492991,0.0288409392689
550.5,2755.65415753,6,0.519686870797,0.732098352317,0.0866144784662,0.243538956577,0.0289820562157,0.243146514995,0.0286780582636,0.244817951613,0.0289543639869
551,2782.93786206,6,0.519984185123,0.732490239523,0.0866640308538,0.243489497663,0.0289390728344,0.243368912033,0.0287013907644,0.245036900621,0.029023567255
551.5,2810.22156659,6,0.519961321525,0.732367021426,0.0866602202542,0.243378310909,0.028866338919,0.243712082526,0.0287581755859,0.244681719634,0.0290357057493
552,2837.50527112,6,0.519700210924,0.732040174477,0.0866167018206,0.243093401372,0.0287314220139,0.244192904424,0.0288459962701,0.244158995941,0.0290392835366
552.5,2864.78897565,6,0.519717321213,0.732046322304,0.0866195535355,0.243113248496,0.0286795621899,0.244672276105,0.028932446242,0.24366595388,0.0290075451037
553,2892.07268018,6,0.519513926981,0.732111333948,0.0865856544968,0.243197893765,0.0286720128505,0.244958600086,0.0289868895439,0.243360006574,0.0289267521023
553.5,2919.35638471,6,0.519832534841,0.732389060056,0.0866387558069,0.243568256956,0.0287345435073,0.244936972314,0.0290494229339,0.243288998188,0.0288547893656
554,2946.64008924,6,0.520190039639,0.732390865715,0.0866983399399,0.244077968939,0.0288316893773,0.24451946647,0.0290836516222,0.243198610811,0.0287829989404
554.5,2973.92379377,6,0.519661587389,0.73187784294,0.0866102645648,0.244442054507,0.028900810784,0.243780536352,0.0290169451502,0.243060453329,0.0286925086305
555,3001.2074983,6,0.51943495795,0.731937177821,0.0865724929917,0.244784786795,0.0289512519442,0.243522598961,0.0289810460134,0.243035005092,0.0286401950341
555.5,3028.49120283,6,0.519508919556,0.732193997897,0.086584819926,0.244992608111,0.0290232317556,0.2431851351,0.0288579839558,0.24342148016,0.0287036042147
556,3055.77490736,6,0.519403682653,0.73200991685,0.0865672804422,0.24453683155,0.0290249520572,0.243111170845,0.0287791795583,0.243767161567,0.0287631488267
556.5,3083.05861189,6,0.519801203278,0.732106346212,0.0866335338797,0.244038410596,0.0290355126983,0.243127852675,0.0287267407862,0.244345347109,0.0288712803952
557,3110.34231642,6,0.519429935386,0.731891707359,0.0865716558977,0.243512870984,0.0289746321558,0.243181657783,0.0286907113296,0.244602448018,0.0289063124123
557.5,3137.62602095,6,0.5197506493,0.73225730853,0.0866251082167,0.243414755094,0.0289407212167,0.243267798013,0.0286852756069,0.244980016324,0.0289991113931
558,3164.90972548,6,0.519633059617,0.732212641987,0.0866055099361,0.243200265356,0.028825163208,0.243588211706,0.0287302996677,0.244829433714,0.0290500470604
558.5,3192.19343001,6,0.519611215299,0.732008523091,0.0866018692166,0.243143145309,0.0287552977609,0.24396131342,0.0287925810848,0.244309360299,0.0290539903709
559,3219.47713454,6,0.519359847649,0.731857762674,0.0865599746082,0.243022933796,0.0286691804953,0.244618312298,0.0289051921686,0.243621838455,0.0289856019443
559.5,3246.76083907,6,0.519203712901,0.73190481346,0.0865339521501,0.243077735116,0.028640515238,0.244917616209,0.0289753774875,0.243314791169,0.0289180594246
560,3274.0445436,6,0.519890824584,0.732407806547,0.086648470764,0.243493453308,0.0287155804244,0.244948291057,0.0290269532165,0.243371384711,0.0289059371231
560.5,3301.32824813,6,0.519566828964,0.732075795657,0.086594471494,0.24390939396,0.0287898185916,0.244447363295,0.029030990667,0.243124366839,0.0287736622354
561,3328.61195266,6,0.519271776201,0.731732550147,0.0865452960334,0.244205700163,0.02882993429,0.243882192651,0.0290185721249,0.243049997029,0.0286967896186
561.5,3355.89565719,6,0.519455523956,0.731959615478,0.0865759206593,0.244782159665,0.028942646535,0.243488075819,0.0289695561866,0.243094726303,0.0286637179377
562,3383.17936172,6,0.519788902675,0.732370922557,0.0866314837792,0.245002883891,0.029013344602,0.243441907402,0.0289276888978,0.243331486683,0.0286904502794
562.5,3410.46306625,6,0.519730728347,0.732227077722,0.0866217880578,0.244636637983,0.029023890289,0.243324211925,0.0288515356209,0.243671603207,0.0287463621479
563,3437.74677078,6,0.519533177396,0.731937726326,0.0865888628993,0.244114773986,0.0290287054229,0.243056784018,0.0287212326379,0.244171561453,0.0288389248385
563.5,3465.03047531,6,0.519526963225,0.731926608086,0.0865878272042,0.243618981562,0.0289964297935,0.243081517424,0.0286705763538,0.244631504509,0.0289208210569
564,3492.31417985,6,0.519343514553,0.732007547549,0.0865572524255,0.243317337298,0.0289157939178,0.243163267085,0.0286626005014,0.244932328329,0.0289788580063
564.5,3519.59788438,6,0.51965127198,0.732278419938,0.08660854533,0.243250732877,0.0288444315255,0.243534463942,0.0287245665881,0.244898605712,0.0290395472164
565,3546.88158891,6,0.519975724351,0.732259521174,0.0866626207251,0.243153469847,0.0287704924483,0.24402985855,0.0288175361532,0.244481597758,0.0290745921236
565.5,3574.16529344,6,0.519489409983,0.731781250298,0.0865815683306,0.243026156661,0.0286823843724,0.244423915815,0.0288924095712,0.24373661117,0.0290067743871
566,3601.44899797,6,0.519284620968,0.731847149532,0.0865474368279,0.243005886895,0.0286319050487,0.244762749691,0.028943716766,0.243483951781,0.0289718150132
566.5,3628.7327025,6,0.519363314558,0.732105065291,0.0865605524263,0.243397006692,0.0286966104501,0.244964638733,0.0290151997434,0.2431488498,0.0288487422328
567,3656.01640703,6,0.51926057047,0.731919097373,0.0865434284117,0.243738945987,0.0287549825476,0.244501963799,0.0290164934345,0.243083615058,0.0287719524296
567.5,3683.30011156,6,0.51966783771,0.732020883067,0.0866113062851,0.244330359892,0.0288666517142,0.244002538298,0.0290275997508,0.243093417091,0.02871705482
568,3710.58381609,6,0.519270858322,0.731799968292,0.0865451430537,0.24457796431,0.0288968675863,0.243471794265,0.0289646051097,0.24315565172,0.0286836703578
568.5,3737.86752062,6,0.519600764842,0.732170388489,0.0866001274737,0.244952277514,0.0289902612885,0.243381177971,0.0289318964727,0.243242379214,0.0286779697125
569,3765.15122515,6,0.519515953126,0.732139504502,0.0865859921876,0.24479945546,0.0290426103655,0.243180923467,0.0288201032977,0.243564584901,0.0287232785244
569.5,3792.43492968,6,0.519471746882,0.731921969032,0.0865786244803,0.244271577506,0.0290451621998,0.243113713657,0.0287468933532,0.243942153232,0.0287865689273
570,3819.71863421,6,0.519232413513,0.731779133449,0.0865387355855,0.243593299984,0.0289793044229,0.243001152675,0.0286628382215,0.244590159273,0.0288965929411
570.5,3847.00233874,6,0.519082981177,0.731833191795,0.0865138301961,0.243289253802,0.0289121161053,0.243054815699,0.0286340293347,0.244894588574,0.0289676847562
571,3874.28604327,6,0.519777900237,0.73233850681,0.0866296500394,0.243349024298,0.0289001568538,0.243472663742,0.0287094458561,0.244922275168,0.0290200473295
571.5,3901.5697478,6,0.519474180999,0.732020103629,0.0865790301664,0.243100745841,0.0287673448068,0.243898916826,0.0287854103317,0.244425914851,0.0290262750279
572,3928.85345233,6,0.519161004262,0.731662538421,0.0865268340437,0.243025773426,0.028690388327,0.244189786459,0.0288242797341,0.24385247701,0.0290121659825
572.5,3956.13715686,6,0.51932455257,0.731882193126,0.086554092095,0.243063293393,0.0286550634232,0.24476201017,0.0289359204564,0.243462394913,0.0289631082155
573,3983.42086139,6,0.519680466344,0.732303351586,0.0866134110574,0.24331122771,0.0286843403325,0.244984195787,0.0290079148127,0.243413426421,0.0289211559122
573.5,4010.70456592,6,0.519597686997,0.732146680721,0.0865996144995,0.243652432273,0.0287403613068,0.244608013897,0.0290167479423,0.243291730808,0.0288425052504
574,4037.98827045,6,0.519442302598,0.731881393482,0.0865737170997,0.244167363277,0.0288371254233,0.244084464629,0.0290215773396,0.24303506681,0.0287150143368
574.5,4065.27197498,6,0.519419322383,0.731859926539,0.0865698870639,0.244607200593,0.028914315529,0.243592300677,0.0289897936455,0.243065933223,0.0286657778894
575,4092.55567951,6,0.51924973477,0.731951080821,0.0865416224617,0.244916995767,0.0289743719733,0.243293963295,0.0289094391903,0.243145634378,0.0286578112982
575.5,4119.83938404,6,0.519550386532,0.732217136098,0.0865917310886,0.244875149151,0.0290338227244,0.243229662349,0.0288385140882,0.243517844992,0.0287193942761
576,4147.12308857,6,0.519840607852,0.732176785308,0.0866401013087,0.244458456206,0.0290694318596,0.243126151489,0.028762625246,0.243997714562,0.0288080442031
576.5,4174.4067931,6,0.519381586317,0.731726528651,0.0865635977195,0.243710811216,0.0290009256926,0.243006156149,0.0286760347956,0.244415106729,0.0288866372313
577,4201.69049763,6,0.51921526496,0.731806622199,0.0865358774934,0.24346008147,0.0289664408212,0.242992459947,0.0286277760408,0.24475961239,0.0289416606314
577.5,4228.97420216,6,0.519288048527,0.732057705579,0.0865480080878,0.243128207657,0.0288434659166,0.243387663979,0.0286938490314,0.244947351535,0.0290106931399
578,4256.25790669,6,0.51918745869,0.731871248082,0.0865312431151,0.243071581489,0.0287685937012,0.243724567696,0.0287508255166,0.244480625161,0.0290118238973
578.5,4283.54161122,6,0.519598601288,0.731975130109,0.0865997668814,0.243071716833,0.0287107335359,0.244329532113,0.0288662130915,0.243979427808,0.029022820254
579,4310.82531575,6,0.519185948382,0.731753819584,0.086530991397,0.243141794118,0.0286798524543,0.244566070298,0.0288914470835,0.24345151651,0.0289596918592
579.5,4338.10902028,6,0.519508965923,0.732118499508,0.0865848276538,0.243228225486,0.0286736182573,0.244937135914,0.0289855290862,0.243358691641,0.0289256803103
580,4365.39272481,6,0.519461316048,0.732104687362,0.0865768860079,0.243554944421,0.0287201066842,0.244780814577,0.0290385708525,0.243174473921,0.0288182084713
580.5,4392.67642934,6,0.519395111467,0.731873775535,0.0865658519112,0.243935509149,0.0287842547213,0.244246777036,0.0290397984859,0.243097036777,0.028741798704
581,4419.96013387,6,0.519159634133,0.731734844574,0.0865266056888,0.244573291824,0.0288914815821,0.243578188738,0.0289762458779,0.242988916686,0.0286588782288
581.5,4447.2438384,6,0.519019636385,0.731796609333,0.0865032727308,0.24488227669,0.0289634808506,0.243275634817,0.0289090644018,0.243044253278,0.0286307274785
582,4474.52754293,6,0.519705810054,0.732296304648,0.086617635009,0.244906585605,0.0290163132488,0.243333300912,0.0288953254334,0.243461977136,0.0287059963268
582.5,4501.81124746,6,0.519436551347,0.7319968142,0.0865727585578,0.244415019371,0.0290245258997,0.243089706797,0.0287641445819,0.243897663034,0.0287840880762
583,4529.09495199,6,0.519100223129,0.73162203678,0.0865167038549,0.243834527296,0.0290087992997,0.243010596374,0.0286865057513,0.244182495903,0.0288213988039
583.5,4556.37865652,6,0.519241864532,0.731834738344,0.0865403107553,0.243446804509,0.0289591273473,0.243043036568,0.0286493649582,0.244750466822,0.0289318184498
584,4583.66236105,6,0.519617038308,0.732262909029,0.086602839718,0.243393896128,0.0289167967657,0.243300976251,0.0286809585494,0.244973591111,0.0290050844029
584.5,4610.94606558,6,0.519523354543,0.732102072233,0.0865872257572,0.243271695927,0.0288365267391,0.243646253696,0.0287380596741,0.244589684093,0.0290126393439
585,4638.22977011,6,0.519393701022,0.731850469212,0.0865656168371,0.243024413529,0.0287117702233,0.244168042245,0.0288368742765,0.244063596512,0.0290169723373
585.5,4665.51347464,6,0.519355676658,0.731820035691,0.0865592794429,0.24305892342,0.0286633469237,0.244590624724,0.0289101842258,0.243576085969,0.0289857482934
586,4692.79717917,6,0.519199278059,0.731920617436,0.0865332130098,0.243137919671,0.0286555337274,0.244907080337,0.0289719774818,0.243281212032,0.0289057018006
586.5,4720.0808837,6,0.519487342735,0.732177709706,0.0865812237891,0.243509876102,0.0287166650328,0.24485837916,0.029030060141,0.243215037055,0.0288344986152
587,4747.36458823,6,0.519750370699,0.732121476218,0.0866250617831,0.243974666127,0.0288013853648,0.244442832613,0.0290662659638,0.24310956041,0.0287574104545
587.5,4774.64829276,6,0.519303194471,0.731690673095,0.0865505324118,0.244410344215,0.0288821366471,0.243690935896,0.0289962952668,0.242994983557,0.028672100498
588,4801.93199729,6,0.519187121601,0.731791739242,0.0865311869335,0.244764387432,0.0289420230717,0.243445079754,0.02896322808,0.242987862968,0.0286259357818
588.5,4829.21570182,6,0.519250013585,0.732033277283,0.0865416689308,0.244937080528,0.0290083897932,0.243116641112,0.0288403271057,0.243385148274,0.0286929520319
589,4856.49940635,6,0.519146656752,0.731844225689,0.086524442792,0.244466540278,0.0290092432242,0.243067124548,0.0287670201911,0.243716164755,0.0287481793766
589.5,4883.78311088,6,0.519557445831,0.731945122895,0.0865929076385,0.243962977111,0.0290197246043,0.243057939633,0.0287066581031,0.244329816378,0.0288665249311
590,4911.06681541,6,0.519151526251,0.731736587535,0.0865252543751,0.243441746059,0.02895742364,0.243135414032,0.0286780561839,0.244565032075,0.0288897745512
590.5,4938.35051994,6,0.519453369577,0.732087971425,0.0865755615961,0.243342059743,0.0289206871543,0.243220945688,0.0286711651765,0.244930552469,0.0289837092654
591,4965.63422447,6,0.519435487276,0.73208684847,0.0865725812126,0.243171484963,0.0288170072699,0.243552006786,0.0287188836593,0.244768942041,0.0290366902835
591.5,4992.917929,6,0.519350259303,0.731844665466,0.0865583765506,0.243087979209,0.0287387226969,0.243933906723,0.0287834352381,0.244228383981,0.0290362186156
592,5020.20163353,6,0.519124600926,0.731713155294,0.086520766821,0.242983382616,0.0286567135742,0.244562596135,0.0288882651905,0.243572798035,0.0289757880563
592.5,5047.48533806,6,0.51898784227,0.73177935164,0.0864979737116,0.243039781578,0.0286291259224,0.244875667494,0.0289610809193,0.243269522426,0.02890776687
593,5074.76904259,6,0.519647231625,0.732263701444,0.0866078719375,0.243455219148,0.0287035950191,0.244896254312,0.0290142766574,0.243317833376,0.0288900002609
593.5,5102.05274712,6,0.519437300018,0.731996382229,0.0865728833364,0.243906675174,0.0287858660909,0.244409753032,0.0290243708456,0.243085557828,0.0287626463999
594,5129.33645165,6,0.519063995451,0.731596633841,0.0865106659084,0.244179299946,0.0288199360285,0.243821041803,0.0290065060808,0.24300190058,0.0286842237991
594.5,5156.62015618,6,0.519186192993,0.731804518135,0.0865310321654,0.24474488215,0.0289294609326,0.243435736265,0.0289560876364,0.243029507558,0.0286454835965
595,5183.90386071,6,0.519575509637,0.732237085854,0.0865959182728,0.244966149759,0.029003266771,0.243382496139,0.0289143142607,0.243294049821,0.028678337241
595.5,5211.18756524,6,0.519483110526,0.732078597851,0.0865805184211,0.244576878093,0.0290100878067,0.243257099554,0.028831761484,0.243650243313,0.0287386691304
596,5238.47126977,6,0.519380948629,0.731839372283,0.0865634914382,0.244050555177,0.0290146277483,0.243020945329,0.0287105699598,0.24417350562,0.0288382937301
596.5,5265.7549743,6,0.519322591579,0.731796922361,0.0865537652632,0.243566698898,0.0289837756913,0.243056289688,0.0286621637881,0.244579563276,0.0289078257838
597,5293.03867883,6,0.519163553442,0.73189867376,0.086527258907,0.243270706139,0.0289025207808,0.243134629724,0.0286544481072,0.244898950513,0.028970290019
597.5,5320.32238336,6,0.519447977247,0.732152491673,0.0865746628745,0.24320474687,0.0288314925157,0.243504868284,0.0287147394389,0.244848481225,0.0290284309199
598,5347.60608789,6,0.519693632847,0.732086025467,0.0866156054746,0.243102666032,0.0287549019378,0.243959886534,0.0287970390482,0.244429094605,0.0290636644885
598.5,5374.88979242,6,0.519247266663,0.731667290173,0.0865412111105,0.242987129977,0.0286693192185,0.244409495497,0.028878952148,0.243676308323,0.028992939744
599,5402.17349695,6,0.51916764165,0.731782460093,0.086527940275,0.242986489415,0.0286250598581,0.244766304589,0.0289416170528,0.243435309518,0.0289612633641
599.5,5429.45720148,6,0.519222854074,0.7320175583,0.0865371423457,0.243383116636,0.0286921335697,0.244930751775,0.0290067788799,0.2431093191,0.0288382298961
600,5456.74090601,6,0.519126343942,0.731830396104,0.0865210573237,0.243711942405,0.028746724054,0.244457295266,0.0290078907307,0.243066780389,0.0287664425389
600.5,5484.02461054,6,0.519530942836,0.73192351575,0.0865884904727,0.244330428604,0.0288670737376,0.243950486195,0.0290176370753,0.243048222913,0.0287037796598
601,5511.30831507,6,0.519153166468,0.731739052403,0.0865255277446,0.244575063989,0.0288919585027,0.243436477105,0.0289562771954,0.243133137994,0.0286772920466
601.5,5538.5920196,6,0.519414425011,0.732066258102,0.0865690708351,0.244924240844,0.0289825339755,0.243330915219,0.0289169857252,0.243216728867,0.0286695511344
602,5565.87572413,6,0.519427705027,0.732080031068,0.0865712841711,0.24475986055,0.0290356300235,0.243172784421,0.0288168854485,0.24355302144,0.0287187686991
602.5,5593.15942866,6,0.519319710668,0.731825074376,0.0865532851113,0.244213311916,0.0290334905008,0.243080143632,0.0287358845073,0.243937266033,0.0287839101031
603,5620.44313319,6,0.51910660195,0.73170241416,0.0865177669916,0.243572711312,0.0289764805767,0.242981574359,0.0286554707018,0.244553773759,0.0288858157131
603.5,5647.72683772,6,0.51897817083,0.731775053037,0.0864963618051,0.243268631258,0.0289076094341,0.243039491976,0.0286287677488,0.24487255831,0.0289599846222
604,5675.01054225,6,0.519602703482,0.732238744449,0.0866004505803,0.243301602327,0.0288842044177,0.243453897238,0.0287030056613,0.244888859975,0.0290132405014
604.5,5702.29424678,6,0.519458546296,0.732006464149,0.0865764243827,0.243084693681,0.028761963669,0.243919034109,0.0287890923171,0.244408365379,0.0290253683966
605,5729.57795131,6,0.519038342223,0.731578078089,0.0865063903705,0.242996424731,0.0286825411055,0.244177289731,0.0288190552757,0.243810014143,0.0290047939894
605.5,5756.86165584,6,0.519144867426,0.731783051173,0.086524144571,0.243019779065,0.0286425853665,0.244741558251,0.0289279154523,0.24342736675,0.0289536437521
606,5784.14536037,6,0.519539506628,0.732215188931,0.0865899177714,0.243289859047,0.028676421031,0.244961207737,0.0290022170482,0.243369763501,0.0289112796922
606.5,5811.4290649,6,0.519449507354,0.732060935374,0.0865749178923,0.243657921245,0.0287402616673,0.244566567772,0.0290082485685,0.243242081635,0.0288264076565
607,5838.71276943,6,0.519378240002,0.731835674962,0.0865630400004,0.244177931283,0.0288393892939,0.244041108498,0.0290132266008,0.243022271811,0.0287104241057
607.5,5865.99647396,6,0.519301865925,0.731781497528,0.0865503109874,0.244573975296,0.0289069667198,0.243557428042,0.0289816597544,0.243055734284,0.0286616845132
608,5893.28017849,6,0.519145773085,0.731887466687,0.0865242955142,0.244896091237,0.0289704516923,0.243263730646,0.0288999831158,0.243133285922,0.0286538607061
608.5,5920.56388302,6,0.51942615746,0.732136640327,0.0865710262433,0.244840744518,0.0290277066945,0.243198060258,0.0288295320724,0.243503481436,0.0287137874764
609,5947.84758755,6,0.519650541927,0.732058523868,0.0866084236545,0.244417804889,0.0290617946527,0.243097229099,0.0287529231968,0.243949148839,0.0287937058051
609.5,5975.13129208,6,0.519202317841,0.731650789471,0.0865337196402,0.243664062695,0.0289901742049,0.242981832086,0.0286673216708,0.244410557761,0.0288762237645
610,6002.41499661,6,0.519152175471,0.731775759742,0.0865253625785,0.243422668114,0.028958441241,0.24298622692,0.0286245914335,0.2447725106,0.0289423299039
610.5,6029.69870114,6,0.519203551915,0.732007022294,0.0865339253191,0.24310435888,0.0288366958736,0.243382854317,0.0286918172283,0.244925438302,0.0290054122172
611,6056.98240567,6,0.519117224751,0.731823256004,0.0865195374585,0.243067864956,0.0287661857459,0.243710550622,0.0287461883049,0.244450476157,0.0290071634077
611.5,6084.2661102,6,0.519506655292,0.731903100425,0.0865844425487,0.243040221272,0.0287013089332,0.244328436114,0.0288670554215,0.243940096664,0.0290160781939
612,6111.54981473,6,0.519163486377,0.731746275987,0.0865272477294,0.243132490708,0.0286769439406,0.244586293399,0.0288946403629,0.24343315663,0.028955663426
612.5,6138.83351926,6,0.519375479872,0.732046503537,0.0865625799787,0.243214252553,0.0286683728175,0.244920357989,0.0289819085133,0.243317547601,0.028912298648
613,6166.11722379,6,0.519431737279,0.732081516594,0.0865719562132,0.243555761302,0.0287191815396,0.244750008036,0.0290342697757,0.243181391114,0.0288185048979
613.5,6193.40092832,6,0.519298220784,0.731811185847,0.086549703464,0.243942359246,0.0287848808338,0.244200522204,0.029031335627,0.243073948201,0.0287334870033
614,6220.68463285,6,0.519100470688,0.731698831297,0.0865167451146,0.244547231188,0.0288840430422,0.243575618472,0.0289780029204,0.242981628109,0.0286546991521
614.5,6247.96833738,6,0.518972517451,0.731771746661,0.0864954195751,0.244868039933,0.0289587915504,0.243268354015,0.0289077588,0.243040999756,0.0286288692247
615,6275.25204191,6,0.519558485107,0.732214543648,0.0865930808512,0.244883508871,0.0290128556755,0.243282292771,0.0288773289465,0.243454390763,0.0287028962291
615.5,6302.53574644,6,0.519489081674,0.732021885447,0.0865815136124,0.244409391689,0.0290270933752,0.24308625748,0.0287618209568,0.243931898577,0.0287925992804
616,6329.81945097,6,0.519027567177,0.731567718979,0.0865045945295,0.243805053252,0.0290048186781,0.242992618017,0.0286813252878,0.244175716121,0.0288184505636
616.5,6357.1031555,6,0.519112903048,0.731766558469,0.0865188171746,0.243421014513,0.0289518209911,0.243011727617,0.0286401112242,0.244739468781,0.0289268849594
617,6384.38686003,6,0.519508823464,0.732197061407,0.0865848039107,0.243355917909,0.0289078479156,0.243287695534,0.0286750146945,0.244959082968,0.0290019413006
617.5,6411.67056456,6,0.519418661292,0.732043693097,0.0865697768821,0.243225333497,0.028820776207,0.243665829082,0.0287419697712,0.244558170608,0.029007030904
618,6438.95426909,6,0.519380456353,0.731836700812,0.0865634093922,0.243025200846,0.0287105523616,0.244183214977,0.028840397602,0.244033944763,0.0290124594286
618.5,6466.23797362,6,0.519296083406,0.73177389743,0.0865493472343,0.243056491672,0.0286615971821,0.244573339934,0.0289076939554,0.243549738932,0.0289800560968
619,6493.52167815,6,0.519140073405,0.731882329886,0.0865233455675,0.243134341742,0.0286539555793,0.244893409518,0.0289709841526,0.243260245368,0.0288984058356
619.5,6520.80538268,6,0.519408179267,0.732123555269,0.0865680298778,0.243504520364,0.0287134779604,0.244835171656,0.0290276655306,0.243189516239,0.0288268863868
620,6548.08908721,6,0.519605799082,0.732031463749,0.0866009665137,0.243934360941,0.0287889649476,0.244407041485,0.0290600873823,0.243095712858,0.0287519141838
620.5,6575.37279174,6,0.519166065964,0.731640835976,0.0865276776606,0.244414216984,0.028873961772,0.243654676688,0.0289880964972,0.242977599008,0.0286656193914
621,6602.65649627,6,0.519134718393,0.731769477387,0.0865224530656,0.244779882605,0.0289434172041,0.243407713345,0.0289545337543,0.242987536904,0.0286245021072
621.5,6629.9402008,6,0.519194485018,0.732003286108,0.0865324141696,0.244922442779,0.0290047491387,0.243102489516,0.028835755261,0.243384009402,0.0286919097699
622,6657.22390533,6,0.519114784012,0.731820106699,0.0865191306686,0.244444246425,0.029006687531,0.243070394942,0.0287662765944,0.243711130827,0.0287461665433
622.5,6684.50760986,6,0.519485476415,0.731884305309,0.0865809127359,0.24393293509,0.0290154236071,0.243033582636,0.028699183415,0.244323457754,0.0288663057139
623,6711.79131439,6,0.519176037952,0.731753798619,0.0865293396586,0.243429884809,0.0289551804156,0.243132813759,0.0286768040903,0.24459676205,0.0288973551527
623.5,6739.07501892,6,0.51934079343,0.732030980608,0.0865567989051,0.243308375499,0.0289082111081,0.243212708511,0.0286674545127,0.244915539692,0.0289811332843
624,6766.35872345,6,0.519434061295,0.732082528832,0.0865723435492,0.24318982919,0.0288199054427,0.243557918838,0.0287193730403,0.244740421594,0.0290330650662
624.5,6793.64242798,6,0.519284708542,0.7318027559,0.0865474514237,0.243070747772,0.0287317300445,0.24394932073,0.0287863244956,0.244188346633,0.0290293968836
625,6820.92613251,6,0.519097354063,0.7316972654,0.0865162256771,0.24298262769,0.0286541665638,0.244541907243,0.0288826799386,0.24357840498,0.0289793791747
625.5,6848.20983704,6,0.518968390897,0.73176994611,0.0864947318162,0.243043708242,0.0286292493523,0.244862004005,0.0289571565845,0.243269905081,0.0289083258794
626,6875.49354157,6,0.519529038425,0.732198716068,0.0865881730708,0.243456555691,0.0287032400424,0.244880030427,0.0290130394245,0.243267785538,0.0288718936039
626.5,6902.7772461,6,0.519528152942,0.732041545025,0.0865880254904,0.243944627559,0.0287960181809,0.244411074344,0.0290290671801,0.243091495761,0.0287629401294
627,6930.06095063,6,0.519023418005,0.731561061592,0.0865039030008,0.244175167856,0.0288181365337,0.243802382104,0.029005497311,0.242989168698,0.0286802691561
627.5,6957.34465516,6,0.519087648943,0.731754286275,0.0865146081571,0.244738200222,0.028926129855,0.243416970992,0.0289505910262,0.243004770074,0.0286378872759
628,6984.62835969,6,0.519483804877,0.732182689667,0.0865806341462,0.244961049642,0.0290027470417,0.243338399291,0.0289033891729,0.243288896292,0.0286744979316
628.5,7011.91206422,6,0.519380856823,0.732022389795,0.0865634761372,0.244549417772,0.0290059114887,0.243208655322,0.0288151381782,0.243669983906,0.0287424264702
629,7039.19576875,6,0.519381707013,0.731839043701,0.0865636178355,0.244028710797,0.0290122939402,0.24302925385,0.0287109347528,0.244186755277,0.0288403891425
629.5,7066.47947328,6,0.519292952571,0.731769010329,0.0865488254285,0.243543828126,0.0289790948997,0.243059129256,0.0286619046167,0.244571723456,0.028907825912
630,7093.76317781,6,0.519139094083,0.73187920679,0.0865231823472,0.243255782495,0.0288968239183,0.243137578966,0.0286546594613,0.244891497556,0.0289716989676
630.5,7121.04688234,6,0.519400598818,0.732117488013,0.0865667664696,0.243185339844,0.0288253713724,0.243505150649,0.0287129946317,0.244832641397,0.0290284004655
631,7148.33058687,6,0.519566187025,0.732006799227,0.0865943645042,0.243093517764,0.0287508883563,0.243922348122,0.028784957987,0.244396593479,0.0290585181608
631.5,7175.6142914,6,0.519145482663,0.731639443359,0.0865242471104,0.2429732777,0.0286639394984,0.244423424499,0.0288732988987,0.243648421151,0.0289870087134
632,7202.89799593,6,0.519125810232,0.731767955029,0.0865209683719,0.24298979579,0.028624617207,0.244788682852,0.0289449885428,0.24339515492,0.0289513626221
632.5,7230.18170046,6,0.51919050975,0.732002702936,0.086531751625,0.243386387493,0.0286923248666,0.244920751887,0.0290044577606,0.243101226581,0.0288349689978
633,7257.46540499,6,0.51912056439,0.73182187295,0.086520094065,0.243715233138,0.0287470017272,0.244437598807,0.0290062431439,0.243074696189,0.028766849194
633.5,7284.74910952,6,0.519468472041,0.731867914847,0.0865780786735,0.244318328145,0.0288655634729,0.243926814761,0.0290150112953,0.243028426626,0.0286975039053
634,7312.03281405,6,0.519194146707,0.731765871384,0.0865323577846,0.244608710386,0.0289004662004,0.24342995251,0.0289553254455,0.243132866245,0.0286765661386
634.5,7339.31651858,6,0.519302117299,0.732014840768,0.0865503528832,0.244911133342,0.0289805241635,0.243297302608,0.0289030789584,0.243212062595,0.0286667497613
635,7366.60022311,6,0.519434068944,0.732084189326,0.0865723448241,0.244730386239,0.0290317121473,0.243198100911,0.0288207736149,0.24356136751,0.0287198590619
635.5,7393.88392764,6,0.519274758933,0.731797077491,0.0865457931555,0.24417751547,0.0290277567034,0.243068020344,0.0287301033568,0.243957218185,0.0287879330953
636,7421.16763217,6,0.519098024383,0.731698202371,0.0865163373971,0.243581561315,0.0289808289728,0.242984479954,0.0286538213676,0.244537834334,0.0288816870567
636.5,7448.4513367,6,0.51896084396,0.731766882632,0.0864934739933,0.243272591583,0.0289091177477,0.243047025678,0.0286297623805,0.244852921006,0.0289545938651
637,7475.73504123,6,0.519515509377,0.732192175914,0.0865859182295,0.24325482714,0.0288668023424,0.243464073613,0.0287051984514,0.244878917133,0.0290139174356
637.5,7503.01874576,6,0.519572811161,0.732063980968,0.0865954685268,0.243099572003,0.028764764322,0.243957487508,0.0287996153471,0.244412576908,0.0290310888577
638,7530.30245029,6,0.519022828392,0.731555873844,0.086503804732,0.242986012342,0.028679340741,0.244174789796,0.0288179225749,0.243800748773,0.029006541416
638.5,7557.58615482,6,0.519065251315,0.731743514582,0.0865108752191,0.242998179293,0.0286357472265,0.244737217853,0.0289254784528,0.243413795552,0.0289496495399
639,7584.86985935,6,0.519454450116,0.732165730414,0.0865757416861,0.243290533016,0.0286741432252,0.244964030068,0.0290039609663,0.243316832552,0.0288976374946
639.5,7612.15356388,6,0.519346218327,0.732002064937,0.0865577030545,0.243673441279,0.0287426761914,0.244540806205,0.029004890612,0.243193475434,0.0288101362512
640,7639.43726841,6,0.519378361215,0.731839094316,0.0865630602025,0.244189386531,0.0288399752227,0.244023475906,0.0290121536989,0.243031890238,0.0287109312809
640.5,7666.72097294,6,0.519298136948,0.731769065064,0.0865496894914,0.244570386478,0.028908100798,0.243542136731,0.0289793318191,0.243062203177,0.0286622568743
641,7694.00467747,6,0.519139638651,0.731878094211,0.0865232731084,0.244893994294,0.0289732663894,0.243248378644,0.0288945348862,0.243141382864,0.0286554718329
641.5,7721.288382,6,0.519400189693,0.732115695625,0.0865666982822,0.244830401666,0.0290292519702,0.243183942514,0.0288245300971,0.243507017504,0.028712916215
642,7748.57208653,6,0.519520492456,0.731978969861,0.0865867487427,0.244386344506,0.0290569605533,0.243087266487,0.0287485317059,0.243911037291,0.0287812564835
642.5,7775.85579106,6,0.519131798729,0.731642317211,0.0865219664549,0.243642427842,0.0289859921221,0.242972913129,0.0286632143984,0.244432656776,0.0288727599344
643,7803.13949559,6,0.519125868585,0.731772335423,0.0865209780975,0.243383738308,0.0289485468694,0.242992123881,0.0286247600597,0.244802136151,0.0289476711684
643.5,7830.42320012,6,0.519193997746,0.732005901775,0.0865323329576,0.243100103502,0.0288342209777,0.243389114958,0.0286927301098,0.244922329301,0.0290053818701
644,7857.70690465,6,0.519128537131,0.731825116135,0.0865214228551,0.243080497927,0.0287677176732,0.243720206723,0.0287480006455,0.244430064235,0.0290057045364
644.5,7884.99060918,6,0.519446733073,0.731849494652,0.0865744555122,0.24302520117,0.0286963403334,0.244309823341,0.0288637380179,0.243920140656,0.0290143771609
645,7912.27431371,6,0.519211068062,0.731778157599,0.0865351780104,0.243132412224,0.0286762043203,0.244620008434,0.0289032997125,0.243431416776,0.0289556739776
645.5,7939.55801824,6,0.51926064435,0.7319987853,0.0865434407249,0.243213525958,0.0286665361004,0.244903852696,0.0289787393269,0.243287076136,0.0288981652976
646,7966.84172277,6,0.519438961768,0.732089593436,0.0865731602947,0.243564787455,0.0287203592675,0.244722390068,0.0290307820836,0.243208074049,0.0288220189436
646.5,7994.1254273,6,0.519261444606,0.731789595315,0.086543574101,0.243964620528,0.0287893523687,0.244167203931,0.0290262043708,0.243063428928,0.0287280173614
647,8021.40913183,6,0.519097256966,0.731698381771,0.0865162094944,0.24453438153,0.0288808378444,0.243582461512,0.028981607337,0.242987199009,0.028653764313
647.5,8048.69283636,6,0.518955826566,0.731765293792,0.0864926377611,0.244845683266,0.0289524437365,0.243273839427,0.028909560475,0.243051431624,0.0286306335495
648,8075.97654089,6,0.519506344209,0.732189359519,0.0865843907014,0.244879782904,0.0290152307838,0.243240530944,0.0288612449431,0.243474707666,0.0287079149746
648.5,8103.26024542,6,0.519626139018,0.7320909416,0.086604356503,0.244414107029,0.0290331378961,0.243111121547,0.0287675854506,0.243971388146,0.0288036331563
649,8130.54394995,6,0.519025423969,0.731552494267,0.0865042373282,0.243799062586,0.0290075310857,0.242985280901,0.0286790669945,0.244173832236,0.028817639248
649.5,8157.82765448,6,0.519046354792,0.731735141551,0.0865077257987,0.243411705902,0.0289489920636,0.242992277236,0.0286337906188,0.244736823068,0.0289249431163
650,8185.11135901,6,0.519427513207,0.732149745074,0.0865712522012,0.24329503971,0.0288918326865,0.243293562426,0.028674265325,0.244966789671,0.0290051541896
650.5,8212.39506354,6,0.519306019889,0.731978895208,0.0865510033148,0.243176199692,0.0288043146342,0.243675994483,0.0287427763924,0.24453235236,0.0290039122881
651,8239.67876807,6,0.519356524956,0.731831210258,0.086559420826,0.243031189826,0.0287096922138,0.24418785161,0.0288378628566,0.244017839034,0.0290118657555
651.5,8266.9624726,6,0.519307441673,0.731773290714,0.0865512402789,0.24306556747,0.0286625888114,0.244572315483,0.0289089857082,0.243541090555,0.0289796657593
652,8294.24617713,6,0.519144612159,0.731879361412,0.0865241020264,0.243144460009,0.0286560066088,0.244894366811,0.0289742365447,0.243246210142,0.0288938588729
652.5,8321.52988166,6,0.519399192157,0.732113064454,0.0865665320262,0.243508674231,0.028712728086,0.244828323431,0.0290301395618,0.243181728468,0.0288236643784
653,8348.81358619,6,0.519472980052,0.731948185808,0.0865788300086,0.243896699149,0.028777248062,0.244376290354,0.0290554462381,0.243080856502,0.0287461357084
653.5,8376.09729072,6,0.519123087391,0.731647216,0.0865205145651,0.24444359207,0.0288730018127,0.243636413225,0.0289849391069,0.242972874758,0.0286625736455
654,8403.38099525,6,0.519123063195,0.731774675084,0.0865205105325,0.244813465663,0.0289498771927,0.243372364017,0.0289457252039,0.242994508497,0.0286249081359
654.5,8430.66469978,6,0.51919975179,0.732010425957,0.086533291965,0.244923980205,0.0290063435328,0.243099075958,0.0288334737774,0.24339303297,0.0286934746547
655,8457.94840431,6,0.519135242631,0.73182811973,0.0865225404385,0.244422594938,0.0290051735106,0.243085760451,0.0287683036311,0.243725437477,0.0287490632968
655.5,8485.23210884,6,0.519420760694,0.731830157069,0.0865701267824,0.243913575184,0.0290137452685,0.243023308261,0.0286954536681,0.244298951256,0.0288609278458
656,8512.51581337,6,0.519221865024,0.731786679938,0.0865369775041,0.243429872661,0.0289553961935,0.243131321545,0.0286756901857,0.244631153673,0.0289058911249
656.5,8539.7995179,6,0.519230738731,0.731989606263,0.0865384564551,0.243277990943,0.0288936179273,0.243217875923,0.0286671138107,0.244899388935,0.0289777247171
657,8567.08322243,6,0.519461090056,0.732104098202,0.0865768483426,0.243224106736,0.0288252221281,0.243571630216,0.0287219154367,0.244714008716,0.0290297107778
657.5,8594.36692696,6,0.519248606539,0.731781056803,0.0865414344232,0.24305594671,0.0287253863927,0.243971216112,0.0287906182945,0.24415956033,0.0290254297359
658,8621.65063149,6,0.519093598245,0.731696625419,0.0865155997075,0.24299107595,0.0286539301142,0.244529582321,0.0288797942651,0.243581648149,0.0289818753282
658.5,8648.93433602,6,0.518957609334,0.731767801784,0.086492934889,0.24305503053,0.0286314501286,0.244843357419,0.0289514994897,0.243275090843,0.0289099852708
659,8676.21804055,6,0.519495087129,0.732185333927,0.0865825145215,0.243485407487,0.0287106508463,0.244880186662,0.0290164855615,0.243225400959,0.0288553781137
659.5,8703.50174508,6,0.519684735572,0.73212120688,0.0866141225953,0.243989638639,0.0288091092756,0.244415905131,0.0290352616608,0.243121321548,0.0287697516588
660,8730.78544961,6,0.519028144252,0.731549516928,0.0865046907086,0.244170936299,0.028817033297,0.243796243199,0.0290081153826,0.242988001379,0.0286795420291
660.5,8758.06915414,6,0.519030963584,0.731728804626,0.0865051605973,0.244734710864,0.0289238761437,0.243412378086,0.0289491258318,0.242987377328,0.0286321586217
661,8785.35285867,6,0.519402199029,0.732134347023,0.0865670331715,0.244970455048,0.0290066424528,0.243273123509,0.0288860302435,0.243296430323,0.0286743604752
661.5,8812.6365632,6,0.519265348663,0.731954985796,0.0865442247772,0.244523860233,0.0290029662543,0.243159496723,0.0287986846024,0.243677301502,0.0287425739205
662,8839.92026773,6,0.519332726399,0.731822494737,0.0865554543998,0.24401231857,0.0290116050897,0.243031061363,0.0287085666425,0.244184795392,0.0288352826676
662.5,8867.20397226,6,0.519317312538,0.731778819156,0.0865528854229,0.243538698143,0.0289796056906,0.243068692215,0.028662869168,0.24457710295,0.0289104105644
663,8894.48767679,6,0.519148941252,0.731881536175,0.086524823542,0.243247934709,0.0288943711389,0.243146878918,0.0286563194208,0.24489237825,0.0289741329822
663.5,8921.77138132,6,0.51939665693,0.732110275391,0.0865661094883,0.243178074143,0.0288225170723,0.243511567211,0.0287127834636,0.244826282007,0.0290308089524
664,8949.05508585,6,0.519422833443,0.731916414769,0.0865704722406,0.243076173265,0.0287445361111,0.243879616093,0.0287720668208,0.244366289951,0.0290538693087
664.5,8976.33879038,6,0.519127115967,0.73165801285,0.0865211859945,0.242971484511,0.0286616488909,0.244459538118,0.0288750374478,0.243632673058,0.0289844996557
665,9003.62249491,6,0.519113659126,0.731772254675,0.0865189431877,0.242996901824,0.0286250353898,0.244820551004,0.0289511625353,0.243360483272,0.0289427452627
665.5,9030.90619944,6,0.519200023029,0.732012607392,0.0865333371716,0.243395329072,0.0286936485936,0.244924805795,0.029006983276,0.243098138283,0.028832705302
666,9058.18990397,6,0.519138089384,0.731830159195,0.0865230148974,0.243731235781,0.0287500712487,0.244415206903,0.029004610396,0.24308937483,0.0287683332527
666.5,9085.4736085,6,0.519379687894,0.731803069874,0.0865632813156,0.244280190654,0.0288557497343,0.243906948562,0.0290130167024,0.243021588956,0.0286945148789
667,9112.75731303,6,0.519234899803,0.731796071306,0.0865391499671,0.244644091181,0.0289088924513,0.243426152762,0.0289546469514,0.243131487644,0.0286756105644
667.5,9140.04101756,6,0.519222721714,0.731991477851,0.0865371202857,0.244894950508,0.0289766330876,0.243277729815,0.0288920519931,0.243224458376,0.028668435205
668,9167.32472209,6,0.51948289448,0.732116213564,0.0865804824133,0.244704860807,0.0290281894796,0.243241897765,0.0288297324531,0.243575123579,0.0287225604806
668.5,9194.60842662,6,0.519233692456,0.73177026805,0.0865389487427,0.244152408696,0.0290247206716,0.243044153656,0.0287219405751,0.243979385668,0.028792287496
669,9221.89213115,6,0.519096441683,0.731697846911,0.0865160736139,0.243581157169,0.0289822278927,0.242995557429,0.0286543483541,0.244526808337,0.0288794973671
669.5,9249.17583568,6,0.518958593575,0.731769655874,0.0864930989291,0.243275423131,0.0289100841322,0.243058082268,0.0286321728797,0.244841808642,0.0289508419172
670,9276.45954021,6,0.519486547167,0.732183543274,0.0865810911946,0.243213382693,0.0288502992855,0.243495667013,0.0287132699748,0.244880138627,0.0290175219342
670.5,9303.74324474,6,0.519736210843,0.73214802692,0.0866227018072,0.243129653396,0.0287713756105,0.244005105292,0.0288136447246,0.244418927428,0.0290376814721
671,9331.02694927,6,0.519022885958,0.731543437419,0.0865038143264,0.242988980296,0.0286793912834,0.244169216822,0.0288165785776,0.243790922155,0.0290078444654
671.5,9358.3106538,6,0.519006422364,0.731716895073,0.0865010703939,0.242982892052,0.0286306053725,0.244733086355,0.0289230053889,0.243406598908,0.0289474596325
672,9385.59435833,6,0.519376982114,0.732119105699,0.0865628303523,0.243299738304,0.0286746236424,0.244971837134,0.0290075440956,0.243253198956,0.0288806626143
672.5,9412.87806286,6,0.519232698243,0.731934961268,0.0865387830405,0.24367968168,0.0287426508492,0.244518669631,0.0290030732415,0.243142270779,0.0287930589498
673,9440.16176739,6,0.519311577202,0.731815645342,0.0865519295337,0.244181294884,0.028832631042,0.244005917593,0.0290111846999,0.243034093552,0.0287081137917
673.5,9467.44547192,6,0.519319226631,0.731781274503,0.0865532044384,0.244581530501,0.0289113326377,0.243533993586,0.028978874629,0.243071413864,0.0286629971718
674,9494.72917645,6,0.519157951359,0.731886443647,0.0865263252265,0.244890954157,0.0289738694999,0.243250757932,0.0288954497496,0.243150395264,0.028657005977
674.5,9522.01288098,6,0.519395597851,0.732108299258,0.0865659329751,0.244824515795,0.0290314857978,0.24317529995,0.0288215988862,0.243514152079,0.0287128482911
675,9549.29658551,6,0.51938260713,0.731889869528,0.0865637678549,0.244356964209,0.0290523851813,0.243072113386,0.0287431555221,0.243866472711,0.0287682271515
675.5,9576.58029004,6,0.51913910277,0.731672393273,0.086523183795,0.243629711888,0.0289842789241,0.242971225123,0.0286609859747,0.244477137473,0.0288779188962
676,9603.86399457,6,0.519086619986,0.731760517087,0.0865144366644,0.243342353434,0.0289375863376,0.242999568021,0.0286251838537,0.244824259741,0.0289516664731
676.5,9631.1476991,6,0.519198189105,0.732014752248,0.0865330315175,0.243099850371,0.0288323112164,0.243397088386,0.0286936525108,0.244923460936,0.0290070677903
677,9658.43140363,6,0.519137082668,0.731830172215,0.0865228471114,0.243092662354,0.0287682818711,0.243735086885,0.0287505167666,0.244408077965,0.0290040484737
677.5,9685.71510816,6,0.519325134651,0.731769494854,0.0865541891084,0.243020180643,0.0286935023554,0.24425420797,0.0288483190187,0.243900779357,0.0290123677343
678,9712.99881269,6,0.519246446156,0.731804430466,0.0865410743594,0.243129251117,0.0286749898323,0.24465738013,0.028911919309,0.243423479955,0.0289541652181
678.5,9740.28251722,6,0.519223695417,0.731998016578,0.0865372825695,0.243231345785,0.0286698299294,0.244893062619,0.0289764756281,0.243279278669,0.028890977012
679,9767.56622175,6,0.519500855721,0.732124135163,0.0865834759535,0.243576880897,0.0287227272123,0.24469540359,0.0290266091884,0.243257510369,0.0288341395528
679.5,9794.84992628,6,0.519215993267,0.731757219804,0.0865359988778,0.243986884295,0.0287936088776,0.244144434326,0.029023838898,0.243031561504,0.0287185511022
680,9822.13363081,6,0.519112180259,0.73170634217,0.0865186967099,0.244530255431,0.0288809925043,0.243581336892,0.028982773839,0.243000412226,0.0286549303666
680.5,9849.41733534,6,0.518965602223,0.731774632238,0.0864942670371,0.244841651745,0.0289506644477,0.243276508207,0.0289103225801,0.243062134944,0.0286332800093
681,9876.70103987,6,0.519482851307,0.732184149018,0.0865804752179,0.244880160544,0.02901854985,0.243204150154,0.0288461280086,0.243505502878,0.0287157973593
681.5,9903.9847444,6,0.519767205497,0.732163488859,0.0866278675828,0.244423187396,0.0290404018654,0.243132429442,0.0287714308712,0.244013549946,0.0288160348462
682,9931.26844893,6,0.519022547702,0.731540693499,0.0865037579504,0.243785477699,0.0290075094695,0.24299090102,0.0286795601975,0.244169999722,0.0288166882834
682.5,9958.55215346,6,0.518998943435,0.731712480773,0.0864998239058,0.243405944862,0.0289474124226,0.242977554499,0.0286289081061,0.244734649134,0.0289235033771
683,9985.83585799,6,0.519351550335,0.732103404271,0.0865585917225,0.243235237287,0.0288758528013,0.243302889962,0.0286748614964,0.244970926739,0.0290078774248
683.5,10013.1195625,6,0.519206121099,0.731918591468,0.0865343535164,0.243127885097,0.0287883070772,0.243682910449,0.0287430100663,0.244513450075,0.029003036373
684,10040.4032671,6,0.519290434274,0.731807368124,0.0865484057123,0.2430370371,0.0287078320786,0.244177374854,0.0288301319021,0.243998628793,0.0290104417316
684.5,10067.6869716,6,0.519320768916,0.731784290101,0.0865534614859,0.243073672968,0.0286630470462,0.24458569373,0.0289119337114,0.243530608038,0.0289784807283
685,10094.9706761,6,0.519178401907,0.731897719685,0.0865297336512,0.243156672477,0.0286583924417,0.244889727777,0.0289736515187,0.243256996331,0.0288976896907
685.5,10122.2543806,6,0.519393381184,0.732104912637,0.0865655635307,0.243516478074,0.0287129983856,0.244822429692,0.0290320580268,0.243171668373,0.0288205071183
686,10149.5380852,6,0.519358442126,0.731872025916,0.0865597403544,0.243860019375,0.028766558783,0.24434727658,0.0290507631326,0.243070392198,0.0287424184387
686.5,10176.8217897,6,0.519147977426,0.731684757659,0.0865246629043,0.24449365496,0.0288805535724,0.243626775541,0.028984028888,0.242969992297,0.0286600804439
687,10204.1054942,6,0.519047759885,0.73174334623,0.0865079599809,0.244825548222,0.0289513392727,0.243321398492,0.0289313376201,0.243002064567,0.0286252830882
687.5,10231.3891988,6,0.519193638987,0.7320147023,0.0865322731645,0.24492216829,0.0290071672642,0.24310143659,0.0288318989988,0.243396762398,0.0286932069015
688,10258.6729033,6,0.519134529652,0.731828948617,0.0865224216087,0.244401699582,0.0290035950874,0.24309310581,0.0287676542348,0.243739818381,0.0287511722866
688.5,10285.9566078,6,0.519268014933,0.731735219625,0.0865446691555,0.243893220938,0.0290112280872,0.243018243215,0.0286922355703,0.244229435075,0.0288412054981
689,10313.2403124,6,0.519259798982,0.731814652467,0.0865432998303,0.243424320473,0.0289544900874,0.243126536401,0.0286741891076,0.244669463732,0.0289146206352
689.5,10340.5240169,6,0.51923987622,0.732012260187,0.08653997937,0.243288675888,0.0288924849853,0.243236824707,0.0286707886682,0.244892409949,0.0289767057165
690,10367.8077214,6,0.519514927894,0.732128228864,0.0865858213157,0.243269123208,0.0288379388255,0.243579066594,0.0287229948754,0.244685688642,0.0290248876148
690.5,10395.0914259,6,0.519199537051,0.731745378324,0.0865332561751,0.243021688656,0.0287158146832,0.243993672349,0.0287947306151,0.244135686374,0.0290227108768
691,10422.3751305,6,0.519125866455,0.731713632711,0.0865209777425,0.243002964136,0.0286549001966,0.244535670651,0.0288830726539,0.243580681101,0.028983004892
691.5,10449.658835,6,0.518981566489,0.731784807051,0.0864969277481,0.243067197515,0.0286346815163,0.244845181189,0.0289515824414,0.243278107204,0.0289106637903
692,10476.9425395,6,0.519481836813,0.73218534897,0.0865803061355,0.243513933062,0.0287181136658,0.244880457155,0.0290196237986,0.243196622173,0.0288425686711
692.5,10504.2262441,6,0.519798279698,0.732178463989,0.0866330466163,0.244019229975,0.0288176566683,0.24442736628,0.029043061924,0.243137529003,0.028772328024
693,10531.5099486,6,0.519034704105,0.731541816014,0.0865057840176,0.244179209571,0.0288198912613,0.243776187024,0.0290062955437,0.242992087204,0.0286795972126
693.5,10558.7936531,6,0.518997396103,0.731707985348,0.0864995660172,0.244734771368,0.0289245787277,0.243406878504,0.0289478249899,0.242972000857,0.0286271622996
694,10586.0773577,6,0.519330561052,0.732089707568,0.0865550935087,0.244969922036,0.0290082898855,0.243219418599,0.0288716782971,0.243306032274,0.0286751253261
694.5,10613.3610622,6,0.519185537641,0.731904918109,0.0865309229402,0.244508367951,0.0290030023783,0.243114294547,0.0287839595028,0.243687931186,0.0287439610591
695,10640.6447667,6,0.5192689524,0.731798223281,0.0865448254001,0.243990767245,0.0290094613088,0.24303881775,0.0287073594233,0.244174321095,0.028828004668
695.5,10667.9284712,6,0.519318455034,0.731787013477,0.0865530758391,0.243525277228,0.0289773677754,0.243078141794,0.0286637861761,0.244589270302,0.0289119218876
696,10695.2121758,6,0.519201860097,0.731912581552,0.0865336433495,0.24326574892,0.0289004272302,0.243162083801,0.0286595250545,0.24489040611,0.0289736910647
696.5,10722.4958803,6,0.519379528299,0.732094206108,0.0865632547165,0.243166916422,0.0288192072266,0.243515323412,0.0287122853339,0.244817616925,0.0290317621559
697,10749.7795848,6,0.519340855396,0.731858844108,0.0865568092327,0.243072043767,0.0287424890999,0.24385364843,0.0287649212941,0.24433881936,0.0290493988387
697.5,10777.0632894,6,0.519159312064,0.731697874026,0.0865265520106,0.24296929408,0.0286595823201,0.244510572422,0.0288832579224,0.243623692262,0.0289837117682
698,10804.3469939,6,0.519025412697,0.731734713348,0.0865042354495,0.243002837843,0.0286251011546,0.244830039611,0.0289522144021,0.243307519601,0.0289269198928
698.5,10831.6306984,6,0.519201655791,0.732018193578,0.0865336092985,0.24339406941,0.0286922167105,0.244920088771,0.0290073761996,0.243109702965,0.0288340163884
699,10858.914403,6,0.519132834562,0.731827444876,0.0865221390937,0.243746528412,0.0287522587556,0.24439499045,0.0290030661736,0.243091586527,0.0287668141646
699.5,10886.1981075,6,0.519223978531,0.731708168924,0.0865373297552,0.244205848579,0.0288344207816,0.243888248669,0.0290108962504,0.243019732536,0.0286920127233
700,10913.481812,6,0.519266933766,0.731820638948,0.0865444889611,0.244679101189,0.0289166537984,0.243424836397,0.0289547417282,0.243122362793,0.0286730934345
700.5,10940.7655165,6,0.519258658758,0.732028840353,0.086543109793,0.244891918219,0.028976829457,0.243300704628,0.0288946334472,0.243241880028,0.0286716468888
701,10968.0492211,6,0.519515085807,0.732125937008,0.0865858476346,0.244676092779,0.0290231374759,0.243275109569,0.0288398065004,0.243580405955,0.0287229036583
701.5,10995.3329256,6,0.519185370083,0.731736926803,0.0865308950138,0.244126928363,0.0290215418517,0.243014767503,0.0287134795743,0.244000913577,0.0287958735878
702,11022.6166301,6,0.519142329401,0.731722592365,0.0865237215668,0.243579608744,0.0289831043458,0.243003738083,0.0286543442225,0.244544923629,0.0288862729984
702.5,11049.9003347,6,0.518996672913,0.731794535881,0.0864994454856,0.243279432529,0.0289108710318,0.243073028071,0.0286363302277,0.244847735621,0.028952244226
703,11077.1840392,6,0.519483465669,0.732187126054,0.0865805776116,0.243191507384,0.0288399539221,0.24352030628,0.0287199827583,0.244880960611,0.0290206409312
703.5,11104.4677437,6,0.519827856535,0.732191543178,0.0866379760892,0.243142272882,0.0287732676455,0.244023118523,0.0288188860404,0.244431814942,0.0290458224033
704,11131.7514483,6,0.519047332786,0.731542724227,0.0865078887976,0.242991929634,0.0286792280669,0.244189070006,0.0288234712795,0.243767410971,0.0290051894513
704.5,11159.0351528,6,0.519002267896,0.73170693526,0.0865003779827,0.242966474476,0.0286254033847,0.244734427901,0.0289254397004,0.243411719084,0.0289495348976
705,11186.3188573,6,0.519310282454,0.732076269114,0.0865517137423,0.243309201583,0.0286753550114,0.24496855944,0.0290084860121,0.243204180278,0.0288678727187
705.5,11213.6025618,6,0.519138023647,0.731874464838,0.0865230039412,0.243688283749,0.0287435011403,0.244503954963,0.0290031260639,0.243087890006,0.028776376737
706,11240.8862664,6,0.519253804918,0.731794296896,0.0865423008197,0.244173377704,0.0288263017397,0.243982606588,0.0290084264625,0.243043975908,0.0287075726176
706.5,11268.1699709,6,0.519310786057,0.731787202508,0.0865517976761,0.244593395835,0.0289118981132,0.243518026914,0.028975531951,0.243081445756,0.0286643676119
707,11295.4536754,6,0.519232209789,0.731931712411,0.0865387016315,0.244892005143,0.028973954689,0.243277890805,0.0289040788991,0.243167482633,0.0286606680435
707.5,11322.73738,6,0.519362016908,0.732080592831,0.0865603361513,0.244811805835,0.029031267318,0.243161059597,0.0288176016753,0.243513399308,0.028711467158
708,11350.0210845,6,0.519331424907,0.73185075344,0.0865552374845,0.244331950338,0.0290485698578,0.243073915901,0.0287426121884,0.243850570907,0.0287640554383
708.5,11377.304789,6,0.519162099233,0.731704237269,0.0865270165388,0.243619855003,0.0289832407783,0.242968909696,0.0286591388736,0.244521155768,0.0288846368869
709,11404.5884936,6,0.519000593025,0.731723796728,0.0865000988374,0.243291335292,0.0289220480713,0.243003815693,0.0286249817848,0.244834312333,0.0289530689814
709.5,11431.8721981,6,0.519228087905,0.732033172425,0.0865380146508,0.243120756623,0.0288370496241,0.24339850003,0.0286929347548,0.244919565706,0.0290080302719
710,11459.1559026,6,0.51913159862,0.731825912348,0.0865219331033,0.243089716711,0.0287659207295,0.24375270409,0.0287532738341,0.244389149868,0.0290027385397
710.5,11486.4396071,6,0.519177169323,0.731681303438,0.0865295282205,0.243017820494,0.0286906532825,0.244187568733,0.0288289205652,0.243881590854,0.0290099543728
711,11513.7233117,6,0.519264195468,0.73182068328,0.086544032578,0.243118151275,0.0286718798792,0.244685093026,0.0289177520169,0.243423121464,0.0289544006819
711.5,11541.0070162,6,0.519284429561,0.732048795349,0.0865474049268,0.243246785329,0.0286724586392,0.244892964577,0.0289773427741,0.243314717684,0.0288976035135
712,11568.2907207,6,0.519517259298,0.732124375276,0.0865862098829,0.243583041211,0.0287231687122,0.244665888617,0.0290211777514,0.243281108073,0.0288418634194
712.5,11595.5744253,6,0.519173302912,0.731729367064,0.0865288838187,0.244007165034,0.0287966987712,0.244118453945,0.0290204033758,0.243009411603,0.0287117816716
713,11622.8581298,6,0.519169544158,0.731737327407,0.0865282573596,0.244559492556,0.0288910090175,0.243579276836,0.0289834081469,0.243004223451,0.0286538401952
713.5,11650.1418343,6,0.519006202548,0.731800939825,0.086501033758,0.244848368139,0.0289524078508,0.243279746227,0.028910721847,0.243078491481,0.0286379040602
714,11677.4255389,6,0.519498420618,0.732196197602,0.086583070103,0.244882656913,0.0290220366422,0.243192559012,0.0288391878727,0.24352665029,0.0287218455881
714.5,11704.7092434,6,0.519851290831,0.732199436099,0.0866418818052,0.244436212969,0.0290486651268,0.243145066744,0.0287738054916,0.244023838766,0.0288194111868
715,11731.9929479,6,0.519065215892,0.731545414485,0.0865108693153,0.243757968745,0.029004017993,0.24299011426,0.0286784572453,0.24420302102,0.028828394077
715.5,11759.2766524,6,0.519007264967,0.731707006515,0.0865012108278,0.243417141687,0.028951338851,0.242962598898,0.0286240281297,0.244732937882,0.0289258438471
716,11786.560357,6,0.519291617792,0.732066157737,0.0865486029653,0.243191256869,0.0288642517988,0.243312240576,0.0286754463148,0.244968314276,0.0290089048517
716.5,11813.8440615,6,0.51908392861,0.731840560147,0.0865139881016,0.243061722115,0.0287688283539,0.243684880253,0.0287418851735,0.2444996162,0.0290032745742
717,11841.127766,6,0.519247702275,0.731793855519,0.0865412837125,0.243048280943,0.0287078592702,0.244173077128,0.0288247050515,0.243978173527,0.0290087193908
717.5,11868.4114706,6,0.519307267406,0.731788966926,0.0865512112343,0.243086797846,0.028665644248,0.244598494694,0.0289121161934,0.243509362056,0.0289734507929
718,11895.6951751,6,0.519263162194,0.731949386759,0.0865438603657,0.243171438246,0.0286614998926,0.244896463471,0.0289754001584,0.243287164494,0.0289069603147
718.5,11922.9788796,6,0.519342364988,0.732065150158,0.0865570608314,0.243512034744,0.0287107699731,0.244803808511,0.0290303724537,0.243154973791,0.0288159184045
719,11950.2625842,6,0.519327575893,0.731846084529,0.0865545959822,0.243850069022,0.0287637989899,0.244325596915,0.0290479636729,0.243076083944,0.0287428333194
719.5,11977.5462887,6,0.519159155824,0.731708248738,0.0865265259707,0.244534871106,0.0288867305256,0.243611570087,0.0289814568869,0.24296747548,0.0286583385581
720,12004.8299932,6,0.518976838802,0.731714924702,0.0864961398004,0.244834392088,0.0289529513854,0.243281054866,0.028918294541,0.243005146148,0.0286248938741
720.5,12032.1136977,6,0.519259635805,0.732050948273,0.0865432726341,0.244917890757,0.0290084290517,0.243135508795,0.028841105326,0.243403216925,0.0286937382565
721,12059.3974023,6,0.519140294353,0.731830647926,0.0865233823922,0.24438587405,0.0290030265189,0.243088120721,0.0287651569472,0.243762332132,0.0287551989261
721.5,12086.6811068,6,0.519144559274,0.731662122817,0.0865240932123,0.243874780506,0.0290089424907,0.24301777021,0.0286899863083,0.244175255485,0.0288251644133
722,12113.9648113,6,0.519259152043,0.731818992312,0.0865431920072,0.243422452124,0.0289543153177,0.243111608161,0.0286700528873,0.244690602445,0.0289188238022
722.5,12141.2485159,6,0.519308706019,0.732068281502,0.0865514510032,0.24332753533,0.0289002714387,0.243250732572,0.0286729807731,0.244895666462,0.0289781987914
723,12168.5322204,6,0.519534312334,0.732131094032,0.0865890520557,0.243289393326,0.0288446734316,0.243590347174,0.0287247905722,0.244657007242,0.0290195880519
723.5,12195.8159249,6,0.519158437038,0.731719540698,0.086526406173,0.243003983293,0.0287102086927,0.244011863876,0.0287970804774,0.244109367047,0.0290191170029
724,12223.0996295,6,0.519203096936,0.731755403056,0.0865338494893,0.243005778212,0.0286537104725,0.24457656197,0.0288965982507,0.243578749972,0.0289835407662
724.5,12250.383334,6,0.519015387187,0.731806794972,0.0865025645311,0.243084534928,0.0286396543821,0.244849289208,0.0289527953066,0.243278653601,0.0289101148424
725,12277.6670385,6,0.519496149155,0.732194794446,0.0865826915259,0.243523148917,0.028720906999,0.244882354166,0.0290230583751,0.243194959116,0.0288387261518
725.5,12304.950743,6,0.519862471808,0.732202696077,0.0866437453014,0.244022123593,0.0288186095143,0.244440495666,0.0290515038056,0.243145742982,0.0287736319815
726,12332.2344476,6,0.519087646969,0.73155168162,0.0865146078282,0.244221088206,0.028834226498,0.243748391186,0.029002783868,0.242987875291,0.0286775974622
726.5,12359.5181521,6,0.519015382291,0.731708240878,0.0865025637152,0.244730176809,0.0289261707288,0.243422877893,0.0289532508418,0.242960856779,0.0286231421446
727,12386.8018566,6,0.519265478592,0.732051400279,0.086544246432,0.244966931591,0.0290092283749,0.243173517367,0.028858912515,0.243316621828,0.0286761055421
727.5,12414.0855612,6,0.51904210702,0.731814176519,0.0865070178366,0.244495444993,0.0290035379766,0.243043882953,0.0287633791779,0.243680528882,0.0287401006822
728,12441.3692657,6,0.519257544945,0.73180130418,0.0865429241575,0.24397467215,0.0290093005979,0.243051136122,0.0287079725658,0.244181182002,0.0288256509938
728.5,12468.6529702,6,0.519290535686,0.731782823242,0.0865484226144,0.243500454018,0.0289713549671,0.243092334526,0.0286670145942,0.244595713575,0.0289100530531
729,12495.9366748,6,0.519293891631,0.731968017113,0.0865489819385,0.24329696445,0.0289099854225,0.243174028931,0.0286619291107,0.244902683834,0.0289770674053
729.5,12523.2203793,6,0.519322988148,0.732049491885,0.0865538313579,0.24314784278,0.0288139464652,0.24351050018,0.028709996355,0.244796803664,0.0290298885377
730,12550.5040838,6,0.519332418375,0.731848230365,0.0865554030625,0.243080311114,0.0287435302249,0.243856518065,0.0287649744884,0.244317072483,0.0290468983492
730.5,12577.7877883,6,0.519130213706,0.731695812559,0.0865217022843,0.242965141485,0.0286572901234,0.244543240985,0.0288877168943,0.243593118278,0.0289766952667
731,12605.0714929,6,0.518951239682,0.731708253568,0.0864918732803,0.243006566449,0.0286247918426,0.244834808787,0.0289525940084,0.243272565182,0.0289144874293
731.5,12632.3551974,6,0.519293579309,0.732070773952,0.0865489298848,0.243408156895,0.0286945896094,0.244916090754,0.0290087193415,0.243152196674,0.0288456209339
732,12659.6389019,6,0.519152997432,0.731837803252,0.0865254995721,0.243771763119,0.0287570122836,0.244385192918,0.0290041222472,0.243086511531,0.0287643650413
732.5,12686.9226065,6,0.519113294942,0.731643964012,0.0865188824903,0.244165063946,0.0288217969116,0.243865837542,0.0290074073488,0.243018727684,0.0286896782298
733,12714.206311,6,0.519258791482,0.731820277828,0.0865431319136,0.244696176324,0.0289200124814,0.243425833609,0.0289552613937,0.24310393257,0.0286678580386
733.5,12741.4900155,6,0.519343673397,0.732094055932,0.0865572788994,0.244904227591,0.0289807813719,0.24334082953,0.0289030396315,0.243254664673,0.0286734578961
734,12768.7737201,6,0.51954110732,0.732131200509,0.0865901845533,0.244648625036,0.0290183056806,0.243290385419,0.0288452378323,0.243597866011,0.0287266410405
734.5,12796.0574246,6,0.519146917144,0.73171283623,0.0865244861906,0.244099779055,0.0290177022871,0.243001459301,0.0287091201865,0.244017285098,0.0287976637171
735,12823.3411291,6,0.519219801241,0.731763660193,0.0865366335402,0.243579662359,0.0289840979678,0.243006639173,0.0286533891457,0.244583040692,0.0288991464266
735.5,12850.6248336,6,0.519022840314,0.731813334078,0.086503806719,0.243277378108,0.0289094861404,0.243090651779,0.0286413989085,0.244850968759,0.0289529216701
736,12877.9085382,6,0.519488202793,0.732190438458,0.0865813671322,0.243195870105,0.028837887064,0.243516670365,0.0287191513737,0.244883551234,0.0290243286945
736.5,12905.1922427,6,0.519866559233,0.732202669265,0.0866444265388,0.243143419473,0.0287724134658,0.24402085265,0.028817849198,0.244444065927,0.029054163875
737,12932.4759472,6,0.519111836576,0.731559972341,0.0865186394293,0.242986704598,0.0286768260397,0.244239404703,0.0288401788772,0.243739555005,0.0290016345124
737.5,12959.7596518,6,0.519025876275,0.731710500536,0.0865043127125,0.24295948713,0.0286222919434,0.24472659711,0.0289263781953,0.243430107628,0.0289556425739
738,12987.0433563,6,0.51924245721,0.73203673247,0.086540409535,0.243320889578,0.0286768908079,0.244964663127,0.0290094187403,0.243156856749,0.0288540999867
738.5,13014.3270608,6,0.519020932371,0.731798906726,0.0865034887286,0.243675587217,0.0287382227003,0.244491326136,0.029003824942,0.243037661747,0.0287614410862
739,13041.6107654,6,0.519280042044,0.731814366105,0.086546673674,0.244192890289,0.0288278843194,0.243973832914,0.0290104503962,0.243053309772,0.0287083389584
739.5,13068.8944699,6,0.519262939163,0.73176878836,0.0865438231939,0.244586084624,0.0289062356873,0.243491269107,0.0289693470545,0.243097104499,0.0286682404521
740,13096.1781744,6,0.519329880502,0.731990403246,0.0865549800837,0.244911755734,0.0289792933933,0.243307164147,0.0289131680198,0.243177153032,0.0286625186706
740.5,13123.4618789,6,0.519310398558,0.732036846427,0.0865517330931,0.244790783605,0.0290298299967,0.243139866428,0.028811750667,0.243511872731,0.0287101524293
741,13150.7455835,6,0.519334973647,0.731849401346,0.0865558289412,0.244307811272,0.0290456602932,0.24308351854,0.0287437502583,0.243863758956,0.0287664183897
741.5,13178.029288,6,0.519105763049,0.731687032763,0.0865176271749,0.243579860706,0.0289731133149,0.2429611376,0.0286558055381,0.244551720988,0.0288887083219
742,13205.3129925,6,0.518932852876,0.731705823205,0.0864888088126,0.243265642117,0.028911160181,0.243007992961,0.0286246657106,0.244837857766,0.028952982921
742.5,13232.5966971,6,0.519334056731,0.732093452395,0.0865556761218,0.243172883884,0.0288514627036,0.243412887187,0.0286953825674,0.244913334556,0.0290088308508
743,13259.8804016,6,0.519167624759,0.731846624317,0.0865279374598,0.243083463059,0.0287631677285,0.243783900494,0.0287594411057,0.244384923707,0.0290053286256
743.5,13287.1641061,6,0.51908751944,0.731629136997,0.0865145865734,0.243019669428,0.0286895212948,0.24415937889,0.0288194702085,0.243855770399,0.0290055950701
744,13314.4478107,6,0.519257454237,0.731821768612,0.0865429090395,0.243095794142,0.0286654476669,0.244702843482,0.0289215408934,0.243428817206,0.0289559204792
744.5,13341.7315152,6,0.519389131638,0.732124623282,0.086564855273,0.24325873298,0.0286739279031,0.244916522164,0.0289847279841,0.243355043877,0.0289061993858
745,13369.0152197,6,0.519550713714,0.732132184649,0.086591785619,0.243605681448,0.0287285874923,0.244639994747,0.0290172259237,0.243292176042,0.028845972203
745.5,13396.2989242,6,0.519143138385,0.731710287752,0.0865238563975,0.244024915357,0.0287990035049,0.244092847151,0.0290168874903,0.242998193995,0.0287079654023
746,13423.5826288,6,0.519240138702,0.731773495301,0.086540023117,0.244590184841,0.0289020031506,0.243579772648,0.0289843644915,0.243009208254,0.0286536554749
746.5,13450.8663333,6,0.519029690419,0.731819354014,0.0865049484031,0.244853921126,0.0289535081916,0.243275897784,0.0289086979302,0.243095206441,0.0286427422814
747,13478.1500378,6,0.51947788444,0.732184284288,0.0865796474066,0.24488296725,0.0290252683193,0.243197220994,0.0288370945282,0.243509770407,0.0287172845591
747.5,13505.4337424,6,0.519859394968,0.732196004606,0.0866432324946,0.244444304317,0.0290558648442,0.243140901291,0.0287712136882,0.244016486958,0.0288161539622
748,13532.7174469,6,0.519138849667,0.7315705266,0.0865231416111,0.243731996448,0.0290007016457,0.242985921241,0.0286761122298,0.244258303568,0.0288463277356
748.5,13560.0011514,6,0.519032492282,0.73171077225,0.0865054153804,0.243435049453,0.0289572848642,0.242958144356,0.02862142769,0.244723255267,0.0289267028262
749,13587.284856,6,0.519220983842,0.732022829073,0.0865368306403,0.243143395155,0.0288502572392,0.243325867771,0.0286779147443,0.244959225081,0.0290086586569
749.5,13614.5685605,6,0.519013509584,0.731790726202,0.0865022515973,0.243033244608,0.0287602793436,0.243675467937,0.0287378137346,0.244487676978,0.0290041585191
750,13641.852265,6,0.519308469938,0.7318287931,0.0865514116563,0.24305566064,0.0287088242521,0.244205538343,0.0288309549998,0.243973274367,0.0290116324043
750.5,13669.1359695,6,0.519240150894,0.731756966007,0.086540025149,0.243100686485,0.0286692107796,0.24457753655,0.0289029541395,0.243484434876,0.0289678602299
751,13696.4196741,6,0.519352113559,0.732003795955,0.0865586855932,0.243181249074,0.028663384462,0.244916393073,0.0289806068424,0.243311836501,0.0289146942889
751.5,13723.7033786,6,0.519300195355,0.732026623998,0.0865500325592,0.243513731107,0.0287104486131,0.244784605598,0.0290296463974,0.243133958169,0.0288099375487
752,13750.9870831,6,0.519332758143,0.731847857291,0.0865554596905,0.243871162635,0.0287679177909,0.244298764152,0.0290444704955,0.243083599472,0.0287430714041
752.5,13778.2707877,6,0.519094640039,0.731684924436,0.0865157733399,0.244559923744,0.0288896607931,0.243572996731,0.0289716541723,0.242957675628,0.0286544583745
753,13805.5544922,6,0.518909485192,0.731698477405,0.0864849141987,0.244842706326,0.0289541042325,0.243252222194,0.028906327999,0.243009220774,0.0286244819672
753.5,13832.8381967,6,0.519373302154,0.732114396583,0.0865622170257,0.24490940068,0.02900874114,0.243193894469,0.0288574903203,0.24341677316,0.0286959855654
754,13860.1219013,6,0.519186117486,0.731857164078,0.0865310195811,0.244385766115,0.0290069033181,0.243080438277,0.0287620990925,0.243796643071,0.0287620171704
754.5,13887.4056058,6,0.519058559927,0.731610999842,0.0865097599879,0.243848547476,0.0290047152128,0.243014743295,0.028687982732,0.244153397041,0.0288170620432
755,13914.6893103,6,0.519255099842,0.731823105955,0.0865425166403,0.243430872528,0.0289563271986,0.243087479456,0.028662921338,0.244710427761,0.0289232681036
755.5,13941.9730148,6,0.519428657534,0.73215015386,0.0865714429224,0.243364599204,0.0289084261706,0.243262668955,0.0286743545176,0.244928542163,0.0289886622341
756,13969.2567194,6,0.519559964133,0.732132964954,0.0865933273555,0.243295056572,0.0288469022407,0.243612752321,0.0287303931499,0.244630815252,0.0290160319649
756.5,13996.5404239,6,0.519145471406,0.731710626717,0.0865242452343,0.242995335688,0.0287071338506,0.244034234747,0.0288008945315,0.244086735453,0.0290162168521
757,14023.8241284,6,0.519267558053,0.731787169742,0.0865445930089,0.24301152013,0.0286538877129,0.244600442549,0.0289057168455,0.24358089932,0.0289849884504
757.5,14051.107833,6,0.519039060515,0.731825629668,0.0865065100859,0.243099213357,0.0286439149158,0.244858078249,0.0289547793726,0.243274025812,0.0289078157975
758,14078.3915375,6,0.519465153965,0.732175181583,0.0865775256609,0.243503226233,0.0287156142991,0.244879874248,0.0290257980438,0.243197754086,0.028836113318
758.5,14105.675242,6,0.519842120089,0.732184085718,0.0866403533482,0.244008546595,0.0288134196337,0.244442841244,0.029056945216,0.243138369186,0.0287699884985
759,14132.9589466,6,0.519171134756,0.731584821866,0.0865285224594,0.244279620585,0.0288531863665,0.243723804013,0.0289994952273,0.242987075258,0.0286758408656
759.5,14160.2426511,6,0.519041628616,0.731711059807,0.0865069381026,0.244720443923,0.0289274744213,0.243439864193,0.0289589357171,0.242956427313,0.0286205279642
760,14187.5263556,6,0.519195426204,0.73200618459,0.086532571034,0.244950530684,0.0290070270052,0.24312983369,0.0288463735133,0.243331495651,0.0286791705155
760.5,14214.8100602,6,0.519011135179,0.731785610228,0.0865018558631,0.244484030771,0.0290044687928,0.243030328784,0.0287594769862,0.243676935385,0.0287379100841
761,14242.0937647,6,0.519343185563,0.731845596404,0.0865571975938,0.243973812981,0.0290131051061,0.24305873407,0.0287095578458,0.244218739033,0.0288345346418
761.5,14269.3774692,6,0.519217183402,0.731743908268,0.0865361972336,0.243477542702,0.0289664034853,0.24310372139,0.0286700812727,0.244568326798,0.0288997124756
762,14296.6611737,6,0.519378168256,0.732019468841,0.0865630280426,0.243320061406,0.0289173113665,0.243184656942,0.0286639735229,0.244920413622,0.0289817431532
762.5,14323.9448783,6,0.519287992638,0.732014792574,0.0865479987731,0.243127210731,0.0288079717605,0.243514383354,0.0287104690473,0.244778857354,0.0290295579653
763,14351.2285828,6,0.5193300192,0.731846195985,0.0865550031999,0.243084449953,0.0287424526855,0.243878648483,0.0287694444328,0.244288772728,0.0290431060817
763.5,14378.5122873,6,0.51908048193,0.731680188917,0.0865134136549,0.242956052369,0.0286534707861,0.244562614376,0.0288895291646,0.243567214019,0.0289704137042
764,14405.7959919,6,0.518899980707,0.731699610343,0.0864833301178,0.24301080793,0.0286243288025,0.244851380718,0.0289563381797,0.243243111592,0.0289026631356
764.5,14433.0796964,6,0.519411701461,0.732134784282,0.0865686169101,0.243418680355,0.0286960078006,0.244906509886,0.0290091326814,0.24321526737,0.0288634764281
765,14460.3634009,6,0.519208403402,0.731869567658,0.0865347339003,0.243811456572,0.0287652819971,0.244386125393,0.0290083825666,0.243077654006,0.0287610693365
765.5,14487.6471055,6,0.519035951632,0.731596227449,0.0865059919387,0.244150171777,0.0288155567853,0.243842353772,0.0290040042655,0.243009371701,0.028686430888
766,14514.93081,6,0.519245995673,0.73182052199,0.0865409992789,0.244715992198,0.0289243440128,0.243432398711,0.0289565462631,0.243077799585,0.028660109003
766.5,14542.2145145,6,0.519467419182,0.732175249221,0.086577903197,0.244940698591,0.0289926352111,0.24337371222,0.0289105445085,0.243266508203,0.0286747234773
767,14569.498219,6,0.519553157569,0.732125315029,0.0865921929281,0.244620699952,0.0290145218342,0.243293144587,0.0288460959892,0.243617151799,0.0287315751046
767.5,14596.7819236,6,0.519170585524,0.731723755606,0.0865284309207,0.244081654,0.0290158314929,0.242998257703,0.0287078022587,0.244049536141,0.0288047971691
768,14624.0656281,6,0.519279264937,0.731789920953,0.0865465441561,0.243579314021,0.0289851067004,0.243014040647,0.028654305142,0.244602252981,0.0289071323138
768.5,14651.3493326,6,0.519048786055,0.731832692465,0.0865081310092,0.243272952103,0.0289070193066,0.243102226617,0.0286449323135,0.244863183073,0.028956179389
769,14678.6330372,6,0.519451963942,0.73216548862,0.0865753273236,0.243197744288,0.0288350680736,0.243496755451,0.0287139699046,0.244876647541,0.0290262893454
769.5,14705.9167417,6,0.519820228705,0.732170440694,0.0866367047842,0.243132871495,0.0287678183216,0.244002618503,0.0288111421956,0.244440624868,0.0290577442671
770,14733.2004462,6,0.519210041074,0.731604849819,0.0865350068457,0.242988151439,0.0286754397762,0.244306599076,0.0288613515787,0.243715796048,0.0289982154908
770.5,14760.4841508,6,0.519039035657,0.731704162876,0.0865065059428,0.24295546884,0.0286198218728,0.24471484469,0.0289275019236,0.243439545247,0.0289591821464
771,14787.7678553,6,0.519171797828,0.731991096116,0.0865286329713,0.24333628558,0.0286802739747,0.244942187879,0.0290054251354,0.243118303692,0.0288429338612
771.5,14815.0515598,6,0.519016605009,0.731784052097,0.0865027675016,0.243682704635,0.0287395490999,0.244480096468,0.0290047128975,0.243026922966,0.0287585055042
772,14842.3352643,6,0.519382172768,0.731864441869,0.0865636954613,0.244233610764,0.0288386174544,0.243972648164,0.0290141946154,0.243063853178,0.0287108833915
772.5,14869.6189689,6,0.5191784317,0.731722950512,0.0865297386166,0.244555540898,0.028895190575,0.243467511308,0.0289639185268,0.24310557213,0.0286706295148
773,14896.9026734,6,0.519400033478,0.732034401314,0.0865666722463,0.244921258607,0.028981595306,0.243330948331,0.0289206047081,0.243187867221,0.0286644722321
773.5,14924.1863779,6,0.519285581632,0.732009594145,0.0865475969386,0.244776991673,0.0290303816871,0.243122892214,0.0288066814754,0.243515390398,0.0287105337761
774,14951.4700825,6,0.519326248786,0.731843336449,0.0865543747977,0.244277429914,0.0290414123009,0.243085784947,0.0287419792715,0.243885812246,0.0287709832253
774.5,14978.753787,6,0.519067008099,0.731675546255,0.0865111680165,0.243562058247,0.0289693222509,0.242954792036,0.0286525466351,0.24456438529,0.0288892991305
775,15006.0374915,6,0.518893188334,0.731702814462,0.0864821980557,0.243240570693,0.0289008677075,0.243012344142,0.028624163875,0.244855571722,0.0289571664732
775.5,15033.3211961,6,0.519457058113,0.732159670229,0.0865761763522,0.243241281447,0.0288707351146,0.243420953826,0.0286961140187,0.24490309109,0.0290093272189
776,15060.6049006,6,0.51922568901,0.731878762682,0.086537614835,0.243074998032,0.0287601484064,0.24382269955,0.0287675756774,0.244386732227,0.0290098907512
776.5,15087.8886051,6,0.519013759733,0.731581700059,0.0865022932888,0.243003749073,0.0286848261753,0.244147397236,0.0288141640771,0.243836240122,0.0290033030365
777,15115.1723096,6,0.519236301151,0.731817785861,0.0865393835251,0.24306793743,0.0286572170816,0.244721371392,0.0289253731799,0.243434166682,0.0289567932636
777.5,15142.4560142,6,0.519501943376,0.732197004407,0.0865836572293,0.243269279483,0.0286748646742,0.244952601061,0.0289965487621,0.243380802714,0.028912243793
778,15169.7397187,6,0.519539522205,0.732114909266,0.0865899203675,0.243619648622,0.0287320428208,0.244610333767,0.0290129175144,0.243290598846,0.0288449600323
778.5,15197.0234232,6,0.519196941812,0.731738429991,0.0865328236353,0.244067940603,0.0288096015446,0.244076520433,0.0290154828482,0.242999642003,0.0287077392424
779,15224.3071278,6,0.519292601901,0.731794013398,0.0865487669834,0.244602774407,0.0289083000773,0.243578400405,0.0289853568693,0.243018513579,0.0286551100368
779.5,15251.5908323,6,0.519056541786,0.731837065749,0.086509423631,0.244866099046,0.0289571864464,0.243271325437,0.0289060976521,0.243105317296,0.0286461395325
780,15278.8745368,6,0.519442443647,0.732157970002,0.0865737406079,0.244873523877,0.0290267943736,0.243198549622,0.0288342057391,0.243491575869,0.0287127404951
780.5,15306.1582414,6,0.519807017406,0.732161572907,0.0866345029009,0.244440718769,0.0290592202157,0.24312623267,0.0287652912676,0.244000313935,0.0288099914176
781,15333.4419459,6,0.519245437683,0.731622837115,0.0865409062805,0.24370867839,0.028997171214,0.242986988141,0.028674386822,0.244332868924,0.0288693482445
781.5,15360.7256504,6,0.519035952138,0.731698495461,0.086505992023,0.243438716222,0.0289593068997,0.24295514187,0.0286193104751,0.244710317981,0.0289273746482
782,15388.0093549,6,0.519155360184,0.731981241546,0.086525893364,0.243111660307,0.028840650119,0.243340745343,0.0286813349278,0.244934498443,0.0290039083172
782.5,15415.2930595,6,0.519024141237,0.731785884787,0.0865040235395,0.243027906786,0.0287584906496,0.24368766471,0.02874062694,0.244475980167,0.0290049059498
783,15442.576764,6,0.519415486175,0.731880336636,0.0865692476959,0.243067560262,0.0287116970941,0.244248066677,0.0288425209454,0.243970393382,0.0290150296564
783.5,15469.8604685,6,0.519146799079,0.731708214618,0.0865244665131,0.243107293715,0.0286710816748,0.244549182347,0.0288920937445,0.243457434091,0.0289612910938
784,15497.1441731,6,0.519409094964,0.732042708846,0.086568182494,0.243191805051,0.0286651409654,0.24492084291,0.0289812477625,0.243335746056,0.0289217937661
784.5,15524.4278776,6,0.519289941278,0.732010100529,0.0865483235463,0.243518961711,0.0287110656605,0.244774596822,0.029031081131,0.243122215855,0.0288061767548
785,15551.7115821,6,0.519317365251,0.731835501646,0.0865528942084,0.243891249671,0.0287722497282,0.244265946673,0.0290396633058,0.243083977172,0.0287409811744
785.5,15578.9952867,6,0.519056187455,0.731672395087,0.0865093645759,0.244565850753,0.0288891013241,0.243557511573,0.0289684164984,0.242954707205,0.0286518467535
786,15606.2789912,6,0.518888153361,0.731706660788,0.0864813588935,0.244859130963,0.0289578138503,0.243239154099,0.0288994721742,0.243014050228,0.028624072869
786.5,15633.5626957,6,0.519520227849,0.732192684893,0.0865867046415,0.244899634079,0.0290097114796,0.243273219135,0.0288799418124,0.243425506407,0.0286970513495
787,15660.8464002,6,0.519241923372,0.731883755638,0.0865403205621,0.244387067467,0.0290113672149,0.24306985519,0.02875935129,0.243832520285,0.0287696020572
787.5,15688.1301048,6,0.518992632395,0.731567852376,0.0864987720659,0.243830647062,0.0290027761469,0.24299835703,0.0286832552585,0.244144540284,0.0288127406605
788,15715.4138093,6,0.51922576462,0.731814672066,0.0865376274367,0.243435235722,0.0289568547181,0.243058006167,0.0286543307163,0.24472710693,0.0289264420023
788.5,15742.6975138,6,0.519511619595,0.732203689692,0.0865852699324,0.243382812588,0.0289128535039,0.243271833184,0.0286749231504,0.24495470339,0.0289974932781
789,15769.9812184,6,0.519528478578,0.732106820317,0.086588079763,0.24328838465,0.0288440107688,0.243621562127,0.0287322931848,0.244602537043,0.0290117758094
789.5,15797.2649229,6,0.519226551977,0.731754397146,0.0865377586629,0.243000739564,0.0287076493083,0.244087735759,0.0288149195155,0.244071605133,0.0290151898391
790,15824.5486274,6,0.51929851852,0.731793604566,0.0865497530866,0.243022847763,0.028655862517,0.24460127837,0.0289090128291,0.243575174898,0.0289848777406
790.5,15851.832332,6,0.519073336461,0.731845344761,0.0865122227436,0.243109167322,0.0286475250679,0.244872759745,0.0289596863917,0.243269109181,0.0289050112839
791,15879.1160365,6,0.519436499459,0.732152967414,0.0865727499098,0.24348889473,0.028712023061,0.244867689102,0.0290268005851,0.243202060485,0.0288339262638
791.5,15906.399741,6,0.519804113583,0.732158534643,0.0866340189305,0.244001367461,0.0288096226355,0.244440243213,0.0290604982105,0.243122599043,0.0287638980844
792,15933.6834455,6,0.519268950045,0.731635252678,0.0865448250075,0.244353603037,0.0288751367427,0.243703394851,0.0289967192617,0.242983936324,0.028672969003
792.5,15960.9671501,6,0.519044563228,0.731701133027,0.0865074272047,0.244711490549,0.0289281997959,0.243438625789,0.0289598104294,0.242956696253,0.0286194169794
793,15988.2508546,6,0.519145842757,0.731975213953,0.0865243071262,0.244928345112,0.0290026758566,0.243108706418,0.0288395147463,0.243343841459,0.0286821165233
793.5,16015.5345591,6,0.519035602323,0.731790477929,0.0865059337204,0.244471660876,0.0290050469351,0.243031597214,0.0287591259248,0.24369290783,0.0287417608605
794,16042.8182637,6,0.519432614106,0.731887335274,0.086572102351,0.243967411193,0.0290156621296,0.243062722856,0.0287099028178,0.244262893886,0.0288465374036
794.5,16070.1019682,6,0.519116037143,0.73169481158,0.0865193395238,0.243447950906,0.0289587656822,0.243110095112,0.0286716279999,0.244542451236,0.0288889458417
795,16097.3856727,6,0.51941691963,0.732050844018,0.086569486605,0.2433409863,0.028923013505,0.243196041934,0.0286658640357,0.244919481247,0.0289806090643
795.5,16124.6693773,6,0.519298715204,0.73201330909,0.0865497858673,0.243126051928,0.0288068617529,0.243521383169,0.0287113578442,0.244771536008,0.0290315662702
796,16151.9530818,6,0.519308429496,0.731827830352,0.086551404916,0.243081474318,0.0287397869466,0.243896743474,0.0287735323062,0.244255291126,0.0290380856632
796.5,16179.2367863,6,0.519052987071,0.731671906998,0.0865088311785,0.242957755726,0.0286521595925,0.24456538368,0.0288886658973,0.243554462287,0.0289680056888
797,16206.5204908,6,0.518902187789,0.731718697481,0.0864836979648,0.243016182399,0.0286242389393,0.244862216611,0.0289583945043,0.243245990641,0.0289010645213
797.5,16233.8041954,6,0.51957596725,0.732219657458,0.0865959945416,0.243431242657,0.0286984071989,0.244897372248,0.0290104004351,0.243296718432,0.0288871869075
798,16261.0878999,6,0.519261673854,0.731891805991,0.086543612309,0.243843035516,0.028771670155,0.24438896838,0.0290133094064,0.243065474147,0.0287586327476
798.5,16288.3716044,6,0.518986548507,0.731562150663,0.0864977580845,0.244147664406,0.0288129616538,0.243827012019,0.0290031293687,0.24299314829,0.028681667062
799,16315.655309,6,0.519207876631,0.731807085874,0.0865346461052,0.244731774376,0.0289271620939,0.243432137178,0.0289558934186,0.243048846426,0.0286515905927
799.5,16342.9390135,6,0.519519473055,0.73220946492,0.0865865788424,0.244953623116,0.0289974991402,0.243386649181,0.0289138436824,0.24327486589,0.0286752360198
800,16370.222718,6,0.519510516071,0.732094603665,0.0865850860119,0.244595687765,0.029010827473,0.24328185648,0.0288418525149,0.243622744756,0.028732406024
800.5,16397.5064226,6,0.519260143794,0.73177255473,0.086543357299,0.24406735174,0.0290150777246,0.243002248798,0.0287075806051,0.244108649817,0.0288206989693
801,16424.7901271,6,0.519290402161,0.731785324066,0.0865484003601,0.243570771786,0.0289840741858,0.243027066253,0.0286565720541,0.244593176155,0.0289077541203
801.5,16452.0738316,6,0.519094085669,0.731856279936,0.0865156809449,0.243267292388,0.0289040747687,0.243112980922,0.0286487587723,0.244881679108,0.0289628474039
802,16479.3575361,6,0.519426522492,0.732143896596,0.086571087082,0.243201175559,0.0288329050405,0.24348745959,0.0287115649778,0.244860923904,0.0290266170637
802.5,16506.6412407,6,0.519793453442,0.732150953864,0.0866322422404,0.243116397962,0.028761703524,0.244001123603,0.0288089710368,0.2444391103,0.0290615676796
803,16533.9249452,6,0.519275248534,0.731642644805,0.0865458747556,0.242982337018,0.0286716859773,0.244369966753,0.0288785360642,0.243696041254,0.0289956527141
803.5,16561.2086497,6,0.519060087403,0.731709562965,0.0865100145672,0.242959648547,0.0286198564125,0.244715960551,0.0289295657264,0.243439653136,0.0289605924283
804,16588.4923543,6,0.519143670213,0.73197323995,0.0865239450355,0.243347751824,0.0286830531777,0.244925516286,0.0290024917448,0.24310565577,0.028838400113
804.5,16615.7760588,6,0.519049348182,0.731795824135,0.0865082246969,0.243697652789,0.0287429073492,0.244467580191,0.0290052280204,0.243036266029,0.0287600893273
805,16643.0597633,6,0.519454921605,0.73189661343,0.0865758202676,0.244279573391,0.0288513105199,0.24396429254,0.0290162387484,0.243058420876,0.0287082709993
805.5,16670.3434679,6,0.51909210364,0.73168611964,0.0865153506067,0.244540456025,0.0288868228135,0.243438208118,0.0289561910618,0.24311313274,0.0286723367313
806,16697.6271724,6,0.519420061083,0.73205669873,0.0865700101805,0.244918679673,0.0289800423293,0.243342538121,0.0289229996079,0.243201156732,0.0286669682434
806.5,16724.9108769,6,0.519313381197,0.732019671509,0.0865522301995,0.244768449734,0.0290320288234,0.243131806818,0.0288079755516,0.243525098352,0.0287122258246
807,16752.1945814,6,0.519299128436,0.73181996842,0.0865498547393,0.244244753436,0.02903654389,0.243079242796,0.0287385773514,0.243901666075,0.0287747334978
807.5,16779.478286,6,0.519055276788,0.731672535065,0.0865092127979,0.24355468825,0.0289688095778,0.242961758675,0.0286527930082,0.244561779905,0.0288876102119
808,16806.7619905,6,0.518908421797,0.731725203606,0.0864847369661,0.243249641498,0.0289021217719,0.243018303767,0.0286244409798,0.244862932595,0.0289581742144
808.5,16834.045695,6,0.519601808556,0.732233215179,0.0866003014259,0.243308436719,0.0288903257475,0.243435700245,0.0286993516801,0.244894737221,0.0290106239984
809,16861.3293996,6,0.519287021502,0.731906832857,0.086547836917,0.243065859101,0.0287586160637,0.243855133035,0.0287738856025,0.244391512069,0.0290153352508
809.5,16888.6131041,6,0.51899707073,0.73156578272,0.0864995117883,0.242994121802,0.0286819479045,0.244154559176,0.0288142622993,0.243822792773,0.0290033015845
810,16915.8968086,6,0.519187178729,0.731796663641,0.0865311964548,0.243040342145,0.0286490900981,0.244732769662,0.0289271252034,0.243429245282,0.0289549811533
810.5,16943.1805132,6,0.519528949304,0.732213747059,0.0865881582174,0.243279248088,0.0286759957627,0.244955570114,0.0289985329419,0.243384610867,0.0289136295127
811,16970.4642177,6,0.51947809616,0.732074608453,0.0865796826933,0.243622125125,0.0287320864591,0.244587836801,0.0290097261861,0.243270321905,0.0288378700482
811.5,16997.7479222,6,0.519285362925,0.731787447198,0.0865475604874,0.244124745244,0.0288248150325,0.244062813156,0.0290149040616,0.243005564862,0.0287078413934
812,17025.0316267,6,0.519285282289,0.731780039292,0.0865475470482,0.244586957475,0.0289068986097,0.243566134519,0.0289831876379,0.243032625762,0.0286574608006
812.5,17052.3153313,6,0.519108016496,0.731864381247,0.0865180027493,0.244888713723,0.0289652510666,0.243265325069,0.028903054214,0.243116021639,0.0286496974688
813,17079.5990358,6,0.519423167794,0.732140649504,0.0865705279657,0.24485559919,0.0290266453097,0.243201342316,0.0288321129999,0.243489390908,0.0287117696561
813.5,17106.8827403,6,0.519752557374,0.732124700152,0.0866254262289,0.24443600864,0.0290620343467,0.243107415406,0.0287585404123,0.243986971752,0.0288048514699
814,17134.1664449,6,0.51927032708,0.731648467868,0.0865450545133,0.243689039156,0.0289946578073,0.242981793674,0.0286705307644,0.244383335755,0.0288798659416
814.5,17161.4501494,6,0.519072636577,0.731718520992,0.0865121060961,0.243437165514,0.0289602307934,0.242963255757,0.0286204065436,0.244723782766,0.0289314687592
815,17188.7338539,6,0.519157478908,0.731980689255,0.0865262464847,0.243103928549,0.0288376405371,0.243355700931,0.0286851114121,0.244926724921,0.0290034945355
815.5,17216.0175585,6,0.519060620804,0.731798335612,0.0865101034674,0.243041425464,0.0287611742049,0.243699929081,0.0287436402931,0.244462651122,0.0290052889694
816,17243.301263,6,0.519471435434,0.731901994526,0.0865785725724,0.243053953724,0.0287065539484,0.244293291168,0.0288554153094,0.243960436679,0.0290166033145
816.5,17270.5849675,6,0.519077735142,0.731683080736,0.0865129558569,0.243116395429,0.0286731169292,0.24454273313,0.0288858321064,0.243429650769,0.0289540068213
817,17297.868672,6,0.519413577985,0.732057008445,0.0865689296642,0.2432048926,0.0286676545507,0.244917433435,0.0289794746122,0.243340369962,0.0289218005013
817.5,17325.1523766,6,0.519334854887,0.732030217953,0.0865558091478,0.243528950277,0.0287130892851,0.244764763465,0.0290323804937,0.243142180601,0.028810339369
818,17352.4360811,6,0.519294300066,0.731814680967,0.086549050011,0.24390832591,0.0287764804225,0.244234675158,0.0290351939356,0.243077354775,0.0287373756529
818.5,17379.7197856,6,0.519057968389,0.731673028466,0.0865096613981,0.244557934313,0.0288866123161,0.243554898173,0.0289696411218,0.242965873133,0.0286534079602
819,17407.0034902,6,0.518913932878,0.731730696527,0.0864856554797,0.244863396798,0.0289579241017,0.243251886618,0.0289028708467,0.243021090211,0.0286248605313
819.5,17434.2871947,6,0.519613557722,0.732239275551,0.0866022596203,0.244891682558,0.0290107652201,0.243313346318,0.0288912404747,0.243439924428,0.0287002539255
820,17461.5708992,6,0.519314617951,0.731923587394,0.0865524363251,0.244393890186,0.0290173232323,0.243067429674,0.0287587548389,0.243867958511,0.0287763582539
820.5,17488.8546038,6,0.519003693385,0.731566720074,0.0865006155642,0.243818309188,0.0290033904956,0.242993618435,0.0286818795427,0.244160488421,0.0288153455259
821,17516.1383083,6,0.519169898168,0.731788419931,0.0865283163614,0.243428214404,0.0289545782054,0.243032214679,0.0286466761673,0.244733671053,0.0289270619886
821.5,17543.4220128,6,0.519531786425,0.732213684731,0.0865886310708,0.243380866973,0.0289130665544,0.243281418004,0.0286760949952,0.244957062357,0.0289994695212
822,17570.7057173,6,0.519452936054,0.732059281245,0.0865754893423,0.243260985771,0.0288346655268,0.243624073313,0.028732200604,0.244579889285,0.0290086232115
822.5,17597.9894219,6,0.519299940364,0.731794812256,0.0865499900607,0.24300562421,0.0287073192514,0.244140413494,0.0288290400195,0.244054460992,0.0290136307898
823,17625.2731264,6,0.519279859934,0.731775103448,0.0865466433224,0.243037797832,0.0286582402027,0.244581504138,0.0289063259357,0.243561501064,0.028982077184
823.5,17652.5568309,6,0.519113976317,0.731868801187,0.0865189960528,0.24311852429,0.0286503881322,0.244891843527,0.0289665717752,0.24326412713,0.0289020361455
824,17679.8405355,6,0.519419064489,0.732137853148,0.0865698440815,0.243491862644,0.0287120345557,0.244850218521,0.0290263918148,0.243201451413,0.028831417711
824.5,17707.12424,6,0.519711745758,0.732098813636,0.086618624293,0.243972806746,0.0288007152481,0.24443204498,0.0290621844487,0.243099639458,0.0287557245962
825,17734.4079445,6,0.519254868454,0.731649372604,0.0865424780757,0.244391513917,0.0288793753459,0.243682982568,0.0289938914523,0.242980559476,0.0286692112775
825.5,17761.6916491,6,0.519092207711,0.731732261783,0.0865153679518,0.244737005691,0.0289345917545,0.243432995619,0.0289596426043,0.242967942129,0.028621133593
826,17788.9753536,6,0.519168988588,0.731985860315,0.0865281647646,0.244925271026,0.0290039253166,0.243102534132,0.0288370429522,0.243363736454,0.0286871964958
826.5,17816.2590581,6,0.519071353339,0.731801037688,0.0865118922231,0.24445769335,0.0290053284236,0.243047220138,0.0287623323792,0.243701814741,0.0287442314204
827,17843.5427626,6,0.519484505976,0.73190582441,0.086580750996,0.243954851161,0.0290164433999,0.243048806005,0.0287046347107,0.244307862277,0.0288596728855
827.5,17870.8264672,6,0.519073631328,0.731685863989,0.086512271888,0.243426941914,0.0289534922868,0.243119123985,0.0286737507815,0.244545485841,0.0288850288197
828,17898.1101717,6,0.519399848878,0.732052544012,0.0865666414796,0.243335109872,0.028919779118,0.243206350859,0.02866760358,0.244916750831,0.0289792587816
828.5,17925.3938762,6,0.519355587374,0.732040858432,0.0865592645623,0.243152051363,0.0288125101698,0.243534041559,0.0287141511093,0.244760430043,0.0290326032832
829,17952.6775808,6,0.519291417507,0.731810981547,0.0865485695845,0.243075899345,0.0287362361657,0.243915594535,0.0287783423419,0.244225169455,0.0290339910769
829.5,17979.9612853,6,0.51905778005,0.731672586685,0.0865096300083,0.242968479074,0.0286534023567,0.244554296715,0.0288856248936,0.243555508265,0.028970602758
830,18007.2449898,6,0.518920531375,0.731736785054,0.0864867552292,0.243024482948,0.0286253424618,0.244863882697,0.0289577584451,0.243254113657,0.0289036543223
830.5,18034.5286944,6,0.519609191649,0.732237993338,0.0866015319416,0.243442681531,0.0287005857004,0.244888461445,0.029010858532,0.243312528454,0.0288900877092
831,18061.8123989,6,0.519342619794,0.73193999796,0.0865571032989,0.24387934513,0.0287787479803,0.244396110422,0.0290192702523,0.243070217293,0.0287590850663
831.5,18089.0961034,6,0.51900762312,0.731565567753,0.08650127052,0.244165117849,0.0288161188888,0.243814326031,0.0290036467534,0.242991801601,0.0286815048778
832,18116.3798079,6,0.51915065552,0.731779592339,0.0865251092534,0.244733616035,0.028926579894,0.243426873253,0.0289541055698,0.243024778746,0.0286444237896
832.5,18143.6635125,6,0.519529027456,0.732209848215,0.0865881712427,0.244957388967,0.0290000833969,0.243374835882,0.0289120188106,0.243283299797,0.0286760690352
833,18170.947217,6,0.51943743097,0.732050140167,0.0865729051617,0.24457289732,0.0290078259388,0.243253579319,0.0288318691013,0.243629351913,0.0287332101216
833.5,18198.2309215,6,0.519309190445,0.731799066193,0.0865515317408,0.244045752633,0.0290122724948,0.243007076214,0.0287072024868,0.244151935208,0.0288320567592
834,18225.5146261,6,0.519272958298,0.73176966778,0.0865454930496,0.243557773597,0.0289811882335,0.243042364023,0.0286588852591,0.24457522234,0.028905419557
834.5,18252.7983306,6,0.519118470786,0.731871751544,0.086519745131,0.243263716412,0.0289013207192,0.243121744721,0.028651099209,0.244891964493,0.0289673252029
835,18280.0820351,6,0.519408776554,0.732130268783,0.0865681294256,0.243198295018,0.0288302538793,0.243494301291,0.0287122596458,0.244843337229,0.0290256159005
835.5,18307.3657397,6,0.519673150703,0.732074761738,0.0866121917838,0.243093806516,0.0287532693768,0.243959671234,0.0287969849213,0.244426964488,0.0290619374857
836,18334.6494442,6,0.519227232728,0.731644407977,0.0865378721214,0.242979787922,0.0286680085977,0.244396116072,0.0288777727875,0.243674205552,0.0289920907362
836.5,18361.9331487,6,0.519113399367,0.731747415195,0.0865188998946,0.242973182747,0.0286219403659,0.244750713364,0.0289377775061,0.243429219416,0.0289591820225
837,18389.2168532,6,0.5191782889,0.731990022017,0.0865297148166,0.243370748371,0.0286889393206,0.244923634878,0.0290043104521,0.243101323754,0.0288364650439
837.5,18416.5005578,6,0.519076506854,0.731801830423,0.0865127511423,0.243702390387,0.0287441932059,0.244452589403,0.0290053233502,0.24305252709,0.0287632345862
838,18443.7842623,6,0.519488149264,0.73190295621,0.0865813582107,0.244316677752,0.0288625716466,0.243948066635,0.0290158747184,0.243043887068,0.0287029118457
838.5,18471.0679668,6,0.519083567543,0.731695418477,0.0865139279238,0.244552506637,0.0288858962203,0.243426785497,0.0289536696633,0.243121805376,0.0286743620402
839,18498.3516714,6,0.519387090392,0.732047859507,0.0865645150653,0.24491803495,0.0289799012203,0.243327780383,0.0289171021127,0.243207722044,0.0286675117323
839.5,18525.6353759,6,0.519371153053,0.732047968342,0.0865618588422,0.244756400325,0.0290330596146,0.243157945651,0.0288135361207,0.243539307768,0.0287152631069
840,18552.9190804,6,0.519287042804,0.731806418288,0.0865478404673,0.244215124789,0.0290326815718,0.243075215647,0.0287353217941,0.24392177404,0.0287798371015
840.5,18580.202785,6,0.519062394837,0.731675183978,0.0865103991394,0.243558933242,0.0289723527586,0.242971023162,0.0286533605488,0.244550921025,0.028884685832
841,18607.4864895,6,0.518927366478,0.731742867154,0.0864878944131,0.243256449631,0.0289044789011,0.243027777924,0.0286258317806,0.24486431531,0.0289575837314
841.5,18634.770194,6,0.51958791494,0.732227917934,0.0865979858234,0.243305137849,0.0288867744533,0.243443450152,0.028700280783,0.244884991037,0.0290109305871
842,18662.0538985,6,0.519379680542,0.731961540915,0.0865632800903,0.243073716044,0.0287595342456,0.243895488875,0.0287826042252,0.244398010072,0.0290211416195
842.5,18689.3376031,6,0.519006933823,0.731561861689,0.0865011556372,0.242990456239,0.0286811336918,0.244168568234,0.028816690332,0.243808531676,0.0290033316134
843,18716.6213076,6,0.51913004615,0.731770692418,0.0865216743583,0.243018378311,0.0286424343417,0.244734412557,0.0289262367842,0.243423597786,0.0289530032323
843.5,18743.9050121,6,0.519521190979,0.73220437165,0.0865868651631,0.243283237895,0.0286753183174,0.244955999406,0.0290001789773,0.243370818412,0.0289113678685
844,18771.1887167,6,0.519429921722,0.732046490015,0.0865716536204,0.243639874779,0.0287356843116,0.244566336781,0.0290071059938,0.243245955722,0.028828863315
844.5,18798.4724212,6,0.519328653205,0.731807615811,0.0865547755341,0.244163557094,0.0288353253257,0.244039399487,0.0290117163376,0.243010337025,0.0287077338708
845,18825.7561257,6,0.519271201802,0.731765666245,0.0865452003004,0.244569939207,0.0289048768072,0.243555266308,0.0289809381372,0.243046141134,0.0286593853559
845.5,18853.0398303,6,0.519113376175,0.731868363183,0.0865188960292,0.244889420138,0.0289674003844,0.24325990803,0.0288998016779,0.243124715785,0.0286516939669
846,18880.3235348,6,0.51939906002,0.732122933854,0.0865665100033,0.244838965249,0.0290256684872,0.24319438793,0.0288288406389,0.243495265421,0.0287120008772
846.5,18907.6072393,6,0.519645520812,0.732056922933,0.0866075868021,0.24441904286,0.0290609621973,0.243092990353,0.0287523192655,0.243950586908,0.0287943053393
847,18934.8909438,6,0.519199761276,0.731638415926,0.086533293546,0.243665774913,0.0289903101393,0.242977759861,0.0286667530069,0.244400582114,0.0288762303998
847.5,18962.1746484,6,0.519121541528,0.731754838133,0.0865202569214,0.243425411159,0.0289587339735,0.242977455467,0.028622558585,0.244757654641,0.0289389643629
848,18989.4583529,6,0.519177924926,0.731990514814,0.0865296541544,0.243099778699,0.0288358059598,0.243374227076,0.028689626052,0.244922174752,0.0290042221426
848.5,19016.7420574,6,0.519082352909,0.731803814476,0.0865137254848,0.243057740589,0.0287640640562,0.2437033714,0.028744233554,0.244448373882,0.0290054278746
849,19044.025762,6,0.519487331128,0.731896968321,0.0865812218546,0.243039517199,0.0287014146451,0.244322142456,0.0288645922125,0.243940997267,0.029015214997
849.5,19071.3094665,6,0.519110443731,0.73171314069,0.0865184072886,0.243124728984,0.0286749607938,0.244567135327,0.0288895329579,0.243426975851,0.0289539135369
850,19098.593171,6,0.51937260241,0.732040978248,0.0865621004016,0.24320854707,0.0286672494305,0.244916218933,0.0289801396729,0.243321900817,0.0289147112982
850.5,19125.8768756,6,0.519387144652,0.732055556776,0.0865645241087,0.243545121688,0.028716492492,0.244751762816,0.0290333351398,0.243164349553,0.028814696477
851,19153.1605801,6,0.519279716886,0.731800916771,0.086546619481,0.243929628622,0.0287816442162,0.244204771437,0.0290312501547,0.24307219313,0.02873372511
851.5,19180.4442846,6,0.519067227716,0.731678426578,0.0865112046193,0.244546318749,0.0288835530458,0.243563889558,0.0289743110046,0.242973896855,0.0286533405689
852,19207.7279891,6,0.518939822047,0.731751854601,0.0864899703412,0.244865222835,0.0289577689404,0.243260269261,0.0289055253723,0.243032041069,0.0286266760285
852.5,19235.0116937,6,0.519564933205,0.732215936574,0.0865941555342,0.244881534585,0.029011116968,0.24329351906,0.0288821307971,0.24344656258,0.0287009077691
853,19262.2953982,6,0.519421904639,0.731984286525,0.0865703174398,0.244400730088,0.0290233159465,0.243077269429,0.0287599761499,0.243911979827,0.0287870253434
853.5,19289.5791027,6,0.519001987702,0.731555950443,0.0865003312837,0.243801949697,0.0290027753355,0.242989273199,0.0286805648473,0.244170425805,0.0288169911008
854,19316.8628073,6,0.519109033074,0.731761529567,0.086518172179,0.24341959766,0.0289516763379,0.243012824237,0.028640631842,0.244734789601,0.0289258639991
854.5,19344.1465118,6,0.519504671021,0.732194244167,0.0865841118368,0.243362264955,0.0289093780338,0.243283073753,0.0286744879155,0.244954569545,0.0290002458874
855,19371.4302163,6,0.519415381653,0.732040350321,0.0865692302755,0.243235012833,0.0288245385531,0.243651369966,0.0287383560056,0.244559636259,0.0290063357167
855.5,19398.7139209,6,0.519344631182,0.731815262894,0.0865574385303,0.243015603965,0.0287085975667,0.244171538112,0.0288374837775,0.244033808869,0.0290113571861
856,19425.9976254,6,0.519268874981,0.731761423333,0.0865448124968,0.243049362481,0.0286598918699,0.244567739506,0.0289050832944,0.243550022372,0.0289798373325
856.5,19453.2813299,6,0.519113442769,0.731867910322,0.0865189071282,0.24312704018,0.028652081678,0.244889836571,0.0289686010046,0.243256727997,0.0288982244455
857,19480.5650344,6,0.519394477708,0.732117516069,0.0865657462847,0.243497391772,0.0287120220165,0.244834437401,0.0290259252364,0.243191367086,0.0288277990319
857.5,19507.848739,6,0.519619265147,0.732039646412,0.0866032108579,0.243943115639,0.0287919253331,0.244411140234,0.0290600436714,0.243091068854,0.0287512418534
858,19535.1324435,6,0.519171463696,0.73163210913,0.0865285772827,0.244404750524,0.0288744613869,0.243657153227,0.0289884666304,0.242975888771,0.0286656492655
858.5,19562.416148,6,0.51912221039,0.731757755777,0.0865203683984,0.244766802575,0.0289406144123,0.243416139648,0.0289567949265,0.242980495296,0.0286229590596
859,19589.6998526,6,0.519174199459,0.731989315484,0.0865290332431,0.244919714026,0.029003752737,0.243098113424,0.0288350997046,0.243377169581,0.0286901808015
859.5,19616.9835571,6,0.519088428599,0.731805836701,0.0865147380999,0.244444492157,0.0290055554802,0.243062031634,0.0287646201295,0.243705003936,0.0287445624902
860,19644.2672616,6,0.519478065932,0.731885716317,0.0865796776554,0.24393377889,0.0290144933841,0.243034631192,0.0286997488289,0.244323001627,0.0288654354424
860.5,19671.5509662,6,0.519135478715,0.731729307006,0.0865225797858,0.243426862559,0.0289541148431,0.243127103879,0.0286754079939,0.244581027837,0.0288930569488
861,19698.8346707,6,0.519347833697,0.732029819261,0.0865579722829,0.2433115663,0.0289107858192,0.243208969581,0.0286668527147,0.2449149512,0.0289803337491
861.5,19726.1183752,6,0.519404894301,0.732065326783,0.0865674823834,0.243175873109,0.0288170498968,0.243550592716,0.0287176750997,0.244744526069,0.0290327573869
862,19753.4020797,6,0.519271700308,0.731795154664,0.0865452833846,0.243068773485,0.0287320438037,0.243937320825,0.0287833871635,0.244194743442,0.0290298524174
862.5,19780.6857843,6,0.51907433012,0.731682919581,0.0865123883533,0.24297665438,0.0286532774347,0.244542229613,0.0288825458475,0.243569733798,0.0289765650711
863,19807.9694888,6,0.518946947524,0.731756239348,0.0864911579207,0.243036141107,0.0286274694136,0.244863060915,0.0289573212864,0.243262732062,0.0289063672207
863.5,19835.2531933,6,0.519533107028,0.732199231127,0.0865888511714,0.243449559321,0.0287014927633,0.244878513572,0.0290114450353,0.243276837031,0.0288759133728
864,19862.5368979,6,0.519464517135,0.732007052861,0.0865774195224,0.243927200183,0.0287912179264,0.24440418092,0.0290257239506,0.243081347332,0.0287604776454
864.5,19889.8206024,6,0.519003112443,0.731552878924,0.0865005187405,0.244171069652,0.0288170663442,0.243799594254,0.0290034660705,0.24298789443,0.0286799863259
865,19917.1043069,6,0.51908869909,0.731752004804,0.0865147831817,0.244734833991,0.0289255070553,0.24341573277,0.0289504923945,0.2430071152,0.0286387837318
865.5,19944.3880115,6,0.51948511282,0.732182767751,0.0865808521367,0.244954517613,0.0290006173323,0.243350758451,0.028906532646,0.243283169245,0.0286737021584
866,19971.671716,6,0.51939528907,0.732029571956,0.0865658815116,0.244553359496,0.0290057336388,0.243220518258,0.0288194800279,0.243661383329,0.0287406678449
866.5,19998.9554205,6,0.519357522511,0.731822786475,0.0865595870851,0.244028910834,0.0290111887961,0.243020719791,0.028709295173,0.24417885404,0.0288391031159
867,20026.239125,6,0.519273474898,0.731760186511,0.0865455791497,0.243544653446,0.0289788058344,0.243052203118,0.0286603628782,0.244569022284,0.0289064104371
867.5,20053.5228296,6,0.519117811289,0.731868861295,0.0865196352148,0.243255390639,0.028897186591,0.243130100247,0.0286527304636,0.244889044336,0.0289697181602
868,20080.8065341,6,0.51938623212,0.732110307038,0.0865643720201,0.243184893132,0.0288256742737,0.243500314736,0.0287122539853,0.244830764334,0.0290264437611
868.5,20108.0902386,6,0.51958402331,0.732018305043,0.0865973372183,0.243091492576,0.0287507395608,0.243930131495,0.0287877238311,0.244402362082,0.0290588738264
869,20135.3739432,6,0.519144571482,0.731627837342,0.0865240952469,0.242973494158,0.0286644420421,0.244410163278,0.0288727423234,0.243649881083,0.0289869108814
869.5,20162.6576477,6,0.51911363156,0.731756755036,0.0865189385934,0.242983559356,0.028623352872,0.244775843955,0.0289422226215,0.243403051266,0.0289533630999
870,20189.9413522,6,0.51917377291,0.73199079343,0.0865289621516,0.24338001586,0.0286907566793,0.244918378277,0.0290035866536,0.243098083211,0.0288346188188
870.5,20217.2250568,6,0.51909439039,0.731807801424,0.0865157317316,0.243707194215,0.0287450196015,0.244439984252,0.0290055521866,0.243066298719,0.0287651599435
871,20244.5087613,6,0.519465122254,0.731871960782,0.0865775203757,0.244319538345,0.028865154077,0.243928475735,0.029014302863,0.243029621628,0.0286980634357
871.5,20271.7924658,6,0.519156047878,0.731741695877,0.0865260079797,0.244592976346,0.0288962325633,0.243425421207,0.0289540742346,0.243128976432,0.0286757011817
872,20299.0761703,6,0.519320801966,0.732018891675,0.0865534669943,0.244911631985,0.0289800085897,0.24330404509,0.0289071001675,0.243208892318,0.0286663582371
872.5,20326.3598749,6,0.51941461727,0.732070779507,0.0865691028784,0.244736451277,0.0290319755715,0.243185865041,0.0288188424938,0.243554148349,0.028718284813
873,20353.6435794,6,0.51926542923,0.731791106331,0.086544238205,0.244184169853,0.0290283207032,0.243067009921,0.0287306749385,0.24394562275,0.0287852425633
873.5,20380.9272839,6,0.519078264171,0.731685695759,0.0865130440284,0.243574194481,0.0289783333004,0.242978986035,0.0286531235785,0.244538208168,0.0288815871495
874,20408.2109885,6,0.518949544108,0.731758547454,0.0864915906847,0.243265806855,0.0289072980425,0.243040102918,0.0286282198237,0.244858312869,0.0289560728186
874.5,20435.494693,6,0.519510306519,0.732187431868,0.0865850510865,0.243263796185,0.0288708430271,0.243452924109,0.0287022048561,0.244876372831,0.0290120032033
875,20462.7783975,6,0.519509970839,0.732030552915,0.0865849951399,0.243087880532,0.0287619426559,0.243941076949,0.0287949963264,0.244407269872,0.0290280561576
875.5,20490.0621021,6,0.519005165153,0.731549964103,0.0865008608588,0.242985611456,0.028679263756,0.244171636861,0.0288171024011,0.243798411437,0.0290044947017
876,20517.3458066,6,0.519069456275,0.731743303379,0.0865115760458,0.243001248308,0.0286368876253,0.244734703157,0.0289250963644,0.243413048704,0.0289495920561
876.5,20544.6295111,6,0.5194658606,0.732171860709,0.0865776434334,0.243285391984,0.0286735064993,0.244957648675,0.0290017531869,0.243334504026,0.0289023837472
877,20571.9132156,6,0.519363037257,0.732011655463,0.0865605062095,0.243666499784,0.0287414344436,0.24454583845,0.0290049271751,0.243204994049,0.0288141445909
877.5,20599.1969202,6,0.51936412968,0.731828430263,0.08656068828,0.244183324555,0.0288393908763,0.244024982608,0.0290113251961,0.243025800319,0.0287099722076
878,20626.4806247,6,0.51927560093,0.731758513475,0.0865459334883,0.244568360806,0.0289068356084,0.243540070067,0.0289781410275,0.243055762666,0.0286609568525
878.5,20653.7643292,6,0.519121842932,0.731868738968,0.0865203071553,0.24488816349,0.0289707234517,0.243252060438,0.028895869731,0.243134195291,0.0286537139727
879,20681.0480338,6,0.519383524589,0.732107157207,0.0865639207649,0.244829306661,0.0290274531705,0.243181789131,0.028824427728,0.243501745943,0.0287120398664
879.5,20708.3317383,6,0.519549115719,0.731996484758,0.0865915192865,0.244393060727,0.0290575698625,0.243090182203,0.0287499644404,0.243918938623,0.0287839849837
880,20735.6154428,6,0.51912858013,0.731629263806,0.0865214300217,0.243644804482,0.0289860775142,0.242969969184,0.0286630153876,0.244420189458,0.0288723371199
880.5,20762.8991474,6,0.519109168545,0.731757932225,0.0865181947576,0.243391549295,0.0289504354208,0.242986519493,0.0286237100755,0.244785544929,0.0289440492613
881,20790.1828519,6,0.519174014485,0.731992774811,0.0865290024142,0.243097770512,0.0288340620195,0.243383052328,0.0286914082057,0.244917616253,0.029003532189
881.5,20817.4665564,6,0.51910425649,0.731812030435,0.0865173760817,0.243071428193,0.028765959325,0.243711936404,0.028746082159,0.244434336527,0.0290053345978
882,20844.7502609,6,0.51945203587,0.731857930025,0.0865753393116,0.24302516562,0.028696605774,0.244315054489,0.0288646252408,0.24392339815,0.0290141082968
882.5,20872.0339655,6,0.51917801597,0.731756096228,0.0865296693283,0.243129630024,0.0286756779119,0.244605644004,0.028899554866,0.243426520136,0.0289544365504
883,20899.31767,6,0.519285829992,0.732005001053,0.086547638332,0.243208794401,0.0286658613428,0.244908033164,0.0289796045679,0.243293860884,0.0289021724213
883.5,20926.6013745,6,0.519418169888,0.732074619511,0.0865696949814,0.243558104562,0.028718966677,0.244727296669,0.0290308187688,0.243194894282,0.0288199095356
884,20953.8850791,6,0.519258900047,0.731787537563,0.0865431500078,0.243954050398,0.0287870387912,0.24417428527,0.0290268718427,0.243064877593,0.0287292393738
884.5,20981.1687836,6,0.519082272739,0.731688686191,0.0865137121231,0.244534731771,0.0288807779551,0.243578300671,0.0289799691419,0.242981331612,0.0286529650261
885,21008.4524881,6,0.518945145539,0.731757377533,0.0864908575898,0.244849891943,0.0289536822376,0.24326932198,0.0289082642714,0.243043841628,0.0286289110807
885.5,21035.7361927,6,0.519499900087,0.732182751862,0.0865833166811,0.244876025491,0.0290130520484,0.243251542437,0.0288659234086,0.243460863319,0.0287043412242
886,21063.0198972,6,0.519557585389,0.732054759283,0.0865929308982,0.244409590479,0.0290302399349,0.243096517767,0.0287639367718,0.243954343426,0.0287987541916
886.5,21090.3036017,6,0.51900742736,0.731546533597,0.0865012378934,0.243797623689,0.0290056965177,0.242982886548,0.0286785008187,0.244171721785,0.028817040557
887,21117.5873063,6,0.51904983295,0.731734225199,0.0865083054917,0.243410631973,0.0289488067786,0.242994991664,0.0286349045577,0.244734283253,0.0289245941554
887.5,21144.8710108,6,0.519439108325,0.732156499835,0.0865731847209,0.243313576216,0.028896775859,0.243287320308,0.0286733014852,0.244961267029,0.0290031073767
888,21172.1547153,6,0.519330965814,0.731992875605,0.086555160969,0.243190346177,0.0288092944879,0.243670244235,0.028741822594,0.244537953514,0.029004043887
888.5,21199.4384198,6,0.519363194289,0.731829925978,0.0865605323815,0.243028800638,0.0287101052633,0.244186305486,0.0288391088944,0.244020507192,0.0290113182237
889,21226.7221244,6,0.519283158403,0.731759988731,0.0865471930672,0.243059107459,0.0286614448166,0.244567451672,0.0289072345264,0.243539129689,0.0289785137243
889.5,21254.0058289,6,0.519124689811,0.731869021091,0.0865207816351,0.243138217056,0.0286546564489,0.244891198587,0.02897240931,0.243245298387,0.0288937158762
890,21281.2895334,6,0.519385328978,0.732106728705,0.0865642214963,0.24350380943,0.0287120817077,0.244827699077,0.0290284199748,0.243180899141,0.0288237198138
890.5,21308.573238,6,0.519505460214,0.731969916806,0.086584243369,0.243907840198,0.0287803909178,0.244383512031,0.0290561279853,0.243084241896,0.0287477244658
891,21335.8569425,6,0.51911697257,0.731633423158,0.0865194954284,0.244429751799,0.0288719056201,0.243639511292,0.0289851750866,0.242969841589,0.0286624147217
891.5,21363.140647,6,0.519111166699,0.731763456768,0.0865185277832,0.24479941973,0.0289468302638,0.243380727413,0.0289477314022,0.242988989928,0.0286239661171
892,21390.4243516,6,0.519179421476,0.731997099032,0.0865299035793,0.244919739715,0.0290045577474,0.243097132753,0.0288334261749,0.243385906813,0.028691919657
892.5,21417.7080561,6,0.519114050383,0.731816355251,0.0865190083971,0.244427406525,0.0290048905786,0.243077575661,0.0287669405891,0.243717063117,0.0287471772294
893,21444.9917606,6,0.519432036637,0.731840588183,0.0865720061062,0.24391736181,0.0290135702482,0.243022153499,0.0286955530282,0.244306767367,0.0288628828298
893.5,21472.2754651,6,0.519196613524,0.731769442977,0.0865327689206,0.243428583517,0.0289548846425,0.243129270441,0.0286754160666,0.244617274213,0.0289024682114
894,21499.5591697,6,0.519245996477,0.731989981419,0.0865409994128,0.243284129914,0.0288973614451,0.243210328177,0.0286657449107,0.244901189862,0.0289778930569
894.5,21526.8428742,6,0.519424702192,0.732081017484,0.0865707836987,0.243205238019,0.0288212622436,0.243561591276,0.0287195517687,0.244719852374,0.0290299696864
895,21554.1265787,6,0.519247063707,0.731780920925,0.0865411772845,0.243060463165,0.0287272450135,0.243961581057,0.0287885322041,0.244164559416,0.0290254000669
895.5,21581.4102833,6,0.519082920378,0.731689699735,0.0865138200629,0.242984130701,0.0286529972452,0.244531520327,0.0288799985554,0.243579746208,0.0289808242623
896,21608.6939878,6,0.518941577422,0.731756657781,0.0864902629036,0.243048274391,0.0286298674416,0.244843037799,0.0289516049996,0.24327103928,0.0289087904624
896.5,21635.9776923,6,0.519492113738,0.732180794854,0.0865820189563,0.243471516008,0.0287071341042,0.244877355286,0.0290144295087,0.243237601333,0.0288604553434
897,21663.2613969,6,0.519612296295,0.732082587797,0.0866020493825,0.243968315528,0.0288028418475,0.244411659499,0.0290323564334,0.243108287617,0.0287668511016
897.5,21690.5451014,6,0.519011306902,0.731543953657,0.0865018844837,0.244170906611,0.0288168137803,0.243796485375,0.0290067570605,0.242982241514,0.0286783136429
898,21717.8288059,6,0.519032171993,0.731726578661,0.0865053619988,0.244734155744,0.0289241121665,0.243409015228,0.0289482249041,0.242989085199,0.0286330249282
898.5,21745.1125104,6,0.519413372979,0.732141213586,0.0865688954965,0.24496441836,0.0290043551052,0.243292156319,0.0288910498318,0.243290316615,0.0286734905595
899,21772.396215,6,0.51929187395,0.731970351751,0.0865486456584,0.244529973748,0.0290031211109,0.243173285325,0.0288035471375,0.243672781393,0.0287419774101
899.5,21799.6799195,6,0.519342429825,0.731822706949,0.0865570716375,0.244015375495,0.029011089035,0.243028194535,0.0287089441078,0.244184833868,0.0288370384947
900,21826.963624,6,0.519293575766,0.731764931243,0.0865489292944,0.24353857436,0.0289789157314,0.243062447707,0.028661845724,0.24456959988,0.028908167839
900.5,21854.2473286,6,0.519130727056,0.731870971019,0.0865217878427,0.243243523356,0.0288931116746,0.243141223978,0.0286552518877,0.244891895869,0.0289734242804
901,21881.5310331,6,0.519385364757,0.732104735047,0.0865642274595,0.243178935164,0.0288229249818,0.243505419929,0.0287119492522,0.244826044088,0.0290293532255
901.5,21908.8147376,6,0.519459026779,0.731939760998,0.0865765044631,0.243077967311,0.02874540607,0.243893538207,0.0287764339829,0.244373936018,0.0290546644102
902,21936.0984422,6,0.519109230173,0.73163886612,0.0865182050289,0.242969792172,0.0286618381881,0.244440809427,0.0288721889191,0.243633963833,0.0289841779217
902.5,21963.3821467,6,0.519109281838,0.731766341703,0.0865182136397,0.242991304134,0.0286241728228,0.24481098601,0.0289490687045,0.243369749336,0.0289449721124
903,21990.6658512,6,0.519186109694,0.732002211609,0.0865310182824,0.243389745114,0.0286927148043,0.24492175997,0.0290055577367,0.243096388667,0.0288327457415
903.5,22017.9495557,6,0.519121656587,0.731819945034,0.0865202760978,0.243722272325,0.0287482849738,0.244420379349,0.029004401481,0.243082967874,0.028767589643
904,22045.2332603,6,0.519406889419,0.731821785394,0.0865678149032,0.244295918884,0.0288600971457,0.243911260582,0.0290129869791,0.243020280189,0.0286947307783
904.5,22072.5169648,6,0.519208284227,0.731778488828,0.0865347140378,0.244628610485,0.0289050940517,0.243427433092,0.0289546569721,0.243128121837,0.028674963014
905,22099.8006693,6,0.519217118391,0.731981431656,0.0865361863986,0.244897130042,0.028976929227,0.243275387126,0.0288928820288,0.243214591404,0.0286663751428
905.5,22127.0843739,6,0.519447735479,0.732096030752,0.0865746225798,0.244711854949,0.0290289311089,0.243221470126,0.0288245351531,0.243568390091,0.0287211563178
906,22154.3680784,6,0.519235053652,0.731772875265,0.0865391756087,0.244157366952,0.0290246713143,0.243053019428,0.0287246738297,0.243968184559,0.0287898304647
906.5,22181.6517829,6,0.519080072785,0.731688459772,0.0865133454641,0.243579359115,0.0289811434854,0.242987953579,0.0286532197458,0.244526838987,0.028878982233
907,22208.9354875,6,0.518944165643,0.73175969889,0.0864906942739,0.243272636807,0.0289092701803,0.243051760089,0.0286307327161,0.244840976047,0.0289506913775
907.5,22236.219192,6,0.519481641225,0.73217726721,0.0865802735375,0.243222702002,0.0288546482442,0.243482111573,0.0287099102814,0.244878114283,0.0290157150119
908,22263.5028965,6,0.519671670881,0.732113309824,0.0866119451468,0.243118567963,0.0287690716809,0.243986537625,0.0288083549704,0.244413878703,0.0290345184955
908.5,22290.786601,6,0.519014768345,0.731541399607,0.0865024613908,0.24298495536,0.0286788472031,0.244168071376,0.0288162339654,0.243794069606,0.0290073802223
909,22318.0703056,6,0.519017517047,0.731720663701,0.0865029195078,0.242984100415,0.0286314446589,0.244732227932,0.028923068368,0.243410032681,0.0289484064809
909.5,22345.3540101,6,0.519388838386,0.732126301504,0.0865648063977,0.243293079869,0.0286736283592,0.244968384054,0.0290058681623,0.243270521588,0.0288853098763
910,22372.6377146,6,0.519252016527,0.731946964284,0.0865420027545,0.243674034958,0.0287418121158,0.244521891894,0.0290022133352,0.243156713714,0.0287979773034
910.5,22399.9214192,6,0.51931936847,0.73181447423,0.0865532280783,0.244181780502,0.0288344807477,0.244010268808,0.0290108666089,0.243028101129,0.0287078807216
911,22427.2051237,6,0.519304165044,0.731770916096,0.086550694174,0.244574548126,0.0289096207684,0.243536549255,0.0289788957464,0.243065497634,0.0286621776592
911.5,22454.4888282,6,0.519135806414,0.731873595251,0.0865226344024,0.244890149046,0.0289733384641,0.243245588435,0.0288936868416,0.243143536913,0.0286556090967
912,22481.7725328,6,0.519383588772,0.732102383106,0.0865639314621,0.244824354844,0.0290300508628,0.243175486044,0.0288218402708,0.24350822602,0.0287120403285
912.5,22509.0562373,6,0.51940953823,0.731908382574,0.0865682563716,0.244364340385,0.0290531242338,0.243073342045,0.0287438657785,0.243876396177,0.0287712663594
913,22536.3399418,6,0.519114070528,0.731650176084,0.0865190117547,0.243630636179,0.0289837875992,0.242968345237,0.0286609630743,0.244456891611,0.0288742610812
913.5,22563.6236463,6,0.519100636588,0.731764461413,0.0865167727647,0.243358182546,0.0289420355679,0.24299360213,0.0286243482926,0.244818356298,0.0289503889042
914,22590.9073509,6,0.51918709036,0.732004859609,0.0865311817267,0.243095707237,0.0288320382685,0.243391929117,0.0286929243561,0.244922886068,0.0290062191021
914.5,22618.1910554,6,0.519125212547,0.731822405293,0.0865208687578,0.24308669743,0.0287676788995,0.243728002307,0.0287493187581,0.244413375594,0.0290038711002
915,22645.4747599,6,0.519366478251,0.731795073569,0.0865610797084,0.24301857085,0.0286938492904,0.244277162475,0.0288549321204,0.243905028271,0.0290122982976
915.5,22672.7584645,6,0.519222062409,0.731788305017,0.0865370104014,0.243128206776,0.0286749311951,0.24464171313,0.0289081191677,0.243424081379,0.0289539600386
916,22700.042169,6,0.519209920699,0.731983804711,0.0865349867832,0.243221087205,0.0286677403107,0.244892965246,0.0289758616313,0.243275438226,0.0288913848411
916.5,22727.3258735,6,0.519470233157,0.732108590288,0.0865783721928,0.243571785094,0.0287218260754,0.244703075112,0.0290274414632,0.243239404936,0.0288291046542
917,22754.6095781,6,0.51922086413,0.731762546549,0.0865368106883,0.243976372763,0.0287915290887,0.244150605652,0.0290239987977,0.243041243392,0.0287212828019
917.5,22781.8932826,6,0.519083752974,0.731690190638,0.086513958829,0.244524217964,0.0288787211296,0.243579257985,0.028981545517,0.24299239198,0.0286536921825
918,22809.1769871,6,0.518945910693,0.73176199107,0.0864909851156,0.244839652744,0.0289500595111,0.243273287711,0.028909424152,0.243054728016,0.0286315014525
918.5,22836.4606916,6,0.519473884687,0.732175922397,0.0865789807811,0.244878378958,0.0290167775221,0.243210922042,0.0288496363578,0.243492300475,0.0287125669013
919,22863.7443962,6,0.519723854658,0.732140545019,0.0866206424431,0.244417283871,0.0290369760354,0.24312698514,0.0287707543964,0.24400196832,0.0288129120112
919.5,22891.0281007,6,0.519010257053,0.731535794942,0.0865017095089,0.243789131059,0.0290071538601,0.242985916007,0.028678749097,0.244166447068,0.0288158065518
920,22918.3118052,6,0.518993820168,0.731709297303,0.086498970028,0.243404605791,0.0289467966688,0.242979548881,0.0286299411663,0.244730824679,0.0289222321929
920.5,22945.5955098,6,0.519364381076,0.732111545051,0.0865607301794,0.243250857372,0.0288800021234,0.243296312526,0.0286739334749,0.244970039114,0.0290067945811
921,22972.8792143,6,0.519220159389,0.731927416063,0.0865366932315,0.243139648931,0.0287924170271,0.243676381977,0.0287419238263,0.244517053506,0.0290023523781
921.5,23000.1629188,6,0.519299034307,0.731808081055,0.0865498390512,0.243031185266,0.0287074894459,0.244178337938,0.0288318624143,0.244004244706,0.029010487191
922,23027.4466234,6,0.519306832442,0.731773792535,0.0865511387404,0.243068180373,0.0286623561623,0.24457909156,0.0289105610925,0.243532219612,0.0289782214856
922.5,23054.7303279,6,0.519145668152,0.731879006709,0.0865242780253,0.243147009882,0.0286563453323,0.244888973952,0.0289731025999,0.24324871431,0.028894830093
923,23082.0140324,6,0.51938333164,0.732100914541,0.0865638886066,0.24351077582,0.0287121450189,0.244822918825,0.0290307595665,0.243172897672,0.0288209840211
923.5,23109.2977369,6,0.519370239443,0.731882416775,0.0865617065738,0.243863339102,0.0287674794776,0.244355387037,0.0290516791332,0.243069367025,0.028742547963
924,23136.5814415,6,0.519126853029,0.731665043216,0.0865211421716,0.244474577594,0.0288771662222,0.243628049036,0.0289836160277,0.242968096011,0.0286603599217
924.5,23163.865146,6,0.519074315312,0.73175315045,0.0865123858854,0.244822248488,0.0289509137566,0.243340360107,0.028936926843,0.242996220823,0.0286245452858
925,23191.1488505,6,0.519186059901,0.73200745701,0.0865310099836,0.244921828072,0.0290063346249,0.243097656443,0.0288317055291,0.243393651469,0.0286929698295
925.5,23218.4325551,6,0.519125013674,0.731822881882,0.0865208356123,0.244406594185,0.029003347095,0.243090113469,0.0287676891736,0.243731863322,0.0287497993437
926,23245.7162596,6,0.519312736073,0.731761999343,0.0865521226788,0.243899223354,0.0290116956725,0.243017198495,0.028692893875,0.244251271077,0.0288475331313
926.5,23272.9999641,6,0.519234419943,0.731797190512,0.0865390699904,0.243421749156,0.0289535336239,0.243125947501,0.0286743620609,0.244655176552,0.0289111743056
927,23300.2836687,6,0.519211763988,0.73199090103,0.086535293998,0.243277264326,0.0288903709637,0.243227942808,0.0286691810028,0.244891358499,0.0289757420314
927.5,23327.5673732,6,0.519489049826,0.7321170223,0.0865815083043,0.243255203933,0.0288335785648,0.243573539757,0.028722032685,0.244693941852,0.0290258970545
928,23354.8510777,6,0.519204001131,0.731749972167,0.0865340001885,0.24302874898,0.0287179583193,0.243983922309,0.0287928817866,0.244142983395,0.0290231600827
928.5,23382.1347822,6,0.519100337388,0.731699163617,0.086516722898,0.242997260887,0.0286543286376,0.24452781425,0.0288802493485,0.243579785262,0.0289821449119
929,23409.4184868,6,0.518953805435,0.73176749442,0.0864923009059,0.243058781843,0.0286326609381,0.244839733557,0.0289499170701,0.243274671552,0.0289097228976
929.5,23436.7021913,6,0.519471086622,0.732177087779,0.0865785144371,0.243502138535,0.0287151369971,0.244878710692,0.0290178442709,0.243201915429,0.028845533169
930,23463.9858958,6,0.519755613744,0.732156499997,0.0866259356241,0.244010423414,0.0288153289048,0.244421883741,0.0290397377052,0.24312986732,0.0287708690141
930.5,23491.2696004,6,0.519010880129,0.731533637467,0.0865018133548,0.244167393469,0.0288159670724,0.243784035551,0.0290068684088,0.242987889092,0.0286789778737
931,23518.5533049,6,0.518987246531,0.731705397008,0.0864978744219,0.244732565507,0.0289227651082,0.243404293375,0.0289468138686,0.242974216315,0.0286282954452
931.5,23545.8370094,6,0.519339848409,0.732096356882,0.0865566414015,0.244969390597,0.0290071636667,0.243233169549,0.0288752604044,0.243299474886,0.0286742173304
932,23573.120714,6,0.519194503775,0.731911569162,0.0865324172958,0.244512148688,0.0290023569311,0.243125437001,0.028787731675,0.243679672008,0.0287423286896
932.5,23600.4044185,6,0.519278730889,0.731800305737,0.0865464551481,0.243997277753,0.0290097889476,0.243034212323,0.028707267716,0.244174511635,0.0288293984845
933,23627.688123,6,0.519309283036,0.731777396943,0.0865515471726,0.243529159038,0.028977883873,0.24307048108,0.0286624629084,0.244583445981,0.0289112003912
933.5,23654.9718275,6,0.519167008863,0.731890863583,0.0865278348104,0.24325523134,0.0288971313973,0.243153314456,0.0286577818662,0.244887988324,0.028972921547
934,23682.2555321,6,0.519381952648,0.732098043833,0.0865636587747,0.243169472563,0.0288199559298,0.24351312475,0.0287123349565,0.244821109933,0.0290313678885
934.5,23709.5392366,6,0.519346982047,0.73186509739,0.0865578303411,0.243067797179,0.0287418780688,0.243856969453,0.0287658507083,0.244346010916,0.029050101564
935,23736.8229411,6,0.519136620053,0.731677916147,0.0865227700088,0.242966925181,0.0286595078021,0.24449126038,0.028879842798,0.243625428249,0.0289834194087
935.5,23764.1066457,6,0.519036403879,0.73173653518,0.0865060673132,0.242998767632,0.0286246963935,0.244823745807,0.0289506250732,0.243319718246,0.0289307458466
936,23791.3903502,6,0.519182415582,0.732007959998,0.086530402597,0.243393363703,0.0286925672813,0.244920796219,0.0290064741149,0.243099480526,0.0288313612008
936.5,23818.6740547,6,0.51912336374,0.731822231699,0.0865205606233,0.2437366942,0.0287505009247,0.24440051533,0.029002938542,0.243090695394,0.0287671211566
937,23845.9577593,6,0.519256544804,0.731728309796,0.0865427574673,0.2442266327,0.0288404609985,0.243891968173,0.0290106044426,0.243015382314,0.0286916920262
937.5,23873.2414638,6,0.519248689791,0.731807963253,0.0865414482986,0.244667439229,0.0289139144562,0.243422903082,0.0289539200145,0.243123295228,0.0286736138278
938,23900.5251683,6,0.519228920762,0.732005699561,0.0865381534604,0.244890932818,0.0289760123308,0.243286955575,0.0288919537656,0.243233486334,0.0286701873641
938.5,23927.8088728,6,0.51950396689,0.732121596861,0.0865839944816,0.24468449379,0.0290242202314,0.243266966696,0.0288374282919,0.2435758199,0.0287223459584
939,23955.0925774,6,0.519188459786,0.731738683109,0.0865314099643,0.244134514149,0.0290220799641,0.243019026026,0.028715284533,0.243990837876,0.0287940454673
939.5,23982.3762819,6,0.51911493816,0.731707032297,0.08651915636,0.24357940783,0.0289824292875,0.242999890029,0.028654349083,0.24453342499,0.0288823779896
940,24009.6599864,6,0.518970748513,0.731778295,0.0864951247521,0.243276536775,0.0289101251753,0.243063934124,0.0286341160847,0.244843496796,0.0289508834921
940.5,24036.943691,6,0.519471036036,0.73217889359,0.086578506006,0.243194622291,0.0288420415459,0.243510686546,0.0287175047572,0.244879244894,0.029018959703
941,24064.2273955,6,0.519787611275,0.732172008014,0.0866312685459,0.243135130842,0.0287718270413,0.244016223925,0.0288169959696,0.24442632801,0.0290424455349
941.5,24091.5111,6,0.519023938898,0.731535264268,0.0865039898164,0.242989203774,0.0286790717164,0.244176759002,0.0288192137392,0.243774999285,0.0290057043608
942,24118.7948046,6,0.518986675667,0.731701466389,0.0864977792778,0.242968772574,0.0286266023157,0.244732880839,0.0289238843559,0.243405510763,0.0289472926062
942.5,24146.0785091,6,0.519319819953,0.732083243201,0.0865533033255,0.243302734074,0.0286745316094,0.24496860577,0.0290076203049,0.243217587245,0.0288711514112
943,24173.3622136,6,0.519174845223,0.73189848072,0.0865291408705,0.243684820392,0.0287433259679,0.244507316225,0.0290023711175,0.24311201979,0.0287834437851
943.5,24200.6459181,6,0.519258204339,0.731791764135,0.0865430340564,0.244171624022,0.0288273206353,0.243989673107,0.029008859363,0.24303614236,0.0287068540582
944,24227.9296227,6,0.519307846714,0.731780658281,0.0865513077857,0.244587193731,0.0289112302848,0.243524068287,0.0289768209931,0.243075074193,0.0286632565078
944.5,24255.2133272,6,0.51919144881,0.73190630544,0.0865319081351,0.244888881124,0.0289730094224,0.243264248819,0.0288999334378,0.24315885356,0.0286589652749
945,24282.4970317,6,0.519369043172,0.732087878318,0.0865615071953,0.244816513578,0.0290311193943,0.24316493879,0.0288187180089,0.243512109393,0.0287116697922
945.5,24309.7807363,6,0.519330330293,0.731852466357,0.0865550550489,0.244337796669,0.0290487909939,0.243069605996,0.0287420037085,0.243850759133,0.0287642603465
946,24337.0644408,6,0.519148875181,0.731691597021,0.0865248125301,0.243622586065,0.0289831572857,0.24296638782,0.028659069964,0.244508318299,0.0288825852804
946.5,24364.3481453,6,0.519015050088,0.731728532226,0.0865025083481,0.243306090835,0.0289263891213,0.242999670895,0.0286245652137,0.244828448908,0.0289515540131
947,24391.6318499,6,0.519191448671,0.732012072528,0.0865319081118,0.243107996269,0.0288335490686,0.243390812769,0.0286916254628,0.244918925148,0.0290067335803
947.5,24418.9155544,6,0.519122601261,0.731821273313,0.0865204335435,0.2430893582,0.028766337947,0.243743564255,0.0287516361588,0.244394020411,0.0290024594377
948,24446.1992589,6,0.5192134979,0.731701817547,0.0865355829833,0.243017043378,0.0286915246544,0.24420322537,0.0288337265568,0.243887236557,0.0290103317721
948.5,24473.4829634,6,0.519256716619,0.73181445682,0.0865427861031,0.243119281648,0.0286725695283,0.24467723756,0.0289159898852,0.243423631732,0.0289542266896
949,24500.766668,6,0.519248700622,0.732022885226,0.0865414501037,0.243238704675,0.0286710950936,0.244890637552,0.0289761861185,0.243299226949,0.0288941688916
949.5,24528.0503725,6,0.519505050538,0.7321198931,0.0865841750896,0.243577333883,0.028722303417,0.244675094013,0.0290225187802,0.243273139083,0.0288393528924
950,24555.334077,6,0.519175242396,0.731730836539,0.086529207066,0.243998262465,0.0287952386115,0.244125968708,0.0290209635955,0.243012279994,0.028713004859
950.5,24582.6177816,6,0.519132385675,0.731716592871,0.0865220642792,0.244542878949,0.0288856339578,0.243578554937,0.0289825847133,0.243000835474,0.0286538456081
951,24609.9014861,6,0.518986759854,0.73178855108,0.086497793309,0.244846213903,0.0289515909591,0.243278074374,0.0289103876368,0.243069939627,0.0286358147131
951.5,24637.1851906,6,0.519473625674,0.732181211679,0.0865789376124,0.244879929437,0.0290200283325,0.243189720617,0.0288394870914,0.243517240802,0.0287194221886
952,24664.4688952,6,0.519818104844,0.732185612557,0.0866363508074,0.244430958474,0.0290452582678,0.243140063439,0.0287728217948,0.244020283396,0.0288182707448
952.5,24691.7525997,6,0.519037560934,0.731536780379,0.0865062601557,0.243766427711,0.0290046559392,0.242989225229,0.0286787535144,0.244186827372,0.0288228507021
953,24719.0363042,6,0.518992477761,0.731701019237,0.0864987462934,0.243410554219,0.0289490580912,0.242963431959,0.0286248942285,0.244732715451,0.0289247939737
953.5,24746.3200087,6,0.519300493242,0.732070416746,0.086550082207,0.2432025701,0.0288674050348,0.243306095703,0.0286748104414,0.244967415236,0.0290078667308
954,24773.6037133,6,0.519128105691,0.731868488259,0.0865213509485,0.243085754547,0.028775899911,0.243685331513,0.0287429050551,0.244503070796,0.0290025459824
954.5,24800.8874178,6,0.519244056462,0.73178840997,0.086540676077,0.243041520809,0.0287071238621,0.244170872501,0.0288256685917,0.243981703254,0.0290078836233
955,24828.1711223,6,0.519301124559,0.731781385618,0.0865501874265,0.243078585906,0.028663888727,0.244591505227,0.0289112597297,0.243516992744,0.0289750389697
955.5,24855.4548269,6,0.519222779997,0.731926017464,0.0865371299995,0.24316446564,0.0286601579813,0.24489064663,0.028973326409,0.243276595363,0.0289036456092
956,24882.7385314,6,0.519352458497,0.732074842727,0.0865587430829,0.243510402069,0.0287109027422,0.24481085089,0.0290306750127,0.243159267076,0.028817165328
956.5,24910.0222359,6,0.519321925624,0.731845024661,0.0865536542706,0.243847915236,0.0287634528696,0.24433109859,0.0290480186085,0.243071686662,0.0287421827925
957,24937.3059405,6,0.519152606353,0.73169853795,0.0865254343922,0.24451909061,0.0288840183198,0.243618914666,0.0289827392532,0.242966211054,0.0286586768192
957.5,24964.589645,6,0.518991167562,0.731718157474,0.086498527927,0.244832857217,0.0289524556666,0.243290108416,0.0289215771218,0.243000870465,0.0286244951386
958,24991.8733495,6,0.519218897864,0.732027628635,0.0865364829774,0.244918538072,0.0290074397239,0.243119257202,0.0288366402547,0.24339551177,0.0286924029988
958.5,25019.157054,6,0.519122342953,0.731820303287,0.0865203904922,0.244388322862,0.0290021863241,0.243087688896,0.0287654968676,0.243749980432,0.0287527073006
959,25046.4407586,6,0.519167649462,0.731675548113,0.0865279415771,0.243880714301,0.029009439749,0.243015327042,0.0286902091714,0.244185200036,0.0288282926567
959.5,25073.7244631,6,0.519254893218,0.731815088215,0.086542482203,0.243422077268,0.0289539377327,0.243115292346,0.0286714035028,0.244683399293,0.0289171409674
960,25101.0081676,6,0.519275390889,0.732043418943,0.0865458984815,0.243313403983,0.0288971874336,0.243243844451,0.028671956635,0.244891833533,0.028976754413
960.5,25128.2918722,6,0.519508211521,0.732118920724,0.0865847019202,0.243279356577,0.0288414669859,0.243580208988,0.028722622516,0.244665018407,0.0290206124183
961,25155.5755767,6,0.519164132922,0.731723816551,0.0865273554871,0.243007157246,0.0287113626591,0.244004719873,0.0287961143808,0.244117622247,0.0290198784472
961.5,25182.8592812,6,0.519160605206,0.731731892936,0.0865267675343,0.243001564546,0.0286533926159,0.244557656273,0.0288904323208,0.243578368695,0.0289829425977
962,25210.1429858,6,0.518997194767,0.731795488718,0.0864995324612,0.243075650458,0.0286374363938,0.24484699488,0.0289518092431,0.243278535565,0.0289102868242
962.5,25237.4266903,6,0.519489565456,0.732190896303,0.0865815942427,0.243523835676,0.0287213354617,0.244881753789,0.0290214792504,0.24319098389,0.0288387795306
963,25264.7103948,6,0.519842426869,0.732194077008,0.0866404044781,0.244021216636,0.0288188411597,0.244435480074,0.0290481556739,0.243143055609,0.0287734076446
963.5,25291.9940993,6,0.519056379865,0.731540054299,0.0865093966441,0.244201002186,0.0288278336595,0.243757104542,0.0290035343482,0.242987629652,0.0286780286364
964,25319.2778039,6,0.518998435269,0.731701661546,0.0864997392116,0.244731384245,0.028925254071,0.243416130021,0.0289509138572,0.242959826818,0.0286235712833
964.5,25346.5615084,6,0.519282720649,0.732060813928,0.0865471201081,0.244967295608,0.0290083426288,0.243189801784,0.0288638262904,0.24330939593,0.0286749511889
965,25373.8452129,6,0.519074975348,0.731835137791,0.0865124958913,0.244498836772,0.0290027499719,0.243059805396,0.0287684040411,0.243682184964,0.0287413418784
965.5,25401.1289175,6,0.519238964872,0.731788568739,0.0865398274787,0.243977381694,0.0290082317536,0.243046048658,0.0287074581005,0.244170833981,0.0288241376246
966,25428.412622,6,0.519298556177,0.731783744226,0.0865497593628,0.243508448461,0.0289730080564,0.243084200246,0.028665216769,0.244596783871,0.0289115345374
966.5,25455.6963265,6,0.51925466015,0.731944293913,0.0865424433583,0.24328602819,0.0289065733789,0.243168672547,0.0286610353086,0.244895262817,0.0289748346707
967,25482.9800311,6,0.519333723389,0.732059957446,0.0865556205649,0.24315336796,0.0288155287662,0.243509302115,0.0287102575437,0.244802951159,0.0290298342549
967.5,25510.2637356,6,0.519319001202,0.731840889753,0.086553166867,0.243074076434,0.0287424496442,0.243847663009,0.0287632533843,0.244324830694,0.0290474638385
968,25537.5474401,6,0.519150483233,0.731703017906,0.0865250805388,0.242965025733,0.0286579203773,0.244533020443,0.0288861728998,0.243610669009,0.0289809872617
968.5,25564.8311446,6,0.518968302616,0.731709817101,0.0864947171027,0.243002480776,0.0286244545262,0.244833076205,0.0289523944992,0.243279956334,0.0289178680773
969,25592.1148492,6,0.519251383923,0.732045989217,0.0865418973205,0.243400513621,0.0286932576227,0.244916969831,0.0290078944285,0.24313418555,0.0288407452693
969.5,25619.3985537,6,0.519131981613,0.731825642565,0.0865219969355,0.243759870134,0.0287546862124,0.244385147328,0.0290025314515,0.243086298438,0.0287647792717
970,25646.6822582,6,0.519136024908,0.731656983012,0.086522670818,0.244173120223,0.0288245970091,0.243874000359,0.0290084798065,0.243015536344,0.0286895940025
970.5,25673.9659628,6,0.519250781279,0.731813949264,0.0865417968798,0.244689075302,0.0289182719287,0.243421532011,0.0289539031406,0.243109015612,0.0286696218105
971,25701.2496673,6,0.519300600839,0.732063439418,0.0865501001399,0.244894658585,0.0289776705513,0.243326382162,0.0288999037351,0.243248073384,0.0286725258536
971.5,25728.5333718,6,0.519526145375,0.732126140989,0.0865876908959,0.244656224356,0.0290190806518,0.243287783402,0.0288443073339,0.243587817524,0.0287243029102
972,25755.8170764,6,0.519150171328,0.73171453675,0.0865250285547,0.244108609589,0.0290186446612,0.243001960181,0.0287098322816,0.244009662607,0.028796551612
972.5,25783.1007809,6,0.519195070952,0.73175054679,0.0865325118253,0.243577939233,0.0289831259071,0.243003384904,0.0286533075033,0.244574913266,0.028896078415
973,25810.3844854,6,0.519007300963,0.73180193728,0.0865012168272,0.243277574234,0.0289097272845,0.243081983321,0.028639234637,0.244848052801,0.0289522549057
973.5,25837.6681899,6,0.519488088425,0.732189983159,0.0865813480708,0.243193543244,0.0288383591295,0.243520560887,0.0287204312185,0.244881540436,0.0290225577228
974,25864.9518945,6,0.519854478176,0.732197855248,0.0866424130294,0.243143928726,0.0287732685095,0.244019773424,0.028818096257,0.244439829891,0.0290510482629
974.5,25892.235599,6,0.519079744399,0.731546854218,0.0865132907332,0.242985666698,0.0286772138335,0.24421928355,0.0288337258239,0.243747603958,0.0290023510758
975,25919.5193035,6,0.519007460387,0.731703414039,0.0865012433978,0.242958377328,0.0286227299702,0.244728765592,0.0289256394765,0.243421970594,0.0289528739511
975.5,25946.8030081,6,0.519257478744,0.732046590971,0.086542913124,0.243314089061,0.0286756632382,0.244965998492,0.0290087227593,0.243172188622,0.0288585271266
976,25974.0867126,6,0.519034147588,0.731809382229,0.0865056912647,0.243678109256,0.0287396095907,0.244494729012,0.0290030673039,0.243042220631,0.0287630143701
976.5,26001.3704171,6,0.519249763995,0.731796620244,0.0865416273324,0.244179187813,0.0288251444267,0.243973966087,0.0290088686668,0.243049141656,0.0287076142389
977,26028.6541217,6,0.519282620278,0.731778081863,0.0865471033797,0.244594121177,0.0289095138646,0.243499620742,0.0289709592444,0.243090017985,0.0286666302708
977.5,26055.9378262,6,0.519286314838,0.731963460489,0.0865477191396,0.244901615593,0.0289765650851,0.243295954737,0.0289096430987,0.243171568163,0.0286615109558
978,26083.2215307,6,0.519315258006,0.732044805493,0.0865525430009,0.244796017255,0.0290294106644,0.243146399799,0.0288135956061,0.24350807274,0.0287095367304
978.5,26110.5052352,6,0.519324767081,0.731843589938,0.0865541278468,0.244316349276,0.029046450294,0.243078533354,0.0287431872259,0.243854402925,0.028764490327
979,26137.7889398,6,0.519122390833,0.731691108995,0.0865203984721,0.243592278167,0.0289762735105,0.242962962998,0.0286569139655,0.244541562612,0.0288872109961
979.5,26165.0726443,6,0.518943592083,0.731703725947,0.0864905986804,0.243271570729,0.0289141059965,0.243004199891,0.0286243966906,0.244833633307,0.0289520959934
980,26192.3563488,6,0.519286216641,0.732066370585,0.0865477027735,0.243151032577,0.0288453039706,0.243405756575,0.0286941579076,0.244915242787,0.0290082408953
980.5,26219.6400534,6,0.51914559519,0.731833332651,0.086524265865,0.243084894349,0.0287640261643,0.243769591514,0.0287565571125,0.244384517321,0.0290036825882
981,26246.9237579,6,0.519105632554,0.731639317342,0.0865176054257,0.243016763092,0.0286893274567,0.244163154174,0.0288212874034,0.243865089182,0.0290069905656
981.5,26274.2074624,6,0.519251339608,0.731815763313,0.0865418899346,0.24310164329,0.0286674692191,0.244694804693,0.0289195207825,0.243425009313,0.028954899933
982,26301.491167,6,0.519336502805,0.732089764351,0.0865560838008,0.243252320393,0.0286730490083,0.244903345871,0.028980324099,0.243339781621,0.0289027106934
982.5,26328.7748715,6,0.519533839466,0.732126807496,0.0865889732443,0.243595636166,0.028726205738,0.244647887198,0.0290178543048,0.243288958933,0.0288449132015
983,26356.058576,6,0.519139551538,0.731708403901,0.0865232585897,0.244015350593,0.0287971965681,0.244099055434,0.0290172792318,0.242999673737,0.0287087827897
983.5,26383.3422805,6,0.519212516966,0.731759261344,0.0865354194943,0.244581512215,0.0288986692544,0.243578900371,0.0289837247805,0.243004526278,0.0286530254595
984,26410.6259851,6,0.519015621852,0.731808983767,0.086502603642,0.244849854063,0.0289524427101,0.243276396717,0.0289091389264,0.243088411255,0.0286410220054
984.5,26437.9096896,6,0.519480981932,0.732186093664,0.0865801636553,0.244882775274,0.0290238823701,0.243194608246,0.0288375578053,0.243514391276,0.0287187234799
985,26465.1933941,6,0.519859382763,0.732198301284,0.0866432304606,0.24444340538,0.0290537549788,0.24314181259,0.028772086182,0.244018778161,0.0288173892997
985.5,26492.4770987,6,0.519104775073,0.731555671973,0.0865174625122,0.243738803776,0.0290012483987,0.242984758193,0.0286764790997,0.244237811758,0.0288397350138
986,26519.7608032,6,0.519018767949,0.731706206335,0.0865031279915,0.243429257645,0.0289553031618,0.242957313887,0.0286219212055,0.244725318751,0.0289259036242
986.5,26547.0445077,6,0.519235321406,0.732032465451,0.0865392202343,0.243155676387,0.0288537595443,0.243318667854,0.0286764941373,0.244963787185,0.0290089665527
987,26574.3282123,6,0.51901388625,0.731794644291,0.086502314375,0.24303620819,0.0287611196834,0.243673471664,0.0287377883407,0.244490634759,0.0290034063509
987.5,26601.6119168,6,0.519273167979,0.731810189892,0.0865455279965,0.243051576754,0.0287080177142,0.244191156532,0.0288274444815,0.243973143961,0.0290100658009
988,26628.8956213,6,0.519255846199,0.731764500215,0.0865426410331,0.243095085799,0.0286678937631,0.244584646518,0.0289057559062,0.243490466843,0.0289689913638
988.5,26656.1793258,6,0.519323118431,0.731986325443,0.0865538530718,0.243175016709,0.0286621447507,0.244910759753,0.0289788453589,0.243306239039,0.0289128629623
989,26683.4630304,6,0.519303496612,0.732032682721,0.0865505827687,0.243509767531,0.0287097451548,0.244790027844,0.029029405371,0.243138565402,0.0288114322428
989.5,26710.7467349,6,0.519328118417,0.731845276384,0.0865546864029,0.243861903765,0.0287659879948,0.244307096126,0.0290452588927,0.243081952697,0.0287434395154
990,26738.0304394,6,0.519098800815,0.731682864469,0.0865164668025,0.244550232842,0.0288882603846,0.243579086489,0.0289727438675,0.242959223973,0.0286554625503
990.5,26765.314144,6,0.518925988389,0.731701738631,0.0864876647315,0.244836787304,0.0289525446388,0.243264692734,0.0289108108417,0.243005937603,0.028624309251
991,26792.5978485,6,0.519327503626,0.732089488101,0.0865545839377,0.244912513829,0.0290084054709,0.243171852711,0.0288511835279,0.243410800398,0.0286949949388
991.5,26819.881553,6,0.519160988629,0.731842593859,0.0865268314382,0.244384252276,0.0290049400541,0.243082020195,0.0287628560798,0.243782011596,0.0287590353043
992,26847.1652576,6,0.519080692944,0.731625000993,0.0865134488239,0.243855036774,0.029005226457,0.243017947287,0.0286892015793,0.244157711652,0.0288190207876
992.5,26874.4489621,6,0.519250755297,0.731817746524,0.0865417925494,0.243428013824,0.0289555925861,0.243093794507,0.0286650926894,0.244701619103,0.028921107274
993,26901.7326666,6,0.519382717034,0.732120806111,0.0865637861723,0.2433540722,0.0289059010938,0.243256702648,0.0286735608162,0.244915694705,0.0289843242624
993.5,26929.0163711,6,0.51954421255,0.732128254402,0.0865907020917,0.24329091402,0.0288456779703,0.243603747103,0.0287282003707,0.244639258817,0.0290168237507
994,26956.3000757,6,0.519136528141,0.731706274957,0.0865227546901,0.24299661173,0.0287076545488,0.244023212513,0.0287985862668,0.244092136138,0.0290165138745
994.5,26983.5837802,6,0.519233721496,0.731769582172,0.0865389535826,0.243007395293,0.0286533285846,0.244588861956,0.0289015927579,0.243579023542,0.0289840322401
995,27010.8674847,6,0.51902322396,0.731815436663,0.08650387066,0.243093270611,0.0286423999502,0.244852896778,0.0289530887098,0.243274963367,0.0289083819999
995.5,27038.1511893,6,0.519471365019,0.732180363932,0.0865785608364,0.243507773389,0.0287168961622,0.244882193717,0.0290248707177,0.243196076076,0.0288367939566
996,27065.4348938,6,0.519852884267,0.732192080456,0.0866421473778,0.244014650678,0.0288157355027,0.244443625276,0.0290554985073,0.243139482115,0.0287709133678
996.5,27092.7185983,6,0.5191325586,0.731566714876,0.0865220931,0.244256907289,0.0288459393228,0.24373124935,0.0290003563367,0.242984242624,0.0286757974405
997,27120.0023029,6,0.519026140823,0.731706913447,0.0865043568039,0.244722094317,0.0289262875407,0.243434231592,0.0289569788848,0.242956269431,0.0286210903784
997.5,27147.2860074,6,0.519214545789,0.732018942071,0.0865357576315,0.244958353747,0.0290082527558,0.243142302032,0.0288499441355,0.243323967994,0.0286775607402
998,27174.5697119,6,0.519007212887,0.731786890228,0.0865012021479,0.244486965512,0.0290037863224,0.243031967745,0.0287599883124,0.243673648146,0.0287374275131
998.5,27201.8534164,6,0.519302336569,0.731825061303,0.0865503894282,0.243972571707,0.0290112912194,0.243054160601,0.0287085305701,0.244204025337,0.0288305676388
999,27229.137121,6,0.519233773631,0.731753136294,0.0865389622718,0.243483642811,0.0289675405856,0.24309894705,0.0286688942076,0.244576235624,0.0289025274786
999.5,27256.4208255,6,0.519345982405,0.732000129572,0.0865576637342,0.243310929308,0.028914406202,0.243179418409,0.0286630474608,0.244915451736,0.0289802100713
1000,27283.70453,6,0.519293985463,0.732022887333,0.0865489975772,0.243132795198,0.0288096457715,0.243511913751,0.0287100828752,0.244783843608,0.0290292689305
1000.5,27310.9882346,6,0.519326567032,0.731844108812,0.0865544278387,0.243082217276,0.0287427792307,0.243869547585,0.0287675353731,0.244298025535,0.0290441132349
1001,27338.2719391,6,0.519088419004,0.731681163823,0.0865147365006,0.242956046008,0.0286541462916,0.244558599439,0.0288892647194,0.243572216693,0.0289713254896
1001.5,27365.5556436,6,0.518903318909,0.731694786349,0.0864838864849,0.243007469812,0.028624157384,0.244841728485,0.0289537230613,0.243251284614,0.0289060060396
1002,27392.8393482,6,0.519367394766,0.732110832938,0.0865612324609,0.243414983058,0.0286956342887,0.244908583229,0.0290083633808,0.243192946595,0.0288572347915
1002.5,27420.1230527,6,0.519180186997,0.731853593748,0.0865300311662,0.243795038257,0.028761661392,0.244385067528,0.029006557617,0.243079162545,0.0287618121572
1003,27447.4067572,6,0.519052357787,0.731607262434,0.0865087262978,0.244151922432,0.0288166621844,0.243847793144,0.0290043842698,0.243013222656,0.0286876798435
1003.5,27474.6904617,6,0.519249040879,0.731819464393,0.0865415068132,0.244709307086,0.0289228849531,0.243430065052,0.0289560263872,0.243085766951,0.028662595473
1004,27501.9741663,6,0.519422879095,0.732146681474,0.0865704798491,0.244927734662,0.0289883073852,0.243363682738,0.0289081507955,0.243260940017,0.0286740216684
1004.5,27529.2578708,6,0.519554059006,0.732129361926,0.0865923431676,0.2446300433,0.0290156730404,0.243293926183,0.0288466290741,0.243611079453,0.0287300410531
1005,27556.5415753,6,0.519139631809,0.731707063533,0.0865232719682,0.244085979579,0.0290158813053,0.242993978369,0.0287068518589,0.244032803701,0.0288005388041
1005.5,27583.8252799,6,0.519261670723,0.731783594726,0.0865436117872,0.243580114298,0.0289846844994,0.243009962935,0.0286535855363,0.244599210044,0.0289053417516
1006,27611.1089844,6,0.519033225291,0.731822132096,0.0865055375484,0.243273122842,0.0289075250859,0.243097566041,0.0286436026727,0.244857118395,0.0289544097899
1006.5,27638.3926889,6,0.519459242946,0.732171635461,0.086576540491,0.243196694949,0.0288358304241,0.243501519636,0.0287152650781,0.244879085118,0.0290254449888
1007,27665.6763935,6,0.519836202514,0.732180503232,0.0866393670857,0.243137125237,0.0287697070959,0.24400695056,0.0288130447464,0.244442107184,0.0290566152434
1007.5,27692.960098,6,0.519165478529,0.731581356772,0.0865275797548,0.242985650288,0.0286755506348,0.244278407905,0.0288528507975,0.243723001102,0.0289991783224
1008,27720.2438025,6,0.51903589678,0.731707544385,0.0865059827967,0.242954841843,0.028620218238,0.244719366755,0.0289271101551,0.243439037449,0.0289586544036
1008.5,27747.5275071,6,0.519189560297,0.732002646625,0.0865315933829,0.243329888584,0.0286788493069,0.244949653267,0.0290066645451,0.243128791791,0.0288460795309
1009,27774.8112116,6,0.519005421788,0.731782156915,0.0865009036313,0.24367538773,0.0287375672419,0.244483274696,0.0290041359895,0.243029172565,0.0287592003999
1009.5,27802.0949161,6,0.519337641785,0.731842244681,0.0865562736309,0.244217414237,0.0288341911049,0.243973059949,0.0290127969673,0.243057446835,0.0287092855587
1010,27829.3786206,6,0.519211328565,0.731740395992,0.0865352214275,0.244567117141,0.0288993268549,0.243476715853,0.0289661073943,0.243102242641,0.0286697871783
1010.5,27856.6623252,6,0.51937264905,0.732016140006,0.086562108175,0.244919500889,0.0289813925472,0.243319212648,0.0289170526087,0.243183105416,0.0286636630191
1011,27883.9460297,6,0.519282326972,0.732011338279,0.0865470544954,0.244778064335,0.0290292250796,0.243126127534,0.0288076926611,0.243512832409,0.0287101367547
1011.5,27911.2297342,6,0.519324397188,0.731842784167,0.0865540661979,0.244287959559,0.0290427815447,0.243083259362,0.0287421798926,0.24387726189,0.0287691047607
1012,27938.5134388,6,0.519074793684,0.731676765518,0.0865124656141,0.243566388815,0.0289701130258,0.242954662758,0.0286531790845,0.244561409384,0.0288891735038
1012.5,27965.7971433,6,0.518894363293,0.731696287365,0.0864823938822,0.243242196656,0.028902368676,0.24300932946,0.0286240290128,0.244850439557,0.0289559961934
1013,27993.0808478,6,0.519406340852,0.732131571724,0.0865677234753,0.243214389136,0.0288632361448,0.243417163023,0.0286956877912,0.24490568165,0.0290087995393
1013.5,28020.3645524,6,0.519202967325,0.731866284776,0.0865338278875,0.24307652857,0.0287607971766,0.243810064717,0.0287649582855,0.244385364084,0.0290080724254
1014,28047.6482569,6,0.519030317034,0.731592794614,0.086505052839,0.243008070653,0.0286861454922,0.244148883144,0.0288152056646,0.243841532502,0.0290037016822
1014.5,28074.9319614,6,0.519240435263,0.731817153973,0.0865400725439,0.243076348217,0.0286598031506,0.244714946649,0.0289240030885,0.243431554434,0.0289562663048
1015,28102.2156659,6,0.519462132528,0.732172072808,0.0865770220879,0.243265052545,0.0286744161747,0.244939888748,0.0289923216449,0.243372816152,0.0289102842684
1015.5,28129.4993705,6,0.519547717299,0.732122030716,0.0865912862165,0.243615756365,0.0287312640403,0.244619869054,0.0290141975007,0.243292082659,0.0288458246755
1016,28156.783075,6,0.519165239487,0.731720532653,0.0865275399144,0.244048297085,0.0288044814055,0.244080837138,0.0290155279656,0.242997076915,0.0287075305434
1016.5,28184.0667795,6,0.519273910824,0.731786683671,0.086545651804,0.244601126264,0.028906799226,0.243578492535,0.0289848265667,0.243012745117,0.0286540260113
1017,28211.3504841,6,0.519043445121,0.731829463099,0.0865072408534,0.244862253304,0.0289558532795,0.243272043852,0.0289067433614,0.243100847173,0.0286446442125
1017.5,28238.6341886,6,0.519446543326,0.732162198475,0.0865744238877,0.24487580999,0.0290259738399,0.243196759679,0.028834798893,0.243495313282,0.0287136511547
1018,28265.9178931,6,0.519814803273,0.732167143907,0.0866358005455,0.244439825238,0.0290574493619,0.243131751574,0.0287675415859,0.244001264808,0.0288108095977
1018.5,28293.2015977,6,0.519204888586,0.731601715653,0.0865341480977,0.243714931014,0.0289979247071,0.242986934518,0.0286751626243,0.244305553919,0.0288610607663
1019,28320.4853022,6,0.519033672706,0.731700911993,0.0865056121176,0.243438656951,0.0289589097232,0.242954141676,0.0286195328776,0.244713799351,0.0289271695168
1019.5,28347.7690067,6,0.519166422681,0.73198788121,0.0865277371135,0.243117314448,0.0288426558233,0.24333493771,0.0286799793752,0.24494129703,0.029005101915
1020,28375.0527112,6,0.519011417594,0.731780909236,0.0865019029323,0.243025898811,0.0287582429024,0.243681413526,0.0287392477993,0.244479269126,0.0290044122307
1020.5,28402.3364158,6,0.519377114591,0.731861353497,0.0865628524318,0.243062766805,0.028710625287,0.244232470827,0.0288383170239,0.243971804851,0.0290139101209
1021,28429.6201203,6,0.519172971761,0.731719647167,0.0865288286269,0.243104337117,0.0286703519777,0.244554418469,0.0288948465514,0.243466592359,0.0289636300977
1021.5,28456.9038248,6,0.5193948531,0.732031279048,0.08656580885,0.24318658289,0.0286641856132,0.244920327042,0.0289812762818,0.24333005984,0.0289203469549
1022,28484.1875294,6,0.519280404571,0.732006472016,0.0865467340952,0.243514104988,0.02871023468,0.244776147386,0.0290300830359,0.243121898942,0.0288064163793
1022.5,28511.4712339,6,0.519321030057,0.731840192802,0.0865535050095,0.243884609753,0.0287706776742,0.244276537536,0.0290411142034,0.243084722739,0.028741713132
1023,28538.7549384,6,0.519061764767,0.731672404631,0.0865102941278,0.244563289408,0.028888981349,0.243561169831,0.0289690419318,0.242953625274,0.028652270847
1023.5,28566.038643,6,0.518888026875,0.731699742072,0.0864813378126,0.244854653417,0.0289568621504,0.243239653293,0.028900592956,0.243011115313,0.0286238827062
1024,28593.3223475,6,0.519452209957,0.732156714443,0.0865753683261,0.244902208013,0.0290090268735,0.243240480895,0.0288705159737,0.243419705553,0.028695825479
1024.5,28620.606052,6,0.519220666035,0.731875691746,0.0865367776725,0.244385882288,0.0290096082649,0.243073985291,0.0287598866825,0.24382151639,0.0287672827252
1025,28647.8897565,6,0.519008524732,0.731578517052,0.0865014207886,0.243835336426,0.0290030221487,0.243002623085,0.0286845500448,0.244146254456,0.0288138485951
1025.5,28675.1734611,6,0.519231145081,0.731814696385,0.0865385241801,0.243433268462,0.0289565266138,0.24306671952,0.0286569280873,0.244720390402,0.028925069479
1026,28702.4571656,6,0.519497012626,0.732194058289,0.0865828354377,0.243379879645,0.0289119852348,0.243268070443,0.0286745807217,0.244951772878,0.0289962694812
1026.5,28729.7408701,6,0.519534429016,0.732111837996,0.0865890715027,0.243289634473,0.0288446992624,0.243618442659,0.0287317501891,0.244609429318,0.0290126220512
1027,28757.0245747,6,0.519192005588,0.731735425308,0.0865320009313,0.242998617216,0.0287074755893,0.244066879517,0.0288093227297,0.24407561687,0.0290152026123
1027.5,28784.3082792,6,0.519287639615,0.73179097855,0.0865479399358,0.243017435838,0.028654843783,0.24460173609,0.028908003218,0.243577508027,0.0289850929348
1028,28811.5919837,6,0.519051537727,0.731834022972,0.0865085896211,0.243104174979,0.0286458678643,0.244865160961,0.0289568917805,0.243270383626,0.0289058299763
1028.5,28838.8756883,6,0.519437423243,0.732154946635,0.0865729038739,0.243490377682,0.0287124494028,0.244872632503,0.0290265092789,0.243197618382,0.0288339451921
1029,28866.1593928,6,0.519801975327,0.732158543649,0.0866336625546,0.243999158439,0.0288096927151,0.244439833951,0.0290589483033,0.24312523134,0.0287650215362
1029.5,28893.4430973,6,0.519240607618,0.731619921083,0.0865401012696,0.244331928312,0.02886908768,0.24370773802,0.0289968975617,0.24298594126,0.0286741160279
1030,28920.7268018,6,0.519030997924,0.731695485108,0.0865051663206,0.244709335146,0.0289270817385,0.243437787232,0.0289590454651,0.242954047138,0.028619039117
1030.5,28948.0105064,6,0.519150383548,0.731978232058,0.0865250639247,0.24493357667,0.0290036181008,0.243110713146,0.028840385168,0.243339626162,0.0286810606559
1031,28975.2942109,6,0.519019256951,0.73178291064,0.0865032094919,0.24447506826,0.029004630605,0.243026985659,0.0287582363607,0.243686549628,0.0287403425262
1031.5,29002.5779154,6,0.519410658344,0.731877400825,0.0865684430574,0.243969462918,0.0290147644854,0.243066572298,0.0287114296494,0.244247063215,0.0288422489226
1032,29029.86162,6,0.519141781373,0.731705224257,0.0865236302288,0.243456465988,0.0289610191395,0.24310626857,0.0286708173452,0.244548180384,0.0288917937441
1032.5,29057.1453245,6,0.519404250234,0.732039820944,0.0865673750391,0.243334847371,0.0289215429274,0.243190738172,0.0286648718386,0.244919906035,0.0289809602731
1033,29084.429029,6,0.51928506542,0.732007168121,0.0865475109034,0.243121291925,0.0288059192379,0.243517854671,0.0287107829219,0.244773688464,0.0290308087436
1033.5,29111.7127336,6,0.519312469372,0.731832531262,0.0865520782286,0.24308304135,0.0287407195887,0.243890203437,0.028771972606,0.244264969815,0.029039386034
1034,29138.9964381,6,0.519051294164,0.731669428025,0.0865085490273,0.242953727274,0.0286515804187,0.244564848913,0.0288888170551,0.243556551501,0.0289681515536
1034.5,29166.2801426,6,0.518883325976,0.731703750103,0.0864805543294,0.243013039531,0.028623807408,0.244858191971,0.0289575343499,0.243238215895,0.0288992125714
1035,29193.5638471,6,0.519515728203,0.732189944758,0.0865859547004,0.243424464119,0.0286967817808,0.244898719876,0.0290094424876,0.243272441618,0.0288797304321
1035.5,29220.8475517,6,0.51923720539,0.731880900059,0.0865395342316,0.243831512958,0.0287693347014,0.244386153258,0.029011109099,0.243068910465,0.0287590904312
1036,29248.1312562,6,0.518987782038,0.73156492736,0.086497963673,0.244143525641,0.0288124586625,0.243829687485,0.0290025171897,0.242997392655,0.0286829878208
1036.5,29275.4149607,6,0.519220903284,0.731811751069,0.0865368172141,0.244726169571,0.0289261688666,0.243434279509,0.0289565956098,0.243056978593,0.0286540527377
1037,29302.6986653,6,0.519506870775,0.732200826551,0.0865844784625,0.24495378446,0.0289972227005,0.243381894405,0.0289126008116,0.243270825533,0.0286746549504
1037.5,29329.9823698,6,0.519523666598,0.732103893583,0.0865872777663,0.244601583214,0.0290115079316,0.243287455093,0.0288437461563,0.243620545095,0.0287320236785
1038,29357.2660743,6,0.519221951969,0.731751589101,0.0865369919948,0.244070628988,0.0290149294142,0.242999835047,0.0287073897889,0.244086825424,0.0288146727917
1038.5,29384.5497789,6,0.519293756266,0.731790717584,0.0865489593776,0.243574199685,0.0289846200924,0.243021938686,0.0286556056391,0.244600274024,0.0289087336461
1039,29411.8334834,6,0.519068702353,0.731842554178,0.0865114503922,0.243268144888,0.0289047501946,0.243108222386,0.0286472694495,0.244871864231,0.0289594307481
1039.5,29439.1171879,6,0.519431775168,0.73215012898,0.086571962528,0.24320116715,0.02883367021,0.243487888719,0.0287117541871,0.244866740152,0.0290265381309
1040,29466.4008924,6,0.519799412025,0.732155689946,0.0866332353375,0.243121712131,0.0287636380643,0.24400037476,0.028809352369,0.244439285661,0.0290602449042
1040.5,29493.684597,6,0.519264310668,0.731632427673,0.086544051778,0.24298303282,0.028672703874,0.244352704182,0.0288748857696,0.243702395603,0.0289964621344
1041,29520.9683015,6,0.519039972517,0.731698329175,0.0865066620862,0.242955793431,0.0286191592712,0.244710570268,0.0289279401955,0.243437669499,0.0289595626195
1041.5,29548.252006,6,0.519141113668,0.731972343429,0.0865235189447,0.243342902132,0.0286818578128,0.244927370393,0.0290024066352,0.243107759649,0.0288392544967
1042,29575.5357106,6,0.519031054796,0.731787740068,0.0865051757993,0.243691964717,0.0287415032609,0.244470702026,0.0290047937162,0.243030752938,0.0287588788222
1042.5,29602.8194151,6,0.519428106009,0.731884618942,0.0865713510016,0.244262018471,0.028846297039,0.243966419758,0.0290154116303,0.243061858735,0.0287096423323
1043,29630.1031196,6,0.519111287165,0.731691977018,0.0865185478608,0.244541499312,0.0288886737415,0.243446932865,0.0289585013306,0.243109226644,0.0286713727886
1043.5,29657.3868242,6,0.51941233296,0.732048082271,0.0865687221599,0.244918536454,0.0289803466426,0.243340074962,0.0289227663804,0.24319515128,0.0286656091369
1044,29684.6705287,6,0.519294195328,0.732010554127,0.0865490325547,0.244770579969,0.0290313161618,0.243125189806,0.0288066126656,0.243520472287,0.0287111037273
1044.5,29711.9542332,6,0.519303801644,0.731825015244,0.0865506336073,0.244254261811,0.0290378276429,0.243080626638,0.0287395277966,0.24389582518,0.0287732781677
1045,29739.2379377,6,0.519048383345,0.731669125664,0.0865080638908,0.243553453306,0.028967753428,0.242956933177,0.0286519083257,0.244564435685,0.0288884021371
1045.5,29766.5216423,6,0.518897680761,0.731716006619,0.0864829467935,0.243245053616,0.0289008204029,0.243015324942,0.0286239849544,0.244861307142,0.0289581414362
1046,29793.8053468,6,0.519571569783,0.732217012356,0.0865952616305,0.243295879485,0.0288869529716,0.243430364615,0.0286981569017,0.244896431876,0.0290101517572
1046.5,29821.0890513,6,0.519257265944,0.731889145744,0.0865428776573,0.243064634507,0.0287583800489,0.243842172449,0.0287714261367,0.244388014384,0.0290130714717
1047,29848.3727559,6,0.518982063752,0.731559406047,0.0864970106253,0.242992331259,0.0286814145532,0.244146772838,0.0288127132745,0.243825997,0.0290028827976
1047.5,29875.6564604,6,0.519203219674,0.731804259465,0.0865338699457,0.243047972743,0.0286513239072,0.244730857484,0.0289269089307,0.243431126845,0.0289556371077
1048,29902.9401649,6,0.519515054743,0.732206795731,0.0865858424571,0.243274030865,0.0286749877989,0.244952720191,0.028997258114,0.24338573111,0.0289135965442
1048.5,29930.2238695,6,0.519505884238,0.732091821614,0.0865843140397,0.243621861823,0.0287321544704,0.244594698243,0.0290105781679,0.243280941297,0.0288415814014
1049,29957.507574,6,0.519255765063,0.731769922531,0.0865426275105,0.244107820675,0.0288204666992,0.244066340196,0.0290148323846,0.2430014423,0.0287073284267
1049.5,29984.7912785,6,0.519285896586,0.731782605562,0.0865476494309,0.244592236864,0.028907499674,0.24356976047,0.0289838238381,0.243026291117,0.0286563259188
1050,30012.074983,6,0.519089709609,0.73185362251,0.0865149516015,0.244880805031,0.028962616964,0.243266327496,0.0289038205721,0.243112173695,0.0286485140654
1050.5,30039.3586876,6,0.519422049531,0.73214116985,0.0865703415885,0.244859952102,0.0290263748792,0.243200288712,0.0288326488132,0.243486616326,0.0287113178962
1051,30066.6423921,6,0.519788813196,0.732148133541,0.0866314688661,0.244438108738,0.0290613278274,0.243115549089,0.0287614378293,0.244000175824,0.0288087032093
1051.5,30093.9260966,6,0.519270835806,0.731640012319,0.086545139301,0.243694998119,0.0289954030981,0.242981552188,0.0286714308083,0.244369167631,0.0288783053946
1052,30121.2098012,6,0.519055710576,0.731706934861,0.086509285096,0.243438657096,0.028960342865,0.2429588794,0.0286196126218,0.244715086273,0.0289293296092
1052.5,30148.4935057,6,0.519139293849,0.731970612161,0.0865232156415,0.243104734999,0.0288381460962,0.243346956719,0.0286828138574,0.244924590344,0.0290022556879
1053,30175.7772102,6,0.519045016597,0.731793200471,0.0865075027662,0.243035458119,0.0287598432178,0.243696820698,0.0287426683937,0.24446659615,0.0290049911547
1053.5,30203.0609148,6,0.519450640764,0.731894000575,0.086575106794,0.243057650343,0.0287080180851,0.244278762711,0.0288510868792,0.243963278947,0.0290160018298
1054,30230.3446193,6,0.519087638435,0.73168342935,0.0865146064058,0.243112384693,0.0286720939135,0.244539579621,0.0288865777779,0.243437168129,0.0289559347145
1054.5,30257.6283238,6,0.519415682386,0.732054064258,0.0865692803976,0.243200397703,0.0286667306561,0.244917762387,0.0289798018909,0.243341596326,0.0289227478506
1055,30284.9120283,6,0.51930911691,0.732017099232,0.086551519485,0.243524297469,0.02871198858,0.244767495278,0.0290317971039,0.243130987468,0.0288077338011
1055.5,30312.1957329,6,0.51929476081,0.731817347242,0.0865491268017,0.243900843943,0.0287745003183,0.244243716166,0.0290363000167,0.243078466375,0.0287383264666
1056,30339.4794374,6,0.519050965739,0.731669938338,0.0865084942899,0.244560894663,0.0288873673304,0.243553696586,0.0289685748886,0.242961028673,0.0286525520709
1056.5,30366.7631419,6,0.518904130599,0.731722616233,0.0864840217665,0.24486204523,0.0289579381661,0.24324869169,0.0289018812807,0.243017560868,0.0286242023196
1057,30394.0468465,6,0.519597574997,0.732230640977,0.0865995958328,0.244893809841,0.0290103947887,0.24330758392,0.0288900841351,0.24343492931,0.028699116909
1057.5,30421.330551,6,0.519282866975,0.731904314279,0.0865471444958,0.244390557073,0.0290151132114,0.243065084484,0.0287583722954,0.243854367907,0.028773658989
1058,30448.6142555,6,0.518992840318,0.731563207919,0.0864988067197,0.243821777321,0.0290030671659,0.242993380815,0.0286817053318,0.244153749797,0.028814034222
1058.5,30475.8979601,6,0.51918281519,0.731794048243,0.0865304691984,0.243428257174,0.028954737843,0.243039567946,0.0286488390147,0.244731907503,0.0289268923407
1059,30503.1816646,6,0.519524733283,0.732211217081,0.0865874555471,0.243383680415,0.0289133823402,0.243278504958,0.0286757626316,0.244954698575,0.0289983105753
1059.5,30530.4653691,6,0.519473704969,0.732071970823,0.0865789508281,0.243269453174,0.0288376065366,0.243621323285,0.0287318505002,0.244586865643,0.0290094937913
1060,30557.7490736,6,0.519281252315,0.731784947425,0.0865468753858,0.243004825202,0.0287075985139,0.244123998905,0.0288246040118,0.244061814052,0.0290146728601
1060.5,30585.0327782,6,0.519281045612,0.731777448366,0.0865468409354,0.243031934789,0.0286572268302,0.24458608286,0.0289066660687,0.243565134655,0.0289829480364
1061,30612.3164827,6,0.51910383343,0.731861836623,0.0865173055716,0.243115303517,0.0286494670828,0.244887855074,0.0289650305026,0.243264376394,0.0289028079862
1061.5,30639.6001872,6,0.51941897557,0.732138125868,0.0865698292617,0.243488635691,0.0287115391247,0.244854675289,0.0290264225193,0.243200498837,0.0288318676176
1062,30666.8838918,6,0.519748182355,0.732122077335,0.0866246970591,0.243986102315,0.0288046017634,0.244435039162,0.0290618095816,0.243106617887,0.0287582857141
1062.5,30694.1675963,6,0.519266104317,0.731645978795,0.0865443507195,0.244382558551,0.0288796391061,0.243688038065,0.0289944236721,0.2429810703,0.0286702879413
1063,30721.4513008,6,0.519068572911,0.7317160739,0.0865114288185,0.244722994848,0.0289312589925,0.243436205322,0.0289599930644,0.242962560072,0.0286201767617
1063.5,30748.7350054,6,0.519153387516,0.731978197346,0.086525564586,0.244925844814,0.0290032761451,0.243103044105,0.0288373969404,0.243354994284,0.0286848915005
1064,30776.0187099,6,0.519056550172,0.731795843587,0.0865094250286,0.244461701567,0.0290050675451,0.243040676465,0.0287609414598,0.243699160527,0.0287434160237
1064.5,30803.3024144,6,0.519467404699,0.731899544528,0.0865779007832,0.243959449958,0.0290163771408,0.243053228054,0.0287063112466,0.244292566,0.0288552123958
1065,30830.5861189,6,0.519073592923,0.731680616234,0.0865122654871,0.243428683328,0.0289537722489,0.24311570435,0.0286728881485,0.244541920865,0.0288856050897
1065.5,30857.8698235,6,0.519409407845,0.732054527027,0.0865682346408,0.243339458154,0.0289215575732,0.243204172445,0.0286674259926,0.244916568425,0.028979251075
1066,30885.153528,6,0.519330869833,0.73202781897,0.0865551449722,0.24314142207,0.0288101135103,0.243528213615,0.0287128689809,0.244763852166,0.029032162481
1066.5,30912.4372325,6,0.519290218496,0.731812209285,0.0865483697493,0.243076624189,0.0287371357478,0.243907573566,0.028776266861,0.244233697383,0.0290349671405
1067,30939.7209371,6,0.519053894134,0.731670542889,0.0865089823557,0.24296518966,0.0286531776645,0.244557107035,0.0288863869364,0.243553947757,0.0289694177548
1067.5,30967.0046416,6,0.518909905474,0.731728254765,0.0864849842456,0.243020405183,0.0286246368503,0.244862569771,0.028957705334,0.243250978421,0.0289026420613
1068,30994.2883461,6,0.519609553494,0.732236860795,0.086601592249,0.243439214386,0.0287000362145,0.244890814514,0.029010551175,0.243312514276,0.0288910048595
1068.5,31021.5720507,6,0.519310708103,0.731921246022,0.0865517846839,0.243867234524,0.0287761459887,0.244393000566,0.0290171156816,0.243066689947,0.0287585230136
1069,31048.8557552,6,0.518999693014,0.731564306038,0.0864999488356,0.24415972717,0.0288151318826,0.243817358525,0.0290031691586,0.242992901914,0.0286816477945
1069.5,31076.1394597,6,0.519165808576,0.731785963545,0.0865276347627,0.244732868629,0.0289268454296,0.243427292819,0.0289543492545,0.243031481671,0.0286464400786
1070,31103.4231642,6,0.519527791285,0.732211255252,0.0865879652141,0.244956246894,0.0289992615191,0.243379982601,0.0289128302217,0.243280706177,0.0286758734734
1070.5,31130.7068688,6,0.519448835837,0.732056792868,0.0865748059729,0.244578982164,0.0290084049487,0.24326016745,0.0288344181655,0.243623335698,0.0287319828586
1071,31157.9905733,6,0.519296040945,0.731792437901,0.0865493401575,0.24405351458,0.0290134083914,0.243004909528,0.0287070884823,0.244139715866,0.0288288432838
1071.5,31185.2742778,6,0.519275877271,0.731772701812,0.0865459795451,0.243560571809,0.0289818505855,0.24303713041,0.0286580202689,0.244580696068,0.0289061086907
1072,31212.5579824,6,0.519110030598,0.731866438408,0.086518338433,0.243263241101,0.02890180305,0.243117831921,0.02865017213,0.244891043896,0.028966363253
1072.5,31239.8416869,6,0.519415090843,0.732135471201,0.0865691818071,0.243200642654,0.028831183957,0.243491138558,0.0287118195609,0.24484935893,0.0290261782892
1073,31267.1253914,6,0.519707634216,0.732096335873,0.086617939036,0.243098892347,0.0287554868292,0.243971976357,0.0288004807769,0.244431151791,0.0290619714299
1073.5,31294.409096,6,0.519250805945,0.731646957984,0.0865418009909,0.24297986139,0.0286689821393,0.244390760592,0.0288791538573,0.243682042041,0.0289936649943
1074,31321.6928005,6,0.519088393593,0.731729949702,0.0865147322655,0.242967279449,0.0286209205906,0.244736288324,0.0289343965356,0.243432086854,0.0289594151393
1074.5,31348.976505,6,0.519165148252,0.731983534351,0.0865275247086,0.243363050778,0.028686990531,0.244924470105,0.0290037200757,0.243101703,0.0288368141019
1075,31376.2602095,6,0.5190675048,0.731798722282,0.0865112508,0.243701071462,0.0287440189844,0.244456835816,0.0290051201911,0.243046495831,0.0287621116246
1075.5,31403.5439141,6,0.519480650706,0.731903492089,0.0865801084511,0.244307144291,0.028859475795,0.243953957287,0.0290162299734,0.243048070005,0.0287044026827
1076,31430.8276186,6,0.519069787889,0.731683576084,0.0865116313148,0.244544742106,0.0288848192372,0.243426071054,0.0289532743359,0.243118446298,0.0286735377417
1076.5,31458.1113231,6,0.519395880384,0.732050153489,0.086565980064,0.244915976078,0.028979053742,0.243334216503,0.0289195363243,0.243205642928,0.0286673899977
1077,31485.3950277,6,0.519351837708,0.73203857275,0.0865586396179,0.244759612051,0.0290324004174,0.243151321219,0.0288122933886,0.243533329042,0.0287139458119
1077.5,31512.6787322,6,0.519287599861,0.731808661846,0.0865479333101,0.244224283153,0.0290337767708,0.24307520016,0.0287360144903,0.24391487879,0.028778142049
1078,31539.9624367,6,0.51905397698,0.731670290862,0.0865089961633,0.243554660474,0.0289703964495,0.242967800215,0.0286531876094,0.244553527875,0.0288854121044
1078.5,31567.2461413,6,0.518916744435,0.731734523627,0.0864861240726,0.243253282513,0.0289034400269,0.243023791965,0.028625133043,0.244863129137,0.0289575510027
1079,31594.5298458,6,0.519605348287,0.732235705423,0.0866008913811,0.243311730582,0.0288898592881,0.243441956796,0.0287003767576,0.244887683192,0.0290106553355
1079.5,31621.8135503,6,0.519339004217,0.731937821147,0.0865565007029,0.243069511239,0.0287588691458,0.243878664232,0.0287785564478,0.244395323666,0.0290190751093
1080,31649.0972548,6,0.519003871353,0.731563268172,0.0865006452255,0.242991097211,0.0286812888253,0.244164390395,0.0288159166731,0.243813478664,0.0290034397271
1080.5,31676.3809594,6,0.519146793698,0.731777252104,0.0865244656163,0.243024054142,0.0286442053181,0.244732870987,0.0289263723472,0.243426027076,0.028953887951
1081,31703.6646639,6,0.519525245667,0.732207552121,0.0865875409445,0.243282586692,0.0286758620053,0.244956650724,0.0289998829176,0.243374002866,0.0289117960217
1081.5,31730.9483684,6,0.51943363262,0.732047868367,0.0865722721034,0.243628639344,0.0287330107657,0.24457210614,0.0290076214036,0.243252804299,0.0288316399341
1082,31758.232073,6,0.519305509905,0.731796855956,0.0865509183175,0.244151240472,0.0288318648331,0.244044917904,0.0290120617914,0.243006379478,0.0287069916929
1082.5,31785.5157775,6,0.519269244334,0.731767429817,0.0865448740556,0.2445744576,0.0289052110051,0.243556971894,0.0289809824224,0.243041684725,0.0286586806281
1083,31812.799482,6,0.519114751864,0.731869491689,0.0865191253107,0.244891232456,0.0289671258061,0.243262901572,0.0289011013686,0.243121042533,0.0286508981359
1083.5,31840.0831866,6,0.519405027582,0.732127983635,0.086567504597,0.244842573973,0.0290254128351,0.243197526325,0.028830034489,0.243493572143,0.028712057273
1084,31867.3668911,6,0.519669281986,0.732072413934,0.0866115469976,0.24442616738,0.0290617322166,0.243093075694,0.0287530479658,0.243958872207,0.0287967668152
1084.5,31894.6505956,6,0.519223427368,0.73164216697,0.0865372378946,0.243673376819,0.028991877764,0.242979087433,0.0286677972704,0.244395408217,0.0288775628602
1085,31921.9343001,6,0.519109842115,0.731745289269,0.0865183070192,0.243428408783,0.0289589711827,0.242972497766,0.0286217427205,0.244750070451,0.0289375931159
1085.5,31949.2180047,6,0.519174645219,0.731987837901,0.0865291075364,0.243100554063,0.0288362515377,0.243370026459,0.0286887421246,0.244922927581,0.0290041138741
1086,31976.5017092,6,0.519072886342,0.731799648401,0.0865121477237,0.243051835881,0.028763030284,0.243701642424,0.028743991771,0.244451845744,0.0290051256687
1086.5,32003.7854137,6,0.519484528897,0.73190073373,0.0865807548162,0.243043163512,0.0287026992359,0.244315983368,0.0288623845398,0.243947279605,0.0290156710405
1087,32031.0691183,6,0.519080051912,0.731693284283,0.0865133419853,0.243121117668,0.0286741655482,0.244551854283,0.0288857093408,0.243426016238,0.0289534670962
1087.5,32058.3528228,6,0.519383399583,0.732045627267,0.0865638999305,0.243206995516,0.0286673123154,0.244917334418,0.0289797035181,0.243326990195,0.0289168840971
1088,32085.6365273,6,0.519367624093,0.732045841084,0.0865612706821,0.243538584793,0.0287150698722,0.244755693731,0.0290328658604,0.243157244145,0.0288133349494
1088.5,32112.9202319,6,0.519283432129,0.731804261411,0.0865472386882,0.243921075098,0.0287796476404,0.244214361235,0.0290324778454,0.243074505576,0.0287351132024
1089,32140.2039364,6,0.519058830346,0.731673047232,0.0865098050577,0.244550187478,0.0288844814348,0.243558214549,0.0289721614027,0.242970327901,0.0286531622202
1089.5,32167.4876409,6,0.51892385357,0.731740750419,0.0864873089283,0.244863642451,0.028957387937,0.243255720403,0.0289042804942,0.243027070184,0.0286256404971
1090,32194.7713454,6,0.519584272886,0.732225714766,0.0865973788143,0.244884312598,0.0290107371833,0.243304380296,0.0288865566268,0.243442705401,0.0287000850041
1090.5,32222.05505,6,0.519376339791,0.731959503756,0.0865627232986,0.244397335039,0.0290209558721,0.243073031802,0.0287593361955,0.243894833674,0.028782431231
1091,32249.3387545,6,0.519003361792,0.731559689658,0.0865005602986,0.24380778423,0.0290031312115,0.242989743194,0.0286809339042,0.244167864246,0.0288164951829
1091.5,32276.622459,6,0.519126409923,0.731768527372,0.0865210683205,0.243422850324,0.02895279843,0.243017627651,0.0286422326794,0.244733735279,0.0289260372111
1092,32303.9061636,6,0.519517628244,0.732202244692,0.086586271374,0.243370073825,0.028911164288,0.243282482594,0.028675121177,0.24495535638,0.028999985909
1092.5,32331.1898681,6,0.519426326774,0.732044345968,0.0865710544623,0.243245190338,0.0288286421016,0.243639166213,0.02873550207,0.244565662158,0.0290069102906
1093,32358.4735726,6,0.519325260678,0.731805543834,0.0865542101131,0.243009651028,0.0287075413343,0.244162886433,0.0288351477463,0.244038698395,0.0290115210325
1093.5,32385.7572772,6,0.519267678381,0.731763509081,0.0865446130635,0.243045440639,0.0286591963499,0.244569231082,0.0289046798836,0.243554542397,0.02898073683
1094,32413.0409817,6,0.519109845977,0.731866217297,0.0865183076629,0.243123982816,0.0286515056743,0.244888756175,0.0289672048582,0.243259176969,0.0288995971304
1094.5,32440.3246862,6,0.519395549765,0.732120816853,0.0865659249608,0.243494506782,0.0287118072279,0.244838333323,0.0290254800997,0.243193661128,0.0288286376331
1095,32467.6083907,6,0.519641965247,0.732054798357,0.0866069942078,0.243949815008,0.0287941030749,0.244418369044,0.0290607666155,0.243092296774,0.0287521245174
1095.5,32494.8920953,6,0.519196164585,0.731636312108,0.0865326940976,0.244399900722,0.0288760270813,0.243665067425,0.0289901087602,0.242977031717,0.028666558256
1096,32522.1757998,6,0.519118087225,0.731752764026,0.0865196812042,0.244757049144,0.0289387776079,0.243424674326,0.0289585297307,0.242976726634,0.0286223738657
1096.5,32549.4595043,6,0.519174475241,0.731988427142,0.0865290792068,0.244921560924,0.0290040292872,0.24309907959,0.0288356098662,0.243373472506,0.0286894400534
1097,32576.7432089,6,0.519078968942,0.731801750407,0.0865131614904,0.24444775094,0.029005239954,0.243057073296,0.0287638771999,0.243702621462,0.0287440443365
1097.5,32604.0269134,6,0.519483864336,0.731894841638,0.0865806440561,0.243940328019,0.0290150219394,0.2430387809,0.0287012188666,0.244321432391,0.0288644032501
1098,32631.3106179,6,0.519107161919,0.73171117902,0.0865178603198,0.243426316394,0.0289537248443,0.243124000502,0.0286747778393,0.244566554002,0.0288893576363
1098.5,32658.5943225,6,0.519369077909,0.732038882961,0.0865615129849,0.243321163908,0.0289145009516,0.243207779179,0.0286670622018,0.244915612017,0.0289799498315
1099,32685.878027,6,0.519383867245,0.732053592229,0.0865639778742,0.243163722391,0.0288145198915,0.243544380087,0.0287163120732,0.244751159084,0.0290331459094
1099.5,32713.1617315,6,0.519276308367,0.731798854874,0.0865460513945,0.24307148839,0.028733533614,0.243928925025,0.0287814617372,0.244204128488,0.0290310560434
1100,32740.445436,6,0.519063887509,0.7316763898,0.0865106479181,0.242973181347,0.0286531576731,0.24454562001,0.0288833551252,0.243563290734,0.0289741351197
1100.5,32767.7291406,6,0.518936488813,0.731749823291,0.0864894148022,0.243031302495,0.028626498399,0.24486460023,0.0289575748191,0.243259619471,0.028905341584
1101,32795.0128451,6,0.519561463643,0.732213858867,0.0865935772738,0.243445798072,0.0287007256313,0.244880958044,0.0290109300136,0.243292785654,0.0288819216288
1101.5,32822.2965496,6,0.519418773965,0.731982405147,0.0865697956608,0.2439112988,0.0287868577383,0.244400184298,0.0290231413246,0.243076601765,0.0287597965979
1102,32849.5802542,6,0.518998648627,0.731553936449,0.0864997747711,0.244169735144,0.0288168015949,0.243801341327,0.0290025916096,0.242988543181,0.0286803815667
1102.5,32876.8639587,6,0.519105598738,0.731759474145,0.0865175997896,0.244734165206,0.0289256709313,0.243418949952,0.0289514844933,0.243012039958,0.028640444365
1103,32904.1476632,6,0.519501273045,0.732192186316,0.0865835455075,0.244954009776,0.0290000589019,0.243361570403,0.0289091840724,0.243282287601,0.0286743025332
1103.5,32931.4313678,6,0.519412025263,0.732038320772,0.0865686708772,0.2445590674,0.0290061477752,0.243234298717,0.0288243395803,0.243650647829,0.0287381835217
1104,32958.7150723,6,0.519341389415,0.731813293127,0.0865568982358,0.244033222699,0.029011171943,0.243014921666,0.0287084236263,0.244170851165,0.0288373026666
1104.5,32985.9987768,6,0.519265621367,0.731759452937,0.0865442702278,0.243549418873,0.0289796532062,0.243048627592,0.0286597178501,0.244567103078,0.0289048991716
1105,33013.2824813,6,0.519110162172,0.731865943238,0.086518360362,0.243256088426,0.028898037169,0.24312627014,0.028651906146,0.24488926292,0.0289684170471
1105.5,33040.5661859,6,0.519391173945,0.732115535092,0.0865651956575,0.243190683497,0.0288276100186,0.243496620275,0.0287118432507,0.244833900563,0.0290257423882
1106,33067.8498904,6,0.519615845798,0.732037586755,0.0866026409664,0.243090394156,0.0287510654253,0.243942302713,0.0287917196712,0.244410574975,0.0290598558699
1106.5,33095.1335949,6,0.519168063942,0.731630095129,0.086528010657,0.242975146114,0.028665469462,0.244404100283,0.0288742639851,0.243656554241,0.0289882772098
1107,33122.4172995,6,0.519118972962,0.731755791717,0.086519828827,0.242979739286,0.0286227876178,0.244766256366,0.0289404329249,0.243415500036,0.0289566082843
1107.5,33149.701004,6,0.519170958281,0.731987364471,0.0865284930468,0.243376386945,0.0286900050612,0.244919195947,0.029003567715,0.243097470034,0.0288349202706
1108,33176.9847085,6,0.519085244109,0.731803927095,0.0865142073516,0.243704242516,0.028744381638,0.244443978948,0.0290053752296,0.243061385771,0.0287644504839
1108.5,33204.2684131,6,0.519474790429,0.731883732981,0.0865791317381,0.244322301487,0.028865252106,0.243933223894,0.0290143104284,0.243033886753,0.0286995692037
1109,33231.5521176,6,0.519132370531,0.731727438596,0.0865220617552,0.244580472068,0.0288928839372,0.243426300576,0.0289539388851,0.243126348523,0.0286752389328
1109.5,33258.8358221,6,0.519344482303,0.732027805831,0.0865574137172,0.24491439269,0.0289801427254,0.243310920519,0.028910593866,0.243208174571,0.0286666771258
1110,33286.1195266,6,0.519401779869,0.732063428805,0.0865669633115,0.244744012458,0.0290325738555,0.243175288201,0.0288168907933,0.243549817545,0.0287174986627
1110.5,33313.4032312,6,0.519268488932,0.731793203835,0.0865447481553,0.244194201664,0.0290296671802,0.243068073791,0.0287318687598,0.243936628756,0.0287832122152
1111,33340.6869357,6,0.519071175645,0.731681022205,0.0865118626075,0.243569228244,0.0289763986833,0.242975918088,0.0286531091242,0.244541573119,0.0288823548
1111.5,33367.9706402,6,0.518943812138,0.731754366859,0.0864906353563,0.243262174455,0.0289061994977,0.243035372001,0.0286273046047,0.244862499902,0.0289571312539
1112,33395.2543448,6,0.519529801076,0.732197272498,0.0865883001793,0.24327613665,0.0288757132764,0.243448768687,0.0287013207283,0.244878032516,0.0290112661746
1112.5,33422.5380493,6,0.519461574683,0.732005269803,0.0865769291139,0.243080707939,0.0287603153072,0.243926502785,0.028791055615,0.244403737503,0.0290255581917
1113,33449.8217538,6,0.518999974624,0.73155095149,0.0864999957707,0.242987161458,0.0286798183659,0.244170396476,0.0288168825996,0.243799092893,0.0290032948053
1113.5,33477.1054584,6,0.519085472056,0.731750049112,0.0865142453427,0.243006312004,0.0286386091135,0.244734257438,0.0289253193292,0.243415180321,0.0289503169
1114,33504.3891629,6,0.519481900114,0.7321808364,0.0865803166856,0.243282376146,0.0286735303352,0.244954053632,0.0290004401979,0.243350094642,0.0289063461526
1114.5,33531.6728674,6,0.519392047942,0.732027640474,0.0865653413237,0.243660627509,0.028740495833,0.244552887352,0.0290055537289,0.243219806576,0.0288192917618
1115,33558.9565719,6,0.519354494869,0.731820981196,0.0865590824782,0.244178186355,0.0288389301132,0.244028436918,0.0290110158068,0.243020039388,0.0287091365582
1115.5,33586.2402765,6,0.519270411617,0.731758332991,0.0865450686028,0.24456841992,0.0289062319163,0.243544142817,0.0289786334772,0.243051454474,0.0286602032093
1116,33613.523981,6,0.519114755923,0.73186700168,0.0865191259872,0.244888526531,0.0289695387614,0.243254837394,0.0288970169014,0.243129322205,0.0286525703244
1116.5,33640.8076855,6,0.519383152801,0.732108422713,0.0865638588001,0.244830321267,0.0290262710066,0.24318426487,0.0288255053151,0.243499525179,0.0287120824785
1117,33668.0913901,6,0.519580819319,0.732016352559,0.0865968032199,0.244401886706,0.0290586946147,0.243090841017,0.0287505835399,0.243929325717,0.0287875250653
1117.5,33695.3750946,6,0.519141436236,0.731626001545,0.0865235727059,0.243649394236,0.0289867386829,0.242972736414,0.0286642756551,0.244409574729,0.028872558368
1118,33722.6587991,6,0.519110531401,0.731754914614,0.0865184219002,0.243402469804,0.0289531819496,0.242982782202,0.0286231941016,0.24477534852,0.028942045849
1118.5,33749.9425037,6,0.519170746053,0.731989001324,0.0865284576755,0.243097513594,0.0288344573921,0.24337921693,0.0286905923731,0.244917939379,0.0290034079103
1119,33777.2262082,6,0.519091422291,0.731806011483,0.0865152370485,0.243065688425,0.0287650070437,0.243706442923,0.0287448508532,0.244439554846,0.0290053791516
1119.5,33804.5099127,6,0.519462054232,0.731870063909,0.0865770090387,0.243028889403,0.0286978997544,0.244318839638,0.0288649743995,0.243928026961,0.0290141348848
1120,33831.7936172,6,0.519153126933,0.731739912573,0.0865255211554,0.243128207208,0.0286755429538,0.244592467041,0.0288960666259,0.243424940516,0.0289539115758
1120.5,33859.0773218,6,0.519317612595,0.732016987637,0.0865529354325,0.243208083585,0.0286661929006,0.244911145191,0.0289798264354,0.24330345037,0.0289069160964
1121,33886.3610263,6,0.519411670157,0.732069020741,0.0865686116928,0.243553376801,0.0287181188034,0.244736018526,0.0290317990559,0.243185305541,0.0288186938334
1121.5,33913.6447308,6,0.519262422421,0.731789315911,0.0865437370702,0.243944942983,0.0287850750238,0.244183721363,0.0290281448617,0.243066331239,0.0287305171847
1122,33940.9284354,6,0.519075297573,0.731683920413,0.0865125495955,0.244537577681,0.0288814018048,0.243573781144,0.0289781792282,0.242978243383,0.0286529685625
1122.5,33968.2121399,6,0.51894656092,0.731756748432,0.0864910934867,0.244857778668,0.028955881902,0.243265328181,0.0289071451243,0.243039323462,0.0286280664604
1123,33995.4958444,6,0.519507259772,0.732185592377,0.0865845432953,0.244875962702,0.0290118322204,0.243263179373,0.0288706675671,0.243452133484,0.0287020435078
1123.5,34022.779549,6,0.519507251469,0.732028877498,0.0865845419115,0.244406904155,0.0290278990177,0.243087280413,0.0287618011606,0.243940389079,0.0287948417332
1124,34050.0632535,6,0.519002234346,0.731548168659,0.0865003723911,0.243798002982,0.0290043383485,0.242984877627,0.0286791093619,0.244170990014,0.0288169246806
1124.5,34077.346958,6,0.519066426397,0.731741500159,0.0865110710661,0.243412577639,0.0289494315376,0.243000434055,0.0286367250262,0.244734173823,0.0289249145023
1125,34104.6306625,6,0.519462866962,0.732170082535,0.0865771444937,0.24333390239,0.0289022125273,0.24328458969,0.028673346334,0.24495725785,0.0290015856325
1125.5,34131.9143671,6,0.519359978947,0.732009828303,0.0865599964912,0.243204324875,0.0288139723281,0.24366573417,0.0287412689066,0.244545441298,0.0290047552565
1126,34159.1980716,6,0.519361227182,0.731826677732,0.0865602045304,0.243025137926,0.0287098274565,0.244182644031,0.0288392150223,0.244024586952,0.0290111620516
1126.5,34186.4817761,6,0.519272737051,0.73175675084,0.0865454561751,0.243055019482,0.0286608095632,0.244567782103,0.0289066590732,0.243539653283,0.0289779875387
1127,34213.7654807,6,0.519118954705,0.731866974935,0.0865198257842,0.243133416851,0.0286535640223,0.244887711239,0.0289705524343,0.243251543872,0.0288957093275
1127.5,34241.0491852,6,0.519380650496,0.732105428597,0.0865634417493,0.243500956187,0.0287118759156,0.244828936157,0.0290272886076,0.243181219191,0.0288242772261
1128,34268.3328897,6,0.519546089345,0.731994679879,0.0865910148908,0.243918165531,0.0287837985978,0.244392662427,0.0290573988788,0.243089533096,0.0287498174142
1128.5,34295.6165943,6,0.51912564525,0.731627559744,0.0865209408751,0.244419622743,0.0288721603266,0.243644397434,0.0289859165341,0.24296922525,0.0286628640144
1129,34322.9002988,6,0.519106329182,0.731756237548,0.0865177215303,0.244785121,0.0289438862534,0.24339105926,0.0289502728992,0.24298574153,0.0286235623776
1129.5,34350.1840033,6,0.519171181794,0.731991063924,0.086528530299,0.244917233509,0.029003361649,0.243097255503,0.0288339151309,0.243382258961,0.0286912535192
1130,34377.4677078,6,0.519101484442,0.731810332663,0.0865169140737,0.2444339703,0.0290051700785,0.243070856252,0.0287658225708,0.243711199832,0.0287459214244
1130.5,34404.7514124,6,0.519449102801,0.731856125168,0.0865748504669,0.24392301073,0.0290139479837,0.243024452292,0.0286964572734,0.244314360259,0.0288644452098
1131,34432.0351169,6,0.519175290149,0.731754471762,0.0865292150248,0.243426125595,0.0289542891388,0.243128861313,0.0286755311782,0.244605174071,0.0288993947079
1131.5,34459.3188214,6,0.519282849711,0.732003260766,0.0865471416184,0.243293335359,0.0289020043245,0.24320799559,0.0286657082634,0.244907600077,0.0289794290306
1132,34486.602526,6,0.51941541053,0.732072982194,0.0865692350883,0.243194386626,0.028819776234,0.243557336651,0.0287188088268,0.244726926688,0.0290306500275
1132.5,34513.8862305,6,0.519256075823,0.731785829844,0.0865426793038,0.24306422184,0.0287290945082,0.243953385313,0.0287868779701,0.244173908788,0.0290267068256
1133,34541.169935,6,0.519079512476,0.731687000356,0.0865132520793,0.242980608717,0.0286528230534,0.244534138792,0.0288806014209,0.243577953857,0.0289798276051
1133.5,34568.4536396,6,0.518942338064,0.731755675766,0.0864903896773,0.243043074654,0.0286287684685,0.244849395607,0.0289534958757,0.243268902832,0.0289081253332
1134,34595.7373441,6,0.51949710203,0.732181084847,0.0865828503383,0.243460116075,0.0287041975462,0.244875690812,0.0290128934528,0.243250959372,0.0288657593393
1134.5,34623.0210486,6,0.519555061597,0.732053233253,0.0865925102661,0.243953670043,0.0287986075363,0.244409286211,0.0290300911918,0.243095955313,0.028763811538
1135,34650.3047532,6,0.519004684262,0.731544873612,0.0865007807104,0.244171100602,0.0288168703428,0.243797281094,0.029005549959,0.242982174791,0.0286783604086
1135.5,34677.5884577,6,0.519047005837,0.731732536133,0.0865078343062,0.244733795414,0.0289244210814,0.243410231868,0.0289486603595,0.242994189392,0.0286347528652
1136,34704.8721622,6,0.519436269842,0.732154781592,0.0865727116403,0.244960916805,0.0290029472739,0.243313007222,0.0288966116275,0.243286538344,0.0286731527389
1136.5,34732.1558667,6,0.519328115738,0.731991137303,0.0865546859564,0.244537607072,0.0290038808282,0.243189724315,0.0288091400092,0.243669497917,0.028741665119
1137,34759.4395713,6,0.519360422245,0.731828257437,0.0865600703741,0.244020162667,0.0290111639785,0.243028136101,0.0287099649314,0.24418565922,0.0288389414643
1137.5,34786.7232758,6,0.519280485174,0.731758373792,0.0865467475291,0.243538778019,0.0289783731731,0.243058379977,0.0286613084824,0.244566910303,0.0289070658736
1138,34814.0069803,6,0.519122023789,0.731867427104,0.0865203372981,0.243244857972,0.0288935748566,0.24313745248,0.0286545170745,0.244890792619,0.028972245367
1138.5,34841.2906849,6,0.519382661731,0.732105131017,0.0865637769552,0.243180383887,0.0288235856412,0.243503035647,0.0287119275319,0.244827379142,0.0290282637821
1139,34868.5743894,6,0.519502541601,0.73196814282,0.0865837569334,0.243083597968,0.0287475807959,0.243907061276,0.0287802091728,0.244383167489,0.0290559669647
1139.5,34895.8580939,6,0.519114254048,0.731631814267,0.0865190423413,0.242969140148,0.0286622776361,0.244429219684,0.0288717392887,0.243639157615,0.0289850254165
1140,34923.1417985,6,0.519108503911,0.731761845796,0.0865180839852,0.242988236145,0.0286238286187,0.244799025769,0.0289466741024,0.243380285477,0.0289475812641
1140.5,34950.425503,6,0.519176814195,0.731995534515,0.0865294690324,0.243385143978,0.0286917755875,0.244919417322,0.0290044010748,0.243096659165,0.0288332923702
1141,34977.7092075,6,0.51911146746,0.73181480725,0.0865185779099,0.243716355463,0.0287470255756,0.244427086512,0.0290047343706,0.2430770434,0.0287668179637
1141.5,35004.992912,6,0.519429268301,0.731838917335,0.0865715447168,0.244306089766,0.0288627060212,0.243917029766,0.0290134203294,0.243021475477,0.0286954183663
1142,35032.2766166,6,0.519194046769,0.731767914355,0.0865323411281,0.244616831094,0.0289023138856,0.243428245775,0.0289547494814,0.243128517771,0.028675277761
1142.5,35059.5603211,6,0.519243206877,0.731988331636,0.0865405344795,0.244900776746,0.0289777196895,0.24328366492,0.0288972094922,0.243209570382,0.0286656052978
1143,35086.8440256,6,0.51942219202,0.73207949507,0.0865703653366,0.244719527012,0.0290298111671,0.243204798219,0.0288211502329,0.243560857664,0.0287194039366
1143.5,35114.1277302,6,0.519244389554,0.731779292603,0.0865407315924,0.244164223245,0.0290252448576,0.243059820877,0.0287271079061,0.24396094741,0.0287883788287
1144,35141.4114347,6,0.519080299228,0.731688125357,0.0865133832047,0.243579419721,0.028980686468,0.242983434393,0.0286528660575,0.244530966595,0.0288798306792
1144.5,35168.6951392,6,0.518939001195,0.73175512763,0.0864898335325,0.243270660228,0.0289086619652,0.243047539585,0.028629737059,0.244842605398,0.0289514345083
1145,35195.9788438,6,0.519489506133,0.73217925793,0.0865815843556,0.243237063519,0.0288603034472,0.243470802425,0.0287070017337,0.244877055918,0.0290142791747
1145.5,35223.2625483,6,0.519610018071,0.732081186467,0.0866016696786,0.243107786612,0.0287667437425,0.243967683385,0.0288027086237,0.244411394002,0.0290322173123
1146,35250.5462528,6,0.51900875835,0.731542370031,0.0865014597251,0.242981580572,0.0286781875906,0.244170306582,0.0288166508592,0.243796182279,0.0290066212753
1146.5,35277.8299573,6,0.519029526924,0.731724974034,0.086504921154,0.242988323992,0.0286328841834,0.244733694044,0.0289239464386,0.243408656168,0.0289480905321
1147,35305.1136619,6,0.519410724044,0.732139618214,0.0865684540073,0.24328957236,0.0286733511633,0.244964107906,0.0290042053905,0.243291624944,0.0288908974536
1147.5,35332.3973664,6,0.519289155303,0.731968727497,0.0865481925504,0.243672055906,0.0287418255099,0.244529664398,0.0290029675452,0.24317268665,0.0288033994954
1148,35359.6810709,6,0.519339789304,0.731821157772,0.0865566315506,0.244184198216,0.028836871174,0.244015071713,0.0290109450049,0.243027567401,0.0287088153718
1148.5,35386.9647755,6,0.519291108999,0.731763449787,0.0865485181665,0.244569109445,0.0289080117731,0.243538269203,0.0289787874485,0.243061753472,0.028661718945
1149,35414.24848,6,0.519128248946,0.731869460628,0.0865213748244,0.24489151871,0.0289732707825,0.243243133004,0.0288929845131,0.243140491422,0.0286551195288
1149.5,35441.5321845,6,0.51938287513,0.732103207995,0.0865638125217,0.244825748346,0.0290292067253,0.243178447801,0.0288227995664,0.243504698875,0.0287118062299
1150,35468.8158891,6,0.519456366623,0.731938127254,0.0865760611039,0.244373617893,0.0290545135059,0.243077383406,0.0287452799749,0.243892825263,0.028776267623
1150.5,35496.0995936,6,0.519106693645,0.731637376312,0.0865177822741,0.243633638976,0.0289840382465,0.242969121939,0.0286617102008,0.244440316179,0.0288720338269
1151,35523.3832981,6,0.519106776126,0.731764865515,0.0865177960211,0.243369344636,0.0289448331296,0.242990589477,0.0286240450462,0.244810614597,0.0289489178453
1151.5,35550.6670026,6,0.519183691715,0.732000785674,0.0865306152858,0.243095956547,0.028832622921,0.243389022134,0.0286925802634,0.244921473316,0.0290054121014
1152,35577.9507072,6,0.519119243133,0.731818493044,0.0865198738554,0.243082465935,0.0287674728851,0.243721616397,0.0287481457934,0.244420084001,0.0290042551769
1152.5,35605.2344117,6,0.519404243075,0.731820160037,0.0865673738459,0.24301965373,0.028694606361,0.244295241775,0.0288599193781,0.243910955673,0.0290128481068
1153,35632.5181162,6,0.519205899255,0.731777034127,0.0865343165425,0.243127430398,0.0286748375268,0.244628209915,0.0289049524416,0.243427093752,0.0289545265741
1153.5,35659.8018208,6,0.519214615298,0.731979955052,0.0865357692163,0.243213894851,0.0286662479618,0.244896778588,0.0289767742912,0.243274971191,0.0288927469632
1154,35687.0855253,6,0.519445467211,0.73209467306,0.0865742445352,0.243567732025,0.0287210258207,0.244711543305,0.0290287794273,0.243221075973,0.0288244392872
1154.5,35714.3692298,6,0.519232573279,0.73177139424,0.0865387622131,0.243967591554,0.0287896868519,0.244157073591,0.029024530947,0.243052407492,0.0287245444142
1155,35741.6529344,6,0.519077636419,0.73168700226,0.0865129394032,0.244526308578,0.0288788234705,0.243579064708,0.0289810168919,0.242987309443,0.0286530990408
1155.5,35768.9366389,6,0.518941776135,0.731758261295,0.0864902960226,0.244840582019,0.0289505349253,0.243272288231,0.0289091506782,0.243051071622,0.0286306104191
1156,35796.2203434,6,0.519479205624,0.732175799191,0.086579867604,0.244877831846,0.0290155765375,0.243222197564,0.0288545043143,0.2434814519,0.0287097867522
1156.5,35823.5040479,6,0.519669567551,0.732111998716,0.0866115945919,0.244413629055,0.0290343913771,0.243118093133,0.0287689671375,0.24398597179,0.0288082360773
1157,35850.7877525,6,0.519012377352,0.731539934146,0.086502062892,0.243793766259,0.0290072494095,0.242984356075,0.0286787325016,0.244167513684,0.0288160809808
1157.5,35878.071457,6,0.519015023476,0.731719185002,0.0865025039127,0.243409679728,0.0289482775089,0.24298339634,0.0286313147467,0.244731793813,0.0289229116571
1158,35905.3551615,6,0.519386383554,0.73212484789,0.086564397259,0.243270034296,0.0288851700258,0.243292390782,0.0286734991774,0.244968089678,0.0290057280559
1158.5,35932.6388661,6,0.51924952705,0.731945468384,0.0865415878416,0.243156152869,0.0287978379505,0.243673373802,0.0287416733819,0.244521613021,0.0290020765092
1159,35959.9225706,6,0.519316899217,0.731813001087,0.0865528165362,0.243027547299,0.0287077641604,0.244181172378,0.0288343195327,0.244009971349,0.0290107328431
1159.5,35987.2062751,6,0.519301851507,0.731769509768,0.0865503085846,0.243064868858,0.0286620598464,0.24457411809,0.0289094805404,0.243536225076,0.0289787681978
1160,36014.4899797,6,0.519133512129,0.731872203353,0.0865222520214,0.243142869313,0.0286554855402,0.244889782942,0.0289731898213,0.24324524595,0.0288935766599
1160.5,36041.7736842,6,0.519381285755,0.732100999786,0.0865635476259,0.243507567939,0.0287119069606,0.244824074831,0.0290299149752,0.243175038064,0.0288217256901
1161,36069.0573887,6,0.519406978327,0.7319068513,0.0865678297211,0.243875692651,0.0287710962649,0.244364036842,0.0290529845392,0.243072801377,0.0287437489171
1161.5,36096.3410932,6,0.519111797299,0.731648859578,0.0865186328832,0.244456479903,0.0288741306156,0.24363034074,0.0289836623697,0.242967721864,0.028660839898
1162,36123.6247978,6,0.519098259872,0.731763054266,0.0865163766453,0.244818005807,0.0289502506753,0.243357770429,0.0289418959779,0.242992960188,0.0286242299922
1162.5,36150.9085023,6,0.519184815581,0.732003493408,0.0865308025969,0.24492258785,0.0290060806207,0.243095321297,0.0288319261658,0.243391266485,0.0286927958104
1163,36178.1922068,6,0.519122943768,0.731821019801,0.086520490628,0.244413078321,0.029003735744,0.243086239688,0.0287675702267,0.243727394047,0.0287491846573
1163.5,36205.4759114,6,0.519363939315,0.731793529032,0.0865606565524,0.243904720749,0.0290121688128,0.243018005434,0.0286937337351,0.244276499605,0.0288547540046
1164,36232.7596159,6,0.519219859456,0.731786992858,0.0865366432426,0.243423757648,0.028953840624,0.243127570423,0.0286748123161,0.244641351261,0.0289079903025
1164.5,36260.0433204,6,0.519207661736,0.731982500727,0.0865346102894,0.243275079361,0.0288912690891,0.243220462687,0.0286676238103,0.244892626858,0.02897571739
1165,36287.327025,6,0.51946807817,0.732107296323,0.0865780130283,0.243239036352,0.028829015029,0.243571156584,0.028721696176,0.244702769776,0.0290273018233
1165.5,36314.6107295,6,0.519218547913,0.731761127344,0.0865364246522,0.243040669358,0.0287211572011,0.243975841538,0.0287913991954,0.244150301925,0.0290238682558
1166,36341.894434,6,0.519081585388,0.731688853734,0.0865135975647,0.24299182764,0.0286535813557,0.244523760127,0.0288785860628,0.243578965879,0.0289814301462
1166.5,36369.1781385,6,0.518943696441,0.73176064154,0.0864906160735,0.24305411608,0.0286313869029,0.244839275142,0.0289499163387,0.243272946041,0.0289093128319
1167,36396.4618431,6,0.519471642131,0.73217459309,0.0865786070218,0.243491717649,0.028712452861,0.24487808934,0.0290166476012,0.243210466039,0.0288495065596
1167.5,36423.7455476,6,0.519721883109,0.732139355082,0.0866203138515,0.244001443504,0.028812795874,0.244417039536,0.029036862066,0.243126549364,0.0287706559115
1168,36451.0292521,6,0.519008030329,0.7315344558,0.0865013383881,0.244165945102,0.0288156675816,0.243788825154,0.0290070327025,0.242985368734,0.0286786381041
1168.5,36478.3129567,6,0.518991575995,0.731707951322,0.0864985959991,0.244730439063,0.0289220979212,0.243404269123,0.0289466788119,0.242978923881,0.028629819266
1169,36505.5966612,6,0.519362075355,0.732110139989,0.0865603458924,0.244969723352,0.0290066636485,0.243250391419,0.0288798689807,0.243295705967,0.0286738132633
1169.5,36532.8803657,6,0.519217855811,0.731926005282,0.0865363093018,0.244516752439,0.0290022251642,0.2431391449,0.0287922884222,0.243675799262,0.0287417957155
1170,36560.1640703,6,0.51929678061,0.731806733442,0.086549463435,0.244003932403,0.0290103639955,0.243030696904,0.0287073817802,0.244177803102,0.0288317176592
1170.5,36587.4477748,6,0.519304669502,0.731772501517,0.0865507782503,0.243531903245,0.028978107515,0.243067622361,0.0286622448309,0.244578668225,0.0289104259044
1171,36614.7314793,6,0.519143607392,0.73187777505,0.0865239345654,0.243248395276,0.0288947333827,0.243146433463,0.0286562341841,0.244888620046,0.0289729669986
1171.5,36642.0151838,6,0.519381199025,0.732099636246,0.0865635331709,0.243172480033,0.0288208749762,0.243510196549,0.0287120233599,0.244822625878,0.0290306348349
1172,36669.2988884,6,0.519367990502,0.731881037931,0.0865613317503,0.243068894645,0.0287424395102,0.243862762357,0.0287673421272,0.244355063772,0.0290515501129
1172.5,36696.5825929,6,0.519124756024,0.731663786149,0.0865207926707,0.242967565889,0.0286602477344,0.244474182363,0.0288770441038,0.243627738553,0.0289835008325
1173,36723.8662974,6,0.519072018982,0.731751780939,0.0865120031637,0.242995666151,0.028624433514,0.244821888822,0.0289507812882,0.243339925336,0.0289367883615
1173.5,36751.150002,6,0.519183944799,0.732006198642,0.0865306574665,0.243393078491,0.0286928501649,0.24492151753,0.0290062077386,0.243097286146,0.0288315995631
1174,36778.4337065,6,0.51912291254,0.731821633832,0.0865204854233,0.243731330781,0.0287496760944,0.244406280838,0.0290032231373,0.243089698399,0.0287675861916
1174.5,36805.717411,6,0.51931036827,0.731760586479,0.0865517280449,0.244250664523,0.0288473689199,0.243898902359,0.0290115768756,0.243016695828,0.0286927822495
1175,36833.0011156,6,0.519232377376,0.731795970494,0.0865387295626,0.244654832327,0.0289110579596,0.243421420074,0.0289534224107,0.243125395711,0.0286742491923
1175.5,36860.2848201,6,0.519209708555,0.731989682947,0.0865349514259,0.24489102893,0.0289756172396,0.243276920339,0.0288902615406,0.243227411959,0.0286690726457
1176,36887.5685246,6,0.519487077394,0.732115798012,0.0865811795657,0.244693603077,0.029025767953,0.243254880719,0.0288334983175,0.243573000495,0.0287219132953
1176.5,36914.8522291,6,0.519201866163,0.731748658939,0.0865336443605,0.244142649642,0.0290230399517,0.243028252718,0.0287178428483,0.243983454273,0.0287927615605
1177,36942.1359337,6,0.519098352808,0.731697963175,0.0865163921347,0.243579475507,0.0289820388493,0.242996776506,0.0286542241824,0.244527404664,0.028880129103
1177.5,36969.4196382,6,0.518951797798,0.731766304075,0.0864919662996,0.243274333798,0.0289096190602,0.243058267745,0.0286325567262,0.244839378146,0.0289497905132
1178,36996.7033427,6,0.519469056251,0.732175894583,0.0865781760418,0.243201500225,0.0288454134926,0.243501642695,0.0287150326258,0.244878414362,0.0290177299234
1178.5,37023.9870473,6,0.519753725428,0.732155341997,0.0866256209046,0.24312947665,0.0287707722837,0.244009935453,0.0288152143609,0.244421606936,0.02903963426
1179,37051.2707518,6,0.51900892997,0.731532414435,0.0865014883283,0.242987428908,0.0286788737583,0.244166986028,0.0288158582287,0.243783699372,0.0290067563413
1179.5,37078.5544563,6,0.518985209597,0.731704127571,0.0864975349328,0.242973685616,0.0286281792489,0.2447321819,0.0289226459511,0.243403960111,0.0289467097328
1180,37105.8381609,6,0.519337729948,0.732095073194,0.0865562883246,0.243298967992,0.0286741054924,0.244969063943,0.0290070455049,0.243232727583,0.0288751373273
1180.5,37133.1218654,6,0.519192412753,0.731910315667,0.0865320687922,0.243679191081,0.0287422162392,0.244511822441,0.029002241258,0.243124980394,0.028787611295
1181,37160.4055699,6,0.519276611459,0.731799062361,0.0865461019098,0.244174026487,0.0288292649793,0.243996931148,0.0290096735139,0.243033782696,0.0287071634166
1181.5,37187.6892744,6,0.51930731848,0.731776235967,0.0865512197467,0.244583068893,0.0289110823028,0.243528824731,0.0289777774008,0.243070022927,0.0286623600431
1182,37214.972979,6,0.51916510915,0.73188970516,0.0865275181916,0.244887628873,0.0289727997565,0.243254913785,0.0288970398623,0.243152843224,0.0286576785729
1182.5,37242.2566835,6,0.519379924293,0.73209679431,0.0865633207155,0.244820771675,0.0290312514856,0.243169083526,0.0288198506651,0.243512624923,0.0287122185648
1183,37269.540388,6,0.51934492219,0.731863825907,0.0865574870317,0.244345644841,0.0290499820062,0.243067408178,0.0287417796533,0.243856470865,0.0287657253723
1183.5,37296.8240926,6,0.519134692957,0.731676786911,0.0865224488261,0.243625085323,0.0289833124219,0.242966466377,0.0286593978273,0.244490933214,0.0288797385769
1184,37324.1077971,6,0.51903431425,0.731735324586,0.0865057190417,0.243319297965,0.028930620997,0.24299830838,0.0286245912262,0.244823399287,0.0289505068185
1184.5,37351.3915016,6,0.51918046263,0.732006808141,0.086530077105,0.243099137361,0.0288312640493,0.243392867277,0.0286924528191,0.24492046773,0.0290063602367
1185,37378.6752062,6,0.519121429548,0.731821069141,0.086520238258,0.243090315317,0.028767019193,0.243736257001,0.0287503926904,0.244400168712,0.0290028263746
1185.5,37405.9589107,6,0.519254363381,0.731726975286,0.0865423938969,0.243014978896,0.0286915899238,0.244226084232,0.0288403114275,0.243891602185,0.0290104925456
1186,37433.2426152,6,0.519246809973,0.731806813636,0.0865411349956,0.243122836106,0.0286735049746,0.244667112315,0.0289138110859,0.243422562172,0.028953818935
1186.5,37460.5263197,6,0.519227077178,0.732004603509,0.0865378461963,0.243233054165,0.0286700847994,0.244890590137,0.0289758996029,0.243286645975,0.028891861794
1187,37487.8100243,6,0.519502077714,0.732120455491,0.086583679619,0.243575376188,0.0287222372013,0.244684126318,0.0290241032122,0.243266629276,0.0288373392055
1187.5,37515.0937288,6,0.519186489739,0.731737512221,0.0865310816232,0.243990437252,0.0287939377162,0.24413414152,0.0290219686129,0.243018610427,0.0287151752941
1188,37542.3774333,6,0.519113110258,0.731705934254,0.0865188517097,0.244533071947,0.0288822789667,0.243579062364,0.0289823276669,0.242999478812,0.028654245076
1188.5,37569.6611379,6,0.518968947163,0.731777202541,0.0864948245272,0.244843157594,0.028950776879,0.243276195185,0.0289100271143,0.24306352888,0.028634020534
1189,37596.9448424,6,0.519469179,0.732177764466,0.0865781965,0.244878911538,0.0290188563632,0.243194245229,0.028841930978,0.243510288925,0.0287174091588
1189.5,37624.2285469,6,0.519785889587,0.732170931075,0.0866309815978,0.244426009514,0.029042353198,0.243134792404,0.0287717341453,0.244015823855,0.0288168942545
1190,37651.5122515,6,0.519022127063,0.731534135463,0.0865036878439,0.243774607212,0.0290055968405,0.24298882257,0.0286789720819,0.244176407491,0.0288191189214
1190.5,37678.795956,6,0.518984838635,0.731700348659,0.0864974731059,0.243405179751,0.0289472015216,0.242968336779,0.0286264923349,0.244732516524,0.0289237792494
1191,37706.0796605,6,0.519317882657,0.732082086508,0.0865529804429,0.243217159938,0.028871035442,0.243302327351,0.0286744294036,0.244968265485,0.0290075155972
1191.5,37733.363365,6,0.519172908695,0.731897311697,0.0865288181158,0.2431115985,0.0287833251932,0.243684423941,0.028743224433,0.244506959839,0.0290022684895
1192,37760.6470696,6,0.519256263418,0.731790594224,0.0865427105697,0.243035787292,0.028706753435,0.244171211863,0.0288272042308,0.243989283982,0.0290087529039
1192.5,37787.9307741,6,0.519305975014,0.731779528457,0.0865509958356,0.243074711576,0.0286631594732,0.244586837501,0.0289111224464,0.243523680076,0.0289767139161
1193,37815.2144786,6,0.519189743692,0.731905269725,0.0865316239486,0.243158484524,0.0286588690111,0.244888534138,0.028972903933,0.243263943833,0.0288998510045
1193.5,37842.4981832,6,0.519367165706,0.732086743615,0.0865611942843,0.243511704251,0.028711563119,0.244816151795,0.0290310160878,0.24316456717,0.0288186150775
1194,37869.7818877,6,0.519328430677,0.731851328478,0.0865547384462,0.243850336149,0.0287641479756,0.244337409068,0.0290486849449,0.243069261468,0.0287419055257
1194.5,37897.0655922,6,0.519147091448,0.731690558124,0.0865245152413,0.24450799497,0.0288824868948,0.243622215249,0.0289830577735,0.242966028747,0.028658970573
1195,37924.3492968,6,0.519013141728,0.731727399885,0.0865021902881,0.244828128018,0.0289514573254,0.243305650727,0.0289262673567,0.242999302067,0.028624465606
1195.5,37951.6330013,6,0.519189736956,0.732011016191,0.0865316228259,0.244918580046,0.0290066368,0.243107702045,0.0288334668179,0.243390414874,0.028691519208
1196,37978.9167058,6,0.519120824067,0.73182018054,0.0865201373445,0.244393637368,0.0290023593364,0.243089016541,0.0287662379989,0.243743217634,0.0287515400092
1196.5,38006.2004103,6,0.519211521676,0.731700613102,0.0865352536127,0.243886851924,0.0290102344808,0.243016711323,0.0286914267415,0.24420274525,0.0288335923905
1197,38033.4841149,6,0.519254939063,0.731813399146,0.0865424898439,0.243423257558,0.0289541296542,0.243118909001,0.0286724659366,0.244676915913,0.028915894253
1197.5,38060.7678194,6,0.51924707682,0.732021951547,0.08654117947,0.243298950069,0.0288940893808,0.243238365734,0.0286710008325,0.244890301339,0.0289760892567
1198,38088.0515239,6,0.51950330207,0.73211883887,0.0865838836784,0.24327282961,0.0288392658037,0.243576975824,0.0287222047996,0.244674698687,0.029022413075
1198.5,38115.3352285,6,0.519173437347,0.73172974051,0.0865289062244,0.24301192967,0.0287128989361,0.243997930415,0.0287951446072,0.244125565151,0.0290208626811
1199,38142.618933,6,0.519130756282,0.731715580535,0.0865217927137,0.2430005139,0.0286537469429,0.244542583332,0.0288855549789,0.24357818194,0.0289824907919
1199.5,38169.9026375,6,0.518985082286,0.731787524719,0.0864975137143,0.243069632543,0.028635726235,0.244845868369,0.0289514944333,0.243277718023,0.0289102930461
1200,38197.1863421,6,0.519471950152,0.732180210483,0.0865786583587,0.243516936247,0.0287193358665,0.244879586466,0.02901993896,0.243189366706,0.0288393835321
