time,x,y,z,rel_vel_mag,alpha_deg,alpha_geom_deg,cl,cd,cm
500.5,2268,-426.545050983,118.02550478,28.8798523792,10.2308422521,10.147314159,0.641745933156,0.0917231411693,2.22507385851e-308
501,2268,-415.306396319,108.281498822,28.8617059878,10.1252374439,10.147314159,0.86937380225,0.0909382160625,2.22507385851e-308
501.5,2268,-409.784689694,94.4697731253,28.8374937812,9.98353450062,10.147314159,0.8671249403,0.0899345779186,2.22507385851e-308
502,2268,-411.208536883,79.6635018205,28.814988764,9.84929696979,10.147314159,0.864467528235,0.0890950452368,2.22507385851e-308
502.5,2268,-419.261125168,67.1571501271,28.7935830741,9.71970370044,10.147314159,0.861697090556,0.0883058086602,2.22507385851e-308
503,2268,-432.150715665,59.7334403007,28.7719638009,9.59897795558,10.147314159,0.858859181781,0.0876093836951,2.22507385851e-308
503.5,2268,-447.009313677,59.0441828018,28.7469756148,9.48335401839,10.147314159,0.856071603309,0.0869511743704,2.22507385851e-308
504,2268,-460.530811044,65.2427406759,28.7200417365,9.36759826982,10.147314159,0.852939131224,0.0863090584074,2.22507385851e-308
504.5,2268,-469.706610809,76.9499055518,28.6960308306,9.25047107539,10.147314159,0.849482837642,0.085684794699,2.22507385851e-308
505,2268,-472.495054235,91.5607780114,28.6760242206,9.13008832663,10.147314159,0.845867970493,0.0850284757515,2.22507385851e-308
505.5,2268,-468.275699503,105.82437,28.6580576431,9.01359119156,10.147314159,0.842234060095,0.084441589371,2.22507385851e-308
506,2268,-457.987372948,116.566965006,28.6420443298,8.90147743007,10.147314159,0.838678244588,0.0838796805387,2.22507385851e-308
506.5,2268,-443.919275767,121.398284957,28.6281961107,8.80338075135,10.147314159,0.835819512114,0.0833751630765,2.22507385851e-308
507,2268,-429.201625955,119.243338372,28.614360438,8.70991719062,10.147314159,0.832895644269,0.0829855906612,2.22507385851e-308
507.5,2268,-417.109170031,110.581611032,28.6054352244,8.63692297498,10.147314159,0.830759137905,0.0827030190363,2.22507385851e-308
508,2268,-410.332536491,97.3403781358,28.6020109509,8.5730969668,10.147314159,0.828766866136,0.0824530782144,2.22507385851e-308
508.5,2268,-410.379558267,82.4658764728,28.6008776476,8.51419932752,10.147314159,0.826966064264,0.0822196030975,2.22507385851e-308
509,2268,-417.239772792,69.2677528399,28.5983001087,8.46330631167,10.147314159,0.825407020082,0.082016085764,2.22507385851e-308
509.5,2268,-429.38674997,60.6826520126,28.58597539,8.42346187345,10.147314159,0.824065216719,0.0818623075405,2.22507385851e-308
510,2268,-444.117730069,58.6207994288,28.5584322121,8.40051549946,10.147314159,0.823300075434,0.0817766286366,2.22507385851e-308
510.5,2268,-458.155000519,63.5409670159,28.5260246644,8.35711688176,10.147314159,0.821461162551,0.0816111146778,2.22507385851e-308
511,2268,-468.375202418,74.3483942729,28.5060341981,8.30462874981,10.147314159,0.819561270623,0.0814039845321,2.22507385851e-308
511.5,2268,-472.504292626,88.6383776469,28.4978094768,8.24315029022,10.147314159,0.817277113548,0.0811723608067,2.22507385851e-308
512,2268,-469.62352909,103.231328418,28.4945933719,8.1759289503,10.147314159,0.814847162852,0.0809313556066,2.22507385851e-308
512.5,2268,-460.373895289,114.880246193,28.4941711263,8.11291389584,10.147314159,0.812460760668,0.0807173715484,2.22507385851e-308
513,2268,-446.813478382,120.993191807,28.4936199508,8.06133329647,10.147314159,0.810760743499,0.0805393342187,2.22507385851e-308
513.5,2268,-431.959535108,120.210006021,28.4899575878,8.00329495963,10.147314159,0.808602578551,0.0803441109177,2.22507385851e-308
514,2268,-419.117137924,112.704951368,28.4948390959,7.97923329092,10.147314159,0.808214135155,0.0802595570453,2.22507385851e-308
514.5,2268,-411.143780793,100.147937916,28.5064677734,7.96362162252,10.147314159,0.807748690446,0.080208763803,2.22507385851e-308
515,2268,-409.813573295,85.3329604008,28.5190933571,7.94463590333,10.147314159,0.807062499277,0.0801451151827,2.22507385851e-308
515.5,2268,-415.422492872,71.5564212149,28.5268626627,7.93530503188,10.147314159,0.806797591337,0.0801087428564,2.22507385851e-308
516,2268,-426.722528458,61.8836653236,28.5170519032,7.94093301211,10.147314159,0.807077350226,0.0801271123763,2.22507385851e-308
516.5,2268,-441.199368821,58.4669265477,28.4838454872,7.97246876656,10.147314159,0.808210473712,0.0802358666312,2.22507385851e-308
517,2268,-455.631848681,62.0664453848,28.4436286239,7.98545204615,10.147314159,0.808195126401,0.0802823225628,2.22507385851e-308
517.5,2268,-466.808673178,71.8813119113,28.4206063959,7.97626303846,10.147314159,0.807512406899,0.0802466853937,2.22507385851e-308
518,2268,-472.24294613,85.7276720197,28.4179447437,7.94897482738,10.147314159,0.806088866059,0.0801551083658,2.22507385851e-308
518.5,2268,-470.725516167,100.52464526,28.4239684308,7.90391759864,10.147314159,0.803912896648,0.0800067797945,2.22507385851e-308
519,2268,-462.594018615,112.979835276,28.433082472,7.86206144609,10.147314159,0.801918216479,0.0798776168086,2.22507385851e-308
519.5,2268,-449.657750043,120.321903526,28.4419477033,7.826604714,10.147314159,0.800595068076,0.0797594521643,2.22507385851e-308
520,2268,-434.79509124,120.917205187,28.44820229,7.78312135016,10.147314159,0.798851635409,0.0796179627518,2.22507385851e-308
520.5,2268,-421.31305391,114.633282829,28.4602796761,7.76950822961,10.147314159,0.799022428845,0.0795663412411,2.22507385851e-308
521,2268,-412.211454966,102.868338824,28.4771357419,7.75823774697,10.147314159,0.798592528916,0.0795369592952,2.22507385851e-308
521.5,2268,-409.515443113,88.2401287196,28.4954171836,7.75067696671,10.147314159,0.798374161629,0.0795112510773,2.22507385851e-308
522,2268,-413.824893709,74.0034982779,28.5076267368,7.75377854038,10.147314159,0.798636947544,0.0795164745057,2.22507385851e-308
522.5,2268,-424.180933664,63.3261649392,28.4994263849,7.77092012336,10.147314159,0.799467729331,0.0795701841705,2.22507385851e-308
523,2268,-438.279295229,58.583885746,28.4630524187,7.80770353358,10.147314159,0.800816205836,0.0796924593634,2.22507385851e-308
523.5,2268,-452.983026442,60.8318401922,28.4161036252,7.84949524762,10.147314159,0.802307875656,0.0798316074971,2.22507385851e-308
524,2268,-465.020477736,69.5698478081,28.3864514307,7.86190124199,10.147314159,0.802427113314,0.0798706750322,2.22507385851e-308
524.5,2268,-471.713259409,82.853660674,28.3823691236,7.8527713022,10.147314159,0.801660214012,0.0798376161253,2.22507385851e-308
525,2268,-471.572195961,97.7275677556,28.3911790652,7.82053410464,10.147314159,0.799943941389,0.0797331318178,2.22507385851e-308
525.5,2268,-464.628674675,110.882054554,28.4045516404,7.77707678837,10.147314159,0.797849566013,0.0795970814252,2.22507385851e-308
526,2268,-452.427661796,119.390185694,28.4179604884,7.73800939584,10.147314159,0.796198671278,0.0794715768402,2.22507385851e-308
526.5,2268,-437.683940253,121.358861858,28.4289630769,7.6965761899,10.147314159,0.794676047737,0.079335312277,2.22507385851e-308
527,2268,-423.678057649,116.35004331,28.4439867004,7.67617584485,10.147314159,0.79446963238,0.079265161344,2.22507385851e-308
527.5,2268,-413.526388941,105.47821581,28.4629969498,7.66345764441,10.147314159,0.794123127954,0.0792277605574,2.22507385851e-308
528,2268,-409.487728311,91.1624122664,28.4830691795,7.65572164806,10.147314159,0.793923060529,0.0792039011876,2.22507385851e-308
528.5,2268,-412.460696804,76.5879665099,28.497715498,7.65754098444,10.147314159,0.794088120468,0.0792081114509,2.22507385851e-308
529,2268,-421.783794903,64.9977614814,28.4934259712,7.67934271293,10.147314159,0.795223302605,0.079271997091,2.22507385851e-308
529.5,2268,-435.382589296,58.9706724814,28.4586378153,7.71538425204,10.147314159,0.796443102406,0.0793936013289,2.22507385851e-308
530,2268,-450.231284074,59.8477552473,28.4079566535,7.77399368219,10.147314159,0.799003847453,0.0795826417648,2.22507385851e-308
530.5,2268,-463.025974592,67.433854726,28.370660806,7.7982321732,10.147314159,0.799533768186,0.0796629951693,2.22507385851e-308
531,2268,-470.919781848,80.0410279928,28.3621856055,7.79923666664,10.147314159,0.799256064716,0.0796604429592,2.22507385851e-308
531.5,2268,-472.156296484,94.8641195166,28.3707247124,7.77269787609,10.147314159,0.797670820136,0.0795754392455,2.22507385851e-308
532,2268,-466.46038816,108.6049215,28.3866517551,7.73189275972,10.147314159,0.795700184866,0.0794466386838,2.22507385851e-308
532.5,2268,-455.099423351,118.206040673,28.4023904873,7.6894021969,10.147314159,0.793755047332,0.0793131191104,2.22507385851e-308
533,2268,-440.601270327,121.531182723,28.416844742,7.65472639422,10.147314159,0.792733355331,0.0791978396303,2.22507385851e-308
533.5,2268,-426.191836536,117.840487857,28.4323154544,7.62232975756,10.147314159,0.791781126993,0.0790906011158,2.22507385851e-308
534,2268,-415.077288979,107.955153094,28.4526449022,7.60856190484,10.147314159,0.791498195191,0.0790555077983,2.22507385851e-308
534.5,2268,-409.730666925,94.0747120567,28.4738483565,7.59873987768,10.147314159,0.791165328334,0.0790297764054,2.22507385851e-308
535,2268,-411.341619006,79.287628363,28.4909224423,7.60115484889,10.147314159,0.791440312954,0.0790364016798,2.22507385851e-308
535.5,2268,-419.551700783,66.8840978985,28.4910431743,7.62042474966,10.147314159,0.792463967424,0.0790879958907,2.22507385851e-308
536,2268,-432.534130327,59.6239647099,28.4602481392,7.65944014188,10.147314159,0.79388314112,0.079212034667,2.22507385851e-308
536.5,2268,-447.400255814,59.1226426844,28.4084403694,7.7259803935,10.147314159,0.796910832048,0.0794245591589,2.22507385851e-308
537,2268,-460.842294186,65.4916783378,28.3646588557,7.75792805581,10.147314159,0.797648799,0.0795320452001,2.22507385851e-308
537.5,2268,-469.869328489,77.3139311888,28.3506847436,7.76608754278,10.147314159,0.797708978768,0.0795551552313,2.22507385851e-308
538,2268,-472.472801,91.9588942018,28.3576240956,7.74591511395,10.147314159,0.796411258408,0.0794872512528,2.22507385851e-308
538.5,2268,-468.073426803,106.167994013,28.3739015013,7.70799739146,10.147314159,0.794543981651,0.0793672633033,2.22507385851e-308
539,2268,-457.650087413,116.779638877,28.3915587833,7.66464957391,10.147314159,0.792461704925,0.079233430684,2.22507385851e-308
539.5,2268,-443.52202502,121.432687748,28.4082184435,7.63370341386,10.147314159,0.791680377078,0.0791293999774,2.22507385851e-308
540,2268,-428.832800162,119.091815299,28.4232078014,7.59111891387,10.147314159,0.790045369752,0.0789920221709,2.22507385851e-308
540.5,2268,-416.850834671,110.277876693,28.4445457576,7.57748479444,10.147314159,0.789978192779,0.0789585046609,2.22507385851e-308
541,2268,-410.242172399,96.9520148543,28.46677807,7.56788180815,10.147314159,0.78970081902,0.0789346640052,2.22507385851e-308
541.5,2268,-410.47727188,82.0792969116,28.4856865179,7.56719308555,10.147314159,0.789779868896,0.0789332413295,2.22507385851e-308
542,2268,-417.503822372,68.9689727751,28.4901641327,7.58450784984,10.147314159,0.790704398473,0.0789802525492,2.22507385851e-308
542.5,2268,-429.758383238,60.5381514184,28.4647775233,7.62147785912,10.147314159,0.792259468296,0.0790884013397,2.22507385851e-308
543,2268,-444.51425687,58.662730369,28.4135348916,7.69103530877,10.147314159,0.795373605513,0.0793112267177,2.22507385851e-308
543.5,2268,-458.488191769,63.7599996586,28.3643156951,7.72862196308,10.147314159,0.796293649138,0.0794373190195,2.22507385851e-308
544,2268,-468.570921492,74.6957928217,28.3440392037,7.74391636122,10.147314159,0.796717787921,0.0794806252198,2.22507385851e-308
544.5,2268,-472.518991106,89.0368442856,28.3486445447,7.73262274024,10.147314159,0.795811973935,0.0794440150344,2.22507385851e-308
545,2268,-469.453936496,103.59220244,28.3646550779,7.69658273641,10.147314159,0.793949370055,0.0793302372086,2.22507385851e-308
545.5,2268,-460.057746772,115.123231425,28.3831770849,7.65351285838,10.147314159,0.791846721018,0.0791978557771,2.22507385851e-308
546,2268,-446.42111848,121.064222889,28.4011052862,7.61952212666,10.147314159,0.790857961687,0.0790829446102,2.22507385851e-308
546.5,2268,-431.578265749,120.093278203,28.4161231586,7.57445427799,10.147314159,0.788999792691,0.0789427650511,2.22507385851e-308
547,2268,-418.83179334,112.426437139,28.4374997521,7.55860908408,10.147314159,0.789002890856,0.0788989809159,2.22507385851e-308
547.5,2268,-411.0178515,99.7696080064,28.4603899621,7.54812261531,10.147314159,0.788678166703,0.0788742960806,2.22507385851e-308
548,2268,-409.875079154,84.9389950004,28.4807413892,7.54351336847,10.147314159,0.788572800887,0.078862267157,2.22507385851e-308
548.5,2268,-415.65774854,71.2344794841,28.4890200917,7.55783162651,10.147314159,0.789375487443,0.0789011186483,2.22507385851e-308
549,2268,-427.079188439,61.7053808163,28.4692406433,7.59160427695,10.147314159,0.790929150853,0.0789978585868,2.22507385851e-308
549.5,2268,-441.598074586,58.4719684081,28.42065811,7.65825548615,10.147314159,0.793860214965,0.0792054157753,2.22507385851e-308
550,2268,-455.983886317,62.253691775,28.3678178253,7.70554327337,10.147314159,0.795341657062,0.079361743167,2.22507385851e-308
550.5,2268,-467.035712649,72.2090996262,28.3409884188,7.72787089242,10.147314159,0.795999948278,0.0794304454808,2.22507385851e-308
551,2268,-472.294470084,86.1230667462,28.3419961927,7.72091585498,10.147314159,0.795276304594,0.0794061110639,2.22507385851e-308
551.5,2268,-470.59006028,100.899669806,28.3570589958,7.6882945362,10.147314159,0.793519352297,0.0793026312831,2.22507385851e-308
552,2268,-462.301722462,113.251044911,28.3758501917,7.64573762621,10.147314159,0.791444736905,0.0791724684389,2.22507385851e-308
552.5,2268,-449.273650896,120.428952827,28.3945840159,7.60887156014,10.147314159,0.790139621783,0.0790504101731,2.22507385851e-308
553,2268,-434.404652972,120.836275178,28.4098489948,7.56252713832,10.147314159,0.788253099759,0.0789059285311,2.22507385851e-308
553.5,2268,-421.003150877,114.38238082,28.4311012409,7.54571300802,10.147314159,0.788303488603,0.0788577964682,2.22507385851e-308
554,2268,-412.051042056,102.503291696,28.4542150772,7.53389956017,10.147314159,0.787925641249,0.0788331369289,2.22507385851e-308
554.5,2268,-409.540212955,87.8421611801,28.4753777476,7.52684183941,10.147314159,0.78773499333,0.0788118442389,2.22507385851e-308
555,2268,-414.029334896,73.6611599824,28.487229703,7.53771340866,10.147314159,0.788376803481,0.078841564019,2.22507385851e-308
555.5,2268,-424.519557067,63.1156277735,28.4735150088,7.56850000855,10.147314159,0.789876256708,0.0789287622067,2.22507385851e-308
556,2268,-438.676755544,58.5519952227,28.4284129897,7.62478392606,10.147314159,0.792208870295,0.0790974529639,2.22507385851e-308
556.5,2268,-453.350886873,60.9856921033,28.3735811694,7.68420850046,10.147314159,0.79450830059,0.0792921753542,2.22507385851e-308
557,2268,-465.276887603,69.8752093774,28.3402152051,7.71198267034,10.147314159,0.795285769774,0.0793805129698,2.22507385851e-308
557.5,2268,-471.801166305,83.2425875117,28.3370432961,7.71194901958,10.147314159,0.794925951768,0.0793762654069,2.22507385851e-308
558,2268,-471.472040187,98.1135218054,28.3501338422,7.68344581934,10.147314159,0.793303823549,0.0792854371736,2.22507385851e-308
558.5,2268,-464.362741364,111.179159219,28.3693920689,7.64164720301,10.147314159,0.791233704807,0.0791572948035,2.22507385851e-308
559,2268,-452.055122365,119.532333785,28.3883140515,7.60214815954,10.147314159,0.78959941903,0.0790309284857,2.22507385851e-308
559.5,2268,-437.287686482,121.314424753,28.4044423848,7.55758051618,10.147314159,0.787937618541,0.0788880024628,2.22507385851e-308
560,2268,-423.346257872,116.128908476,28.4247492665,7.53535903137,10.147314159,0.787690884199,0.0788247449367,2.22507385851e-308
560.5,2268,-413.332870173,105.129586789,28.4474112274,7.52186329131,10.147314159,0.787296414818,0.0787933699446,2.22507385851e-308
561,2268,-409.475549392,90.763860662,28.4697496303,7.51534765467,10.147314159,0.787144588587,0.0787774308,2.22507385851e-308
561.5,2268,-412.6325676,76.2281719338,28.4841495778,7.52039616487,10.147314159,0.787436252987,0.078791271249,2.22507385851e-308
562,2268,-422.101473351,64.7567799244,28.4766170814,7.54908165791,10.147314159,0.788949326723,0.0788701916462,2.22507385851e-308
562.5,2268,-435.775390444,58.9021234767,28.4366212383,7.59566300802,10.147314159,0.790726376321,0.0790089590414,2.22507385851e-308
563,2268,-450.611807812,59.966891272,28.3812290037,7.66446930603,10.147314159,0.793761861944,0.0792269271041,2.22507385851e-308
563.5,2268,-463.309552594,67.7141674524,28.3415838891,7.69688943466,10.147314159,0.794634108128,0.079333331959,2.22507385851e-308
564,2268,-471.04331667,80.4201465169,28.3336582854,7.702641431,10.147314159,0.794556931628,0.0793458866233,2.22507385851e-308
564.5,2268,-472.092301045,95.2576881781,28.3445191073,7.6788706681,10.147314159,0.793060275356,0.0792712695888,2.22507385851e-308
565,2268,-466.223101748,108.925369415,28.3636236575,7.6393777346,10.147314159,0.791148576827,0.0791469697783,2.22507385851e-308
565.5,2268,-454.741643312,118.382066668,28.3824466348,7.59705852255,10.147314159,0.789205245806,0.0790149934489,2.22507385851e-308
566,2268,-440.202604407,121.523620185,28.3996916702,7.55991469089,10.147314159,0.788079873616,0.0788932435341,2.22507385851e-308
566.5,2268,-425.840989784,117.651019485,28.418378905,7.52688492956,10.147314159,0.787103950749,0.0787981164052,2.22507385851e-308
567,2268,-414.852326452,107.625936495,28.4405329812,7.51210821904,10.147314159,0.78674909546,0.0787633664893,2.22507385851e-308
567.5,2268,-409.681643847,93.6789994775,28.4629401032,7.50208825228,10.147314159,0.786378984865,0.0787378021414,2.22507385851e-308
568,2268,-411.479443243,78.9134677193,28.4798288866,7.50587480584,10.147314159,0.78669927133,0.0787486448945,2.22507385851e-308
568.5,2268,-419.845705792,66.6147416987,28.4779178048,7.52846289994,10.147314159,0.78791469144,0.0788084276054,2.22507385851e-308
569,2268,-432.918898606,59.5193459793,28.4438166455,7.5713141273,10.147314159,0.789561336796,0.078936851002,2.22507385851e-308
569.5,2268,-447.790174606,59.2060395841,28.389425264,7.64285510828,10.147314159,0.792918872282,0.0791544415207,2.22507385851e-308
570,2268,-461.150604721,65.7445346642,28.3446201186,7.67882327433,10.147314159,0.793831142872,0.0792751256731,2.22507385851e-308
570.5,2268,-470.027430217,77.6799852162,28.3313477597,7.69020539513,10.147314159,0.794027260093,0.0793091493475,2.22507385851e-308
571,2268,-472.445515541,92.3566971822,28.3397916592,7.67210228768,10.147314159,0.7927865332,0.0792484381757,2.22507385851e-308
571.5,2268,-467.866825301,106.509032907,28.3577147754,7.6346598931,10.147314159,0.790935543077,0.0791298327231,2.22507385851e-308
572,2268,-457.310139677,116.988030921,28.3768117086,7.59125372942,10.147314159,0.788853857911,0.078996081641,2.22507385851e-308
572.5,2268,-443.124371024,121.462064729,28.3946595826,7.55937282339,10.147314159,0.788036250559,0.0788903788944,2.22507385851e-308
573,2268,-428.465919797,118.9356407,28.4112638793,7.51652228004,10.147314159,0.786359399274,0.0787653694803,2.22507385851e-308
573.5,2268,-416.596360549,109.9709001,28.4331127847,7.50197318822,10.147314159,0.786190546088,0.0787306695794,2.22507385851e-308
574,2268,-410.156726213,96.5625400069,28.4555241812,7.49185172436,10.147314159,0.785862918933,0.0787053976349,2.22507385851e-308
574.5,2268,-410.579865809,81.6939838009,28.4739017167,7.49118663789,10.147314159,0.785929625432,0.0787036175899,2.22507385851e-308
575,2268,-417.771628783,68.6735553862,28.4770738926,7.5093874159,10.147314159,0.786911988565,0.0787523957719,2.22507385851e-308
575.5,2268,-430.131813941,60.3983615139,28.4497557591,7.54699718708,10.147314159,0.788519678583,0.0788612083171,2.22507385851e-308
576,2268,-444.910221772,58.7096718623,28.3976242537,7.61757490257,10.147314159,0.791810973124,0.0790727361802,2.22507385851e-308
576.5,2268,-458.818586811,63.9832278459,28.3488062164,7.65540859862,10.147314159,0.792759003519,0.079199631614,2.22507385851e-308
577,2268,-468.762232219,75.0456383781,28.329695385,7.67134967199,10.147314159,0.79323482903,0.079244614149,2.22507385851e-308
577.5,2268,-472.528649978,89.4354649244,28.3355795287,7.66081730262,10.147314159,0.792337758511,0.0792113948425,2.22507385851e-308
578,2268,-469.279794368,103.950903188,28.3523240589,7.62518714784,10.147314159,0.790464347135,0.0790993884814,2.22507385851e-308
578.5,2268,-459.73855109,115.362199674,28.3711118445,7.58265017231,10.147314159,0.788388860441,0.0789690858864,2.22507385851e-308
579,2268,-446.027891788,121.130287076,28.3888204057,7.55044876238,10.147314159,0.787507335099,0.0788611131778,2.22507385851e-308
579.5,2268,-431.198502843,119.971738734,28.403790309,7.50556542486,10.147314159,0.785567996035,0.0787333924351,2.22507385851e-308
580,2268,-418.549993257,112.14433712,28.4242819787,7.4897956679,10.147314159,0.785468876659,0.0786916255948,2.22507385851e-308
580.5,2268,-410.896716088,99.3897160225,28.4459235014,7.47842833816,10.147314159,0.785089403005,0.0786636476799,2.22507385851e-308
581,2268,-409.941561614,84.54583881,28.46511766,7.47245472872,10.147314159,0.784876214597,0.0786470982841,2.22507385851e-308
581.5,2268,-415.897056211,70.9155381944,28.4723071445,7.48503227016,10.147314159,0.785599121387,0.0786807298951,2.22507385851e-308
582,2268,-427.438074235,61.5316203691,28.4517829756,7.51594501282,10.147314159,0.787044029335,0.078767410658,2.22507385851e-308
582.5,2268,-441.996684725,58.4820513226,28.4040790228,7.5797442332,10.147314159,0.789974842664,0.0789560196302,2.22507385851e-308
583,2268,-456.333528161,62.4453745552,28.3533552328,7.62238180553,10.147314159,0.791287479805,0.0790922660008,2.22507385851e-308
583.5,2268,-467.25858924,72.5397319491,28.3290101933,7.64247508032,10.147314159,0.791921807436,0.0791532181863,2.22507385851e-308
584,2268,-472.340990327,86.5190813601,28.3313482735,7.63369937523,10.147314159,0.791055763212,0.0791244033457,2.22507385851e-308
584.5,2268,-470.449873203,101.272951591,28.3469413674,7.60225349991,10.147314159,0.789399248925,0.0790247199363,2.22507385851e-308
585,2268,-462.00602035,113.518536908,28.3645145397,7.5610802382,10.147314159,0.787370174451,0.0788988316819,2.22507385851e-308
585.5,2268,-448.888228865,120.531136806,28.3810449946,7.52666501958,10.147314159,0.786141536998,0.0787890270771,2.22507385851e-308
586,2268,-434.015269241,120.750414721,28.3939425929,7.48167088029,10.147314159,0.784119176408,0.0786621444761,2.22507385851e-308
586.5,2268,-420.696445165,114.127580283,28.4120308159,7.46524991131,10.147314159,0.784068047975,0.078615772984,2.22507385851e-308
587,2268,-411.895257829,102.136245401,28.4320211932,7.45249001099,10.147314159,0.783587469346,0.0785878902678,2.22507385851e-308
587.5,2268,-409.57001294,87.4445386601,28.4506084906,7.44216945208,10.147314159,0.783162679236,0.0785567639347,2.22507385851e-308
588,2268,-414.238088454,73.3214341233,28.4607575895,7.44742955613,10.147314159,0.783533837176,0.0785685897605,2.22507385851e-308
588.5,2268,-424.860815548,62.9093891819,28.446918157,7.46865219414,10.147314159,0.784578951544,0.0786265020369,2.22507385851e-308
589,2268,-439.074587325,58.5251329581,28.4050290602,7.51474800657,10.147314159,0.786622400174,0.078758896136,2.22507385851e-308
589.5,2268,-453.716772506,61.1441831463,28.3552183855,7.56194161636,10.147314159,0.788470639793,0.0788989804349,2.22507385851e-308
590,2268,-465.529415809,70.1837887233,28.3266102921,7.58189867761,10.147314159,0.78904026371,0.0789591920286,2.22507385851e-308
590.5,2268,-471.884148366,83.6325948001,28.3254115686,7.57671794597,10.147314159,0.788456634222,0.0789391939597,2.22507385851e-308
591,2268,-471.367012204,98.4981785747,28.3376471075,7.54593927884,10.147314159,0.786718666387,0.0788414740526,2.22507385851e-308
591.5,2268,-464.093072558,111.472877523,28.3539965676,7.50501637736,10.147314159,0.78461849652,0.0787214853685,2.22507385851e-308
592,2268,-451.680815317,119.669759915,28.3677448514,7.46698933712,10.147314159,0.782856753565,0.0786117755203,2.22507385851e-308
592.5,2268,-436.892026277,121.264980748,28.3780581356,7.42252707898,10.147314159,0.780880536647,0.078483568416,2.22507385851e-308
593,2268,-423.017280772,115.903595859,28.3924011055,7.40049691291,10.147314159,0.780485753775,0.0784210066573,2.22507385851e-308
593.5,2268,-413.143775135,104.778538681,28.4083173413,7.38410398549,10.147314159,0.77980977506,0.0783803174741,2.22507385851e-308
594,2268,-409.468410954,90.3651869229,28.4249473123,7.37039417907,10.147314159,0.779204461064,0.0783421990572,2.22507385851e-308
594.5,2268,-412.808974098,75.8705793515,28.4352802211,7.36245466012,10.147314159,0.778782997769,0.0783164808547,2.22507385851e-308
595,2268,-422.422173508,64.5198345356,28.4273143013,7.37059152792,10.147314159,0.7792563047,0.0783339834642,2.22507385851e-308
595.5,2268,-436.16902696,58.8385467482,28.3935090442,7.39237068115,10.147314159,0.779922477226,0.0783969363548,2.22507385851e-308
596,2268,-450.990794706,60.0908293259,28.3486575667,7.43539447015,10.147314159,0.782031649035,0.0785201074787,2.22507385851e-308
596.5,2268,-463.589563494,67.998043487,28.3174094859,7.44667349278,10.147314159,0.782141574452,0.0785507615024,2.22507385851e-308
597,2268,-471.16204783,80.8007967751,28.3119763657,7.43787314723,10.147314159,0.781391623746,0.0785196208493,2.22507385851e-308
597.5,2268,-472.023334222,95.6504161817,28.3198723717,7.40608972321,10.147314159,0.779414111223,0.0784258892615,2.22507385851e-308
598,2268,-465.981782385,109.24279133,28.3321602047,7.36145007249,10.147314159,0.776982814328,0.0782975545973,2.22507385851e-308
598.5,2268,-454.381666105,118.553554621,28.3419645722,7.31726796181,10.147314159,0.774653682446,0.0781729679484,2.22507385851e-308
599,2268,-439.804065984,121.511017297,28.3494603585,7.27568890552,10.147314159,0.772925505168,0.0780516264533,2.22507385851e-308
599.5,2268,-425.492566824,117.457129959,28.3582637018,7.23670033482,10.147314159,0.771350946558,0.0779392236995,2.22507385851e-308
600,2268,-414.631544708,107.293901664,28.3684727896,7.21402843896,10.147314159,0.770356086572,0.0778796777732,2.22507385851e-308
600.5,2268,-409.637628298,93.2826986588,28.3795201206,7.18954800818,10.147314159,0.769057933214,0.0778112990836,2.22507385851e-308
601,2268,-411.621987556,78.5410797144,28.3873200268,7.16894804245,10.147314159,0.767985500052,0.0777501733371,2.22507385851e-308
601.5,2268,-420.143093185,66.3491245955,28.3823966301,7.15463985343,10.147314159,0.767176680047,0.0777024187934,2.22507385851e-308
602,2268,-433.304958982,59.4196008365,28.3573908317,7.14783880267,10.147314159,0.76636136212,0.0776829088073,2.22507385851e-308
602.5,2268,-448.179007709,59.2943601665,28.3219513561,7.1716944958,10.147314159,0.767712138177,0.0777474735761,2.22507385851e-308
603,2268,-461.455693351,66.0012692255,28.2920345606,7.16787812292,10.147314159,0.767007068478,0.0777371088323,2.22507385851e-308
603.5,2268,-470.180890715,78.0480091054,28.2828010369,7.15178538988,10.147314159,0.765936219312,0.0776871743567,2.22507385851e-308
604,2268,-472.413202222,92.7541233476,28.2856891056,7.11590244387,10.147314159,0.763738418439,0.0775807718658,2.22507385851e-308
604.5,2268,-467.655928031,106.847432151,28.2919104841,7.0637697715,10.147314159,0.760769701357,0.0774316253323,2.22507385851e-308
605,2268,-456.967584092,117.192107817,28.2964151192,7.00760552753,10.147314159,0.757610358813,0.0772725765426,2.22507385851e-308
605.5,2268,-442.72637736,121.486411204,28.3004769166,6.96282645199,10.147314159,0.755587540766,0.0771432078867,2.22507385851e-308
606,2268,-428.10104352,118.774839548,28.3033707818,6.90730187166,10.147314159,0.752672145412,0.0769866690331,2.22507385851e-308
606.5,2268,-416.345788353,109.660730336,28.3079927031,6.88107463277,10.147314159,0.751526227595,0.0769162647433,2.22507385851e-308
607,2268,-410.076211594,96.1720158673,28.3125804379,6.85071379661,10.147314159,0.749771290078,0.0768332111212,2.22507385851e-308
607.5,2268,-410.687323649,81.309998749,28.3147787159,6.81525847822,10.147314159,0.747657493958,0.0767318045023,2.22507385851e-308
608,2268,-418.043149205,68.3815479076,28.3092813507,6.7765187164,10.147314159,0.745317618044,0.0766170335524,2.22507385851e-308
608.5,2268,-430.506982371,60.2633046504,28.2927282096,6.73642429513,10.147314159,0.742759427787,0.076499174378,2.22507385851e-308
609,2268,-445.305561464,58.7616164031,28.2696552964,6.7345718017,10.147314159,0.742763827025,0.0764921727989,2.22507385851e-308
609.5,2268,-459.146132819,64.2106158856,28.2452834277,6.71250178615,10.147314159,0.74105148761,0.076432470805,2.22507385851e-308
610,2268,-468.949104009,75.3978750052,28.2340258547,6.68842530619,10.147314159,0.739679437409,0.0763611739746,2.22507385851e-308
610.5,2268,-472.533267696,89.8341758274,28.2328727385,6.64995190854,10.147314159,0.73730954369,0.0762516511226,2.22507385851e-308
611,2268,-469.101130551,104.30737331,28.2338022141,6.59138800007,10.147314159,0.73373398954,0.0760876523904,2.22507385851e-308
611.5,2268,-459.416359279,115.597112731,28.2335135559,6.52664472329,10.147314159,0.729796618875,0.0759076872632,2.22507385851e-308
612,2268,-445.633861182,121.191373805,28.234429844,6.47591251715,10.147314159,0.727221854742,0.0757616747218,2.22507385851e-308
612.5,2268,-430.820307109,119.845407049,28.2325241254,6.41090118713,10.147314159,0.723476154549,0.0755812676939,2.22507385851e-308
613,2268,-418.271782731,111.858696417,28.2320138398,6.38221894542,10.147314159,0.722192014919,0.0755147623751,2.22507385851e-308
613.5,2268,-410.780393925,99.0083227058,28.2298651852,6.34851011092,10.147314159,0.720053369076,0.0754383863991,2.22507385851e-308
614,2268,-410.013010044,84.1535546919,28.2256256575,6.30136868304,10.147314159,0.71698816002,0.0753246261582,2.22507385851e-308
614.5,2268,-416.140377621,70.5996483419,28.21682829,6.2394546786,10.147314159,0.713003907164,0.0751692596545,2.22507385851e-308
615,2268,-427.799128463,61.3624117647,28.2057261223,6.16540290218,10.147314159,0.708238707104,0.0749863220503,2.22507385851e-308
615.5,2268,-442.395135502,58.4971736791,28.1949633266,6.13509231949,10.147314159,0.706509039844,0.0749134566585,2.22507385851e-308
616,2268,-456.68071831,62.6414630769,28.178881927,6.10439779483,10.147314159,0.704436028269,0.0748538578197,2.22507385851e-308
616.5,2268,-467.477267313,72.8731560149,28.1682153623,6.07814749934,10.147314159,0.703041200707,0.0748063153352,2.22507385851e-308
617,2268,-472.382499423,86.9156525422,28.1648577158,6.03749753632,10.147314159,0.700461386707,0.0747195549349,2.22507385851e-308
617.5,2268,-470.304977352,101.644430931,28.1632422244,5.97879374144,10.147314159,0.696722945914,0.0745902231781,2.22507385851e-308
618,2268,-461.706959562,113.7822685,28.1600028339,5.90955668819,10.147314159,0.692205976024,0.074435642861,2.22507385851e-308
618.5,2268,-448.501545576,120.628439125,28.1585647234,5.85329681855,10.147314159,0.688904123553,0.0743028190817,2.22507385851e-308
619,2268,-433.627002308,120.659637544,28.1535186405,5.78611400308,10.147314159,0.684708938034,0.0741642784152,2.22507385851e-308
619.5,2268,-420.392985812,113.86892196,28.1494278441,5.76159126267,10.147314159,0.683678435838,0.074117178011,2.22507385851e-308
620,2268,-411.744127194,101.767258629,28.1423149912,5.73148171075,10.147314159,0.681566622478,0.0740611486201,2.22507385851e-308
620.5,2268,-409.604838302,87.0473247358,28.1325009717,5.6778033546,10.147314159,0.677813705291,0.0739412029666,2.22507385851e-308
621,2268,-414.451121007,72.9843750198,28.1210369692,5.59673985226,10.147314159,0.672285092536,0.0737527291311,2.22507385851e-308
621.5,2268,-425.204654542,62.7074821399,28.1122393473,5.49419852349,10.147314159,0.665382218798,0.0735099766235,2.22507385851e-308
622,2268,-439.472726963,58.5033032471,28.1083261315,5.43162859724,10.147314159,0.661495543335,0.0733697714511,2.22507385851e-308
622.5,2268,-454.08062484,61.30728798,28.0992714166,5.41059615729,10.147314159,0.660478679094,0.0733446529007,2.22507385851e-308
623,2268,-465.778021977,70.4955365066,28.0903722606,5.39005759606,10.147314159,0.659687243436,0.0733223801235,2.22507385851e-308
623.5,2268,-471.962192324,84.0236201805,28.0876815014,5.35653765315,10.147314159,0.657722749775,0.0732610247946,2.22507385851e-308
624,2268,-471.257128803,98.8814765602,28.0857030065,5.29823751345,10.147314159,0.653871438372,0.0731423312931,2.22507385851e-308
624.5,2268,-463.819711373,111.763162503,28.0836541501,5.23056980136,10.147314159,0.649277149727,0.0729995357983,2.22507385851e-308
625,2268,-451.304800501,119.802442113,28.0815183847,5.17577462605,10.147314159,0.645621557867,0.0728789434284,2.22507385851e-308
625.5,2268,-436.497022901,121.210537748,28.0745680302,5.11543458961,10.147314159,0.641855864282,0.0727572314091,2.22507385851e-308
626,2268,-422.69117895,115.674141486,28.0684202592,5.09919128583,10.147314159,0.641368294374,0.0727322767828,2.22507385851e-308
626.5,2268,-412.959134062,104.425127615,28.0582053539,5.07376923795,10.147314159,0.639412915425,0.0726876447493,2.22507385851e-308
627,2268,-409.466314139,89.9664547937,28.0457369545,5.02034000582,10.147314159,0.635382746899,0.0725623755452,2.22507385851e-308
627.5,2268,-412.989888093,75.515245939,28.0329557915,4.92320478454,10.147314159,0.62825788961,0.0723122841003,2.22507385851e-308
628,2268,-422.745844095,64.2869632005,28.0264498179,4.80214677893,10.147314159,0.619745535839,0.0719757606417,2.22507385851e-308
628.5,2268,-436.563435907,58.7799524613,28.0243448342,4.7148598874,10.147314159,0.613926856524,0.0717382884749,2.22507385851e-308
629,2268,-451.368184161,60.2195495924,28.0177431511,4.71608736262,10.147314159,0.614888997417,0.0717395764177,2.22507385851e-308
629.5,2268,-463.865962523,68.2854374403,28.0072942836,4.70265800851,10.147314159,0.614559819796,0.0716851326323,2.22507385851e-308
630,2268,-471.275956345,81.1829179048,28.0059079329,4.67865034509,10.147314159,0.613322875421,0.0716182407403,2.22507385851e-308
630.5,2268,-471.949407041,96.0422407335,28.0058528716,4.63181021322,10.147314159,0.610243752401,0.0714795244448,2.22507385851e-308
631,2268,-465.736468654,109.557136492,28.0065217632,4.56756164138,10.147314159,0.605870201072,0.0712752298396,2.22507385851e-308
631.5,2268,-454.019549288,118.720477113,28.006158303,4.51752758378,10.147314159,0.602358640921,0.0711433326514,2.22507385851e-308
632,2268,-439.40571878,121.493376076,28.000585901,4.47825536513,10.147314159,0.600226672016,0.0710125208574,2.22507385851e-308
632.5,2268,-425.146623366,117.258850279,27.9919083549,4.4562108686,10.147314159,0.599209612368,0.0709169229253,2.22507385851e-308
633,2268,-414.414979047,106.959101691,27.9822899937,4.43858270717,10.147314159,0.597860769195,0.0708721951242,2.22507385851e-308
633.5,2268,-409.598627315,92.8858729655,27.970222824,4.38279602415,10.147314159,0.593401373079,0.0706782470477,2.22507385851e-308
634,2268,-411.769229154,78.1705238897,27.9590311971,4.27806725123,10.147314159,0.585485825846,0.0703404364223,2.22507385851e-308
634.5,2268,-420.443815415,66.0872890586,27.9546320667,4.14690072608,10.147314159,0.576104239365,0.0699210181596,2.22507385851e-308
635,2268,-433.692249727,59.3247452297,27.9516374989,4.05924778499,10.147314159,0.570136091228,0.0696186900243,2.22507385851e-308
635.5,2268,-448.566692952,59.3875903099,27.9423272912,4.07980558086,10.147314159,0.57261512673,0.0696880192179,2.22507385851e-308
636,2268,-461.757511297,66.2618409723,27.925935925,4.07752746044,10.147314159,0.572921039889,0.069638705034,2.22507385851e-308
636.5,2268,-470.329685446,78.4179440125,27.9227776326,4.06546667425,10.147314159,0.572536121855,0.0696085294,2.22507385851e-308
637,2268,-472.375866209,93.1511091529,27.9242766136,4.02495136525,10.147314159,0.569849636248,0.0694850146937,2.22507385851e-308
637.5,2268,-467.440768713,107.18313764,27.9279302491,3.96864850271,10.147314159,0.566031127711,0.0693042117677,2.22507385851e-308
638,2268,-456.622475433,117.391836934,27.9314205793,3.92574705906,10.147314159,0.563026157881,0.0691636242893,2.22507385851e-308
638.5,2268,-442.328107664,121.505723279,27.9297450226,3.91046838506,10.147314159,0.562692659066,0.069129213099,2.22507385851e-308
639,2268,-427.738229674,118.609437553,27.9210090603,3.87231766044,10.147314159,0.560347936807,0.0689780173816,2.22507385851e-308
639.5,2268,-416.099158149,109.347416995,27.9146636349,3.86020672835,10.147314159,0.559607949893,0.0689486693372,2.22507385851e-308
640,2268,-410.000641416,95.7805048768,27.906907183,3.80381927282,10.147314159,0.555022995654,0.0687588127667,2.22507385851e-308
640.5,2268,-410.799628219,80.9274031516,27.899767043,3.69444739582,10.147314159,0.54651979005,0.0684517270724,2.22507385851e-308
641,2268,-418.318340226,68.0929970289,27.8978108692,3.5687163606,10.147314159,0.537407611255,0.0681434759219,2.22507385851e-308
641.5,2268,-430.883828543,60.1330024221,27.8941002704,3.50025715529,10.147314159,0.532803844713,0.0679950950535,2.22507385851e-308
642,2268,-445.700212735,58.8185556859,27.8783126629,3.54146598855,10.147314159,0.536559546428,0.0681138027611,2.22507385851e-308
642.5,2268,-459.470777419,64.4421274203,27.8525606541,3.54863633319,10.147314159,0.536992739681,0.0681401693732,2.22507385851e-308
643,2268,-469.131506984,75.7524463832,27.8422534728,3.54327847489,10.147314159,0.537061954097,0.0682055922854,2.22507385851e-308
643.5,2268,-472.532843524,90.2329132442,27.8435111804,3.51374371445,10.147314159,0.534996846475,0.0681560458806,2.22507385851e-308
644,2268,-468.91797361,104.66155581,27.8490307638,3.46183959337,10.147314159,0.531281455024,0.0680876791955,2.22507385851e-308
644.5,2268,-459.091222855,115.827933036,27.8568723734,3.42254105357,10.147314159,0.528471406426,0.0679914852583,2.22507385851e-308
645,2268,-445.239089661,121.247473308,27.861017027,3.4172650439,10.147314159,0.529011971829,0.0680116967544,2.22507385851e-308
645.5,2268,-430.443739019,119.714303346,27.8560916679,3.37012112526,10.147314159,0.525863741347,0.0679918551332,2.22507385851e-308
646,2268,-417.997206248,111.569560702,27.8546425454,3.35946568472,10.147314159,0.525497514659,0.0679892920026,2.22507385851e-308
646.5,2268,-410.668903611,98.6254890377,27.8534674563,3.30570037663,10.147314159,0.521073702074,0.0678818029073,2.22507385851e-308
647,2268,-410.089413021,83.7622053688,27.8521965642,3.20215685848,10.147314159,0.513000627871,0.0676952536712,2.22507385851e-308
647.5,2268,-416.387673866,70.2868604345,27.8525259587,3.09372823605,10.147314159,0.504978627739,0.0675123882455,2.22507385851e-308
648,2268,-428.162293394,61.1977820581,27.8490861419,3.05100534858,10.147314159,0.502231165106,0.0675177817542,2.22507385851e-308
648.5,2268,-442.793363209,58.5173330597,27.8282282938,3.11061871244,10.147314159,0.507030644863,0.0676046616931,2.22507385851e-308
649,2268,-457.025401249,62.8419259875,27.7924790251,3.13110926561,10.147314159,0.50806970582,0.0676561635083,2.22507385851e-308
649.5,2268,-467.691711905,73.209318512,27.7714854738,3.13235900839,10.147314159,0.50847420375,0.0676888900973,2.22507385851e-308
650,2268,-472.418990734,87.3127168843,27.7682667268,3.10274469018,10.147314159,0.506133466739,0.0676182238709,2.22507385851e-308
650.5,2268,-470.155395892,102.014048428,27.7735788155,3.0543580049,10.147314159,0.50253504663,0.0675667765673,2.22507385851e-308
651,2268,-461.404587913,114.042197516,27.7846407471,3.01446443088,10.147314159,0.499683131911,0.067498718338,2.22507385851e-308
651.5,2268,-448.113662856,120.720844227,27.7951547783,3.00445712587,10.147314159,0.499663206759,0.0674654012523,2.22507385851e-308
652,2268,-433.239914252,120.563958161,27.796571991,2.95492110876,10.147314159,0.496461328951,0.067457439021,2.22507385851e-308
652.5,2268,-420.092821338,113.606447206,27.801227587,2.94537800754,10.147314159,0.496435570738,0.0674631040201,2.22507385851e-308
653,2268,-411.597674315,101.396390375,27.8080723162,2.90472970959,10.147314159,0.493263975454,0.0674000471836,2.22507385851e-308
653.5,2268,-409.644683473,86.6505829183,27.812788423,2.81934219665,10.147314159,0.486581202129,0.0672688138033,2.22507385851e-308
654,2268,-414.66839849,72.6500365647,27.8164781287,2.74081843107,10.147314159,0.480903534597,0.0671419459817,2.22507385851e-308
654.5,2268,-425.551019073,62.5099389308,27.8142714699,2.72301836018,10.147314159,0.479876304432,0.0671912521555,2.22507385851e-308
655,2268,-439.871110798,58.4865095801,27.7908506036,2.780715492,10.147314159,0.484194981211,0.0672667913315,2.22507385851e-308
655.5,2268,-454.442385697,61.4749805252,27.7485466727,2.8276904181,10.147314159,0.487096241159,0.0673303650046,2.22507385851e-308
656,2268,-466.022666359,70.8104028815,27.7158328862,2.82779989326,10.147314159,0.487054099576,0.0673720998806,2.22507385851e-308
656.5,2268,-472.035285701,84.4156011312,27.7055939977,2.7967980307,10.147314159,0.484517281387,0.0672725176193,2.22507385851e-308
657,2268,-471.142407554,99.2633544759,27.7074364521,2.73948604976,10.147314159,0.480034566258,0.0671844231909,2.22507385851e-308
657.5,2268,-463.542701517,112.049967746,27.7196898476,2.695926137,10.147314159,0.476875968656,0.0671594925839,2.22507385851e-308
658,2268,-450.927138038,119.930359163,27.7350696731,2.68033536308,10.147314159,0.476022264969,0.0670942455006,2.22507385851e-308
658.5,2268,-436.102739511,121.151104458,27.7432966702,2.63110402727,10.147314159,0.473027494015,0.0670882327603,2.22507385851e-308
659,2268,-422.368004547,115.440582044,27.7540211154,2.62680338892,10.147314159,0.47373736435,0.0671185564328,2.22507385851e-308
659.5,2268,-412.778976476,104.069410098,27.7662570655,2.59243756487,10.147314159,0.471250559745,0.0670775081453,2.22507385851e-308
660,2268,-409.469259282,89.5677280281,27.7777193606,2.5374256483,10.147314159,0.466975346984,0.067038274784,2.22507385851e-308
660.5,2268,-413.175280657,75.162228511,27.7849835272,2.48776778931,10.147314159,0.463351655676,0.0669851349415,2.22507385851e-308
661,2268,-423.07243336,64.0582031532,27.7857155185,2.49255876629,10.147314159,0.46375175977,0.0670962690936,2.22507385851e-308
661.5,2268,-436.958554221,58.7263499846,27.7634482588,2.54420036257,10.147314159,0.467524539818,0.0671461196404,2.22507385851e-308
662,2268,-451.743915834,60.3530314903,27.7197341455,2.62250179205,10.147314159,0.473054120334,0.0671968101272,2.22507385851e-308
662.5,2268,-464.138705486,68.5763033607,27.6767466116,2.61381264374,10.147314159,0.471805881406,0.0672311882885,2.22507385851e-308
663,2268,-471.385024001,81.5664488081,27.6585339496,2.57453080046,10.147314159,0.468541614767,0.0671239027715,2.22507385851e-308
663.5,2268,-471.870531323,96.4330991843,27.6563617401,2.51371241244,10.147314159,0.463474147119,0.0670352247044,2.22507385851e-308
664,2268,-465.487199781,109.868354641,27.666619397,2.45575972967,10.147314159,0.459004395902,0.0670069649792,2.22507385851e-308
664.5,2268,-453.65535076,118.882807454,27.684094964,2.4319164191,10.147314159,0.457432766425,0.0669193940716,2.22507385851e-308
665,2268,-439.007626488,121.470699342,27.6982945613,2.39784221556,10.147314159,0.455499451951,0.066964110852,2.22507385851e-308
665.5,2268,-424.803214722,117.056212151,27.7114214628,2.37723215387,10.147314159,0.454408114594,0.0670939916583,2.22507385851e-308
666,2268,-414.202664096,106.621590108,27.7279508233,2.36071791951,10.147314159,0.453783677774,0.067031235531,2.22507385851e-308
666.5,2268,-409.564647135,92.4885858466,27.7441350912,2.32929135201,10.147314159,0.451190210009,0.067069893529,2.22507385851e-308
667,2268,-411.921144495,77.8018594939,27.7560495441,2.30900098074,10.147314159,0.449695454964,0.0671014225774,2.22507385851e-308
667.5,2268,-420.747824396,65.8292769534,27.7618515575,2.33434056781,10.147314159,0.451967806944,0.0671713839821,2.22507385851e-308
668,2268,-434.080708917,59.2347943257,27.7440210911,2.39302501074,10.147314159,0.456133908492,0.0672690866165,2.22507385851e-308
668.5,2268,-448.953168348,59.4857151076,27.7028440396,2.49033157887,10.147314159,0.463669300218,0.0672279453574,2.22507385851e-308
669,2268,-462.0560103,66.5262082413,27.653317978,2.47719315409,10.147314159,0.461565648057,0.0672625377366,2.22507385851e-308
669.5,2268,-470.473790619,78.7897307882,27.6280653122,2.43066681357,10.147314159,0.457369693886,0.0671804768118,2.22507385851e-308
670,2268,-472.333513472,93.5475911237,27.6209362374,2.35384142777,10.147314159,0.4507770224,0.0670899096166,2.22507385851e-308
670.5,2268,-467.221381749,107.516095697,27.6280253711,2.28623248683,10.147314159,0.445279016791,0.0670898811724,2.22507385851e-308
671,2268,-456.274868877,117.587186339,27.6448344254,2.24826540414,10.147314159,0.442422885544,0.0670339765324,2.22507385851e-308
671.5,2268,-441.929625614,121.519997866,27.662387061,2.23602967509,10.147314159,0.442397077261,0.0670689282339,2.22507385851e-308
672,2268,-427.377536267,118.439461161,27.675703295,2.19265573887,10.147314159,0.439158646051,0.0672102579066,2.22507385851e-308
672.5,2268,-415.856509369,109.031010172,27.6949428504,2.19182183738,10.147314159,0.440030352678,0.0671780079311,2.22507385851e-308
673,2268,-409.930027762,95.3880696345,27.7143167276,2.18185855533,10.147314159,0.439291158224,0.0672299512906,2.22507385851e-308
673.5,2268,-410.916761562,80.5462581825,27.7310659355,2.1880473839,10.147314159,0.440245412904,0.0672322440594,2.22507385851e-308
674,2268,-418.597157844,67.8079488867,27.7418270571,2.22721784662,10.147314159,0.443746934868,0.0672896236992,2.22507385851e-308
674.5,2268,-431.2622922,60.0074756634,27.7311666669,2.29926982897,10.147314159,0.449097640186,0.0674013725591,2.22507385851e-308
675,2268,-446.094112484,58.8804806066,27.6944058375,2.40741682908,10.147314159,0.457587453203,0.0673356919382,2.22507385851e-308
675.5,2268,-459.792468706,64.6777254335,27.6419420508,2.39634543963,10.147314159,0.455284706033,0.0673104358466,2.22507385851e-308
676,2268,-469.30941198,76.1092958194,27.6096699987,2.33817882078,10.147314159,0.449947801689,0.0672754920341,2.22507385851e-308
676.5,2268,-472.527377527,90.6316134203,27.5987244122,2.2563697839,10.147314159,0.4428681091,0.0671853102599,2.22507385851e-308
677,2268,-468.730352832,105.013394055,27.6022012541,2.17313807056,10.147314159,0.435794674841,0.0671864518518,2.22507385851e-308
677.5,2268,-458.763193803,116.054623681,27.6168001466,2.12078118075,10.147314159,0.431622073983,0.0671443071528,2.22507385851e-308
678,2268,-444.843640348,121.298576615,27.6353522881,2.11431143979,10.147314159,0.432244555104,0.067148700935,2.22507385851e-308
678.5,2268,-430.068858781,119.578448589,27.6481993899,2.06278592357,10.147314159,0.42826601859,0.0673351989685,2.22507385851e-308
679,2268,-417.726307708,111.276976203,27.6686606931,2.07428906753,10.147314159,0.430311146534,0.0673082162394,2.22507385851e-308
679.5,2268,-410.562262972,98.2412762301,27.6900805013,2.08252798196,10.147314159,0.431296698568,0.0673268731304,2.22507385851e-308
680,2268,-410.170758327,83.3718534141,27.7103354437,2.10165111604,10.147314159,0.433213365703,0.0673559394336,2.22507385851e-308
680.5,2268,-416.638905404,69.9772244843,27.725198917,2.14812426946,10.147314159,0.437463159645,0.0673786703559,2.22507385851e-308
681,2268,-428.527510961,61.0377575722,27.7220156237,2.22806939117,10.147314159,0.443635790892,0.0675292059837,2.22507385851e-308
681.5,2268,-443.191304173,58.5425262411,27.6911922559,2.34475832026,10.147314159,0.45277023112,0.0674269903821,2.22507385851e-308
682,2268,-457.367521869,63.0467312345,27.6380192184,2.34152452307,10.147314159,0.450929408131,0.0673772060637,2.22507385851e-308
682.5,2268,-467.901888728,73.5481656909,27.6000154757,2.28358175957,10.147314159,0.445633645271,0.0673322361196,2.22507385851e-308
683,2268,-472.450458425,87.7102108992,27.5850304704,2.19570897523,10.147314159,0.437878578016,0.0672486952067,2.22507385851e-308
683.5,2268,-470.001152742,102.381744985,27.5856643409,2.10353444042,10.147314159,0.429880844,0.0672641675992,2.22507385851e-308
684,2268,-461.09895375,114.298282397,27.5976916238,2.0384946053,10.147314159,0.424641050489,0.0672377673911,2.22507385851e-308
684.5,2268,-447.724642724,120.808337338,27.615630212,2.0208643321,10.147314159,0.424201672377,0.0671894552258,2.22507385851e-308
685,2268,-432.854066965,120.463391871,27.6284363934,1.97294867403,10.147314159,0.42048359004,0.0673795732732,2.22507385851e-308
685.5,2268,-419.795999738,113.340197989,27.6490557251,1.99035763811,10.147314159,0.422925903934,0.067409325596,2.22507385851e-308
686,2268,-411.455922608,101.023699939,27.6725364599,2.01375974841,10.147314159,0.425476533041,0.0674067202305,2.22507385851e-308
686.5,2268,-409.689542084,86.254376643,27.6948188667,2.04080415503,10.147314159,0.428112039403,0.067428729347,2.22507385851e-308
687,2268,-414.889886165,72.3184722157,27.71351898,2.09433274643,10.147314159,0.433100907036,0.0674399567521,2.22507385851e-308
687.5,2268,-425.899853759,62.3167911401,27.716438648,2.17838811351,10.147314159,0.439617430689,0.0675728341563,2.22507385851e-308
688,2268,-440.269675133,58.4747546423,27.6907076202,2.28449111616,10.147314159,0.447888689622,0.067491812717,2.22507385851e-308
688.5,2268,-454.801997236,61.6472339695,27.6397830866,2.31192000055,10.147314159,0.448864409981,0.0674026431584,2.22507385851e-308
689,2268,-466.263309837,71.1283375038,27.5966600435,2.25659776776,10.147314159,0.443479027477,0.0673965825624,2.22507385851e-308
689.5,2268,-472.103416809,84.8084749781,27.5773669113,2.16663816204,10.147314159,0.435513118116,0.0673111420392,2.22507385851e-308
690,2268,-471.022866799,99.6437512629,27.5746160075,2.06268169623,10.147314159,0.426556073201,0.0672920018028,2.22507385851e-308
690.5,2268,-463.262087282,112.333247393,27.584572148,1.98678961545,10.147314159,0.420236596415,0.0673100135382,2.22507385851e-308
691,2268,-450.547888314,120.053490613,27.6018150962,1.95894102742,10.147314159,0.418624058181,0.0672103347284,2.22507385851e-308
691.5,2268,-435.70923915,121.086690382,27.6146372303,1.91294164456,10.147314159,0.4151396832,0.0673847891193,2.22507385851e-308
692,2268,-422.047809236,115.202954877,27.6358002388,1.93899690786,10.147314159,0.418456921623,0.0674601245299,2.22507385851e-308
692.5,2268,-412.603331182,103.711443007,27.6592680427,1.96146753813,10.147314159,0.420982799336,0.0674428167163,2.22507385851e-308
693,2268,-409.477245913,89.1690703789,27.6836931432,1.99758241511,10.147314159,0.424498128531,0.0674500397635,2.22507385851e-308
693.5,2268,-413.365122149,74.8115835117,27.7047818065,2.05152404549,10.147314159,0.429481515466,0.0674743131732,2.22507385851e-308
694,2268,-423.401889085,63.8335909705,27.7130312086,2.13812027922,10.147314159,0.436400102363,0.0675816150036,2.22507385851e-308
694.5,2268,-437.354318726,58.6777478887,27.6919500821,2.22903987516,10.147314159,0.443271341754,0.0675370908922,2.22507385851e-308
695,2268,-452.11792965,60.4912536769,27.6449389056,2.29471291792,10.147314159,0.447804066368,0.0674267615024,2.22507385851e-308
695.5,2268,-464.407748774,68.8705947412,27.5965631646,2.24179543327,10.147314159,0.442278076895,0.0674548418928,2.22507385851e-308
696,2268,-471.489233361,81.9513281619,27.5728747615,2.1532982331,10.147314159,0.434502921912,0.0673514124959,2.22507385851e-308
696.5,2268,-471.786719679,96.8229290394,27.5677279332,2.04873033736,10.147314159,0.425437076126,0.0673150352223,2.22507385851e-308
697,2268,-465.23401562,110.176396016,27.5758281397,1.95904114065,10.147314159,0.41775394883,0.0673475528229,2.22507385851e-308
697.5,2268,-453.289128753,119.040519688,27.591922818,1.9205963349,10.147314159,0.415013017525,0.0672709546641,2.22507385851e-308
698,2268,-438.609852759,121.44299072,27.6062772649,1.88697583106,10.147314159,0.412912356617,0.0673716811665,2.22507385851e-308
698.5,2268,-424.462395802,116.849247972,27.6248832509,1.89435159024,10.147314159,0.414244882189,0.0675384986556,2.22507385851e-308
699,2268,-413.994633803,106.281420878,27.6491315134,1.92610065708,10.147314159,0.418033676761,0.0674617733128,2.22507385851e-308
699.5,2268,-409.53569319,92.0909008248,27.6748666314,1.96469233041,10.147314159,0.421703727176,0.067471038283,2.22507385851e-308
700,2268,-412.077709289,77.4351454732,27.6977224471,2.01894185683,10.147314159,0.426630026645,0.0674922618306,2.22507385851e-308
700.5,2268,-421.055071523,65.5751295335,27.7109885167,2.10860308023,10.147314159,0.434248616282,0.0675651905607,2.22507385851e-308
701,2268,-434.470274441,59.1497625067,27.6950367419,2.19629307243,10.147314159,0.440627781365,0.0676074306712,2.22507385851e-308
701.5,2268,-449.338372103,59.5887188703,27.6524926447,2.28667774206,10.147314159,0.447445445512,0.0674581918509,2.22507385851e-308
702,2268,-462.351142632,66.7943287625,27.6002543381,2.24301389159,10.147314159,0.442430661379,0.0674829583644,2.22507385851e-308
702.5,2268,-470.613183193,79.1633099871,27.5719608057,2.15706798167,10.147314159,0.434738806725,0.0673782847753,2.22507385851e-308
703,2268,-472.286150782,93.9435058659,27.5636664197,2.04827202671,10.147314159,0.425338259734,0.06732753661,2.22507385851e-308
703.5,2268,-466.997802217,107.846253084,27.5703039396,1.95442895204,10.147314159,0.417423577974,0.0673437135344,2.22507385851e-308
704,2268,-455.924820004,117.778124795,27.5852791483,1.90074816849,10.147314159,0.413088580095,0.0673171460176,2.22507385851e-308
704.5,2268,-441.530994926,121.529232684,27.6018048137,1.88933477822,10.147314159,0.413153269154,0.0673872372092,2.22507385851e-308
705,2268,-427.019020972,118.26493755,27.6173524166,1.86840177779,10.147314159,0.411731113575,0.0675659330521,2.22507385851e-308
705.5,2268,-415.617880812,108.711560459,27.6418097738,1.90577038683,10.147314159,0.416291035229,0.0674679144107,2.22507385851e-308
706,2268,-409.864381922,94.9947728874,27.668079677,1.94461695072,10.147314159,0.419896045284,0.0674962237863,2.22507385851e-308
706.5,2268,-411.038704949,80.1666247833,27.6927195718,2.00324214706,10.147314159,0.425375758299,0.0674902353734,2.22507385851e-308
707,2268,-418.879557479,67.5264490577,27.7086320254,2.08721361162,10.147314159,0.43260040773,0.0675498805877,2.22507385851e-308
707.5,2268,-431.642312832,59.8867444447,27.6988241568,2.1812417578,10.147314159,0.439675456409,0.0676320807448,2.22507385851e-308
708,2268,-446.487197728,58.947381264,27.6612728097,2.28639488274,10.147314159,0.44778693696,0.0675039837958,2.22507385851e-308
708.5,2268,-460.111155242,64.9173722551,27.6072875413,2.25655762869,10.147314159,0.443791863281,0.0674615160135,2.22507385851e-308
709,2268,-469.48279055,76.4683662566,27.5735302217,2.16916915219,10.147314159,0.435831873042,0.0674076582103,2.22507385851e-308
709.5,2268,-472.516870582,91.0302126069,27.5626033999,2.06339698315,10.147314159,0.426687054367,0.0673277925162,2.22507385851e-308
710,2268,-468.538298216,105.362831792,27.5671602371,1.96225817572,10.147314159,0.418030949082,0.0673454628946,2.22507385851e-308
710.5,2268,-458.432324574,116.277148423,27.5813159525,1.8984889427,10.147314159,0.41264128772,0.0673549258787,2.22507385851e-308
711,2268,-444.44757647,121.344675557,27.599135564,1.89400959487,10.147314159,0.413549943768,0.0673673088499,2.22507385851e-308
711.5,2268,-429.695726337,119.437864498,27.6123284556,1.85701258039,10.147314159,0.410569423483,0.0675732530267,2.22507385851e-308
712,2268,-417.459130426,110.980989704,27.6364162007,1.89685174833,10.147314159,0.415398596441,0.0674906597563,2.22507385851e-308
712.5,2268,-410.460489059,97.8557457151,27.6622979026,1.93964359266,10.147314159,0.419514813713,0.0674864532619,2.22507385851e-308
713,2268,-410.257032958,82.9825612415,27.6868771409,1.99445798431,10.147314159,0.424583259534,0.0674955272032,2.22507385851e-308
713.5,2268,-416.894032066,69.6707899993,27.7040066935,2.07262788289,10.147314159,0.431458891414,0.0675233934816,2.22507385851e-308
714,2268,-428.894722769,60.8823638933,27.700289251,2.1649546024,10.147314159,0.438577153048,0.0676539580232,2.22507385851e-308
714.5,2268,-443.588894768,58.5727491951,27.6693964076,2.27985575227,10.147314159,0.44748532841,0.067530228757,2.22507385851e-308
715,2268,-457.707025466,63.2558460715,27.6160237115,2.26077452249,10.147314159,0.444196717647,0.0674703921528,2.22507385851e-308
715.5,2268,-468.107764176,73.8896433731,27.578167537,2.18291365661,10.147314159,0.437135707839,0.0674205594702,2.22507385851e-308
716,2268,-472.476897465,88.1080710312,27.5643978237,2.08064994556,10.147314159,0.42817851679,0.0673401277787,2.22507385851e-308
716.5,2268,-469.842272564,102.747461811,27.5671327399,1.97843606178,10.147314159,0.419386094088,0.0673509403592,2.22507385851e-308
717,2268,-460.790105942,114.550482196,27.5800470674,1.90940735905,10.147314159,0.41358586984,0.0673710589451,2.22507385851e-308
717.5,2268,-447.334547381,120.890904466,27.5978302573,1.89501635993,10.147314159,0.413520932651,0.0673338595973,2.22507385851e-308
718,2268,-432.469522141,120.357954753,27.6102147569,1.85758121261,10.147314159,0.410437264434,0.067544919111,2.22507385851e-308
718.5,2268,-419.502568471,113.070216881,27.6323358057,1.8935493149,10.147314159,0.414744381706,0.0675209192156,2.22507385851e-308
719,2268,-411.318894739,100.64924691,27.6572362563,1.94182609465,10.147314159,0.419549676733,0.0674938504369,2.22507385851e-308
719.5,2268,-409.73940696,85.8587692598,27.679496117,1.99055069263,10.147314159,0.424024469959,0.0675097834587,2.22507385851e-308
720,2268,-415.115548616,71.9897349871,27.6964066706,2.06190664939,10.147314159,0.430481059989,0.0675103469791,2.22507385851e-308
720.5,2268,-426.251102826,62.1280696503,27.6974057866,2.14751006142,10.147314159,0.437103951206,0.0676218372172,2.22507385851e-308
721,2268,-440.66835624,58.4680403132,27.6739157624,2.24800469054,10.147314159,0.444923660683,0.0675229926249,2.22507385851e-308
721.5,2268,-455.159401956,61.824020771,27.6265979046,2.260139985,10.147314159,0.444561261083,0.0674447149446,2.22507385851e-308
722,2268,-466.499913934,71.4492895385,27.5866845748,2.19216622812,10.147314159,0.438099891635,0.0674412063277,2.22507385851e-308
722.5,2268,-472.166574756,85.2021789041,27.5699729215,2.09371786593,10.147314159,0.429447355749,0.0673694580971,2.22507385851e-308
723,2268,-470.898525654,100.022606099,27.5697500739,1.98962969559,10.147314159,0.420541414331,0.0673495262093,2.22507385851e-308
723.5,2268,-462.977913535,112.612956152,27.5809162572,1.91531550712,10.147314159,0.414207947214,0.0674151900914,2.22507385851e-308
724,2268,-450.167111966,120.171816775,27.5984323959,1.89559107675,10.147314159,0.413347461609,0.0673284011528,2.22507385851e-308
724.5,2268,-435.316584735,121.017305818,27.610427391,1.85892686291,10.147314159,0.410548096172,0.0675103906758,2.22507385851e-308
725,2268,-421.730644214,114.96129798,27.6305286956,1.89805347135,10.147314159,0.415007647228,0.0675577549651,2.22507385851e-308
725.5,2268,-412.432226266,103.351283577,27.6513232403,1.93838333443,10.147314159,0.419064135975,0.0675240380991,2.22507385851e-308
726,2268,-409.490272754,88.7705455881,27.6699817366,1.98556101226,10.147314159,0.42344404775,0.0675097279035,2.22507385851e-308
726.5,2268,-413.559382214,74.4633670062,27.6837053649,2.03971266907,10.147314159,0.42835281945,0.0675110233906,2.22507385851e-308
727,2268,-423.734158593,63.6131625657,27.6876290734,2.10954116976,10.147314159,0.433870489627,0.06758639314,2.22507385851e-308
727.5,2268,-437.750666144,58.6341539447,27.6716847414,2.17844081682,10.147314159,0.439084672397,0.0675001434276,2.22507385851e-308
728,2268,-452.490165808,60.6341940518,27.6348806444,2.22709230144,10.147314159,0.44228182115,0.0674213042682,2.22507385851e-308
728.5,2268,-464.67304937,69.1682645272,27.5956620712,2.16956128745,10.147314159,0.436454850184,0.06748680135,2.22507385851e-308
729,2268,-471.58856776,82.3374944273,27.5779068313,2.08182053114,10.147314159,0.428779282555,0.067419729276,2.22507385851e-308
729.5,2268,-471.69798551,97.2116679682,27.5757161028,1.98456638445,10.147314159,0.420432148003,0.0674082775088,2.22507385851e-308
730,2268,-464.976956654,110.481211362,27.5851588739,1.90847290467,10.147314159,0.41384989102,0.0674742740013,2.22507385851e-308
730.5,2268,-452.920941822,119.1935886,27.6010289611,1.88359415032,10.147314159,0.412329432307,0.0673931291367,2.22507385851e-308
731,2268,-438.212461193,121.410254642,27.6136425144,1.8583773805,10.147314159,0.410809906756,0.0675036230933,2.22507385851e-308
731.5,2268,-424.124221099,116.637990836,27.6285366593,1.87826969068,10.147314159,0.4130918246,0.0676653307479,2.22507385851e-308
732,2268,-413.790921429,105.938648393,27.644595483,1.92353999261,10.147314159,0.417829316577,0.0675786622185,2.22507385851e-308
732.5,2268,-409.511770111,91.6928814863,27.6575844322,1.96437066083,10.147314159,0.421473405499,0.0675569863987,2.22507385851e-308
733,2268,-412.238898501,77.0704404619,27.665080567,1.99547897675,10.147314159,0.424185013632,0.0675314440153,2.22507385851e-308
733.5,2268,-421.365507667,65.3248874351,27.669463133,2.0406615601,10.147314159,0.428139052569,0.067544338502,2.22507385851e-308
734,2268,-434.86088401,59.0696633685,27.6611395061,2.07675451683,10.147314159,0.43052898857,0.0675395516042,2.22507385851e-308
734.5,2268,-449.722242625,59.6965851286,27.6373670175,2.14276996306,10.147314159,0.435633311305,0.0674356521851,2.22507385851e-308
735,2268,-462.642861105,67.066159666,27.6028860434,2.10118873948,10.147314159,0.431009927245,0.0675435383118,2.22507385851e-308
735.5,2268,-470.74784088,79.5386218771,27.5870227781,2.02997180877,10.147314159,0.424672994118,0.067511503906,2.22507385851e-308
736,2268,-472.233785713,94.3387900763,27.5841714177,1.94203549446,10.147314159,0.417084872045,0.0675109228625,2.22507385851e-308
736.5,2268,-466.770065866,108.173557014,27.5921832174,1.87149342638,10.147314159,0.411133408927,0.0675529702758,2.22507385851e-308
737,2268,-455.572384784,117.964621774,27.6058051883,1.8388665844,10.147314159,0.408699753718,0.0675220966996,2.22507385851e-308
737.5,2268,-441.132279336,121.533426256,27.6194832466,1.84312434266,10.147314159,0.409971904362,0.0675992055564,2.22507385851e-308
738,2268,-426.662741112,118.085894624,27.6283523807,1.83931422005,10.147314159,0.409729545329,0.0677880322897,2.22507385851e-308
738.5,2268,-415.383310632,108.389118933,27.6383647716,1.88812202926,10.147314159,0.414865930611,0.0676736418037,2.22507385851e-308
739,2268,-409.803714394,94.6006775202,27.6435566695,1.92199518926,10.147314159,0.417556073323,0.0676795908524,2.22507385851e-308
739.5,2268,-411.165438883,79.788563654,27.6433264175,1.93281442887,10.147314159,0.418539544404,0.0676035324263,2.22507385851e-308
740,2268,-419.165493978,67.2485425514,27.642565433,1.92503175634,10.147314159,0.418059844636,0.067562905957,2.22507385851e-308
740.5,2268,-432.023829675,59.77082807,27.6413909538,1.92874348187,10.147314159,0.417932510705,0.0676142555586,2.22507385851e-308
741,2268,-446.879405618,59.0192469612,27.6310716725,1.99571067718,10.147314159,0.423673950165,0.0675311570928,2.22507385851e-308
741.5,2268,-460.426786073,65.1610295676,27.6047799278,1.97069736712,10.147314159,0.42029745186,0.0676473055301,2.22507385851e-308
742,2268,-469.651614973,76.8296002828,27.5924337541,1.9143382381,10.147314159,0.415114555138,0.0677020317306,2.22507385851e-308
742.5,2268,-472.501324366,91.4286470717,27.5920028588,1.8450104507,10.147314159,0.409155682905,0.0676929875567,2.22507385851e-308
743,2268,-468.341840468,105.709813147,27.5996316355,1.78120664651,10.147314159,0.403703180084,0.0677474308734,2.22507385851e-308
743.5,2268,-458.098668069,116.49547168,27.6121883313,1.74977788652,10.147314159,0.401241530029,0.0677486407584,2.22507385851e-308
744,2268,-444.050961356,121.385762761,27.6255683231,1.77512401343,10.147314159,0.404662167078,0.0677441431105,2.22507385851e-308
744.5,2268,-429.324401346,119.292573553,27.6286851205,1.76515847704,10.147314159,0.403627412399,0.067957785844,2.22507385851e-308
745,2268,-417.195717122,110.68164853,27.6323598147,1.82283649488,10.147314159,0.409408637119,0.0678530078327,2.22507385851e-308
745.5,2268,-410.363598144,97.4689591356,27.6286971516,1.85346044811,10.147314159,0.411715827863,0.0678244861754,2.22507385851e-308
746,2268,-410.348223118,82.5943910955,27.6184727936,1.83272927331,10.147314159,0.409550946553,0.0677697733537,2.22507385851e-308
746.5,2268,-417.15301306,69.3676059756,27.6100101516,1.76809760012,10.147314159,0.404076100065,0.0676775118172,2.22507385851e-308
747,2268,-429.263870105,60.7316258677,27.6130756204,1.7198950638,10.147314159,0.399710299427,0.0677855435652,2.22507385851e-308
747.5,2268,-443.98607142,58.6079970893,27.6153716327,1.77665237944,10.147314159,0.404891654916,0.0677349726451,2.22507385851e-308
748,2268,-458.043857757,63.4692370628,27.5986090046,1.76196066777,10.147314159,0.402294883563,0.0678928830321,2.22507385851e-308
748.5,2268,-468.309305332,74.2336969592,27.5912584947,1.72701833608,10.147314159,0.399212354711,0.0679982584692,2.22507385851e-308
749,2268,-472.498303628,88.506233666,27.5956673382,1.68037860076,10.147314159,0.395285280213,0.0680198467985,2.22507385851e-308
749.5,2268,-469.678780761,103.11114043,27.6053390784,1.62940291027,10.147314159,0.390949257931,0.0680649611282,2.22507385851e-308
750,2268,-460.478093871,114.79875659,27.6184286064,1.61039205875,10.147314159,0.389659136218,0.0680589414678,2.22507385851e-308
750.5,2268,-446.943439199,120.968532412,27.6305985266,1.64490237412,10.147314159,0.393907785775,0.0679861243708,2.22507385851e-308
751,2268,-432.086341265,120.247663666,27.6295941955,1.654154426,10.147314159,0.394490642659,0.06818897803,2.22507385851e-308
751.5,2268,-419.212574453,112.796547048,27.6262423178,1.72000707705,10.147314159,0.400679398985,0.0681156071422,2.22507385851e-308
752,2268,-411.186612617,100.273091161,27.6138413636,1.74832410994,10.147314159,0.402651115018,0.0680738298621,2.22507385851e-308
752.5,2268,-409.794270129,85.4638240229,27.5926686036,1.69476272678,10.147314159,0.397181434965,0.0680484130114,2.22507385851e-308
753,2268,-415.345349763,71.6638774409,27.5752225938,1.5688863721,10.147314159,0.38625314963,0.0679476613462,2.22507385851e-308
753.5,2268,-426.604710111,61.9438046363,27.5794523138,1.4614887593,10.147314159,0.376757254144,0.068065286439,2.22507385851e-308
754,2268,-441.067090375,58.4663676663,27.5917610607,1.48403332002,10.147314159,0.379144969043,0.0680991373598,2.22507385851e-308
754.5,2268,-455.514542713,62.005312663,27.5857389727,1.49553328486,10.147314159,0.379308734194,0.0682623627805,2.22507385851e-308
755,2268,-466.73244082,71.7732076682,27.5836328215,1.48078350029,10.147314159,0.377965988078,0.0684374595567,2.22507385851e-308
755.5,2268,-472.224749442,85.5966499593,27.5924375655,1.45204152418,10.147314159,0.375700809581,0.0684741082975,2.22507385851e-308
756,2268,-470.769403997,100.399858409,27.605322459,1.41447638993,10.147314159,0.372751099142,0.0684780386287,2.22507385851e-308
756.5,2268,-462.690225714,112.889049297,27.6209523673,1.41064629945,10.147314159,0.372694976111,0.0685156598006,2.22507385851e-308
757,2268,-449.784869878,120.285318729,27.6330337568,1.4659578335,10.147314159,0.37871839903,0.0683480600584,2.22507385851e-308
757.5,2268,-434.924839047,120.94296186,27.6293981558,1.50037325713,10.147314159,0.381779595112,0.0684932297736,2.22507385851e-308
758,2268,-421.416560191,114.715649992,27.6203582325,1.58504083889,10.147314159,0.389423278084,0.0684746078924,2.22507385851e-308
758.5,2268,-412.265689085,102.988989394,27.5994089561,1.60621116335,10.147314159,0.39048512547,0.0684425405314,2.22507385851e-308
759,2268,-409.508337722,88.3722173762,27.568640719,1.52670140568,10.147314159,0.382429318562,0.0684116605941,2.22507385851e-308
759.5,2268,-413.758029791,74.1176346714,27.5410641275,1.33252376967,10.147314159,0.364797952821,0.0683550983041,2.22507385851e-308
760,2268,-424.069188757,63.3969531836,27.5444840946,1.16375348177,10.147314159,0.349956175517,0.0685293640817,2.22507385851e-308
760.5,2268,-438.147533101,58.5955751228,27.5632242923,1.13449123725,10.147314159,0.347770918805,0.0686902669757,2.22507385851e-308
761,2268,-452.860564789,60.7818297601,27.5672363462,1.18260423571,10.147314159,0.351813655126,0.0688726302117,2.22507385851e-308
761.5,2268,-464.934564853,69.469265124,27.5681677648,1.18141597994,10.147314159,0.351940543674,0.0692205494177,2.22507385851e-308
762,2268,-471.683011318,82.7248858598,27.5805866706,1.17348141001,10.147314159,0.352252444232,0.0692714422509,2.22507385851e-308
762.5,2268,-471.604343004,97.5992538149,27.5982242085,1.1578329488,10.147314159,0.351516667834,0.0692860604822,2.22507385851e-308
763,2268,-464.716063984,110.782751944,27.618181632,1.17611421436,10.147314159,0.353426240405,0.0692406815955,2.22507385851e-308
763.5,2268,-452.550848838,119.341989714,27.6310982331,1.25524668352,10.147314159,0.360966837287,0.0689623516799,2.22507385851e-308
764,2268,-437.81551533,121.372496341,27.6273122037,1.32508183258,10.147314159,0.367712019757,0.0689702192199,2.22507385851e-308
764.5,2268,-423.788744684,116.422474519,27.6128685289,1.41268722027,10.147314159,0.375413176588,0.0690133297746,2.22507385851e-308
765,2268,-413.591559548,105.593327459,27.5858418999,1.43544172744,10.147314159,0.376311230886,0.0688965637261,2.22507385851e-308
765.5,2268,-409.492881722,91.2945914711,27.5475882937,1.32908941036,10.147314159,0.365154857302,0.0689598283254,2.22507385851e-308
766,2268,-412.40468636,76.7078027732,27.5105642917,1.06550614617,10.147314159,0.341130079994,0.0690491492116,2.22507385851e-308
766.5,2268,-421.679083193,65.0785906695,27.5118101968,0.842312896565,10.147314159,0.322019838035,0.0693106394521,2.22507385851e-308
767,2268,-435.25247517,58.9945097184,27.5344069754,0.768332426471,10.147314159,0.315614076479,0.0698497580666,2.22507385851e-308
767.5,2268,-450.104718537,59.8092966357,27.5461600459,0.839542086654,10.147314159,0.322370750778,0.0699570380193,2.22507385851e-308
768,2268,-462.931119075,67.3416574882,27.5479591032,0.85495144244,10.147314159,0.323977201139,0.0703821436915,2.22507385851e-308
768.5,2268,-470.87774215,79.9156064492,27.5623370192,0.865258401247,10.147314159,0.325982931971,0.0704091955712,2.22507385851e-308
769,2268,-472.176426636,94.7333805525,27.583288533,0.873880966883,10.147314159,0.327684801801,0.0703578167431,2.22507385851e-308
769.5,2268,-466.538209109,108.497955151,27.6075415621,0.921919592481,10.147314159,0.332625185632,0.0702089712209,2.22507385851e-308
770,2268,-455.217619568,118.146647457,27.6228735338,1.02283698676,10.147314159,0.341765178324,0.0699003393864,2.22507385851e-308
770.5,2268,-440.733542596,121.532577911,27.6215182496,1.14462355257,10.147314159,0.353369563099,0.069748056767,2.22507385851e-308
771,2268,-426.308753654,117.902361012,27.6034352143,1.21928609176,10.147314159,0.359649914558,0.0698138756012,2.22507385851e-308
771.5,2268,-415.152836335,108.063737148,27.5735900495,1.24251005212,10.147314159,0.360668670004,0.0696799097279,2.22507385851e-308
772,2268,-409.748034876,94.2058465452,27.5302140559,1.10555078628,10.147314159,0.346253943654,0.0698170876162,2.22507385851e-308
772.5,2268,-411.296943101,79.4121352434,27.4877016158,0.787177525331,10.147314159,0.316727876286,0.0700687742141,2.22507385851e-308
773,2268,-419.454921621,66.9742738024,27.4838471959,0.490339195462,10.147314159,0.290896163238,0.0706076316622,2.22507385851e-308
773.5,2268,-432.406781729,59.6597450734,27.5089269399,0.400241956103,10.147314159,0.282987924145,0.071321986437,2.22507385851e-308
774,2268,-447.270673443,59.0960662077,27.5248489146,0.483097817743,10.147314159,0.291278841793,0.0714342984603,2.22507385851e-308
774.5,2268,-460.739310732,65.4086584124,27.5253274709,0.516610766433,10.147314159,0.294185276676,0.0717716343699,2.22507385851e-308
775,2268,-469.815858256,77.1929401397,27.5380242482,0.541312786825,10.147314159,0.297896121401,0.0718184164837,2.22507385851e-308
775.5,2268,-472.480741367,91.8268531083,27.5603483546,0.575626468893,10.147314159,0.302203512282,0.0716064653355,2.22507385851e-308
776,2268,-468.141011001,106.054282641,27.5877739845,0.653106773656,10.147314159,0.310220190652,0.0713743018347,2.22507385851e-308
776.5,2268,-457.762277639,116.709558544,27.6069825603,0.781332137585,10.147314159,0.32177880936,0.0709870667018,2.22507385851e-308
777,2268,-443.653858419,121.421831658,27.6091495754,0.941021892748,10.147314159,0.336971222131,0.0705987814753,2.22507385851e-308
777.5,2268,-428.954943181,119.142598983,27.5901416,1.00479036641,10.147314159,0.341926873695,0.0707019003728,2.22507385851e-308
778,2268,-416.936109912,110.379000543,27.5612928488,1.02725987619,10.147314159,0.343029806032,0.0705718096453,2.22507385851e-308
778.5,2268,-410.271605719,97.0809783354,27.5164916597,0.860637701441,10.147314159,0.325883561045,0.0707962104644,2.22507385851e-308
779,2268,-410.444314227,82.2074050411,27.4711439497,0.483467901088,10.147314159,0.290022096133,0.0713245962136,2.22507385851e-308
779.5,2268,-417.415806977,69.0677208898,27.4638197346,0.137829784945,10.147314159,0.259472177199,0.0720780919313,2.22507385851e-308
780,2268,-429.634893943,60.5855675969,27.4890066961,0.0293851339316,10.147314159,0.250389656285,0.0730632845275,2.22507385851e-308
780.5,2268,-444.382770627,58.6482642879,27.5054871121,0.124212188952,10.147314159,0.259868351285,0.0731689545552,2.22507385851e-308
781,2268,-458.377964886,63.6868700891,27.5023644774,0.171565510373,10.147314159,0.263958358754,0.0734501550335,2.22507385851e-308
781.5,2268,-468.50647997,74.5802714381,27.5100168084,0.216839555194,10.147314159,0.269938784426,0.0734293929004,2.22507385851e-308
782,2268,-472.514673489,88.9046351408,27.5316771689,0.280280265363,10.147314159,0.276901977095,0.072941794875,2.22507385851e-308
782.5,2268,-469.510703473,103.472722692,27.5594481028,0.383541962451,10.147314159,0.287177750962,0.0725612535375,2.22507385851e-308
783,2268,-460.162967424,115.043065882,27.5825414861,0.542767816047,10.147314159,0.301758807468,0.0720708577858,2.22507385851e-308
783.5,2268,-446.551380714,121.041208763,27.5890827025,0.711281634752,10.147314159,0.31811124172,0.0714967511875,2.22507385851e-308
784,2268,-431.704585605,120.132536244,27.572784216,0.779232682734,10.147314159,0.323521532291,0.0715683870367,2.22507385851e-308
784.5,2268,-418.926064053,112.519232249,27.5467920282,0.786921317588,10.147314159,0.323446464993,0.0715639595503,2.22507385851e-308
785,2268,-411.059097392,99.8952928351,27.5046507289,0.584137770625,10.147314159,0.302146928984,0.0720087284272,2.22507385851e-308
785.5,2268,-409.854122819,85.0696040805,27.4596972999,0.157298713854,10.147314159,0.261496399289,0.0728043879723,2.22507385851e-308
786,2268,-415.579252862,71.3409516791,27.4508970465,-0.220515799856,10.147314159,0.227523027398,0.0743455376675,2.22507385851e-308
786.5,2268,-426.960619076,61.7640255605,27.475331252,-0.333786161434,10.147314159,0.218669222885,0.0761906540924,2.22507385851e-308
787,2268,-441.465813782,58.4697369692,27.4899816244,-0.239130630969,10.147314159,0.227958625837,0.0764136644707,2.22507385851e-308
787.5,2268,-455.867362723,62.1910806587,27.4824705049,-0.15961291702,10.147314159,0.235205904092,0.0764502020628,2.22507385851e-308
788,2268,-466.960853316,72.1000401012,27.4827446458,-0.0915464420942,10.147314159,0.243198877579,0.0761892515843,2.22507385851e-308
788.5,2268,-472.277931565,85.9918250714,27.4979498427,-0.0126305680182,10.147314159,0.251592556028,0.0754228882954,2.22507385851e-308
789,2268,-470.635522476,100.775447873,27.5230631285,0.108402102993,10.147314159,0.263929511703,0.074389441326,2.22507385851e-308
789.5,2268,-462.399069818,113.161482686,27.5489511246,0.28539695947,10.147314159,0.28024553889,0.07341495891,2.22507385851e-308
790,2268,-449.401223167,120.393978328,27.5607943262,0.463123938907,10.147314159,0.296614763448,0.0725202236162,2.22507385851e-308
790.5,2268,-434.534064725,120.863670396,27.5497045326,0.527987549797,10.147314159,0.30213190228,0.0725545875832,2.22507385851e-308
791,2268,-421.105607387,114.466050189,27.5287111706,0.51561626222,10.147314159,0.300265316914,0.0727359052246,2.22507385851e-308
791.5,2268,-412.103746266,102.624618387,27.4914875057,0.274636642078,10.147314159,0.275861489489,0.0736085506807,2.22507385851e-308
792,2268,-409.53143793,87.9741494323,27.4505091803,-0.182283835608,10.147314159,0.231740678831,0.0754112441271,2.22507385851e-308
792.5,2268,-413.96103312,73.7744417867,27.4430373997,-0.57730692982,10.147314159,0.196423600938,0.077890724848,2.22507385851e-308
793,2268,-424.406926008,63.184997394,27.466717755,-0.680105312989,10.147314159,0.189536776717,0.08007822723,2.22507385851e-308
793.5,2268,-438.544856143,58.5620175915,27.4788290581,-0.597782828229,10.147314159,0.197911831594,0.0803290998845,2.22507385851e-308
794,2268,-453.22906737,60.9341371961,27.4664473246,-0.470949508983,10.147314159,0.209618963251,0.0797621820446,2.22507385851e-308
794.5,2268,-465.192253411,69.7735484043,27.4564257214,-0.388095803406,10.147314159,0.218407673828,0.0792831089618,2.22507385851e-308
795,2268,-471.772548932,83.1134405188,27.4629509929,-0.288697358222,10.147314159,0.227787538432,0.0781403008355,2.22507385851e-308
795.5,2268,-471.505807134,97.985624608,27.4830831324,-0.152887080953,10.147314159,0.241644698749,0.076915368462,2.22507385851e-308
796,2268,-464.451379325,111.080969547,27.5091911177,0.0271880937152,10.147314159,0.25887706597,0.0755713479818,2.22507385851e-308
796.5,2268,-452.178908975,119.485699303,27.5252656649,0.201101607679,10.147314159,0.274476641638,0.0741909508624,2.22507385851e-308
797,2268,-437.419078638,121.329721854,27.5214566667,0.261388264165,10.147314159,0.279801100705,0.0741291022845,2.22507385851e-308
797.5,2268,-423.456020197,116.202733483,27.5054558675,0.210560724645,10.147314159,0.274627752797,0.0749783491072,2.22507385851e-308
798,2268,-413.396580034,105.245513289,27.4742698998,-0.0678047981028,10.147314159,0.246564336637,0.0765281360185,2.22507385851e-308
798.5,2268,-409.479031043,90.8960944621,27.4409613473,-0.538160290231,10.147314159,0.20168416789,0.0789801183708,2.22507385851e-308
799,2268,-412.575046358,76.3472903896,27.4353945566,-0.925483054739,10.147314159,0.169185650154,0.0819334023079,2.22507385851e-308
799.5,2268,-421.995747964,64.8362786175,27.4602276776,-1.00305057445,10.147314159,0.166888847712,0.0837458247151,2.22507385851e-308
800,2268,-435.644985308,58.9243135728,27.4704156782,-0.920029550097,10.147314159,0.175409446143,0.0842450629568,2.22507385851e-308
800.5,2268,-450.485738686,59.9268353701,27.4550973163,-0.755408559653,10.147314159,0.189707142628,0.0831222420851,2.22507385851e-308
801,2268,-463.215870453,67.6207781796,27.433507372,-0.656099526309,10.147314159,0.199133929654,0.0824947458896,2.22507385851e-308
801.5,2268,-471.002866232,80.294203427,27.4300288581,-0.550080013289,10.147314159,0.208176678865,0.0810313578064,2.22507385851e-308
802,2268,-472.114082725,95.1272142028,27.4420396027,-0.409048115337,10.147314159,0.220807019477,0.0793298734483,2.22507385851e-308
802.5,2268,-466.302269018,108.819395629,27.4659688379,-0.233602534017,10.147314159,0.23666892453,0.0779240830209,2.22507385851e-308
803,2268,-454.860581081,118.32417274,27.4845070512,-0.0780959068033,10.147314159,0.250579236543,0.0767891965597,2.22507385851e-308
803.5,2268,-440.334848461,121.526687785,27.4887030547,-0.0163938929131,10.147314159,0.25656995817,0.0766385684552,2.22507385851e-308
804,2268,-425.957115196,117.714366059,27.4774378641,-0.121593257247,10.147314159,0.246195507751,0.0779353394498,2.22507385851e-308
804.5,2268,-414.926494771,107.735467131,27.4527885341,-0.4275720326,10.147314159,0.217133247807,0.0799440934696,2.22507385851e-308
805,2268,-409.697352272,93.8103430924,27.4265657645,-0.901631816897,10.147314159,0.174596861534,0.0830982540756,2.22507385851e-308
805.5,2268,-411.433196575,79.0373997389,27.4264963669,-1.25282458304,10.147314159,0.14701696619,0.0860185714408,2.22507385851e-308
806,2268,-419.747794133,66.703686664,27.4522042058,-1.3184520259,10.147314159,0.147059273003,0.0881517347918,2.22507385851e-308
806.5,2268,-432.791107762,59.5535132158,27.4634729522,-1.20135895721,10.147314159,0.158566095615,0.0885734849995,2.22507385851e-308
807,2268,-447.660938643,59.1778267206,27.4463488496,-1.01010164326,10.147314159,0.173569279169,0.0867171639516,2.22507385851e-308
807.5,2268,-461.04867925,65.6602191958,27.4145232776,-0.8971606835,10.147314159,0.182577243934,0.0856025614044,2.22507385851e-308
808,2268,-469.975494137,77.5583277325,27.4003721043,-0.789273809191,10.147314159,0.191985971581,0.0839332140644,2.22507385851e-308
808.5,2268,-472.455124874,92.2247670473,27.4035741159,-0.659785271538,10.147314159,0.202285592452,0.0820442187166,2.22507385851e-308
809,2268,-467.935841925,106.396185198,27.4217738503,-0.50425090076,10.147314159,0.21551458726,0.0805725562606,2.22507385851e-308
809.5,2268,-457.423207068,116.919374786,27.4418566041,-0.369138042806,10.147314159,0.226561347279,0.0794611347187,2.22507385851e-308
810,2268,-443.256331154,121.452876482,27.4520007751,-0.320154324587,10.147314159,0.231529896,0.0793431006264,2.22507385851e-308
810.5,2268,-428.587410914,118.987964769,27.4455069224,-0.474603960493,10.147314159,0.218505152524,0.0813166522879,2.22507385851e-308
811,2268,-416.680350307,110.073094133,27.4276624072,-0.797640980597,10.147314159,0.189923502632,0.0838977721125,2.22507385851e-308
811.5,2268,-410.184526494,96.6918653492,27.4082910817,-1.25330511005,10.147314159,0.150382934856,0.0875698215917,2.22507385851e-308
812,2268,-410.54529092,81.8216649539,27.412413383,-1.56426523721,10.147314159,0.127931366158,0.0908051150808,2.22507385851e-308
812.5,2268,-417.682371799,68.7711826908,27.4395524151,-1.5917780378,10.147314159,0.130924348596,0.0923701156943,2.22507385851e-308
813,2268,-430.007734963,60.4442124344,27.4549618617,-1.45133777963,10.147314159,0.145950063649,0.092631417055,2.22507385851e-308
813.5,2268,-444.778928958,58.6935443525,27.4377143559,-1.23162642591,10.147314159,0.162355289987,0.0905401105892,2.22507385851e-308
814,2268,-458.709293431,63.9087103528,27.3987149051,-1.11459143296,10.147314159,0.169654618557,0.0890634258496,2.22507385851e-308
814.5,2268,-468.699256565,74.9293113956,27.3745016431,-1.00932568766,10.147314159,0.177281709224,0.0871776419953,2.22507385851e-308
815,2268,-472.526004431,89.3032117548,27.3687081432,-0.896501747868,10.147314159,0.185653720576,0.0850628520673,2.22507385851e-308
815.5,2268,-469.338067575,103.832150786,27.3795522919,-0.773837854188,10.147314159,0.196143699414,0.0835301853942,2.22507385851e-308
816,2268,-459.844776988,115.283371009,27.3993760996,-0.663654718879,10.147314159,0.204746365882,0.0824964572988,2.22507385851e-308
816.5,2268,-446.158434613,121.108921897,27.41362,-0.6479265272,10.147314159,0.207068129926,0.082680542872,2.22507385851e-308
817,2268,-431.324316199,120.012590895,27.4123155883,-0.826187100793,10.147314159,0.192500935429,0.0851569121343,2.22507385851e-308
817.5,2268,-418.64308308,112.238316823,27.3990844889,-1.15590919282,10.147314159,0.164849315488,0.0884396986662,2.22507385851e-308
818,2268,-410.936369454,99.5159123392,27.3845470716,-1.58141534365,10.147314159,0.130039167364,0.0923275161615,2.22507385851e-308
818.5,2268,-409.918955461,84.676172465,27.3909193366,-1.85191447116,10.147314159,0.112656742646,0.0952936774718,2.22507385851e-308
819,2268,-415.817220515,71.0210093345,27.420734775,-1.83999770613,10.147314159,0.118500071235,0.0961252441629,2.22507385851e-308
819.5,2268,-427.318772814,61.588761168,27.4412501907,-1.67267851308,10.147314159,0.136016410269,0.0961172691167,2.22507385851e-308
820,2268,-441.864462709,58.478147683,27.4276782653,-1.43906178243,10.147314159,0.152975817932,0.0939757842244,2.22507385851e-308
820.5,2268,-456.217805573,62.3812950553,27.3852805894,-1.30192731408,10.147314159,0.160645756769,0.0921735247272,2.22507385851e-308
821,2268,-467.1851149,72.4297345799,27.3526354192,-1.20314003488,10.147314159,0.166687046678,0.0903363593626,2.22507385851e-308
821.5,2268,-472.326112624,86.3876410553,27.3382282973,-1.12518917152,10.147314159,0.169878810211,0.0882318342339,2.22507385851e-308
822,2268,-470.496902495,101.149314439,27.340970059,-1.0427706423,10.147314159,0.176337991909,0.0868056827253,2.22507385851e-308
822.5,2268,-462.104492398,113.430212758,27.3591023918,-0.967670267838,10.147314159,0.182759714657,0.0861727664966,2.22507385851e-308
823,2268,-449.016233174,120.497778197,27.3758952189,-0.98185541887,10.147314159,0.181962675668,0.0865707278457,2.22507385851e-308
823.5,2268,-434.144324248,120.779444103,27.3789638476,-1.17929894129,10.147314159,0.167599511492,0.089515653408,2.22507385851e-308
824,2268,-420.797835522,114.212538481,27.3690499442,-1.50202609756,10.147314159,0.143970342238,0.0931834020996,2.22507385851e-308
824.5,2268,-411.946423704,102.258228815,27.3575089011,-1.88481347593,10.147314159,0.113211352428,0.0968010542749,2.22507385851e-308
825,2268,-409.559569683,87.5764054041,27.3646697424,-2.10499031762,10.147314159,0.100363582862,0.0993902258074,2.22507385851e-308
825.5,2268,-414.168359741,73.4338432256,27.3949857788,-2.05399987524,10.147314159,0.108593738356,0.0994868224709,2.22507385851e-308
826,2268,-424.747316345,62.9773290868,27.4211785145,-1.86529150012,10.147314159,0.127598695396,0.0990866653578,2.22507385851e-308
826.5,2268,-438.942571741,58.5334867163,27.4144162849,-1.63860886715,10.147314159,0.143443393188,0.0970158262731,2.22507385851e-308
827,2268,-453.595614631,61.0910920072,27.3729390237,-1.4643653524,10.147314159,0.153463162816,0.0947909189205,2.22507385851e-308
827.5,2268,-465.446073841,70.0810657158,27.3334722468,-1.38352374334,10.147314159,0.158116421065,0.0932857878006,2.22507385851e-308
828,2268,-471.857166288,83.503096278,27.3122987944,-1.33163043194,10.147314159,0.158741620676,0.0914000626958,2.22507385851e-308
828.5,2268,-471.402393654,98.3707185701,27.3091069627,-1.29085838188,10.147314159,0.160436996983,0.0902130069108,2.22507385851e-308
829,2268,-464.182944997,111.375816488,27.322866224,-1.26271946909,10.147314159,0.162903778345,0.0899305066444,2.22507385851e-308
829.5,2268,-451.805181704,119.624694389,27.3407494944,-1.3055370146,10.147314159,0.160161906012,0.090746796944,2.22507385851e-308
830,2268,-437.023214503,121.281938022,27.3473754409,-1.51344207447,10.147314159,0.147117367648,0.093820374917,2.22507385851e-308
830.5,2268,-423.126100838,115.97880286,27.3397750794,-1.82092780229,10.147314159,0.125256441496,0.0977211383065,2.22507385851e-308
831,2268,-413.206014064,104.895261496,27.329380618,-2.15854762299,10.147314159,0.0999706966697,0.101207656692,2.22507385851e-308
831.5,2268,-409.470220289,90.4974541755,27.3366505118,-2.32371821131,10.147314159,0.0908530160672,0.103015715935,2.22507385851e-308
832,2268,-412.749951255,75.9889609538,27.3637947771,-2.24850394674,10.147314159,0.0998364639573,0.102590132288,2.22507385851e-308
832.5,2268,-422.315451347,64.5979900225,27.3951283811,-2.03854645386,10.147314159,0.120200443426,0.101639126929,2.22507385851e-308
833,2268,-436.038351666,58.8590861553,27.3968862346,-1.81242705945,10.147314159,0.135569412026,0.0998115899217,2.22507385851e-308
833.5,2268,-450.865242148,60.0491825382,27.3610520658,-1.60609323237,10.147314159,0.147602760496,0.0970889685303,2.22507385851e-308
834,2268,-463.497069709,67.9034771111,27.3166179157,-1.54474580769,10.147314159,0.150711980702,0.0959352972345,2.22507385851e-308
834.5,2268,-471.123193121,80.674352276,27.2909930165,-1.52644274479,10.147314159,0.148909516222,0.0944758678856,2.22507385851e-308
835,2268,-472.046763945,95.5202280568,27.2820790313,-1.52510106442,10.147314159,0.147057046164,0.0934813566535,2.22507385851e-308
835.5,2268,-466.062283316,109.137827051,27.2916071587,-1.54309501065,10.147314159,0.146350273627,0.0936467435061,2.22507385851e-308
836,2268,-454.501326408,118.497169236,27.3091160537,-1.61429903132,10.147314159,0.141522190285,0.0949073106705,2.22507385851e-308
836.5,2268,-439.936260677,121.51575682,27.3181844418,-1.80661530698,10.147314159,0.129682575926,0.0978267703129,2.22507385851e-308
837,2268,-425.607881963,117.521939823,27.3117013484,-2.10800909069,10.147314159,0.11102445205,0.102070285511,2.22507385851e-308
837.5,2268,-414.704322131,107.404361369,27.3018631913,-2.39189051363,10.147314159,0.0891179210941,0.104910951121,2.22507385851e-308
838,2268,-409.651674685,93.4142303994,27.3063366692,-2.51304621128,10.147314159,0.0825213626121,0.106183883091,2.22507385851e-308
838.5,2268,-411.57417752,78.6644170576,27.3309947532,-2.42383491647,10.147314159,0.0922634458033,0.105342969403,2.22507385851e-308
839,2268,-420.044064685,66.4368244006,27.3647375074,-2.21084099292,10.147314159,0.112483661592,0.104179505299,2.22507385851e-308
839.5,2268,-433.176746325,59.452149483,27.3760803638,-1.96044286957,10.147314159,0.130840927256,0.102365712685,2.22507385851e-308
840,2268,-448.050138817,59.2645154271,27.3488826522,-1.7368636301,10.147314159,0.14285535616,0.0992731059967,2.22507385851e-308
840.5,2268,-461.354842161,65.9156716955,27.3020716708,-1.69200665722,10.147314159,0.143664625046,0.0982871381656,2.22507385851e-308
841,2268,-470.130497092,77.925704639,27.2727330998,-1.70109442702,10.147314159,0.140164564475,0.0971942440261,2.22507385851e-308
841.5,2268,-472.424478985,92.6223252656,27.2598522568,-1.74472992539,10.147314159,0.134444890607,0.0966088865909,2.22507385851e-308
842,2268,-467.726366047,106.735466149,27.2648633661,-1.80374548424,10.147314159,0.130725387543,0.097212153864,2.22507385851e-308
842.5,2268,-457.081510571,117.124886858,27.2814778168,-1.89855186506,10.147314159,0.124232213925,0.0988067900612,2.22507385851e-308
843,2268,-442.858443122,121.478892268,27.2913787559,-2.06373925568,10.147314159,0.115941758525,0.101572570535,2.22507385851e-308
843.5,2268,-428.22186331,118.828695635,27.2847496211,-2.35632259554,10.147314159,0.0986105085394,0.105983341393,2.22507385851e-308
844,2268,-416.428479198,109.763978212,27.2748217072,-2.58474205962,10.147314159,0.0802775268369,0.108088656663,2.22507385851e-308
844.5,2268,-410.102374391,96.3016823928,27.276967563,-2.66646292707,10.147314159,0.0754373117144,0.108682348031,2.22507385851e-308
845,2268,-410.651137053,81.4372325103,27.2968193882,-2.58471376884,10.147314159,0.0848519263475,0.107900766676,2.22507385851e-308
845.5,2268,-417.952664903,68.4780387925,27.3317047406,-2.36466458211,10.147314159,0.104678196264,0.106267631607,2.22507385851e-308
846,2268,-430.382333548,60.3075829817,27.3530195645,-2.10239177218,10.147314159,0.125619220175,0.104592483091,2.22507385851e-308
846.5,2268,-445.174483071,58.7438300433,27.3363475233,-1.86181547081,10.147314159,0.138539260351,0.101417856339,2.22507385851e-308
847,2268,-459.037790416,64.1347223836,27.289622314,-1.83326665646,10.147314159,0.136840573037,0.100490428507,2.22507385851e-308
847.5,2268,-468.887604293,75.2807610233,27.256097548,-1.87080414192,10.147314159,0.13182469315,0.0999042196632,2.22507385851e-308
848,2268,-472.532294644,89.7018997791,27.2401641135,-1.94507632692,10.147314159,0.123501809125,0.0995974187832,2.22507385851e-308
848.5,2268,-469.160900671,104.18936724,27.241237652,-2.04112862095,10.147314159,0.117166276383,0.100501395332,2.22507385851e-308
849,2268,-459.523573438,115.519633547,27.2562785291,-2.15089059928,10.147314159,0.110877957585,0.102418512413,2.22507385851e-308
849.5,2268,-445.764663723,121.17166099,27.2670238378,-2.29619934095,10.147314159,0.103520773092,0.104894116275,2.22507385851e-308
850,2268,-430.94559385,119.887846798,27.259782079,-2.5569603891,10.147314159,0.0882420307781,0.109036793385,2.22507385851e-308
850.5,2268,-418.363676781,111.953845686,27.2481226648,-2.73593920772,10.147314159,0.0741467060428,0.110622309177,2.22507385851e-308
851,2268,-410.818448425,99.1350103329,27.2469655731,-2.79744732044,10.147314159,0.0702118799539,0.111009379806,2.22507385851e-308
851.5,2268,-409.988757687,84.2835920825,27.2629067697,-2.73574589932,10.147314159,0.0777028331213,0.110243103079,2.22507385851e-308
852,2268,-416.059214672,70.7041015631,27.2977805317,-2.52200593377,10.147314159,0.0966057098855,0.10842691127,2.22507385851e-308
852.5,2268,-427.67911406,61.418039482,27.3280119469,-2.25220234599,10.147314159,0.119195015716,0.106689460129,2.22507385851e-308
853,2268,-442.262973417,58.4915984629,27.3231182946,-2.00369060874,10.147314159,0.13295547906,0.103728430844,2.22507385851e-308
853.5,2268,-456.565815229,62.5759254392,27.2797877705,-1.96568993037,10.147314159,0.131578484775,0.102657757456,2.22507385851e-308
854,2268,-467.405189716,72.7622383892,27.2414523396,-2.02581308408,10.147314159,0.125572781866,0.102416823279,2.22507385851e-308
854.5,2268,-472.369284913,86.7840346235,27.2219393675,-2.13318807665,10.147314159,0.114868862932,0.102604695066,2.22507385851e-308
855,2268,-470.353566221,101.521398327,27.2188213995,-2.25343328097,10.147314159,0.106380784444,0.103616622442,2.22507385851e-308
855.5,2268,-461.806540557,113.695196546,27.231561884,-2.37677723793,10.147314159,0.0994772132174,0.105736491985,2.22507385851e-308
856,2268,-448.629961456,120.596701741,27.2436528842,-2.5026833943,10.147314159,0.0922614917674,0.107785274821,2.22507385851e-308
856.5,2268,-433.755679934,120.690296448,27.2365868399,-2.72632184614,10.147314159,0.0797638627309,0.111559087602,2.22507385851e-308
857,2268,-420.493293804,113.955155401,27.222582936,-2.86461954437,10.147314159,0.0695713278873,0.112945042457,2.22507385851e-308
857.5,2268,-411.793746552,101.889879259,27.2196357323,-2.91483734873,10.147314159,0.066233110677,0.113177577554,2.22507385851e-308
858,2268,-409.592728484,87.1790488873,27.2321284844,-2.87504462413,10.147314159,0.0710174707026,0.112522227402,2.22507385851e-308
858.5,2268,-414.379976504,73.0958934469,27.2653939579,-2.67442460094,10.147314159,0.0885249718899,0.110480871999,2.22507385851e-308
859,2268,-425.090305343,62.7739814663,27.3028988173,-2.4035053983,10.147314159,0.111529912106,0.108661704146,2.22507385851e-308
859.5,2268,-439.340616303,58.5099870591,27.3091285772,-2.16707682374,10.147314159,0.125259771051,0.106138553222,2.22507385851e-308
860,2268,-453.960147965,61.2526690978,27.2721071476,-2.092174616,10.147314159,0.126373389054,0.104730954848,2.22507385851e-308
860.5,2268,-465.69598556,70.3917678891,27.2289840003,-2.17021698571,10.147314159,0.119932826459,0.104965897295,2.22507385851e-308
861,2268,-471.936849854,83.8937908348,27.2050749557,-2.29924176571,10.147314159,0.107893966467,0.105385986481,2.22507385851e-308
861.5,2268,-471.294119099,98.7544741282,27.197639189,-2.44513235115,10.147314159,0.0974462988473,0.106673127391,2.22507385851e-308
862,2268,-463.910803921,111.667245625,27.2068867393,-2.56938630961,10.147314159,0.0899912088491,0.108539637947,2.22507385851e-308
862.5,2268,-451.429726778,119.758952747,27.2190687221,-2.67629512764,10.147314159,0.0831394702005,0.110348243171,2.22507385851e-308
863,2268,-436.627986222,121.229152483,27.2141140112,-2.85924863514,10.147314159,0.0736001153125,0.113462621046,2.22507385851e-308
863.5,2268,-422.799039358,115.750718455,27.1992726363,-2.96977556855,10.147314159,0.0672071360997,0.114918569009,2.22507385851e-308
864,2268,-413.019892106,104.542628082,27.1941908711,-3.02523393243,10.147314159,0.0628689031256,0.115224256663,2.22507385851e-308
864.5,2268,-409.466450869,90.0987343503,27.2045854204,-3.0004664608,10.147314159,0.065991177108,0.114636434751,2.22507385851e-308
865,2268,-412.929373085,75.6328717596,27.2353365384,-2.83146744643,10.147314159,0.079676087801,0.11268342712,2.22507385851e-308
865.5,2268,-422.638142224,64.363762985,27.2779282673,-2.5623623688,10.147314159,0.102500530258,0.110631916196,2.22507385851e-308
866,2268,-436.432511348,58.7988378953,27.2943146215,-2.33280558276,10.147314159,0.117386520059,0.108659626207,2.22507385851e-308
866.5,2268,-451.243168245,60.1763185778,27.2658831495,-2.21106268076,10.147314159,0.121911845139,0.10670202585,2.22507385851e-308
867,2268,-463.774671882,68.1897090818,27.2187004792,-2.30258350646,10.147314159,0.114733729481,0.107312309184,2.22507385851e-308
867.5,2268,-471.238703577,81.0559922138,27.1896008908,-2.45079508313,10.147314159,0.102231735095,0.108121808086,2.22507385851e-308
868,2268,-471.974481062,95.9123592751,27.1771473355,-2.60606678053,10.147314159,0.09004568108,0.109213896732,2.22507385851e-308
868.5,2268,-465.818290377,109.453198504,27.1820128392,-2.73359257806,10.147314159,0.0823233551994,0.110985247699,2.22507385851e-308
869,2268,-454.139912993,118.665609287,27.1930586635,-2.82769289653,10.147314159,0.0759660785374,0.112731849333,2.22507385851e-308
869.5,2268,-439.537842975,121.499786763,27.1911687983,-2.95221259742,10.147314159,0.0709486028067,0.114997675599,2.22507385851e-308
870,2268,-425.261109794,117.325113071,27.1770104173,-3.07127836755,10.147314159,0.0652285768721,0.116905750459,2.22507385851e-308
870.5,2268,-414.486353938,107.070472804,27.1712527421,-3.12693542105,10.147314159,0.0597981760386,0.117057371445,2.22507385851e-308
871,2268,-409.611009419,93.0175718011,27.1801563996,-3.12576342713,10.147314159,0.0610268769969,0.116775744194,2.22507385851e-308
871.5,2268,-411.719863395,78.293246836,27.2092784111,-2.98513796821,10.147314159,0.0720348690258,0.114930582481,2.22507385851e-308
872,2268,-420.343685906,66.1737296811,27.2536091313,-2.73211738369,10.147314159,0.0931857830805,0.11281145863,2.22507385851e-308
872.5,2268,-433.563635757,59.3556700821,27.2787519586,-2.48606432785,10.147314159,0.110919361396,0.111119377574,2.22507385851e-308
873,2268,-448.438211736,59.3561184665,27.2599636247,-2.32617807398,10.147314159,0.118053194857,0.108722640962,2.22507385851e-308
873.5,2268,-461.657750512,66.1749750669,27.2108537692,-2.41377037023,10.147314159,0.110647527647,0.10939379088,2.22507385851e-308
874,2268,-470.280842337,78.2950121188,27.1758584312,-2.56998705105,10.147314159,0.0979117541011,0.110265645894,2.22507385851e-308
874.5,2268,-472.388808599,93.0194641973,27.1578316946,-2.74506209097,10.147314159,0.0841886620459,0.111608713677,2.22507385851e-308
875,2268,-467.512616858,107.072071246,27.1574694599,-2.87566607871,10.147314159,0.0758579325382,0.113185483967,2.22507385851e-308
875.5,2268,-456.737242782,117.326061899,27.1668894829,-2.95743494432,10.147314159,0.0712523490675,0.114893758604,2.22507385851e-308
876,2268,-442.460257941,121.499874857,27.1683357111,-3.02933779949,10.147314159,0.0692543591268,0.1163930605,2.22507385851e-308
876.5,2268,-427.858358818,118.664817047,27.1562060125,-3.16648778853,10.147314159,0.063044724442,0.118737724118,2.22507385851e-308
877,2268,-416.18053686,109.451702206,27.1509485571,-3.22069583422,10.147314159,0.0574438550417,0.11877926998,2.22507385851e-308
877.5,2268,-410.025162546,95.9104918529,27.1589305809,-3.23778020754,10.147314159,0.056607386357,0.118653744274,2.22507385851e-308
878,2268,-410.761835701,81.0541691777,27.185825883,-3.13232004772,10.147314159,0.0653320122381,0.117240815437,2.22507385851e-308
878.5,2268,-418.226643074,68.1883360659,27.2300048091,-2.89544048385,10.147314159,0.0838188567454,0.114849928266,2.22507385851e-308
879,2268,-430.758629805,60.1757010846,27.2627448323,-2.63174441949,10.147314159,0.104373460236,0.113268630127,2.22507385851e-308
879.5,2268,-445.569369722,58.79911332,27.2534550401,-2.43470532338,10.147314159,0.114817452138,0.110764179952,2.22507385851e-308
880,2268,-459.363403318,64.3648700442,27.2047423366,-2.50884772117,10.147314159,0.107063420361,0.111180871179,2.22507385851e-308
880.5,2268,-469.071493039,75.6345641275,27.1631311561,-2.67375684347,10.147314159,0.0947522739714,0.112274637622,2.22507385851e-308
881,2268,-472.533543121,90.100635467,27.1400014459,-2.85301268291,10.147314159,0.0803869329378,0.113560367795,2.22507385851e-308
881.5,2268,-468.979231086,104.54431494,27.1339937925,-2.99393827648,10.147314159,0.0712092151131,0.115202798359,2.22507385851e-308
882,2268,-459.199408132,115.751815721,27.1414759136,-3.07114245531,10.147314159,0.0669479947208,0.116735405397,2.22507385851e-308
882.5,2268,-445.370131005,121.229416009,27.1459883101,-3.11556135597,10.147314159,0.0660531198441,0.117685650203,2.22507385851e-308
883,2268,-430.568479112,119.758323898,27.1374212439,-3.2503034054,10.147314159,0.0605151618632,0.120261942622,2.22507385851e-308
883.5,2268,-418.087889831,111.665864323,27.1327581949,-3.30653042492,10.147314159,0.0550251124106,0.120286388683,2.22507385851e-308
884,2268,-410.70535316,98.752647719,27.1403347233,-3.33851855602,10.147314159,0.053060313251,0.120378690932,2.22507385851e-308
884.5,2268,-410.063518337,83.8919257032,27.1643127928,-3.271666927,10.147314159,0.0586961506554,0.119407149222,2.22507385851e-308
885,2268,-416.30519664,70.3902790358,27.2068086685,-3.05688207796,10.147314159,0.0754287336455,0.117085973618,2.22507385851e-308
885.5,2268,-428.041585198,61.2518877995,27.2453776013,-2.78142873142,10.147314159,0.097467395467,0.115360355493,2.22507385851e-308
886,2268,-442.661282186,58.5100871584,27.2455481243,-2.55083496213,10.147314159,0.110558827015,0.112801012676,2.22507385851e-308
886.5,2268,-456.91133605,62.7749406907,27.2002847038,-2.58717910803,10.147314159,0.104943722286,0.112807720637,2.22507385851e-308
887,2268,-467.621042574,73.0974983644,27.1528266753,-2.74994061156,10.147314159,0.0930885911545,0.113827945833,2.22507385851e-308
887.5,2268,-472.407441531,87.1809423963,27.1241069164,-2.94239868195,10.147314159,0.0774551004625,0.115310877457,2.22507385851e-308
888,2268,-470.20553657,101.891640045,27.1126196175,-3.09235210476,10.147314159,0.0676737679716,0.116876454797,2.22507385851e-308
888.5,2268,-461.505261933,113.95639168,27.1174898645,-3.17143401559,10.147314159,0.0637059428008,0.118373375343,2.22507385851e-308
889,2268,-448.242469775,120.690733143,27.1244453384,-3.2098555854,10.147314159,0.0616809191354,0.118981331063,2.22507385851e-308
889.5,2268,-433.368193922,120.596241685,27.1200443483,-3.33375803712,10.147314159,0.0571322607657,0.121545048078,2.22507385851e-308
890,2268,-420.192030928,113.693942103,27.1167006263,-3.39154452789,10.147314159,0.0526456411523,0.121887213364,2.22507385851e-308
890.5,2268,-411.645739223,101.519628617,27.1242710373,-3.42999498414,10.147314159,0.0497514498386,0.121967846339,2.22507385851e-308
891,2268,-409.63090903,86.7821434158,27.1453977932,-3.39417764499,10.147314159,0.0532420968448,0.121368472114,2.22507385851e-308
891.5,2268,-414.595849575,72.7606464857,27.1852625938,-3.20070602199,10.147314159,0.0681645157355,0.119214963579,2.22507385851e-308
892,2268,-425.435838161,62.5749870461,27.2276373787,-2.91738173743,10.147314159,0.0902279711085,0.117066017012,2.22507385851e-308
892.5,2268,-439.738926186,58.4915223771,27.2359185526,-2.6782631626,10.147314159,0.10472915509,0.114747545766,2.22507385851e-308
893,2268,-454.322609085,61.418842633,27.1969845999,-2.64884607582,10.147314159,0.103331406614,0.114017923441,2.22507385851e-308
893.5,2268,-465.941948608,70.7056052459,27.1455650754,-2.80236840981,10.147314159,0.0924655616756,0.115130966766,2.22507385851e-308
894,2268,-472.011586891,84.2854617206,27.1114477646,-3.00145851331,10.147314159,0.0765649664038,0.116558779559,2.22507385851e-308
894.5,2268,-471.181000782,99.136829923,27.0945581537,-3.17403817405,10.147314159,0.0653233957639,0.11844595744,2.22507385851e-308
895,2268,-463.634999609,111.955210361,27.0967513961,-3.25760415588,10.147314159,0.0609483830757,0.119745264194,2.22507385851e-308
895.5,2268,-451.052604232,119.888452911,27.1050478784,-3.29357568736,10.147314159,0.0578714920994,0.120289786278,2.22507385851e-308
896,2268,-436.233456987,121.171373678,27.1041284654,-3.4058364452,10.147314159,0.053646421605,0.122453506344,2.22507385851e-308
896.5,2268,-422.47488805,115.518516738,27.1032668712,-3.46009931539,10.147314159,0.0511312423829,0.12313332545,2.22507385851e-308
897,2268,-412.838243922,104.18766943,27.109605108,-3.51530225922,10.147314159,0.046553699242,0.123470099647,2.22507385851e-308
897.5,2268,-409.467723385,89.6999987384,27.1288158196,-3.49398833815,10.147314159,0.0486164936642,0.122927314015,2.22507385851e-308
898,2268,-413.113283161,75.2790797424,27.1648573982,-3.33109379356,10.147314159,0.0615803490456,0.121150178298,2.22507385851e-308
898.5,2268,-422.963769001,64.1336349556,27.2094116172,-3.04679822625,10.147314159,0.0832546056468,0.118622798566,2.22507385851e-308
899,2268,-436.82740133,58.7435784259,27.2250122757,-2.80249353843,10.147314159,0.0986334989626,0.116615937179,2.22507385851e-308
899.5,2268,-451.61945655,60.3082231611,27.1945702462,-2.69760932722,10.147314159,0.102455025927,0.114983184477,2.22507385851e-308
900,2268,-464.048632586,68.4794283256,27.1409374808,-2.84027280542,10.147314159,0.0922529811899,0.116148770102,2.22507385851e-308
900.5,2268,-471.34937913,81.4390622195,27.1022063344,-3.0426687107,10.147314159,0.0768186052839,0.117617811032,2.22507385851e-308
901,2268,-471.897245633,96.3035451592,27.0815557717,-3.22077606018,10.147314159,0.0638979537966,0.119335404625,2.22507385851e-308
901.5,2268,-465.570329212,109.765459562,27.0797750912,-3.32796623171,10.147314159,0.0583993544467,0.12083250317,2.22507385851e-308
902,2268,-453.776398622,118.82946596,27.0880347785,-3.37046500054,10.147314159,0.0548332467434,0.121626912588,2.22507385851e-308
902.5,2268,-439.13965906,121.478780168,27.0908367629,-3.45161229743,10.147314159,0.052146761885,0.123063941303,2.22507385851e-308
903,2268,-424.916854134,117.123917275,27.0906913057,-3.53392002509,10.147314159,0.0492728604879,0.124555302303,2.22507385851e-308
903.5,2268,-414.272625042,106.73385482,27.0967829794,-3.58513803211,10.147314159,0.0439966477228,0.124631295074,2.22507385851e-308
904,2268,-409.575362976,92.6204307197,27.1135560844,-3.58538640453,10.147314159,0.0444254812752,0.124395140619,2.22507385851e-308
904.5,2268,-411.870230905,77.923948421,27.1465751962,-3.44483046919,10.147314159,0.0553390204102,0.122755044649,2.22507385851e-308
905,2268,-420.646609889,65.9144445722,27.1913491858,-3.17027938169,10.147314159,0.0765955304333,0.120243191793,2.22507385851e-308
905.5,2268,-433.951714198,59.2640904392,27.2140327414,-2.90478196156,10.147314159,0.0950191176686,0.118296502121,2.22507385851e-308
906,2268,-448.825095351,59.4526211924,27.19285897,-2.74005404212,10.147314159,0.10204507219,0.115890887723,2.22507385851e-308
906.5,2268,-461.957355871,66.4380878496,27.1394634393,-2.85893902275,10.147314159,0.092925181063,0.116890397639,2.22507385851e-308
907,2268,-470.426505834,78.666191123,27.0969361343,-3.05688713248,10.147314159,0.0775655078747,0.118137394431,2.22507385851e-308
907.5,2268,-472.348119418,93.4161203432,27.072200709,-3.25669346632,10.147314159,0.0633143513192,0.120112887809,2.22507385851e-308
908,2268,-467.294628535,107.40594667,27.0666725902,-3.38101308037,10.147314159,0.0563249585504,0.121688104787,2.22507385851e-308
908.5,2268,-456.390458747,117.522867744,27.0740313996,-3.4362365224,10.147314159,0.0524308009329,0.122739471683,2.22507385851e-308
909,2268,-442.061839277,121.515820894,27.0800452891,-3.48230727309,10.147314159,0.0517007665601,0.12364961991,2.22507385851e-308
909.5,2268,-427.496955559,118.496355207,27.0795521998,-3.59945446588,10.147314159,0.0470609518859,0.125731391902,2.22507385851e-308
910,2268,-415.936562934,109.136316044,27.085766677,-3.64538223519,10.147314159,0.0420293121949,0.125687530252,2.22507385851e-308
910.5,2268,-409.952903304,95.5183562776,27.1005127137,-3.65660093317,10.147314159,0.0413026489431,0.125574121757,2.22507385851e-308
911,2268,-410.877369165,80.6725362045,27.1306219952,-3.53891707755,10.147314159,0.0505174842809,0.124135789486,2.22507385851e-308
911.5,2268,-418.504262503,67.902120832,27.1739544137,-3.2819106335,10.147314159,0.0702604522946,0.121634121454,2.22507385851e-308
912,2268,-431.136563566,60.0485878299,27.2033828283,-2.99132702372,10.147314159,0.0916076826908,0.119561857363,2.22507385851e-308
912.5,2268,-445.96352577,58.8593853433,27.1917145228,-2.77939980174,10.147314159,0.101923342115,0.116823946802,2.22507385851e-308
913,2268,-459.686080074,64.599116536,27.1403820461,-2.86675186787,10.147314159,0.093528051398,0.117322852857,2.22507385851e-308
913.5,2268,-469.250893401,75.9906641381,27.0939365943,-3.06725709059,10.147314159,0.0788810971176,0.11869765818,2.22507385851e-308
914,2268,-472.529749663,90.4993550642,27.066366144,-3.27001499449,10.147314159,0.0637939612164,0.120506585225,2.22507385851e-308
914.5,2268,-468.79308787,104.896937133,27.0570238206,-3.42080455705,10.147314159,0.0549676178629,0.122375090795,2.22507385851e-308
915,2268,-458.872332901,115.979880407,27.062596724,-3.49158020888,10.147314159,0.0503017154845,0.123627557824,2.22507385851e-308
915.5,2268,-444.974899542,121.28217772,27.0703477796,-3.52400657256,10.147314159,0.0496368106416,0.124187747243,2.22507385851e-308
916,2268,-430.193032282,119.624042904,27.0700920171,-3.65168031607,10.147314159,0.0449863317784,0.126674853174,2.22507385851e-308
916.5,2268,-417.815766325,111.37441878,27.0762318549,-3.69370144254,10.147314159,0.0404089818507,0.126531200231,2.22507385851e-308
917,2268,-410.597101741,98.3688856339,27.0893938678,-3.70996076623,10.147314159,0.0391350833873,0.126435450698,2.22507385851e-308
917.5,2268,-410.143225458,83.5012359512,27.1159785184,-3.62258937098,10.147314159,0.0459627784437,0.125345793829,2.22507385851e-308
918,2268,-416.55512709,70.0795919298,27.1570654363,-3.38900969385,10.147314159,0.0640956202453,0.123014213718,2.22507385851e-308
918.5,2268,-428.406128272,61.0903326865,27.1922503255,-3.08348604672,10.147314159,0.0876786005236,0.120781907762,2.22507385851e-308
919,2268,-443.059325331,58.5336108132,27.1901610592,-2.83093312712,10.147314159,0.100521333701,0.117811270867,2.22507385851e-308
919.5,2268,-457.254312787,62.9783089892,27.1429983935,-2.87854068859,10.147314159,0.0942720823238,0.117876627956,2.22507385851e-308
920,2268,-467.832638963,73.4354609006,27.0937075822,-3.06794661496,10.147314159,0.0803543783344,0.119035587844,2.22507385851e-308
920.5,2268,-472.440576375,87.5783009114,27.0626168024,-3.28211765439,10.147314159,0.0642196851624,0.120922042501,2.22507385851e-308
921,2268,-470.052837211,102.259980395,27.049998428,-3.44830715062,10.147314159,0.0537105442238,0.122811275757,2.22507385851e-308
921.5,2268,-461.200704699,114.213756399,27.053229782,-3.53727315635,10.147314159,0.0487936530937,0.124292505147,2.22507385851e-308
922,2268,-447.853820086,120.779857366,27.0613607838,-3.5762962664,10.147314159,0.0464351358207,0.124769532715,2.22507385851e-308
922.5,2268,-432.981928169,120.497294854,27.0618954555,-3.69692729305,10.147314159,0.0423250857036,0.12729818461,2.22507385851e-308
923,2268,-419.894095063,113.428940353,27.0675584659,-3.74077293368,10.147314159,0.0388912918,0.127455877948,2.22507385851e-308
923.5,2268,-411.50242538,101.147536088,27.0798415314,-3.75591023968,10.147314159,0.0372779662096,0.127240742521,2.22507385851e-308
924,2268,-409.674105217,86.3857524511,27.1031681153,-3.69212782769,10.147314159,0.0424551458055,0.12637529664,2.22507385851e-308
924.5,2268,-414.815944436,72.4281559452,27.1423958559,-3.47510818961,10.147314159,0.0589497888789,0.124124514267,2.22507385851e-308
925,2268,-425.783859551,62.3803776436,27.1817241645,-3.16418511586,10.147314159,0.0827274964069,0.121575050123,2.22507385851e-308
925.5,2268,-440.137437704,58.4780956229,27.1875685924,-2.90309215681,10.147314159,0.0973693211495,0.118815379718,2.22507385851e-308
926,2268,-454.682940038,61.5895860432,27.1474720944,-2.8822823431,10.147314159,0.0948810083468,0.118094891951,2.22507385851e-308
926.5,2268,-466.183923658,71.0225276062,27.0961338396,-3.05981451024,10.147314159,0.0825401837136,0.119310846216,2.22507385851e-308
927,2268,-472.081365449,84.6780463106,27.0613753498,-3.28008665421,10.147314159,0.0656752498326,0.121136795269,2.22507385851e-308
927.5,2268,-471.06305679,99.5177248194,27.0447754356,-3.47096897608,10.147314159,0.0532894442708,0.123281521821,2.22507385851e-308
928,2268,-463.35557616,112.239664652,27.0455928552,-3.57642478241,10.147314159,0.0477932565178,0.124899584019,2.22507385851e-308
928.5,2268,-450.673874363,120.013174175,27.0538159639,-3.61885663869,10.147314159,0.043889395679,0.125384115304,2.22507385851e-308
929,2268,-435.83968988,121.108610846,27.0549164865,-3.73286629557,10.147314159,0.0398531290652,0.127610390905,2.22507385851e-308
929.5,2268,-422.153698745,115.282234835,27.0609453521,-3.76662415749,10.147314159,0.038607570965,0.127971374147,2.22507385851e-308
930,2268,-412.661098554,103.830442295,27.0711347413,-3.79898729711,10.147314159,0.0353770103332,0.128034446185,2.22507385851e-308
930.5,2268,-409.474037634,89.301311094,27.0924365468,-3.74646453064,10.147314159,0.0392552286329,0.127124629606,2.22507385851e-308
931,2268,-413.301652078,74.9276414706,27.1288542962,-3.55582816205,10.147314159,0.0540819239746,0.125120847493,2.22507385851e-308
931.5,2268,-423.292279611,63.9076427298,27.1710075898,-3.24772305885,10.147314159,0.0773024364884,0.122436815238,2.22507385851e-308
932,2268,-437.222958475,58.6933165827,27.1840482759,-2.98599347187,10.147314159,0.0930930072278,0.119894939161,2.22507385851e-308
932.5,2268,-451.994046898,60.4448751976,27.153000305,-2.88677921305,10.147314159,0.0956973315832,0.118278881858,2.22507385851e-308
933,2268,-464.318908017,68.772588519,27.0998619147,-3.05263497354,10.147314159,0.0844798024903,0.119608660552,2.22507385851e-308
933.5,2268,-471.455202086,81.8235010437,27.0616023781,-3.2743978263,10.147314159,0.0673489066079,0.121375351516,2.22507385851e-308
934,2268,-471.815070006,96.6937231621,27.0419184902,-3.47498090658,10.147314159,0.0535714862581,0.123444972731,2.22507385851e-308
934.5,2268,-465.318439468,110.074560297,27.0395008591,-3.60610914868,10.147314159,0.0466633414205,0.125279570447,2.22507385851e-308
935,2268,-453.410841417,118.988713055,27.0469970333,-3.65607464187,10.147314159,0.0423826110414,0.126101555099,2.22507385851e-308
935.5,2268,-438.741772597,121.452740394,27.0500823187,-3.74373914413,10.147314159,0.0392232282754,0.127605299449,2.22507385851e-308
936,2268,-424.575170028,116.918384603,27.0540312426,-3.80521092931,10.147314159,0.0378659725748,0.128838959746,2.22507385851e-308
936.5,2268,-414.063169619,106.394561241,27.0635045125,-3.83197510136,10.147314159,0.0340941308138,0.128574338189,2.22507385851e-308
937,2268,-409.544741055,92.2228706544,27.0824851142,-3.79849063324,10.147314159,0.0364951101864,0.127908901212,2.22507385851e-308
937.5,2268,-412.025256008,77.5565808601,27.1164252674,-3.63071206239,10.147314159,0.0489441149716,0.125999292423,2.22507385851e-308
938,2268,-420.9527882,65.6590105311,27.1604125146,-3.33065716629,10.147314159,0.0718817851658,0.12321697211,2.22507385851e-308
938.5,2268,-434.340919598,59.1774251972,27.1808524239,-3.05517589109,10.147314159,0.0905562404738,0.121020812481,2.22507385851e-308
939,2268,-449.210727802,59.5540081747,27.1590448065,-2.89539095722,10.147314159,0.0963904479078,0.118549525597,2.22507385851e-308
939.5,2268,-462.253610333,66.7049679743,27.10588541,-3.03582462831,10.147314159,0.0864952423526,0.119781584631,2.22507385851e-308
940,2268,-470.567464293,79.0391823032,27.0640470422,-3.25624685199,10.147314159,0.0692351182975,0.12134860987,2.22507385851e-308
940.5,2268,-472.302417951,93.8122302817,27.0403019623,-3.47390373775,10.147314159,0.0542633941187,0.123570802176,2.22507385851e-308
941,2268,-467.072435933,107.737039037,27.0349903944,-3.61850757067,10.147314159,0.0462487909066,0.125456664699,2.22507385851e-308
941.5,2268,-456.041213913,117.715272925,27.0411360279,-3.68637872927,10.147314159,0.0412613456604,0.126648088894,2.22507385851e-308
942,2268,-441.663250835,121.526727829,27.0468027747,-3.7351817112,10.147314159,0.0405059107744,0.127601125147,2.22507385851e-308
942.5,2268,-427.137711317,118.323337052,27.0481781231,-3.83608764762,10.147314159,0.0368707742271,0.129434073674,2.22507385851e-308
943,2268,-415.696596431,108.817870154,27.0573312889,-3.85761610183,10.147314159,0.0331983571251,0.129048916953,2.22507385851e-308
943.5,2268,-409.885608219,95.1253383657,27.0741140764,-3.84143100183,10.147314159,0.0344039882408,0.128627571711,2.22507385851e-308
944,2268,-410.997718972,80.2923946106,27.106141178,-3.69216264063,10.147314159,0.0453003217024,0.126792576917,2.22507385851e-308
944.5,2268,-418.785478802,67.6194388541,27.1495661921,-3.41413181047,10.147314159,0.0664189774532,0.124095133807,2.22507385851e-308
945,2268,-431.516074404,59.9262635418,27.1775040071,-3.11435721034,10.147314159,0.0879211282017,0.121832561924,2.22507385851e-308
945.5,2268,-446.356888195,58.9246364762,27.1649080203,-2.90828943246,10.147314159,0.0973342299592,0.118993152443,2.22507385851e-308
946,2268,-460.00576909,64.837424405,27.1133005346,-3.01294147407,10.147314159,0.0882079191295,0.119695910661,2.22507385851e-308
946.5,2268,-469.425776695,76.3490041181,27.067251186,-3.23723337278,10.147314159,0.0718018216504,0.121428442816,2.22507385851e-308
947,2268,-472.520914875,90.8979948189,27.040257655,-3.45889110365,10.147314159,0.0557123764156,0.123474188066,2.22507385851e-308
947.5,2268,-468.602500784,105.247177436,27.0314354753,-3.62594169564,10.147314159,0.0461461816051,0.125619020554,2.22507385851e-308
948,2268,-458.542400042,116.203791139,27.0359837658,-3.70786284173,10.147314159,0.0407808317286,0.127040362325,2.22507385851e-308
948.5,2268,-444.579032528,121.329937686,27.0430838284,-3.74058248875,10.147314159,0.040135999518,0.127603375073,2.22507385851e-308
949,2268,-429.81931339,119.485025288,27.0432480727,-3.85921733678,10.147314159,0.0362009928211,0.129947509493,2.22507385851e-308
949.5,2268,-417.547349773,111.079555655,27.0517565258,-3.87957799163,10.147314159,0.0326890385121,0.12948994011,2.22507385851e-308
950,2268,-410.493711479,97.9837854378,27.0670998781,-3.87047769828,10.147314159,0.0329844591078,0.129064942517,2.22507385851e-308
950.5,2268,-410.227866305,83.1115852942,27.0961294799,-3.75237433887,10.147314159,0.0415686426258,0.127564573476,2.22507385851e-308
951,2268,-416.808966059,69.7720899214,27.138283045,-3.49764719112,10.147314159,0.060941716525,0.124991777739,2.22507385851e-308
951.5,2268,-428.772684996,60.9333999743,27.1724600672,-3.18618138937,10.147314159,0.0847452650157,0.122688271465,2.22507385851e-308
952,2268,-443.457039208,58.5621656661,27.1693040795,-2.93652208491,10.147314159,0.0970972607016,0.119588431065,2.22507385851e-308
952.5,2268,-457.594690604,63.1859978177,27.1208503964,-3.00587092848,10.147314159,0.0895658635638,0.119967887631,2.22507385851e-308
953,2268,-468.039945049,73.7760719605,27.0713760537,-3.21827377034,10.147314159,0.0740200268419,0.121446081547,2.22507385851e-308
953.5,2268,-472.468684149,87.9760466349,27.0407734108,-3.44531575018,10.147314159,0.0571957076291,0.123472348108,2.22507385851e-308
954,2268,-469.895492559,102.626360482,27.0287405875,-3.62568813648,10.147314159,0.0460744383828,0.125617978562,2.22507385851e-308
954.5,2268,-460.89291755,114.467249552,27.0314157581,-3.72229901958,10.147314159,0.0406078463834,0.127186829788,2.22507385851e-308
955,2268,-447.464074533,120.864060162,27.0386686164,-3.76173679237,10.147314159,0.038354977163,0.127696489975,2.22507385851e-308
955.5,2268,-432.596944435,120.393471773,27.0391714372,-3.87505052636,10.147314159,0.0347422553637,0.130141440011,2.22507385851e-308
956,2268,-419.599533845,113.160192522,27.0466744162,-3.90233668648,10.147314159,0.0320211274732,0.130023110178,2.22507385851e-308
956.5,2268,-411.36382794,100.773661166,27.0611355719,-3.89493480218,10.147314159,0.031771385144,0.129498841351,2.22507385851e-308
957,2268,-409.722310139,85.9899393727,27.0868523597,-3.80609955994,10.147314159,0.038524166144,0.128293152556,2.22507385851e-308
957.5,2268,-415.040225897,72.0984749875,27.1278436825,-3.56875458984,10.147314159,0.0561924309501,0.125786889834,2.22507385851e-308
958,2268,-426.134313868,62.1901843751,27.1667955935,-3.24987248126,10.147314159,0.0803229611328,0.123160777676,2.22507385851e-308
958.5,2268,-440.536087138,58.4697089432,27.1714518387,-2.989320563,10.147314159,0.0947540935372,0.120310504319,2.22507385851e-308
959,2268,-455.041083209,61.764872028,27.1296257457,-2.98948242226,10.147314159,0.0909576851623,0.119864552836,2.22507385851e-308
959.5,2268,-466.421872021,71.342484297,27.0775500185,-3.18862133149,10.147314159,0.0770992101143,0.121361780927,2.22507385851e-308
960,2268,-472.146174371,85.0714818341,27.0427777386,-3.42391427439,10.147314159,0.0595952247381,0.123403388112,2.22507385851e-308
960.5,2268,-470.940305979,99.8970979154,27.0267287535,-3.62339338355,10.147314159,0.0465124598508,0.125636924917,2.22507385851e-308
961,2268,-463.072578251,112.520563017,27.0270117156,-3.73809128492,10.147314159,0.0407112520893,0.127446987877,2.22507385851e-308
961.5,2268,-450.293597727,120.133096598,27.0346295118,-3.77964290344,10.147314159,0.0368133391286,0.127884744321,2.22507385851e-308
962,2268,-435.446747861,121.040874021,27.0355658473,-3.88810938595,10.147314159,0.0332046587196,0.130118327672,2.22507385851e-308
962.5,2268,-421.835522797,115.041910526,27.0433283806,-3.90555815684,10.147314159,0.0326500683589,0.130170588135,2.22507385851e-308
963,2268,-412.488484326,103.471003795,27.0553493301,-3.92191497862,10.147314159,0.0304057579462,0.130038490881,2.22507385851e-308
963.5,2268,-409.485392607,88.9027351639,27.0789246087,-3.84822254874,10.147314159,0.0356074161959,0.128803114898,2.22507385851e-308
964,2268,-413.494449715,74.578613136,27.1174369612,-3.63862343427,10.147314159,0.051557473826,0.126596614919,2.22507385851e-308
964.5,2268,-423.623621531,63.6858224419,27.1597027438,-3.32068860468,10.147314159,0.0754274805445,0.123821683323,2.22507385851e-308
965,2268,-437.619119535,58.648060402,27.1713551715,-3.0596228175,10.147314159,0.0908298096398,0.121196208057,2.22507385851e-308
965.5,2268,-452.366879394,60.5862528379,27.1384091252,-2.97773237372,10.147314159,0.0924336189129,0.119755283953,2.22507385851e-308
966,2268,-464.58545496,69.0691427884,27.0841580549,-3.16381975217,10.147314159,0.0800456272969,0.121369741095,2.22507385851e-308
966.5,2268,-471.556155523,82.209247218,27.0454930694,-3.40023822123,10.147314159,0.0618643895341,0.123345903654,2.22507385851e-308
967,2268,-471.727967322,97.0828308977,27.0260227771,-3.61120135652,10.147314159,0.0476906568709,0.12557970752,2.22507385851e-308
967.5,2268,-465.06266142,110.380451286,27.023626714,-3.74574566755,10.147314159,0.0406558491115,0.127493303569,2.22507385851e-308
968,2268,-453.043299827,119.143325111,27.0308007063,-3.79418009361,10.147314159,0.0362782821854,0.128232393161,2.22507385851e-308
968.5,2268,-438.344247204,121.421671604,27.0334097295,-3.88276851923,10.147314159,0.0329776346315,0.129783560739,2.22507385851e-308
969,2268,-424.236112107,116.70854792,27.038852887,-3.92958131264,10.147314159,0.032381168901,0.130803218713,2.22507385851e-308
969.5,2268,-413.858021157,106.052646316,27.0499679415,-3.94209305296,10.147314159,0.0296305218838,0.130412510665,2.22507385851e-308
970,2268,-409.519148552,91.8249551718,27.0710908769,-3.88936463629,10.147314159,0.0331264152617,0.129377557936,2.22507385851e-308
970.5,2268,-412.184913918,77.1912028921,27.1069335554,-3.70574534482,10.147314159,0.0465443034254,0.127290145542,2.22507385851e-308
971,2268,-421.262171884,65.4074683995,27.1517325805,-3.39085488699,10.147314159,0.0704261586697,0.124339463439,2.22507385851e-308
971.5,2268,-434.731189726,59.095688213,27.1707540152,-3.11839510683,10.147314159,0.0886130283006,0.122136835821,2.22507385851e-308
972,2268,-449.59504743,59.6602632025,27.1469605614,-2.97250578377,10.147314159,0.0935588286019,0.119772689605,2.22507385851e-308
972.5,2268,-462.546466531,66.9755727692,27.0925055812,-3.13042803522,10.147314159,0.0827808229057,0.121283379931,2.22507385851e-308
973,2268,-470.703695174,79.4139260215,27.0501124997,-3.36583506356,10.147314159,0.0644434794883,0.123063846669,2.22507385851e-308
973.5,2268,-472.251711502,94.2077306781,27.0264155581,-3.5924071858,10.147314159,0.0491943631475,0.125427844133,2.22507385851e-308
974,2268,-466.846074579,108.065295407,27.0212587697,-3.74076874262,10.147314159,0.0408873398473,0.127364573481,2.22507385851e-308
974.5,2268,-455.689564122,117.903246678,27.0272392208,-3.80745579878,10.147314159,0.0358881845906,0.128531027935,2.22507385851e-308
975,2268,-441.264556345,121.532593918,27.0327773916,-3.8558823685,10.147314159,0.0351779243615,0.129473391598,2.22507385851e-308
975.5,2268,-426.780683533,118.145790244,27.0352934516,-3.94422140238,10.147314159,0.0321377179413,0.131132913258,2.22507385851e-308
976,2268,-415.46067572,108.496415452,27.0458488955,-3.95547019823,10.147314159,0.0291686510662,0.130683842656,2.22507385851e-308
976.5,2268,-409.823288051,94.7315009574,27.0643762928,-3.92350613518,10.147314159,0.0314189562393,0.129997494841,2.22507385851e-308
977,2268,-411.122865879,79.9138051771,27.0982829791,-3.75742315494,10.147314159,0.0432202951592,0.127914243283,2.22507385851e-308
977.5,2268,-419.070247007,67.3403353306,27.1424850473,-3.46893676546,10.147314159,0.0651131205181,0.125136270496,2.22507385851e-308
978,2268,-431.897101638,59.8087477789,27.1692790656,-3.16948512721,10.147314159,0.0863337454459,0.122837108945,2.22507385851e-308
978.5,2268,-446.749394101,58.9948562856,27.154802113,-2.97318106782,10.147314159,0.0949871962082,0.120019904774,2.22507385851e-308
979,2268,-460.322419251,65.0797555479,27.1018698264,-3.09251265397,10.147314159,0.0851555724612,0.12096886799,2.22507385851e-308
979.5,2268,-469.596114957,76.7095267718,27.0552027072,-3.33191941301,10.147314159,0.0676545729844,0.122902659884,2.22507385851e-308
980,2268,-472.507040172,91.2964909921,27.0279645124,-3.56461181212,10.147314159,0.051040536079,0.125110094595,2.22507385851e-308
980.5,2268,-468.407500301,105.59497985,27.0194640511,-3.73387275268,10.147314159,0.0414354000925,0.127320706154,2.22507385851e-308
981,2268,-458.209662308,116.423512116,27.0241150069,-3.8140693423,10.147314159,0.0361996353661,0.128700276724,2.22507385851e-308
981.5,2268,-444.182593257,121.372688272,27.0312727704,-3.84435946421,10.147314159,0.0356998183205,0.129233450546,2.22507385851e-308
982,2268,-429.447382192,119.341293275,27.0320361785,-3.95749547317,10.147314159,0.0321355962808,0.131532748919,2.22507385851e-308
982.5,2268,-417.282683093,110.781322095,27.0418139383,-3.96765636512,10.147314159,0.0290715596089,0.130956917396,2.22507385851e-308
983,2268,-410.395198902,97.5974087049,27.0585856622,-3.94531497332,10.147314159,0.0301705452764,0.130346099797,2.22507385851e-308
983.5,2268,-410.317427345,82.7230360339,27.0893525539,-3.81106816438,10.147314159,0.0397480436746,0.128568694142,2.22507385851e-308
984,2268,-417.066672961,69.4678221774,27.13259481,-3.54253822589,10.147314159,0.0599283223214,0.125832554946,2.22507385851e-308
984.5,2268,-429.141196759,60.7811147551,27.165852535,-3.23123109649,10.147314159,0.0835954472064,0.123535098079,2.22507385851e-308
985,2268,-443.854360226,58.5957471515,27.1609252186,-2.98874767792,10.147314159,0.0953700852737,0.120445636398,2.22507385851e-308
985.5,2268,-457.932415076,63.3979739686,27.1108949284,-3.07292730097,10.147314159,0.0869501295121,0.121051994987,2.22507385851e-308
986,2268,-468.242927686,74.1192770834,27.0607159684,-3.30066206578,10.147314159,0.0705545709207,0.122744102264,2.22507385851e-308
986.5,2268,-472.491760357,88.3741159707,27.0301407963,-3.53647518128,10.147314159,0.053204573853,0.124875170038,2.22507385851e-308
987,2268,-469.733527774,102.990721725,27.0182887762,-3.72091817299,10.147314159,0.0420085573615,0.127124971646,2.22507385851e-308
987.5,2268,-460.581949699,114.716830607,27.0213913315,-3.81315363285,10.147314159,0.036665444051,0.128605292762,2.22507385851e-308
988,2268,-447.07329543,120.943328067,27.0286633692,-3.85138045764,10.147314159,0.0345640623299,0.129114739231,2.22507385851e-308
988.5,2268,-432.213304275,120.284789045,27.0295676868,-3.96089318559,10.147314159,0.0313343420264,0.131570144671,2.22507385851e-308
989,2268,-419.308394374,112.88774158,27.0380800051,-3.97976670993,10.147314159,0.028784204845,0.131246888337,2.22507385851e-308
989.5,2268,-411.229969063,100.398063631,27.0536094906,-3.96270719236,10.147314159,0.0292946207783,0.130638157046,2.22507385851e-308
990,2268,-409.775516087,85.5947674676,27.0807205612,-3.86179600143,10.147314159,0.03662952419,0.129242864413,2.22507385851e-308
990.5,2268,-415.268658096,71.7716563257,27.1228659363,-3.61101129806,10.147314159,0.0550280557211,0.12654197925,2.22507385851e-308
991,2268,-426.487145077,62.0044376509,27.1612477919,-3.29013388705,10.147314159,0.0794619697348,0.123949075523,2.22507385851e-308
991.5,2268,-440.934810747,58.4663636789,27.1645360164,-3.03038260339,10.147314159,0.0936099350985,0.121057581333,2.22507385851e-308
992,2268,-455.396981335,61.9446725607,27.1208293543,-3.04803481381,10.147314159,0.0887142095231,0.120828878102,2.22507385851e-308
992.5,2268,-466.655755651,71.66542416,27.0680688656,-3.26104196778,10.147314159,0.0740082818303,0.122493595239,2.22507385851e-308
993,2268,-472.206003294,85.4657053842,27.0333290913,-3.5042602073,10.147314159,0.056070535888,0.124668600044,2.22507385851e-308
993.5,2268,-470.812767978,100.274888553,27.0175337438,-3.7078777227,10.147314159,0.0426983389927,0.12693076683,2.22507385851e-308
994,2268,-462.786051133,112.797860543,27.0181373334,-3.82130626471,10.147314159,0.0370986644855,0.128754811957,2.22507385851e-308
994.5,2268,-449.911835126,120.248201004,27.0259267467,-3.86006680105,10.147314159,0.0333076089139,0.129132897222,2.22507385851e-308
995,2268,-435.054693759,120.968174034,27.0271439205,-3.96550140214,10.147314159,0.0301660879382,0.131426012404,2.22507385851e-308
995.5,2268,-421.52041108,114.797582236,27.0355010538,-3.97943343033,10.147314159,0.0293146425193,0.13136822781,2.22507385851e-308
996,2268,-412.320428838,103.109411399,27.0488148429,-3.98207210683,10.147314159,0.028362402182,0.131035120704,2.22507385851e-308
996.5,2268,-409.501786487,88.5043346767,27.0734413139,-3.89914073939,10.147314159,0.033848118145,0.129645409331,2.22507385851e-308
997,2268,-413.691645248,74.2320505452,27.1131941254,-3.67653282293,10.147314159,0.0505606951983,0.127299002877,2.22507385851e-308
997.5,2268,-423.957741779,63.4682095589,27.1552745985,-3.35412829427,10.147314159,0.0748901369599,0.12451112218,2.22507385851e-308
998,2268,-438.015821168,58.60781712,27.1655679825,-3.09381909176,10.147314159,0.0899212178886,0.121809244882,2.22507385851e-308
998.5,2268,-452.737894427,60.7323334769,27.1307334053,-3.02707329428,10.147314159,0.0906180094561,0.120582454613,2.22507385851e-308
999,2268,-464.848230797,69.3690437171,27.075816784,-3.22592296792,10.147314159,0.0774184460689,0.122334159766,2.22507385851e-308
999.5,2268,-471.652223301,82.596239065,27.037082731,-3.47093580604,10.147314159,0.058647675457,0.124416439269,2.22507385851e-308
1000,2268,-471.635951507,97.470806151,27.017749284,-3.68796153107,10.147314159,0.0444419131098,0.126796427392,2.22507385851e-308
1000.5,2268,-464.803035965,110.683083622,27.0159051437,-3.81965271723,10.147314159,0.037492012213,0.128661209094,2.22507385851e-308
1001,2268,-452.673832621,119.293277406,27.0232821736,-3.86540055566,10.147314159,0.0330297175888,0.129322793703,2.22507385851e-308
1001.5,2268,-437.947146443,121.385578765,27.025805556,-3.95500007501,10.147314159,0.0298389498455,0.130971203584,2.22507385851e-308
1002,2268,-423.899734584,116.494440775,27.0322235583,-3.99197672183,10.147314159,0.0296864211802,0.131810054709,2.22507385851e-308
1002.5,2268,-413.657212458,105.708164714,27.0442014891,-3.99744704869,10.147314159,0.0277447809115,0.131345441339,2.22507385851e-308
1003,2268,-409.49858956,91.426747895,27.0665973296,-3.93292689262,10.147314159,0.0316940813614,0.130135358342,2.22507385851e-308
1003.5,2268,-412.349179105,76.8278729379,27.1032501542,-3.74069556869,10.147314159,0.045635925963,0.127945241955,2.22507385851e-308
1004,2268,-421.574711472,65.1598583969,27.1482914028,-3.41561012472,10.147314159,0.0701576486625,0.124853841778,2.22507385851e-308
1004.5,2268,-435.122462182,59.0188925558,27.1658857939,-3.14836891246,10.147314159,0.0877529048371,0.122668117168,2.22507385851e-308
1005,2268,-449.977992786,59.7713692867,27.1402992437,-3.01408100526,10.147314159,0.0919533750578,0.120442062496,2.22507385851e-308
1005.5,2268,-462.835877639,67.2498589668,27.08502782,-3.18408215954,10.147314159,0.0806289986542,0.122095129511,2.22507385851e-308
1006,2268,-470.835176697,79.7903623597,27.0426003861,-3.42743004953,10.147314159,0.061748398984,0.124008016936,2.22507385851e-308
1006.5,2268,-472.196008181,94.6025582955,27.0191556809,-3.65858785297,10.147314159,0.0463654862086,0.126442325709,2.22507385851e-308
1007,2268,-466.615580665,108.390663296,27.0144015776,-3.80708367215,10.147314159,0.0379132657995,0.128387308341,2.22507385851e-308
1007.5,2268,-455.335565599,118.086758948,27.0206020602,-3.87117434274,10.147314159,0.0330165318138,0.12951934577,2.22507385851e-308
1008,2268,-440.865819554,121.533418224,27.0261111594,-3.92087074492,10.147314159,0.0322278782927,0.130487628842,2.22507385851e-308
1008.5,2268,-426.425929292,117.963743173,27.0294598656,-3.99942892895,10.147314159,0.0298555695431,0.132018991066,2.22507385851e-308
1009,2268,-415.22883852,108.172003337,27.0405831711,-4.00680997345,10.147314159,0.0273925180965,0.131549555582,2.22507385851e-308
1009.5,2268,-409.765952764,94.3369070239,27.0602084977,-3.96400319846,10.147314159,0.0302362394424,0.130702163847,2.22507385851e-308
1010,2268,-411.252789877,79.5368284373,27.0950835046,-3.78878053814,10.147314159,0.0424272893933,0.128475827338,2.22507385851e-308
1010.5,2268,-419.358521586,67.0648548875,27.1395381534,-3.49434537589,10.147314159,0.0647133576851,0.125661055567,2.22507385851e-308
1011,2268,-432.279584345,59.696059331,27.1652265592,-3.19598661089,10.147314159,0.0856407707429,0.12333542803,2.22507385851e-308
1011.5,2268,-447.140980729,59.0700335441,27.1490343356,-3.00867785574,10.147314159,0.09356927305,0.120569885108,2.22507385851e-308
1012,2268,-460.635979928,65.3260712181,27.0950387541,-3.14117545467,10.147314159,0.0831717761101,0.121715734731,2.22507385851e-308
1012.5,2268,-469.761880953,77.0721744551,27.0484988123,-3.38623579637,10.147314159,0.0651567659844,0.123714602342,2.22507385851e-308
1013,2268,-472.48812777,91.6947798679,27.0212273599,-3.62596992741,10.147314159,0.0482225116296,0.12603665255,2.22507385851e-308
1013.5,2268,-468.208117601,105.940288764,27.0133009028,-3.79410201133,10.147314159,0.0386910349961,0.128251428513,2.22507385851e-308
1014,2268,-457.8741729,116.639008206,27.0182604098,-3.87187871219,10.147314159,0.0337120512054,0.129604482121,2.22507385851e-308
1014.5,2268,-443.785645119,121.410422642,27.0255536546,-3.90015728782,10.147314159,0.033294261457,0.130130194516,2.22507385851e-308
1015,2268,-429.077298156,119.192869849,27.026768152,-4.00883116571,10.147314159,0.030245101819,0.132376368586,2.22507385851e-308
1015.5,2268,-417.021808603,110.479765785,27.0371182069,-4.01506293629,10.147314159,0.0272873570687,0.131760570905,2.22507385851e-308
1016,2268,-410.301579763,97.2098172132,27.0549100284,-3.98225954656,10.147314159,0.0289357712843,0.130969309151,2.22507385851e-308
1016.5,2268,-410.411894258,82.335650296,27.0865801453,-3.84033696937,10.147314159,0.0390504214193,0.129099000625,2.22507385851e-308
1017,2268,-417.328206592,69.1668373475,27.1304987571,-3.56186423147,10.147314159,0.0596582808841,0.126206448118,2.22507385851e-308
1017.5,2268,-429.51160464,60.6335013779,27.1627058671,-3.25196354035,10.147314159,0.083134173242,0.123948381422,2.22507385851e-308
1018,2268,-444.251224857,58.6343498999,27.1561700462,-3.01605888167,10.147314159,0.0943962881661,0.120897836567,2.22507385851e-308
1018.5,2268,-458.267432204,63.6142035489,27.104887181,-3.11255543514,10.147314159,0.0853038558099,0.12165588032,2.22507385851e-308
1019,2268,-468.44155442,74.4650213938,27.0545161049,-3.34976358616,10.147314159,0.0683722000169,0.123472852354,2.22507385851e-308
1019.5,2268,-472.509801311,88.772445271,27.0242697283,-3.58873016275,10.147314159,0.0508809400768,0.125671733715,2.22507385851e-308
1020,2268,-469.56696875,103.353005867,27.0127938968,-3.77511199371,10.147314159,0.0396590707047,0.127977500727,2.22507385851e-308
1020.5,2268,-460.267850867,114.962459659,27.0164260894,-3.86159779942,10.147314159,0.0345769369178,0.129364688155,2.22507385851e-308
1021,2268,-446.681545262,121.017648407,27.0237853053,-3.89891958604,10.147314159,0.0326128289426,0.129894407748,2.22507385851e-308
1021.5,2268,-431.831069031,120.171264046,27.0249630922,-4.00595802954,10.147314159,0.0297719166902,0.13232712291,2.22507385851e-308
1022,2268,-419.020723199,112.61163109,27.0340798742,-4.02020239651,10.147314159,0.0272249353104,0.131897320186,2.22507385851e-308
1022.5,2268,-411.100870151,100.020803537,27.0502627468,-3.99742306967,10.147314159,0.0281722275423,0.13122150477,2.22507385851e-308
1023,2268,-409.833714555,85.2002999203,27.0783126606,-3.88897704486,10.147314159,0.0357303940838,0.129711667861,2.22507385851e-308
1023.5,2268,-415.501204511,71.4477522154,27.1210768514,-3.62912695388,10.147314159,0.0546614403694,0.126881252766,2.22507385851e-308
1024,2268,-426.842296763,61.8231671701,27.1587365174,-3.30867921357,10.147314159,0.0792659291293,0.124354843249,2.22507385851e-308
1024.5,2268,-441.33354478,58.4680603649,27.1606883348,-3.05029051639,10.147314159,0.0930824779658,0.121425534448,2.22507385851e-308
1025,2268,-455.75057751,62.1289588929,27.115419013,-3.08262131583,10.147314159,0.0872921960356,0.121368471124,2.22507385851e-308
1025.5,2268,-466.885537152,71.9912955599,27.0623648254,-3.30471047607,10.147314159,0.072069706337,0.123146233452,2.22507385851e-308
1026,2268,-472.260842653,85.860653928,27.0278340914,-3.55338435415,10.147314159,0.0536775303211,0.125409785854,2.22507385851e-308
1026.5,2268,-470.680463178,100.651036326,27.0124703523,-3.75773200133,10.147314159,0.0403901188737,0.127679817509,2.22507385851e-308
1027,2268,-462.496040616,113.071512891,27.0135800437,-3.86748529818,10.147314159,0.0350177019203,0.129486283422,2.22507385851e-308
1027.5,2268,-449.528647602,120.358468989,27.0215945663,-3.90306664459,10.147314159,0.0314788860601,0.129810322949,2.22507385851e-308
1028,2268,-434.663590258,120.890522509,27.0230128635,-4.00711091823,10.147314159,0.0286976259792,0.132145411602,2.22507385851e-308
1028.5,2268,-421.208413977,114.549289032,27.0316955628,-4.02013030878,10.147314159,0.0274473425876,0.132031380238,2.22507385851e-308
1029,2268,-412.15695896,102.745722924,27.0459782406,-4.0128288833,10.147314159,0.0274038492312,0.13154267092,2.22507385851e-308
1029.5,2268,-409.523216654,88.1061733332,27.071177457,-3.92402041791,10.147314159,0.0330632949005,0.130074897192,2.22507385851e-308
1030,2268,-413.893207146,73.8880091103,27.1118035377,-3.69279158176,10.147314159,0.0502259495449,0.127620288839,2.22507385851e-308
1030.5,2268,-424.294586935,63.2548388751,27.1534389288,-3.36852361317,10.147314159,0.0748912566345,0.124852756591,2.22507385851e-308
1031,2268,-438.412999945,58.5725931711,27.1624609665,-3.10900677648,10.147314159,0.0896049358425,0.122096227994,2.22507385851e-308
1031.5,2268,-453.107032673,60.8830937577,27.1258596285,-3.05683822855,10.147314159,0.0893855244469,0.121068027594,2.22507385851e-308
1032,2268,-465.107193512,69.6722433538,27.0705801458,-3.26479463201,10.147314159,0.0755455185761,0.122902046512,2.22507385851e-308
1032.5,2268,-471.743390058,82.984414708,27.0321650844,-3.51271032027,10.147314159,0.0565519360734,0.125007787056,2.22507385851e-308
1033,2268,-471.539037273,97.8575868884,27.0131342207,-3.73257226721,10.147314159,0.0424815583459,0.127485723987,2.22507385851e-308
1033.5,2268,-464.539604614,110.982408915,27.0118057159,-3.86159109413,10.147314159,0.0356335377191,0.129317623439,2.22507385851e-308
1034,2268,-452.302498872,119.438545965,27.0194861749,-3.90413852512,10.147314159,0.0312255520514,0.129916790688,2.22507385851e-308
1034.5,2268,-437.550533806,121.34446765,27.0220272288,-3.99458240242,10.147314159,0.0283163599197,0.131649185611,2.22507385851e-308
1035,2268,-423.566091243,116.276097403,27.0291306868,-4.02505119425,10.147314159,0.028257693093,0.132323655508,2.22507385851e-308
1035.5,2268,-413.460775629,105.361171515,27.0417430763,-4.0260895989,10.147314159,0.0267701034113,0.131824741147,2.22507385851e-308
1036,2268,-409.483067365,91.0283124937,27.0649406304,-3.9533487713,10.147314159,0.031141533391,0.130515743566,2.22507385851e-308
1036.5,2268,-412.518025307,76.4666490906,27.102182504,-3.7557227398,10.147314159,0.0454476893905,0.128265694037,2.22507385851e-308
1037,2268,-421.890356992,64.9162201138,27.1470830471,-3.42467216279,10.147314159,0.0703170472983,0.125094901624,2.22507385851e-308
1037.5,2268,-435.514674404,58.9470505044,27.1632206495,-3.16242537795,10.147314159,0.0873236391947,0.122916245098,2.22507385851e-308
1038,2268,-450.35950264,59.8873086623,27.1360110664,-3.03814311464,10.147314159,0.0909403883378,0.12082872071,2.22507385851e-308
1038.5,2268,-463.121797382,67.5277827114,27.0801123748,-3.21830481986,10.147314159,0.0790536938298,0.122577660032,2.22507385851e-308
1039,2268,-470.961887838,80.1684311289,27.037871883,-3.46675268953,10.147314159,0.0599897945052,0.124603353744,2.22507385851e-308
1039.5,2268,-472.135316893,94.9966500045,27.0149247283,-3.69857674941,10.147314159,0.0445095591004,0.127023225731,2.22507385851e-308
1040,2268,-466.380991046,108.71309068,27.0107845338,-3.84389707791,10.147314159,0.0362840983012,0.128953619752,2.22507385851e-308
1040.5,2268,-454.979274946,118.265780393,27.0172680181,-3.90576982307,10.147314159,0.0314066964665,0.130063450833,2.22507385851e-308
1041,2268,-440.467104218,121.529200614,27.0227245562,-3.95804731463,10.147314159,0.0305868464338,0.13108199646,2.22507385851e-308
1041.5,2268,-426.073505316,117.777224946,27.0268013054,-4.02848671066,10.147314159,0.0286599864517,0.132473936427,2.22507385851e-308
1042,2268,-415.001121903,107.844685678,27.0382936605,-4.03407412856,10.147314159,0.0265169766036,0.132011238065,2.22507385851e-308
1042.5,2268,-409.713611526,93.9416196572,27.0587169168,-3.98300975293,10.147314159,0.0297721067266,0.131047443182,2.22507385851e-308
1043,2268,-411.387470191,79.1615246663,27.0941392159,-3.80235453481,10.147314159,0.042241148724,0.128739119488,2.22507385851e-308
1043.5,2268,-419.650256447,66.7930415719,27.1385809736,-3.50399426415,10.147314159,0.0647291195942,0.125904893774,2.22507385851e-308
1044,2268,-432.663461369,59.5882162159,27.1630216012,-3.20837057133,10.147314159,0.0853589359403,0.12358384455,2.22507385851e-308
1044.5,2268,-447.531585468,59.1501562314,27.145190842,-3.02929537424,10.147314159,0.092634566127,0.120878526701,2.22507385851e-308
1045,2268,-460.946400985,65.5763320319,27.0903907037,-3.17262275017,10.147314159,0.0817840601926,0.122176588173,2.22507385851e-308
1045.5,2268,-469.923048178,77.4368891836,27.0442205872,-3.41974518132,10.147314159,0.0634749634819,0.124184693954,2.22507385851e-308
1046,2268,-472.464180695,92.0927977633,27.017102768,-3.66343890956,10.147314159,0.0464254095883,0.12659310697,2.22507385851e-308
1046.5,2268,-468.004384563,106.283048967,27.009972146,-3.82885661572,10.147314159,0.0370380443402,0.128760968199,2.22507385851e-308
1047,2268,-457.535985461,116.850244954,27.0152635881,-3.90447110424,10.147314159,0.0322577922248,0.130114933753,2.22507385851e-308
1047.5,2268,-443.38825158,121.443134762,27.0227426979,-3.93141732912,10.147314159,0.0319585352957,0.130636855497,2.22507385851e-308
1048,2268,-428.709120454,119.03977874,27.0243433436,-4.03699929443,10.147314159,0.0291813299518,0.132830131314,2.22507385851e-308
1048.5,2268,-416.764768015,110.174934942,27.0350477826,-4.0422257334,10.147314159,0.0262060616954,0.132193591347,2.22507385851e-308
1049,2268,-410.212869031,96.8210729354,27.0534695176,-4.00235272672,10.147314159,0.0283655435583,0.131328280536,2.22507385851e-308
1049.5,2268,-410.511251939,81.94949002,27.0859134231,-3.8517587929,10.147314159,0.0388612794939,0.129307671174,2.22507385851e-308
1050,2268,-417.593525133,68.8691835567,27.1300299547,-3.56795686814,10.147314159,0.0597440204575,0.126368464505,2.22507385851e-308
1050.5,2268,-429.883849414,60.4905834449,27.161167154,-3.25934688588,10.147314159,0.0830493558771,0.124131780391,2.22507385851e-308
1051,2268,-444.647569645,58.6779677391,27.1529803187,-3.0307560485,10.147314159,0.0938031397231,0.121128946887,2.22507385851e-308
1051.5,2268,-458.599688422,63.8346519854,27.1006503514,-3.13801565971,10.147314159,0.0840967465819,0.122010305281,2.22507385851e-308
1052,2268,-468.635793491,74.8132496103,27.0504536578,-3.38015426095,10.147314159,0.0668906128803,0.123891973706,2.22507385851e-308
1052.5,2268,-472.522804126,89.1709708465,27.0206505772,-3.62076340419,10.147314159,0.0493756486099,0.126146343887,2.22507385851e-308
1053,2268,-469.395842121,103.713154981,27.0097451054,-3.80662672448,10.147314159,0.0382860010288,0.128474671617,2.22507385851e-308
1053.5,2268,-459.950671276,115.204097434,27.0138065122,-3.89184901038,10.147314159,0.0330870524114,0.12983907831,2.22507385851e-308
1054,2268,-446.288886664,121.087009299,27.021482524,-3.92486612264,10.147314159,0.0316011596359,0.130336458942,2.22507385851e-308
1054.5,2268,-431.450299818,120.052914929,27.0229543982,-4.0300039836,10.147314159,0.0290200291888,0.132729555159,2.22507385851e-308
1055,2268,-418.736566316,112.3319052,27.0324691326,-4.04166352026,10.147314159,0.0263456731172,0.132242174417,2.22507385851e-308
1055.5,2268,-410.976551846,99.6419412056,27.0489595675,-4.01606194785,10.147314159,0.0276099074238,0.131549831911,2.22507385851e-308
1056,2268,-409.896896237,84.8065998028,27.0777381791,-3.89976588417,10.147314159,0.0354513799368,0.129902801755,2.22507385851e-308
1056.5,2268,-415.737827957,71.1268144459,27.1207441168,-3.63507661384,10.147314159,0.0547862412405,0.127026884286,2.22507385851e-308
1057,2268,-427.199712141,61.6464019164,27.1575414465,-3.31568415025,10.147314159,0.0793690542278,0.124552934669,2.22507385851e-308
1057.5,2268,-441.732225482,58.47479873,27.1581300251,-3.05921171168,10.147314159,0.0928798496516,0.121600542367,2.22507385851e-308
1058,2268,-456.101815198,62.3177015587,27.1114884468,-3.10451459724,10.147314159,0.0863533351334,0.121697363498,2.22507385851e-308
1058.5,2268,-467.111179784,72.3200463928,27.0584167524,-3.33294186791,10.147314159,0.0706491509834,0.123543327286,2.22507385851e-308
1059,2268,-472.310683678,86.2562643168,27.0242623678,-3.58477856736,10.147314159,0.0520025469686,0.125851490802,2.22507385851e-308
1059.5,2268,-470.543412734,101.025481093,27.0096040138,-3.78699376671,10.147314159,0.0390869769161,0.128114297938,2.22507385851e-308
1060,2268,-462.202593073,113.341476309,27.0113092189,-3.89372977653,10.147314159,0.0337492775541,0.129896049616,2.22507385851e-308
1060.5,2268,-449.144096422,120.463882923,27.0195710674,-3.92685868225,10.147314159,0.0305173071438,0.13020200449,2.22507385851e-308
1061,2268,-434.273499894,120.807931862,27.02118955,-4.03022347298,10.147314159,0.0279482992596,0.132561421504,2.22507385851e-308
1061.5,2268,-420.899581374,114.297070612,27.0301220943,-4.04222800705,10.147314159,0.0265231806588,0.132385459258,2.22507385851e-308
1062,2268,-411.998100831,102.379996521,27.0450716569,-4.02758443324,10.147314159,0.0269699737659,0.131790177163,2.22507385851e-308
1062.5,2268,-409.549679681,87.7083147959,27.0706372016,-3.93477540362,10.147314159,0.0328502914949,0.130288464205,2.22507385851e-308
1063,2268,-414.099103181,73.5465438408,27.1118093554,-3.6962162733,10.147314159,0.0504600010493,0.127712098186,2.22507385851e-308
1063.5,2268,-424.634103139,63.0457445067,27.152763706,-3.37170487066,10.147314159,0.0752444335876,0.124990540808,2.22507385851e-308
1064,2268,-438.810592361,58.5423941874,27.1605115469,-3.11350819439,10.147314159,0.0896815389573,0.122217083516,2.22507385851e-308
1064.5,2268,-453.474235112,61.038509575,27.1222171573,-3.07606627841,10.147314159,0.088460578762,0.121371554482,2.22507385851e-308
1065,2268,-465.362301699,69.9786932196,27.0668569444,-3.29014054989,10.147314159,0.0741835792646,0.123246703298,2.22507385851e-308
1065.5,2268,-471.829641219,83.3737120812,27.0288567882,-3.54003542612,10.147314159,0.0551012992672,0.125387646376,2.22507385851e-308
1066,2268,-471.437240117,98.2431112669,27.010372994,-3.76065417541,10.147314159,0.0411478119435,0.127898655652,2.22507385851e-308
1066.5,2268,-464.272409489,111.278379306,27.0097551539,-3.88521419318,10.147314159,0.0344540200508,0.129687246084,2.22507385851e-308
1067,2268,-451.929357952,119.57910756,27.0176798356,-3.92643452411,10.147314159,0.0301386624498,0.130252859851,2.22507385851e-308
1067.5,2268,-437.154472708,121.29834483,27.0203058828,-4.01745859843,10.147314159,0.0274949675516,0.132058014109,2.22507385851e-308
1068,2268,-423.235235429,116.053552714,27.027959713,-4.04254702456,10.147314159,0.0274045491008,0.132573012343,2.22507385851e-308
1068.5,2268,-413.26874208,105.011722201,27.0410789019,-4.03926559182,10.147314159,0.0263399799166,0.13204440161,2.22507385851e-308
1069,2268,-409.472584451,90.6297126743,27.0646954929,-3.96141378454,10.147314159,0.0310615709456,0.130683087231,2.22507385851e-308
1069.5,2268,-412.691425524,76.1075891068,27.1023336311,-3.75847832019,10.147314159,0.0458165531786,0.128403029628,2.22507385851e-308
1070,2268,-422.209057976,64.6765925059,27.1465976687,-3.42907781436,10.147314159,0.0704294845973,0.125251261177,2.22507385851e-308
1070.5,2268,-435.907763681,58.8801735457,27.1614908367,-3.16767665331,10.147314159,0.0871472881154,0.123012168548,2.22507385851e-308
1071,2268,-450.739515992,60.0080627917,27.1327360362,-3.05327483521,10.147314159,0.0902495085297,0.121065225997,2.22507385851e-308
1071.5,2268,-463.404180045,67.8092995654,27.0764755559,-3.24119889885,10.147314159,0.0778741212292,0.12288121203,2.22507385851e-308
1072,2268,-471.083808337,80.5480718792,27.0344392561,-3.49508323548,10.147314159,0.0586563209094,0.125020932986,2.22507385851e-308
1072.5,2268,-472.069647342,95.3899427931,27.0122467748,-3.7242948849,10.147314159,0.0431040455012,0.127395969917,2.22507385851e-308
1073,2268,-466.14234323,109.032526006,27.0087562978,-3.86778746711,10.147314159,0.0352552711564,0.129329141631,2.22507385851e-308
1073.5,2268,-454.62074913,118.44028239,27.01569408,-3.92616421165,10.147314159,0.0304167253827,0.13038292315,2.22507385851e-308
1074,2268,-440.068474088,121.519941763,27.021053646,-3.98146129149,10.147314159,0.0295485105014,0.131448794969,2.22507385851e-308
1074.5,2268,-425.723467955,117.586265386,27.0257778157,-4.04472905902,10.147314159,0.0280458002378,0.132729095067,2.22507385851e-308
1075,2268,-414.777562276,107.514514812,27.0375621615,-4.04778922669,10.147314159,0.0260099058386,0.13224306067,2.22507385851e-308
1075.5,2268,-409.666272705,93.5457020602,27.0584775268,-3.99137218196,10.147314159,0.0295797627049,0.131207148621,2.22507385851e-308
1076,2268,-411.526885287,78.7879538719,27.0942315744,-3.80601510915,10.147314159,0.0424096816897,0.128845809896,2.22507385851e-308
1076.5,2268,-419.945404943,66.5249388443,27.1386255524,-3.50356814752,10.147314159,0.0650892922318,0.12597834174,2.22507385851e-308
1077,2268,-433.048671333,59.4852356768,27.1616579696,-3.21290165359,10.147314159,0.0853501623816,0.123696381494,2.22507385851e-308
1077.5,2268,-447.921145865,59.2352115367,27.1422529745,-3.04183644565,10.147314159,0.0919746983472,0.121050759762,2.22507385851e-308
1078,2268,-461.253632788,65.8304979748,27.0868692717,-3.19413525224,10.147314159,0.0807903337126,0.122490869334,2.22507385851e-308
1078.5,2268,-470.079590862,77.8036126427,27.0411227676,-3.44337174701,10.147314159,0.0621720539194,0.124493750064,2.22507385851e-308
1079,2268,-472.435202774,92.4904810389,27.0146217241,-3.68775802023,10.147314159,0.0452277175716,0.126964908019,2.22507385851e-308
1079.5,2268,-467.796333761,106.623205654,27.0080976299,-3.84927056637,10.147314159,0.0360922961353,0.129058481436,2.22507385851e-308
1080,2268,-457.195154064,117.057188585,27.0139095799,-3.92283408722,10.147314159,0.0313032432164,0.130397602476,2.22507385851e-308
1080.5,2268,-442.990476181,121.470819402,27.0213966864,-3.95072873017,10.147314159,0.031142749739,0.130966269154,2.22507385851e-308
1081,2268,-428.342907956,118.882044427,27.0234986844,-4.05097541037,10.147314159,0.0285690204711,0.133032317737,2.22507385851e-308
1081.5,2268,-416.511602426,109.866878304,27.0344979935,-4.05482988583,10.147314159,0.0257348740126,0.132395500803,2.22507385851e-308
1082,2268,-410.12908089,96.4312380282,27.0533007076,-4.01060101161,10.147314159,0.028167528506,0.1314775828,2.22507385851e-308
1082.5,2268,-410.615484502,81.5646169496,27.0862714507,-3.85311004709,10.147314159,0.0391025418362,0.129369922383,2.22507385851e-308
1083,2268,-417.862586163,68.574908397,27.1303946089,-3.56586376696,10.147314159,0.0601512859228,0.126404691407,2.22507385851e-308
1083.5,2268,-430.257871563,60.3523838073,27.1603885614,-3.25954648323,10.147314159,0.08318716887,0.124191396582,2.22507385851e-308
1084,2268,-445.04333122,58.726593695,27.1505440818,-3.03904286008,10.147314159,0.0933913786684,0.121244901033,2.22507385851e-308
1084.5,2268,-458.929130605,64.0592840302,27.09731752,-3.15588139443,10.147314159,0.083174044075,0.122230371894,2.22507385851e-308
1085,2268,-468.825613842,75.1639060543,27.0474361003,-3.40209076336,10.147314159,0.065693163009,0.124182976725,2.22507385851e-308
1085.5,2268,-472.530766722,89.5696289764,27.0181622892,-3.6431155386,10.147314159,0.048239289818,0.126459637734,2.22507385851e-308
1086,2268,-469.220175246,104.071111482,27.0078381286,-3.82848153551,10.147314159,0.0372420469411,0.128805663335,2.22507385851e-308
1086.5,2268,-459.630461639,115.441705296,27.0123547751,-3.91274251134,10.147314159,0.0319358213083,0.130171311649,2.22507385851e-308
1087,2268,-445.89538242,121.151399651,27.0204449976,-3.94003141255,10.147314159,0.0310517534434,0.130617504047,2.22507385851e-308
1087.5,2268,-431.071057517,119.929760615,27.0221256587,-4.04438448818,10.147314159,0.0286182839491,0.132976862986,2.22507385851e-308
1088,2268,-418.45596916,112.048608636,27.0320430308,-4.05257278649,10.147314159,0.0259091024769,0.132419258717,2.22507385851e-308
1088.5,2268,-410.857034026,99.2615372123,27.0487832804,-4.02425062281,10.147314159,0.0274037075103,0.131694951447,2.22507385851e-308
1089,2268,-409.965051032,84.4137300642,27.0781557506,-3.90053641183,10.147314159,0.0356478734661,0.12993373228,2.22507385851e-308
1089.5,2268,-415.978490603,70.8088943322,27.1211474707,-3.63413517228,10.147314159,0.0553255520103,0.12709698397,2.22507385851e-308
1090,2268,-427.559334064,61.474170153,27.1570540359,-3.31563224715,10.147314159,0.0797324745599,0.124640760011,2.22507385851e-308
1090.5,2268,-442.130789107,58.4865776967,27.1562453827,-3.06258462059,10.147314159,0.0928232417932,0.121674537952,2.22507385851e-308
1091,2268,-456.450638239,62.5108703799,27.1083523567,-3.12006818198,10.147314159,0.0856848562139,0.121927169292,2.22507385851e-308
1091.5,2268,-467.332647469,72.6516240944,27.0553857971,-3.35362551648,10.147314159,0.0693985655183,0.123804733915,2.22507385851e-308
1092,2268,-472.355518402,86.6524732958,27.0217428043,-3.60631888911,10.147314159,0.0507787476988,0.126132418023,2.22507385851e-308
1092.5,2268,-470.401638558,101.398162982,27.0078552635,-3.80623504392,10.147314159,0.038258095394,0.128400828704,2.22507385851e-308
1093,2268,-461.905755422,113.60770763,27.0100809958,-3.9107097947,10.147314159,0.0327921892715,0.13014364509,2.22507385851e-308
1093.5,2268,-448.758243072,120.564425951,27.0186047711,-3.94137111271,10.147314159,0.029975119691,0.130445286424,2.22507385851e-308
1094,2268,-433.884485037,120.720415298,27.0204565706,-4.04346539368,10.147314159,0.0275865513676,0.132816495551,2.22507385851e-308
1094.5,2268,-420.593962651,114.040967306,27.0296456303,-4.05394040673,10.147314159,0.0261338654398,0.132593879714,2.22507385851e-308
1095,2268,-411.843879849,102.012290665,27.0450267781,-4.03475474324,10.147314159,0.0268589433381,0.131919108546,2.22507385851e-308
1095.5,2268,-409.581171336,87.3108226788,27.071025942,-3.93729404451,10.147314159,0.0330078193786,0.130376611379,2.22507385851e-308
1096,2268,-414.309300432,73.2077093337,27.1124254876,-3.6934828301,10.147314159,0.0509476808665,0.127720156189,2.22507385851e-308
1096.5,2268,-424.976236105,62.8409598861,27.1526715314,-3.3698590705,10.147314159,0.0756013025625,0.125020553317,2.22507385851e-308
1097,2268,-439.208534843,58.5172249974,27.1591915899,-3.1125616595,10.147314159,0.0899575504142,0.122251783547,2.22507385851e-308
1097.5,2268,-453.839443031,61.1985560792,27.1192617316,-3.09012074804,10.147314159,0.0876918440464,0.121575361198,2.22507385851e-308
1098,2268,-465.613514569,70.2883443157,27.0641541469,-3.30583195662,10.147314159,0.0733152535845,0.123453140045,2.22507385851e-308
1098.5,2268,-471.910962992,83.7640689394,27.0264765908,-3.55956453214,10.147314159,0.0539153008715,0.125631076592,2.22507385851e-308
1099,2268,-471.330576314,98.6273176446,27.0084470457,-3.78194331362,10.147314159,0.0401324091518,0.12821063909,2.22507385851e-308
1099.5,2268,-464.00149331,111.570947471,27.0086251274,-3.90088529706,10.147314159,0.0335986153966,0.129927095057,2.22507385851e-308
1100,2268,-451.554469525,119.714939716,27.0167953557,-3.94033268963,10.147314159,0.0294629682269,0.130454484194,2.22507385851e-308
1100.5,2268,-436.759026477,121.247217682,27.0194956607,-4.0318109836,10.147314159,0.0270671112745,0.13233792334,2.22507385851e-308
1101,2268,-422.907220045,115.826842292,27.0276983651,-4.05099690597,10.147314159,0.0269397939789,0.132673921028,2.22507385851e-308
1101.5,2268,-413.081142514,104.659872644,27.0411038492,-4.04582301966,10.147314159,0.0262418065087,0.132178965494,2.22507385851e-308
1102,2268,-409.467142492,90.2310121695,27.0651306411,-3.9628784259,10.147314159,0.0312366807875,0.130737455678,2.22507385851e-308
1102.5,2268,-412.869352033,75.7507503969,27.1031411809,-3.75494506618,10.147314159,0.0464518378164,0.128403308858,2.22507385851e-308
1103,2268,-422.530763465,64.4410138875,27.1466868311,-3.42821867433,10.147314159,0.0707328829065,0.125326513775,2.22507385851e-308
1103.5,2268,-436.301667162,58.8182723728,27.1603925327,-3.16751560512,10.147314159,0.0871606319933,0.123021116259,2.22507385851e-308
1104,2268,-451.117972082,60.1336123673,27.1300305092,-3.06475126214,10.147314159,0.0896592571636,0.121234621056,2.22507385851e-308
1104.5,2268,-463.682980477,68.0943645166,27.0735882059,-3.25863242107,10.147314159,0.0768490745596,0.123088113513,2.22507385851e-308
1105,2268,-471.200918701,80.9292239095,27.0318240592,-3.51672449251,10.147314159,0.0575538254628,0.125324062988,2.22507385851e-308
1105.5,2268,-471.999010029,95.7823737775,27.010386202,-3.74339471563,10.147314159,0.0420372449011,0.127667281945,2.22507385851e-308
1106,2268,-465.899675375,109.348918199,27.0074673583,-3.88453595392,10.147314159,0.0345509785085,0.129607155141,2.22507385851e-308
1106.5,2268,-454.260045476,118.610237036,27.0148764376,-3.93930144239,10.147314159,0.0297741182591,0.130585754959,2.22507385851e-308
1107,2268,-439.6699929,121.505643151,27.0201033791,-3.99801459995,10.147314159,0.0287624735393,0.131701063593,2.22507385851e-308
1107.5,2268,-425.375873177,117.390895026,27.0254620079,-4.05372193685,10.147314159,0.0277381049028,0.132871562303,2.22507385851e-308
1108,2268,-414.558195386,107.181543529,27.0375327529,-4.05409686887,10.147314159,0.0257728896253,0.132327421633,2.22507385851e-308
1108.5,2268,-409.623943871,93.1492175368,27.0588257751,-3.99369305711,10.147314159,0.029490658886,0.131244249355,2.22507385851e-308
1109,2268,-411.671012874,78.4161757847,27.0948367588,-3.80436224138,10.147314159,0.0427681084473,0.12886869373,2.22507385851e-308
1109.5,2268,-420.243919884,66.2605895719,27.1391511868,-3.49830306281,10.147314159,0.0656250640779,0.125975263111,2.22507385851e-308
1110,2268,-433.435152644,59.3871341794,27.1608254884,-3.21328340826,10.147314159,0.0854424360197,0.123730897666,2.22507385851e-308
1110.5,2268,-448.309599631,59.3251858603,27.1399039985,-3.05050739603,10.147314159,0.0914334745205,0.12115917291,2.22507385851e-308
1111,2268,-461.557626214,66.0885284079,27.08404271,-3.21083692077,10.147314159,0.0800085418013,0.122731651061,2.22507385851e-308
1111.5,2268,-470.231483976,78.1722861966,27.0386760386,-3.46267023833,10.147314159,0.0611029040586,0.124744078779,2.22507385851e-308
1112,2268,-472.401198642,92.8877661084,27.0128280695,-3.70587265067,10.147314159,0.0443172731164,0.127236077155,2.22507385851e-308
1112.5,2268,-467.583998463,106.960704437,27.0068255981,-3.86641479049,10.147314159,0.0352320554739,0.12930528157,2.22507385851e-308
1113,2268,-456.851733205,117.25980601,27.0131899778,-3.93496089857,10.147314159,0.030630589928,0.130575482728,2.22507385851e-308
1113.5,2268,-442.592382522,121.493472136,27.0206579957,-3.96382507787,10.147314159,0.0306489440207,0.131189277185,2.22507385851e-308
1114,2268,-427.978719215,118.719692129,27.0232481932,-4.05826753827,10.147314159,0.0282135620037,0.133123888511,2.22507385851e-308
1114.5,2268,-416.262352316,109.555645127,27.0346307668,-4.05832463862,10.147314159,0.0256858596485,0.132459371201,2.22507385851e-308
1115,2268,-410.050228736,96.0403748228,27.0536234246,-4.01324405073,10.147314159,0.0281811299855,0.131536847839,2.22507385851e-308
1115.5,2268,-410.724575281,81.1810926225,27.0869770455,-3.8506918206,10.147314159,0.0395617598099,0.129392908857,2.22507385851e-308
1116,2268,-418.135346661,68.2840589204,27.1310248565,-3.56232577095,10.147314159,0.0606410375131,0.126427535696,2.22507385851e-308
1116.5,2268,-430.633611283,60.2189245621,27.1600600754,-3.25650091434,10.147314159,0.0833882412946,0.12419070343,2.22507385851e-308
1117,2268,-445.438446302,58.7802199927,27.1486001333,-3.04483000083,10.147314159,0.0930372445532,0.121313408168,2.22507385851e-308
1117.5,2268,-459.255706078,64.2880637667,27.0946632144,-3.16934216896,10.147314159,0.0824230011712,0.122377688598,2.22507385851e-308
1118,2268,-469.010985124,75.5169346588,27.0451594469,-3.41885802693,10.147314159,0.0646429769737,0.124400718976,2.22507385851e-308
1118.5,2268,-472.533687826,89.9683559189,27.0163292627,-3.66082438817,10.147314159,0.0472679269086,0.12669512252,2.22507385851e-308
1119,2268,-469.039996215,104.426818136,27.0065964079,-3.84454503158,10.147314159,0.0364945058627,0.129027059627,2.22507385851e-308
1119.5,2268,-459.307273156,115.675245254,27.0114931772,-3.92740939609,10.147314159,0.0311059097539,0.130419888356,2.22507385851e-308
1120,2268,-445.501095448,121.21080917,27.0199251497,-3.94947793781,10.147314159,0.0307453500602,0.130805586789,2.22507385851e-308
1120.5,2268,-430.693402767,119.801820796,27.021777785,-4.05281057029,10.147314159,0.0284249657195,0.133123052594,2.22507385851e-308
1121,2268,-418.178976596,111.761786693,27.0320346109,-4.0579447083,10.147314159,0.0256839645202,0.132508456122,2.22507385851e-308
1121.5,2268,-410.7423358,98.8796523809,27.0490662167,-4.0266651539,10.147314159,0.0274888434919,0.131753252957,2.22507385851e-308
1122,2268,-410.03816804,84.0217535208,27.0790890617,-3.89615981642,10.147314159,0.0361613700033,0.129908193671,2.22507385851e-308
1122.5,2268,-416.223153967,70.4940427071,27.1218554713,-3.63045078122,10.147314159,0.0558302758952,0.127118774277,2.22507385851e-308
1123,2268,-427.92110503,61.3064994182,27.1570006202,-3.31266585541,10.147314159,0.0801665454038,0.124681843504,2.22507385851e-308
1123.5,2268,-442.529171929,58.5033953817,27.1548317156,-3.06367089603,10.147314159,0.092804301446,0.12170267897,2.22507385851e-308
1124,2268,-456.79699086,62.7084344705,27.1057857772,-3.13282611843,10.147314159,0.0850980592519,0.122109756052,2.22507385851e-308
1124.5,2268,-467.549904795,72.9859756483,27.0530656376,-3.37004432331,10.147314159,0.0682782041989,0.123983708691,2.22507385851e-308
1125,2268,-472.395339654,87.0492175149,27.0199083528,-3.62276384505,10.147314159,0.0498181600937,0.126336658777,2.22507385851e-308
1125.5,2268,-470.25516332,101.769022406,27.0067091106,-3.82018586189,10.147314159,0.0375969141143,0.128617291342,2.22507385851e-308
1126,2268,-461.605575124,113.870164286,27.0093902037,-3.92170691061,10.147314159,0.0320708750525,0.130313366795,2.22507385851e-308
1126.5,2268,-448.371149249,120.660081996,27.0180732667,-3.95066205764,10.147314159,0.0296477777249,0.130604711072,2.22507385851e-308
1127,2268,-433.496607889,120.627986811,27.0201182011,-4.05114197967,10.147314159,0.0274990770304,0.132986938288,2.22507385851e-308
1127.5,2268,-420.291606674,113.781020061,27.0295129106,-4.06034226128,10.147314159,0.0259201515144,0.13270435995,2.22507385851e-308
1128,2268,-411.694320674,101.64266415,27.0452976776,-4.03697664238,10.147314159,0.0269163928555,0.131961461493,2.22507385851e-308
1128.5,2268,-409.617686585,86.9137605375,27.0718495776,-3.93435916836,10.147314159,0.0335474388159,0.130391392238,2.22507385851e-308
1129,2268,-414.52376529,72.8715597658,27.1132747621,-3.68987069972,10.147314159,0.0514440534223,0.12772381703,2.22507385851e-308
1129.5,2268,-425.32093113,62.6405177564,27.1529254975,-3.36570413025,10.147314159,0.0760207307601,0.125011172754,2.22507385851e-308
1130,2268,-439.606763765,58.4970896254,27.1583074014,-3.10934563466,10.147314159,0.0902992111041,0.122249804646,2.22507385851e-308
1130.5,2268,-454.202598036,61.3632076803,27.1168989362,-3.10099739925,10.147314159,0.0871004286433,0.121733503443,2.22507385851e-308
1131,2268,-465.860791956,70.6011471317,27.0620138156,-3.31915645629,10.147314159,0.0725118904442,0.123608322804,2.22507385851e-308
1131.5,2268,-471.987342374,84.155422868,27.0245970698,-3.57687171159,10.147314159,0.0529702463705,0.125851779214,2.22507385851e-308
1132,2268,-471.21906292,99.0101445904,27.0071631967,-3.79667770766,10.147314159,0.0393047708621,0.128404332768,2.22507385851e-308
1132.5,2268,-463.726899395,111.860066632,27.0078438555,-3.9126116245,10.147314159,0.0330082975118,0.13012036084,2.22507385851e-308
1133,2268,-451.177893531,119.846020715,27.0163481039,-3.94852148551,10.147314159,0.0291314628078,0.13057361085,2.22507385851e-308
1133.5,2268,-436.364258339,121.191094378,27.0190072685,-4.04112725191,10.147314159,0.0268670990771,0.132545354816,2.22507385851e-308
1134,2268,-422.582097537,115.596002386,27.027749826,-4.05399811164,10.147314159,0.0267722977536,0.132699513311,2.22507385851e-308
1134.5,2268,-412.898006927,104.305679104,27.0413473446,-4.04883193033,10.147314159,0.0262197771681,0.132238719631,2.22507385851e-308
1135,2268,-409.466742358,89.8322747278,27.0657931663,-3.96143041667,10.147314159,0.0315044725835,0.13073619631,2.22507385851e-308
1135.5,2268,-413.051776385,75.3961900164,27.1042562788,-3.74835053123,10.147314159,0.0472398238324,0.128355572093,2.22507385851e-308
1136,2268,-422.855422023,64.2095219256,27.1471118893,-3.42478137761,10.147314159,0.0711488226117,0.12537143554,2.22507385851e-308
1136.5,2268,-436.696321865,58.7613568831,27.1597598434,-3.1649929181,10.147314159,0.0872802197149,0.12298204041,2.22507385851e-308
1137,2268,-451.494810397,60.2639373149,27.1278240728,-3.07422064254,10.147314159,0.0891289200553,0.121367425643,2.22507385851e-308
1137.5,2268,-463.958154101,68.3829319857,27.0712616741,-3.27346955699,10.147314159,0.0759346194869,0.123247694062,2.22507385851e-308
1138,2268,-471.313200204,81.3118262769,27.0298674581,-3.53371925813,10.147314159,0.0565891188342,0.125538287328,2.22507385851e-308
1138.5,2268,-471.923416247,96.1738802113,27.009070105,-3.75803253393,10.147314159,0.0412060065624,0.127867005079,2.22507385851e-308
1139,2268,-465.653026282,109.662216671,27.0065567451,-3.89795530079,10.147314159,0.0338978348565,0.129825933943,2.22507385851e-308
1139.5,2268,-453.897221658,118.775617157,27.0144020175,-3.94741165211,10.147314159,0.0293744843278,0.130706594765,2.22507385851e-308
1140,2268,-439.271724368,121.486307065,27.0193739159,-4.01033755349,10.147314159,0.0281336578437,0.131882892007,2.22507385851e-308
1140.5,2268,-425.03077656,117.191145102,27.0253828651,-4.05791941477,10.147314159,0.0276604356512,0.13295060797,2.22507385851e-308
1141,2268,-414.343056308,106.845825069,27.0378010108,-4.0553714145,10.147314159,0.0258228857886,0.132338142293,2.22507385851e-308
1141.5,2268,-409.586631792,92.7522294812,27.0593620518,-3.99337908039,10.147314159,0.0294778505857,0.131232793224,2.22507385851e-308
1142,2268,-411.819829908,78.046249849,27.0956857449,-3.80073854643,10.147314159,0.0431436345292,0.128852919667,2.22507385851e-308
1142.5,2268,-420.545753538,66.0000360218,27.139974396,-3.49143951974,10.147314159,0.0662251597411,0.125929570428,2.22507385851e-308
1143,2268,-433.822843507,59.2939274092,27.1604298721,-3.21132936392,10.147314159,0.0855775854859,0.123708773392,2.22507385851e-308
1143.5,2268,-448.696884657,59.4200648161,27.1380111019,-3.05732870361,10.147314159,0.0909739582123,0.121242876461,2.22507385851e-308
1144,2268,-461.858332657,66.3503820744,27.0817598028,-3.22479235532,10.147314159,0.0793152688692,0.122905082968,2.22507385851e-308
1144.5,2268,-470.378703234,78.5428508976,27.0367786709,-3.47854853677,10.147314159,0.0601338975477,0.124927741182,2.22507385851e-308
1145,2268,-472.362173736,93.2845894497,27.0114083316,-3.72159237415,10.147314159,0.0434941868943,0.127447825734,2.22507385851e-308
1145.5,2268,-467.367412617,107.295491353,27.0058702963,-3.87899582956,10.147314159,0.0346790396918,0.129499954375,2.22507385851e-308
1146,2268,-456.505777793,117.458064832,27.0127037843,-3.94301060617,10.147314159,0.0301516025466,0.130688022475,2.22507385851e-308
1146.5,2268,-442.194034255,121.511089341,27.0200920687,-3.97310451775,10.147314159,0.0302975452432,0.131348868183,2.22507385851e-308
1147,2268,-427.616612462,118.552747806,27.0231565007,-4.06185711543,10.147314159,0.0280099401498,0.13315701302,2.22507385851e-308
1147.5,2268,-416.017057538,109.241285175,27.0349111641,-4.05942786742,10.147314159,0.0257182642906,0.132468749004,2.22507385851e-308
1148,2268,-409.976325178,95.6485458147,27.0540680319,-4.01480303056,10.147314159,0.0282593371576,0.1315867957,2.22507385851e-308
1148.5,2268,-410.838506833,80.798978361,27.087948202,-3.84631016551,10.147314159,0.039987572068,0.129361201078,2.22507385851e-308
1149,2268,-418.411763016,67.9966816314,27.1319858205,-3.55634952002,10.147314159,0.0613185457774,0.126420547259,2.22507385851e-308
1149.5,2268,-431.011008497,60.0902270482,27.1600055606,-3.25289563384,10.147314159,0.0835738313193,0.124178434059,2.22507385851e-308
1150,2268,-445.832851715,58.838838058,27.1470251185,-3.04967348051,10.147314159,0.0926875190617,0.121361164439,2.22507385851e-308
1150.5,2268,-459.579362625,64.520954615,27.0926260281,-3.17901257424,10.147314159,0.0819303615462,0.12247485859,2.22507385851e-308
1151,2268,-469.191877695,75.8722789777,27.0434412661,-3.43220343009,10.147314159,0.0637799154767,0.124571780841,2.22507385851e-308
1151.5,2268,-472.531566972,90.367087921,27.014911035,-3.67543390118,10.147314159,0.0464197546579,0.126882093606,2.22507385851e-308
1152,2268,-468.855333835,104.78021807,27.0057072988,-3.85619283291,10.147314159,0.0360093389933,0.129188645016,2.22507385851e-308
1152.5,2268,-458.981157501,115.904679967,27.0109220854,-3.9362245861,10.147314159,0.0306974983882,0.130584263415,2.22507385851e-308
1153,2268,-445.10608879,121.265228355,27.0195465695,-3.95546127178,10.147314159,0.0305915915853,0.130936250794,2.22507385851e-308
1153.5,2268,-430.317395951,119.669115929,27.0215353122,-4.05819838679,10.147314159,0.0283420435412,0.13322017584,2.22507385851e-308
1154,2268,-417.905632912,111.471485232,27.032229083,-4.05906162124,10.147314159,0.0257310948459,0.132517095805,2.22507385851e-308
1154.5,2268,-410.632475507,98.4963477714,27.0495822938,-4.02707884991,10.147314159,0.0275465172038,0.131758706146,2.22507385851e-308
1155,2268,-410.116235573,83.6307328463,27.0800890223,-3.89150540585,10.147314159,0.0366610133229,0.129873620825,2.22507385851e-308
1155.5,2268,-416.47177893,70.1823099125,27.122860776,-3.62618874556,10.147314159,0.0563672108253,0.127114761669,2.22507385851e-308
1156,2268,-428.284967197,61.143416521,27.1572214479,-3.30898555734,10.147314159,0.0806094047377,0.124708745839,2.22507385851e-308
1156.5,2268,-442.92731025,58.5252490959,27.1537227604,-3.06400105745,10.147314159,0.0927853289358,0.121712846181,2.22507385851e-308
1157,2268,-457.14081768,62.9103622416,27.1036326531,-3.14403762594,10.147314159,0.0845606038419,0.122269110233,2.22507385851e-308
1157.5,2268,-467.762917026,73.3230475947,27.0512443134,-3.38243278209,10.147314159,0.0674578122918,0.124126866306,2.22507385851e-308
1158,2268,-472.430141069,87.446433538,27.0184583248,-3.63673728682,10.147314159,0.0489537029515,0.126493807335,2.22507385851e-308
1158.5,2268,-470.104010439,102.138000067,27.0059162812,-3.83027493674,10.147314159,0.0370495471755,0.128763768218,2.22507385851e-308
1159,2268,-461.302100178,114.128804315,27.0089929216,-3.92843124079,10.147314159,0.0315732403182,0.130398981529,2.22507385851e-308
1159.5,2268,-447.982876843,120.750835765,27.0177459891,-3.95589414058,10.147314159,0.0295469291453,0.130714403376,2.22507385851e-308
1160,2268,-433.109930467,120.530661179,27.019944759,-4.05497879882,10.147314159,0.0275321734267,0.133082836606,2.22507385851e-308
1160.5,2268,-419.992561786,113.51727044,27.0295179133,-4.06382262656,10.147314159,0.0258469186224,0.132742839764,2.22507385851e-308
1161,2268,-411.549447218,101.271176076,27.0456985252,-4.0374020812,10.147314159,0.026992049386,0.131967587056,2.22507385851e-308
1161.5,2268,-409.65921959,86.5171918587,27.07273821,-3.93088726087,10.147314159,0.0340953869699,0.130380218985,2.22507385851e-308
1162,2268,-414.742463465,72.5381488845,27.1143242188,-3.68437656887,10.147314159,0.0520829239759,0.127708786576,2.22507385851e-308
1162.5,2268,-425.668133099,62.4444501667,27.1533942491,-3.36067111587,10.147314159,0.0764664349066,0.124992917694,2.22507385851e-308
1163,2268,-440.005215454,58.481991291,27.1576617278,-3.10555015858,10.147314159,0.0906275467331,0.122233089341,2.22507385851e-308
1163.5,2268,-454.563642063,61.5324380518,27.1149100764,-3.10980182517,10.147314159,0.0866379804592,0.121862213185,2.22507385851e-308
1164,2268,-466.104094321,70.9170516531,27.0601265906,-3.331976363,10.147314159,0.0715995041921,0.123732709158,2.22507385851e-308
1164.5,2268,-472.058767154,84.547711293,27.0231494146,-3.59037692081,10.147314159,0.0522530630567,0.126011694582,2.22507385851e-308
1165,2268,-471.102717764,99.3915308935,27.0063061465,-3.8068092603,10.147314159,0.0386474680035,0.12851991392,2.22507385851e-308
1165.5,2268,-463.448671649,112.145690562,27.0072809031,-3.92057162738,10.147314159,0.0326361516284,0.130256183113,2.22507385851e-308
1166,2268,-450.799690182,119.972329599,27.0160741767,-3.95328065801,10.147314159,0.0289944574572,0.130640616677,2.22507385851e-308
1166.5,2268,-435.970231416,121.129983894,27.0186739554,-4.04727656593,10.147314159,0.0267796460731,0.132692284583,2.22507385851e-308
1167,2268,-422.25991989,115.361069905,27.0279508327,-4.05422917525,10.147314159,0.02675222845,0.132691859479,2.22507385851e-308
1167.5,2268,-412.719364601,103.949198211,27.0416888436,-4.0502553067,10.147314159,0.0262675441675,0.132273992383,2.22507385851e-308
1168,2268,-409.471384115,89.4335641039,27.0665505998,-3.95953149064,10.147314159,0.0317440670292,0.130718477212,2.22507385851e-308
1168.5,2268,-413.238669411,75.0439646562,27.1054853229,-3.74191514971,10.147314159,0.0479460111543,0.128291855624,2.22507385851e-308
1169,2268,-423.182981739,63.9821536336,27.1477838562,-3.41965022205,10.147314159,0.0717273871914,0.125402076821,2.22507385851e-308
1169.5,2268,-437.091664688,58.709436177,27.1593029023,-3.16170788803,10.147314159,0.0874188864214,0.122931514215,2.22507385851e-308
1170,2268,-451.869970684,60.3990167966,27.1259170003,-3.08184659773,10.147314159,0.0887061119527,0.121480400513,2.22507385851e-308
1170.5,2268,-464.229656919,68.6749558334,27.0692752423,-3.28611521575,10.147314159,0.0752180203252,0.123393391855,2.22507385851e-308
1171,2268,-471.420634894,81.6958178066,27.0283937827,-3.54543399946,10.147314159,0.0557608686232,0.125655465492,2.22507385851e-308
1171.5,2268,-471.842878084,96.5643994961,27.0080366517,-3.77013650054,10.147314159,0.0406333954328,0.128039249767,2.22507385851e-308
1172,2268,-465.402435387,109.972371328,27.0059189161,-3.90934340837,10.147314159,0.0332997285032,0.129997285303,2.22507385851e-308
1172.5,2268,-453.532335688,118.936396311,27.01414923,-3.9515804431,10.147314159,0.0292403208399,0.130766853332,2.22507385851e-308
1173,2268,-438.873732172,121.461936596,27.0187859054,-4.02006982097,10.147314159,0.0276066202441,0.132027333337,2.22507385851e-308
1173.5,2268,-424.68823328,116.987047555,27.0254227435,-4.06006851501,10.147314159,0.0276518879281,0.133000168396,2.22507385851e-308
1174,2268,-414.132179439,106.50741311,27.0380743877,-4.05653142048,10.147314159,0.0258533775435,0.132361121315,2.22507385851e-308
1174.5,2268,-409.554342434,92.3548013685,27.0600900687,-3.99104081552,10.147314159,0.0296832889428,0.131196485534,2.22507385851e-308
1175,2268,-411.973312594,77.6782352124,27.0966396283,-3.79643327898,10.147314159,0.043481255117,0.128813535747,2.22507385851e-308
1175.5,2268,-420.850857646,65.7433198544,27.1409542721,-3.48365759415,10.147314159,0.0668879005533,0.125852675719,2.22507385851e-308
1176,2268,-434.211681935,59.2056302692,27.1601685228,-3.20845486485,10.147314159,0.0857338999127,0.123673032788,2.22507385851e-308
1176.5,2268,-449.082939019,59.5198332339,27.1362822669,-3.06325552366,10.147314159,0.0905308352499,0.121307722443,2.22507385851e-308
1177,2268,-462.155704037,66.6160171062,27.0797738073,-3.23654936418,10.147314159,0.0787282172991,0.123044075091,2.22507385851e-308
1177.5,2268,-470.521225096,78.9152474957,27.0351672126,-3.49194475369,10.147314159,0.0592091138343,0.125077104306,2.22507385851e-308
1178,2268,-472.318134294,93.680887614,27.0103307925,-3.73415543881,10.147314159,0.042817703746,0.127614578627,2.22507385851e-308
1178.5,2268,-467.146610855,107.627512872,27.0053153327,-3.88734926374,10.147314159,0.0343469499715,0.129630091415,2.22507385851e-308
1179,2268,-456.157343144,117.651933352,27.0123878463,-3.94847329419,10.147314159,0.0297837044294,0.130760836341,2.22507385851e-308
1179.5,2268,-441.795495073,121.523668201,27.0196690158,-3.98055387895,10.147314159,0.0299952126959,0.131473844994,2.22507385851e-308
1180,2268,-427.256645595,118.381238151,27.0231982456,-4.06385310606,10.147314159,0.0278509214868,0.133163628962,2.22507385851e-308
1180.5,2268,-415.775757312,108.923848712,27.0351902671,-4.0602459124,10.147314159,0.0256186249212,0.132467448707,2.22507385851e-308
1181,2268,-409.907382032,95.255813654,27.054651251,-4.01503128824,10.147314159,0.0284321208282,0.131607703265,2.22507385851e-308
1181.5,2268,-410.957260942,80.4183352616,27.0889918809,-3.84149026773,10.147314159,0.0403895586028,0.129321299142,2.22507385851e-308
1182,2268,-418.691791031,67.7128224789,27.1330461192,-3.54958202474,10.147314159,0.0620181412717,0.12640581534,2.22507385851e-308
1182.5,2268,-431.390002863,59.9663118431,27.1600250813,-3.24847880378,10.147314159,0.0837922244914,0.124146065672,2.22507385851e-308
1183,2268,-446.226484397,58.9024385182,27.145559718,-3.05353986908,10.147314159,0.0923634889071,0.121391563279,2.22507385851e-308
1183.5,2268,-459.900048495,64.757919338,27.0908837478,-3.1860298839,10.147314159,0.0816002985888,0.122530875483,2.22507385851e-308
1184,2268,-469.368262634,76.2298821946,27.0420173355,-3.44283499766,10.147314159,0.0630776741197,0.12469298443,2.22507385851e-308
1184.5,2268,-472.524404499,90.7657612289,27.0137839719,-3.68752725318,10.147314159,0.0456924404158,0.127030195108,2.22507385851e-308
1185,2268,-468.666217634,105.131254777,27.0051565952,-3.86443014091,10.147314159,0.0356177922895,0.129301055585,2.22507385851e-308
1185.5,2268,-458.652166818,116.12997275,27.010631505,-3.94164024799,10.147314159,0.0304625205643,0.130689882878,2.22507385851e-308
1186,2268,-444.710425605,121.314648507,27.0193212256,-3.96007157102,10.147314159,0.0305224068664,0.131039947462,2.22507385851e-308
1186.5,2268,-429.943097189,119.531667232,27.021440823,-4.06221469219,10.147314159,0.0282819334359,0.133290145978,2.22507385851e-308
1187,2268,-417.635981814,111.177750671,27.0323881704,-4.06141791655,10.147314159,0.025752215161,0.132552167132,2.22507385851e-308
1187.5,2268,-410.527470714,98.1116846708,27.0500940519,-4.02757951604,10.147314159,0.0276031760343,0.131774731394,2.22507385851e-308
1188,2268,-410.199241147,83.2407305615,27.0810743059,-3.88753875981,10.147314159,0.0371288811964,0.12985602066,2.22507385851e-308
1188.5,2268,-416.724325739,69.8737457918,27.1239726859,-3.61979391779,10.147314159,0.056982553208,0.12707411499,2.22507385851e-308
1189,2268,-428.650862385,60.9849475371,27.1574548926,-3.30472585521,10.147314159,0.0810592830239,0.124721591857,2.22507385851e-308
1189.5,2268,-443.325140411,58.5521353453,27.1526623779,-3.06353998048,10.147314159,0.0927803202335,0.121705469653,2.22507385851e-308
1190,2268,-457.482063727,63.116621407,27.1016414461,-3.15372750861,10.147314159,0.0840716879936,0.122405108903,2.22507385851e-308
1190.5,2268,-467.971650103,73.6627860386,27.049431485,-3.39618279277,10.147314159,0.066549289112,0.124278884823,2.22507385851e-308
1191,2268,-472.459917081,87.8440578539,27.0173138737,-3.64723088805,10.147314159,0.0483217554583,0.126607600393,2.22507385851e-308
1191.5,2268,-469.948204084,102.505036968,27.0053766142,-3.83768984144,10.147314159,0.0366684819478,0.128882215953,2.22507385851e-308
1192,2268,-460.995379104,114.38358636,27.0088921181,-3.932298993,10.147314159,0.0312958559572,0.13043702288,2.22507385851e-308
1192.5,2268,-447.593487937,120.836672747,27.0176541757,-3.95895900966,10.147314159,0.0295777708079,0.130795378193,2.22507385851e-308
1193,2268,-432.724514597,120.428453964,27.0199623594,-4.05724586099,10.147314159,0.0275922799838,0.133145137393,2.22507385851e-308
1193.5,2268,-419.696875802,113.249760615,27.0296529517,-4.06605530082,10.147314159,0.025828468592,0.132760156906,2.22507385851e-308
1194,2268,-411.409282647,100.89788584,27.0461679565,-4.03729774279,10.147314159,0.0270377300731,0.131963761097,2.22507385851e-308
1194.5,2268,-409.705763708,86.1211800501,27.0736353535,-3.92743248925,10.147314159,0.0345279169372,0.130352081598,2.22507385851e-308
1195,2268,-414.965359988,72.2075299991,27.1154679931,-3.67723773132,10.147314159,0.0527350486611,0.127645284733,2.22507385851e-308
1195.5,2268,-426.017786499,62.2527884663,27.1538436035,-3.35470859125,10.147314159,0.0769687844228,0.124964223884,2.22507385851e-308
1196,2268,-440.403826199,58.4719324082,27.1570173466,-3.10104298233,10.147314159,0.0909559146192,0.122199372815,2.22507385851e-308
1196.5,2268,-454.922517382,61.7062201355,27.1130523221,-3.11697461092,10.147314159,0.0862497596113,0.121969695453,2.22507385851e-308
1197,2268,-466.343382762,71.2360073697,27.0584154977,-3.34278733949,10.147314159,0.0707381664755,0.123834761995,2.22507385851e-308
1197.5,2268,-472.125225911,84.9408714908,27.0219856915,-3.60153559032,10.147314159,0.051733123129,0.126148698826,2.22507385851e-308
1198,2268,-470.981559448,99.7714155736,27.005767292,-3.81387811222,10.147314159,0.0380929852405,0.128580518849,2.22507385851e-308
1198.5,2268,-463.166854559,112.427773591,27.0069797405,-3.92627344659,10.147314159,0.0323478670716,0.130351704489,2.22507385851e-308
1199,2268,-450.419919949,120.093846172,27.0159800142,-3.95682581501,10.147314159,0.0288898297314,0.130687184252,2.22507385851e-308
1199.5,2268,-435.577008708,121.063896,27.0185967162,-4.05115147636,10.147314159,0.0267975954941,0.132795552197,2.22507385851e-308
1200,2268,-421.940738615,115.122082412,27.0283041615,-4.05340515392,10.147314159,0.026774721101,0.132670061187,2.22507385851e-308
