time,x,y,z,rel_vel_mag,alpha_deg,alpha_geom_deg,cl,cd,cm
500.5,1134,-426.545050983,118.02550478,28.8660719787,10.1695838881,10.147314159,0.640856747144,0.0912718141469,2.22507385851e-308
501,1134,-415.306396319,108.281498822,28.8475643477,10.0649495462,10.147314159,0.868614887277,0.0904974074365,2.22507385851e-308
501.5,1134,-409.784689694,94.4697731253,28.8231087403,9.92538635159,10.147314159,0.866054871637,0.089555553131,2.22507385851e-308
502,1134,-411.208536883,79.6635018205,28.8006329085,9.79446283912,10.147314159,0.863205913618,0.0887738323544,2.22507385851e-308
502.5,1134,-419.261125168,67.1571501271,28.7792447944,9.66172281186,10.147314159,0.860238066505,0.0879770651301,2.22507385851e-308
503,1134,-432.150715665,59.7334403007,28.7595158178,9.54715482146,10.147314159,0.857541628716,0.08732829946,2.22507385851e-308
503.5,1134,-447.009313677,59.0441828018,28.7337666609,9.41589207535,10.147314159,0.854116907587,0.0866037575712,2.22507385851e-308
504,1134,-460.530811044,65.2427406759,28.7093061176,9.30629034291,10.147314159,0.851395234365,0.0859196580313,2.22507385851e-308
504.5,1134,-469.706610809,76.9499055518,28.6874167719,9.19456340178,10.147314159,0.847794427738,0.085414066373,2.22507385851e-308
505,1134,-472.495054235,91.5607780114,28.6638125894,9.06163435832,10.147314159,0.84360810466,0.0847156162983,2.22507385851e-308
505.5,1134,-468.275699503,105.82437,28.6480095844,8.95383933011,10.147314159,0.840365342597,0.0841448383801,2.22507385851e-308
506,1134,-457.987372948,116.566965006,28.6290314562,8.83508839629,10.147314159,0.83686003659,0.0834733902873,2.22507385851e-308
506.5,1134,-443.919275767,121.398284957,28.6118579194,8.71277706276,10.147314159,0.832554350931,0.0830226719269,2.22507385851e-308
507,1134,-429.201625955,119.243338372,28.6024457019,8.64933283103,10.147314159,0.830839099279,0.0827636200273,2.22507385851e-308
507.5,1134,-417.109170031,110.581611032,28.5904875943,8.56345758965,10.147314159,0.828070492205,0.0824268765183,2.22507385851e-308
508,1134,-410.332536491,97.3403781358,28.5881342594,8.51661960766,10.147314159,0.826942348057,0.0822235021351,2.22507385851e-308
508.5,1134,-410.379558267,82.4658764728,28.5878467738,8.45611844968,10.147314159,0.82487275015,0.0819874706624,2.22507385851e-308
509,1134,-417.239772792,69.2677528399,28.5822406615,8.38843371488,10.147314159,0.822694784068,0.0817322349409,2.22507385851e-308
509.5,1134,-429.38674997,60.6826520126,28.5732624798,8.36398792743,10.147314159,0.82197543379,0.0816414896631,2.22507385851e-308
510,1134,-444.117730069,58.6207994288,28.5421421322,8.31472160217,10.147314159,0.820129925725,0.0814612442624,2.22507385851e-308
510.5,1134,-458.155000519,63.5409670159,28.5135707998,8.28644245292,10.147314159,0.819471855389,0.0813060000926,2.22507385851e-308
511,1134,-468.375202418,74.3483942729,28.4971565694,8.24259273,10.147314159,0.817527243497,0.0811645185841,2.22507385851e-308
511.5,1134,-472.504292626,88.6383776469,28.4860018952,8.16913317017,10.147314159,0.814678396785,0.0809140056509,2.22507385851e-308
512,1134,-469.62352909,103.231328418,28.4854539694,8.11319318312,10.147314159,0.812589286322,0.080726649839,2.22507385851e-308
512.5,1134,-460.373895289,114.880246193,28.4829135751,8.04482540674,10.147314159,0.809998003051,0.0804575049988,2.22507385851e-308
513,1134,-446.813478382,120.993191807,28.4802389585,7.98384995165,10.147314159,0.80750534514,0.0802774558526,2.22507385851e-308
513.5,1134,-431.959535108,120.210006021,28.4808583268,7.95513166327,10.147314159,0.806733383897,0.0801776632944,2.22507385851e-308
514,1134,-419.117137924,112.704951368,28.4836039332,7.9237209099,10.147314159,0.805517786335,0.0800828211188,2.22507385851e-308
514.5,1134,-411.143780793,100.147937916,28.4925501529,7.90384094341,10.147314159,0.805002302574,0.0800149381533,2.22507385851e-308
515,1134,-409.813573295,85.3329604008,28.5063174531,7.88598576896,10.147314159,0.804612231257,0.0799401829332,2.22507385851e-308
515.5,1134,-415.422492872,71.5564212149,28.512816915,7.87393720106,10.147314159,0.804077129002,0.0799061661374,2.22507385851e-308
516,1134,-426.722528458,61.8836653236,28.504905468,7.88482677438,10.147314159,0.804288805679,0.079946730276,2.22507385851e-308
516.5,1134,-441.199368821,58.4669265477,28.469512843,7.89905058492,10.147314159,0.804856677982,0.0799900999128,2.22507385851e-308
517,1134,-455.631848681,62.0664453848,28.4329663208,7.91553784951,10.147314159,0.805429551171,0.0800341323957,2.22507385851e-308
517.5,1134,-466.808673178,71.8813119113,28.4105211943,7.905289783,10.147314159,0.804398549831,0.0800044511144,2.22507385851e-308
518,1134,-472.24294613,85.7276720197,28.4071159579,7.88000226388,10.147314159,0.803066833819,0.0799316379485,2.22507385851e-308
518.5,1134,-470.725516167,100.52464526,28.4126653035,7.82973639876,10.147314159,0.800211582303,0.0797752145081,2.22507385851e-308
519,1134,-462.594018615,112.979835276,28.422037185,7.79144135871,10.147314159,0.798738535336,0.0796353237452,2.22507385851e-308
519.5,1134,-449.657750043,120.321903526,28.4292893865,7.75090753677,10.147314159,0.796987782904,0.0795101676436,2.22507385851e-308
520,1134,-434.79509124,120.917205187,28.4365928911,7.72039520489,10.147314159,0.796098583605,0.0794077406013,2.22507385851e-308
520.5,1134,-421.31305391,114.633282829,28.4464923525,7.69820041808,10.147314159,0.795271137403,0.079342495418,2.22507385851e-308
521,1134,-412.211454966,102.868338824,28.460604559,7.67755482279,10.147314159,0.794615593943,0.0792811675511,2.22507385851e-308
521.5,1134,-409.515443113,88.2401287196,28.4794088824,7.66916519188,10.147314159,0.794610063693,0.0792388589024,2.22507385851e-308
522,1134,-413.824893709,74.0034982779,28.4924004574,7.67855716831,10.147314159,0.795120456571,0.0792728210198,2.22507385851e-308
522.5,1134,-424.180933664,63.3261649392,28.4861984891,7.70500037879,10.147314159,0.796050072787,0.0793630910868,2.22507385851e-308
523,1134,-438.279295229,58.583885746,28.4497428299,7.74319055357,10.147314159,0.797830031628,0.0794778011489,2.22507385851e-308
523.5,1134,-452.983026442,60.8318401922,28.4039259643,7.77712763332,10.147314159,0.799040651744,0.0795828242312,2.22507385851e-308
524,1134,-465.020477736,69.5698478081,28.3740860118,7.78934420472,10.147314159,0.799135533499,0.0796221647766,2.22507385851e-308
524.5,1134,-471.713259409,82.853660674,28.3701622237,7.78017165103,10.147314159,0.798259356841,0.0796034985128,2.22507385851e-308
525,1134,-471.572195961,97.7275677556,28.3815817682,7.75469259404,10.147314159,0.796936568467,0.0795188825244,2.22507385851e-308
525.5,1134,-464.628674675,110.882054554,28.3933707742,7.70661722187,10.147314159,0.794562115398,0.0793555991461,2.22507385851e-308
526,1134,-452.427661796,119.390185694,28.4052456179,7.66386135998,10.147314159,0.792714080909,0.079220185443,2.22507385851e-308
526.5,1134,-437.683940253,121.358861858,28.4177015158,7.63076434092,10.147314159,0.791649749012,0.0791159367794,2.22507385851e-308
527,1134,-423.678057649,116.35004331,28.4315331555,7.60844213824,10.147314159,0.790876649402,0.0790539161867,2.22507385851e-308
527.5,1134,-413.526388941,105.47821581,28.4492133967,7.59106308438,10.147314159,0.79066255446,0.0790011012579,2.22507385851e-308
528,1134,-409.487728311,91.1624122664,28.4677812529,7.57334611221,10.147314159,0.789881209231,0.0789482333223,2.22507385851e-308
528.5,1134,-412.460696804,76.5879665099,28.4837303929,7.58187469882,10.147314159,0.790218143642,0.0789820890645,2.22507385851e-308
529,1134,-421.783794903,64.9977614814,28.4805440505,7.61468511943,10.147314159,0.791860421622,0.0790733947847,2.22507385851e-308
529.5,1134,-435.382589296,58.9706724814,28.4464132945,7.65724718844,10.147314159,0.793849568348,0.079196160219,2.22507385851e-308
530,1134,-450.231284074,59.8477552473,28.3947017183,7.70015820646,10.147314159,0.79540703,0.0793359081353,2.22507385851e-308
530.5,1134,-463.025974592,67.433854726,28.3581745055,7.72593465444,10.147314159,0.796236136726,0.0794129376024,2.22507385851e-308
531,1134,-470.919781848,80.0410279928,28.3497820875,7.72235463746,10.147314159,0.795301206924,0.0794230485162,2.22507385851e-308
531.5,1134,-472.156296484,94.8641195166,28.3614076969,7.71055906439,10.147314159,0.795137355237,0.0793723557018,2.22507385851e-308
532,1134,-466.46038816,108.6049215,28.3753471921,7.66214610752,10.147314159,0.792255068288,0.0792120328912,2.22507385851e-308
532.5,1134,-455.099423351,118.206040673,28.3904243734,7.617551539,10.147314159,0.790422463376,0.0790631880879,2.22507385851e-308
533,1134,-440.601270327,121.531182723,28.4046087901,7.57653943963,10.147314159,0.788821294438,0.0789433541131,2.22507385851e-308
533.5,1134,-426.191836536,117.840487857,28.4204997829,7.55547693711,10.147314159,0.78828257646,0.0788863642602,2.22507385851e-308
534,1134,-415.077288979,107.955153094,28.4399451529,7.53934204344,10.147314159,0.788178861173,0.0788417531505,2.22507385851e-308
534.5,1134,-409.730666925,94.0747120567,28.4613280887,7.53372944994,10.147314159,0.788290133311,0.0788247103917,2.22507385851e-308
535,1134,-411.341619006,79.287628363,28.4799565837,7.54270068535,10.147314159,0.788458699261,0.0788612805561,2.22507385851e-308
535.5,1134,-419.551700783,66.8840978985,28.4774362091,7.55242519567,10.147314159,0.788764038227,0.0788845773428,2.22507385851e-308
536,1134,-432.534130327,59.6239647099,28.4483794275,7.59970474871,10.147314159,0.791068575998,0.0790189927278,2.22507385851e-308
536.5,1134,-447.400255814,59.1226426844,28.3942807775,7.64900110693,10.147314159,0.793053131466,0.0791725411289,2.22507385851e-308
537,1134,-460.842294186,65.4916783378,28.3524796471,7.68868763842,10.147314159,0.794547378421,0.0792896380254,2.22507385851e-308
537.5,1134,-469.869328489,77.3139311888,28.3398502964,7.70205969209,10.147314159,0.79458039578,0.0793589224351,2.22507385851e-308
538,1134,-472.472801,91.9588942018,28.3457457112,7.67341302228,10.147314159,0.792735593888,0.0792621951443,2.22507385851e-308
538.5,1134,-468.073426803,106.167994013,28.3624389086,7.63884829312,10.147314159,0.790933183681,0.0791473091894,2.22507385851e-308
539,1134,-457.650087413,116.779638877,28.3799146018,7.59432483853,10.147314159,0.789189450216,0.078985032314,2.22507385851e-308
539.5,1134,-443.52202502,121.432687748,28.3950489954,7.55030955937,10.147314159,0.787410867925,0.0788622530154,2.22507385851e-308
540,1134,-428.832800162,119.091815299,28.412361873,7.52717166947,10.147314159,0.786828551593,0.078798239344,2.22507385851e-308
540.5,1134,-416.850834671,110.277876693,28.4320159042,7.50835765546,10.147314159,0.786373378432,0.0787524089811,2.22507385851e-308
541,1134,-410.242172399,96.9520148543,28.4538787044,7.50229712814,10.147314159,0.786360560212,0.0787326378114,2.22507385851e-308
541.5,1134,-410.47727188,82.0792969116,28.4747556932,7.50493648503,10.147314159,0.786491004152,0.078741189733,2.22507385851e-308
542,1134,-417.503822372,68.9689727751,28.4760675556,7.51444916394,10.147314159,0.78696403192,0.078769286415,2.22507385851e-308
542.5,1134,-429.758383238,60.5381514184,28.4521420276,7.55888672271,10.147314159,0.788985001147,0.0788990435407,2.22507385851e-308
543,1134,-444.51425687,58.662730369,28.398261264,7.61088727946,10.147314159,0.791325844065,0.0790495301682,2.22507385851e-308
543.5,1134,-458.488191769,63.7599996586,28.3514800178,7.65855017666,10.147314159,0.793238848566,0.0791895049189,2.22507385851e-308
544,1134,-468.570921492,74.6957928217,28.3330805457,7.67962249202,10.147314159,0.793686459356,0.079271910646,2.22507385851e-308
544.5,1134,-472.518991106,89.0368442856,28.3361558559,7.65468127231,10.147314159,0.791826436956,0.0792013613954,2.22507385851e-308
545,1134,-469.453936496,103.59220244,28.3525665173,7.62668520486,10.147314159,0.790428485127,0.0791124699063,2.22507385851e-308
545.5,1134,-460.057746772,115.123231425,28.3714284304,7.58162065224,10.147314159,0.788522224394,0.0789432927789,2.22507385851e-308
546,1134,-446.42111848,121.064222889,28.3879684527,7.53833580397,10.147314159,0.786717226412,0.0788239692511,2.22507385851e-308
546.5,1134,-431.578265749,120.093278203,28.4058335203,7.5117009938,10.147314159,0.785965799499,0.0787490304978,2.22507385851e-308
547,1134,-418.83179334,112.426437139,28.4255747013,7.49168702128,10.147314159,0.785414142799,0.0787000448145,2.22507385851e-308
547.5,1134,-411.0178515,99.7696080064,28.4470326312,7.47835464509,10.147314159,0.784955547671,0.0786668981378,2.22507385851e-308
548,1134,-409.875079154,84.9389950004,28.4685393181,7.47735968223,10.147314159,0.785253240981,0.0786581541648,2.22507385851e-308
548.5,1134,-415.65774854,71.2344794841,28.475018835,7.4884264887,10.147314159,0.785750616821,0.0786918993231,2.22507385851e-308
549,1134,-427.079188439,61.7053808163,28.4565068037,7.52910113351,10.147314159,0.787522187285,0.0788091822005,2.22507385851e-308
549.5,1134,-441.598074586,58.4719684081,28.4050599,7.58141317192,10.147314159,0.789929166382,0.0789598247291,2.22507385851e-308
550,1134,-455.983886317,62.253691775,28.3547940356,7.63544207242,10.147314159,0.792186603822,0.0791175811264,2.22507385851e-308
550.5,1134,-467.035712649,72.2090996262,28.3291928993,7.65847287193,10.147314159,0.79265188302,0.0791985481591,2.22507385851e-308
551,1134,-472.294470084,86.1230667462,28.330290653,7.65425617648,10.147314159,0.792122692596,0.0791950972632,2.22507385851e-308
551.5,1134,-470.59006028,100.899669806,28.3455266831,7.61531852409,10.147314159,0.789646834161,0.0790806282154,2.22507385851e-308
552,1134,-462.301722462,113.251044911,28.3641878958,7.5742619383,10.147314159,0.78806555719,0.0789237783028,2.22507385851e-308
552.5,1134,-449.273650896,120.428952827,28.3822518778,7.53240469409,10.147314159,0.786275986669,0.0788042580403,2.22507385851e-308
553,1134,-434.404652972,120.836275178,28.3998276218,7.50131916536,10.147314159,0.785388252316,0.0787150959892,2.22507385851e-308
553.5,1134,-421.003150877,114.38238082,28.4188874078,7.47605775526,10.147314159,0.784408297181,0.078652840374,2.22507385851e-308
554,1134,-412.051042056,102.503291696,28.4403283264,7.45716745406,10.147314159,0.783742324754,0.0786078493443,2.22507385851e-308
554.5,1134,-409.540212955,87.8421611801,28.4613721483,7.45245662167,10.147314159,0.783901003573,0.0785859164593,2.22507385851e-308
555,1134,-414.029334896,73.6611599824,28.4724808276,7.46469772253,10.147314159,0.784531793017,0.0786239861039,2.22507385851e-308
555.5,1134,-424.519557067,63.1156277735,28.4603953748,7.50438701119,10.147314159,0.786301607525,0.0787386322259,2.22507385851e-308
556,1134,-438.676755544,58.5519952227,28.4142333634,7.56045551477,10.147314159,0.789033838141,0.0788960130439,2.22507385851e-308
556.5,1134,-453.350886873,60.9856921033,28.3605994012,7.61435034315,10.147314159,0.791233290897,0.0790526973068,2.22507385851e-308
557,1134,-465.276887603,69.8752093774,28.3275288798,7.64215181443,10.147314159,0.791947125142,0.0791438872542,2.22507385851e-308
557.5,1134,-471.801166305,83.2425875117,28.3249547325,7.64381917231,10.147314159,0.791624825435,0.079159363034,2.22507385851e-308
558,1134,-471.472040187,98.1135218054,28.3404746569,7.6198723972,10.147314159,0.790200655318,0.0790826893492,2.22507385851e-308
558.5,1134,-464.362741364,111.179159219,28.3585064978,7.57241247999,10.147314159,0.787924403717,0.0789187781598,2.22507385851e-308
559,1134,-452.055122365,119.532333785,28.3768815013,7.52846580011,10.147314159,0.78600401304,0.0787878805541,2.22507385851e-308
559.5,1134,-437.287686482,121.314424753,28.3945457185,7.49377439636,10.147314159,0.784862509921,0.0786911886015,2.22507385851e-308
560,1134,-423.346257872,116.128908476,28.4134835792,7.46857050292,10.147314159,0.783902861778,0.0786290706989,2.22507385851e-308
560.5,1134,-413.332870173,105.129586789,28.4347731817,7.45131931764,10.147314159,0.783586410963,0.0785846765981,2.22507385851e-308
561,1134,-409.475549392,90.763860662,28.4553249224,7.43415528137,10.147314159,0.782794940421,0.0785331328797,2.22507385851e-308
561.5,1134,-412.6325676,76.2281719338,28.4701342821,7.44605597743,10.147314159,0.783359315538,0.0785749768797,2.22507385851e-308
562,1134,-422.101473351,64.7567799244,28.4638142009,7.48653629873,10.147314159,0.785522638263,0.0786850217863,2.22507385851e-308
562.5,1134,-435.775390444,58.9021234767,28.4239765844,7.53956192217,10.147314159,0.788082376653,0.0788320626752,2.22507385851e-308
563,1134,-450.611807812,59.966891272,28.3675734265,7.59334877767,10.147314159,0.790233754799,0.0789896006856,2.22507385851e-308
563.5,1134,-463.309552594,67.7141674524,28.3288429793,7.62682727178,10.147314159,0.791346927614,0.0790923778768,2.22507385851e-308
564,1134,-471.04331667,80.4201465169,28.3211295122,7.62855290771,10.147314159,0.790717942875,0.0791167873384,2.22507385851e-308
564.5,1134,-472.092301045,95.2576881781,28.3355093601,7.61876864515,10.147314159,0.790562775629,0.0790741952402,2.22507385851e-308
565,1134,-466.223101748,108.925369415,28.3529426614,7.57109545891,10.147314159,0.787739534035,0.0789175102798,2.22507385851e-308
565.5,1134,-454.741643312,118.382066668,28.3716704809,7.52625056579,10.147314159,0.785831277998,0.0787777820039,2.22507385851e-308
566,1134,-440.202604407,121.523620185,28.388998561,7.48468149668,10.147314159,0.784152442266,0.078665573029,2.22507385851e-308
566.5,1134,-425.840989784,117.651019485,28.4077222386,7.46126177902,10.147314159,0.783482659247,0.0786040615292,2.22507385851e-308
567,1134,-414.852326452,107.625936495,28.4289863099,7.44456348146,10.147314159,0.783314000235,0.0785597513333,2.22507385851e-308
567.5,1134,-409.681643847,93.6789994775,28.4510040802,7.43795062058,10.147314159,0.783384596581,0.078539733934,2.22507385851e-308
568,1134,-411.479443243,78.9134677193,28.46898745,7.44832871161,10.147314159,0.78364357461,0.0785797880333,2.22507385851e-308
568.5,1134,-419.845705792,66.6147416987,28.4645664248,7.46376663049,10.147314159,0.784234359639,0.0786181226825,2.22507385851e-308
569,1134,-432.918898606,59.5193459793,28.4319356494,7.51576303921,10.147314159,0.786867788593,0.0787635398798,2.22507385851e-308
569.5,1134,-447.790174606,59.2060395841,28.3750809813,7.57029312283,10.147314159,0.789161883732,0.0789227055204,2.22507385851e-308
570,1134,-461.150604721,65.7445346642,28.3323343449,7.61317463377,10.147314159,0.790843306865,0.0790461083651,2.22507385851e-308
570.5,1134,-470.027430217,77.6799852162,28.3202832867,7.62790471628,10.147314159,0.790882898537,0.0791196622402,2.22507385851e-308
571,1134,-472.445515541,92.3566971822,28.3283894605,7.60353097123,10.147314159,0.789336396526,0.0790343367134,2.22507385851e-308
571.5,1134,-467.866825301,106.509032907,28.3470235631,7.56783003377,10.147314159,0.787414545118,0.0789167858042,2.22507385851e-308
572,1134,-457.310139677,116.988030921,28.3664260737,7.52291838314,10.147314159,0.785580044686,0.0787641811875,2.22507385851e-308
572.5,1134,-443.124371024,121.462064729,28.3830915794,7.47855996302,10.147314159,0.783688861672,0.0786474420736,2.22507385851e-308
573,1134,-428.465919797,118.9356407,28.4016416444,7.45489140442,10.147314159,0.783092387826,0.0785823237286,2.22507385851e-308
573.5,1134,-416.596360549,109.9709001,28.4220454607,7.43545808576,10.147314159,0.7825618232,0.0785358877611,2.22507385851e-308
574,1134,-410.156726213,96.5625400069,28.4435698026,7.42907983692,10.147314159,0.782524722354,0.0785149525087,2.22507385851e-308
574.5,1134,-410.579865809,81.6939838009,28.4641997765,7.43470454717,10.147314159,0.782824288105,0.0785322845515,2.22507385851e-308
575,1134,-417.771628783,68.6735553862,28.4633905491,7.4436946563,10.147314159,0.783229825441,0.0785575692635,2.22507385851e-308
575.5,1134,-430.131813941,60.3983615139,28.4374294352,7.48969164122,10.147314159,0.785449817791,0.0786887193347,2.22507385851e-308
576,1134,-444.910221772,58.7096718623,28.3824558503,7.5428400369,10.147314159,0.787891738,0.0788401890881,2.22507385851e-308
576.5,1134,-458.818586811,63.9832278459,28.3359366014,7.5908074879,10.147314159,0.78989065479,0.0789709550092,2.22507385851e-308
577,1134,-468.762232219,75.0456383781,28.319059231,7.61319193125,10.147314159,0.79043014938,0.0790578893453,2.22507385851e-308
577.5,1134,-472.528649978,89.4354649244,28.3235233053,7.58676675581,10.147314159,0.788480286614,0.0789818448075,2.22507385851e-308
578,1134,-469.279794368,103.950903188,28.3411271248,7.55929288037,10.147314159,0.787134842524,0.0788934879404,2.22507385851e-308
578.5,1134,-459.73855109,115.362199674,28.3608188286,7.51427502857,10.147314159,0.785128629075,0.0787359501979,2.22507385851e-308
579,1134,-446.027891788,121.130287076,28.3774194476,7.47172040303,10.147314159,0.783260213969,0.078625162108,2.22507385851e-308
579.5,1134,-431.198502843,119.971738734,28.3949798791,7.44560410972,10.147314159,0.782505417023,0.0785521724766,2.22507385851e-308
580,1134,-418.549993257,112.14433712,28.4140044252,7.42592767695,10.147314159,0.781954806405,0.0785039242332,2.22507385851e-308
580.5,1134,-410.896716088,99.3897160225,28.4341650832,7.41306998393,10.147314159,0.781494193229,0.0784714994949,2.22507385851e-308
581,1134,-409.941561614,84.54583881,28.4545308725,7.41253391461,10.147314159,0.781756020283,0.0784647260677,2.22507385851e-308
581.5,1134,-415.897056211,70.9155381944,28.4591385053,7.4201737761,10.147314159,0.782045077037,0.0784875765607,2.22507385851e-308
582,1134,-427.438074235,61.5316203691,28.4395304516,7.45877200069,10.147314159,0.783794594939,0.0785972222015,2.22507385851e-308
582.5,1134,-441.996684725,58.4820513226,28.3885826581,7.50808921149,10.147314159,0.786134534808,0.0787373348413,2.22507385851e-308
583,1134,-456.333528161,62.4453745552,28.3401544967,7.55919637476,10.147314159,0.788379236024,0.0788782253974,2.22507385851e-308
583.5,1134,-467.25858924,72.5397319491,28.3171090929,7.57945931654,10.147314159,0.788774456378,0.0789441286591,2.22507385851e-308
584,1134,-472.340990327,86.5190813601,28.3203062522,7.5739878489,10.147314159,0.788215785617,0.0789361223109,2.22507385851e-308
584.5,1134,-470.449873203,101.272951591,28.3360670452,7.53399427024,10.147314159,0.785733424249,0.0788185562298,2.22507385851e-308
585,1134,-462.00602035,113.518536908,28.3541894755,7.4929470863,10.147314159,0.784040328145,0.0786738635249,2.22507385851e-308
585.5,1134,-448.888228865,120.531136806,28.3706911576,7.45369895835,10.147314159,0.782219190426,0.0785696654857,2.22507385851e-308
586,1134,-434.015269241,120.750414721,28.3856735643,7.42377557685,10.147314159,0.781265150776,0.0784850705496,2.22507385851e-308
586.5,1134,-420.696445165,114.127580283,28.4018285206,7.3998411764,10.147314159,0.780330268282,0.078425867823,2.22507385851e-308
587,1134,-411.895257829,102.136245401,28.4202066814,7.38150786683,10.147314159,0.779638438663,0.0783816096221,2.22507385851e-308
587.5,1134,-409.57001294,87.4445386601,28.4381899834,7.37416755456,10.147314159,0.779623549292,0.0783513486424,2.22507385851e-308
588,1134,-414.238088454,73.3214341233,28.447307544,7.38075493253,10.147314159,0.779929681084,0.0783719092755,2.22507385851e-308
588.5,1134,-424.860815548,62.9093891819,28.4348171047,7.41134187812,10.147314159,0.781214764037,0.0784587162745,2.22507385851e-308
589,1134,-439.074587325,58.5251329581,28.390822223,7.45590252997,10.147314159,0.783449040669,0.0785811883436,2.22507385851e-308
589.5,1134,-453.716772506,61.1441831463,28.3419102727,7.49997852426,10.147314159,0.78541553268,0.078702230515,2.22507385851e-308
590,1134,-465.529415809,70.1837887233,28.3135997223,7.5197466535,10.147314159,0.785916140047,0.0787586604415,2.22507385851e-308
590.5,1134,-471.884148366,83.6325948001,28.3136214981,7.51626886174,10.147314159,0.785429307646,0.0787530956035,2.22507385851e-308
591,1134,-471.367012204,98.4981785747,28.3287951134,7.48744020317,10.147314159,0.7836390146,0.0786686498066,2.22507385851e-308
591.5,1134,-464.093072558,111.472877523,28.3447897356,7.44102175039,10.147314159,0.781277346244,0.0785209348994,2.22507385851e-308
592,1134,-451.680815317,119.669759915,28.3587914191,7.3979934062,10.147314159,0.779174959737,0.0784021105369,2.22507385851e-308
592.5,1134,-436.892026277,121.264980748,28.3705675513,7.36429952692,10.147314159,0.777941348584,0.0783078537495,2.22507385851e-308
593,1134,-423.017280772,115.903595859,28.3833469268,7.33856445133,10.147314159,0.776853157684,0.0782429074859,2.22507385851e-308
593.5,1134,-413.143775135,104.778538681,28.3978630213,7.31845967596,10.147314159,0.776255577306,0.0781886718171,2.22507385851e-308
594,1134,-409.468410954,90.3651869229,28.412652581,7.29623350281,10.147314159,0.775140685747,0.078120908573,2.22507385851e-308
594.5,1134,-412.808974098,75.8705793515,28.4226776014,7.29519406359,10.147314159,0.774994093593,0.0781226773035,2.22507385851e-308
595,1134,-422.422173508,64.5198345356,28.4159162857,7.31561147915,10.147314159,0.776076778956,0.0781741754601,2.22507385851e-308
595.5,1134,-436.16902696,58.8385467482,28.3811150552,7.34385190203,10.147314159,0.777444006065,0.0782473054005,2.22507385851e-308
596,1134,-450.990794706,60.0908293259,28.3346372485,7.37355284365,10.147314159,0.778617122847,0.0783316621253,2.22507385851e-308
596.5,1134,-463.589563494,67.998043487,28.3044188313,7.38710329737,10.147314159,0.779037657813,0.0783645821004,2.22507385851e-308
597,1134,-471.16204783,80.8007967751,28.2999394496,7.37450028128,10.147314159,0.777846848641,0.0783369405471,2.22507385851e-308
597.5,1134,-472.023334222,95.6504161817,28.3119594603,7.35320144957,10.147314159,0.776901090496,0.0782701833066,2.22507385851e-308
598,1134,-465.981782385,109.24279133,28.3238055985,7.30061565439,10.147314159,0.773685724367,0.0781121321662,2.22507385851e-308
598.5,1134,-454.381666105,118.553554621,28.334357665,7.25206552746,10.147314159,0.77123488889,0.0779725382918,2.22507385851e-308
599,1134,-439.804065984,121.511017297,28.342059893,7.20867885339,10.147314159,0.769227660022,0.0778546441514,2.22507385851e-308
599.5,1134,-425.492566824,117.457129959,28.350855571,7.1798225251,10.147314159,0.768083133023,0.077776202412,2.22507385851e-308
600,1134,-414.631544708,107.293901664,28.3602711995,7.15573750045,10.147314159,0.767278693462,0.0777090128623,2.22507385851e-308
600.5,1134,-409.637628298,93.2826986588,28.3701366452,7.13367768216,10.147314159,0.766364390662,0.0776423071299,2.22507385851e-308
601,1134,-411.621987556,78.5410797144,28.378622277,7.12045194106,10.147314159,0.765237270427,0.0776130696235,2.22507385851e-308
601.5,1134,-420.143093185,66.3491245955,28.3716947392,7.10331580922,10.147314159,0.764100738528,0.0775545247546,2.22507385851e-308
602,1134,-433.304958982,59.4196008365,28.3468971428,7.10692005336,10.147314159,0.764194744808,0.0775587681124,2.22507385851e-308
602.5,1134,-448.179007709,59.2943601665,28.308383649,7.11643622764,10.147314159,0.764467884957,0.0775834443399,2.22507385851e-308
603,1134,-461.455693351,66.0012692255,28.2801894974,7.11738455013,10.147314159,0.764314603297,0.077578483443,2.22507385851e-308
603.5,1134,-470.180890715,78.0480091054,28.2720346407,7.10061625158,10.147314159,0.762951765637,0.0775451132887,2.22507385851e-308
604,1134,-472.413202222,92.7541233476,28.2760598206,7.06019693883,10.147314159,0.76061149568,0.0774239496503,2.22507385851e-308
604.5,1134,-467.655928031,106.847432151,28.2841081357,7.00914882992,10.147314159,0.757585267055,0.0772718093595,2.22507385851e-308
605,1134,-456.967584092,117.192107817,28.2903271495,6.95137598399,10.147314159,0.754594208097,0.0770969106673,2.22507385851e-308
605.5,1134,-442.72637736,121.486411204,28.2932899719,6.89575633165,10.147314159,0.751609823802,0.0769498116578,2.22507385851e-308
606,1134,-428.10104352,118.774839548,28.2980281301,6.85667138592,10.147314159,0.74967389777,0.0768434994317,2.22507385851e-308
606.5,1134,-416.345788353,109.660730336,28.3014995919,6.82575185717,10.147314159,0.748200966365,0.0767626118859,2.22507385851e-308
607,1134,-410.076211594,96.1720158673,28.3046467305,6.7997513298,10.147314159,0.746834202776,0.0766844420822,2.22507385851e-308
607.5,1134,-410.687323649,81.309998749,28.3079859975,6.77237968158,10.147314159,0.745123619909,0.0766064163643,2.22507385851e-308
608,1134,-418.043149205,68.3815479076,28.2991200176,6.72639411347,10.147314159,0.742199023926,0.076475242306,2.22507385851e-308
608.5,1134,-430.506982371,60.2633046504,28.2821021499,6.69582768244,10.147314159,0.740263445972,0.0763813467416,2.22507385851e-308
609,1134,-445.305561464,58.7616164031,28.2545731513,6.67480925216,10.147314159,0.739040157067,0.0763175379,2.22507385851e-308
609.5,1134,-459.146132819,64.2106158856,28.2326272563,6.66429534323,10.147314159,0.738442782312,0.0762789706479,2.22507385851e-308
610,1134,-468.949104009,75.3978750052,28.2238765061,6.6464029404,10.147314159,0.737268599512,0.0762423759704,2.22507385851e-308
610.5,1134,-472.533267696,89.8341758274,28.2223122088,6.58914264413,10.147314159,0.733572699115,0.0760854443749,2.22507385851e-308
611,1134,-469.101130551,104.30737331,28.2256426927,6.54017840697,10.147314159,0.730703804309,0.0759453348216,2.22507385851e-308
611.5,1134,-459.416359279,115.597112731,28.2275977608,6.46937768071,10.147314159,0.726600949493,0.0757286202668,2.22507385851e-308
612,1134,-445.633861182,121.191373805,28.2274198854,6.40490599034,10.147314159,0.722872148535,0.0755601299912,2.22507385851e-308
612.5,1134,-430.820307109,119.845407049,28.2286648372,6.36351577563,10.147314159,0.720751298749,0.0754588428442,2.22507385851e-308
613,1134,-418.271782731,111.858696417,28.2274381013,6.33081385266,10.147314159,0.718950979405,0.075389913453,2.22507385851e-308
613.5,1134,-410.780393925,99.0083227058,28.2238673838,6.30025937726,10.147314159,0.717100059476,0.0753227688804,2.22507385851e-308
614,1134,-410.013010044,84.1535546919,28.2188443599,6.25805853182,10.147314159,0.714414367169,0.0752163497479,2.22507385851e-308
614.5,1134,-416.140377621,70.5996483419,28.2080080721,6.19127948976,10.147314159,0.709893364546,0.0750580756218,2.22507385851e-308
615,1134,-427.799128463,61.3624117647,28.1954377869,6.12634339032,10.147314159,0.705501450725,0.0748921400762,2.22507385851e-308
615.5,1134,-442.395135502,58.4971736791,28.1792489117,6.07582402708,10.147314159,0.702513732423,0.0747730488112,2.22507385851e-308
616,1134,-456.68071831,62.6414630769,28.1656156754,6.05711678481,10.147314159,0.701664861194,0.0747385823321,2.22507385851e-308
616.5,1134,-467.477267313,72.8731560149,28.1572311613,6.03124904222,10.147314159,0.6999818125,0.0746942120888,2.22507385851e-308
617,1134,-472.382499423,86.9156525422,28.1553351034,5.99081785986,10.147314159,0.697783762726,0.0746211022138,2.22507385851e-308
617.5,1134,-470.304977352,101.644430931,28.1558075201,5.92325453102,10.147314159,0.693047196271,0.0744688252317,2.22507385851e-308
618,1134,-461.706959562,113.7822685,28.1545190777,5.85155368194,10.147314159,0.688722251884,0.0742962373822,2.22507385851e-308
618.5,1134,-448.501545576,120.628439125,28.1530653897,5.78753534636,10.147314159,0.68471188071,0.0741594933192,2.22507385851e-308
619,1134,-433.627002308,120.659637544,28.1509834033,5.74475173621,10.147314159,0.682383326565,0.0740702972214,2.22507385851e-308
619.5,1134,-420.392985812,113.86892196,28.1459628958,5.71185471524,10.147314159,0.680319217892,0.0740101470276,2.22507385851e-308
620,1134,-411.744127194,101.767258629,28.136879919,5.67815298031,10.147314159,0.678092599132,0.0739450761467,2.22507385851e-308
620.5,1134,-409.604838302,87.0473247358,28.1242005339,5.62333711074,10.147314159,0.674584166447,0.0738241911518,2.22507385851e-308
621,1134,-414.451121007,72.9843750198,28.1121084231,5.54706367264,10.147314159,0.669108406644,0.0736435276134,2.22507385851e-308
621.5,1134,-425.204654542,62.7074821399,28.101681971,5.45617712106,10.147314159,0.66255023271,0.0734229158906,2.22507385851e-308
622,1134,-439.472726963,58.5033032471,28.0933929741,5.38530574069,10.147314159,0.658366967446,0.0732668124625,2.22507385851e-308
622.5,1134,-454.08062484,61.30728798,28.0858379,5.35967816021,10.147314159,0.657323344542,0.0732248889125,2.22507385851e-308
623,1134,-465.778021977,70.4955365066,28.0786896739,5.33781560629,10.147314159,0.656213563242,0.0732027182851,2.22507385851e-308
623.5,1134,-471.962192324,84.0236201805,28.0784171658,5.30954444567,10.147314159,0.654775966673,0.0731638239519,2.22507385851e-308
624,1134,-471.257128803,98.8814765602,28.0787380475,5.24496073095,10.147314159,0.650292901922,0.0730371837293,2.22507385851e-308
624.5,1134,-463.819711373,111.763162503,28.0781468776,5.17342935973,10.147314159,0.645601839268,0.0728752746447,2.22507385851e-308
625,1134,-451.304800501,119.802442113,28.0765587429,5.11163923746,10.147314159,0.641595987807,0.0727457621948,2.22507385851e-308
625.5,1134,-436.497022901,121.210537748,28.0726904703,5.07377991647,10.147314159,0.639535279775,0.0726721477177,2.22507385851e-308
626,1134,-422.69117895,115.674141486,28.0654800433,5.04947183754,10.147314159,0.637842974552,0.0726206205894,2.22507385851e-308
626.5,1134,-412.959134062,104.425127615,28.0526613309,5.01225241261,10.147314159,0.635357967273,0.0725237635578,2.22507385851e-308
627,1134,-409.466314139,89.9664547937,28.0379291166,4.94647187796,10.147314159,0.630499304886,0.072351112952,2.22507385851e-308
627.5,1134,-412.989888093,75.515245939,28.0231397733,4.86512901393,10.147314159,0.62436664853,0.0721192277925,2.22507385851e-308
628,1134,-422.745844095,64.2869632005,28.0146993673,4.76037965517,10.147314159,0.616657738804,0.0718498262849,2.22507385851e-308
628.5,1134,-436.563435907,58.7799524613,28.0103189249,4.68096979305,10.147314159,0.611867835665,0.0716324073421,2.22507385851e-308
629,1134,-451.368184161,60.2195495924,28.0029699448,4.65417894778,10.147314159,0.610694479305,0.0715434952936,2.22507385851e-308
629.5,1134,-463.865962523,68.2854374403,27.9949596516,4.64425142966,10.147314159,0.610646005239,0.071522420882,2.22507385851e-308
630,1134,-471.275956345,81.1829179048,27.9955122679,4.6165888514,10.147314159,0.609067388306,0.0714447765153,2.22507385851e-308
630.5,1134,-471.949407041,96.0422407335,27.9991665997,4.58145526139,10.147314159,0.607262216665,0.0713559870614,2.22507385851e-308
631,1134,-465.736468654,109.557136492,28.0007685889,4.50504726273,10.147314159,0.601608514777,0.0710877803263,2.22507385851e-308
631.5,1134,-454.019549288,118.720477113,28.0015456061,4.45144666527,10.147314159,0.598274840407,0.0709264978138,2.22507385851e-308
632,1134,-439.40571878,121.493376076,27.9973623598,4.41527901256,10.147314159,0.596148081827,0.0708049301937,2.22507385851e-308
632.5,1134,-425.146623366,117.258850279,27.9898464604,4.40677485787,10.147314159,0.595728732315,0.070764606202,2.22507385851e-308
633,1134,-414.414979047,106.959101691,27.9784673646,4.38024773337,10.147314159,0.594190046178,0.0706583782267,2.22507385851e-308
633.5,1134,-409.598627315,92.8858729655,27.9631245897,4.32167334856,10.147314159,0.589753927207,0.0704431895039,2.22507385851e-308
634,1134,-411.769229154,78.1705238897,27.9516467636,4.23209894889,10.147314159,0.582312395629,0.0701660770233,2.22507385851e-308
634.5,1134,-420.443815415,66.0872890586,27.9423313232,4.0986117716,10.147314159,0.572460047783,0.0697442644807,2.22507385851e-308
635,1134,-433.692249727,59.3247452297,27.9385561027,4.0218715099,10.147314159,0.567648892551,0.0695071398028,2.22507385851e-308
635.5,1134,-448.566692952,59.3875903099,27.9266748546,4.00639117596,10.147314159,0.567399146072,0.0694341704734,2.22507385851e-308
636,1134,-461.757511297,66.2618409723,27.9132818423,4.01321772977,10.147314159,0.568601450392,0.0694497631948,2.22507385851e-308
636.5,1134,-470.329685446,78.4179440125,27.9126948949,3.9992268106,10.147314159,0.56778679326,0.0693827249768,2.22507385851e-308
637,1134,-472.375866209,93.1511091529,27.9153231619,3.96248130073,10.147314159,0.565970007938,0.0692961372821,2.22507385851e-308
637.5,1134,-467.440768713,107.18313764,27.9217965495,3.90504880388,10.147314159,0.561510261705,0.0690976270336,2.22507385851e-308
638,1134,-456.622475433,117.391836934,27.9267109052,3.85885764205,10.147314159,0.558751337944,0.0689616278948,2.22507385851e-308
638.5,1134,-442.328107664,121.505723279,27.9247102692,3.82280903588,10.147314159,0.556546248296,0.0688596044834,2.22507385851e-308
639,1134,-427.738229674,118.609437553,27.9199848113,3.82464937249,10.147314159,0.557067739177,0.0688324252706,2.22507385851e-308
639.5,1134,-416.099158149,109.347416995,27.9118502118,3.80410142755,10.147314159,0.555773006693,0.0688021952022,2.22507385851e-308
640,1134,-410.000641416,95.7805048768,27.903179284,3.75767280652,10.147314159,0.552044560706,0.06864038961,2.22507385851e-308
640.5,1134,-410.799628219,80.9274031516,27.8956369606,3.66197929059,10.147314159,0.544196295305,0.0683618281093,2.22507385851e-308
641,1134,-418.318340226,68.0929970289,27.8867772777,3.51665866917,10.147314159,0.533489805927,0.0680092857896,2.22507385851e-308
641.5,1134,-430.883828543,60.1330024221,27.8820952158,3.45702625586,10.147314159,0.52948730278,0.0679152770763,2.22507385851e-308
642,1134,-445.700212735,58.8185556859,27.863358398,3.45761129704,10.147314159,0.530245717991,0.0679679569503,2.22507385851e-308
642.5,1134,-459.470777419,64.4421274203,27.839753788,3.48581242524,10.147314159,0.532817938042,0.0680447490281,2.22507385851e-308
643,1134,-469.131506984,75.7524463832,27.8328305372,3.49573501514,10.147314159,0.533673579063,0.0681231257708,2.22507385851e-308
643.5,1134,-472.532843524,90.2329132442,27.8332217893,3.42660350245,10.147314159,0.528665074467,0.0679883620765,2.22507385851e-308
644,1134,-468.91797361,104.66155581,27.841913971,3.40394508178,10.147314159,0.527253730924,0.0679826601452,2.22507385851e-308
644.5,1134,-459.091222855,115.827933036,27.8511993293,3.35479853901,10.147314159,0.524076710566,0.0679001572691,2.22507385851e-308
645,1134,-445.239089661,121.247473308,27.8549655257,3.3259231269,10.147314159,0.52241843772,0.0678777179973,2.22507385851e-308
645.5,1134,-430.443739019,119.714303346,27.8557704937,3.32668811314,10.147314159,0.522897330321,0.0679123559031,2.22507385851e-308
646,1134,-417.997206248,111.569560702,27.8536846039,3.3068017777,10.147314159,0.521700536789,0.0678992557829,2.22507385851e-308
646.5,1134,-410.668903611,98.6254890377,27.8527418675,3.26681917742,10.147314159,0.518339573291,0.0678309004029,2.22507385851e-308
647,1134,-410.089413021,83.7622053688,27.8502112569,3.16521346949,10.147314159,0.510399263382,0.0676180739931,2.22507385851e-308
647.5,1134,-416.387673866,70.2868604345,27.8450916741,3.04403432517,10.147314159,0.50126133049,0.0674829000494,2.22507385851e-308
648,1134,-428.162293394,61.1977820581,27.8398017112,3.0105369938,10.147314159,0.498870451317,0.0674246662829,2.22507385851e-308
648.5,1134,-442.793363209,58.5173330597,27.81444074,3.03126700956,10.147314159,0.500875432413,0.0674864570033,2.22507385851e-308
649,1134,-457.025401249,62.8419259875,27.7799875249,3.07505566228,10.147314159,0.504301816703,0.067563094317,2.22507385851e-308
649.5,1134,-467.691711905,73.209318512,27.7604964277,3.07966310958,10.147314159,0.504431804029,0.0675573312931,2.22507385851e-308
650,1134,-472.418990734,87.3127168843,27.7563157306,3.04207264836,10.147314159,0.502081086841,0.0675499230202,2.22507385851e-308
650.5,1134,-470.155395892,102.014048428,27.7645139637,2.98961253864,10.147314159,0.497671532332,0.0674846290591,2.22507385851e-308
651,1134,-461.404587913,114.042197516,27.7770033265,2.94425511454,10.147314159,0.494917916178,0.0673582199395,2.22507385851e-308
651.5,1134,-448.113662856,120.720844227,27.7886022424,2.924300142,10.147314159,0.493932653873,0.067363225453,2.22507385851e-308
652,1134,-433.239914252,120.563958161,27.7960047219,2.91878067369,10.147314159,0.494158128155,0.0673893500893,2.22507385851e-308
652.5,1134,-420.092821338,113.606447206,27.8011768425,2.89724137,10.147314159,0.492756536134,0.0674305068834,2.22507385851e-308
653,1134,-411.597674315,101.396390375,27.8071894828,2.86000574818,10.147314159,0.489983112112,0.0673971035511,2.22507385851e-308
653.5,1134,-409.644683473,86.6505829183,27.8104991593,2.768055576,10.147314159,0.483247396458,0.067269669554,2.22507385851e-308
654,1134,-414.66839849,72.6500365647,27.8129325814,2.69541976271,10.147314159,0.477640187296,0.0671626416297,2.22507385851e-308
654.5,1134,-425.551019073,62.5099389308,27.8094511266,2.69181772413,10.147314159,0.477149624989,0.0671413096067,2.22507385851e-308
655,1134,-439.871110798,58.4865095801,27.7806872805,2.73285978937,10.147314159,0.480586857064,0.0672307312588,2.22507385851e-308
655.5,1134,-454.442385697,61.4749805252,27.7370803024,2.77951965761,10.147314159,0.48381952026,0.0672756865187,2.22507385851e-308
656,1134,-466.022666359,70.8104028815,27.703711092,2.77848163741,10.147314159,0.483318255811,0.0672605429883,2.22507385851e-308
656.5,1134,-472.035285701,84.4156011312,27.6928669263,2.75396395545,10.147314159,0.481748882142,0.0672020125568,2.22507385851e-308
657,1134,-471.142407554,99.2633544759,27.6965278757,2.68019363251,10.147314159,0.475480399371,0.0671362844124,2.22507385851e-308
657.5,1134,-463.542701517,112.049967746,27.7105267624,2.63378925497,10.147314159,0.472416514807,0.0670546881782,2.22507385851e-308
658,1134,-450.927138038,119.930359163,27.7281567932,2.61240892951,10.147314159,0.47129502387,0.0670374630685,2.22507385851e-308
658.5,1134,-436.102739511,121.151104458,27.7418396813,2.60015997115,10.147314159,0.471268846048,0.0670532600879,2.22507385851e-308
659,1134,-422.368004547,115.440582044,27.7540349966,2.58407352247,10.147314159,0.470282366693,0.0670646673342,2.22507385851e-308
659.5,1134,-412.778976476,104.069410098,27.7659160164,2.53756908894,10.147314159,0.466838476536,0.0671548942417,2.22507385851e-308
660,1134,-409.469259282,89.5677280281,27.7780497077,2.46919098657,10.147314159,0.461403293534,0.0671197767252,2.22507385851e-308
660.5,1134,-413.175280657,75.162228511,27.7849273723,2.44587768703,10.147314159,0.459737134694,0.0671340178045,2.22507385851e-308
661,1134,-423.07243336,64.0582031532,27.7854864749,2.47764248168,10.147314159,0.462450258565,0.0670626463503,2.22507385851e-308
661.5,1134,-436.958554221,58.7263499846,27.7591186045,2.54301936693,10.147314159,0.467701084462,0.0671774268841,2.22507385851e-308
662,1134,-451.743915834,60.3530314903,27.7104650935,2.58636486875,10.147314159,0.470233388965,0.0672250409483,2.22507385851e-308
662.5,1134,-464.138705486,68.5763033607,27.6657546968,2.58080803298,10.147314159,0.469381484998,0.0671643189652,2.22507385851e-308
663,1134,-471.385024001,81.5664488081,27.6459287135,2.53330494325,10.147314159,0.465535987375,0.0670726024567,2.22507385851e-308
663.5,1134,-471.870531323,96.4330991843,27.6462347229,2.4771198966,10.147314159,0.461222808715,0.066948655342,2.22507385851e-308
664,1134,-465.487199781,109.868354641,27.6571970195,2.40460521512,10.147314159,0.454883194167,0.0669465709818,2.22507385851e-308
664.5,1134,-453.65535076,118.882807454,27.6765435129,2.37574636591,10.147314159,0.453148619778,0.0669130383287,2.22507385851e-308
665,1134,-439.007626488,121.470699342,27.6948877224,2.35388226717,10.147314159,0.451957178328,0.0669908690826,2.22507385851e-308
665.5,1134,-424.803214722,117.056212151,27.712075345,2.34867034707,10.147314159,0.451881159446,0.0670769892853,2.22507385851e-308
666,1134,-414.202664096,106.621590108,27.7296905323,2.3240613392,10.147314159,0.450352695696,0.0672042018386,2.22507385851e-308
666.5,1134,-409.564647135,92.4885858466,27.7456042641,2.29200090644,10.147314159,0.447826513316,0.0672690939505,2.22507385851e-308
667,1134,-411.921144495,77.8018594939,27.7612602327,2.30133651944,10.147314159,0.44862637935,0.0672138260846,2.22507385851e-308
667.5,1134,-420.747824396,65.8292769534,27.7643194886,2.33826827948,10.147314159,0.452006496262,0.0671982082961,2.22507385851e-308
668,1134,-434.080708917,59.2347943257,27.7445337901,2.42016858172,10.147314159,0.458638967259,0.0672549875856,2.22507385851e-308
668.5,1134,-448.953168348,59.4857151076,27.696569232,2.47041949003,10.147314159,0.461700406409,0.0673098783662,2.22507385851e-308
669,1134,-462.0560103,66.5262082413,27.6454440674,2.4633329088,10.147314159,0.46061086589,0.0672168624284,2.22507385851e-308
669.5,1134,-470.473790619,78.7897307882,27.6181022985,2.40156331484,10.147314159,0.454927025153,0.0671515904081,2.22507385851e-308
670,1134,-472.333513472,93.5475911237,27.611794093,2.32906745589,10.147314159,0.449439360128,0.067061376256,2.22507385851e-308
670.5,1134,-467.221381749,107.516095697,27.6203309144,2.25224516473,10.147314159,0.442367048619,0.067027063251,2.22507385851e-308
671,1134,-456.274868877,117.587186339,27.6381042129,2.20765814805,10.147314159,0.43924902217,0.0670029564156,2.22507385851e-308
671.5,1134,-441.929625614,121.519997866,27.6569854218,2.17507302372,10.147314159,0.43688748287,0.0671019898841,2.22507385851e-308
672,1134,-427.377536267,118.439461161,27.677339339,2.18094858751,10.147314159,0.438158498364,0.0671553821826,2.22507385851e-308
672.5,1134,-415.856509369,109.031010172,27.6974116568,2.17413141959,10.147314159,0.43818872601,0.0672715179461,2.22507385851e-308
673,1134,-409.930027762,95.3880696345,27.7187376563,2.18368119007,10.147314159,0.439555514406,0.0672666253469,2.22507385851e-308
673.5,1134,-410.916761562,80.5462581825,27.7392748036,2.21916136274,10.147314159,0.442902884371,0.0671880296245,2.22507385851e-308
674,1134,-418.597157844,67.8079488867,27.7457418496,2.24768604932,10.147314159,0.44517698039,0.0673166144599,2.22507385851e-308
674.5,1134,-431.2622922,60.0074756634,27.7345030979,2.34209260122,10.147314159,0.452662002092,0.0673291254551,2.22507385851e-308
675,1134,-446.094112484,58.8804806066,27.6911505643,2.39965808104,10.147314159,0.456334407073,0.0674191668789,2.22507385851e-308
675.5,1134,-459.792468706,64.6777254335,27.6379558919,2.40309931183,10.147314159,0.456171563619,0.0672725101954,2.22507385851e-308
676,1134,-469.30941198,76.1092958194,27.6061798511,2.35477839302,10.147314159,0.451363823885,0.0672585089411,2.22507385851e-308
676.5,1134,-472.527377527,90.6316134203,27.591154794,2.21928827874,10.147314159,0.439959635922,0.0671581551345,2.22507385851e-308
677,1134,-468.730352832,105.013394055,27.5978569142,2.16011248334,10.147314159,0.434716507922,0.0671095589864,2.22507385851e-308
677.5,1134,-458.763193803,116.054623681,27.6123606531,2.09389189961,10.147314159,0.429668456515,0.0671224443083,2.22507385851e-308
678,1134,-444.843640348,121.298576615,27.6301245046,2.06152844824,10.147314159,0.427252790643,0.0672066961752,2.22507385851e-308
678.5,1134,-430.068858781,119.578448589,27.6511315372,2.06849828732,10.147314159,0.428775653793,0.0672319028356,2.22507385851e-308
679,1134,-417.726307708,111.276976203,27.6717483365,2.07543760252,10.147314159,0.430138763778,0.0673284282245,2.22507385851e-308
679.5,1134,-410.562262972,98.2412762301,27.6953275179,2.10523094512,10.147314159,0.433176828885,0.0672567769017,2.22507385851e-308
680,1134,-410.170758327,83.3718534141,27.7175842877,2.1389397314,10.147314159,0.436435088926,0.0672599285599,2.22507385851e-308
680.5,1134,-416.638905404,69.9772244843,27.7297038338,2.18157120281,10.147314159,0.439832374303,0.0674402634557,2.22507385851e-308
681,1134,-428.527510961,61.0377575722,27.7269116202,2.28197108086,10.147314159,0.447807063961,0.0674425180479,2.22507385851e-308
681.5,1134,-443.191304173,58.5425262411,27.6905365386,2.35133087526,10.147314159,0.452668122872,0.0674943743232,2.22507385851e-308
682,1134,-457.367521869,63.0467312345,27.6375960105,2.36296189484,10.147314159,0.452941889883,0.0673686238562,2.22507385851e-308
682.5,1134,-467.901888728,73.5481656909,27.599355681,2.30201553955,10.147314159,0.447065233425,0.0672563755343,2.22507385851e-308
683,1134,-472.450458425,87.7102108992,27.5816549482,2.18965103476,10.147314159,0.437804529988,0.0672227251298,2.22507385851e-308
683.5,1134,-470.001152742,102.381744985,27.5841749929,2.09866873889,10.147314159,0.429477433751,0.0672232238001,2.22507385851e-308
684,1134,-461.09895375,114.298282397,27.5955642355,2.0181791042,10.147314159,0.423152968377,0.067205588602,2.22507385851e-308
684.5,1134,-447.724642724,120.808337338,27.6126869263,1.99017851091,10.147314159,0.421144622934,0.0672560272712,2.22507385851e-308
685,1134,-432.854066965,120.463391871,27.6324735851,1.99416854591,10.147314159,0.422411556228,0.0672843271141,2.22507385851e-308
685.5,1134,-419.795999738,113.340197989,27.652588522,2.00618212648,10.147314159,0.423933656557,0.0673728251696,2.22507385851e-308
686,1134,-411.455922608,101.023699939,27.6763079616,2.03915822239,10.147314159,0.427214438793,0.0674069513407,2.22507385851e-308
686.5,1134,-409.689542084,86.254376643,27.6985522617,2.06783532754,10.147314159,0.430165177946,0.067510814929,2.22507385851e-308
687,1134,-414.889886165,72.3184722157,27.7176050514,2.13200617139,10.147314159,0.435642749381,0.0675359768704,2.22507385851e-308
687.5,1134,-425.899853759,62.3167911401,27.7221843916,2.23591643139,10.147314159,0.443955364035,0.0674946644076,2.22507385851e-308
688,1134,-440.269675133,58.4747546423,27.6929263094,2.31512257799,10.147314159,0.449986471134,0.0675281957772,2.22507385851e-308
688.5,1134,-454.801997236,61.6472339695,27.6419059321,2.33690475683,10.147314159,0.450960397406,0.0674348189576,2.22507385851e-308
689,1134,-466.263309837,71.1283375038,27.5979840155,2.27392516854,10.147314159,0.444909444275,0.0673568509644,2.22507385851e-308
689.5,1134,-472.103416809,84.8084749781,27.5784907104,2.1811828869,10.147314159,0.437294409346,0.0672328603509,2.22507385851e-308
690,1134,-471.022866799,99.6437512629,27.5755899211,2.0599755301,10.147314159,0.426348438931,0.0672458226119,2.22507385851e-308
690.5,1134,-463.262087282,112.333247393,27.5855567024,1.98026477621,10.147314159,0.419791273909,0.0672643617264,2.22507385851e-308
691,1134,-450.547888314,120.053490613,27.6015831674,1.94622722377,10.147314159,0.417278783738,0.0672862386775,2.22507385851e-308
691.5,1134,-435.70923915,121.086690382,27.6193102706,1.94224799191,10.147314159,0.417913160739,0.0673419461229,2.22507385851e-308
692,1134,-422.047809236,115.202954877,27.6390906486,1.9590132294,10.147314159,0.419534915266,0.067416291734,2.22507385851e-308
692.5,1134,-412.603331182,103.711443007,27.6607557487,1.97100028075,10.147314159,0.420878540064,0.0675420318233,2.22507385851e-308
693,1134,-409.477245913,89.1690703789,27.6847636234,1.9996774391,10.147314159,0.423927930497,0.0675773910867,2.22507385851e-308
693.5,1134,-413.365122149,74.8115835117,27.7073334296,2.07959147528,10.147314159,0.431066442484,0.0675998630193,2.22507385851e-308
694,1134,-423.401889085,63.8335909705,27.7185445369,2.19246973241,10.147314159,0.440500496561,0.0675174378122,2.22507385851e-308
694.5,1134,-437.354318726,58.6777478887,27.6974771654,2.28761425926,10.147314159,0.448149284355,0.0675414262439,2.22507385851e-308
695,1134,-452.11792965,60.4912536769,27.6484734255,2.31655567684,10.147314159,0.449333016586,0.0675059619695,2.22507385851e-308
695.5,1134,-464.407748774,68.8705947412,27.599834286,2.25873390531,10.147314159,0.443764107731,0.0674195454087,2.22507385851e-308
696,1134,-471.489233361,81.9513281619,27.5754152116,2.16202770562,10.147314159,0.435659730661,0.0672883244771,2.22507385851e-308
696.5,1134,-471.786719679,96.8229290394,27.5718537477,2.06288994591,10.147314159,0.427377834532,0.0672081815003,2.22507385851e-308
697,1134,-465.23401562,110.176396016,27.5784271978,1.96003359879,10.147314159,0.418032922112,0.0672988619211,2.22507385851e-308
697.5,1134,-453.289128753,119.040519688,27.5930921192,1.91547346715,10.147314159,0.414573126452,0.0673143683769,2.22507385851e-308
698,1134,-438.609852759,121.44299072,27.6093640441,1.90004427871,10.147314159,0.414071748563,0.067363694179,2.22507385851e-308
698.5,1134,-424.462395802,116.849247972,27.62865121,1.91881286431,10.147314159,0.415857338105,0.0674753330845,2.22507385851e-308
699,1134,-413.994633803,106.281420878,27.6512455053,1.94391924161,10.147314159,0.418972615113,0.0675852211199,2.22507385851e-308
699.5,1134,-409.53569319,92.0909008248,27.6747646639,1.97341197917,10.147314159,0.421822848788,0.0676277975487,2.22507385851e-308
700,1134,-412.077709289,77.4351454732,27.7013331187,2.05067808833,10.147314159,0.428552956339,0.0675348827754,2.22507385851e-308
700.5,1134,-421.055071523,65.5751295335,27.7156561915,2.15242332058,10.147314159,0.437449996489,0.0675164850333,2.22507385851e-308
701,1134,-434.470274441,59.1497625067,27.7019097183,2.25482087984,10.147314159,0.445651876258,0.0675508445208,2.22507385851e-308
701.5,1134,-449.338372103,59.5887188703,27.6558874317,2.29691341026,10.147314159,0.447878020863,0.0675464008473,2.22507385851e-308
702,1134,-462.351142632,66.7943287625,27.6042815492,2.25440581505,10.147314159,0.443627236946,0.0674497356042,2.22507385851e-308
702.5,1134,-470.613183193,79.1633099871,27.5744531421,2.15120893015,10.147314159,0.434280555029,0.0673285415039,2.22507385851e-308
703,1134,-472.286150782,93.9435058659,27.567638899,2.05839595,10.147314159,0.42697350175,0.0672834955586,2.22507385851e-308
703.5,1134,-466.997802217,107.846253084,27.5728383624,1.95478058583,10.147314159,0.417583040918,0.0672836096321,2.22507385851e-308
704,1134,-455.924820004,117.778124795,27.5861070343,1.89651114711,10.147314159,0.412848135872,0.0673272084867,2.22507385851e-308
704.5,1134,-441.530994926,121.529232684,27.6009289502,1.86673157958,10.147314159,0.410937941877,0.0673897209994,2.22507385851e-308
705,1134,-427.019020972,118.26493755,27.6203923481,1.8877810328,10.147314159,0.413255824842,0.0674676511698,2.22507385851e-308
705.5,1134,-415.617880812,108.711560459,27.6431964905,1.91836662196,10.147314159,0.416893778572,0.067526723758,2.22507385851e-308
706,1134,-409.864381922,94.9947728874,27.6697780388,1.96889867551,10.147314159,0.421906860417,0.0675303045126,2.22507385851e-308
706.5,1134,-411.038704949,80.1666247833,27.697546132,2.04737751885,10.147314159,0.428958091134,0.067429894153,2.22507385851e-308
707,1134,-418.879557479,67.5264490577,27.7119215896,2.11174441722,10.147314159,0.434245870381,0.0675363518918,2.22507385851e-308
707.5,1134,-431.642312832,59.8867444447,27.7054564358,2.22179429178,10.147314159,0.443040527707,0.0675515466372,2.22507385851e-308
708,1134,-446.487197728,58.947381264,27.6638290328,2.27629796351,10.147314159,0.446409650458,0.0675863390462,2.22507385851e-308
708.5,1134,-460.111155242,64.9173722551,27.6108856734,2.25962834518,10.147314159,0.444404008369,0.0674715380071,2.22507385851e-308
709,1134,-469.48279055,76.4683662566,27.5779752173,2.18364358962,10.147314159,0.437200401993,0.0673780385327,2.22507385851e-308
709.5,1134,-472.516870582,91.0302126069,27.5624131679,2.03299708378,10.147314159,0.424425729115,0.0673181063216,2.22507385851e-308
710,1134,-468.538298216,105.362831792,27.5676958048,1.95592835008,10.147314159,0.417533871521,0.0672811583353,2.22507385851e-308
710.5,1134,-458.432324574,116.277148423,27.5798091533,1.88355179616,10.147314159,0.411749826379,0.0673369263471,2.22507385851e-308
711,1134,-444.44757647,121.344675557,27.594252149,1.84918925937,10.147314159,0.409322019802,0.0674056372073,2.22507385851e-308
711.5,1134,-429.695726337,119.437864498,27.6133238583,1.86266931913,10.147314159,0.41109611984,0.0674589591926,2.22507385851e-308
712,1134,-417.459130426,110.980989704,27.6355229247,1.8923255503,10.147314159,0.414648482399,0.0675221186231,2.22507385851e-308
712.5,1134,-410.460489059,97.8557457151,27.6630528049,1.94900248949,10.147314159,0.420258645164,0.0674149210284,2.22507385851e-308
713,1134,-410.257032958,82.9825612415,27.6900857783,2.00917827536,10.147314159,0.425874396122,0.0673956118525,2.22507385851e-308
713.5,1134,-416.894032066,69.6707899993,27.7074916013,2.07436179597,10.147314159,0.43119370049,0.0675934055462,2.22507385851e-308
714,1134,-428.894722769,60.8823638933,27.7074899779,2.18647048365,10.147314159,0.440101873697,0.0675989739585,2.22507385851e-308
714.5,1134,-443.588894768,58.5727491951,27.6716286231,2.25632506835,10.147314159,0.444969930477,0.0676233885211,2.22507385851e-308
715,1134,-457.707025466,63.2558460715,27.617973566,2.25542745695,10.147314159,0.444100680904,0.0675078720875,2.22507385851e-308
715.5,1134,-468.107764176,73.8896433731,27.5792675741,2.18017544976,10.147314159,0.436992509942,0.0673786624886,2.22507385851e-308
716,1134,-472.476897465,88.1080710312,27.5606473345,2.0492591537,10.147314159,0.426023982216,0.0673470412768,2.22507385851e-308
716.5,1134,-469.842272564,102.747461811,27.563076029,1.95728213194,10.147314159,0.417619602974,0.0673345723086,2.22507385851e-308
717,1134,-460.790105942,114.550482196,27.5736103543,1.87136343858,10.147314159,0.410683514739,0.0673536939118,2.22507385851e-308
717.5,1134,-447.334547381,120.890904466,27.5887276721,1.83935037821,10.147314159,0.408381364518,0.0674041818087,2.22507385851e-308
718,1134,-432.469522141,120.357954753,27.607356723,1.84605315435,10.147314159,0.409592313503,0.067457581788,2.22507385851e-308
718.5,1134,-419.502568471,113.070216881,27.6286701653,1.87061987368,10.147314159,0.412271348743,0.0675424324277,2.22507385851e-308
719,1134,-411.318894739,100.64924691,27.655327642,1.9212301938,10.147314159,0.417223084691,0.067547063989,2.22507385851e-308
719.5,1134,-409.73940696,85.8587692598,27.6811619478,1.96583545228,10.147314159,0.421880215728,0.0676039637991,2.22507385851e-308
720,1134,-415.115548616,71.9897349871,27.7032168809,2.04390480549,10.147314159,0.428568565034,0.0676492112244,2.22507385851e-308
720.5,1134,-426.251102826,62.1280696503,27.7092210816,2.15797065116,10.147314159,0.437700007629,0.0676161400075,2.22507385851e-308
721,1134,-440.66835624,58.4680403132,27.6792801751,2.23870647963,10.147314159,0.443772639165,0.0676360154373,2.22507385851e-308
721.5,1134,-455.159401956,61.824020771,27.6270137212,2.25546407623,10.147314159,0.444299785684,0.0675448266324,2.22507385851e-308
722,1134,-466.499913934,71.4492895385,27.5822836175,2.18265201337,10.147314159,0.437358662467,0.0674551722476,2.22507385851e-308
722.5,1134,-472.166574756,85.2021789041,27.5622388779,2.0799887193,10.147314159,0.42892321857,0.0673412584038,2.22507385851e-308
723,1134,-470.898525654,100.022606099,27.5591405944,1.95241759172,10.147314159,0.417202863341,0.0673517996241,2.22507385851e-308
723.5,1134,-462.977913535,112.612956152,27.5689105064,1.87114891189,10.147314159,0.410516876853,0.0673890302541,2.22507385851e-308
724,1134,-450.167111966,120.171816775,27.5842722973,1.83418119132,10.147314159,0.407701690605,0.067416857233,2.22507385851e-308
724.5,1134,-435.316584735,121.017305818,27.6017632398,1.83160062755,10.147314159,0.408346769909,0.0674824104326,2.22507385851e-308
725,1134,-421.730644214,114.96129798,27.6224646144,1.85246833997,10.147314159,0.410354716677,0.0675573341683,2.22507385851e-308
725.5,1134,-412.432226266,103.351283577,27.6463303473,1.87402501047,10.147314159,0.412586000073,0.067656224479,2.22507385851e-308
726,1134,-409.490272754,88.7705455881,27.672645929,1.91620195791,10.147314159,0.417023703454,0.0676990149062,2.22507385851e-308
726.5,1134,-413.559382214,74.4633670062,27.6975279804,2.00625639066,10.147314159,0.425205380373,0.0677023489674,2.22507385851e-308
727,1134,-423.734158593,63.6131625657,27.7096344604,2.12949532727,10.147314159,0.435447154118,0.0676233262827,2.22507385851e-308
727.5,1134,-437.750666144,58.6341539447,27.6873834527,2.22784959836,10.147314159,0.443294174248,0.0676373536387,2.22507385851e-308
728,1134,-452.490165808,60.6341940518,27.6369618178,2.25545977852,10.147314159,0.444374681409,0.0675932573617,2.22507385851e-308
728.5,1134,-464.67304937,69.1682645272,27.5872810628,2.19045676823,10.147314159,0.438153869489,0.0675046303204,2.22507385851e-308
729,1134,-471.58856776,82.3374944273,27.5622849374,2.08636917903,10.147314159,0.429466047055,0.067363799104,2.22507385851e-308
729.5,1134,-471.69798551,97.2116679682,27.558372887,1.97931965453,10.147314159,0.420416350175,0.0672944268868,2.22507385851e-308
730,1134,-464.976956654,110.481211362,27.5651170407,1.87569159127,10.147314159,0.41080832153,0.0674107741262,2.22507385851e-308
730.5,1134,-452.920941822,119.1935886,27.5800306868,1.83044927882,10.147314159,0.407295409641,0.0674287715621,2.22507385851e-308
731,1134,-438.212461193,121.410254642,27.5964770824,1.81565730275,10.147314159,0.406835900559,0.067486287509,2.22507385851e-308
731.5,1134,-424.124221099,116.637990836,27.6165208333,1.8352055443,10.147314159,0.408663880453,0.067588873212,2.22507385851e-308
732,1134,-413.790921429,105.938648393,27.6403013119,1.86399959348,10.147314159,0.412100103295,0.0677077238807,2.22507385851e-308
732.5,1134,-409.511770111,91.6928814863,27.6658342054,1.89880912722,10.147314159,0.415439823053,0.0677294226884,2.22507385851e-308
733,1134,-412.238898501,77.0704404619,27.6936801981,1.98414396774,10.147314159,0.423008579915,0.0676342712371,2.22507385851e-308
733.5,1134,-421.365507667,65.3248874351,27.7093665669,2.10411974896,10.147314159,0.433601388302,0.0675987930822,2.22507385851e-308
734,1134,-434.86088401,59.0696633685,27.6944185987,2.21003234854,10.147314159,0.442062136669,0.0676315172503,2.22507385851e-308
734.5,1134,-449.722242625,59.6965851286,27.6468399751,2.25097184024,10.147314159,0.444150750247,0.067615979178,2.22507385851e-308
735,1134,-462.642861105,67.066159666,27.5940727844,2.20151537056,10.147314159,0.439287087419,0.0675153229921,2.22507385851e-308
735.5,1134,-470.74784088,79.5386218771,27.5636291042,2.09170856451,10.147314159,0.429411816398,0.0673908219957,2.22507385851e-308
736,1134,-472.233785713,94.3387900763,27.5572282927,1.99659261344,10.147314159,0.421881015613,0.0673382448876,2.22507385851e-308
736.5,1134,-466.770065866,108.173557014,27.5622156858,1.88746210938,10.147314159,0.411833081295,0.067378600391,2.22507385851e-308
737,1134,-455.572384784,117.964621774,27.5758754407,1.82922233431,10.147314159,0.407062740937,0.0674230068682,2.22507385851e-308
737.5,1134,-441.132279336,121.533426256,27.5912133426,1.80058071376,10.147314159,0.405268624592,0.0674975712412,2.22507385851e-308
738,1134,-426.662741112,118.085894624,27.6110724595,1.82134831447,10.147314159,0.407540504372,0.0675598514677,2.22507385851e-308
738.5,1134,-415.383310632,108.389118933,27.6352189195,1.85555784625,10.147314159,0.411726520743,0.0676053557809,2.22507385851e-308
739,1134,-409.803714394,94.6006775202,27.6630071616,1.91234352544,10.147314159,0.417191645747,0.0676416483103,2.22507385851e-308
739.5,1134,-411.165438883,79.788563654,27.6919211686,1.99827977399,10.147314159,0.424821969501,0.0675345025755,2.22507385851e-308
740,1134,-419.165493978,67.2485425514,27.707178688,2.07291722262,10.147314159,0.431136190269,0.067596480165,2.22507385851e-308
740.5,1134,-432.023829675,59.77082807,27.6997734905,2.18724818491,10.147314159,0.440290227697,0.0676124743151,2.22507385851e-308
741,1134,-446.879405618,59.0192469612,27.6566458366,2.24193582277,10.147314159,0.443632252803,0.0676378024236,2.22507385851e-308
741.5,1134,-460.426786073,65.1610295676,27.6026277162,2.21859311898,10.147314159,0.440999845888,0.067525161429,2.22507385851e-308
742,1134,-469.651614973,76.8296002828,27.5692273296,2.13639425061,10.147314159,0.43326636105,0.0674365712703,2.22507385851e-308
742.5,1134,-472.501324366,91.4286470717,27.553886527,1.98578261531,10.147314159,0.420415478428,0.067388565554,2.22507385851e-308
743,1134,-468.341840468,105.709813147,27.5592769158,1.90226564697,10.147314159,0.412879198573,0.0673566082979,2.22507385851e-308
743.5,1134,-458.098668069,116.49547168,27.5719321086,1.83109431853,10.147314159,0.407225063923,0.0674166062121,2.22507385851e-308
744,1134,-444.050961356,121.385762761,27.5867147065,1.79665333082,10.147314159,0.40481685839,0.0674923711644,2.22507385851e-308
744.5,1134,-429.324401346,119.292573553,27.6061096235,1.81056938365,10.147314159,0.406629062195,0.0675383602506,2.22507385851e-308
745,1134,-417.195717122,110.68164853,27.629197078,1.84282929445,10.147314159,0.410445069873,0.0675942081624,2.22507385851e-308
745.5,1134,-410.363598144,97.4689591356,27.6577167527,1.90419725266,10.147314159,0.416548380713,0.0674830460169,2.22507385851e-308
746,1134,-410.348223118,82.5943910955,27.6860432518,1.97123808722,10.147314159,0.422807384009,0.0674362596872,2.22507385851e-308
746.5,1134,-417.15301306,69.3676059756,27.7039925131,2.0442753945,10.147314159,0.428863052854,0.0676402313625,2.22507385851e-308
747,1134,-429.263870105,60.7316258677,27.703185393,2.15986309296,10.147314159,0.437997915827,0.067640148997,2.22507385851e-308
747.5,1134,-443.98607142,58.6079970893,27.6659560791,2.22996659041,10.147314159,0.442845298026,0.0676654271556,2.22507385851e-308
748,1134,-458.043857757,63.4692370628,27.6114214685,2.22586104843,10.147314159,0.441703261929,0.0675458826757,2.22507385851e-308
748.5,1134,-468.309305332,74.2336969592,27.5726926532,2.14690384088,10.147314159,0.434278182085,0.0674170628449,2.22507385851e-308
749,1134,-472.498303628,88.506233666,27.5538314296,2.00560821084,10.147314159,0.422287384765,0.0673928955969,2.22507385851e-308
749.5,1134,-469.678780761,103.11114043,27.5566131533,1.91760158773,10.147314159,0.414261521386,0.0673873108761,2.22507385851e-308
750,1134,-460.478093871,114.79875659,27.5677674722,1.83234287656,10.147314159,0.407388689244,0.0674161269614,2.22507385851e-308
750.5,1134,-446.943439199,120.968532412,27.5828903846,1.79769497576,10.147314159,0.404829503224,0.0674703856181,2.22507385851e-308
751,1134,-432.086341265,120.247663666,27.6019222313,1.8057493648,10.147314159,0.406161791527,0.0675184293742,2.22507385851e-308
751.5,1134,-419.212574453,112.796547048,27.6239152876,1.83337641008,10.147314159,0.409200409377,0.0675921622535,2.22507385851e-308
752,1134,-411.186612617,100.273091161,27.6514544246,1.88792918232,10.147314159,0.41450573943,0.0675817704374,2.22507385851e-308
752.5,1134,-409.794270129,85.4638240229,27.6784738762,1.9389019325,10.147314159,0.419791202879,0.0676111657673,2.22507385851e-308
753,1134,-415.345349763,71.6638774409,27.7005731935,2.01944875331,10.147314159,0.426672342917,0.067677330016,2.22507385851e-308
753.5,1134,-426.604710111,61.9438046363,27.7058460703,2.13666151037,10.147314159,0.436054673523,0.0676519950552,2.22507385851e-308
754,1134,-441.067090375,58.4663676663,27.6746584658,2.21749101331,10.147314159,0.442056083479,0.0676710256084,2.22507385851e-308
754.5,1134,-455.514542713,62.005312663,27.6215154622,2.23242484014,10.147314159,0.442420844925,0.0675717599025,2.22507385851e-308
755,1134,-466.73244082,71.7732076682,27.5768741998,2.15594588012,10.147314159,0.435161543678,0.0674781900244,2.22507385851e-308
755.5,1134,-472.224749442,85.5966499593,27.5567823222,2.0477956726,10.147314159,0.426268144202,0.0673865856412,2.22507385851e-308
756,1134,-470.769403997,100.399858409,27.5539349152,1.91553665077,10.147314159,0.414009649734,0.0673897041914,2.22507385851e-308
756.5,1134,-462.690225714,112.889049297,27.5641543507,1.83770472982,10.147314159,0.407691616716,0.067435193325,2.22507385851e-308
757,1134,-449.784869878,120.285318729,27.5796668834,1.80068472486,10.147314159,0.404847900671,0.067466581984,2.22507385851e-308
757.5,1134,-434.924839047,120.94296186,27.5975658321,1.79965610894,10.147314159,0.405603721696,0.0675309373904,2.22507385851e-308
758,1134,-421.416560191,114.715649992,27.6185533986,1.82062319658,10.147314159,0.407671116102,0.0676044822456,2.22507385851e-308
758.5,1134,-412.265689085,102.988989394,27.643465868,1.84744833574,10.147314159,0.410386587149,0.0676852556836,2.22507385851e-308
759,1134,-409.508337722,88.3722173762,27.670058147,1.8940267263,10.147314159,0.41523925282,0.0677498734734,2.22507385851e-308
759.5,1134,-413.758029791,74.1176346714,27.6954444937,1.98676072578,10.147314159,0.423676669924,0.0677316257687,2.22507385851e-308
760,1134,-424.069188757,63.3969531836,27.7071660221,2.11307997768,10.147314159,0.434117771966,0.0676587862989,2.22507385851e-308
760.5,1134,-438.147533101,58.5955751228,27.683519487,2.21084425994,10.147314159,0.44188128393,0.0676660012032,2.22507385851e-308
761,1134,-452.860564789,60.7818297601,27.6323377449,2.23727408272,10.147314159,0.442909331481,0.0676154600048,2.22507385851e-308
761.5,1134,-464.934564853,69.469265124,27.5825787105,2.1685332959,10.147314159,0.43635648482,0.0675271607068,2.22507385851e-308
762,1134,-471.683011318,82.7248858598,27.5580734079,2.06302308392,10.147314159,0.427582367585,0.0673823941641,2.22507385851e-308
762.5,1134,-471.604343004,97.5992538149,27.5540610679,1.94979410805,10.147314159,0.417904484316,0.0673353656764,2.22507385851e-308
763,1134,-464.716063984,110.782751944,27.5613670373,1.84841608401,10.147314159,0.408494474055,0.0674491476742,2.22507385851e-308
763.5,1134,-452.550848838,119.341989714,27.5764979786,1.80367595236,10.147314159,0.405011563695,0.0674662761933,2.22507385851e-308
764,1134,-437.81551533,121.372496341,27.5932715441,1.79093603852,10.147314159,0.404753941588,0.0675272280195,2.22507385851e-308
764.5,1134,-423.788744684,116.422474519,27.6136446415,1.81068768829,10.147314159,0.406589412217,0.0676280057754,2.22507385851e-308
765,1134,-413.591559548,105.593327459,27.6379152644,1.84098920239,10.147314159,0.41011044567,0.067749467545,2.22507385851e-308
765.5,1134,-409.492881722,91.2945914711,27.6641040703,1.87577943548,10.147314159,0.413495986989,0.0677496288987,2.22507385851e-308
766,1134,-412.40468636,76.7078027732,27.6916659631,1.9637653602,10.147314159,0.421299819357,0.0676734884049,2.22507385851e-308
766.5,1134,-421.679083193,65.0785906695,27.707616899,2.09223580857,10.147314159,0.432637656862,0.0676251651057,2.22507385851e-308
767,1134,-435.25247517,58.9945097184,27.6913693761,2.19754943554,10.147314159,0.44104701253,0.0676579447907,2.22507385851e-308
767.5,1134,-450.104718537,59.8092966357,27.6428944635,2.23691095754,10.147314159,0.443001124451,0.067635023452,2.22507385851e-308
768,1134,-462.931119075,67.3416574882,27.5899150243,2.18299485305,10.147314159,0.437743389732,0.067536654808,2.22507385851e-308
768.5,1134,-470.87774215,79.9156064492,27.5599398354,2.07289914372,10.147314159,0.427929473921,0.0674120117977,2.22507385851e-308
769,1134,-472.176426636,94.7333805525,27.5541260898,1.97631133418,10.147314159,0.42024098789,0.0673423990703,2.22507385851e-308
769.5,1134,-466.538209109,108.497955151,27.5591389083,1.86434684364,10.147314159,0.409871415878,0.0674134075397,2.22507385851e-308
770,1134,-455.217619568,118.146647457,27.5731402431,1.80739763222,10.147314159,0.405175754363,0.0674626060751,2.22507385851e-308
770.5,1134,-440.733542596,121.532577911,27.5888345947,1.78042631687,10.147314159,0.403557578579,0.0675326308724,2.22507385851e-308
771,1134,-426.308753654,117.902361012,27.6088887148,1.80159649608,10.147314159,0.405833849628,0.0675904285064,2.22507385851e-308
771.5,1134,-415.152836335,108.063737148,27.6333879322,1.83727690512,10.147314159,0.410145502802,0.0676512939049,2.22507385851e-308
772,1134,-409.748034876,94.2058465452,27.6615356616,1.89456395525,10.147314159,0.415638908463,0.0677087433659,2.22507385851e-308
772.5,1134,-411.296943101,79.4121352434,27.690542391,1.98252884749,10.147314159,0.423445640501,0.0675855915637,2.22507385851e-308
773,1134,-419.454921621,66.9742738024,27.7058277394,2.0622019525,10.147314159,0.430249789763,0.06761728785,2.22507385851e-308
773.5,1134,-432.406781729,59.6597450734,27.6973787733,2.17753961949,10.147314159,0.439506965939,0.0676331054252,2.22507385851e-308
774,1134,-447.270673443,59.0960662077,27.6532009177,2.23107102375,10.147314159,0.4427270679,0.0676530028861,2.22507385851e-308
774.5,1134,-460.739310732,65.4086584124,27.5987268849,2.20149109332,10.147314159,0.439524977903,0.0675432000052,2.22507385851e-308
775,1134,-469.815858256,77.1929401397,27.5656833115,2.11642767715,10.147314159,0.431565747448,0.0674570552982,2.22507385851e-308
775.5,1134,-472.480741367,91.8268531083,27.5511431051,1.97207011394,10.147314159,0.419258310933,0.0674149973156,2.22507385851e-308
776,1134,-468.141011001,106.054282641,27.5567911437,1.88296027328,10.147314159,0.411157116074,0.0673867082108,2.22507385851e-308
776.5,1134,-457.762277639,116.709558544,27.5697728576,1.81266609792,10.147314159,0.405609355517,0.0674456402808,2.22507385851e-308
777,1134,-443.653858419,121.421831658,27.5848456361,1.77962231314,10.147314159,0.403365302023,0.0675210261866,2.22507385851e-308
777.5,1134,-428.954943181,119.142598983,27.6044771895,1.79476361128,10.147314159,0.405279168889,0.0675703222503,2.22507385851e-308
778,1134,-416.936109912,110.379000543,27.6278633517,1.82725818941,10.147314159,0.409126722091,0.0676163541263,2.22507385851e-308
778.5,1134,-410.271605719,97.0809783354,27.6566864929,1.89121128764,10.147314159,0.415523305065,0.0675083719728,2.22507385851e-308
779,1134,-410.444314227,82.2074050411,27.6855635547,1.96135946447,10.147314159,0.421999954673,0.0674506554775,2.22507385851e-308
779.5,1134,-417.415806977,69.0677208898,27.7032859165,2.03657944607,10.147314159,0.428292395108,0.0676505748109,2.22507385851e-308
780,1134,-429.634893943,60.5855675969,27.7013891911,2.15295169039,10.147314159,0.437463121823,0.0676486951357,2.22507385851e-308
780.5,1134,-444.382770627,58.6482642879,27.6630121128,2.22140157872,10.147314159,0.442133332424,0.0676778733496,2.22507385851e-308
781,1134,-458.377964886,63.6868700891,27.6080422581,2.21399398791,10.147314159,0.44073493991,0.067555184068,2.22507385851e-308
781.5,1134,-468.50647997,74.5802714381,27.5700459098,2.13491500698,10.147314159,0.433304915101,0.0674278347556,2.22507385851e-308
782,1134,-472.514673489,88.9046351408,27.5514132083,1.98718235423,10.147314159,0.420669703638,0.0674080592014,2.22507385851e-308
782.5,1134,-469.510703473,103.472722692,27.5546995443,1.9038210515,10.147314159,0.413110046074,0.0674000218227,2.22507385851e-308
783,1134,-460.162967424,115.043065882,27.5663952545,1.82055949852,10.147314159,0.406426303672,0.0674344202538,2.22507385851e-308
783.5,1134,-446.551380714,121.041208763,27.5814393776,1.78321709999,10.147314159,0.403599833095,0.0674952110104,2.22507385851e-308
784,1134,-431.704585605,120.132536244,27.6007709782,1.79294941784,10.147314159,0.405088575696,0.0675378157352,2.22507385851e-308
784.5,1134,-418.926064053,112.519232249,27.6230825587,1.82178342183,10.147314159,0.408304672292,0.0676091807381,2.22507385851e-308
785,1134,-411.059097392,99.8952928351,27.6510575957,1.87895388113,10.147314159,0.413870131832,0.0675784361839,2.22507385851e-308
785.5,1134,-409.854122819,85.0696040805,27.6785904351,1.93289774439,10.147314159,0.41938016809,0.0675934216828,2.22507385851e-308
786,1134,-415.579252862,71.3409516791,27.7000704423,2.01332176138,10.147314159,0.426225055057,0.0676814357536,2.22507385851e-308
786.5,1134,-426.960619076,61.7640255605,27.7043835405,2.13126161434,10.147314159,0.435657737984,0.0676643129011,2.22507385851e-308
787,1134,-441.465813782,58.4697369692,27.6720441503,2.2102951316,10.147314159,0.44143857101,0.0676823650803,2.22507385851e-308
787.5,1134,-455.867362723,62.1910806587,27.618413618,2.22364301752,10.147314159,0.441683969142,0.0675775105339,2.22507385851e-308
788,1134,-466.960853316,72.1000401012,27.5743446539,2.14539955826,10.147314159,0.434269880561,0.0674803832795,2.22507385851e-308
788.5,1134,-472.277931565,85.9918250714,27.5546001915,2.03437171042,10.147314159,0.425134323608,0.0674078441039,2.22507385851e-308
789,1134,-470.635522476,100.775447873,27.5523199432,1.90033425062,10.147314159,0.412670902447,0.0673988313603,2.22507385851e-308
789.5,1134,-462.399069818,113.161482686,27.5627638158,1.82428092853,10.147314159,0.406560589871,0.0674549085582,2.22507385851e-308
790,1134,-449.401223167,120.393978328,27.5785240007,1.78857328278,10.147314159,0.403837768381,0.0674853356679,2.22507385851e-308
790.5,1134,-434.534064725,120.863670396,27.5966676771,1.78848590591,10.147314159,0.404634209725,0.0675486312116,2.22507385851e-308
791,1134,-421.105607387,114.466050189,27.6178275504,1.8097827112,10.147314159,0.406784883175,0.0676211825704,2.22507385851e-308
791.5,1134,-412.103746266,102.624618387,27.6435375428,1.8424092838,10.147314159,0.410051750271,0.0676909700722,2.22507385851e-308
792,1134,-409.53143793,87.9741494323,27.6699743492,1.89174108212,10.147314159,0.415162347969,0.067767034692,2.22507385851e-308
792.5,1134,-413.96103312,73.7744417867,27.6952866766,1.98336326363,10.147314159,0.423430397596,0.0677373431952,2.22507385851e-308
793,1134,-424.406926008,63.184997394,27.7060094868,2.10830487018,10.147314159,0.433693113587,0.0676748528152,2.22507385851e-308
793.5,1134,-438.544856143,58.5620175915,27.6811242492,2.20475438142,10.147314159,0.441329246694,0.0676765771333,2.22507385851e-308
794,1134,-453.22906737,60.9341371961,27.6293915363,2.22947885994,10.147314159,0.44224984273,0.0676185578502,2.22507385851e-308
794.5,1134,-465.192253411,69.7735484043,27.5799898138,2.15809631227,10.147314159,0.435472424951,0.0675318507612,2.22507385851e-308
795,1134,-471.772548932,83.1134405188,27.55634977,2.05441319651,10.147314159,0.426887210021,0.0673864829635,2.22507385851e-308
795.5,1134,-471.505807134,97.985624608,27.5524226284,1.93644408662,10.147314159,0.416664744413,0.0673566824247,2.22507385851e-308
796,1134,-464.451379325,111.080969547,27.5602603307,1.83662951671,10.147314159,0.407489421258,0.067460107934,2.22507385851e-308
796.5,1134,-452.178908975,119.485699303,27.5756141517,1.79298885647,10.147314159,0.404088122188,0.0674827753044,2.22507385851e-308
797,1134,-437.419078638,121.329721854,27.5927327898,1.78299570789,10.147314159,0.404115275155,0.0675443521846,2.22507385851e-308
797.5,1134,-423.456020197,116.202733483,27.613250655,1.80224234829,10.147314159,0.405882682239,0.0676416216637,2.22507385851e-308
798,1134,-413.396580034,105.245513289,27.6376974413,1.83322823454,10.147314159,0.409382260029,0.0677670683882,2.22507385851e-308
798.5,1134,-409.479031043,90.8960944621,27.6641935515,1.86734228046,10.147314159,0.412771974098,0.0677493827786,2.22507385851e-308
799,1134,-412.575046358,76.3472903896,27.6912058638,1.95809501426,10.147314159,0.42084724843,0.0677037683655,2.22507385851e-308
799.5,1134,-421.995747964,64.8362786175,27.7068701607,2.08957732647,10.147314159,0.43239544269,0.0676393598776,2.22507385851e-308
800,1134,-435.644985308,58.9243135728,27.6893841712,2.19369897817,10.147314159,0.440714276389,0.0676691294723,2.22507385851e-308
800.5,1134,-450.485738686,59.9268353701,27.6402746,2.23157501257,10.147314159,0.442555797321,0.0676388758354,2.22507385851e-308
801,1134,-463.215870453,67.6207781796,27.5873303483,2.17338799577,10.147314159,0.436893806077,0.067543772547,2.22507385851e-308
801.5,1134,-471.002866232,80.294203427,27.5579733349,2.06286647268,10.147314159,0.427138772724,0.0674271289612,2.22507385851e-308
802,1134,-472.114082725,95.1272142028,27.5527742437,1.96633990944,10.147314159,0.419421792392,0.0673363286978,2.22507385851e-308
802.5,1134,-466.302269018,108.819395629,27.5581701098,1.85406363762,10.147314159,0.409007787135,0.0674305785719,2.22507385851e-308
803,1134,-454.860581081,118.32417274,27.5724859473,1.79811599723,10.147314159,0.404364192201,0.0674805174513,2.22507385851e-308
803.5,1134,-440.334848461,121.526687785,27.5885682739,1.773565555,10.147314159,0.40300206225,0.0675448123871,2.22507385851e-308
804,1134,-425.957115196,117.714366059,27.6087208904,1.79475823895,10.147314159,0.405238516963,0.0676060305936,2.22507385851e-308
804.5,1134,-414.926494771,107.735467131,27.6333332894,1.83122587688,10.147314159,0.409603187577,0.0676797567937,2.22507385851e-308
805,1134,-409.697352272,93.8103430924,27.6613330813,1.8869600212,10.147314159,0.414933115911,0.0677520236535,2.22507385851e-308
805.5,1134,-411.433196575,79.0373997389,27.6902247742,1.97568732054,10.147314159,0.422799297588,0.067615903506,2.22507385851e-308
806,1134,-419.747794133,66.703686664,27.7053371556,2.0597631091,10.147314159,0.430028803755,0.0676262706199,2.22507385851e-308
806.5,1134,-432.791107762,59.5535132158,27.6958308332,2.17561365274,10.147314159,0.439345691095,0.0676439514916,2.22507385851e-308
807,1134,-447.660938643,59.1778267206,27.6507493075,2.22717075007,10.147314159,0.442375776254,0.0676574072022,2.22507385851e-308
807.5,1134,-461.04867925,65.6602191958,27.5961493404,2.19259787509,10.147314159,0.438719712297,0.0675519310155,2.22507385851e-308
808,1134,-469.975494137,77.5583277325,27.5635977265,2.10470009242,10.147314159,0.430551317587,0.0674673166074,2.22507385851e-308
808.5,1134,-472.455124874,92.2247670473,27.5500643557,1.96690979546,10.147314159,0.418909067956,0.0674207862494,2.22507385851e-308
809,1134,-467.935841925,106.396185198,27.555945604,1.87258331024,10.147314159,0.410262464744,0.0674001329763,2.22507385851e-308
809.5,1134,-457.423207068,116.919374786,27.5692812343,1.80433742198,10.147314159,0.404898448451,0.0674589324763,2.22507385851e-308
810,1134,-443.256331154,121.452876482,27.5846032691,1.77240140908,10.147314159,0.402760358581,0.0675334471771,2.22507385851e-308
810.5,1134,-428.587410914,118.987964769,27.6044461119,1.78909569956,10.147314159,0.404798570593,0.0675856031223,2.22507385851e-308
811,1134,-416.680350307,110.073094133,27.6280350652,1.82148565599,10.147314159,0.408654936996,0.0676246799834,2.22507385851e-308
811.5,1134,-410.184526494,96.6918653492,27.6567868958,1.88608862758,10.147314159,0.415116648856,0.0675272601516,2.22507385851e-308
812,1134,-410.54529092,81.8216649539,27.6861832246,1.96119752373,10.147314159,0.42201291815,0.0674592577849,2.22507385851e-308
812.5,1134,-417.682371799,68.7711826908,27.7032418607,2.03614888476,10.147314159,0.428298156274,0.0676462319095,2.22507385851e-308
813,1134,-430.007734963,60.4442124344,27.7002997141,2.15297863039,10.147314159,0.437491911542,0.0676504340476,2.22507385851e-308
813.5,1134,-444.778928958,58.6935443525,27.6608561155,2.21878787849,10.147314159,0.441893041448,0.0676795230232,2.22507385851e-308
814,1134,-458.709293431,63.9087103528,27.605629009,2.20771528398,10.147314159,0.440213569975,0.0675566135018,2.22507385851e-308
814.5,1134,-468.699256565,74.9293113956,27.568509255,2.12898772926,10.147314159,0.432825505614,0.0674319989291,2.22507385851e-308
815,1134,-472.526004431,89.3032117548,27.5502842692,1.97674857578,10.147314159,0.419746574367,0.0674117683383,2.22507385851e-308
815.5,1134,-469.338067575,103.832150786,27.5541055485,1.89611071489,10.147314159,0.412462903913,0.0674018828432,2.22507385851e-308
816,1134,-459.844776988,115.283371009,27.5660497267,1.81213839711,10.147314159,0.405704244975,0.0674435822917,2.22507385851e-308
816.5,1134,-446.158434613,121.108921897,27.5812746819,1.77653386179,10.147314159,0.403053250936,0.0675076326855,2.22507385851e-308
817,1134,-431.324316199,120.012590895,27.6008740785,1.78822253219,10.147314159,0.40471294981,0.0675458300316,2.22507385851e-308
817.5,1134,-418.64308308,112.238316823,27.6233696264,1.8176964598,10.147314159,0.408048046874,0.0676154394455,2.22507385851e-308
818,1134,-410.936369454,99.5159123392,27.6515778482,1.87632724879,10.147314159,0.413770554891,0.0675684850769,2.22507385851e-308
818.5,1134,-409.918955461,84.676172465,27.6793735365,1.93400583829,10.147314159,0.419540867047,0.0675696020104,2.22507385851e-308
819,1134,-415.817220515,71.0210093345,27.7000921913,2.01242757161,10.147314159,0.426178799362,0.0676798399611,2.22507385851e-308
819.5,1134,-427.318772814,61.588761168,27.7034263989,2.13051997328,10.147314159,0.435623955336,0.0676682547341,2.22507385851e-308
820,1134,-441.864462709,58.478147683,27.67002952,2.20752111488,10.147314159,0.441169521479,0.0676864428112,2.22507385851e-308
820.5,1134,-456.217805573,62.3812950553,27.6160371209,2.21864779042,10.147314159,0.441252593987,0.0675797809497,2.22507385851e-308
821,1134,-467.1851149,72.4297345799,27.5726208989,2.13860941698,10.147314159,0.433670692438,0.0674725235229,2.22507385851e-308
821.5,1134,-472.326112624,86.3876410553,27.5533744517,2.02608456482,10.147314159,0.424429563864,0.0674186772919,2.22507385851e-308
822,1134,-470.496902495,101.149314439,27.5518921958,1.89315655575,10.147314159,0.412042144053,0.0674084224962,2.22507385851e-308
822.5,1134,-462.104492398,113.430212758,27.5623857666,1.81655436787,10.147314159,0.405923528073,0.0674630047631,2.22507385851e-308
823,1134,-449.016233174,120.497778197,27.5783883985,1.78247864568,10.147314159,0.403360432296,0.0674935391631,2.22507385851e-308
823.5,1134,-434.144324248,120.779444103,27.5967825836,1.78408425312,10.147314159,0.404252095643,0.0675574513904,2.22507385851e-308
824,1134,-420.797835522,114.212538481,27.6181190954,1.80605010498,10.147314159,0.406500142242,0.0676291804086,2.22507385851e-308
824.5,1134,-411.946423704,102.258228815,27.6445134145,1.84569013238,10.147314159,0.410413930323,0.0676859109325,2.22507385851e-308
825,1134,-409.559569683,87.5764054041,27.6708078451,1.89564121907,10.147314159,0.415586575242,0.0677711565157,2.22507385851e-308
825.5,1134,-414.168359741,73.4338432256,27.6957279558,1.98558293481,10.147314159,0.423654181007,0.0677353086693,2.22507385851e-308
826,1134,-424.747316345,62.9773290868,27.7054194547,2.10895741941,10.147314159,0.433743759233,0.067680042326,2.22507385851e-308
826.5,1134,-438.942571741,58.5334867163,27.6792348042,2.20236962174,10.147314159,0.441071701863,0.0676815020876,2.22507385851e-308
827,1134,-453.595614631,61.0910920072,27.6270439603,2.22507537568,10.147314159,0.441859249767,0.0676159811058,2.22507385851e-308
827.5,1134,-465.446073841,70.0810657158,27.5781711912,2.15171282723,10.147314159,0.434908743562,0.067531709841,2.22507385851e-308
828,1134,-471.857166288,83.503096278,27.5553465677,2.04910728664,10.147314159,0.42642626849,0.0673878825974,2.22507385851e-308
828.5,1134,-471.402393654,98.3707185701,27.5515049904,1.92692102119,10.147314159,0.415666855631,0.0673771401765,2.22507385851e-308
829,1134,-464.182944997,111.375816488,27.5600732175,1.83085684535,10.147314159,0.407031167134,0.0674560887914,2.22507385851e-308
829.5,1134,-451.805181704,119.624694389,27.5755035368,1.78718221336,10.147314159,0.403588866202,0.0674901287372,2.22507385851e-308
830,1134,-437.023214503,121.281938022,27.5929537897,1.78015999839,10.147314159,0.403917972812,0.0675528028223,2.22507385851e-308
830.5,1134,-423.126100838,115.97880286,27.6136488739,1.7995634917,10.147314159,0.405683251875,0.0676461885932,2.22507385851e-308
831,1134,-413.206014064,104.895261496,27.6381793628,1.83065802428,10.147314159,0.409096847237,0.0677731550601,2.22507385851e-308
831.5,1134,-409.470220289,90.4974541755,27.6649269435,1.86628073182,10.147314159,0.412704235845,0.0677528589186,2.22507385851e-308
832,1134,-412.749951255,75.9889609538,27.691281627,1.95804646776,10.147314159,0.420875256535,0.0677283120726,2.22507385851e-308
832.5,1134,-422.315451347,64.5979900225,27.7064217619,2.08912964356,10.147314159,0.43231889465,0.067645585668,2.22507385851e-308
833,1134,-436.038351666,58.8590861553,27.687797671,2.19305194984,10.147314159,0.440646328044,0.0676755248279,2.22507385851e-308
833.5,1134,-450.865242148,60.0491825382,27.6380869973,2.22835864375,10.147314159,0.44225697353,0.0676404607549,2.22507385851e-308
834,1134,-463.497069709,67.9034771111,27.5854899388,2.16826426466,10.147314159,0.436436658226,0.0675431152972,2.22507385851e-308
834.5,1134,-471.123193121,80.674352276,27.5567280553,2.05706534143,10.147314159,0.426710749031,0.0674351488329,2.22507385851e-308
835,1134,-472.046763945,95.5202280568,27.5519075494,1.95907837688,10.147314159,0.418811715819,0.0673293879357,2.22507385851e-308
835.5,1134,-466.062283316,109.137827051,27.5577643537,1.84637939779,10.147314159,0.408323145745,0.0674481846288,2.22507385851e-308
836,1134,-454.501326408,118.497169236,27.5724845684,1.79324258903,10.147314159,0.403969470985,0.0674868381422,2.22507385851e-308
836.5,1134,-439.936260677,121.51575682,27.5888908253,1.77110556553,10.147314159,0.402833432337,0.0675497604583,2.22507385851e-308
837,1134,-425.607881963,117.521939823,27.6091682985,1.79277654644,10.147314159,0.405067868522,0.0676200882003,2.22507385851e-308
837.5,1134,-414.704322131,107.404361369,27.6337564064,1.82868495008,10.147314159,0.409349487247,0.0676992846581,2.22507385851e-308
838,1134,-409.651674685,93.4142303994,27.6613980617,1.88222936082,10.147314159,0.414455512975,0.0677800883714,2.22507385851e-308
838.5,1134,-411.57417752,78.6644170576,27.6902667186,1.97198068983,10.147314159,0.422402831407,0.0676381895971,2.22507385851e-308
839,1134,-420.044064685,66.4368244006,27.7052142822,2.0606742385,10.147314159,0.430075245092,0.067634559406,2.22507385851e-308
839.5,1134,-433.176746325,59.452149483,27.6945882322,2.17599570023,10.147314159,0.439370745757,0.0676507850478,2.22507385851e-308
840,1134,-448.050138817,59.2645154271,27.6487308856,2.22540344973,10.147314159,0.442198932245,0.0676576958865,2.22507385851e-308
840.5,1134,-461.354842161,65.9156716955,27.5942081509,2.18719297112,10.147314159,0.438218416705,0.0675514704321,2.22507385851e-308
841,1134,-470.130497092,77.925704639,27.5619061107,2.0932974238,10.147314159,0.429579158307,0.0674659183227,2.22507385851e-308
841.5,1134,-472.424478985,92.6223252656,27.5496930744,1.96428148725,10.147314159,0.418818641954,0.0674134558274,2.22507385851e-308
842,1134,-467.726366047,106.735466149,27.5557054556,1.86662932628,10.147314159,0.409814483889,0.0674078148036,2.22507385851e-308
842.5,1134,-457.081510571,117.124886858,27.569364371,1.80006543391,10.147314159,0.404552648696,0.0674654167536,2.22507385851e-308
843,1134,-442.858443122,121.478892268,27.5848127464,1.76858328905,10.147314159,0.40244575769,0.0675397331062,2.22507385851e-308
843.5,1134,-428.22186331,118.828695635,27.6048635085,1.78705600123,10.147314159,0.404625505669,0.0675925054792,2.22507385851e-308
844,1134,-416.428479198,109.763978212,27.6287852756,1.82101419221,10.147314159,0.408653699407,0.0676304857029,2.22507385851e-308
844.5,1134,-410.102374391,96.3016823928,27.6573223148,1.88444220199,10.147314159,0.414991155094,0.0675424317783,2.22507385851e-308
845,1134,-410.651137053,81.4372325103,27.6869148376,1.96336265422,10.147314159,0.422171713915,0.0674781345035,2.22507385851e-308
845.5,1134,-417.952664903,68.4780387925,27.7034246377,2.03773499804,10.147314159,0.428446193658,0.0676401755275,2.22507385851e-308
846,1134,-430.382333548,60.3075829817,27.6994686747,2.15501316995,10.147314159,0.437683882917,0.0676487759686,2.22507385851e-308
846.5,1134,-445.174483071,58.7438300433,27.6590459987,2.21806102522,10.147314159,0.441802992239,0.0676785421764,2.22507385851e-308
847,1134,-459.037790416,64.1347223836,27.6036704819,2.20330128829,10.147314159,0.439845837133,0.0675550628084,2.22507385851e-308
847.5,1134,-468.887604293,75.2807610233,27.5673690036,2.12475360265,10.147314159,0.432480382251,0.0674380002155,2.22507385851e-308
848,1134,-472.532294644,89.7018997791,27.5496446711,1.97024173807,10.147314159,0.419175198047,0.0674151224034,2.22507385851e-308
848.5,1134,-469.160900671,104.18936724,27.5539451249,1.88966930245,10.147314159,0.411904109593,0.0674001417351,2.22507385851e-308
849,1134,-459.523573438,115.519633547,27.5661216866,1.80662838302,10.147314159,0.40522823905,0.0674490284082,2.22507385851e-308
849.5,1134,-445.764663723,121.17166099,27.5814989975,1.77297171953,10.147314159,0.402767462378,0.0675157536619,2.22507385851e-308
850,1134,-430.94559385,119.887846798,27.6012351166,1.78580414641,10.147314159,0.404530064201,0.0675512222077,2.22507385851e-308
850.5,1134,-418.363676781,111.953845686,27.6239894504,1.81676817271,10.147314159,0.408063067129,0.0676179796795,2.22507385851e-308
851,1134,-410.818448425,99.1350103329,27.6523706925,1.87620418311,10.147314159,0.41385688428,0.0675543215224,2.22507385851e-308
851.5,1134,-409.988757687,84.2835920825,27.6803200537,1.93732931916,10.147314159,0.419891064299,0.0675428528643,2.22507385851e-308
852,1134,-416.059214672,70.7041015631,27.7002665478,2.01389212081,10.147314159,0.426314897458,0.067679225719,2.22507385851e-308
852.5,1134,-427.67911406,61.418039482,27.7026947313,2.13156353294,10.147314159,0.43571829047,0.0676697561621,2.22507385851e-308
853,1134,-442.262973417,58.4915984629,27.6683503675,2.20699829855,10.147314159,0.44108687021,0.0676878806984,2.22507385851e-308
853.5,1134,-456.565815229,62.5759254392,27.6140379651,2.21518540733,10.147314159,0.440936891037,0.0675803543556,2.22507385851e-308
854,1134,-467.405189716,72.7622383892,27.5713110673,2.1336714859,10.147314159,0.433220616994,0.0674633545937,2.22507385851e-308
854.5,1134,-472.369284913,86.7840346235,27.5524061709,2.0184282307,10.147314159,0.423756954299,0.0674218150197,2.22507385851e-308
855,1134,-470.353566221,101.521398327,27.5518805732,1.89191894531,10.147314159,0.411950371976,0.067420584299,2.22507385851e-308
855.5,1134,-461.806540557,113.695196546,27.5624232664,1.8116257469,10.147314159,0.405504255106,0.0674663663113,2.22507385851e-308
856,1134,-448.629961456,120.596701741,27.5785812144,1.77922355974,10.147314159,0.40312389031,0.0674998556743,2.22507385851e-308
856.5,1134,-433.755679934,120.690296448,27.5971879719,1.78220335126,10.147314159,0.404085151126,0.0675631306389,2.22507385851e-308
857,1134,-420.493293804,113.955155401,27.6187607764,1.80562013279,10.147314159,0.406514144047,0.0676363936284,2.22507385851e-308
857.5,1134,-411.793746552,101.889879259,27.6455267192,1.84992936805,10.147314159,0.410881312132,0.0676773217132,2.22507385851e-308
858,1134,-409.592728484,87.1790488873,27.6717388384,1.89967240415,10.147314159,0.416010709434,0.0677674339638,2.22507385851e-308
858.5,1134,-414.379976504,73.0958934469,27.696209117,1.98814943954,10.147314159,0.423913463859,0.0677306612635,2.22507385851e-308
859,1134,-425.090305343,62.7739814663,27.7050034155,2.11081379799,10.147314159,0.43389506947,0.0676795382401,2.22507385851e-308
859.5,1134,-439.340616303,58.5099870591,27.6776220074,2.20166176267,10.147314159,0.44095872622,0.0676847108646,2.22507385851e-308
860,1134,-453.960147965,61.2526690978,27.6250305168,2.22197840352,10.147314159,0.441586803152,0.0676109749538,2.22507385851e-308
860.5,1134,-465.69598556,70.3917678891,27.5768172129,2.14807040255,10.147314159,0.434580508523,0.0675310422223,2.22507385851e-308
861,1134,-471.936849854,83.8937908348,27.5546354431,2.04520169057,10.147314159,0.426076171692,0.0673878187435,2.22507385851e-308
861.5,1134,-471.294119099,98.7544741282,27.5507451686,1.91792457795,10.147314159,0.414653917109,0.0674029608406,2.22507385851e-308
862,1134,-463.910803921,111.667245625,27.5600830502,1.82632173335,10.147314159,0.40663768088,0.0674572011243,2.22507385851e-308
862.5,1134,-451.429726778,119.758952747,27.5757207406,1.78418202273,10.147314159,0.403344311643,0.0674930141774,2.22507385851e-308
863,1134,-436.627986222,121.229152483,27.5933579649,1.77876707706,10.147314159,0.403826744535,0.067558581869,2.22507385851e-308
863.5,1134,-422.799039358,115.750718455,27.6142625543,1.7993121711,10.147314159,0.405701500528,0.067646762537,2.22507385851e-308
864,1134,-413.019892106,104.542628082,27.6387463599,1.82909681083,10.147314159,0.408892309344,0.0677714202454,2.22507385851e-308
864.5,1134,-409.466450869,90.0987343503,27.6657105109,1.86746883763,10.147314159,0.412823824207,0.0677553676491,2.22507385851e-308
865,1134,-412.929373085,75.6328717596,27.6916889134,1.9608511945,10.147314159,0.42117841678,0.0677442449745,2.22507385851e-308
865.5,1134,-422.638142224,64.363762985,27.706077378,2.09009526497,10.147314159,0.432363682877,0.0676501837705,2.22507385851e-308
866,1134,-436.432511348,58.7988378953,27.6864160263,2.19380752659,10.147314159,0.440697352679,0.0676787523565,2.22507385851e-308
866.5,1134,-451.243168245,60.1763185778,27.6361109316,2.22584313329,10.147314159,0.442005929626,0.0676412240101,2.22507385851e-308
867,1134,-463.774671882,68.1897090818,27.5840329515,2.16512842607,10.147314159,0.436161157359,0.0675415093345,2.22507385851e-308
867.5,1134,-471.238703577,81.0559922138,27.5558975078,2.05301195945,10.147314159,0.426443439655,0.067434347363,2.22507385851e-308
868,1134,-471.974481062,95.9123592751,27.5513601408,1.95273955848,10.147314159,0.418276146869,0.0673275790593,2.22507385851e-308
868.5,1134,-465.818290377,109.453198504,27.5576775925,1.84128877384,10.147314159,0.407864069918,0.0674579047074,2.22507385851e-308
869,1134,-454.139912993,118.665609287,27.5727162893,1.78999074124,10.147314159,0.403712831209,0.0674901880662,2.22507385851e-308
869.5,1134,-439.537842975,121.499786763,27.589407265,1.77051931567,10.147314159,0.402830983475,0.0675522368587,2.22507385851e-308
870,1134,-425.261109794,117.325113071,27.6097998294,1.79249347401,10.147314159,0.405042684586,0.0676327455083,2.22507385851e-308
870.5,1134,-414.486353938,107.070472804,27.6343442695,1.82757041913,10.147314159,0.409218478563,0.0677157517328,2.22507385851e-308
871,1134,-409.611009419,93.0175718011,27.6614413117,1.87797906056,10.147314159,0.414010563901,0.0677951291004,2.22507385851e-308
871.5,1134,-411.719863395,78.293246836,27.6903793088,1.96865986554,10.147314159,0.422030115825,0.067655456368,2.22507385851e-308
872,1134,-420.343685906,66.1737296811,27.7053129004,2.06410482938,10.147314159,0.430364160171,0.0676354610011,2.22507385851e-308
872.5,1134,-433.563635757,59.3556700821,27.6934568632,2.17733219283,10.147314159,0.439463611086,0.067655596986,2.22507385851e-308
873,1134,-448.438211736,59.3561184665,27.6469066964,2.2246305551,10.147314159,0.4420999762,0.0676564794394,2.22507385851e-308
873.5,1134,-461.657750512,66.1749750669,27.5925730316,2.18342293524,10.147314159,0.437879713498,0.0675501370366,2.22507385851e-308
874,1134,-470.280842337,78.2950121188,27.5604951682,2.08291558322,10.147314159,0.428714574214,0.0674585457934,2.22507385851e-308
874.5,1134,-472.388808599,93.0194641973,27.549693945,1.96242627859,10.147314159,0.418775155188,0.0674045165858,2.22507385851e-308
875,1134,-467.512616858,107.072071246,27.5556448201,1.86011597332,10.147314159,0.409319445727,0.0674116991229,2.22507385851e-308
875.5,1134,-456.737242782,117.326061899,27.5696516763,1.79712915459,10.147314159,0.404333377914,0.067468477369,2.22507385851e-308
876,1134,-442.460257941,121.499874857,27.5852023479,1.76623721063,10.147314159,0.402265796998,0.0675438407194,2.22507385851e-308
876.5,1134,-427.858358818,118.664817047,27.6054470245,1.7866777735,10.147314159,0.404601817874,0.0675976400253,2.22507385851e-308
877,1134,-416.18053686,109.451702206,27.6296617333,1.82191860051,10.147314159,0.408791249774,0.0676325469242,2.22507385851e-308
877.5,1134,-410.025162546,95.9104918529,27.6578834973,1.88321289711,10.147314159,0.414864789274,0.0675700031629,2.22507385851e-308
878,1134,-410.761835701,81.0541691777,27.6874949722,1.96559171035,10.147314159,0.422333410416,0.0674990038835,2.22507385851e-308
878.5,1134,-418.226643074,68.1883360659,27.7036753787,2.04054423034,10.147314159,0.428672973885,0.0676377675724,2.22507385851e-308
879,1134,-430.758629805,60.1757010846,27.698696769,2.15758115666,10.147314159,0.437910902136,0.0676456648712,2.22507385851e-308
879.5,1134,-445.569369722,58.79911332,27.6573635321,2.2181386341,10.147314159,0.441781720147,0.06767629119,2.22507385851e-308
880,1134,-459.363403318,64.3648700442,27.6020019107,2.20044897596,10.147314159,0.439602576786,0.0675537747343,2.22507385851e-308
880.5,1134,-469.071493039,75.6345641275,27.5664382917,2.12153220955,10.147314159,0.432191233332,0.0674438805526,2.22507385851e-308
881,1134,-472.533543121,90.100635467,27.5491901272,1.96490311515,10.147314159,0.418687794776,0.0674166749759,2.22507385851e-308
881.5,1134,-468.979231086,104.54431494,27.5539941616,1.88432184819,10.147314159,0.411442869397,0.0673965985995,2.22507385851e-308
882,1134,-459.199408132,115.751815721,27.566432153,1.8035004285,10.147314159,0.404941287581,0.0674522215037,2.22507385851e-308
882.5,1134,-445.370131005,121.229416009,27.5819105179,1.77096643376,10.147314159,0.402612404089,0.0675219668483,2.22507385851e-308
883,1134,-430.568479112,119.758323898,27.6017235279,1.78479581546,10.147314159,0.404456340825,0.067555564932,2.22507385851e-308
883.5,1134,-418.087889831,111.665864323,27.624668673,1.81644539307,10.147314159,0.408117862287,0.0676176516354,2.22507385851e-308
884,1134,-410.70535316,98.752647719,27.6531788337,1.87712040409,10.147314159,0.414035663154,0.0675397248727,2.22507385851e-308
884.5,1134,-410.063518337,83.8919257032,27.6812481004,1.94065801193,10.147314159,0.42023747464,0.0675163564498,2.22507385851e-308
885,1134,-416.30519664,70.3902790358,27.7004789842,2.01586041836,10.147314159,0.426480766674,0.0676764613015,2.22507385851e-308
885.5,1134,-428.041585198,61.2518877995,27.7020363141,2.13344238251,10.147314159,0.435858146394,0.0676704393968,2.22507385851e-308
886,1134,-442.661282186,58.5100871584,27.6668456632,2.20797119951,10.147314159,0.441134887626,0.0676882967345,2.22507385851e-308
886.5,1134,-456.91133605,62.7749406907,27.6122016808,2.21236524786,10.147314159,0.440668234228,0.0675793149113,2.22507385851e-308
887,1134,-467.621042574,73.0974983644,27.570312296,2.13097605432,10.147314159,0.432976379978,0.0674546204108,2.22507385851e-308
887.5,1134,-472.407441531,87.1809423963,27.5514438111,2.01004369648,10.147314159,0.422947432228,0.0674266329856,2.22507385851e-308
888,1134,-470.20553657,101.891640045,27.5518927035,1.89147610595,10.147314159,0.41191050672,0.0674279055448,2.22507385851e-308
888.5,1134,-461.505261933,113.95639168,27.5626342191,1.80794076167,10.147314159,0.405183457575,0.067465827311,2.22507385851e-308
889,1134,-448.242469775,120.690733143,27.5789050048,1.7769801741,10.147314159,0.402971580559,0.0675030644269,2.22507385851e-308
889.5,1134,-433.368193922,120.596241685,27.5977245289,1.7814004283,10.147314159,0.404019415625,0.0675657377193,2.22507385851e-308
890,1134,-420.192030928,113.693942103,27.619485187,1.80595591308,10.147314159,0.406587310322,0.0676425072557,2.22507385851e-308
890.5,1134,-411.645739223,101.519628617,27.6465772931,1.85487886258,10.147314159,0.411411287229,0.0676669225544,2.22507385851e-308
891,1134,-409.63090903,86.7821434158,27.6727980629,1.90428511382,10.147314159,0.416506790691,0.0677515301935,2.22507385851e-308
891.5,1134,-414.595849575,72.7606464857,27.6967497936,1.99168537892,10.147314159,0.424247107433,0.0677261039945,2.22507385851e-308
892,1134,-425.435838161,62.5749870461,27.7046185791,2.11314566673,10.147314159,0.434081349805,0.0676777692253,2.22507385851e-308
892.5,1134,-439.738926186,58.4915223771,27.676090346,2.20146854248,10.147314159,0.440887866834,0.0676865691783,2.22507385851e-308
893,1134,-454.322609085,61.418842633,27.6231834593,2.22006282233,10.147314159,0.441421001895,0.0676072707002,2.22507385851e-308
893.5,1134,-465.941948608,70.7056052459,27.575613092,2.14466793129,10.147314159,0.434280363425,0.0675281509673,2.22507385851e-308
894,1134,-472.011586891,84.2854617206,27.5540271488,2.04092705913,10.147314159,0.42569344939,0.0673867017746,2.22507385851e-308
894.5,1134,-471.181000782,99.136829923,27.55028748,1.91062646722,10.147314159,0.413826443444,0.0674227836454,2.22507385851e-308
895,1134,-463.634999609,111.955210361,27.5602121657,1.82242211964,10.147314159,0.406290422421,0.0674608979845,2.22507385851e-308
895.5,1134,-451.052604232,119.888452911,27.5761694521,1.78313625595,10.147314159,0.403281963688,0.0674954280728,2.22507385851e-308
896,1134,-436.233456987,121.171373678,27.593907502,1.77837885121,10.147314159,0.403799415742,0.0675622801903,2.22507385851e-308
896.5,1134,-422.47488805,115.518516738,27.6149601845,1.79984173641,10.147314159,0.405786167662,0.0676457701399,2.22507385851e-308
897,1134,-412.838243922,104.18766943,27.6393407144,1.82734428633,10.147314159,0.408674913722,0.0677647995079,2.22507385851e-308
897.5,1134,-409.467723385,89.6999987384,27.6665131863,1.8690504922,10.147314159,0.412981115216,0.0677561054472,2.22507385851e-308
898,1134,-413.113283161,75.2790797424,27.6921227796,1.96425101995,10.147314159,0.421563844403,0.0677563710825,2.22507385851e-308
898.5,1134,-422.963769001,64.1336349556,27.7057684669,2.09195732997,10.147314159,0.432487316287,0.0676551818755,2.22507385851e-308
899,1134,-436.82740133,58.7435784259,27.6850824753,2.19507374169,10.147314159,0.440762201053,0.0676804570739,2.22507385851e-308
899.5,1134,-451.61945655,60.3082231611,27.6342684333,2.22415107442,10.147314159,0.441827556247,0.0676405694548,2.22507385851e-308
900,1134,-464.048632586,68.4794283256,27.5826731574,2.16196474182,10.147314159,0.435879543603,0.0675381905576,2.22507385851e-308
900.5,1134,-471.34937913,81.4390622195,27.5553827829,2.05065887852,10.147314159,0.426340453965,0.0674278505157,2.22507385851e-308
901,1134,-471.897245633,96.3035451592,27.5510776294,1.94698206071,10.147314159,0.417774923468,0.0673260865285,2.22507385851e-308
901.5,1134,-465.570329212,109.765459562,27.5577688945,1.83652177623,10.147314159,0.407431668928,0.0674629553601,2.22507385851e-308
902,1134,-453.776398622,118.82946596,27.5731183171,1.78813056745,10.147314159,0.403584102822,0.0674921011631,2.22507385851e-308
902.5,1134,-439.13965906,121.478780168,27.5900001342,1.77063954949,10.147314159,0.40288353571,0.0675537534024,2.22507385851e-308
903,1134,-424.916854134,117.123917275,27.6105204861,1.79326659618,10.147314159,0.40510441803,0.0676454348775,2.22507385851e-308
903.5,1134,-414.272625042,106.73385482,27.6350741539,1.82840538704,10.147314159,0.409256045316,0.067731842042,2.22507385851e-308
904,1134,-409.575362976,92.6204307197,27.6614688245,1.87373799075,10.147314159,0.413563927986,0.0677937328611,2.22507385851e-308
904.5,1134,-411.870230905,77.923948421,27.6904876487,1.96507043774,10.147314159,0.421625080628,0.0676671147304,2.22507385851e-308
905,1134,-420.646609889,65.9144445722,27.7054691999,2.0678544454,10.147314159,0.430684266332,0.0676329096317,2.22507385851e-308
905.5,1134,-433.951714198,59.2640904392,27.6923968599,2.17948832403,10.147314159,0.439624435459,0.0676589932648,2.22507385851e-308
906,1134,-448.825095351,59.4526211924,27.6451747953,2.22445373464,10.147314159,0.442050999458,0.0676542700618,2.22507385851e-308
906.5,1134,-461.957355871,66.4380878496,27.5910718905,2.18004342419,10.147314159,0.437574714986,0.0675489736441,2.22507385851e-308
907,1134,-470.426505834,78.666191123,27.5591844476,2.07287242409,10.147314159,0.427863127562,0.0674458701326,2.22507385851e-308
907.5,1134,-472.348119418,93.4161203432,27.5499534172,1.96157342162,10.147314159,0.418811735405,0.0673981477452,2.22507385851e-308
908,1134,-467.294628535,107.40594667,27.5558810211,1.85635983279,10.147314159,0.409076857276,0.0674206494578,2.22507385851e-308
908.5,1134,-456.390458747,117.522867744,27.5701033388,1.79560789114,10.147314159,0.404210651693,0.0674719304513,2.22507385851e-308
909,1134,-442.061839277,121.515820894,27.5857342462,1.76492107117,10.147314159,0.402170911578,0.0675479431226,2.22507385851e-308
909.5,1134,-427.496955559,118.496355207,27.6061249648,1.7870066465,10.147314159,0.404642662677,0.0676022559786,2.22507385851e-308
910,1134,-415.936562934,109.136316044,27.6305587061,1.82298470893,10.147314159,0.408947953822,0.0676342065894,2.22507385851e-308
910.5,1134,-409.952903304,95.5183562776,27.6585302365,1.88278538984,10.147314159,0.414814404106,0.0676026470827,2.22507385851e-308
911,1134,-410.877369165,80.6725362045,27.688168736,1.9685725981,10.147314159,0.422553482655,0.0675209297303,2.22507385851e-308
911.5,1134,-418.504262503,67.902120832,27.7038710507,2.04358252914,10.147314159,0.428893051785,0.0676346594388,2.22507385851e-308
912,1134,-431.136563566,60.0485878299,27.6979213944,2.16033989985,10.147314159,0.438135671631,0.0676426855014,2.22507385851e-308
912.5,1134,-445.96352577,58.8593853433,27.6557202354,2.21853542367,10.147314159,0.441787137511,0.0676731632036,2.22507385851e-308
913,1134,-459.686080074,64.599116536,27.6005659504,2.19929889265,10.147314159,0.439503558454,0.0675526909171,2.22507385851e-308
913.5,1134,-469.250893401,75.9906641381,27.5656043577,2.11902018,10.147314159,0.43195811314,0.067450670946,2.22507385851e-308
914,1134,-472.529749663,90.4993550642,27.5488413887,1.95990973182,10.147314159,0.418220940164,0.0674173848231,2.22507385851e-308
914.5,1134,-468.79308787,104.896937133,27.5541196436,1.87952066819,10.147314159,0.411028304544,0.0673931571835,2.22507385851e-308
915,1134,-458.872332901,115.979880407,27.5668770781,1.80193324047,10.147314159,0.404790042541,0.067455787577,2.22507385851e-308
915.5,1134,-444.974899542,121.28217772,27.5823809511,1.76927192831,10.147314159,0.402479741209,0.067527233524,2.22507385851e-308
916,1134,-430.193032282,119.624042904,27.6022326489,1.7838450647,10.147314159,0.404379493318,0.0675624030281,2.22507385851e-308
916.5,1134,-417.815766325,111.37441878,27.6254129979,1.81713816058,10.147314159,0.408254273342,0.067619875119,2.22507385851e-308
917,1134,-410.597101741,98.3688856339,27.6540417356,1.87868363274,10.147314159,0.414266535378,0.0675253891319,2.22507385851e-308
917.5,1134,-410.143225458,83.5012359512,27.6820959542,1.9441611273,10.147314159,0.420585911566,0.0674961789822,2.22507385851e-308
918,1134,-416.55512709,70.0795919298,27.7007446834,2.01771838757,10.147314159,0.426639063441,0.0676729624685,2.22507385851e-308
918.5,1134,-428.406128272,61.0903326865,27.7014144264,2.13610338722,10.147314159,0.436077501847,0.067671510971,2.22507385851e-308
919,1134,-443.059325331,58.5336108132,27.6653780107,2.209373924,10.147314159,0.441221869578,0.0676892147274,2.22507385851e-308
919.5,1134,-457.254312787,62.9783089892,27.6104678188,2.20993871585,10.147314159,0.4404260379,0.0675773690648,2.22507385851e-308
920,1134,-467.832638963,73.4354609006,27.5694087585,2.12859238704,10.147314159,0.432764865371,0.0674487781464,2.22507385851e-308
920.5,1134,-472.440576375,87.5783009114,27.5504349262,2.00048329549,10.147314159,0.422020267781,0.0674293777327,2.22507385851e-308
921,1134,-470.052837211,102.259980395,27.5520343727,1.89176384811,10.147314159,0.411941308709,0.0674290646069,2.22507385851e-308
921.5,1134,-461.200704699,114.213756399,27.5629842975,1.80497380769,10.147314159,0.404943116168,0.067466142402,2.22507385851e-308
922,1134,-447.853820086,120.779857366,27.579302629,1.77515369574,10.147314159,0.402861233515,0.0675057643066,2.22507385851e-308
922.5,1134,-432.981928169,120.497294854,27.5983616863,1.78139604914,10.147314159,0.404044229311,0.0675643972423,2.22507385851e-308
923,1134,-419.894095063,113.428940353,27.6202804334,1.80702185715,10.147314159,0.406756683482,0.0676405288056,2.22507385851e-308
923.5,1134,-411.50242538,101.147536088,27.6476204119,1.85930166831,10.147314159,0.411891965594,0.0676524061581,2.22507385851e-308
924,1134,-409.674105217,86.3857524511,27.6739944594,1.90935319398,10.147314159,0.417053197657,0.0677240999113,2.22507385851e-308
924.5,1134,-414.815944436,72.4281559452,27.6973492229,1.9961798576,10.147314159,0.424685662864,0.067720927744,2.22507385851e-308
925,1134,-425.783859551,62.3803776436,27.7042109189,2.11577559868,10.147314159,0.434296558823,0.0676759017873,2.22507385851e-308
925.5,1134,-440.137437704,58.4780956229,27.6745950711,2.20168801666,10.147314159,0.440852540352,0.0676884110031,2.22507385851e-308
926,1134,-454.682940038,61.5895860432,27.621369608,2.21835182311,10.147314159,0.441271542933,0.067603463201,2.22507385851e-308
926.5,1134,-466.183923658,71.0225276062,27.5745627436,2.14206813334,10.147314159,0.434046663812,0.0675193116172,2.22507385851e-308
927,1134,-472.081365449,84.6780463106,27.5534353444,2.03567082782,10.147314159,0.425230769401,0.067386391412,2.22507385851e-308
927.5,1134,-471.06305679,99.5177248194,27.5500736004,1.904381071,10.147314159,0.413160240531,0.0674315279445,2.22507385851e-308
928,1134,-463.35557616,112.239664652,27.5603616118,1.81799737229,10.147314159,0.405906051101,0.0674626549861,2.22507385851e-308
928.5,1134,-450.673874363,120.013174175,27.5766648533,1.78222736761,10.147314159,0.403239236597,0.0674969466507,2.22507385851e-308
929,1134,-435.83968988,121.108610846,27.5945311299,1.7784196985,10.147314159,0.403807848721,0.0675645799106,2.22507385851e-308
929.5,1134,-422.153698745,115.282234835,27.6157673103,1.80146069931,10.147314159,0.405971397886,0.0676450282094,2.22507385851e-308
930,1134,-412.661098554,103.830442295,27.6401209198,1.82704839848,10.147314159,0.408634363145,0.0677512904354,2.22507385851e-308
930.5,1134,-409.474037634,89.301311094,27.6673109655,1.87100109468,10.147314159,0.413177863385,0.0677568837398,2.22507385851e-308
931,1134,-413.301652078,74.9276414706,27.6926449418,1.96759835901,10.147314159,0.421954931185,0.0677592483026,2.22507385851e-308
931.5,1134,-423.292279611,63.9076427298,27.7054686592,2.09420576299,10.147314159,0.432640199862,0.0676609714642,2.22507385851e-308
932,1134,-437.222958475,58.6933165827,27.6837426856,2.19643396841,10.147314159,0.440824779852,0.0676815401082,2.22507385851e-308
932.5,1134,-451.994046898,60.4448751976,27.6325636913,2.22385462972,10.147314159,0.441788869878,0.0676397920786,2.22507385851e-308
933,1134,-464.318908017,68.772588519,27.5813142345,2.15831426261,10.147314159,0.435525555477,0.0675429573109,2.22507385851e-308
933.5,1134,-471.455202086,81.8235010437,27.5549785199,2.04882728138,10.147314159,0.426276204439,0.0674170843435,2.22507385851e-308
934,1134,-471.815070006,96.6937231621,27.5508287188,1.94066306129,10.147314159,0.4172304946,0.0673286837004,2.22507385851e-308
934.5,1134,-465.318439468,110.074560297,27.5580161435,1.83244870236,10.147314159,0.407070609161,0.0674683542476,2.22507385851e-308
935,1134,-453.410841417,118.988713055,27.5736056928,1.78672438307,10.147314159,0.403504582781,0.0674932372318,2.22507385851e-308
935.5,1134,-438.741772597,121.452740394,27.5906432563,1.77118635641,10.147314159,0.402981502425,0.0675551327869,2.22507385851e-308
936,1134,-424.575170028,116.918384603,27.6112177461,1.79358463889,10.147314159,0.405125861555,0.0676559092541,2.22507385851e-308
936.5,1134,-414.063169619,106.394561241,27.6356703044,1.82743341038,10.147314159,0.409119901521,0.0677458657712,2.22507385851e-308
937,1134,-409.544741055,92.2228706544,27.6616670478,1.86975636137,10.147314159,0.413136642167,0.067790613486,2.22507385851e-308
937.5,1134,-412.025256008,77.5565808601,27.690515786,1.96114762706,10.147314159,0.421204343084,0.0676785444102,2.22507385851e-308
938,1134,-420.9527882,65.6590105311,27.7056377159,2.07204236888,10.147314159,0.431039615434,0.0676333837777,2.22507385851e-308
938.5,1134,-434.340919598,59.1774251972,27.6913233506,2.18170924954,10.147314159,0.439793924248,0.0676623418533,2.22507385851e-308
939,1134,-449.210727802,59.5540081747,27.6434793783,2.2245456415,10.147314159,0.442024392566,0.0676523413814,2.22507385851e-308
939.5,1134,-462.253610333,66.7049679743,27.5896134182,2.17702069119,10.147314159,0.437292245487,0.0675500264145,2.22507385851e-308
940,1134,-470.567464293,79.0391823032,27.5580000077,2.06425296391,10.147314159,0.427108368317,0.0674329623262,2.22507385851e-308
940.5,1134,-472.302417951,93.8122302817,27.5502973388,1.96068706958,10.147314159,0.418812139101,0.0673903568726,2.22507385851e-308
941,1134,-467.072435933,107.737039037,27.556179777,1.85310663622,10.147314159,0.40884392388,0.0674292236799,2.22507385851e-308
941.5,1134,-456.041213913,117.715272925,27.5705717807,1.79363666974,10.147314159,0.40403829699,0.0674745939769,2.22507385851e-308
942,1134,-441.663250835,121.526727829,27.5863824951,1.76456747023,10.147314159,0.402170332555,0.0675518332269,2.22507385851e-308
942.5,1134,-427.137711317,118.323337052,27.6068371225,1.78739110901,10.147314159,0.404680436155,0.0676063505054,2.22507385851e-308
943,1134,-415.696596431,108.817870154,27.6313769189,1.82403385193,10.147314159,0.409094545164,0.0676344925052,2.22507385851e-308
943.5,1134,-409.885608219,95.1253383657,27.659331951,1.88310795943,10.147314159,0.414807562162,0.0676381436307,2.22507385851e-308
944,1134,-410.997718972,80.2923946106,27.6888191659,1.97203145242,10.147314159,0.422771184256,0.0675447523381,2.22507385851e-308
944.5,1134,-418.785478802,67.6194388541,27.7040396961,2.0468359871,10.147314159,0.429102420448,0.0676316528079,2.22507385851e-308
945,1134,-431.516074404,59.9262635418,27.6971365693,2.16329813865,10.147314159,0.438368414239,0.0676418066109,2.22507385851e-308
945.5,1134,-446.356888195,58.9246364762,27.6540867202,2.21921881454,10.147314159,0.44181165647,0.0676702291782,2.22507385851e-308
946,1134,-460.00576909,64.837424405,27.5992073721,2.1984227177,10.147314159,0.439401703967,0.0675518026877,2.22507385851e-308
946.5,1134,-469.425776695,76.3490041181,27.5647121071,2.11542873206,10.147314159,0.431609104566,0.0674558905136,2.22507385851e-308
947,1134,-472.520914875,90.8979948189,27.5485109439,1.95601727362,10.147314159,0.417857571124,0.0674204408235,2.22507385851e-308
947.5,1134,-468.602500784,105.247177436,27.5542058508,1.87471741113,10.147314159,0.410575772876,0.0673969978784,2.22507385851e-308
948,1134,-458.542400042,116.203791139,27.5673449877,1.80045473855,10.147314159,0.404635823146,0.0674601584352,2.22507385851e-308
948.5,1134,-444.579032528,121.329937686,27.5828727965,1.76768454707,10.147314159,0.40234732114,0.0675343415592,2.22507385851e-308
949,1134,-429.81931339,119.485025288,27.6027460113,1.78271865915,10.147314159,0.404284175052,0.0675690886227,2.22507385851e-308
949.5,1134,-417.547349773,111.079555655,27.6260878004,1.81706118167,10.147314159,0.40827862758,0.0676285127599,2.22507385851e-308
950,1134,-410.493711479,97.9837854378,27.6547918439,1.87958128667,10.147314159,0.414410029473,0.0675226854037,2.22507385851e-308
950.5,1134,-410.227866305,83.1115852942,27.6829221047,1.94767368553,10.147314159,0.420926500642,0.067480271353,2.22507385851e-308
951,1134,-416.808966059,69.7720899214,27.7010924606,2.02119856563,10.147314159,0.426955880747,0.067670007529,2.22507385851e-308
951.5,1134,-428.772684996,60.9333999743,27.7008011462,2.13875737726,10.147314159,0.436291987909,0.0676725638458,2.22507385851e-308
952,1134,-443.457039208,58.5621656661,27.6638923391,2.21055623386,10.147314159,0.441288890633,0.0676896349867,2.22507385851e-308
952.5,1134,-457.594690604,63.1859978177,27.6087293099,2.20708077404,10.147314159,0.440148002511,0.0675730848932,2.22507385851e-308
953,1134,-468.039945049,73.7760719605,27.5684863916,2.12532295322,10.147314159,0.432474166534,0.0674441480488,2.22507385851e-308
953.5,1134,-472.468684149,87.9760466349,27.5494428897,1.98960186647,10.147314159,0.420971357101,0.067429668707,2.22507385851e-308
954,1134,-469.895492559,102.626360482,27.5520775129,1.89064081089,10.147314159,0.411891057056,0.0674272212795,2.22507385851e-308
954.5,1134,-460.89291755,114.467249552,27.5634919167,1.80344380404,10.147314159,0.404841636379,0.0674636114553,2.22507385851e-308
955,1134,-447.464074533,120.864060162,27.5797053781,1.77336277338,10.147314159,0.402733837409,0.0675084153185,2.22507385851e-308
955.5,1134,-432.596944435,120.393471773,27.5990132127,1.78137315137,10.147314159,0.404065899807,0.0675629517472,2.22507385851e-308
956,1134,-419.599533845,113.160192522,27.621179071,1.80915085821,10.147314159,0.407037929591,0.0676366838188,2.22507385851e-308
956.5,1134,-411.36382794,100.773661166,27.6486759623,1.8640264379,10.147314159,0.412397949825,0.0676391181881,2.22507385851e-308
957,1134,-409.722310139,85.9899393727,27.6752251022,1.91448176677,10.147314159,0.417603878772,0.067692007804,2.22507385851e-308
957.5,1134,-415.040225897,72.0984749875,27.6979152329,2.00031532888,10.147314159,0.425087737038,0.0677143227624,2.22507385851e-308
958,1134,-426.134313868,62.1901843751,27.7038681668,2.11906838457,10.147314159,0.434584447188,0.0676742038164,2.22507385851e-308
958.5,1134,-440.536087138,58.4697089432,27.6730996104,2.20168769049,10.147314159,0.440798801747,0.0676898310672,2.22507385851e-308
959,1134,-455.041083209,61.764872028,27.6195826761,2.21649096443,10.147314159,0.441111178774,0.0675986705681,2.22507385851e-308
959.5,1134,-466.421872021,71.342484297,27.5735574041,2.13925177306,10.147314159,0.433787346936,0.0675094025668,2.22507385851e-308
960,1134,-472.146174371,85.0714818341,27.5529257507,2.03054725101,10.147314159,0.424823593479,0.0673896255933,2.22507385851e-308
960.5,1134,-470.940305979,99.8970979154,27.5500178238,1.89853509686,10.147314159,0.412588698732,0.067428536027,2.22507385851e-308
961,1134,-463.072578251,112.520563017,27.5606474757,1.81553155351,10.147314159,0.405732892845,0.0674677303747,2.22507385851e-308
961.5,1134,-450.293597727,120.133096598,27.5770355185,1.78024687594,10.147314159,0.403090018492,0.0674997039043,2.22507385851e-308
962,1134,-435.446747861,121.040874021,27.5951803737,1.77876326603,10.147314159,0.403846155713,0.0675661633802,2.22507385851e-308
962.5,1134,-421.835522797,115.041910526,27.6165982722,1.80330311738,10.147314159,0.406178217193,0.0676437650029,2.22507385851e-308
963,1134,-412.488484326,103.471003795,27.6410753199,1.82804155194,10.147314159,0.408723107546,0.0677326814128,2.22507385851e-308
963.5,1134,-409.485392607,88.9027351639,27.6680846343,1.87446045333,10.147314159,0.413523664972,0.0677630857469,2.22507385851e-308
964,1134,-413.494449715,74.578613136,27.6931293543,1.97010289834,10.147314159,0.422260453187,0.0677590457592,2.22507385851e-308
964.5,1134,-423.623621531,63.6858224419,27.7052551343,2.09700596511,10.147314159,0.432851497348,0.0676682847101,2.22507385851e-308
965,1134,-437.619119535,58.648060402,27.6823819197,2.19724627642,10.147314159,0.440839640506,0.0676821542607,2.22507385851e-308
965.5,1134,-452.366879394,60.5862528379,27.6308917973,2.22349726039,10.147314159,0.4417574198,0.0676367696736,2.22507385851e-308
966,1134,-464.58545496,69.0691427884,27.5800424117,2.15485815869,10.147314159,0.435210954766,0.0675457204484,2.22507385851e-308
966.5,1134,-471.556155523,82.209247218,27.5544612995,2.04561707523,10.147314159,0.42606744246,0.0674103587305,2.22507385851e-308
967,1134,-471.727967322,97.0828308977,27.5507507044,1.93561731474,10.147314159,0.416804360871,0.0673339005632,2.22507385851e-308
967.5,1134,-465.06266142,110.380451286,27.5582709737,1.82999140635,10.147314159,0.406883787884,0.0674710232678,2.22507385851e-308
968,1134,-453.043299827,119.143325111,27.5740875924,1.78542332548,10.147314159,0.403435180936,0.0674945951272,2.22507385851e-308
968.5,1134,-438.344247204,121.421671604,27.5912582795,1.77193420164,10.147314159,0.403098539888,0.0675568032453,2.22507385851e-308
969,1134,-424.236112107,116.70854792,27.6119456277,1.79413266785,10.147314159,0.405179818124,0.0676587064749,2.22507385851e-308
969.5,1134,-413.858021157,106.052646316,27.6362690167,1.82682172682,10.147314159,0.40901232553,0.0677612282514,2.22507385851e-308
970,1134,-409.519148552,91.8249551718,27.6621884648,1.86640709196,10.147314159,0.412761070816,0.0677880730949,2.22507385851e-308
970.5,1134,-412.184913918,77.1912028921,27.6904795349,1.95608281339,10.147314159,0.42070267728,0.0676845291704,2.22507385851e-308
971,1134,-421.262171884,65.4074683995,27.7057633928,2.0766576759,10.147314159,0.431416603807,0.0676368893876,2.22507385851e-308
971.5,1134,-434.731189726,59.095688213,27.6902670401,2.18403456451,10.147314159,0.43996585855,0.0676669648512,2.22507385851e-308
972,1134,-449.59504743,59.6602632025,27.64182368,2.22452869112,10.147314159,0.441992452183,0.0676513908425,2.22507385851e-308
972.5,1134,-462.546466531,66.9755727692,27.5881184255,2.1728860273,10.147314159,0.436924231408,0.0675490651744,2.22507385851e-308
973,1134,-470.703695174,79.4139260215,27.5570356137,2.05841613031,10.147314159,0.426632949059,0.0674252363192,2.22507385851e-308
973.5,1134,-472.251711502,94.2077306781,27.5505886598,1.95916202764,10.147314159,0.418740687302,0.0673795852806,2.22507385851e-308
974,1134,-466.846074579,108.065295407,27.5563956429,1.84968258661,10.147314159,0.408577546553,0.067434246756,2.22507385851e-308
974.5,1134,-455.689564122,117.903246678,27.5709725284,1.79161599838,10.147314159,0.403846191363,0.0674801518522,2.22507385851e-308
975,1134,-441.264556345,121.532593918,27.5870254592,1.76445302839,10.147314159,0.402187791978,0.0675556871281,2.22507385851e-308
975.5,1134,-426.780683533,118.145790244,27.6075091369,1.78764359022,10.147314159,0.404700540267,0.0676100612144,2.22507385851e-308
976,1134,-415.46067572,108.496415452,27.6320809749,1.82453699809,10.147314159,0.4091372853,0.0676483055192,2.22507385851e-308
976.5,1134,-409.823288051,94.7315009574,27.6601304947,1.88427177292,10.147314159,0.414868930793,0.0676763129987,2.22507385851e-308
977,1134,-411.122865879,79.9138051771,27.6893059643,1.97425171807,10.147314159,0.422871463842,0.0675691742525,2.22507385851e-308
977.5,1134,-419.070247007,67.3403353306,27.7042224226,2.05018790259,10.147314159,0.429333792748,0.0676297053259,2.22507385851e-308
978,1134,-431.897101638,59.8087477789,27.696310234,2.16558440763,10.147314159,0.438541365973,0.0676430788514,2.22507385851e-308
978.5,1134,-446.749394101,58.9948562856,27.6524691759,2.21975768899,10.147314159,0.441821367054,0.0676676875612,2.22507385851e-308
979,1134,-460.322419251,65.0797555479,27.5977006592,2.19547267609,10.147314159,0.439103376072,0.0675523579504,2.22507385851e-308
979.5,1134,-469.596114957,76.7095267718,27.5636640052,2.10954266396,10.147314159,0.431046143693,0.0674624935991,2.22507385851e-308
980,1134,-472.507040172,91.2964909921,27.5482375452,1.95383485303,10.147314159,0.417659974618,0.0674255917701,2.22507385851e-308
980.5,1134,-468.407500301,105.59497985,27.5542716699,1.87034560681,10.147314159,0.41014860721,0.0674023219369,2.22507385851e-308
981,1134,-458.209662308,116.423512116,27.5677873718,1.79898106955,10.147314159,0.404484283876,0.0674648983971,2.22507385851e-308
981.5,1134,-444.182593257,121.372688272,27.5833403318,1.76628945774,10.147314159,0.402232526915,0.0675411021118,2.22507385851e-308
982,1134,-429.447382192,119.341293275,27.6032689533,1.78220745807,10.147314159,0.404239760615,0.0675777629126,2.22507385851e-308
982.5,1134,-417.282683093,110.781322095,27.6267839336,1.81715264154,10.147314159,0.408297942031,0.0676351302124,2.22507385851e-308
983,1134,-410.395198902,97.5974087049,27.6555117827,1.88092003649,10.147314159,0.414594131767,0.0675234422956,2.22507385851e-308
983.5,1134,-410.317427345,82.7230360339,27.6838063532,1.950691207,10.147314159,0.421182854202,0.0674678047157,2.22507385851e-308
984,1134,-417.066672961,69.4678221774,27.7015001715,2.02509012016,10.147314159,0.427320313162,0.0676688891233,2.22507385851e-308
984.5,1134,-429.141196759,60.7811147551,27.7002649111,2.1416652086,10.147314159,0.436525271096,0.0676681774172,2.22507385851e-308
985,1134,-443.854360226,58.5957471515,27.6624288967,2.2113884429,10.147314159,0.441326191957,0.0676898341755,2.22507385851e-308
985.5,1134,-457.932415076,63.3979739686,27.6071786563,2.20556247189,10.147314159,0.440010243016,0.0675700266124,2.22507385851e-308
986,1134,-468.242927686,74.1192770834,27.567764479,2.1231552392,10.147314159,0.432289495763,0.0674409518074,2.22507385851e-308
986.5,1134,-472.491760357,88.3741159707,27.5489473001,1.98097406496,10.147314159,0.420172403497,0.0674247666626,2.22507385851e-308
987,1134,-469.733527774,102.990721725,27.5522030895,1.8892392601,10.147314159,0.411806519544,0.0674220703331,2.22507385851e-308
987.5,1134,-460.581949699,114.716830607,27.5641096797,1.80372003183,10.147314159,0.404915883783,0.0674591237875,2.22507385851e-308
988,1134,-447.07329543,120.943328067,27.5801149104,1.77182985349,10.147314159,0.402627013026,0.0675115788796,2.22507385851e-308
988.5,1134,-432.213304275,120.284789045,27.5996337113,1.78145447221,10.147314159,0.404103314591,0.0675613292021,2.22507385851e-308
989,1134,-419.308394374,112.88774158,27.6220473682,1.81124004019,10.147314159,0.407318903412,0.0676330039953,2.22507385851e-308
989.5,1134,-411.229969063,100.398063631,27.6496741785,1.86779913263,10.147314159,0.412809866725,0.0676221666162,2.22507385851e-308
990,1134,-409.775516087,85.5947674676,27.6765458284,1.9204464916,10.147314159,0.418229388201,0.0676554564353,2.22507385851e-308
990.5,1134,-415.268658096,71.7716563257,27.6984967601,2.00352160833,10.147314159,0.425391828883,0.0677045795378,2.22507385851e-308
991,1134,-426.487145077,62.0044376509,27.703401358,2.12131533892,10.147314159,0.434799192707,0.0676741993147,2.22507385851e-308
991.5,1134,-440.934810747,58.4663636789,27.6716841408,2.20195091338,10.147314159,0.440783952087,0.0676917926677,2.22507385851e-308
992,1134,-455.396981335,61.9446725607,27.6179131667,2.21519610471,10.147314159,0.440987432792,0.0675929612866,2.22507385851e-308
992.5,1134,-466.655755651,71.66542416,27.5725671986,2.13604664069,10.147314159,0.433497546869,0.0675002199851,2.22507385851e-308
993,1134,-472.206003294,85.4657053842,27.5524827353,2.02595100449,10.147314159,0.4244432445,0.0674001166594,2.22507385851e-308
993.5,1134,-470.812767978,100.274888553,27.5500543827,1.89276751698,10.147314159,0.412061416947,0.0674199670338,2.22507385851e-308
994,1134,-462.786051133,112.797860543,27.5610446992,1.81394567501,10.147314159,0.405643016509,0.0674697506875,2.22507385851e-308
994.5,1134,-449.911835126,120.248201004,27.5773479739,1.77827983025,10.147314159,0.402936280892,0.0675024970873,2.22507385851e-308
995,1134,-435.054693759,120.968174034,27.59577044,1.77896116002,10.147314159,0.403863583863,0.0675670163424,2.22507385851e-308
995.5,1134,-421.52041108,114.797582236,27.6171365905,1.80239407185,10.147314159,0.406138362252,0.0676395988817,2.22507385851e-308
996,1134,-412.320428838,103.109411399,27.6421022774,1.83064530929,10.147314159,0.408988881462,0.0677187541165,2.22507385851e-308
996.5,1134,-409.501786487,88.5043346767,27.66875419,1.87884703,10.147314159,0.413966426537,0.0677738353262,2.22507385851e-308
997,1134,-413.691645248,74.2320505452,27.6937159665,1.9734075119,10.147314159,0.422611014371,0.0677529129213,2.22507385851e-308
997.5,1134,-423.957741779,63.4682095589,27.70510324,2.10023785796,10.147314159,0.433095402004,0.0676755753179,2.22507385851e-308
998,1134,-438.015821168,58.60781712,27.6810226412,2.19776910417,10.147314159,0.440824060899,0.067683127129,2.22507385851e-308
998.5,1134,-452.737894427,60.7323334769,27.6292378721,2.22265835881,10.147314159,0.44168632872,0.0676331525327,2.22507385851e-308
999,1134,-464.848230797,69.3690437171,27.5788911939,2.15202130554,10.147314159,0.434972660227,0.0675443193657,2.22507385851e-308
999.5,1134,-471.652223301,82.596239065,27.5541040556,2.04273803058,10.147314159,0.425856459281,0.0674026385999,2.22507385851e-308
1000,1134,-471.635951507,97.470806151,27.5505641225,1.92938175843,10.147314159,0.416217596823,0.067347938778,2.22507385851e-308
1000.5,1134,-464.803035965,110.683083622,27.5585551281,1.8274369838,10.147314159,0.406692323997,0.0674735265167,2.22507385851e-308
1001,1134,-452.673832621,119.293277406,27.5744828138,1.78389345021,10.147314159,0.403329939053,0.0674967151057,2.22507385851e-308
1001.5,1134,-437.947146443,121.385578765,27.5918225496,1.77267093226,10.147314159,0.403206594148,0.0675582614719,2.22507385851e-308
1002,1134,-423.899734584,116.494440775,27.6126669669,1.7949600658,10.147314159,0.405275760526,0.0676588076045,2.22507385851e-308
1002.5,1134,-413.657212458,105.708164714,27.6370183282,1.82744071617,10.147314159,0.409017651682,0.0677726555262,2.22507385851e-308
1003,1134,-409.49858956,91.426747895,27.663047694,1.86471180651,10.147314159,0.412595950589,0.0677781468404,2.22507385851e-308
1003.5,1134,-412.349179105,76.8278729379,27.6905096056,1.95409365934,10.147314159,0.420512337232,0.0676917681398,2.22507385851e-308
1004,1134,-421.574711472,65.1598583969,27.705837655,2.08086201987,10.147314159,0.431729108024,0.0676402440317,2.22507385851e-308
1004.5,1134,-435.122462182,59.0188925558,27.689196594,2.18616996183,10.147314159,0.440118100462,0.0676717793915,2.22507385851e-308
1005,1134,-449.977992786,59.7713692867,27.6402035871,2.22429030622,10.147314159,0.441946018412,0.0676501983218,2.22507385851e-308
1005.5,1134,-462.835877639,67.2498589668,27.5867306845,2.16920948198,10.147314159,0.436590087615,0.067549548386,2.22507385851e-308
1006,1134,-470.835176697,79.7903623597,27.5563983532,2.05563629469,10.147314159,0.426449523384,0.0674259858991,2.22507385851e-308
1006.5,1134,-472.196008181,94.6025582955,27.5508452723,1.95758388589,10.147314159,0.418662940396,0.067360700872,2.22507385851e-308
1007,1134,-466.615580665,108.390663296,27.5565806902,1.8459317621,10.147314159,0.408279716353,0.0674369005402,2.22507385851e-308
1007.5,1134,-455.335565599,118.086758948,27.5713504985,1.78974439208,10.147314159,0.403676665427,0.0674876180928,2.22507385851e-308
1008,1134,-440.865819554,121.533418224,27.58761931,1.76434606399,10.147314159,0.40219884107,0.0675595571326,2.22507385851e-308
1008.5,1134,-426.425929292,117.963743173,27.6081317354,1.78770246169,10.147314159,0.404690745004,0.0676130052654,2.22507385851e-308
1009,1134,-415.22883852,108.172003337,27.63278313,1.82554466327,10.147314159,0.40919944883,0.0676677504699,2.22507385851e-308
1009.5,1134,-409.765952764,94.3369070239,27.6608388543,1.8850118933,10.147314159,0.414884337468,0.0677164595813,2.22507385851e-308
1010,1134,-411.252789877,79.5368284373,27.6895936513,1.97426557503,10.147314159,0.422794436653,0.0675969240144,2.22507385851e-308
1010.5,1134,-419.358521586,67.0648548875,27.7043659021,2.0532183376,10.147314159,0.429539689517,0.0676310866157,2.22507385851e-308
1011,1134,-432.279584345,59.696059331,27.6954683787,2.16765990877,10.147314159,0.438696413187,0.0676447893353,2.22507385851e-308
1011.5,1134,-447.140980729,59.0700335441,27.6508810428,2.22019351062,10.147314159,0.441825929034,0.0676657250031,2.22507385851e-308
1012,1134,-460.635979928,65.3260712181,27.5959900495,2.19003166559,10.147314159,0.43857592132,0.0675540471049,2.22507385851e-308
1012.5,1134,-469.761880953,77.0721744551,27.5626227165,2.10282077195,10.147314159,0.430427340878,0.0674672070879,2.22507385851e-308
1013,1134,-472.48812777,91.6947798679,27.548143569,1.95414589732,10.147314159,0.417693852208,0.0674298485407,2.22507385851e-308
1013.5,1134,-468.208117601,105.940288764,27.5544205334,1.86654115445,10.147314159,0.409760062773,0.0674080219422,2.22507385851e-308
1014,1134,-457.8741729,116.639008206,27.5681567681,1.79697244142,10.147314159,0.404278592938,0.0674686084083,2.22507385851e-308
1014.5,1134,-443.785645119,121.410422642,27.5838448861,1.76551580805,10.147314159,0.402178415725,0.0675442981998,2.22507385851e-308
1015,1134,-429.077298156,119.192869849,27.6038644902,1.78261706441,10.147314159,0.404278680693,0.0675884895859,2.22507385851e-308
1015.5,1134,-417.021808603,110.479765785,27.6274733458,1.81745221829,10.147314159,0.4083342421,0.067636900645,2.22507385851e-308
1016,1134,-410.301579763,97.2098172132,27.6562182303,1.8827261548,10.147314159,0.414821558963,0.0675252915523,2.22507385851e-308
1016.5,1134,-410.411894258,82.335650296,27.6846512212,1.95327578668,10.147314159,0.421369578206,0.0674652715203,2.22507385851e-308
1017,1134,-417.328206592,69.1668373475,27.7019938031,2.02883150683,10.147314159,0.427661350058,0.0676660765307,2.22507385851e-308
1017.5,1134,-429.51160464,60.6335013779,27.699704167,2.1443853884,10.147314159,0.436751649921,0.0676618934915,2.22507385851e-308
1018,1134,-444.251224857,58.6343498999,27.6609712259,2.2119705001,10.147314159,0.441346063143,0.0676895564099,2.22507385851e-308
1018.5,1134,-458.267432204,63.6142035489,27.6056030517,2.2034071493,10.147314159,0.439832928786,0.0675664758283,2.22507385851e-308
1019,1134,-468.44155442,74.4650213938,27.5672202897,2.12149656242,10.147314159,0.432162755611,0.0674385936889,2.22507385851e-308
1019.5,1134,-472.509801311,88.772445271,27.5486345732,1.97340088775,10.147314159,0.419476372385,0.0674234136103,2.22507385851e-308
1020,1134,-469.56696875,103.353005867,27.552412249,1.88810416251,10.147314159,0.411744585621,0.0674177041331,2.22507385851e-308
1020.5,1134,-460.267850867,114.962459659,27.5647861992,1.80522922623,10.147314159,0.405102246323,0.0674563024528,2.22507385851e-308
1021,1134,-446.681545262,121.017648407,27.5805620721,1.77050500773,10.147314159,0.402527904861,0.0675153525421,2.22507385851e-308
1021.5,1134,-431.831069031,120.171264046,27.6002842762,1.7820327338,10.147314159,0.40418205095,0.0675593100785,2.22507385851e-308
1022,1134,-419.020723199,112.61163109,27.6228558248,1.81276695233,10.147314159,0.407543233861,0.0676301027001,2.22507385851e-308
1022.5,1134,-411.100870151,100.020803537,27.650694883,1.87144059172,10.147314159,0.413229984393,0.0676013697142,2.22507385851e-308
1023,1134,-409.833714555,85.2002999203,27.6777849835,1.92543405507,10.147314159,0.418756460576,0.0676186904056,2.22507385851e-308
1023.5,1134,-415.501204511,71.4477522154,27.6990172348,2.00678806973,10.147314159,0.425694470996,0.0676954030059,2.22507385851e-308
1024,1134,-426.842296763,61.8231671701,27.7029705504,2.1242914679,10.147314159,0.435077938037,0.0676745468725,2.22507385851e-308
1024.5,1134,-441.33354478,58.4680603649,27.6702980772,2.20250006634,10.147314159,0.440794280272,0.06769163201,2.22507385851e-308
1025,1134,-455.75057751,62.1289588929,27.616271397,2.21410000943,10.147314159,0.440874476409,0.0675877870064,2.22507385851e-308
1025.5,1134,-466.885537152,71.9912955599,27.5716899051,2.1338774888,10.147314159,0.433294220171,0.0674919284109,2.22507385851e-308
1026,1134,-472.260842653,85.860653928,27.5520633037,2.02152366806,10.147314159,0.424044960189,0.0674141458749,2.22507385851e-308
1026.5,1134,-470.680463178,100.651036326,27.5501282278,1.8867440853,10.147314159,0.411503029837,0.0674130380202,2.22507385851e-308
1027,1134,-462.496040616,113.071512891,27.5613349317,1.8111916095,10.147314159,0.405435184906,0.0674726497222,2.22507385851e-308
1027.5,1134,-449.528647602,120.358468989,27.5777249284,1.77684571519,10.147314159,0.402842566285,0.0675040363301,2.22507385851e-308
1028,1134,-434.663590258,120.890522509,27.5963115262,1.77870850338,10.147314159,0.403834243404,0.0675673696409,2.22507385851e-308
1028.5,1134,-421.208413977,114.549289032,27.6177403889,1.8022525686,10.147314159,0.406168792775,0.0676393890135,2.22507385851e-308
1029,1134,-412.15695896,102.745722924,27.6432312242,1.83456899468,10.147314159,0.409391318871,0.0677093544304,2.22507385851e-308
1029.5,1134,-409.523216654,88.1061733332,27.6694389286,1.88437899898,10.147314159,0.414534729395,0.0677807352211,2.22507385851e-308
1030,1134,-413.893207146,73.8880091103,27.6943505049,1.97741511791,10.147314159,0.422956193586,0.0677496745287,2.22507385851e-308
1030.5,1134,-424.294586935,63.2548388751,27.7048035928,2.10262119855,10.147314159,0.433241564035,0.0676818600061,2.22507385851e-308
1031,1134,-438.412999945,58.5725931711,27.6796404072,2.19824183732,10.147314159,0.440798141701,0.0676843961383,2.22507385851e-308
1031.5,1134,-453.107032673,60.8830937577,27.6275495975,2.22154683227,10.147314159,0.441577339563,0.0676283927648,2.22507385851e-308
1032,1134,-465.107193512,69.6722433538,27.577718543,2.14842439695,10.147314159,0.434649694799,0.0675406157079,2.22507385851e-308
1032.5,1134,-471.743390058,82.984414708,27.5539182084,2.04199354521,10.147314159,0.425828400451,0.0673948161289,2.22507385851e-308
1033,1134,-471.539037273,97.8575868884,27.5504293873,1.92446407985,10.147314159,0.415675273424,0.0673640211638,2.22507385851e-308
1033.5,1134,-464.539604614,110.982408915,27.5588468951,1.82441941369,10.147314159,0.406442958173,0.0674737790947,2.22507385851e-308
1034,1134,-452.302498872,119.438545965,27.574859426,1.78222630798,10.147314159,0.40318631792,0.0674994303315,2.22507385851e-308
1034.5,1134,-437.550533806,121.34446765,27.5924143571,1.77351461984,10.147314159,0.403319743588,0.0675604266323,2.22507385851e-308
1035,1134,-423.566091243,116.276097403,27.6133029479,1.79508432733,10.147314159,0.405303548437,0.0676581564042,2.22507385851e-308
1035.5,1134,-413.460775629,105.361171515,27.6376866445,1.82766672837,10.147314159,0.408970098782,0.0677806301237,2.22507385851e-308
1036,1134,-409.483067365,91.0283124937,27.6639057637,1.86362636621,10.147314159,0.412492192581,0.0677652127685,2.22507385851e-308
1036.5,1134,-412.518025307,76.4666490906,27.690637035,1.95395204611,10.147314159,0.42050437255,0.06770710029,2.22507385851e-308
1037,1134,-421.890356992,64.9162201138,27.7058239899,2.08493784294,10.147314159,0.432031337022,0.0676464479375,2.22507385851e-308
1037.5,1134,-435.514674404,58.9470505044,27.6880585765,2.18784281799,10.147314159,0.440225260231,0.0676753148724,2.22507385851e-308
1038,1134,-450.35950264,59.8873086623,27.6386125786,2.22431986959,10.147314159,0.441936864431,0.0676467616851,2.22507385851e-308
1038.5,1134,-463.121797382,67.5277827114,27.5853188031,2.16486881201,10.147314159,0.436173031943,0.0675518268905,2.22507385851e-308
1039,1134,-470.961887838,80.1684311289,27.5557597874,2.05223858164,10.147314159,0.426212431455,0.0674311355561,2.22507385851e-308
1039.5,1134,-472.135316893,94.9966500045,27.5508735659,1.95500932144,10.147314159,0.418466582599,0.0673461895433,2.22507385851e-308
1040,1134,-466.380991046,108.71309068,27.5567854231,1.84288708696,10.147314159,0.40804697313,0.0674394915587,2.22507385851e-308
1040.5,1134,-454.979274946,118.265780393,27.5717226862,1.78783892417,10.147314159,0.403493941246,0.0674951985561,2.22507385851e-308
1041,1134,-440.467104218,121.529200614,27.5882692327,1.76476236638,10.147314159,0.402264948093,0.067560285483,2.22507385851e-308
1041.5,1134,-426.073505316,117.777224946,27.608805893,1.78823699261,10.147314159,0.404722679264,0.0676172442654,2.22507385851e-308
1042,1134,-415.001121903,107.844685678,27.6334718942,1.82666218523,10.147314159,0.409265905394,0.0676875988504,2.22507385851e-308
1042.5,1134,-409.713611526,93.9416196572,27.6613241215,1.88407294944,10.147314159,0.414740276847,0.0677532452384,2.22507385851e-308
1043,1134,-411.387470191,79.1615246663,27.6898420031,1.97356817552,10.147314159,0.422668337003,0.0676196912265,2.22507385851e-308
1043.5,1134,-419.650256447,66.7930415719,27.7044193604,2.05579522953,10.147314159,0.42971001631,0.0676335562094,2.22507385851e-308
1044,1134,-432.663461369,59.5882162159,27.6946199333,2.17033962273,10.147314159,0.438901525023,0.0676490393621,2.22507385851e-308
1044.5,1134,-447.531585468,59.1501562314,27.6492919875,2.22083039331,10.147314159,0.441839672361,0.0676640313031,2.22507385851e-308
1045,1134,-460.946400985,65.5763320319,27.5943797255,2.18554614962,10.147314159,0.438128014286,0.0675567209796,2.22507385851e-308
1045.5,1134,-469.923048178,77.4368891836,27.561626801,2.09652670723,10.147314159,0.429859372841,0.0674730311464,2.22507385851e-308
1046,1134,-472.464180695,92.0927977633,27.548090315,1.95480867961,10.147314159,0.417807161619,0.0674329995224,2.22507385851e-308
1046.5,1134,-468.004384563,106.283048967,27.5545786823,1.86244440747,10.147314159,0.409381505804,0.0674122006149,2.22507385851e-308
1047,1134,-457.535985461,116.850244954,27.5684961365,1.79443383506,10.147314159,0.404052295052,0.0674715748417,2.22507385851e-308
1047.5,1134,-443.38825158,121.443134762,27.5843675062,1.76460923261,10.147314159,0.402116078553,0.0675469036022,2.22507385851e-308
1048,1134,-428.709120454,119.03977874,27.6044751008,1.78285130027,10.147314159,0.404299959571,0.0675967191283,2.22507385851e-308
1048.5,1134,-416.764768015,110.174934942,27.6282010608,1.81741376294,10.147314159,0.408340235751,0.0676368470594,2.22507385851e-308
1049,1134,-410.212869031,96.8210729354,27.65681309,1.88332925454,10.147314159,0.414909199061,0.0675352681203,2.22507385851e-308
1049.5,1134,-410.511251939,81.94949002,27.6856409444,1.95726606387,10.147314159,0.421700854667,0.0674660013929,2.22507385851e-308
1050,1134,-417.593525133,68.8691835567,27.7023852596,2.03240990817,10.147314159,0.427988705713,0.0676563688032,2.22507385851e-308
1050.5,1134,-429.883849414,60.4905834449,27.6991640686,2.14806463944,10.147314159,0.437071563703,0.0676573803961,2.22507385851e-308
1051,1134,-444.647569645,58.6779677391,27.6595365013,2.21318746711,10.147314159,0.441420214294,0.0676860044134,2.22507385851e-308
1051.5,1134,-458.599688422,63.8346519854,27.6040350482,2.20114990007,10.147314159,0.439642185102,0.0675628504095,2.22507385851e-308
1052,1134,-468.635793491,74.8132496103,27.5666959701,2.11987936817,10.147314159,0.432035703927,0.0674369187103,2.22507385851e-308
1052.5,1134,-472.522804126,89.1709708465,27.5484697946,1.96766092681,10.147314159,0.418952906408,0.0674207199872,2.22507385851e-308
1053,1134,-469.395842121,103.713154981,27.5527056037,1.88633588186,10.147314159,0.411617021232,0.0674126201144,2.22507385851e-308
1053.5,1134,-459.950671276,115.204097434,27.5652751828,1.80336983194,10.147314159,0.404958937588,0.0674560121004,2.22507385851e-308
1054,1134,-446.288886664,121.087009299,27.5810439217,1.76914685952,10.147314159,0.40243750808,0.0675193566745,2.22507385851e-308
1054.5,1134,-431.450299818,120.052914929,27.6009505075,1.78247956621,10.147314159,0.404247100674,0.0675583820459,2.22507385851e-308
1055,1134,-418.736566316,112.3319052,27.6236139636,1.81363142768,10.147314159,0.407708192243,0.0676269070395,2.22507385851e-308
1055.5,1134,-410.976551846,99.6419412056,27.6515877761,1.87325826408,10.147314159,0.413502446716,0.0675842952442,2.22507385851e-308
1056,1134,-409.896896237,84.8065998028,27.6789608158,1.93047530828,10.147314159,0.419252261978,0.0675869769073,2.22507385851e-308
1056.5,1134,-415.737827957,71.1268144459,27.6994231706,2.00980902943,10.147314159,0.425969361663,0.0676877653011,2.22507385851e-308
1057,1134,-427.199712141,61.6464019164,27.7024598391,2.12684923547,10.147314159,0.435308487204,0.0676737848846,2.22507385851e-308
1057.5,1134,-441.732225482,58.47479873,27.6688737159,2.20301635088,10.147314159,0.440793440764,0.0676912980288,2.22507385851e-308
1058,1134,-456.101815198,62.3177015587,27.6146241312,2.21273119638,10.147314159,0.440743903066,0.067584411186,2.22507385851e-308
1058.5,1134,-467.111179784,72.3200463928,27.5708036655,2.13116371006,10.147314159,0.433038618871,0.0674808660148,2.22507385851e-308
1059,1134,-472.310683678,86.2562643168,27.551704894,2.0175828923,10.147314159,0.423705255624,0.067421709262,2.22507385851e-308
1059.5,1134,-470.543412734,101.025481093,27.5504235495,1.88343349787,10.147314159,0.411198976209,0.0674145111302,2.22507385851e-308
1060,1134,-462.202593073,113.341476309,27.5616308269,1.80841941295,10.147314159,0.405223263534,0.0674748795133,2.22507385851e-308
1060.5,1134,-449.144096422,120.463882923,27.5781548246,1.77538590372,10.147314159,0.402757539713,0.0675052539276,2.22507385851e-308
1061,1134,-434.273499894,120.807931862,27.5968821118,1.77850014313,10.147314159,0.403807106868,0.0675682675024,2.22507385851e-308
1061.5,1134,-420.899581374,114.297070612,27.6183814525,1.80213591109,10.147314159,0.406190349605,0.0676394139121,2.22507385851e-308
1062,1134,-411.998100831,102.379996521,27.6445053705,1.84125447517,10.147314159,0.410046673557,0.0676993869015,2.22507385851e-308
1062.5,1134,-409.549679681,87.7083147959,27.6705395856,1.89211562015,10.147314159,0.415282926269,0.0677801900691,2.22507385851e-308
1063,1134,-414.099103181,73.5465438408,27.6950910304,1.9824558025,10.147314159,0.423394212748,0.0677429512855,2.22507385851e-308
1063.5,1134,-424.634103139,63.0457445067,27.7045169974,2.10565842093,10.147314159,0.433472383582,0.0676853973226,2.22507385851e-308
1064,1134,-438.810592361,58.5423941874,27.6782240533,2.1986477376,10.147314159,0.440768800664,0.0676853930442,2.22507385851e-308
1064.5,1134,-453.474235112,61.038509575,27.6258087143,2.22015154556,10.147314159,0.441435151144,0.0676220700629,2.22507385851e-308
1065,1134,-465.362301699,69.9786932196,27.5765784957,2.14494473164,10.147314159,0.43433226755,0.0675368035578,2.22507385851e-308
1065.5,1134,-471.829641219,83.3737120812,27.553680459,2.04053804298,10.147314159,0.425697576996,0.0673923882946,2.22507385851e-308
1066,1134,-471.437240117,98.2431112669,27.5502699077,1.9191869717,10.147314159,0.415060820403,0.067378459141,2.22507385851e-308
1066.5,1134,-464.272409489,111.278379306,27.5592343843,1.82241966965,10.147314159,0.406301184901,0.0674677450749,2.22507385851e-308
1067,1134,-451.929357952,119.57910756,27.5752504455,1.78038917271,10.147314159,0.403023616027,0.0675013569205,2.22507385851e-308
1067.5,1134,-437.154472708,121.29834483,27.5930555305,1.77448376362,10.147314159,0.403447175607,0.0675630691361,2.22507385851e-308
1068,1134,-423.235235429,116.053552714,27.613997571,1.79577817606,10.147314159,0.405384193096,0.0676568950472,2.22507385851e-308
1068.5,1134,-413.26874208,105.011722201,27.6384610806,1.82880199721,10.147314159,0.40899872744,0.0677814704,2.22507385851e-308
1069,1134,-409.472584451,90.6297126743,27.6648207376,1.86451830342,10.147314159,0.412573243802,0.0677604603626,2.22507385851e-308
1069.5,1134,-412.691425524,76.1075891068,27.6908791212,1.95606656762,10.147314159,0.420709874625,0.0677281273494,2.22507385851e-308
1070,1134,-422.209057976,64.6765925059,27.7056492674,2.08686314368,10.147314159,0.432145601847,0.0676492699576,2.22507385851e-308
1070.5,1134,-435.907763681,58.8801735457,27.6868589931,2.18954753997,10.147314159,0.440347512842,0.0676783856104,2.22507385851e-308
1071,1134,-450.739515992,60.0080627917,27.6369647411,2.22406911103,10.147314159,0.441891217578,0.0676441815894,2.22507385851e-308
1071.5,1134,-463.404180045,67.8092995654,27.5840683953,2.16214326224,10.147314159,0.435906481941,0.0675476092746,2.22507385851e-308
1072,1134,-471.083808337,80.5480718792,27.5551616894,2.04954062373,10.147314159,0.426036900324,0.0674385125026,2.22507385851e-308
1072.5,1134,-472.069647342,95.3899427931,27.5506375452,1.95118699719,10.147314159,0.418142014147,0.0673360907788,2.22507385851e-308
1073,1134,-466.14234323,109.032526006,27.5569552201,1.8390778103,10.147314159,0.407709154905,0.0674515603358,2.22507385851e-308
1073.5,1134,-454.62074913,118.44028239,27.572176279,1.78646424485,10.147314159,0.40339440997,0.067497071108,2.22507385851e-308
1074,1134,-440.068474088,121.519941763,27.5889607705,1.7654978936,10.147314159,0.402366960057,0.0675602203639,2.22507385851e-308
1074.5,1134,-425.723467955,117.586265386,27.6095017881,1.78885078531,10.147314159,0.404766474599,0.0676260935354,2.22507385851e-308
1075,1134,-414.777562276,107.514514812,27.6340973953,1.82674800466,10.147314159,0.409231997858,0.0677028267785,2.22507385851e-308
1075.5,1134,-409.666272705,93.5457020602,27.6616293891,1.88216365962,10.147314159,0.414502727391,0.0677804087607,2.22507385851e-308
1076,1134,-411.526885287,78.7879538719,27.6900345431,1.97169338449,10.147314159,0.422420344435,0.06763703447,2.22507385851e-308
1076.5,1134,-419.945404943,66.5249388443,27.7044847323,2.05842947126,10.147314159,0.429894478097,0.067637952332,2.22507385851e-308
1077,1134,-433.048671333,59.4852356768,27.6936983417,2.17289979058,10.147314159,0.439105681983,0.0676529769489,2.22507385851e-308
1077.5,1134,-447.921145865,59.2352115367,27.6476864842,2.22134995909,10.147314159,0.441852132052,0.0676616807449,2.22507385851e-308
1078,1134,-461.253632788,65.8304979748,27.5928952558,2.18224108769,10.147314159,0.437796568936,0.0675557606518,2.22507385851e-308
1078.5,1134,-470.079590862,77.8036126427,27.560561348,2.08876573333,10.147314159,0.429181379912,0.0674703303222,2.22507385851e-308
1079,1134,-472.435202774,92.4904810389,27.5482713195,1.95574308906,10.147314159,0.418025394269,0.0674233221363,2.22507385851e-308
1079.5,1134,-467.796333761,106.623205654,27.554828095,1.85956740991,10.147314159,0.409183802572,0.0674163786602,2.22507385851e-308
1080,1134,-457.195154064,117.057188585,27.5689967102,1.79337029189,10.147314159,0.403981843139,0.0674747341012,2.22507385851e-308
1080.5,1134,-442.990476181,121.470819402,27.5849072005,1.76357164795,10.147314159,0.402037434505,0.0675489394045,2.22507385851e-308
1081,1134,-428.342907956,118.882044427,27.6051668545,1.78337255617,10.147314159,0.404343119432,0.0676000666012,2.22507385851e-308
1081.5,1134,-416.511602426,109.866878304,27.6290605505,1.81837855218,10.147314159,0.408447869432,0.0676383110424,2.22507385851e-308
1082,1134,-410.12908089,96.4312380282,27.6574648335,1.8834240271,10.147314159,0.414926962629,0.0675452951031,2.22507385851e-308
1082.5,1134,-410.615484502,81.5646169496,27.6866407983,1.96208361178,10.147314159,0.422096993247,0.0674769848748,2.22507385851e-308
1083,1134,-417.862586163,68.574908397,27.7027842505,2.03613926138,10.147314159,0.428321618301,0.0676458271384,2.22507385851e-308
1083.5,1134,-430.257871563,60.3523838073,27.6985883276,2.15198288975,10.147314159,0.437415868732,0.0676534439238,2.22507385851e-308
1084,1134,-445.04333122,58.726593695,27.6580693153,2.21438283607,10.147314159,0.441487228698,0.0676823311159,2.22507385851e-308
1084.5,1134,-458.929130605,64.0592840302,27.6024838338,2.19886233268,10.147314159,0.43945180095,0.0675589059225,2.22507385851e-308
1085,1134,-468.825613842,75.1639060543,27.5661293549,2.11834282169,10.147314159,0.431922502628,0.067439222358,2.22507385851e-308
1085.5,1134,-472.530766722,89.5696289764,27.5483466242,1.96347307651,10.147314159,0.418582520211,0.0674203943114,2.22507385851e-308
1086,1134,-469.220175246,104.071111482,27.5529709594,1.88293778611,10.147314159,0.41132579027,0.0674081316546,2.22507385851e-308
1086.5,1134,-459.630461639,115.441705296,27.5657160183,1.80044976258,10.147314159,0.404712968449,0.067457529194,2.22507385851e-308
1087,1134,-445.89538242,121.151399651,27.5815561814,1.7679249694,10.147314159,0.402352729016,0.0675236007178,2.22507385851e-308
1087.5,1134,-431.071057517,119.929760615,27.6015578146,1.78222966608,10.147314159,0.404247791933,0.0675592531049,2.22507385851e-308
1088,1134,-418.45596916,112.048608636,27.6243789266,1.81453313046,10.147314159,0.407876415175,0.0676261721252,2.22507385851e-308
1088.5,1134,-410.857034026,99.2615372123,27.6525266874,1.87500975937,10.147314159,0.413751859482,0.0675672255909,2.22507385851e-308
1089,1134,-409.965051032,84.4137300642,27.6800779319,1.93583835399,10.147314159,0.419763591739,0.0675575181594,2.22507385851e-308
1089.5,1134,-415.978490603,70.8088943322,27.6997352407,2.01252093452,10.147314159,0.426203873665,0.0676840334932,2.22507385851e-308
1090,1134,-427.559334064,61.474170153,27.701914455,2.12933863141,10.147314159,0.435528969188,0.0676728032209,2.22507385851e-308
1090.5,1134,-442.130789107,58.4865776967,27.6674523457,2.2038693881,10.147314159,0.44082272619,0.0676906053236,2.22507385851e-308
1091,1134,-456.450638239,62.5108703799,27.6129892183,2.21137352931,10.147314159,0.440605453091,0.0675834582941,2.22507385851e-308
1091.5,1134,-467.332647469,72.6516240944,27.5699337779,2.12836570144,10.147314159,0.432768363303,0.0674696040759,2.22507385851e-308
1092,1134,-472.355518402,86.6524732958,27.5512524231,2.0129861943,10.147314159,0.423296552426,0.0674256940888,2.22507385851e-308
1092.5,1134,-470.401638558,101.398162982,27.550847803,1.88362761693,10.147314159,0.411228771144,0.0674228480625,2.22507385851e-308
1093,1134,-461.905755422,113.60770763,27.5619593643,1.80527035475,10.147314159,0.404965031713,0.0674748282217,2.22507385851e-308
1093.5,1134,-448.758243072,120.564425951,27.578612396,1.77416612997,10.147314159,0.402699491275,0.0675077500995,2.22507385851e-308
1094,1134,-433.884485037,120.720415298,27.5974978275,1.7785452777,10.147314159,0.403804076218,0.067570777508,2.22507385851e-308
1094.5,1134,-420.593962651,114.040967306,27.619142603,1.8031438431,10.147314159,0.40631749614,0.067642297163,2.22507385851e-308
1095,1134,-411.843879849,102.012290665,27.6456871777,1.84731215522,10.147314159,0.410652651771,0.0676877467011,2.22507385851e-308
1095.5,1134,-409.581171336,87.3108226788,27.6715936096,1.89807630359,10.147314159,0.415870923182,0.0677751476028,2.22507385851e-308
1096,1134,-414.309300432,73.2077093337,27.6957163617,1.98706321305,10.147314159,0.4238192047,0.0677365523501,2.22507385851e-308
1096.5,1134,-424.976236105,62.8409598861,27.7042635046,2.10890832199,10.147314159,0.433730390328,0.0676832725174,2.22507385851e-308
1097,1134,-439.208534843,58.5172249974,27.6768252179,2.19922471421,10.147314159,0.440756654183,0.0676865822412,2.22507385851e-308
1097.5,1134,-453.839443031,61.1985560792,27.6240834704,2.21865634701,10.147314159,0.441291082288,0.067615479203,2.22507385851e-308
1098,1134,-465.613514569,70.2883443157,27.5755640435,2.14305783443,10.147314159,0.434144527944,0.0675341936262,2.22507385851e-308
1098.5,1134,-471.910962992,83.7640689394,27.5534032491,2.03913429193,10.147314159,0.425557309085,0.0673900876608,2.22507385851e-308
1099,1134,-471.330576314,98.6273176446,27.5498894062,1.91249216413,10.147314159,0.414254990732,0.0674013377454,2.22507385851e-308
1099.5,1134,-464.00149331,111.570947471,27.5595900608,1.82028322548,10.147314159,0.406130189265,0.0674624586941,2.22507385851e-308
1100,1134,-451.554469525,119.714939716,27.5756751461,1.77886033466,10.147314159,0.402900018839,0.0675007334152,2.22507385851e-308
1100.5,1134,-436.759026477,121.247217682,27.5936530537,1.77492564382,10.147314159,0.403517764265,0.0675656876279,2.22507385851e-308
1101,1134,-422.907220045,115.826842292,27.6147075512,1.7968499643,10.147314159,0.405510804047,0.0676549295145,2.22507385851e-308
1101.5,1134,-413.081142514,104.659872644,27.6391182683,1.82860624242,10.147314159,0.408906186052,0.0677802923978,2.22507385851e-308
1102,1134,-409.467142492,90.2310121695,27.6657113528,1.86683933442,10.147314159,0.412786680205,0.0677606417676,2.22507385851e-308
1102.5,1134,-412.869352033,75.7507503969,27.6913370113,1.9595961043,10.147314159,0.421055057002,0.0677439163455,2.22507385851e-308
1103,1134,-422.530763465,64.4410138875,27.7054491589,2.08880470046,10.147314159,0.432264041176,0.0676516689632,2.22507385851e-308
1103.5,1134,-436.301667162,58.8182723728,27.685665175,2.19143067042,10.147314159,0.440489654453,0.0676804409962,2.22507385851e-308
1104,1134,-451.117972082,60.1336123673,27.63524658,2.22294458661,10.147314159,0.441756461998,0.0676434441488,2.22507385851e-308
1104.5,1134,-463.682980477,68.0943645166,27.5829535435,2.16076977963,10.147314159,0.435780699492,0.0675448914647,2.22507385851e-308
1105,1134,-471.200918701,80.9292239095,27.5546476155,2.04703609746,10.147314159,0.425894890456,0.0674387626364,2.22507385851e-308
1105.5,1134,-471.999010029,95.7823737775,27.5504065512,1.94708286341,10.147314159,0.417797224897,0.0673308042536,2.22507385851e-308
1106,1134,-465.899675375,109.348918199,27.5571273699,1.83546409979,10.147314159,0.407373069363,0.0674617113667,2.22507385851e-308
1106.5,1134,-454.260045476,118.610237036,27.5726178449,1.78492978095,10.147314159,0.403286633228,0.0674979316203,2.22507385851e-308
1107,1134,-439.6699929,121.505643151,27.5896339941,1.76628850691,10.147314159,0.402478331936,0.0675598279455,2.22507385851e-308
1107.5,1134,-425.375873177,117.390895026,27.6102375847,1.78992215279,10.147314159,0.404854158263,0.0676363818775,2.22507385851e-308
1108,1134,-414.558195386,107.181543529,27.6347397086,1.82673964329,10.147314159,0.409189347624,0.0677173032316,2.22507385851e-308
1108.5,1134,-409.623943871,93.1492175368,27.6617861261,1.87949742676,10.147314159,0.414195352272,0.0677973272196,2.22507385851e-308
1109,1134,-411.671012874,78.4161757847,27.6902650326,1.97010004092,10.147314159,0.422198420825,0.0676551362128,2.22507385851e-308
1109.5,1134,-420.243919884,66.2605895719,27.704657227,2.06241029484,10.147314159,0.430216524902,0.0676392911703,2.22507385851e-308
1110,1134,-433.435152644,59.3871341794,27.692734611,2.17515398928,10.147314159,0.439276046434,0.0676566130618,2.22507385851e-308
1110.5,1134,-448.309599631,59.3251858603,27.6460851112,2.22164321329,10.147314159,0.441841528751,0.0676589412481,2.22507385851e-308
1111,1134,-461.557626214,66.0885284079,27.5915179459,2.17964198251,10.147314159,0.437547803141,0.067552518531,2.22507385851e-308
1111.5,1134,-470.231483976,78.1722861966,27.5594041161,2.07973654648,10.147314159,0.428427929627,0.0674640855781,2.22507385851e-308
1112,1134,-472.401198642,92.8877661084,27.548511697,1.95553463135,10.147314159,0.418129731659,0.0674117938116,2.22507385851e-308
1112.5,1134,-467.583998463,106.960704437,27.555008386,1.8550001135,10.147314159,0.408857036123,0.0674179637616,2.22507385851e-308
1113,1134,-456.851733205,117.25980601,27.5694559386,1.79184506735,10.147314159,0.40388614659,0.0674755180397,2.22507385851e-308
1113.5,1134,-442.592382522,121.493472136,27.5854213829,1.76250364109,10.147314159,0.401963824389,0.0675503659302,2.22507385851e-308
1114,1134,-427.978719215,118.719692129,27.6058416218,1.78398704718,10.147314159,0.404398109583,0.0676029281082,2.22507385851e-308
1114.5,1134,-416.262352316,109.555645127,27.6299897699,1.82050434609,10.147314159,0.408679308437,0.0676387004628,2.22507385851e-308
1115,1134,-410.050228736,96.0403748228,27.6581136496,1.88353443836,10.147314159,0.414922821252,0.0675659103551,2.22507385851e-308
1115.5,1134,-410.724575281,81.1810926225,27.6873373386,1.96528136166,10.147314159,0.422330417435,0.0674967924723,2.22507385851e-308
1116,1134,-418.135346661,68.2840589204,27.7031203581,2.0393360352,10.147314159,0.428575078025,0.0676414292623,2.22507385851e-308
1116.5,1134,-430.633611283,60.2189245621,27.6979886832,2.1555555571,10.147314159,0.437729160395,0.0676488314943,2.22507385851e-308
1117,1134,-445.438446302,58.7802199927,27.6565997369,2.21546558121,10.147314159,0.441548626188,0.067679064715,2.22507385851e-308
1117.5,1134,-459.255706078,64.2880637667,27.601030005,2.19689006283,10.147314159,0.439282739083,0.0675559305829,2.22507385851e-308
1118,1134,-469.010985124,75.5169346588,27.5654548308,2.11642958825,10.147314159,0.431751634202,0.0674437953034,2.22507385851e-308
1118.5,1134,-472.533687826,89.9683559189,27.548146771,1.95958064001,10.147314159,0.418225712339,0.0674206087742,2.22507385851e-308
1119,1134,-469.039996215,104.426818136,27.553270567,1.87900733025,10.147314159,0.410981914904,0.0674028550201,2.22507385851e-308
1119.5,1134,-459.307273156,115.675245254,27.5661487109,1.79816253619,10.147314159,0.404498277049,0.0674587919213,2.22507385851e-308
1120,1134,-445.501095448,121.21080917,27.5820742247,1.7670987128,10.147314159,0.402298469391,0.0675277663362,2.22507385851e-308
1120.5,1134,-430.693402767,119.801820796,27.6021414019,1.78236637121,10.147314159,0.404274188859,0.0675614074587,2.22507385851e-308
1121,1134,-418.178976596,111.761786693,27.6251156377,1.81529037017,10.147314159,0.408023537073,0.0676242743627,2.22507385851e-308
1121.5,1134,-410.7423358,98.8796523809,27.6533908795,1.87684805178,10.147314159,0.414006387836,0.0675506424282,2.22507385851e-308
1122,1134,-410.03816804,84.0217535208,27.6810549094,1.93988785341,10.147314159,0.420165927202,0.067529176852,2.22507385851e-308
1122.5,1134,-416.223153967,70.4940427071,27.7000599675,2.01535600047,10.147314159,0.426442530909,0.0676800663729,2.22507385851e-308
1123,1134,-427.92110503,61.3064994182,27.7014098189,2.13197223303,10.147314159,0.435732649745,0.0676723886543,2.22507385851e-308
1123.5,1134,-442.529171929,58.5033953817,27.6661209802,2.20543455419,10.147314159,0.440916062557,0.0676898721931,2.22507385851e-308
1124,1134,-456.79699086,62.7084344705,27.6113621158,2.20934891939,10.147314159,0.440407653319,0.0675814327685,2.22507385851e-308
1124.5,1134,-467.549904795,72.9859756483,27.5691531204,2.12607926457,10.147314159,0.432549322848,0.0674587691635,2.22507385851e-308
1125,1134,-472.395339654,87.0492175149,27.5505663595,2.00621557151,10.147314159,0.422631788905,0.0674293479034,2.22507385851e-308
1125.5,1134,-470.25516332,101.769022406,27.5511000258,1.88467219486,10.147314159,0.411320911913,0.0674303305441,2.22507385851e-308
1126,1134,-461.605575124,113.870164286,27.5623241715,1.80312024873,10.147314159,0.404778398665,0.0674733134401,2.22507385851e-308
1126.5,1134,-448.371149249,120.660081996,27.5790236291,1.77304784428,10.147314159,0.402639848185,0.0675094654265,2.22507385851e-308
1127,1134,-433.496607889,120.627986811,27.5980765959,1.778588014,10.147314159,0.403798783794,0.0675730317498,2.22507385851e-308
1127.5,1134,-420.291606674,113.781020061,27.6199232526,1.80459975182,10.147314159,0.406487400395,0.0676470742111,2.22507385851e-308
1128,1134,-411.694320674,101.64266415,27.6467730011,1.85311545566,10.147314159,0.411250983307,0.0676761077424,2.22507385851e-308
1128.5,1134,-409.617686585,86.9137605375,27.6726334486,1.90304171558,10.147314159,0.41637959494,0.0677635630598,2.22507385851e-308
1129,1134,-414.52376529,72.8715597658,27.6963287706,1.99070093958,10.147314159,0.424155631351,0.067730434907,2.22507385851e-308
1129.5,1134,-425.32093113,62.6405177564,27.7040269644,2.11188920464,10.147314159,0.433973943056,0.0676804292001,2.22507385851e-308
1130,1134,-439.606763765,58.4970896254,27.6754800105,2.19978193123,10.147314159,0.440750017064,0.0676876575429,2.22507385851e-308
1130.5,1134,-454.202598036,61.3632076803,27.6224367758,2.21727368187,10.147314159,0.441168508148,0.0676098580537,2.22507385851e-308
1131,1134,-465.860791956,70.6011471317,27.5745780115,2.1408458901,10.147314159,0.433947598882,0.0675309817456,2.22507385851e-308
1131.5,1134,-471.987342374,84.155422868,27.5530050317,2.03609112689,10.147314159,0.425281587047,0.0673886946597,2.22507385851e-308
1132,1134,-471.21906292,99.0101445904,27.5495660807,1.90628217277,10.147314159,0.41350385591,0.0674210693481,2.22507385851e-308
1132.5,1134,-463.726899395,111.860066632,27.5598415262,1.81769796065,10.147314159,0.40589458263,0.0674649020297,2.22507385851e-308
1133,1134,-451.177893531,119.846020715,27.5761693937,1.77870598221,10.147314159,0.402909688074,0.0675018109698,2.22507385851e-308
1133.5,1134,-436.364258339,121.191094378,27.594229306,1.7754488817,10.147314159,0.403574550014,0.0675678998416,2.22507385851e-308
1134,1134,-422.582097537,115.596002386,27.6154080709,1.79819561915,10.147314159,0.405662385164,0.0676524067842,2.22507385851e-308
1134.5,1134,-412.898006927,104.305679104,27.6397311872,1.82780459097,10.147314159,0.40876355072,0.0677725497871,2.22507385851e-308
1135,1134,-409.466742358,89.8322747278,27.6665633404,1.86915526601,10.147314159,0.413003038253,0.0677602919171,2.22507385851e-308
1135.5,1134,-413.051776385,75.3961900164,27.6918552514,1.96377273153,10.147314159,0.421498730099,0.0677554574154,2.22507385851e-308
1136,1134,-422.855422023,64.2095219256,27.7052739209,2.09120179424,10.147314159,0.432429581255,0.0676557161492,2.22507385851e-308
1136.5,1134,-436.696321865,58.7613568831,27.6845092482,2.19326639333,10.147314159,0.440612863285,0.0676816485812,2.22507385851e-308
1137,1134,-451.494810397,60.2639373149,27.6335890522,2.22167344681,10.147314159,0.441609787302,0.0676422086959,2.22507385851e-308
1137.5,1134,-463.958154101,68.3829319857,27.581808535,2.1584412902,10.147314159,0.435569200826,0.067540787135,2.22507385851e-308
1138,1134,-471.313200204,81.3118262769,27.5543073093,2.04549484463,10.147314159,0.425857813293,0.0674320776109,2.22507385851e-308
1138.5,1134,-471.923416247,96.1738802113,27.5502535309,1.94245068083,10.147314159,0.417394948856,0.0673279810381,2.22507385851e-308
1139,1134,-465.653026282,109.662216671,27.5572822045,1.83193547467,10.147314159,0.407046423725,0.0674658467538,2.22507385851e-308
1139.5,1134,-453.897221658,118.775617157,27.5730415197,1.78378694308,10.147314159,0.403213345599,0.0674984140818,2.22507385851e-308
1140,1134,-439.271724368,121.486307065,27.5902565563,1.76740328248,10.147314159,0.402617244349,0.0675599138558,2.22507385851e-308
1140.5,1134,-425.03077656,117.191145102,27.6109491089,1.79145417349,10.147314159,0.404980258283,0.0676473094709,2.22507385851e-308
1141,1134,-414.343056308,106.845825069,27.635449743,1.82780618811,10.147314159,0.409244846276,0.0677317570913,2.22507385851e-308
1141.5,1134,-409.586631792,92.7522294812,27.6618359338,1.8757773081,10.147314159,0.413787301501,0.0677990745853,2.22507385851e-308
1142,1134,-411.819829908,78.046249849,27.6904381495,1.96705383775,10.147314159,0.421838672951,0.0676665237502,2.22507385851e-308
1142.5,1134,-420.545753538,66.0000360218,27.7049408981,2.06676824738,10.147314159,0.430590372679,0.0676360237206,2.22507385851e-308
1143,1134,-433.822843507,59.2939274092,27.691844967,2.17776004715,10.147314159,0.439474770914,0.0676592729672,2.22507385851e-308
1143.5,1134,-448.696884657,59.4200648161,27.6445530772,2.22206774395,10.147314159,0.4418443974,0.0676565236537,2.22507385851e-308
1144,1134,-461.858332657,66.3503820744,27.5902284567,2.17704269466,10.147314159,0.437309172549,0.0675503430129,2.22507385851e-308
1144.5,1134,-470.378703234,78.5428508976,27.5583193443,2.07080602305,10.147314159,0.427683101445,0.0674525354973,2.22507385851e-308
1145,1134,-472.362173736,93.2845894497,27.5489061119,1.95567785054,10.147314159,0.418260108046,0.0674042186189,2.22507385851e-308
1145.5,1134,-467.367412617,107.295491353,27.555280142,1.85147092286,10.147314159,0.40863235565,0.0674234147615,2.22507385851e-308
1146,1134,-456.505777793,117.458064832,27.5699390642,1.79117204662,10.147314159,0.403839111208,0.0674771379056,2.22507385851e-308
1146.5,1134,-442.194034255,121.511089341,27.5859357089,1.76190082216,10.147314159,0.401927371481,0.067552956483,2.22507385851e-308
1147,1134,-427.616612462,118.552747806,27.6065129193,1.78516791943,10.147314159,0.404510410064,0.067606374533,2.22507385851e-308
1147.5,1134,-416.017057538,109.241285175,27.6309049717,1.82254694543,10.147314159,0.408920173345,0.0676401004687,2.22507385851e-308
1148,1134,-409.976325178,95.6485458147,27.6587540612,1.88354139833,10.147314159,0.414907510403,0.0675959869975,2.22507385851e-308
1148.5,1134,-410.838506833,80.798978361,27.6880108651,1.9681040328,10.147314159,0.422539503468,0.0675155949499,2.22507385851e-308
1149,1134,-418.411763016,67.9966816314,27.703435726,2.04305955854,10.147314159,0.428866393749,0.0676381283076,2.22507385851e-308
1149.5,1134,-431.011008497,60.0902270482,27.6973830355,2.15869617752,10.147314159,0.437991620091,0.067645004289,2.22507385851e-308
1150,1134,-445.832851715,58.838838058,27.6551620748,2.21630866217,10.147314159,0.441592680191,0.0676754371082,2.22507385851e-308
1150.5,1134,-459.579362625,64.520954615,27.599755092,2.19592660078,10.147314159,0.439206583528,0.0675541728224,2.22507385851e-308
1151,1134,-469.191877695,75.8722789777,27.5647917319,2.11471775601,10.147314159,0.431589812839,0.0674498667442,2.22507385851e-308
1151.5,1134,-472.531566972,90.367087921,27.5479663185,1.95553675259,10.147314159,0.41784345223,0.067420398911,2.22507385851e-308
1152,1134,-468.855333835,104.78021807,27.5535037798,1.87521054109,10.147314159,0.410659666196,0.0673982425519,2.22507385851e-308
1152.5,1134,-458.981157501,115.904679967,27.5666364646,1.79740165113,10.147314159,0.404416346931,0.0674604114469,2.22507385851e-308
1153,1134,-445.10608879,121.265228355,27.5825348973,1.7662873213,10.147314159,0.402240451218,0.0675315248261,2.22507385851e-308
1153.5,1134,-430.317395951,119.669115929,27.6026349921,1.78228643639,10.147314159,0.404272302596,0.0675653561352,2.22507385851e-308
1154,1134,-417.905632912,111.471485232,27.6258337276,1.81665353553,10.147314159,0.408223906752,0.067622980532,2.22507385851e-308
1154.5,1134,-410.632475507,98.4963477714,27.6542303182,1.87847826073,10.147314159,0.414237611665,0.0675342188458,2.22507385851e-308
1155,1134,-410.116235573,83.6307328463,27.6820128706,1.94402430601,10.147314159,0.420573435983,0.0675054258413,2.22507385851e-308
1155.5,1134,-416.47177893,70.1823099125,27.7004011556,2.01763871007,10.147314159,0.426632829321,0.0676761746615,2.22507385851e-308
1156,1134,-428.284967197,61.143416521,27.7009353607,2.13480726445,10.147314159,0.435960332729,0.0676726007964,2.22507385851e-308
1156.5,1134,-442.92731025,58.5252490959,27.6648621573,2.20724498238,10.147314159,0.44103727835,0.0676901248566,2.22507385851e-308
1157,1134,-457.14081768,62.9103622416,27.6098483037,2.20759953162,10.147314159,0.440222977564,0.0675793069329,2.22507385851e-308
1157.5,1134,-467.762917026,73.3230475947,27.5685616349,2.12520735884,10.147314159,0.432472181728,0.0674516173858,2.22507385851e-308
1158,1134,-472.430141069,87.446433538,27.5497881487,1.99827189628,10.147314159,0.421851149675,0.0674320521986,2.22507385851e-308
1158.5,1134,-470.104010439,102.138000067,27.5513325993,1.88582076827,10.147314159,0.411422207826,0.0674329091951,2.22507385851e-308
1159,1134,-461.302100178,114.128804315,27.5626725998,1.80086391585,10.147314159,0.404588850307,0.0674715258002,2.22507385851e-308
1159.5,1134,-447.982876843,120.750835765,27.579404305,1.77208538287,10.147314159,0.402602509154,0.0675106864639,2.22507385851e-308
1160,1134,-433.109930467,120.530661179,27.5986644684,1.77930910552,10.147314159,0.403882465914,0.0675703253106,2.22507385851e-308
1160.5,1134,-419.992561786,113.51727044,27.6206264985,1.80586645975,10.147314159,0.406654042426,0.0676469744466,2.22507385851e-308
1161,1134,-411.549447218,101.271176076,27.6477777952,1.85825954596,10.147314159,0.411792336539,0.0676614828713,2.22507385851e-308
1161.5,1134,-409.65921959,86.5171918587,27.6738332215,1.90847816198,10.147314159,0.416954503061,0.0677368638405,2.22507385851e-308
1162,1134,-414.742463465,72.5381488845,27.6970025713,1.99546645221,10.147314159,0.424609331762,0.0677249143439,2.22507385851e-308
1162.5,1134,-425.668133099,62.4444501667,27.7037824017,2.11484897228,10.147314159,0.434213850702,0.0676782056745,2.22507385851e-308
1163,1134,-440.005215454,58.481991291,27.6741836426,2.20027810479,10.147314159,0.440737568941,0.0676889545532,2.22507385851e-308
1163.5,1134,-454.563642063,61.5324380518,27.6208571541,2.21615424081,10.147314159,0.441070628542,0.0676058672851,2.22507385851e-308
1164,1134,-466.104094321,70.9170516531,27.573678927,2.13852283788,10.147314159,0.433737290521,0.0675239561905,2.22507385851e-308
1164.5,1134,-472.058767154,84.547711293,27.552625838,2.03218885125,10.147314159,0.42492757282,0.0673868704047,2.22507385851e-308
1165,1134,-471.102717764,99.3915308935,27.5494481665,1.90111231031,10.147314159,0.412914103824,0.0674326310692,2.22507385851e-308
1165.5,1134,-463.448671649,112.145690562,27.560052662,1.81445501781,10.147314159,0.405605817509,0.0674661784582,2.22507385851e-308
1166,1134,-450.799690182,119.972329599,27.5766531447,1.77874467323,10.147314159,0.402943388838,0.0675020530995,2.22507385851e-308
1166.5,1134,-435.970231416,121.129983894,27.5947787704,1.77612086869,10.147314159,0.403631979876,0.0675692764327,2.22507385851e-308
1167,1134,-422.25991989,115.361069905,27.616106568,1.80011717166,10.147314159,0.405866881989,0.0676500214673,2.22507385851e-308
1167.5,1134,-412.719364601,103.949198211,27.6403795089,1.82744278068,10.147314159,0.408694227367,0.0677610043593,2.22507385851e-308
1168,1134,-409.471384115,89.4335641039,27.6673628643,1.87119407118,10.147314159,0.413197965234,0.0677596527488,2.22507385851e-308
1168.5,1134,-413.238669411,75.0439646562,27.6924213882,1.96735973914,10.147314159,0.421907283134,0.067760768163,2.22507385851e-308
1169,1134,-423.182981739,63.9821536336,27.7050972346,2.09350500804,10.147314159,0.432589573034,0.0676601885345,2.22507385851e-308
1169.5,1134,-437.091664688,58.709436177,27.6833820764,2.19502600672,10.147314159,0.440711941506,0.0676823123506,2.22507385851e-308
1170,1134,-451.869970684,60.3990167966,27.6320819296,2.22146832602,10.147314159,0.441572162859,0.0676417384894,2.22507385851e-308
1170.5,1134,-464.229656919,68.6749558334,27.5807189858,2.15577905083,10.147314159,0.435315441666,0.067541647175,2.22507385851e-308
1171,1134,-471.420634894,81.6958178066,27.5541298479,2.04475415772,10.147314159,0.425897454077,0.0674205909082,2.22507385851e-308
1171.5,1134,-471.842878084,96.5643994961,27.5501398335,1.9371154662,10.147314159,0.416928952513,0.0673287054217,2.22507385851e-308
1172,1134,-465.402435387,109.972371328,27.557587767,1.82863366203,10.147314159,0.406746639694,0.0674700918184,2.22507385851e-308
1172.5,1134,-453.532335688,118.936396311,27.5735066222,1.78319658343,10.147314159,0.403198664899,0.0674980375891,2.22507385851e-308
1173,1134,-438.873732172,121.461936596,27.590827049,1.76857338818,10.147314159,0.402760626539,0.0675597475004,2.22507385851e-308
1173.5,1134,-424.68823328,116.987047555,27.611576469,1.79265947356,10.147314159,0.40507511814,0.0676575500266,2.22507385851e-308
1174,1134,-414.132179439,106.50741311,27.6360255614,1.82803176837,10.147314159,0.40921330663,0.067745334842,2.22507385851e-308
1174.5,1134,-409.554342434,92.3548013685,27.6619182636,1.87188894487,10.147314159,0.413365698346,0.0677947856839,2.22507385851e-308
1175,1134,-411.973312594,77.6782352124,27.6905662973,1.96355848434,10.147314159,0.421442429649,0.0676765870447,2.22507385851e-308
1175.5,1134,-420.850857646,65.7433198544,27.7052267645,2.07095016993,10.147314159,0.43094637992,0.0676343056457,2.22507385851e-308
1176,1134,-434.211681935,59.2056302692,27.6909628633,2.18018161005,10.147314159,0.439659705171,0.0676622405442,2.22507385851e-308
1176.5,1134,-449.082939019,59.5198332339,27.64307857,2.22240337917,10.147314159,0.441839070383,0.0676534956632,2.22507385851e-308
1177,1134,-462.155704037,66.6160171062,27.5890344013,2.17467530155,10.147314159,0.437090636336,0.0675507428593,2.22507385851e-308
1177.5,1134,-470.521225096,78.9152474957,27.5572702012,2.06189719881,10.147314159,0.426899538479,0.0674379723803,2.22507385851e-308
1178,1134,-472.318134294,93.680887614,27.549381182,1.95556773736,10.147314159,0.418337084653,0.0673949470129,2.22507385851e-308
1178.5,1134,-467.146610855,107.627512872,27.5556570317,1.84913797366,10.147314159,0.408488833751,0.0674312748814,2.22507385851e-308
1179,1134,-456.157343144,117.651933352,27.5704108034,1.79035965692,10.147314159,0.403769203998,0.0674787622299,2.22507385851e-308
1179.5,1134,-441.795495073,121.523668201,27.586491955,1.7620731932,10.147314159,0.401965386165,0.0675554927637,2.22507385851e-308
1180,1134,-427.256645595,118.381238151,27.607131212,1.78616540112,10.147314159,0.404598621729,0.0676094142785,2.22507385851e-308
1180.5,1134,-415.775757312,108.923848712,27.6316190333,1.82359334015,10.147314159,0.409060984252,0.0676377872453,2.22507385851e-308
1181,1134,-409.907382032,95.255813654,27.6594344539,1.88358581582,10.147314159,0.414879989957,0.0676294340029,2.22507385851e-308
1181.5,1134,-410.957260942,80.4183352616,27.6887279902,1.97194958191,10.147314159,0.422802091986,0.067539145411,2.22507385851e-308
1182,1134,-418.691791031,67.7128224789,27.7037181547,2.04616303668,10.147314159,0.429063370233,0.0676340154138,2.22507385851e-308
1182.5,1134,-431.390002863,59.9663118431,27.6968005779,2.16205869812,10.147314159,0.438262037089,0.0676425865018,2.22507385851e-308
1183,1134,-446.226484397,58.9024385182,27.6537586086,2.21728094069,10.147314159,0.441645944441,0.0676719884508,2.22507385851e-308
1183.5,1134,-459.900048495,64.757919338,27.5986358985,2.19575273475,10.147314159,0.439171771792,0.0675530326235,2.22507385851e-308
1184,1134,-469.368262634,76.2298821946,27.5641119416,2.11240972261,10.147314159,0.431361008837,0.0674551866535,2.22507385851e-308
1184.5,1134,-472.524404499,90.7657612289,27.5478242869,1.95209211698,10.147314159,0.417515745328,0.0674214803128,2.22507385851e-308
1185,1134,-468.666217634,105.131254777,27.5537072652,1.87149718798,10.147314159,0.410312024661,0.0673993741326,2.22507385851e-308
1185.5,1134,-458.652166818,116.12997275,27.5671107365,1.79698686949,10.147314159,0.404355624624,0.0674634380295,2.22507385851e-308
1186,1134,-444.710425605,121.314648507,27.5829734122,1.76552697557,10.147314159,0.40217812782,0.067536672906,2.22507385851e-308
1186.5,1134,-429.943097189,119.531667232,27.603057228,1.78181632635,10.147314159,0.404229245941,0.0675710440463,2.22507385851e-308
1187,1134,-417.635981814,111.177750671,27.6263965825,1.81707908301,10.147314159,0.408292147354,0.067629804657,2.22507385851e-308
1187.5,1134,-410.527470714,98.1116846708,27.6549582163,1.87988918811,10.147314159,0.414431527893,0.0675264461076,2.22507385851e-308
1188,1134,-410.199241147,83.2407305615,27.6827993002,1.9474728959,10.147314159,0.420906571524,0.0674880588126,2.22507385851e-308
1188.5,1134,-416.724325739,69.8737457918,27.7007833635,2.02045059496,10.147314159,0.426883204908,0.067671938928,2.22507385851e-308
1189,1134,-428.650862385,60.9849475371,27.7004798301,2.13765658209,10.147314159,0.436198082659,0.0676733243449,2.22507385851e-308
1189.5,1134,-443.325140411,58.5521353453,27.6635992,2.20883277057,10.147314159,0.441142921339,0.0676904150865,2.22507385851e-308
1190,1134,-457.482063727,63.116621407,27.6083440097,2.20524554084,10.147314159,0.439988801582,0.0675754610526,2.22507385851e-308
1190.5,1134,-467.971650103,73.6627860386,27.567858275,2.12232219311,10.147314159,0.432211914972,0.0674465632314,2.22507385851e-308
1191,1134,-472.459917081,87.8440578539,27.5489279041,1.98849586867,10.147314159,0.420899314601,0.0674320870819,2.22507385851e-308
1191.5,1134,-469.948204084,102.505036968,27.5515234584,1.88659125422,10.147314159,0.411526664425,0.0674322426947,2.22507385851e-308
1192,1134,-460.995379104,114.38358636,27.5631630264,1.79982960653,10.147314159,0.404524727977,0.0674697248666,2.22507385851e-308
1192.5,1134,-447.593487937,120.836672747,27.5797651077,1.77116592838,10.147314159,0.402551217921,0.0675120972974,2.22507385851e-308
1193,1134,-432.724514597,120.428453964,27.599222679,1.77990519284,10.147314159,0.403952599155,0.0675675506448,2.22507385851e-308
1193.5,1134,-419.696875802,113.249760615,27.6213902688,1.80812183868,10.147314159,0.406938492854,0.0676414588343,2.22507385851e-308
1194,1134,-411.409282647,100.89788584,27.6487427189,1.86305434422,10.147314159,0.412302629966,0.0676468977667,2.22507385851e-308
1194.5,1134,-409.705763708,86.1211800501,27.6750273403,1.91382508728,10.147314159,0.417524035277,0.067705642483,2.22507385851e-308
1195,1134,-414.965359988,72.2075299991,27.6976205867,1.99968264259,10.147314159,0.42501985565,0.0677181971633,2.22507385851e-308
1195.5,1134,-426.017786499,62.2527884663,27.7035437346,2.11791220221,10.147314159,0.434477190448,0.0676758963854,2.22507385851e-308
1196,1134,-440.403826199,58.4719324082,27.6728893899,2.20063624101,10.147314159,0.440716499398,0.0676902720402,2.22507385851e-308
1196.5,1134,-454.922517382,61.7062201355,27.6192849954,2.21473683114,10.147314159,0.440949873962,0.0676014996533,2.22507385851e-308
1197,1134,-466.343382762,71.2360073697,27.5729587196,2.13714874615,10.147314159,0.433604986798,0.0675134185419,2.22507385851e-308
1197.5,1134,-472.125225911,84.9408714908,27.5523065658,2.02801203293,10.147314159,0.424592418375,0.0673888402486,2.22507385851e-308
1198,1134,-470.981559448,99.7714155736,27.549450599,1.89568291836,10.147314159,0.412355907809,0.0674328807732,2.22507385851e-308
1198.5,1134,-463.166854559,112.427773591,27.5603337748,1.81219660327,10.147314159,0.405435342691,0.0674698958723,2.22507385851e-308
1199,1134,-450.419919949,120.093846172,27.5770488601,1.77806996943,10.147314159,0.402910779048,0.0675030667302,2.22507385851e-308
1199.5,1134,-435.577008708,121.063896,27.5953346018,1.77696486397,10.147314159,0.403708706712,0.0675695269895,2.22507385851e-308
1200,1134,-421.940738615,115.122082412,27.616809921,1.80223422859,10.147314159,0.406091408318,0.0676482231872,2.22507385851e-308
