time,x,y,z,rel_vel_mag,alpha_deg,alpha_geom_deg,cl,cd,cm
500.5,3402,1337.45494902,118.02550478,28.8990979658,10.3110584235,10.147314159,0.642915714324,0.0923142131508,2.22507385851e-308
501,3402,1348.69360368,108.281498822,28.8803835774,10.2056604974,10.147314159,0.870350224936,0.0915300765473,2.22507385851e-308
501.5,3402,1354.21531031,94.4697731253,28.8553613103,10.0648479921,10.147314159,0.868457453973,0.0904850591456,2.22507385851e-308
502,3402,1352.79146312,79.6635018205,28.8320831882,9.93284572051,10.147314159,0.866265530616,0.0896036469596,2.22507385851e-308
502.5,3402,1344.73887483,67.1571501271,28.8094218832,9.8021299249,10.147314159,0.863593098677,0.088786473015,2.22507385851e-308
503,3402,1331.84928433,59.7334403007,28.787210054,9.68140144873,10.147314159,0.86081342079,0.0880809147291,2.22507385851e-308
503.5,3402,1316.99068632,59.0441828018,28.7618085801,9.56158251755,10.147314159,0.858057500322,0.0873809658781,2.22507385851e-308
504,3402,1303.46918896,65.2427406759,28.7355675883,9.450005885,10.147314159,0.855286530582,0.0867545439224,2.22507385851e-308
504.5,3402,1294.29338919,76.9499055518,28.7125672082,9.33249340845,10.147314159,0.851860350653,0.0861409911675,2.22507385851e-308
505,3402,1291.50494576,91.5607780114,28.691390743,9.20602938081,10.147314159,0.848062685918,0.0854361934505,2.22507385851e-308
505.5,3402,1295.7243005,105.82437,28.6746823999,9.08929142872,10.147314159,0.844699880236,0.084805609954,2.22507385851e-308
506,3402,1306.01262705,116.566965006,28.6592777001,8.97578927956,10.147314159,0.841089080568,0.0842307938012,2.22507385851e-308
506.5,3402,1320.08072423,121.398284957,28.6435246528,8.87184696335,10.147314159,0.837972741908,0.0837040708425,2.22507385851e-308
507,3402,1334.79837405,119.243338372,28.6323768927,8.78112698185,10.147314159,0.835253967489,0.0832680535259,2.22507385851e-308
507.5,3402,1346.89082997,110.581611032,28.6212972848,8.70178114866,10.147314159,0.833037654681,0.0829415006298,2.22507385851e-308
508,3402,1353.66746351,97.3403781358,28.6171006832,8.64396380853,10.147314159,0.831345285964,0.0827144867525,2.22507385851e-308
508.5,3402,1353.62044173,82.4658764728,28.6150278253,8.58544895633,10.147314159,0.829462830339,0.0824848220676,2.22507385851e-308
509,3402,1346.76022721,69.2677528399,28.6101352923,8.52680812568,10.147314159,0.82762801478,0.0822484661376,2.22507385851e-308
509.5,3402,1334.61325003,60.6826520126,28.5982874891,8.49226439675,10.147314159,0.826351762999,0.0821341671637,2.22507385851e-308
510,3402,1319.88226993,58.6207994288,28.568899146,8.45373924461,10.147314159,0.825116036589,0.0819785069317,2.22507385851e-308
510.5,3402,1305.84499948,63.5409670159,28.5358321136,8.41730920863,10.147314159,0.823798496596,0.0818205411129,2.22507385851e-308
511,3402,1295.62479758,74.3483942729,28.5164189657,8.36630188239,10.147314159,0.821898903642,0.0816373430481,2.22507385851e-308
511.5,3402,1291.49570737,88.6383776469,28.5076116817,8.29396240862,10.147314159,0.819316147492,0.0813445098846,2.22507385851e-308
512,3402,1294.37647091,103.231328418,28.5063508731,8.23158620456,10.147314159,0.816983462349,0.0811444250901,2.22507385851e-308
512.5,3402,1303.62610471,114.880246193,28.5058744837,8.16540400059,10.147314159,0.81475837101,0.0808752135434,2.22507385851e-308
513,3402,1317.18652162,120.993191807,28.5040774332,8.10549699438,10.147314159,0.812729104152,0.0806700595784,2.22507385851e-308
513.5,3402,1332.04046489,120.210006021,28.5056023761,8.06750825248,10.147314159,0.811310701616,0.0805633622648,2.22507385851e-308
514,3402,1344.88286208,112.704951368,28.5077546102,8.03543144427,10.147314159,0.810695863981,0.0804411620869,2.22507385851e-308
514.5,3402,1352.85621921,100.147937916,28.5198780991,8.0302376356,10.147314159,0.810552901509,0.0804428523765,2.22507385851e-308
515,3402,1354.18642671,85.3329604008,28.5309313055,8.00697481188,10.147314159,0.810002135296,0.080348492312,2.22507385851e-308
515.5,3402,1348.57750713,71.5564212149,28.5390373141,8.00495233263,10.147314159,0.809866311143,0.0803373150989,2.22507385851e-308
516,3402,1337.27747154,61.8836653236,28.5303032683,8.01947092321,10.147314159,0.810217425064,0.0803868688379,2.22507385851e-308
516.5,3402,1322.80063118,58.4669265477,28.4959912309,8.04319660662,10.147314159,0.811037165093,0.0804723370336,2.22507385851e-308
517,3402,1308.36815132,62.0664453848,28.4554844452,8.05605788465,10.147314159,0.811111322783,0.080512711188,2.22507385851e-308
517.5,3402,1297.19132682,71.8813119113,28.433785532,8.04649061346,10.147314159,0.810427834123,0.0804847718011,2.22507385851e-308
518,3402,1291.75705387,85.7276720197,28.4321184049,8.02293306956,10.147314159,0.809349795544,0.0804003066441,2.22507385851e-308
518.5,3402,1293.27448383,100.52464526,28.4401916353,7.98345771369,10.147314159,0.807163707945,0.0802854212951,2.22507385851e-308
519,3402,1301.40598138,112.979835276,28.4486857801,7.93443819714,10.147314159,0.805266253597,0.0801083777151,2.22507385851e-308
519.5,3402,1314.34224996,120.321903526,28.4576302699,7.8931433937,10.147314159,0.803625235196,0.0799716428582,2.22507385851e-308
520,3402,1329.20490876,120.917205187,28.4655364945,7.86248744847,10.147314159,0.802545548429,0.0798816786342,2.22507385851e-308
520.5,3402,1342.68694609,114.633282829,28.4767833522,7.84329465221,10.147314159,0.802182193987,0.079811748305,2.22507385851e-308
521,3402,1351.78854503,102.868338824,28.4921037407,7.83083142818,10.147314159,0.801913212286,0.0797853017335,2.22507385851e-308
521.5,3402,1354.48455689,88.2401287196,28.5082251688,7.81909867706,10.147314159,0.801606423727,0.0797349586256,2.22507385851e-308
522,3402,1350.17510629,74.0034982779,28.5198091752,7.82556134409,10.147314159,0.80190735793,0.0797554022058,2.22507385851e-308
522.5,3402,1339.81906634,63.3261649392,28.5118495872,7.84563526529,10.147314159,0.802770820235,0.0798117706525,2.22507385851e-308
523,3402,1325.72070477,58.583885746,28.4757902711,7.88999469396,10.147314159,0.804695018442,0.0799621922754,2.22507385851e-308
523.5,3402,1311.01697356,60.8318401922,28.4278832567,7.91919588888,10.147314159,0.80545702314,0.0800538130323,2.22507385851e-308
524,3402,1298.97952226,69.5698478081,28.400840081,7.93567862994,10.147314159,0.805848666995,0.0801099786189,2.22507385851e-308
524.5,3402,1292.28674059,82.853660674,28.3970904938,7.92618976429,10.147314159,0.804875505927,0.0800827359268,2.22507385851e-308
525,3402,1292.42780404,97.7275677556,28.4069478699,7.89583680047,10.147314159,0.803242560983,0.0799848731534,2.22507385851e-308
525.5,3402,1299.37132533,110.882054554,28.4208544752,7.85247361318,10.147314159,0.801387998558,0.0798415166432,2.22507385851e-308
526,3402,1311.5723382,119.390185694,28.4335996312,7.80672113131,10.147314159,0.799470966988,0.0796901991226,2.22507385851e-308
526.5,3402,1326.31605975,121.358861858,28.4457658807,7.77513620088,10.147314159,0.798564145213,0.079592426712,2.22507385851e-308
527,3402,1340.32194235,116.35004331,28.4599079314,7.74715585502,10.147314159,0.797664133111,0.079494172858,2.22507385851e-308
527.5,3402,1350.47361106,105.47821581,28.477594095,7.73200096733,10.147314159,0.797332712208,0.0794542901609,2.22507385851e-308
528,3402,1354.51227169,91.1624122664,28.4960580597,7.72185679307,10.147314159,0.797121645562,0.0794189705987,2.22507385851e-308
528.5,3402,1351.5393032,76.5879665099,28.5108806252,7.73179728978,10.147314159,0.797611024134,0.0794622534865,2.22507385851e-308
529,3402,1342.2162051,64.9977614814,28.5058061941,7.75450583416,10.147314159,0.798614751793,0.0795159574958,2.22507385851e-308
529.5,3402,1328.6174107,58.9706724814,28.4707772053,7.79808998303,10.147314159,0.800387245715,0.0796651142605,2.22507385851e-308
530,3402,1313.76871593,59.8477552473,28.4199464923,7.84283175993,10.147314159,0.802151490104,0.0798005982327,2.22507385851e-308
530.5,3402,1300.97402541,67.433854726,28.3848130015,7.8710491715,10.147314159,0.802981582182,0.079895349703,2.22507385851e-308
531,3402,1293.08021815,80.0410279928,28.3780429802,7.87526207928,10.147314159,0.802491858257,0.0799220679804,2.22507385851e-308
531.5,3402,1291.84370352,94.8641195166,28.3870887931,7.85084543908,10.147314159,0.80157030118,0.0798281641434,2.22507385851e-308
532,3402,1297.53961184,108.6049215,28.4017973343,7.80108840113,10.147314159,0.799017401998,0.079671144099,2.22507385851e-308
532.5,3402,1308.90057665,118.206040673,28.4177115401,7.75908355318,10.147314159,0.797204061426,0.0795315403525,2.22507385851e-308
533,3402,1323.39872967,121.531182723,28.4323341413,7.72325787565,10.147314159,0.79608423444,0.0794209028375,2.22507385851e-308
533.5,3402,1337.80816346,117.840487857,28.4482667845,7.69533909449,10.147314159,0.795220471351,0.0793266920952,2.22507385851e-308
534,3402,1348.92271102,107.955153094,28.4671916959,7.67872333872,10.147314159,0.794926186091,0.0792736137602,2.22507385851e-308
534.5,3402,1354.26933307,94.0747120567,28.4882520142,7.67523153432,10.147314159,0.795278594515,0.0792623699749,2.22507385851e-308
535,3402,1352.65838099,79.287628363,28.5051926292,7.68148915455,10.147314159,0.795177203734,0.0792982445852,2.22507385851e-308
535.5,3402,1344.44829922,66.8840978985,28.502716927,7.69569331666,10.147314159,0.795920712806,0.0793265505915,2.22507385851e-308
536,3402,1331.46586967,59.6239647099,28.4721947903,7.74093165965,10.147314159,0.797762894765,0.0794776155257,2.22507385851e-308
536.5,3402,1316.59974419,59.1226426844,28.4206337658,7.79276052425,10.147314159,0.800060738426,0.0796343889937,2.22507385851e-308
537,3402,1303.15770581,65.4916783378,28.3789259342,7.83102111735,10.147314159,0.801170802722,0.0797646338678,2.22507385851e-308
537.5,3402,1294.13067151,77.3139311888,28.3669923841,7.84374961786,10.147314159,0.801268687696,0.0798258848106,2.22507385851e-308
538,3402,1291.527199,91.9588942018,28.3730199559,7.81703232442,10.147314159,0.799637242849,0.079724152765,2.22507385851e-308
538.5,3402,1295.9265732,106.167994013,28.3896125224,7.77978073157,10.147314159,0.79797098589,0.0796023834005,2.22507385851e-308
539,3402,1306.34991259,116.779638877,28.4068910819,7.73563407978,10.147314159,0.795966700937,0.0794548271927,2.22507385851e-308
539.5,3402,1320.47797498,121.432687748,28.4224234378,7.69279515681,10.147314159,0.794470695316,0.07931955937,2.22507385851e-308
540,3402,1335.16719984,119.091815299,28.4400324317,7.66817947516,10.147314159,0.793811621934,0.0792417110839,2.22507385851e-308
540.5,3402,1347.14916533,110.277876693,28.4593255366,7.64996790446,10.147314159,0.793514348599,0.0791816845776,2.22507385851e-308
541,3402,1353.7578276,96.9520148543,28.4809587072,7.64390723653,10.147314159,0.793476864886,0.0791667615707,2.22507385851e-308
541.5,3402,1353.52272812,82.0792969116,28.4998369771,7.6457229756,10.147314159,0.793578878202,0.0791725116047,2.22507385851e-308
542,3402,1346.49617763,68.9689727751,28.5017275915,7.65927137297,10.147314159,0.79426729364,0.0792091517052,2.22507385851e-308
542.5,3402,1334.24161676,60.5381514184,28.4766770477,7.7014925917,10.147314159,0.796030372898,0.0793453196676,2.22507385851e-308
543,3402,1319.48574313,58.662730369,28.4251472682,7.75591788965,10.147314159,0.798377849546,0.079517175149,2.22507385851e-308
543.5,3402,1305.51180823,63.7599996586,28.3783460848,7.80232353073,10.147314159,0.799943237217,0.0796694447473,2.22507385851e-308
544,3402,1295.42907851,74.6957928217,28.3596051602,7.81814813712,10.147314159,0.800238619307,0.0797274374033,2.22507385851e-308
544.5,3402,1291.48100889,89.0368442856,28.364200682,7.80098104416,10.147314159,0.798961485266,0.0796693542024,2.22507385851e-308
545,3402,1294.5460635,103.59220244,28.3808202554,7.77021050621,10.147314159,0.797446273715,0.0795823775453,2.22507385851e-308
545.5,3402,1303.94225323,115.123231425,28.3993601925,7.72931874095,10.147314159,0.795615629246,0.079434678862,2.22507385851e-308
546,3402,1317.57888152,121.064222889,28.4154124438,7.68323524172,10.147314159,0.793930453683,0.0792836102063,2.22507385851e-308
546.5,3402,1332.42173425,120.093278203,28.4332265701,7.65274173083,10.147314159,0.792850515159,0.0791958852459,2.22507385851e-308
547,3402,1345.16820666,112.426437139,28.4523945923,7.63191459041,10.147314159,0.792578098148,0.0791229463285,2.22507385851e-308
547.5,3402,1352.9821485,99.7696080064,28.4746294981,7.62533092492,10.147314159,0.792376063241,0.0791168793285,2.22507385851e-308
548,3402,1354.12492085,84.9389950004,28.4937051661,7.61669939588,10.147314159,0.792329689852,0.0790849165644,2.22507385851e-308
548.5,3402,1348.34225146,71.2344794841,28.500922221,7.63400084867,10.147314159,0.793161595939,0.0791314301685,2.22507385851e-308
549,3402,1336.92081156,61.7053808163,28.4817541395,7.67255255686,10.147314159,0.794772307913,0.0792480795812,2.22507385851e-308
549.5,3402,1322.40192541,58.4719684081,28.4321691879,7.72720552476,10.147314159,0.797055207275,0.0794276270199,2.22507385851e-308
550,3402,1308.01611368,62.253691775,28.381263217,7.77953757097,10.147314159,0.798999921164,0.0795947425935,2.22507385851e-308
550.5,3402,1296.96428735,72.2090996262,28.3558689577,7.79908560633,10.147314159,0.799409543329,0.079662147592,2.22507385851e-308
551,3402,1291.70552992,86.1230667462,28.3579075579,7.79564308049,10.147314159,0.798966153284,0.0796487246954,2.22507385851e-308
551.5,3402,1293.40993972,100.899669806,28.3740535639,7.766079052,10.147314159,0.797101346731,0.0795694983033,2.22507385851e-308
552,3402,1301.69827754,113.251044911,28.3915838351,7.71924220609,10.147314159,0.795065697164,0.0794033043187,2.22507385851e-308
552.5,3402,1314.7263491,120.428952827,28.4092502609,7.67722197077,10.147314159,0.793479704786,0.0792653695051,2.22507385851e-308
553,3402,1329.59534703,120.836275178,28.4269742241,7.64418349512,10.147314159,0.792314962989,0.0791709595856,2.22507385851e-308
553.5,3402,1342.99684912,114.38238082,28.4462530459,7.62044209492,10.147314159,0.79181339927,0.0790878891213,2.22507385851e-308
554,3402,1351.94895794,102.503291696,28.4682410652,7.60877698363,10.147314159,0.791581353269,0.0790693668677,2.22507385851e-308
554.5,3402,1354.45978704,87.8421611801,28.4886848014,7.59932453593,10.147314159,0.791365550768,0.0790334765462,2.22507385851e-308
555,3402,1349.9706651,73.6611599824,28.499226675,7.61169954492,10.147314159,0.791991598615,0.0790664094619,2.22507385851e-308
555.5,3402,1339.48044293,63.1156277735,28.4859851081,7.64772054243,10.147314159,0.793665760798,0.0791667755037,2.22507385851e-308
556,3402,1325.32324446,58.5519952227,28.4414221065,7.71070421667,10.147314159,0.796482821615,0.0793743329023,2.22507385851e-308
556.5,3402,1310.64911313,60.9856921033,28.3864408765,7.75779461025,10.147314159,0.798032144832,0.07952296673,2.22507385851e-308
557,3402,1298.7231124,69.8752093774,28.3556039583,7.78744299127,10.147314159,0.799057957844,0.0796209187448,2.22507385851e-308
557.5,3402,1292.1988337,83.2425875117,28.3528020892,7.78558803295,10.147314159,0.798433888577,0.0796163947402,2.22507385851e-308
558,3402,1292.52795981,98.1135218054,28.3673948279,7.76159422998,10.147314159,0.796974661483,0.0795407729376,2.22507385851e-308
558.5,3402,1299.63725864,111.179159219,28.3855470246,7.71784520967,10.147314159,0.7951069901,0.0793962377483,2.22507385851e-308
559,3402,1311.94487764,119.532333785,28.4036610791,7.67331399964,10.147314159,0.793148682244,0.0792524849932,2.22507385851e-308
559.5,3402,1326.71231352,121.314424753,28.4214871694,7.64072674418,10.147314159,0.792163292275,0.0791561825619,2.22507385851e-308
560,3402,1340.65374213,116.128908476,28.440044052,7.61006714083,10.147314159,0.791159684939,0.0790526045557,2.22507385851e-308
560.5,3402,1350.66712983,105.129586789,28.4615151944,7.59418659041,10.147314159,0.790826365616,0.079016668358,2.22507385851e-308
561,3402,1354.52445061,90.763860662,28.4832518757,7.58489745826,10.147314159,0.790643750276,0.0789894922371,2.22507385851e-308
561.5,3402,1351.3674324,76.2281719338,28.4972652094,7.59742554849,10.147314159,0.791273473672,0.079031970564,2.22507385851e-308
562,3402,1341.89852665,64.7567799244,28.4892484601,7.62858843963,10.147314159,0.792690387347,0.0791128924565,2.22507385851e-308
562.5,3402,1328.22460956,58.9021234767,28.4493478553,7.68313846632,10.147314159,0.794989577661,0.0792905000826,2.22507385851e-308
563,3402,1313.38819219,59.966891272,28.3940123294,7.73773826347,10.147314159,0.79720191311,0.0794572518314,2.22507385851e-308
563.5,3402,1300.69044741,67.7141674524,28.3568761838,7.77254488194,10.147314159,0.79840631976,0.0795716049405,2.22507385851e-308
564,3402,1292.95668333,80.4201465169,28.3504887146,7.78048480785,10.147314159,0.798086429458,0.0796080548922,2.22507385851e-308
564.5,3402,1291.90769895,95.2576881781,28.3619418263,7.75837149206,10.147314159,0.797182214531,0.0795243989275,2.22507385851e-308
565,3402,1297.77689825,108.925369415,28.3790742753,7.71077020313,10.147314159,0.794669695783,0.0793770538132,2.22507385851e-308
565.5,3402,1309.25835669,118.382066668,28.3979985175,7.669319873,10.147314159,0.792883898344,0.0792398066239,2.22507385851e-308
566,3402,1323.79739559,121.523620185,28.4157738599,7.63365497023,10.147314159,0.791807598138,0.0791301262143,2.22507385851e-308
566.5,3402,1338.15901022,117.651019485,28.4341736934,7.60299459051,10.147314159,0.790773094413,0.0790304301051,2.22507385851e-308
567,3402,1349.14767355,107.625936495,28.4551425285,7.58585683061,10.147314159,0.790494997805,0.078984490911,2.22507385851e-308
567.5,3402,1354.31835615,93.6789994775,28.4777815455,7.58111992306,10.147314159,0.790699297474,0.0789749567689,2.22507385851e-308
568,3402,1352.52055676,78.9134677193,28.4942290891,7.58807061839,10.147314159,0.790743893039,0.0790064732217,2.22507385851e-308
568.5,3402,1344.15429421,66.6147416987,28.4898757181,7.60682381173,10.147314159,0.791643474097,0.0790486827649,2.22507385851e-308
569,3402,1331.08110139,59.5193459793,28.456161034,7.65625116509,10.147314159,0.793735873394,0.0792025787727,2.22507385851e-308
569.5,3402,1316.20982539,59.2060395841,28.4019859218,7.71261586595,10.147314159,0.796206295946,0.0793742006553,2.22507385851e-308
570,3402,1302.84939528,65.7445346642,28.3592859306,7.75386059925,10.147314159,0.797479498278,0.0795139475167,2.22507385851e-308
570.5,3402,1293.97256978,77.6799852162,28.3482829128,7.77015707185,10.147314159,0.797782528974,0.0795855955919,2.22507385851e-308
571,3402,1291.55448446,92.3566971822,28.355638713,7.74442130789,10.147314159,0.796231574888,0.0794848751967,2.22507385851e-308
571.5,3402,1296.1331747,106.509032907,28.3736045549,7.70759506791,10.147314159,0.794511125625,0.0793666258513,2.22507385851e-308
572,3402,1306.68986032,116.988030921,28.3924199398,7.66380495191,10.147314159,0.792523567277,0.0792216204348,2.22507385851e-308
572.5,3402,1320.87562898,121.462064729,28.4094352181,7.61996918056,10.147314159,0.790936243169,0.0790846525843,2.22507385851e-308
573,3402,1335.5340802,118.9356407,28.4280411235,7.59517498141,10.147314159,0.790283797409,0.0790066727638,2.22507385851e-308
573.5,3402,1347.40363945,109.9709001,28.4480265818,7.57670595711,10.147314159,0.789938530287,0.0789569801437,2.22507385851e-308
574,3402,1353.84327379,96.5625400069,28.4698268994,7.56834247587,10.147314159,0.789771821508,0.0789367989189,2.22507385851e-308
574.5,3402,1353.42013419,81.6939838009,28.488456515,7.57252374532,10.147314159,0.789936203066,0.0789507999973,2.22507385851e-308
575,3402,1346.22837122,68.6735553862,28.4886403085,7.5860209877,10.147314159,0.790652632019,0.0789850193454,2.22507385851e-308
575.5,3402,1333.86818606,60.3983615139,28.4615994732,7.62886055345,10.147314159,0.792515154226,0.079110049097,2.22507385851e-308
576,3402,1319.08977823,58.7096718623,28.4092207416,7.68419655379,10.147314159,0.794937424815,0.079282840364,2.22507385851e-308
576.5,3402,1305.18141319,63.9832278459,28.3628614342,7.73035007215,10.147314159,0.796468639319,0.0794355887881,2.22507385851e-308
577,3402,1295.23776778,75.0456383781,28.3456551399,7.74730651714,10.147314159,0.796886550395,0.0794974873798,2.22507385851e-308
577.5,3402,1291.47135002,89.4354649244,28.3514695572,7.729809524,10.147314159,0.795620301573,0.0794368740391,2.22507385851e-308
578,3402,1294.72020563,103.950903188,28.3686518601,7.69877168719,10.147314159,0.794044447403,0.0793485896004,2.22507385851e-308
578.5,3402,1304.26144891,115.362199674,28.387493127,7.65765381138,10.147314159,0.792200946145,0.0792020509982,2.22507385851e-308
579,3402,1317.97210821,121.130287076,28.403644584,7.61348510324,10.147314159,0.790580896475,0.0790580828748,2.22507385851e-308
579.5,3402,1332.80149716,119.971738734,28.4209148513,7.58413009418,10.147314159,0.789522500229,0.0789743645427,2.22507385851e-308
580,3402,1345.45000674,112.14433712,28.4390660774,7.56277986798,10.147314159,0.789111766812,0.0789126196066,2.22507385851e-308
580.5,3402,1353.10328391,99.3897160225,28.4602274579,7.55643556775,10.147314159,0.788917351724,0.0789067252429,2.22507385851e-308
581,3402,1354.05843839,84.54583881,28.4778408183,7.54739076225,10.147314159,0.788780131199,0.0788744114358,2.22507385851e-308
581.5,3402,1348.10294379,70.9155381944,28.4833239526,7.5616039277,10.147314159,0.789498961215,0.0789096515688,2.22507385851e-308
582,3402,1336.56192577,61.5316203691,28.4634847405,7.59704745782,10.147314159,0.791006515425,0.0790113003973,2.22507385851e-308
582.5,3402,1322.00331528,58.4820513226,28.4146276849,7.64614464212,10.147314159,0.793094685725,0.0791640514366,2.22507385851e-308
583,3402,1307.66647184,62.4453745552,28.3666461071,7.69563821781,10.147314159,0.79497014321,0.0793219475278,2.22507385851e-308
583.5,3402,1296.74141076,72.5397319491,28.3439464804,7.71237892755,10.147314159,0.795294910677,0.0793805060688,2.22507385851e-308
584,3402,1291.65900967,86.5190813601,28.3477183909,7.70702679871,10.147314159,0.794775211116,0.079361297112,2.22507385851e-308
584.5,3402,1293.5501268,101.272951591,28.3636958005,7.67777435728,10.147314159,0.792982569346,0.0792845155926,2.22507385851e-308
585,3402,1301.99397965,113.518536908,28.3805015194,7.63234635422,10.147314159,0.790919081839,0.0791222408337,2.22507385851e-308
585.5,3402,1315.11177113,120.531136806,28.3960865765,7.59205460876,10.147314159,0.789403062659,0.0789896302487,2.22507385851e-308
586,3402,1329.98473076,120.750414721,28.4109629012,7.56104522994,10.147314159,0.788261211945,0.0789044109987,2.22507385851e-308
586.5,3402,1343.30355484,114.127580283,28.4268584384,7.5385160461,10.147314159,0.787695196338,0.0788382353268,2.22507385851e-308
587,3402,1352.10474217,102.136245401,28.4455942011,7.52656213116,10.147314159,0.787316519091,0.0788193300594,2.22507385851e-308
587.5,3402,1354.42998706,87.4445386601,28.4626578109,7.51542268609,10.147314159,0.786979311919,0.0787779228588,2.22507385851e-308
588,3402,1349.76191155,73.3214341233,28.4706584752,7.52114325139,10.147314159,0.787279196635,0.0787895032023,2.22507385851e-308
588.5,3402,1339.13918445,62.9093891819,28.4572809719,7.54590438398,10.147314159,0.788433683518,0.0788539532997,2.22507385851e-308
589,3402,1324.92541267,58.5251329581,28.4161295464,7.59581838971,10.147314159,0.790786156184,0.0790039715727,2.22507385851e-308
589.5,3402,1310.28322749,61.1441831463,28.3676385583,7.63168418205,10.147314159,0.791906779455,0.0791142529203,2.22507385851e-308
590,3402,1298.47058419,70.1837887233,28.3418610521,7.65103227166,10.147314159,0.792557718079,0.0791787340274,2.22507385851e-308
590.5,3402,1292.11585163,83.6325948001,28.3414599627,7.64516369506,10.147314159,0.791879938563,0.0791606247643,2.22507385851e-308
591,3402,1292.6329878,98.4981785747,28.3551050618,7.61929031226,10.147314159,0.790223512007,0.0790826321009,2.22507385851e-308
591.5,3402,1299.90692744,111.472877523,28.3699366038,7.57471063413,10.147314159,0.788287657736,0.0789335549124,2.22507385851e-308
592,3402,1312.31918468,119.669759915,28.3830816541,7.53119396075,10.147314159,0.786264947108,0.0788012823611,2.22507385851e-308
592.5,3402,1327.10797372,121.264980748,28.3948609719,7.49950673882,10.147314159,0.785111029165,0.0787159233692,2.22507385851e-308
593,3402,1340.98271923,115.903595859,28.4065231583,7.46988863414,10.147314159,0.783953085018,0.0786277222334,2.22507385851e-308
593.5,3402,1350.85622486,104.778538681,28.420973786,7.45201069441,10.147314159,0.783270539722,0.0785875283141,2.22507385851e-308
594,3402,1354.53158905,90.3651869229,28.4356153417,7.43557640049,10.147314159,0.782584353378,0.078538266741,2.22507385851e-308
594.5,3402,1351.1910259,75.8705793515,28.444271493,7.43321042785,10.147314159,0.782387131663,0.0785341633826,2.22507385851e-308
595,3402,1341.57782649,64.5198345356,28.4360983672,7.44302087196,10.147314159,0.782941851774,0.0785475803109,2.22507385851e-308
595.5,3402,1327.83097304,58.8385467482,28.4036528867,7.47099603985,10.147314159,0.784123476735,0.078630763169,2.22507385851e-308
596,3402,1313.00920529,60.0908293259,28.3600434297,7.49786886007,10.147314159,0.785249169748,0.0787021666434,2.22507385851e-308
596.5,3402,1300.41043651,67.998043487,28.332467299,7.51030650701,10.147314159,0.785606236345,0.0787374063199,2.22507385851e-308
597,3402,1292.83795217,80.8007967751,28.3283576477,7.50234006307,10.147314159,0.784691394944,0.0787179458357,2.22507385851e-308
597.5,3402,1291.97666578,95.6504161817,28.3360485904,7.46995707924,10.147314159,0.783073279321,0.0786157435395,2.22507385851e-308
598,3402,1298.01821762,109.24279133,28.346466363,7.4187828496,10.147314159,0.780165118145,0.0784684337745,2.22507385851e-308
598.5,3402,1309.61833389,118.553554621,28.3562067749,7.37302897063,10.147314159,0.77780522218,0.0783327199004,2.22507385851e-308
599,3402,1324.19593402,121.511017297,28.3642477238,7.33209572323,10.147314159,0.776101119056,0.078218828232,2.22507385851e-308
599.5,3402,1338.50743318,117.457129959,28.371193348,7.2979476148,10.147314159,0.774522602055,0.0781197513096,2.22507385851e-308
600,3402,1349.36845529,107.293901664,28.3798438546,7.27317002077,10.147314159,0.773566333337,0.0780512320322,2.22507385851e-308
600.5,3402,1354.3623717,93.2826986588,28.3889028938,7.25245552638,10.147314159,0.772656877182,0.0779943074695,2.22507385851e-308
601,3402,1352.37801244,78.5410797144,28.3948557485,7.23719074935,10.147314159,0.771525609975,0.0779597344936,2.22507385851e-308
601.5,3402,1343.85690681,66.3491245955,28.3878874016,7.21755485571,10.147314159,0.770490568233,0.0778854535197,2.22507385851e-308
602,3402,1330.69504102,59.4196008365,28.3655614149,7.21558992568,10.147314159,0.770100082948,0.0778804578502,2.22507385851e-308
602.5,3402,1315.82099229,59.2943601665,28.332512444,7.22180747597,10.147314159,0.770372020176,0.0778905940035,2.22507385851e-308
603,3402,1302.54430665,66.0012692255,28.3060728695,7.21990181385,10.147314159,0.769941324456,0.0778849336343,2.22507385851e-308
603.5,3402,1293.81910928,78.0480091054,28.2983405303,7.2070971132,10.147314159,0.768899943409,0.0778612294378,2.22507385851e-308
604,3402,1291.58679778,92.7541233476,28.2990594226,7.16255127401,10.147314159,0.766359326637,0.0777202374945,2.22507385851e-308
604.5,3402,1296.34407197,106.847432151,28.3049893207,7.111181102,10.147314159,0.763494500258,0.077572321059,2.22507385851e-308
605,3402,1307.03241591,117.192107817,28.3098824754,7.05543106498,10.147314159,0.760390248347,0.0774073039609,2.22507385851e-308
605.5,3402,1321.27362264,121.486411204,28.3135758392,6.99765500751,10.147314159,0.757476544559,0.0772443398695,2.22507385851e-308
606,3402,1335.89895648,118.774839548,28.316112885,6.96426488807,10.147314159,0.75592211902,0.0771509101358,2.22507385851e-308
606.5,3402,1347.65421165,109.660730336,28.3188156363,6.93365391289,10.147314159,0.754415708154,0.0770683415582,2.22507385851e-308
607,3402,1353.92378841,96.1720158673,28.320593315,6.90367503002,10.147314159,0.752737756437,0.0769850827587,2.22507385851e-308
607.5,3402,1353.31267635,81.309998749,28.3204687866,6.87362533296,10.147314159,0.750863238505,0.0768995901503,2.22507385851e-308
608,3402,1345.95685079,68.3815479076,28.3124877189,6.82852105818,10.147314159,0.748128770831,0.0767659267596,2.22507385851e-308
608.5,3402,1333.49301763,60.2633046504,28.2988602132,6.79031395489,10.147314159,0.745750007011,0.0766522489013,2.22507385851e-308
609,3402,1318.69443854,58.7616164031,28.2777744005,6.76729509385,10.147314159,0.74451091933,0.076581521617,2.22507385851e-308
609.5,3402,1304.85386718,64.2106158856,28.2575918829,6.75368769153,10.147314159,0.743520489783,0.0765451381595,2.22507385851e-308
610,3402,1295.05089599,75.3978750052,28.2471522244,6.72920560218,10.147314159,0.74201334454,0.0764853779124,2.22507385851e-308
610.5,3402,1291.4667323,89.8341758274,28.2442225561,6.68281841154,10.147314159,0.739216255528,0.0763498588729,2.22507385851e-308
611,3402,1294.89886945,104.30737331,28.2449254145,6.62817837992,10.147314159,0.735879800271,0.0762017865911,2.22507385851e-308
611.5,3402,1304.58364072,115.597112731,28.2453422935,6.56326357858,10.147314159,0.732081720771,0.0760069378946,2.22507385851e-308
612,3402,1318.36613882,121.191373805,28.2450117488,6.49714768277,10.147314159,0.728492522238,0.075819738279,2.22507385851e-308
612.5,3402,1333.17969289,119.845407049,28.2439070454,6.45222476799,10.147314159,0.72600151432,0.0756985540146,2.22507385851e-308
613,3402,1345.72821727,111.858696417,28.2415699755,6.41958321816,10.147314159,0.724337664056,0.0756111329866,2.22507385851e-308
613.5,3402,1353.21960607,99.0083227058,28.2374596531,6.39213526305,10.147314159,0.722554809834,0.0755519659097,2.22507385851e-308
614,3402,1353.98698996,84.1535546919,28.2292646723,6.34189441679,10.147314159,0.719426674168,0.0754258049537,2.22507385851e-308
614.5,3402,1347.85962238,70.5996483419,28.2194114156,6.27921296941,10.147314159,0.715332969818,0.0752665331744,2.22507385851e-308
615,3402,1336.20087154,61.3624117647,28.2116095965,6.20589689251,10.147314159,0.710537063314,0.0750804910394,2.22507385851e-308
615.5,3402,1321.6048645,58.4971736791,28.2004907497,6.14991297018,10.147314159,0.707148950245,0.0749488530698,2.22507385851e-308
616,3402,1307.31928169,62.6414630769,28.1874231345,6.13439241817,10.147314159,0.706451240154,0.0749253949692,2.22507385851e-308
616.5,3402,1296.52273269,72.8731560149,28.1778952198,6.10477531184,10.147314159,0.70474427715,0.0748748364645,2.22507385851e-308
617,3402,1291.61750058,86.9156525422,28.1743103286,6.06536153982,10.147314159,0.702386098176,0.074792400059,2.22507385851e-308
617.5,3402,1293.69502265,101.644430931,28.1727595379,6.00962309162,10.147314159,0.698566327809,0.0746728790474,2.22507385851e-308
618,3402,1302.29304044,113.7822685,28.1698825778,5.93436247161,10.147314159,0.693807986552,0.0744942137402,2.22507385851e-308
618.5,3402,1315.49845442,120.628439125,28.1677632422,5.86986822628,10.147314159,0.690073406151,0.0743488580923,2.22507385851e-308
619,3402,1330.37299769,120.659637544,28.1640438144,5.8218846036,10.147314159,0.687152493811,0.0742478596678,2.22507385851e-308
619.5,3402,1343.60701419,113.86892196,28.1583909313,5.79483457078,10.147314159,0.685725202395,0.0741969900554,2.22507385851e-308
620,3402,1352.25587281,101.767258629,28.1497947272,5.76778208421,10.147314159,0.683722491464,0.0741478692178,2.22507385851e-308
620.5,3402,1354.3951617,87.0473247358,28.1365540912,5.70998342267,10.147314159,0.679940808059,0.0740196945192,2.22507385851e-308
621,3402,1349.54887899,72.9843750198,28.1243621844,5.62838853765,10.147314159,0.674167439401,0.0738255054971,2.22507385851e-308
621.5,3402,1338.79534546,62.7074821399,28.1190230921,5.52850035994,10.147314159,0.667473451524,0.0735857529312,2.22507385851e-308
622,3402,1324.52727304,58.5033032471,28.1155649635,5.46265136614,10.147314159,0.663592113953,0.0734424407766,2.22507385851e-308
622.5,3402,1309.91937516,61.30728798,28.1057375275,5.43935341755,10.147314159,0.662450193091,0.073410244669,2.22507385851e-308
623,3402,1298.22197802,70.4955365066,28.0980242819,5.41555783237,10.147314159,0.661341375541,0.0733834985882,2.22507385851e-308
623.5,3402,1292.03780768,84.0236201805,28.0952243378,5.38146786394,10.147314159,0.659385916193,0.0733226668544,2.22507385851e-308
624,3402,1292.7428712,98.8814765602,28.0942743417,5.32820404864,10.147314159,0.655698242905,0.0732146214009,2.22507385851e-308
624.5,3402,1300.18028863,111.763162503,28.0918688584,5.25552457241,10.147314159,0.650946524551,0.0730558098254,2.22507385851e-308
625,3402,1312.6951995,119.802442113,28.0897149919,5.19451661541,10.147314159,0.64702998605,0.0729232132624,2.22507385851e-308
625.5,3402,1327.5029771,121.210537748,28.08458744,5.14996165456,10.147314159,0.644318088926,0.0728364623099,2.22507385851e-308
626,3402,1341.30882105,115.674141486,28.0770585673,5.12861761603,10.147314159,0.643169937064,0.0727999675884,2.22507385851e-308
626.5,3402,1351.04086594,104.425127615,28.0661233709,5.10154875649,10.147314159,0.64112327462,0.0727520626103,2.22507385851e-308
627,3402,1354.53368586,89.9664547937,28.0524644,5.04347454701,10.147314159,0.636907635049,0.0726139358802,2.22507385851e-308
627.5,3402,1351.01011191,75.515245939,28.0396707268,4.95070412657,10.147314159,0.629912000097,0.0723676349151,2.22507385851e-308
628,3402,1341.25415591,64.2869632005,28.0353320968,4.8343402965,10.147314159,0.621784509512,0.0720715453103,2.22507385851e-308
628.5,3402,1327.43656409,58.7799524613,28.0332228699,4.75795684102,10.147314159,0.616925522776,0.071861453852,2.22507385851e-308
629,3402,1312.63181584,60.2195495924,28.0224419246,4.74546048304,10.147314159,0.616923108896,0.0718130946774,2.22507385851e-308
629.5,3402,1300.13403748,68.2854374403,28.0134829463,4.73791521374,10.147314159,0.616928168828,0.0717986121597,2.22507385851e-308
630,3402,1292.72404366,81.1829179048,28.0116762932,4.71274815254,10.147314159,0.615396538658,0.0717330192715,2.22507385851e-308
630.5,3402,1292.05059296,96.0422407335,28.0113210495,4.6565986089,10.147314159,0.611898039652,0.0715628965377,2.22507385851e-308
631,3402,1298.26353135,109.557136492,28.0119771892,4.58868608167,10.147314159,0.607250280029,0.0713503935776,2.22507385851e-308
631.5,3402,1309.98045071,118.720477113,28.0127850863,4.5397432595,10.147314159,0.604012474515,0.071212696452,2.22507385851e-308
632,3402,1324.59428122,121.493376076,28.0081072999,4.50188180353,10.147314159,0.602038903978,0.0710841820198,2.22507385851e-308
632.5,3402,1338.85337663,117.258850279,28.0013064725,4.48819716875,10.147314159,0.601309992312,0.0710330322927,2.22507385851e-308
633,3402,1349.58502095,106.959101691,27.9917992551,4.46891993246,10.147314159,0.599885593678,0.0709524299731,2.22507385851e-308
633.5,3402,1354.40137268,92.8858729655,27.9798991659,4.4114950683,10.147314159,0.595474650035,0.0707568114306,2.22507385851e-308
634,3402,1352.23077085,78.1705238897,27.9714232002,4.3167371246,10.147314159,0.588005849768,0.0704538909701,2.22507385851e-308
634.5,3402,1343.55618459,66.0872890586,27.966775806,4.18487455541,10.147314159,0.578568842965,0.070039303309,2.22507385851e-308
635,3402,1330.30775027,59.3247452297,27.9629077262,4.11099344463,10.147314159,0.573850518091,0.069782341614,2.22507385851e-308
635.5,3402,1315.43330705,59.3875903099,27.9469062056,4.11188397153,10.147314159,0.574871962808,0.0697857860726,2.22507385851e-308
636,3402,1302.2424887,66.2618409723,27.9305319904,4.11843604552,10.147314159,0.575638620452,0.0697813228819,2.22507385851e-308
636.5,3402,1293.67031455,78.4179440125,27.9267259675,4.10822370888,10.147314159,0.575235516588,0.0697392710216,2.22507385851e-308
637,3402,1291.62413379,93.1511091529,27.9267768504,4.05339109997,10.147314159,0.571706472633,0.0695715176519,2.22507385851e-308
637.5,3402,1296.55923129,107.18313764,27.9312018396,3.99255585642,10.147314159,0.567540629951,0.0693789493693,2.22507385851e-308
638,3402,1307.37752457,117.391836934,27.9359385402,3.95103364141,10.147314159,0.564735708299,0.0692543301198,2.22507385851e-308
638.5,3402,1321.67189234,121.505723279,27.9342281189,3.90847424666,10.147314159,0.562331140387,0.069123063901,2.22507385851e-308
639,3402,1336.26177033,118.609437553,27.9309023819,3.90956319973,10.147314159,0.562865275016,0.0691126189167,2.22507385851e-308
639.5,3402,1347.90084185,109.347416995,27.9254636142,3.89455596017,10.147314159,0.561879368942,0.06905177082,2.22507385851e-308
640,3402,1353.99935858,95.7805048768,27.9189303032,3.83434532646,10.147314159,0.557169039019,0.0688593370811,2.22507385851e-308
640.5,3402,1353.20037178,80.9274031516,27.9153328161,3.73846519312,10.147314159,0.549529021563,0.0685720825799,2.22507385851e-308
641,3402,1345.68165977,68.0929970289,27.9127741343,3.61370560962,10.147314159,0.540493546143,0.068233657357,2.22507385851e-308
641.5,3402,1333.11617146,60.1330024221,27.9078311778,3.56105479551,10.147314159,0.537114613717,0.0681591635381,2.22507385851e-308
642,3402,1318.29978726,58.8185556859,27.8838392244,3.57322857824,10.147314159,0.538750199901,0.0682127511999,2.22507385851e-308
642.5,3402,1304.52922258,64.4421274203,27.8573776202,3.59911486838,10.147314159,0.540583751622,0.0682391142363,2.22507385851e-308
643,3402,1294.86849302,75.7524463832,27.8455166684,3.58815240535,10.147314159,0.539981329267,0.068282421005,2.22507385851e-308
643.5,3402,1291.46715648,90.2329132442,27.8450258421,3.54274903768,10.147314159,0.53680974023,0.0681806364041,2.22507385851e-308
644,3402,1295.08202639,104.66155581,27.851266344,3.49335432197,10.147314159,0.533275779283,0.0681163739095,2.22507385851e-308
644.5,3402,1304.90877715,115.827933036,27.8596310852,3.45121074699,10.147314159,0.530456366548,0.0680297173477,2.22507385851e-308
645,3402,1318.76091034,121.247473308,27.863482931,3.41908519217,10.147314159,0.529123940452,0.0680220029598,2.22507385851e-308
645.5,3402,1333.55626098,119.714303346,27.8642429819,3.40560722176,10.147314159,0.528410800955,0.0680468036539,2.22507385851e-308
646,3402,1346.00279375,111.569560702,27.8642731021,3.38517461876,10.147314159,0.527187863165,0.0680140034469,2.22507385851e-308
646.5,3402,1353.33109639,98.6254890377,27.8652136795,3.3359335748,10.147314159,0.523209585339,0.0679430919076,2.22507385851e-308
647,3402,1353.91058698,83.7622053688,27.8656603534,3.23139414858,10.147314159,0.51530661606,0.0677786833668,2.22507385851e-308
647.5,3402,1347.61232613,70.2868604345,27.8682040285,3.14425026507,10.147314159,0.508894711142,0.0676216402642,2.22507385851e-308
648,3402,1335.83770661,61.1977820581,27.8647052585,3.12004372184,10.147314159,0.50737926806,0.067609727873,2.22507385851e-308
648.5,3402,1321.20663679,58.5173330597,27.8350008622,3.14044231703,10.147314159,0.509079418205,0.0676645493034,2.22507385851e-308
649,3402,1306.97459875,62.8419259875,27.7977150376,3.18422394031,10.147314159,0.512130238022,0.0677337467212,2.22507385851e-308
649.5,3402,1296.30828809,73.209318512,27.7748587757,3.17550189737,10.147314159,0.511554143299,0.0677423424881,2.22507385851e-308
650,3402,1291.58100927,87.3127168843,27.7702995337,3.14066659494,10.147314159,0.508867634973,0.0676792862962,2.22507385851e-308
650.5,3402,1293.84460411,102.014048428,27.7762282276,3.09214660184,10.147314159,0.505000935583,0.0676281322499,2.22507385851e-308
651,3402,1302.59541209,114.042197516,27.7862946042,3.04083162268,10.147314159,0.501544605548,0.0675217654634,2.22507385851e-308
651.5,3402,1315.88633714,120.720844227,27.7966240133,3.01379689935,10.147314159,0.500611134485,0.067490836744,2.22507385851e-308
652,3402,1330.76008575,120.563958161,27.802106083,2.9867695653,10.147314159,0.499081251319,0.0675124189809,2.22507385851e-308
652.5,3402,1343.90717866,113.606447206,27.8079930934,2.96403869989,10.147314159,0.497840947083,0.0674987364204,2.22507385851e-308
653,3402,1352.40232569,101.396390375,27.8159755928,2.92445129189,10.147314159,0.494675670271,0.0674869689867,2.22507385851e-308
653.5,3402,1354.35531653,86.6505829183,27.8216471862,2.83785187945,10.147314159,0.488387470233,0.0673634026767,2.22507385851e-308
654,3402,1349.33160151,72.6500365647,27.8290061033,2.78374810553,10.147314159,0.484323505048,0.0672486334676,2.22507385851e-308
654.5,3402,1338.44898093,62.5099389308,27.828735873,2.79089445524,10.147314159,0.485246478621,0.0672636718856,2.22507385851e-308
655,3402,1324.1288892,58.4865095801,27.8001975627,2.84137109395,10.147314159,0.4890345022,0.0673870466162,2.22507385851e-308
655.5,3402,1309.5576143,61.4749805252,27.7548137643,2.88585942545,10.147314159,0.491677913538,0.0674186486528,2.22507385851e-308
656,3402,1297.97733364,70.8104028815,27.7207928997,2.87312124243,10.147314159,0.490428806781,0.0674208735597,2.22507385851e-308
656.5,3402,1291.9647143,84.4156011312,27.709073469,2.83976029689,10.147314159,0.487699735026,0.0673436580615,2.22507385851e-308
657,3402,1292.85759245,99.2633544759,27.7115852764,2.78192522369,10.147314159,0.482838236884,0.0672241353148,2.22507385851e-308
657.5,3402,1300.45729848,112.049967746,27.7219788724,2.72576041138,10.147314159,0.479117091318,0.0671656266512,2.22507385851e-308
658,3402,1313.07286196,119.930359163,27.7370690236,2.69772069883,10.147314159,0.477684827399,0.0671251802836,2.22507385851e-308
658.5,3402,1327.89726049,121.151104458,27.7471795748,2.66317181625,10.147314159,0.475748847529,0.0671392426901,2.22507385851e-308
659,3402,1341.63199545,115.440582044,27.7585032227,2.64204352693,10.147314159,0.474747984954,0.0671206269174,2.22507385851e-308
659.5,3402,1351.22102352,104.069410098,27.7717191241,2.60967426739,10.147314159,0.472366615303,0.0671706209664,2.22507385851e-308
660,3402,1354.53074072,89.5677280281,27.7839011364,2.55523703573,10.147314159,0.468394529389,0.0671151717676,2.22507385851e-308
660.5,3402,1350.82471934,75.162228511,27.7940729662,2.53112224552,10.147314159,0.466536015978,0.0670954481944,2.22507385851e-308
661,3402,1340.92756664,64.0582031532,27.7979909334,2.56038171284,10.147314159,0.46947870459,0.0670862344188,2.22507385851e-308
661.5,3402,1327.04144578,58.7263499846,27.7750054422,2.62810897705,10.147314159,0.474369512076,0.0672235697278,2.22507385851e-308
662,3402,1312.25608417,60.3530314903,27.7271680706,2.68366287672,10.147314159,0.477939169259,0.0672668044597,2.22507385851e-308
662.5,3402,1299.86129451,68.5763033607,27.6847627472,2.67637709798,10.147314159,0.476721722016,0.0672414331527,2.22507385851e-308
663,3402,1292.614976,81.5664488081,27.6658187172,2.63122863884,10.147314159,0.47269764675,0.0671448392249,2.22507385851e-308
663.5,3402,1292.12946868,96.4330991843,27.6615957141,2.5532735311,10.147314159,0.466495536913,0.0670598200316,2.22507385851e-308
664,3402,1298.51280022,109.868354641,27.6709769736,2.49206116785,10.147314159,0.46183934062,0.0670157575995,2.22507385851e-308
664.5,3402,1310.34464924,118.882807454,27.68778548,2.46138695279,10.147314159,0.459806538369,0.0669532588287,2.22507385851e-308
665,3402,1324.99237351,121.470699342,27.701118285,2.426267476,10.147314159,0.457884853633,0.0670161348364,2.22507385851e-308
665.5,3402,1339.19678528,117.056212151,27.7158585878,2.40913325775,10.147314159,0.456970242042,0.0670414875993,2.22507385851e-308
666,3402,1349.7973359,106.621590108,27.7332653721,2.39590125391,10.147314159,0.456214330619,0.0670813628775,2.22507385851e-308
666.5,3402,1354.43535287,92.4885858466,27.7491572948,2.36785239762,10.147314159,0.454047003794,0.0671220690426,2.22507385851e-308
667,3402,1352.0788555,77.8018594939,27.765458057,2.37571166181,10.147314159,0.454703890217,0.0671619371181,2.22507385851e-308
667.5,3402,1343.2521756,65.8292769534,27.7718591478,2.40537131015,10.147314159,0.457771239341,0.0671387029239,2.22507385851e-308
668,3402,1329.91929108,59.2347943257,27.7561405829,2.48237337793,10.147314159,0.463542270758,0.0672973598283,2.22507385851e-308
668.5,3402,1315.04683165,59.4857151076,27.711329569,2.55020644642,10.147314159,0.468547396873,0.0672642320486,2.22507385851e-308
669,3402,1301.9439897,66.5262082413,27.6628265958,2.54316838377,10.147314159,0.466878340248,0.0672297201738,2.22507385851e-308
669.5,3402,1293.52620938,78.7897307882,27.6377938682,2.49766576245,10.147314159,0.462517344313,0.0671915767617,2.22507385851e-308
670,3402,1291.66648653,93.5475911237,27.6286795692,2.40882292757,10.147314159,0.455328253654,0.0671058418663,2.22507385851e-308
670.5,3402,1296.77861825,107.516095697,27.6344692572,2.33115636561,10.147314159,0.448836611293,0.0670636044376,2.22507385851e-308
671,3402,1307.72513112,117.587186339,27.6506570495,2.29446574199,10.147314159,0.446167497683,0.0669796064288,2.22507385851e-308
671.5,3402,1322.07037439,121.519997866,27.6648691918,2.24733113251,10.147314159,0.442923288791,0.0670569418328,2.22507385851e-308
672,3402,1336.62246373,118.439461161,27.68192282,2.24956916651,10.147314159,0.443651088502,0.0671166927074,2.22507385851e-308
672.5,3402,1348.14349063,109.031010172,27.7014305773,2.25028140595,10.147314159,0.444299004358,0.0671523928673,2.22507385851e-308
673,3402,1354.06997224,95.3880696345,27.7212449945,2.24515694103,10.147314159,0.444234216389,0.0671805818685,2.22507385851e-308
673.5,3402,1353.08323844,80.5462581825,27.7410203734,2.2653913529,10.147314159,0.446242889047,0.0671375038188,2.22507385851e-308
674,3402,1345.40284216,67.8079488867,27.7508612549,2.29679530262,10.147314159,0.44918286072,0.0672261359956,2.22507385851e-308
674.5,3402,1332.7377078,60.0074756634,27.7432477129,2.3859018075,10.147314159,0.456028441271,0.0673643949425,2.22507385851e-308
675,3402,1317.90588752,58.8804806066,27.7029630231,2.45772702303,10.147314159,0.461514319964,0.0673668399189,2.22507385851e-308
675.5,3402,1304.20753129,64.6777254335,27.6532509534,2.46817447311,10.147314159,0.461244022807,0.0672628911124,2.22507385851e-308
676,3402,1294.69058802,76.1092958194,27.6210192536,2.40908046524,10.147314159,0.455512176665,0.0672720276119,2.22507385851e-308
676.5,3402,1291.47262247,90.6316134203,27.6084644703,2.31489547713,10.147314159,0.447631369658,0.0671293918818,2.22507385851e-308
677,3402,1295.26964717,105.013394055,27.612074046,2.24003306101,10.147314159,0.441074486358,0.0671247764202,2.22507385851e-308
677.5,3402,1305.2368062,116.054623681,27.625253706,2.18470478962,10.147314159,0.436810379036,0.0670460910779,2.22507385851e-308
678,3402,1319.15635965,121.298576615,27.6396950873,2.14394486798,10.147314159,0.434232235465,0.0671216584855,2.22507385851e-308
678.5,3402,1333.93114122,119.578448589,27.65629827,2.1370374913,10.147314159,0.434044815253,0.0671840598698,2.22507385851e-308
679,3402,1346.27369229,111.276976203,27.6765415562,2.14583178698,10.147314159,0.435766991644,0.067170741642,2.22507385851e-308
679.5,3402,1353.43773703,98.2412762301,27.6993145581,2.16580387436,10.147314159,0.437877765629,0.0671656366373,2.22507385851e-308
680,3402,1353.82924167,83.3718534141,27.7201280153,2.17692218979,10.147314159,0.439128318362,0.0672386406899,2.22507385851e-308
680.5,3402,1347.3610946,69.9772244843,27.7352868706,2.22330025582,10.147314159,0.443215459605,0.0673122383264,2.22507385851e-308
681,3402,1335.47248904,61.0377575722,27.7345294009,2.3122233359,10.147314159,0.450261203717,0.0674141588595,2.22507385851e-308
681.5,3402,1320.80869583,58.5425262411,27.6994834091,2.38359400638,10.147314159,0.455462641034,0.0674422419398,2.22507385851e-308
682,3402,1306.63247813,63.0467312345,27.6497450516,2.41243413909,10.147314159,0.456779186536,0.0673319304568,2.22507385851e-308
682.5,3402,1296.09811127,73.5481656909,27.6125947066,2.35520911368,10.147314159,0.451407792031,0.0672796648745,2.22507385851e-308
683,3402,1291.54954157,87.7102108992,27.5969044736,2.26781690011,10.147314159,0.443818271273,0.0671871547671,2.22507385851e-308
683.5,3402,1293.99884726,102.381744985,27.598451652,2.18975776345,10.147314159,0.436755805325,0.0671893809693,2.22507385851e-308
684,3402,1302.90104625,114.298282397,27.6081262304,2.11275320552,10.147314159,0.430688713284,0.0670846624347,2.22507385851e-308
684.5,3402,1316.27535728,120.808337338,27.6222714058,2.07354275819,10.147314159,0.428265991125,0.0671407700243,2.22507385851e-308
685,3402,1331.14593303,120.463391871,27.6374832216,2.05711260359,10.147314159,0.427261905005,0.0672294870632,2.22507385851e-308
685.5,3402,1344.20400026,113.340197989,27.6579701631,2.07175963231,10.147314159,0.429422189118,0.0672451164962,2.22507385851e-308
686,3402,1352.54407739,101.023699939,27.6817177617,2.09692855601,10.147314159,0.431670361742,0.0672868704802,2.22507385851e-308
686.5,3402,1354.31045792,86.254376643,27.7039652861,2.11353365455,10.147314159,0.433666207497,0.0673840286676,2.22507385851e-308
687,3402,1349.11011384,72.3184722157,27.7234830456,2.16388862529,10.147314159,0.43818558585,0.0673831089592,2.22507385851e-308
687.5,3402,1338.10014624,62.3167911401,27.7284801616,2.2542669803,10.147314159,0.445706927198,0.0674437201105,2.22507385851e-308
688,3402,1323.73032487,58.4747546423,27.7010562387,2.34143188999,10.147314159,0.45233885931,0.0674770877848,2.22507385851e-308
688.5,3402,1309.19800276,61.6472339695,27.6515557311,2.38037956194,10.147314159,0.454446125719,0.067361676187,2.22507385851e-308
689,3402,1297.73669016,71.1283375038,27.610063399,2.32723430213,10.147314159,0.449171242587,0.0673414871567,2.22507385851e-308
689.5,3402,1291.89658319,84.8084749781,27.5910081972,2.24857929039,10.147314159,0.442363023065,0.0672197504801,2.22507385851e-308
690,3402,1292.9771332,99.6437512629,27.5892474826,2.15682814192,10.147314159,0.43431751774,0.0671044283513,2.22507385851e-308
690.5,3402,1300.73791272,112.333247393,27.5960179995,2.06794755399,10.147314159,0.426989207963,0.0671240004664,2.22507385851e-308
691,3402,1313.45211169,120.053490613,27.609911109,2.02594586083,10.147314159,0.424025908996,0.0671504091459,2.22507385851e-308
691.5,3402,1328.29076085,121.086690382,27.6236251493,1.99919939053,10.147314159,0.422281539745,0.0672331968799,2.22507385851e-308
692,3402,1341.95219076,115.202954877,27.6442222976,2.01762666513,10.147314159,0.424758860242,0.0672516198044,2.22507385851e-308
692.5,3402,1351.39666882,103.711443007,27.6676081676,2.03683274135,10.147314159,0.426499024278,0.0673541428888,2.22507385851e-308
693,3402,1354.52275409,89.1690703789,27.6918137208,2.05867833678,10.147314159,0.428984453371,0.067390556317,2.22507385851e-308
693.5,3402,1350.63487785,74.8115835117,27.7140475956,2.11501013759,10.147314159,0.433955262364,0.0674227197928,2.22507385851e-308
694,3402,1340.59811091,63.8335909705,27.7244182283,2.20820080166,10.147314159,0.442114593495,0.0674524661909,2.22507385851e-308
694.5,3402,1326.64568127,58.6777478887,27.7047932039,2.30637075619,10.147314159,0.449647420666,0.0674803079632,2.22507385851e-308
695,3402,1311.88207035,60.4912536769,27.6566462187,2.35906587017,10.147314159,0.453041040175,0.0674055006706,2.22507385851e-308
695.5,3402,1299.59225123,68.8705947412,27.6116519977,2.32252647664,10.147314159,0.449153693214,0.0673347294922,2.22507385851e-308
696,3402,1292.51076664,81.9513281619,27.5881426659,2.2390240909,10.147314159,0.441726379571,0.067195027228,2.22507385851e-308
696.5,3402,1292.21328032,96.8229290394,27.5820775172,2.13372571551,10.147314159,0.432512067265,0.0671827503042,2.22507385851e-308
697,3402,1298.76598438,110.176396016,27.5879050575,2.04503399541,10.147314159,0.425040243244,0.0671902790173,2.22507385851e-308
697.5,3402,1310.71087125,119.040519688,27.6007661171,1.99238848709,10.147314159,0.420963679936,0.06717202999,2.22507385851e-308
698,3402,1325.39014724,121.44299072,27.6137209516,1.96033583376,10.147314159,0.419002495702,0.067281686818,2.22507385851e-308
698.5,3402,1339.5376042,116.849247972,27.6329355355,1.97153268571,10.147314159,0.420676594616,0.0673252824847,2.22507385851e-308
699,3402,1350.0053662,106.281420878,27.6566480608,1.99588711792,10.147314159,0.423224264919,0.0673858924898,2.22507385851e-308
699.5,3402,1354.46430681,92.0909008248,27.6816218048,2.02467083553,10.147314159,0.426101441836,0.0674213688834,2.22507385851e-308
700,3402,1351.92229071,77.4351454732,27.7077785298,2.0936203178,10.147314159,0.432082967017,0.0674478534009,2.22507385851e-308
700.5,3402,1342.94492848,65.5751295335,27.7209951337,2.1729573308,10.147314159,0.439307784093,0.0674514830388,2.22507385851e-308
701,3402,1329.52972556,59.1497625067,27.7081154139,2.27555097873,10.147314159,0.447167700496,0.0675362413151,2.22507385851e-308
701.5,3402,1314.6616279,59.5887188703,27.664220243,2.34443979615,10.147314159,0.452140028444,0.0674552060084,2.22507385851e-308
702,3402,1301.64885737,66.7943287625,27.6151406046,2.31831177994,10.147314159,0.44878567397,0.0673619069163,2.22507385851e-308
702.5,3402,1293.38681681,79.1633099871,27.5883716482,2.24650115563,10.147314159,0.442096041311,0.0672868132396,2.22507385851e-308
703,3402,1291.71384922,93.9435058659,27.578999285,2.13893603339,10.147314159,0.43310550721,0.0672420318096,2.22507385851e-308
703.5,3402,1297.00219778,107.846253084,27.5820564446,2.03291522776,10.147314159,0.423904383746,0.0672361181026,2.22507385851e-308
704,3402,1308.07518,117.778124795,27.5946522413,1.97692136231,10.147314159,0.419474136967,0.0671924435414,2.22507385851e-308
704.5,3402,1322.46900507,121.529232684,27.6068133342,1.929488147,10.147314159,0.416199919248,0.0673020824017,2.22507385851e-308
705,3402,1336.98097903,118.26493755,27.6252205918,1.94707247427,10.147314159,0.4183408522,0.0673610835887,2.22507385851e-308
705.5,3402,1348.38211919,108.711560459,27.6488321934,1.9756329828,10.147314159,0.42153475903,0.0673963845666,2.22507385851e-308
706,3402,1354.13561808,94.9947728874,27.6748891962,2.00987096244,10.147314159,0.424970679,0.0674332767026,2.22507385851e-308
706.5,3402,1352.96129505,80.1666247833,27.7017622458,2.07474758398,10.147314159,0.430826100866,0.0673796350119,2.22507385851e-308
707,3402,1345.12044252,67.5264490577,27.7167492723,2.14489559633,10.147314159,0.437092608802,0.06746863041,2.22507385851e-308
707.5,3402,1332.35768717,59.8867444447,27.7109836229,2.25388398594,10.147314159,0.445542372253,0.0675564565967,2.22507385851e-308
708,3402,1317.51280227,58.947381264,27.6721117772,2.3306038344,10.147314159,0.451316923112,0.0675191827295,2.22507385851e-308
708.5,3402,1303.88884476,64.9173722551,27.6224924264,2.33008510529,10.147314159,0.450032776667,0.0673690769425,2.22507385851e-308
709,3402,1294.51720945,76.4683662566,27.589686341,2.2513194783,10.147314159,0.442506215379,0.0673610431649,2.22507385851e-308
709.5,3402,1291.48312942,91.0302126069,27.5771042986,2.13942778689,10.147314159,0.433078576493,0.0672323438926,2.22507385851e-308
710,3402,1295.46170178,105.362831792,27.5802520061,2.04609670612,10.147314159,0.424970817592,0.0672300786509,2.22507385851e-308
710.5,3402,1305.56767543,116.277148423,27.591489395,1.97796204672,10.147314159,0.419472402388,0.0672116269682,2.22507385851e-308
711,3402,1319.55242353,121.344675557,27.6037133044,1.93281909615,10.147314159,0.416464346142,0.0673307998018,2.22507385851e-308
711.5,3402,1334.30427366,119.437864498,27.6201059626,1.93438060998,10.147314159,0.416983711427,0.0674044083218,2.22507385851e-308
712,3402,1346.54086957,110.980989704,27.6425152528,1.96131609786,10.147314159,0.420377678058,0.0673792804321,2.22507385851e-308
712.5,3402,1353.53951094,97.8557457151,27.6687132853,2.00783217863,10.147314159,0.424954432629,0.0673551501211,2.22507385851e-308
713,3402,1353.74296704,82.9825612415,27.6935582374,2.05467380653,10.147314159,0.429357347594,0.0673940823249,2.22507385851e-308
713.5,3402,1347.10596793,69.6707899993,27.710987242,2.12723571354,10.147314159,0.435606457286,0.0674648122309,2.22507385851e-308
714,3402,1335.10527723,60.8823638933,27.7113547124,2.23163585829,10.147314159,0.443914932907,0.0675478265997,2.22507385851e-308
714.5,3402,1320.41110523,58.5727491951,27.6786824918,2.30703829316,10.147314159,0.449420456427,0.0675485950163,2.22507385851e-308
715,3402,1306.29297453,63.2558460715,27.6305971497,2.32617637486,10.147314159,0.449808494485,0.0674106399143,2.22507385851e-308
715.5,3402,1295.89223582,73.8896433731,27.5942536391,2.25713842971,10.147314159,0.443350103488,0.0673584714376,2.22507385851e-308
716,3402,1291.52310253,88.1080710312,27.5789152047,2.15410378096,10.147314159,0.434423074976,0.0672618013469,2.22507385851e-308
716.5,3402,1294.15772744,102.747461811,27.5811266005,2.06699528694,10.147314159,0.426700073671,0.0672648874448,2.22507385851e-308
717,3402,1303.20989406,114.550482196,27.5909606887,1.98954100049,10.147314159,0.42055473826,0.0672181306234,2.22507385851e-308
717.5,3402,1316.66545262,120.890904466,27.6033711217,1.94726632977,10.147314159,0.41782958227,0.0673091219533,2.22507385851e-308
718,3402,1331.53047786,120.357954753,27.617454326,1.93223494044,10.147314159,0.416814688835,0.0674130193212,2.22507385851e-308
718.5,3402,1344.49743153,113.070216881,27.6378630818,1.95726360706,10.147314159,0.419948533323,0.0674102137188,2.22507385851e-308
719,3402,1352.68110526,100.64924691,27.662077831,2.00436113795,10.147314159,0.424168078887,0.0674205108133,2.22507385851e-308
719.5,3402,1354.26059304,85.8587692598,27.6834992549,2.03988343499,10.147314159,0.427714329144,0.0675166137892,2.22507385851e-308
720,3402,1348.88445138,71.9897349871,27.7014700344,2.10828581056,10.147314159,0.433791664476,0.0674854428261,2.22507385851e-308
720.5,3402,1337.74889717,62.1280696503,27.7065286326,2.20286471615,10.147314159,0.441683429962,0.06750340974,2.22507385851e-308
721,3402,1323.33164376,58.4680403132,27.6834793364,2.28107906549,10.147314159,0.447595863032,0.067514168595,2.22507385851e-308
721.5,3402,1308.84059804,61.824020771,27.6404148628,2.31693412373,10.147314159,0.449488148746,0.067413796698,2.22507385851e-308
722,3402,1297.50008607,71.4492895385,27.6026306183,2.25513338485,10.147314159,0.443440733915,0.0674119836747,2.22507385851e-308
722.5,3402,1291.83342524,85.2021789041,27.5858079271,2.17165863291,10.147314159,0.436260227714,0.0673181588677,2.22507385851e-308
723,3402,1293.10147435,100.022606099,27.5850745721,2.07859185289,10.147314159,0.428087377994,0.0672128573531,2.22507385851e-308
723.5,3402,1301.02208646,112.612956152,27.5920114021,1.99454773427,10.147314159,0.42120459481,0.0672718943893,2.22507385851e-308
724,3402,1313.83288803,120.171816775,27.6047057001,1.95577293593,10.147314159,0.418575097939,0.0673070298594,2.22507385851e-308
724.5,3402,1328.68341527,121.017305818,27.6167006911,1.93038625415,10.147314159,0.416737685644,0.0674199389606,2.22507385851e-308
725,3402,1342.26935579,114.96129798,27.6348797183,1.956003102,10.147314159,0.419792256535,0.0674200178073,2.22507385851e-308
725.5,3402,1351.56777373,103.351283577,27.6543938055,1.98851811044,10.147314159,0.422503559334,0.0675156593348,2.22507385851e-308
726,3402,1354.50972725,88.7705455881,27.6717106271,2.01887708133,10.147314159,0.425684659698,0.0675135660537,2.22507385851e-308
726.5,3402,1350.44061779,74.4633670062,27.6862844191,2.07610935854,10.147314159,0.430742959609,0.0674986163168,2.22507385851e-308
727,3402,1340.26584141,63.6131625657,27.694376092,2.1531579128,10.147314159,0.437642445869,0.0674642419339,2.22507385851e-308
727.5,3402,1326.24933386,58.6341539447,27.6828553788,2.22672408237,10.147314159,0.443306101444,0.0674755371219,2.22507385851e-308
728,3402,1311.50983419,60.6341940518,27.6480001931,2.27234475356,10.147314159,0.446255925974,0.0674294523705,2.22507385851e-308
728.5,3402,1299.32695063,69.1682645272,27.6130936273,2.23388517689,10.147314159,0.442224091709,0.0674229044404,2.22507385851e-308
729,3402,1292.41143224,82.3374944273,27.5948497846,2.15296962494,10.147314159,0.435025599353,0.0673440069448,2.22507385851e-308
729.5,3402,1292.30201449,97.2116679682,27.5908541528,2.05951581683,10.147314159,0.426953424054,0.0673384813065,2.22507385851e-308
730,3402,1299.02304335,110.481211362,27.596456248,1.9856824708,10.147314159,0.420794344199,0.0673684991265,2.22507385851e-308
730.5,3402,1311.07905818,119.1935886,27.6078046057,1.9446459434,10.147314159,0.41766243611,0.0673696511558,2.22507385851e-308
731,3402,1325.78753881,121.410254642,27.6180980854,1.91582243197,10.147314159,0.415742853519,0.0674893245192,2.22507385851e-308
731.5,3402,1339.8757789,116.637990836,27.6318565217,1.93278531816,10.147314159,0.417729080556,0.0675444263409,2.22507385851e-308
732,3402,1350.20907857,105.938648393,27.6462823632,1.96523326731,10.147314159,0.420600211001,0.0675976753735,2.22507385851e-308
732.5,3402,1354.48822989,91.6928814863,27.6575480623,1.99533307424,10.147314159,0.423494967982,0.0675694038672,2.22507385851e-308
733,3402,1351.7611015,77.0704404619,27.6671533942,2.03913168001,10.147314159,0.427170838517,0.0675243241483,2.22507385851e-308
733.5,3402,1342.63449233,65.3248874351,27.6740719018,2.07392557604,10.147314159,0.430857321059,0.0674299890012,2.22507385851e-308
734,3402,1329.13911599,59.0696633685,27.6725306023,2.12339875039,10.147314159,0.434605725648,0.0674898442411,2.22507385851e-308
734.5,3402,1314.27775738,59.6965851286,27.6502010212,2.17549720596,10.147314159,0.438539563098,0.0674691538201,2.22507385851e-308
735,3402,1301.3571389,67.066159666,27.6206275105,2.15598163887,10.147314159,0.435967773586,0.0674770180833,2.22507385851e-308
735.5,3402,1293.25215912,79.5386218771,27.6058414518,2.10300054795,10.147314159,0.431002779503,0.0674306341279,2.22507385851e-308
736,3402,1291.76621429,94.3387900763,27.6007472245,2.01870662449,10.147314159,0.424034295294,0.0674813570219,2.22507385851e-308
736.5,3402,1297.22993413,108.173557014,27.6028903552,1.93509528887,10.147314159,0.416687104251,0.067520935865,2.22507385851e-308
737,3402,1308.42761522,117.964621774,27.6129352965,1.9006410139,10.147314159,0.414074174279,0.0674790001007,2.22507385851e-308
737.5,3402,1322.86772066,121.533426256,27.621673575,1.86907017562,10.147314159,0.412064834114,0.0675919655879,2.22507385851e-308
738,3402,1337.33725889,118.085894624,27.6311428339,1.89623917928,10.147314159,0.414635652625,0.0676692332211,2.22507385851e-308
738.5,3402,1348.61668937,108.389118933,27.6390908474,1.93074257284,10.147314159,0.418004256715,0.0676611930974,2.22507385851e-308
739,3402,1354.19628561,94.6006775202,27.6433441931,1.95997659117,10.147314159,0.420375267497,0.0676878300781,2.22507385851e-308
739.5,3402,1352.83456112,79.788563654,27.6442029875,1.97310327058,10.147314159,0.421355500548,0.0675341566434,2.22507385851e-308
740,3402,1344.83450602,67.2485425514,27.6453506504,1.94760869879,10.147314159,0.41977348326,0.0674845881829,2.22507385851e-308
740.5,3402,1331.97617032,59.77082807,27.6525695849,1.96478293711,10.147314159,0.421150270852,0.0675346310456,2.22507385851e-308
741,3402,1317.12059438,59.0192469612,27.6432877646,2.01152424481,10.147314159,0.425106559701,0.0675749069907,2.22507385851e-308
741.5,3402,1303.57321393,65.1610295676,27.6233396488,2.02068247922,10.147314159,0.424930062473,0.0675824925308,2.22507385851e-308
742,3402,1294.34838503,76.8296002828,27.6118661074,1.98101433006,10.147314159,0.420955225275,0.0676631890625,2.22507385851e-308
742.5,3402,1291.49867563,91.4286470717,27.6084689703,1.90658249432,10.147314159,0.414622580254,0.0676602264569,2.22507385851e-308
743,3402,1295.65815953,105.709813147,27.6121308933,1.84959397715,10.147314159,0.409739177506,0.0676896198636,2.22507385851e-308
743.5,3402,1305.90133193,116.49547168,27.6200723237,1.81262379971,10.147314159,0.406795886229,0.0676671195,2.22507385851e-308
744,3402,1319.94903864,121.385762761,27.6270091275,1.79520280179,10.147314159,0.406205639414,0.0677567312257,2.22507385851e-308
744.5,3402,1334.67559865,119.292573553,27.6315731764,1.82511223009,10.147314159,0.408672549382,0.0678512933659,2.22507385851e-308
745,3402,1346.80428288,110.68164853,27.6320672226,1.86342045647,10.147314159,0.412316738698,0.0678087926713,2.22507385851e-308
745.5,3402,1353.63640186,97.4689591356,27.6279633701,1.89307051514,10.147314159,0.414636795271,0.0677525547631,2.22507385851e-308
746,3402,1353.65177688,82.5943910955,27.6169377089,1.86022225742,10.147314159,0.411516604813,0.0676793645323,2.22507385851e-308
746.5,3402,1346.84698694,69.3676059756,27.6115692288,1.77996231777,10.147314159,0.404620436229,0.0676221086434,2.22507385851e-308
747,3402,1334.7361299,60.7316258677,27.6244195715,1.74608619006,10.147314159,0.401892767316,0.0676796041366,2.22507385851e-308
747.5,3402,1320.01392858,58.6079970893,27.626831458,1.77188389102,10.147314159,0.404396331761,0.0677792448605,2.22507385851e-308
748,3402,1305.95614224,63.4692370628,27.6173361253,1.80638387355,10.147314159,0.406448319158,0.0678480395568,2.22507385851e-308
748.5,3402,1295.69069467,74.2336969592,27.6113455287,1.78818336065,10.147314159,0.404760237443,0.0679490164831,2.22507385851e-308
749,3402,1291.50169637,88.506233666,27.6126678775,1.74018218173,10.147314159,0.400658096242,0.0679720882319,2.22507385851e-308
749.5,3402,1294.32121924,103.11114043,27.619092824,1.70278885882,10.147314159,0.397353170345,0.0679841011974,2.22507385851e-308
750,3402,1303.52190613,114.79875659,27.6273966625,1.67729800939,10.147314159,0.395657070393,0.0679467541714,2.22507385851e-308
750.5,3402,1317.0565608,120.968532412,27.6326785524,1.68042150581,10.147314159,0.39698157973,0.067983619415,2.22507385851e-308
751,3402,1331.91365873,120.247663666,27.6318624662,1.71335939722,10.147314159,0.399611566602,0.0680709904436,2.22507385851e-308
751.5,3402,1344.78742555,112.796547048,27.6251020396,1.76131535995,10.147314159,0.403871508367,0.0680461429124,2.22507385851e-308
752,3402,1352.81338738,100.273091161,27.6117241628,1.78303162175,10.147314159,0.404736314584,0.0680289595484,2.22507385851e-308
752.5,3402,1354.20572987,85.4638240229,27.5885028211,1.70545269748,10.147314159,0.397430798721,0.0680601234251,2.22507385851e-308
753,3402,1348.65465024,71.6638774409,27.5752949408,1.56744788179,10.147314159,0.385455317151,0.0679319947581,2.22507385851e-308
753.5,3402,1337.39528989,61.9438046363,27.5900680653,1.4754937453,10.147314159,0.377952819798,0.0679552275237,2.22507385851e-308
754,3402,1322.93290963,58.4663676663,27.604234871,1.47877219528,10.147314159,0.378616209894,0.0681351947989,2.22507385851e-308
754.5,3402,1308.48545729,62.005312663,27.6039665924,1.53428295701,10.147314159,0.382959688841,0.0682547000438,2.22507385851e-308
755,3402,1297.26755918,71.7732076682,27.6034803022,1.53220097363,10.147314159,0.382726187798,0.0684171072593,2.22507385851e-308
755.5,3402,1291.77525056,85.5966499593,27.611126331,1.52184828363,10.147314159,0.382186581963,0.0684387604326,2.22507385851e-308
756,3402,1293.230596,100.399858409,27.6211354183,1.49458447559,10.147314159,0.379858191142,0.0683684949401,2.22507385851e-308
756.5,3402,1301.30977429,112.889049297,27.6300862388,1.47943984299,10.147314159,0.379041792736,0.0683883619712,2.22507385851e-308
757,3402,1314.21513012,120.285318729,27.6355927645,1.51230005609,10.147314159,0.382890114457,0.0683263832622,2.22507385851e-308
757.5,3402,1329.07516095,120.94296186,27.6304256107,1.5592905048,10.147314159,0.386968226317,0.068409373209,2.22507385851e-308
758,3402,1342.58343981,114.715649992,27.6180207798,1.62342220486,10.147314159,0.392429195134,0.068367646111,2.22507385851e-308
758.5,3402,1351.73431092,102.988989394,27.5952456968,1.62764375553,10.147314159,0.391249681544,0.0684523587308,2.22507385851e-308
759,3402,1354.49166228,88.3722173762,27.5624722599,1.51757716904,10.147314159,0.380792605347,0.0684377336384,2.22507385851e-308
759.5,3402,1350.24197021,74.1176346714,27.5393398253,1.31317364418,10.147314159,0.361959000043,0.0683867570592,2.22507385851e-308
760,3402,1339.93081124,63.3969531836,27.5534374528,1.16326333743,10.147314159,0.349780861067,0.0684073630011,2.22507385851e-308
760.5,3402,1325.8524669,58.5955751228,27.577963423,1.1517280414,10.147314159,0.349559142285,0.0687281416842,2.22507385851e-308
761,3402,1311.13943521,60.7818297601,27.5846030225,1.2134654972,10.147314159,0.354903339064,0.0688670999711,2.22507385851e-308
761.5,3402,1299.06543515,69.469265124,27.5892144012,1.23971446811,10.147314159,0.357597170354,0.0690968011276,2.22507385851e-308
762,3402,1292.31698868,82.7248858598,27.5999812808,1.2393474557,10.147314159,0.358055825336,0.0691415582126,2.22507385851e-308
762.5,3402,1292.395657,97.5992538149,27.6140052291,1.23110391748,10.147314159,0.357702962831,0.06911403245,2.22507385851e-308
763,3402,1299.28393602,110.782751944,27.6276745886,1.24941634192,10.147314159,0.360079707607,0.0690490623248,2.22507385851e-308
763.5,3402,1311.44915116,119.341989714,27.6342845715,1.30709541021,10.147314159,0.365588500332,0.0688648071946,2.22507385851e-308
764,3402,1326.18448467,121.372496341,27.6264067466,1.37218599837,10.147314159,0.371736508287,0.0688976973452,2.22507385851e-308
764.5,3402,1340.21125532,116.422474519,27.6095480506,1.44863603039,10.147314159,0.37809136555,0.0688560259966,2.22507385851e-308
765,3402,1350.40844045,105.593327459,27.5802123541,1.44467577266,10.147314159,0.375957345096,0.0689490146869,2.22507385851e-308
765.5,3402,1354.50711828,91.2945914711,27.5406058318,1.3125668565,10.147314159,0.362999829575,0.0690182195377,2.22507385851e-308
766,3402,1351.59531364,76.7078027732,27.5090878878,1.04630855976,10.147314159,0.338377710912,0.0690690748334,2.22507385851e-308
766.5,3402,1342.32091681,65.0785906695,27.5195159473,0.832594278171,10.147314159,0.32074604442,0.0692505194016,2.22507385851e-308
767,3402,1328.74752483,58.9945097184,27.5492984711,0.79378568794,10.147314159,0.31822321048,0.0698294337677,2.22507385851e-308
767.5,3402,1313.89528146,59.8092966357,27.5619872001,0.863586987773,10.147314159,0.324924224484,0.070038927047,2.22507385851e-308
768,3402,1301.06888092,67.3416574882,27.5688105096,0.909535667869,10.147314159,0.329162195638,0.0702173634372,2.22507385851e-308
768.5,3402,1293.12225785,79.9156064492,27.5834233327,0.941239461223,10.147314159,0.332564777467,0.0701469686037,2.22507385851e-308
769,3402,1291.82357336,94.7333805525,27.600278919,0.953238544679,10.147314159,0.334933716849,0.0701983927688,2.22507385851e-308
769.5,3402,1297.46179089,108.497955151,27.6168127464,0.985556921568,10.147314159,0.338100306791,0.0700823822571,2.22507385851e-308
770,3402,1308.78238043,118.146647457,27.6268062837,1.08015906759,10.147314159,0.346924940906,0.069770769657,2.22507385851e-308
770.5,3402,1323.2664574,121.532577911,27.6189804716,1.16251119441,10.147314159,0.354774363938,0.0697343370201,2.22507385851e-308
771,3402,1337.69124635,117.902361012,27.6003618843,1.2578227304,10.147314159,0.362824357089,0.0695983666364,2.22507385851e-308
771.5,3402,1348.84716366,108.063737148,27.5680725856,1.25281718926,10.147314159,0.36075433799,0.0696732788042,2.22507385851e-308
772,3402,1354.25196512,94.2058465452,27.5242246312,1.09605201216,10.147314159,0.34495731992,0.0698664631753,2.22507385851e-308
772.5,3402,1352.7030569,79.4121352434,27.4862215968,0.766785124688,10.147314159,0.314121482825,0.0700279767732,2.22507385851e-308
773,3402,1344.54507838,66.9742738024,27.4898996771,0.476084701268,10.147314159,0.288847963146,0.0706381929279,2.22507385851e-308
773.5,3402,1331.59321827,59.6597450734,27.5229072009,0.42467163623,10.147314159,0.285438693616,0.0712811678731,2.22507385851e-308
774,3402,1316.72932656,59.0960662077,27.5389107804,0.495970320446,10.147314159,0.292847162564,0.0715841070932,2.22507385851e-308
774.5,3402,1303.26068927,65.4086584124,27.5453263189,0.568216237595,10.147314159,0.299119468017,0.0716465510235,2.22507385851e-308
775,3402,1294.18414174,77.1929401397,27.5587336203,0.616017279223,10.147314159,0.304672363118,0.0716426388861,2.22507385851e-308
775.5,3402,1291.51925863,91.8268531083,27.5769628109,0.644400874307,10.147314159,0.308318547504,0.0714879957298,2.22507385851e-308
776,3402,1295.858989,106.054282641,27.5987707383,0.725268845534,10.147314159,0.316605046011,0.0711918841267,2.22507385851e-308
776.5,3402,1306.23772236,116.709558544,27.6122432622,0.843296224524,10.147314159,0.327368030474,0.0707772240504,2.22507385851e-308
777,3402,1320.34614158,121.421831658,27.6068756985,0.949214969011,10.147314159,0.337462725628,0.0706468882272,2.22507385851e-308
777.5,3402,1335.04505682,119.142598983,27.5886515977,1.05063221202,10.147314159,0.345551432689,0.0704417559012,2.22507385851e-308
778,3402,1347.06389009,110.379000543,27.556309059,1.03941096335,10.147314159,0.343116755563,0.0704987484848,2.22507385851e-308
778.5,3402,1353.72839428,97.0809783354,27.5106006614,0.848402516182,10.147314159,0.324075246773,0.070762307231,2.22507385851e-308
779,3402,1353.55568577,82.2074050411,27.4678771157,0.454104430763,10.147314159,0.286717099712,0.0712567467744,2.22507385851e-308
779.5,3402,1346.58419302,69.0677208898,27.4681454716,0.119422996339,10.147314159,0.25709067803,0.0721980828008,2.22507385851e-308
780,3402,1334.36510606,60.5855675969,27.5010811904,0.0547394536494,10.147314159,0.252684745458,0.0729646395106,2.22507385851e-308
780.5,3402,1319.61722937,58.6482642879,27.5178050981,0.12363952782,10.147314159,0.260021410393,0.0733326424282,2.22507385851e-308
781,3402,1305.62203511,63.6868700891,27.5215987049,0.224108818003,10.147314159,0.269225581561,0.0733312485372,2.22507385851e-308
781.5,3402,1295.49352003,74.5802714381,27.5300911865,0.287553817382,10.147314159,0.276632101947,0.0731287882509,2.22507385851e-308
782,3402,1291.48532651,88.9046351408,27.5486996236,0.348261419071,10.147314159,0.282997915606,0.0727887375018,2.22507385851e-308
782.5,3402,1294.48929653,103.472722692,27.5721617401,0.464486000035,10.147314159,0.294276262986,0.0723420582623,2.22507385851e-308
783,3402,1303.83703258,115.043065882,27.5899291612,0.61419751075,10.147314159,0.308152373965,0.0718127213344,2.22507385851e-308
783.5,3402,1317.44861929,121.041208763,27.5889059782,0.739469486346,10.147314159,0.320574129338,0.0715059172826,2.22507385851e-308
784,3402,1332.2954144,120.132536244,27.5723218243,0.826694985427,10.147314159,0.327434578471,0.0713510091717,2.22507385851e-308
784.5,3402,1345.07393595,112.519232249,27.5423703585,0.802307760661,10.147314159,0.32377364378,0.0714630946311,2.22507385851e-308
785,3402,1352.94090261,99.8952928351,27.498019628,0.57513035009,10.147314159,0.300502717661,0.0719455665621,2.22507385851e-308
785.5,3402,1354.14587718,85.0696040805,27.4528589514,0.115809403644,10.147314159,0.257688489574,0.0729183415017,2.22507385851e-308
786,3402,1348.42074714,71.3409516791,27.4527199425,-0.233524026893,10.147314159,0.225774973225,0.0745013302224,2.22507385851e-308
786.5,3402,1337.03938092,61.7640255605,27.4841900396,-0.303051636755,10.147314159,0.221237496152,0.0759063417154,2.22507385851e-308
787,3402,1322.53418622,58.4697369692,27.5012015997,-0.23355826974,10.147314159,0.228712235365,0.0765576700951,2.22507385851e-308
787.5,3402,1308.13263728,62.1910806587,27.5002139161,-0.105253241829,10.147314159,0.240954887678,0.0761996132192,2.22507385851e-308
788,3402,1297.03914668,72.1000401012,27.501999946,-0.0270177678926,10.147314159,0.249224735486,0.0758248011112,2.22507385851e-308
788.5,3402,1291.72206843,85.9918250714,27.515977838,0.0706639314543,10.147314159,0.259644033173,0.0749793521823,2.22507385851e-308
789,3402,1293.36447752,100.775447873,27.5388071877,0.20394813128,10.147314159,0.272129249647,0.073629679024,2.22507385851e-308
789.5,3402,1301.60093018,113.161482686,27.5583559116,0.361575565721,10.147314159,0.286916021044,0.0730172382357,2.22507385851e-308
790,3402,1314.59877683,120.393978328,27.5633763265,0.510406413334,10.147314159,0.300989040309,0.0724508104898,2.22507385851e-308
790.5,3402,1329.46593528,120.863670396,27.5498071121,0.583569588759,10.147314159,0.307031445063,0.0723466486452,2.22507385851e-308
791,3402,1342.89439261,114.466050189,27.5244072225,0.542419785331,10.147314159,0.301783317024,0.0725216195505,2.22507385851e-308
791.5,3402,1351.89625373,102.624618387,27.4824823769,0.271827742513,10.147314159,0.274935500259,0.0734976728089,2.22507385851e-308
792,3402,1354.46856207,87.9741494323,27.4386075424,-0.218220372927,10.147314159,0.227997009452,0.0756352509624,2.22507385851e-308
792.5,3402,1350.03896688,73.7744417867,27.439807555,-0.585745357219,10.147314159,0.194965699026,0.0780699598523,2.22507385851e-308
793,3402,1339.59307399,63.184997394,27.4712446018,-0.647176358234,10.147314159,0.191849031212,0.0796455756305,2.22507385851e-308
793.5,3402,1325.45514386,58.5620175915,27.489022324,-0.552881053702,10.147314159,0.202444835471,0.0800794292306,2.22507385851e-308
794,3402,1310.77093263,60.9341371961,27.4825280997,-0.415809168154,10.147314159,0.214991425869,0.0794324172217,2.22507385851e-308
794.5,3402,1298.80774659,69.7735484043,27.4773244314,-0.309832718526,10.147314159,0.225229558648,0.0786469259614,2.22507385851e-308
795,3402,1292.22745107,83.1134405188,27.4830849175,-0.206592693931,10.147314159,0.235508850322,0.0775675979998,2.22507385851e-308
795.5,3402,1292.49419287,97.985624608,27.5006770455,-0.0609742991527,10.147314159,0.249767444896,0.0760756230188,2.22507385851e-308
796,3402,1299.54862067,111.080969547,27.5214515015,0.115025569315,10.147314159,0.266663361389,0.0749283129448,2.22507385851e-308
796.5,3402,1311.82109102,119.485699303,27.5310414959,0.264318105239,10.147314159,0.280222608391,0.0738412657956,2.22507385851e-308
797,3402,1326.58092136,121.329721854,27.5220138553,0.320008109033,10.147314159,0.284830215291,0.0738191089443,2.22507385851e-308
797.5,3402,1340.5439798,116.202733483,27.5008096705,0.25336747467,10.147314159,0.277598813248,0.0743818592679,2.22507385851e-308
798,3402,1350.60341997,105.245513289,27.4627061327,-0.0575346751685,10.147314159,0.246451576519,0.0763587983118,2.22507385851e-308
798.5,3402,1354.52096896,90.8960944621,27.4247309481,-0.563465676341,10.147314159,0.198514033888,0.0791300090023,2.22507385851e-308
799,3402,1351.42495364,76.3472903896,27.4271912406,-0.916939024301,10.147314159,0.169338227753,0.0818743037631,2.22507385851e-308
799.5,3402,1342.00425204,64.8362786175,27.4607436442,-0.966652385438,10.147314159,0.168346444001,0.083271232106,2.22507385851e-308
800,3402,1328.35501469,58.9243135728,27.4790358221,-0.859392719274,10.147314159,0.180184190138,0.0836786751093,2.22507385851e-308
800.5,3402,1313.51426131,59.9268353701,27.4695306975,-0.701539599612,10.147314159,0.194635769124,0.0827939186045,2.22507385851e-308
801,3402,1300.78412955,67.6207781796,27.4559545585,-0.575577146861,10.147314159,0.205752437791,0.0817213886364,2.22507385851e-308
801.5,3402,1292.99713377,80.294203427,27.4543948366,-0.452012940005,10.147314159,0.215474279721,0.0800343452949,2.22507385851e-308
802,3402,1291.88591728,95.1272142028,27.4634402861,-0.309000485807,10.147314159,0.230046683788,0.0786778009434,2.22507385851e-308
802.5,3402,1297.69773098,108.819395629,27.4812104791,-0.146289964988,10.147314159,0.244330346612,0.0772707123203,2.22507385851e-308
803,3402,1309.13941892,118.32417274,27.4938536988,0.004019602655,10.147314159,0.258227206552,0.0761867646073,2.22507385851e-308
803.5,3402,1323.66515154,121.526687785,27.4898917605,0.0362138911025,10.147314159,0.261046225646,0.0762343398956,2.22507385851e-308
804,3402,1338.0428848,117.714366059,27.4726501507,-0.0557682764144,10.147314159,0.251311950745,0.0770987459601,2.22507385851e-308
804.5,3402,1349.07350523,107.735467131,27.4397720352,-0.390154779248,10.147314159,0.218949398512,0.0794581420883,2.22507385851e-308
805,3402,1354.30264773,93.8103430924,27.4070250295,-0.892519872997,10.147314159,0.174674828644,0.0828987830808,2.22507385851e-308
805.5,3402,1352.56680343,79.0373997389,27.4133592194,-1.22934899611,10.147314159,0.147019493499,0.0855549936112,2.22507385851e-308
806,3402,1344.25220587,66.703686664,27.4480217976,-1.27491994807,10.147314159,0.14832780955,0.0874380948698,2.22507385851e-308
806.5,3402,1331.20889224,59.5535132158,27.4699764287,-1.14278328674,10.147314159,0.162105127715,0.0876220461052,2.22507385851e-308
807,3402,1316.33906136,59.1778267206,27.4591935775,-0.970124207743,10.147314159,0.176925626839,0.0864717722033,2.22507385851e-308
807.5,3402,1302.95132075,65.6602191958,27.4381632991,-0.818724515274,10.147314159,0.18857907083,0.084757624483,2.22507385851e-308
808,3402,1294.02450586,77.5583277325,27.4280288923,-0.683547871817,10.147314159,0.200477302409,0.0830346430164,2.22507385851e-308
808.5,3402,1291.54487513,92.2247670473,27.4284081987,-0.557562123878,10.147314159,0.210635319849,0.0812915126762,2.22507385851e-308
809,3402,1296.06415807,106.396185198,27.4412736712,-0.396724390369,10.147314159,0.224119197412,0.0796355287945,2.22507385851e-308
809.5,3402,1306.57679293,116.919374786,27.4542987216,-0.266911535169,10.147314159,0.235287734173,0.0786164930458,2.22507385851e-308
810,3402,1320.74366885,121.452876482,27.4548964152,-0.257048130996,10.147314159,0.2363128368,0.078833059407,2.22507385851e-308
810.5,3402,1335.41258909,118.987964769,27.4415054009,-0.37611005816,10.147314159,0.224725892943,0.0800685500314,2.22507385851e-308
811,3402,1347.31964969,110.073094133,27.4138026149,-0.725775876559,10.147314159,0.193809586411,0.0829073219308,2.22507385851e-308
811.5,3402,1353.81547351,96.6918653492,27.3871910812,-1.2238561583,10.147314159,0.150489536418,0.0867076340003,2.22507385851e-308
812,3402,1353.45470908,81.8216649539,27.3948549348,-1.53446957553,10.147314159,0.127223580165,0.0898028251372,2.22507385851e-308
812.5,3402,1346.3176282,68.7711826908,27.4334649843,-1.55868767491,10.147314159,0.130884393265,0.09164599958,2.22507385851e-308
813,3402,1333.99226504,60.4442124344,27.4601907553,-1.40374410139,10.147314159,0.147670855973,0.0916861271241,2.22507385851e-308
813.5,3402,1319.22107104,58.6935443525,27.449982241,-1.21690787291,10.147314159,0.163114376406,0.0903454772522,2.22507385851e-308
814,3402,1305.29070657,63.9087103528,27.4237874855,-1.03750738127,10.147314159,0.17479544928,0.0880929922611,2.22507385851e-308
814.5,3402,1295.30074343,74.9293113956,27.4047719292,-0.902948632489,10.147314159,0.185834893755,0.0860796066853,2.22507385851e-308
815,3402,1291.47399557,89.3032117548,27.3973351443,-0.782835002574,10.147314159,0.194806054496,0.0839737336017,2.22507385851e-308
815.5,3402,1294.66193242,103.832150786,27.4033334576,-0.640786629547,10.147314159,0.20662289521,0.0822232875262,2.22507385851e-308
816,3402,1304.15522301,115.283371009,27.4151891254,-0.535195252582,10.147314159,0.214409686132,0.0812715888941,2.22507385851e-308
816.5,3402,1317.84156539,121.108921897,27.4191210981,-0.542170018876,10.147314159,0.214860735261,0.0817430086485,2.22507385851e-308
817,3402,1332.6756838,120.012590895,27.4088128211,-0.699605090245,10.147314159,0.201114824047,0.0834855486576,2.22507385851e-308
817.5,3402,1345.35691692,112.238316823,27.3855694723,-1.05955371968,10.147314159,0.16955555416,0.0867564659133,2.22507385851e-308
818,3402,1353.06363055,99.5159123392,27.3645197926,-1.52201870206,10.147314159,0.130981910473,0.0908390338403,2.22507385851e-308
818.5,3402,1354.08104454,84.676172465,27.3706864992,-1.82832491426,10.147314159,0.111249280043,0.0943438924269,2.22507385851e-308
819,3402,1348.18277949,71.0210093345,27.4139779914,-1.81863012086,10.147314159,0.117301846716,0.0954434147363,2.22507385851e-308
819.5,3402,1336.68122719,61.588761168,27.447034086,-1.6418642361,10.147314159,0.135542180659,0.0953205152992,2.22507385851e-308
820,3402,1322.13553729,58.478147683,27.4405848244,-1.44486896341,10.147314159,0.1512269932,0.0937982245318,2.22507385851e-308
820.5,3402,1307.78219443,62.3812950553,27.4106509418,-1.23595326257,10.147314159,0.164785322897,0.0913539250237,2.22507385851e-308
821,3402,1296.8148851,72.42973458,27.3842948191,-1.10111883998,10.147314159,0.173600400439,0.0891898792766,2.22507385851e-308
821.5,3402,1291.67388738,86.3876410553,27.3694236356,-0.985784243666,10.147314159,0.181148312392,0.0869063110153,2.22507385851e-308
822,3402,1293.5030975,101.149314439,27.3682199926,-0.881453423187,10.147314159,0.188602259007,0.0849974685158,2.22507385851e-308
822.5,3402,1301.8955076,113.430212758,27.3775142437,-0.813638627868,10.147314159,0.194288009865,0.0844617297274,2.22507385851e-308
823,3402,1314.98376683,120.497778197,27.3838056821,-0.834599567774,10.147314159,0.19317454109,0.0850658550169,2.22507385851e-308
823.5,3402,1329.85567575,120.779444103,27.3768879258,-1.01855198969,10.147314159,0.177591457689,0.0872948424366,2.22507385851e-308
824,3402,1343.20216448,114.212538481,27.3570362393,-1.37226418258,10.147314159,0.148923360919,0.0909773265448,2.22507385851e-308
824.5,3402,1352.0535763,102.258228815,27.3386739217,-1.80519482061,10.147314159,0.114741176079,0.0950247994736,2.22507385851e-308
825,3402,1354.44043032,87.5764054041,27.3449449721,-2.09206774469,10.147314159,0.0976047301046,0.0984703938281,2.22507385851e-308
825.5,3402,1349.83164026,73.4338432256,27.3894788766,-2.06268480266,10.147314159,0.105301111204,0.0992059755381,2.22507385851e-308
826,3402,1339.25268365,62.9773290868,27.4294093973,-1.86190291187,10.147314159,0.12476674119,0.0986119979895,2.22507385851e-308
826.5,3402,1325.05742826,58.5334867163,27.4304692578,-1.62428212322,10.147314159,0.143292798461,0.0967788297019,2.22507385851e-308
827,3402,1310.40438537,61.0910920072,27.3980080558,-1.41233691992,10.147314159,0.157208405771,0.0942398094286,2.22507385851e-308
827.5,3402,1298.55392616,70.0810657158,27.3657073319,-1.27268431669,10.147314159,0.165304059272,0.0920555769558,2.22507385851e-308
828,3402,1292.14283371,83.503096278,27.3444721155,-1.18298638009,10.147314159,0.169005123232,0.0898142666747,2.22507385851e-308
828.5,3402,1292.59760635,98.3707185701,27.336202764,-1.11487252451,10.147314159,0.171700377143,0.0880741817756,2.22507385851e-308
829,3402,1299.817055,111.375816488,27.3417723735,-1.07912886012,10.147314159,0.175275075127,0.0876432837597,2.22507385851e-308
829.5,3402,1312.1948183,119.624694389,27.3494144169,-1.12416592662,10.147314159,0.172019444926,0.0884893167137,2.22507385851e-308
830,3402,1326.9767855,121.281938022,27.346720666,-1.32204879813,10.147314159,0.157915117081,0.0911572146165,2.22507385851e-308
830.5,3402,1340.87389916,115.97880286,27.328562794,-1.67126666264,10.147314159,0.131295068303,0.095093128053,2.22507385851e-308
831,3402,1350.79398594,104.895261496,27.3112150209,-2.08648629419,10.147314159,0.100137757365,0.0993865373686,2.22507385851e-308
831.5,3402,1354.52977971,90.4974541755,27.3193526411,-2.33932347639,10.147314159,0.0858789233674,0.102267405031,2.22507385851e-308
832,3402,1351.25004875,75.9889609538,27.3621872976,-2.28819754785,10.147314159,0.0946451896827,0.102579578956,2.22507385851e-308
832.5,3402,1341.68454865,64.5979900225,27.4079091018,-2.06069155699,10.147314159,0.115486297619,0.101546647981,2.22507385851e-308
833,3402,1327.96164833,58.8590861553,27.4174928878,-1.79851104952,10.147314159,0.135113850568,0.0995005447647,2.22507385851e-308
833.5,3402,1313.13475785,60.0491825382,27.3862996912,-1.56910673946,10.147314159,0.15080099708,0.0968343376913,2.22507385851e-308
834,3402,1300.50293029,67.9034771111,27.348110538,-1.42949173186,10.147314159,0.158206808409,0.0947337482137,2.22507385851e-308
834.5,3402,1292.87680688,80.674352276,27.3215719408,-1.35368533467,10.147314159,0.159906323883,0.0924887305253,2.22507385851e-308
835,3402,1291.95323605,95.5202280568,27.3070658568,-1.33317928979,10.147314159,0.160554417151,0.0913737286067,2.22507385851e-308
835.5,3402,1297.93771668,109.137827051,27.3078513179,-1.3433503402,10.147314159,0.158983704736,0.0912004132713,2.22507385851e-308
836,3402,1309.49867359,118.497169236,27.3157998236,-1.40496655068,10.147314159,0.154876972084,0.0922616662357,2.22507385851e-308
836.5,3402,1324.06373932,121.51575682,27.3156633605,-1.61154630988,10.147314159,0.141338986982,0.0951286282025,2.22507385851e-308
837,3402,1338.39211804,117.521939823,27.3006237751,-1.94955664296,10.147314159,0.116803688761,0.0991212301279,2.22507385851e-308
837.5,3402,1349.29567787,107.404361369,27.2845423405,-2.33544094402,10.147314159,0.0885839380604,0.103295471201,2.22507385851e-308
838,3402,1354.34832531,93.4142303994,27.2921392811,-2.55429817317,10.147314159,0.0768968730567,0.105878769125,2.22507385851e-308
838.5,3402,1352.42582248,78.6644170576,27.3345002547,-2.4857370583,10.147314159,0.085575998421,0.105502320121,2.22507385851e-308
839,3402,1343.95593532,66.4368244006,27.3813934194,-2.25099849634,10.147314159,0.107345594176,0.104398189232,2.22507385851e-308
839.5,3402,1330.82325368,59.452149483,27.4001545047,-1.95945656851,10.147314159,0.129809875778,0.102279003353,2.22507385851e-308
840,3402,1315.94986118,59.2645154271,27.3737187313,-1.7164473052,10.147314159,0.145546186832,0.0993955613524,2.22507385851e-308
840.5,3402,1302.64515784,65.9156716955,27.3313168938,-1.57733720593,10.147314159,0.151757397275,0.0972377909615,2.22507385851e-308
841,3402,1293.86950291,77.925704639,27.2996780526,-1.51812800276,10.147314159,0.153015049409,0.0953565172901,2.22507385851e-308
841.5,3402,1291.57552102,92.6223252656,27.2796029461,-1.54354666955,10.147314159,0.148559679997,0.0945550166597,2.22507385851e-308
842,3402,1296.27363395,106.735466149,27.2755480318,-1.58608266433,10.147314159,0.145038341115,0.0945335407958,2.22507385851e-308
842.5,3402,1306.91848943,117.124886858,27.2823433396,-1.67487949546,10.147314159,0.138655438234,0.0958704575692,2.22507385851e-308
843,3402,1321.14155688,121.478892268,27.28491308,-1.88955796232,10.147314159,0.124917186766,0.0989280618629,2.22507385851e-308
843.5,3402,1335.77813669,118.828695635,27.2736811498,-2.20920574513,10.147314159,0.104475765371,0.103129842879,2.22507385851e-308
844,3402,1347.5715208,109.763978212,27.2589333582,-2.56107199781,10.147314159,0.0781971041035,0.106982678715,2.22507385851e-308
844.5,3402,1353.89762561,96.3016823928,27.2672450921,-2.76032272694,10.147314159,0.0656654510888,0.108985559711,2.22507385851e-308
845,3402,1353.34886295,81.4372325103,27.3057312346,-2.67963000088,10.147314159,0.0754549853883,0.108303181667,2.22507385851e-308
845.5,3402,1346.0473351,68.4780387925,27.3525443179,-2.42760123122,10.147314159,0.098872612326,0.106864386069,2.22507385851e-308
846,3402,1333.61766645,60.3075829817,27.3798912324,-2.10984585824,10.147314159,0.124654546012,0.104634310623,2.22507385851e-308
846.5,3402,1318.82551693,58.7438300433,27.3603615175,-1.85523532716,10.147314159,0.140573988024,0.101802493624,2.22507385851e-308
847,3402,1304.96220958,64.1347223836,27.3168043222,-1.70692901041,10.147314159,0.146467612867,0.099464742013,2.22507385851e-308
847.5,3402,1295.11239571,75.2807610233,27.2792133904,-1.67836403957,10.147314159,0.146354845258,0.0981185559433,2.22507385851e-308
848,3402,1291.46770536,89.7018997791,27.2545465258,-1.73181790627,10.147314159,0.138928191613,0.097415492188,2.22507385851e-308
848.5,3402,1294.83909933,104.18936724,27.2453966289,-1.80951810207,10.147314159,0.1320735554,0.0976526743916,2.22507385851e-308
849,3402,1304.47642656,115.519633547,27.2500730349,-1.92310394844,10.147314159,0.124006690299,0.0992674446765,2.22507385851e-308
849.5,3402,1318.23533628,121.17166099,27.2545891905,-2.13016635119,10.147314159,0.113062474451,0.102548736893,2.22507385851e-308
850,3402,1333.05440615,119.887846798,27.2472124204,-2.44725869029,10.147314159,0.0929556686096,0.106900586928,2.22507385851e-308
850.5,3402,1345.63632322,111.953845686,27.2343506835,-2.77566007564,10.147314159,0.0684499091776,0.110497794515,2.22507385851e-308
851,3402,1353.18155158,99.1350103329,27.242878654,-2.92942345152,10.147314159,0.0585283615777,0.111853852602,2.22507385851e-308
851.5,3402,1354.01124231,84.2835920825,27.2745253837,-2.87008641422,10.147314159,0.0677713004248,0.111463223509,2.22507385851e-308
852,3402,1347.94078533,70.7041015631,27.3206950329,-2.59226800069,10.147314159,0.0912837411515,0.109223729318,2.22507385851e-308
852.5,3402,1336.32088594,61.418039482,27.3557908927,-2.25503050949,10.147314159,0.11880795784,0.106666128278,2.22507385851e-308
853,3402,1321.73702658,58.4915984629,27.3457789306,-1.99423521233,10.147314159,0.134974893977,0.103996307434,2.22507385851e-308
853.5,3402,1307.43418477,62.5759254392,27.3045045907,-1.82704792716,10.147314159,0.142351919461,0.10153128998,2.22507385851e-308
854,3402,1296.59481028,72.7622383892,27.2616693417,-1.82498828133,10.147314159,0.140197481599,0.100656672181,2.22507385851e-308
854.5,3402,1291.63071509,86.7840346235,27.2332408017,-1.89697356935,10.147314159,0.131267917876,0.100227198154,2.22507385851e-308
855,3402,1293.64643378,101.521398327,27.218542847,-2.01210876897,10.147314159,0.121065837363,0.100608590859,2.22507385851e-308
855.5,3402,1302.19345944,113.695196546,27.220209657,-2.15791798242,10.147314159,0.112406702466,0.102800445207,2.22507385851e-308
856,3402,1315.37003854,120.596701741,27.2262020699,-2.3539696653,10.147314159,0.101605068596,0.105801515998,2.22507385851e-308
856.5,3402,1330.24432007,120.690296448,27.2220160347,-2.66048059955,10.147314159,0.0822665158842,0.11021018531,2.22507385851e-308
857,3402,1343.5067062,113.955155401,27.2115925091,-2.95387387837,10.147314159,0.0622356028406,0.113598696034,2.22507385851e-308
857.5,3402,1352.20625345,101.889879259,27.2185318045,-3.08848227714,10.147314159,0.0536428688814,0.114851780399,2.22507385851e-308
858,3402,1354.40727152,87.1790488873,27.244375218,-3.02670418351,10.147314159,0.0617596116699,0.114338232374,2.22507385851e-308
858.5,3402,1349.6200235,73.0958934469,27.2862574119,-2.74828798102,10.147314159,0.0838033312139,0.11144372634,2.22507385851e-308
859,3402,1338.90969466,62.7739814663,27.3267682557,-2.39780489356,10.147314159,0.111838088193,0.10858619798,2.22507385851e-308
859.5,3402,1324.6593837,58.5099870591,27.330374107,-2.10257637717,10.147314159,0.131545248531,0.105775642384,2.22507385851e-308
860,3402,1310.03985204,61.2526690978,27.294127343,-1.93564353154,10.147314159,0.138907904853,0.103278717827,2.22507385851e-308
860.5,3402,1298.30401444,70.3917678891,27.2489437687,-1.94670597903,10.147314159,0.135729796561,0.102665210208,2.22507385851e-308
861,3402,1292.06315015,83.8937908348,27.2168896496,-2.0474239848,10.147314159,0.125272511471,0.10267155252,2.22507385851e-308
861.5,3402,1292.7058809,98.7544741282,27.1974679452,-2.19795482165,10.147314159,0.112267975208,0.103625226944,2.22507385851e-308
862,3402,1300.08919608,111.667245625,27.1950476438,-2.36194099985,10.147314159,0.102665886381,0.105861045439,2.22507385851e-308
862.5,3402,1312.57027322,119.758952747,27.2015052184,-2.55298731543,10.147314159,0.0915083444636,0.108711797308,2.22507385851e-308
863,3402,1327.37201378,121.229152483,27.2006148898,-2.83639377146,10.147314159,0.073729531874,0.112738423234,2.22507385851e-308
863.5,3402,1341.20096064,115.750718455,27.1910267777,-3.10203822332,10.147314159,0.0570215150591,0.116139114368,2.22507385851e-308
864,3402,1350.98010789,104.542628082,27.1943686219,-3.23079850017,10.147314159,0.0488678499918,0.117579640274,2.22507385851e-308
864.5,3402,1354.53354913,90.0987343503,27.2138441238,-3.15820736154,10.147314159,0.0559260157186,0.116484291074,2.22507385851e-308
865,3402,1351.07062691,75.6328717596,27.2488251027,-2.89063783112,10.147314159,0.0758681416163,0.113481661064,2.22507385851e-308
865.5,3402,1341.36185778,64.363762985,27.2923244543,-2.53661854823,10.147314159,0.103475804274,0.110336377915,2.22507385851e-308
866,3402,1327.56748865,58.7988378953,27.3097882682,-2.22432797035,10.147314159,0.125483420226,0.107462612327,2.22507385851e-308
866.5,3402,1312.75683175,60.1763185778,27.2837001042,-2.04302057926,10.147314159,0.134881844974,0.105037095156,2.22507385851e-308
867,3402,1300.22532812,68.1897090818,27.2401778806,-2.05375475269,10.147314159,0.131445434845,0.104556695519,2.22507385851e-308
867.5,3402,1292.76129642,81.0559922138,27.2077477943,-2.16857674085,10.147314159,0.119968348939,0.104782781539,2.22507385851e-308
868,3402,1292.02551894,95.9123592751,27.1839966737,-2.36343724541,10.147314159,0.106220767582,0.106469731133,2.22507385851e-308
868.5,3402,1298.18170962,109.453198504,27.1776158773,-2.54549504229,10.147314159,0.0943106476894,0.108714995281,2.22507385851e-308
869,3402,1309.86008701,118.665609287,27.1830496551,-2.72201315793,10.147314159,0.0832506310315,0.111261194097,2.22507385851e-308
869.5,3402,1324.46215702,121.499786763,27.1833327829,-2.97612050962,10.147314159,0.0691349471415,0.115091293872,2.22507385851e-308
870,3402,1338.73889021,117.325113071,27.1739555235,-3.21000903591,10.147314159,0.0539993815475,0.118165965496,2.22507385851e-308
870.5,3402,1349.51364606,107.070472804,27.1719089514,-3.31814752539,10.147314159,0.0465534473263,0.119243544101,2.22507385851e-308
871,3402,1354.38899058,93.0175718011,27.1824128884,-3.24166651504,10.147314159,0.0536905442531,0.118239789981,2.22507385851e-308
871.5,3402,1352.28013661,78.293246836,27.2087658989,-2.99499338558,10.147314159,0.0706924999507,0.114990929241,2.22507385851e-308
872,3402,1343.65631409,66.1737296811,27.2504499199,-2.6778941317,10.147314159,0.0953656997343,0.11206064383,2.22507385851e-308
872.5,3402,1330.43636424,59.3556700821,27.2816655432,-2.35869696095,10.147314159,0.118843703776,0.109406646273,2.22507385851e-308
873,3402,1315.56178826,59.3561184665,27.2702233136,-2.16314301235,10.147314159,0.129954467967,0.106979178378,2.22507385851e-308
873.5,3402,1302.34224949,66.1749750669,27.2329800889,-2.16918697815,10.147314159,0.126296126672,0.106533747176,2.22507385851e-308
874,3402,1293.71915766,78.2950121188,27.2023530279,-2.28780321657,10.147314159,0.115901081729,0.106990665992,2.22507385851e-308
874.5,3402,1291.6111914,93.0194641973,27.1790641306,-2.49989636898,10.147314159,0.100366435118,0.108951054493,2.22507385851e-308
875,3402,1296.48738314,107.072071246,27.1697105409,-2.69403011322,10.147314159,0.0874573650855,0.11108584169,2.22507385851e-308
875.5,3402,1307.26275722,117.326061899,27.1728963701,-2.86225308886,10.147314159,0.0763867726364,0.113432733968,2.22507385851e-308
876,3402,1321.53974206,121.499874857,27.1730760569,-3.09055645713,10.147314159,0.0647502165213,0.116992217037,2.22507385851e-308
876.5,3402,1336.14164118,118.664817047,27.1629044059,-3.27795523246,10.147314159,0.0527623805404,0.119491550788,2.22507385851e-308
877,3402,1347.81946314,109.451702206,27.1531140433,-3.35788096275,10.147314159,0.0466748249833,0.120265756985,2.22507385851e-308
877.5,3402,1353.97483745,95.9104918529,27.1521813944,-3.29349859183,10.147314159,0.0512726657665,0.119168199542,2.22507385851e-308
878,3402,1353.2381643,81.0541691777,27.1649841664,-3.08848730584,10.147314159,0.0651076252477,0.116387678375,2.22507385851e-308
878.5,3402,1345.77335693,68.1883360659,27.2017312845,-2.81497479852,10.147314159,0.086317268948,0.113629962756,2.22507385851e-308
879,3402,1333.2413702,60.1757010846,27.2449279368,-2.50340623628,10.147314159,0.11076674466,0.111101251667,2.22507385851e-308
879.5,3402,1318.43063028,58.79911332,27.2506668432,-2.30501011062,10.147314159,0.123140103542,0.109091537201,2.22507385851e-308
880,3402,1304.63659668,64.3648700442,27.2254827157,-2.2848165312,10.147314159,0.120669048623,0.108343228087,2.22507385851e-308
880.5,3402,1294.92850696,75.6345641275,27.19926277,-2.41836404185,10.147314159,0.110471527104,0.109238311354,2.22507385851e-308
881,3402,1291.46645688,90.100635467,27.1809483534,-2.62004853614,10.147314159,0.0951017998489,0.110928345955,2.22507385851e-308
881.5,3402,1295.02076891,104.54431494,27.1725310366,-2.80527825396,10.147314159,0.0823279743009,0.1128920544,2.22507385851e-308
882,3402,1304.80059187,115.751815721,27.1734231813,-2.96833837333,10.147314159,0.0723019341861,0.115202296515,2.22507385851e-308
882.5,3402,1318.629869,121.229416009,27.1721431087,-3.14792432928,10.147314159,0.0638048864427,0.118093325341,2.22507385851e-308
883,3402,1333.43152089,119.758323898,27.1586763645,-3.3086696648,10.147314159,0.0537897228533,0.120391111908,2.22507385851e-308
883.5,3402,1345.91211017,111.665864323,27.1394806892,-3.36325047938,10.147314159,0.0480401200229,0.120774312328,2.22507385851e-308
884,3402,1353.29464684,98.752647719,27.1245823344,-3.28606213788,10.147314159,0.0523481373161,0.119502502808,2.22507385851e-308
884.5,3402,1353.93648166,83.8919257032,27.1192350201,-3.1598270896,10.147314159,0.0624166687606,0.117838175661,2.22507385851e-308
885,3402,1347.69480336,70.3902790358,27.1475431538,-2.93713371703,10.147314159,0.0785310812519,0.115060630538,2.22507385851e-308
885.5,3402,1335.9584148,61.2518877995,27.1992909183,-2.66474313542,10.147314159,0.100533224509,0.112771243651,2.22507385851e-308
886,3402,1321.33871781,58.5100871584,27.2233105173,-2.47786162174,10.147314159,0.11272723679,0.111253877694,2.22507385851e-308
886.5,3402,1307.08866395,62.7749406907,27.213664866,-2.42510913884,10.147314159,0.11349206673,0.110275910114,2.22507385851e-308
887,3402,1296.37895743,73.0974983644,27.196503393,-2.55198794073,10.147314159,0.104458425495,0.111344520431,2.22507385851e-308
887.5,3402,1291.59255847,87.1809423963,27.1877429378,-2.7312440916,10.147314159,0.0906272004227,0.11291672895,2.22507385851e-308
888,3402,1293.79446343,101.891640045,27.1839384692,-2.90031593002,10.147314159,0.0783290322521,0.114399345501,2.22507385851e-308
888.5,3402,1302.49473807,113.95639168,27.1843118286,-3.05605730128,10.147314159,0.0696491804915,0.116762138118,2.22507385851e-308
889,3402,1315.75753023,120.690733143,27.181345698,-3.18370893807,10.147314159,0.0632240991907,0.118716212488,2.22507385851e-308
889.5,3402,1330.63180608,120.596241685,27.1623690656,-3.30524367379,10.147314159,0.0563570379379,0.120845931569,2.22507385851e-308
890,3402,1343.80796907,113.693942103,27.1328057489,-3.31520609691,10.147314159,0.0538849028252,0.120760005807,2.22507385851e-308
890.5,3402,1352.35426078,101.519628617,27.1009211495,-3.24254464812,10.147314159,0.0577755295954,0.119734598387,2.22507385851e-308
891,3402,1354.36909097,86.7821434158,27.0761843136,-3.17190674247,10.147314159,0.063188284849,0.118712480862,2.22507385851e-308
891.5,3402,1349.40415043,72.7606464857,27.0905697548,-3.04239755227,10.147314159,0.071174333795,0.116395688231,2.22507385851e-308
892,3402,1338.56416184,62.5749870461,27.1464983118,-2.83501421642,10.147314159,0.0882322415348,0.114403668867,2.22507385851e-308
892.5,3402,1324.26107381,58.4915223771,27.1903656429,-2.6478563208,10.147314159,0.102163642758,0.113207076895,2.22507385851e-308
893,3402,1309.67739091,61.418842633,27.1971273034,-2.58330279426,10.147314159,0.104474908295,0.112323750694,2.22507385851e-308
893.5,3402,1298.05805139,70.7056052459,27.1919195682,-2.69059430251,10.147314159,0.0970046737958,0.113311231784,2.22507385851e-308
894,3402,1291.98841311,84.2854617206,27.194640612,-2.84396789231,10.147314159,0.085708837774,0.114506066644,2.22507385851e-308
894.5,3402,1292.81899922,99.136829923,27.1996689176,-2.99694539571,10.147314159,0.0745011627538,0.115965159683,2.22507385851e-308
895,3402,1300.36500039,111.955210361,27.2034529892,-3.12089329698,10.147314159,0.0684284507768,0.117917857585,2.22507385851e-308
895.5,3402,1312.94739577,119.888452911,27.1993577754,-3.19792729208,10.147314159,0.0643411655322,0.119187013379,2.22507385851e-308
896,3402,1327.76654301,121.171373678,27.1745686329,-3.2680039041,10.147314159,0.0607598557244,0.120659942848,2.22507385851e-308
896.5,3402,1341.52511195,115.518516738,27.1338194458,-3.22692648545,10.147314159,0.0620928377297,0.120167222655,2.22507385851e-308
897,3402,1351.16175608,104.18766943,27.0838248883,-3.16341991434,10.147314159,0.0648998850125,0.119593622431,2.22507385851e-308
897.5,3402,1354.53227661,89.6999987384,27.0389053138,-3.13962995077,10.147314159,0.0647721827832,0.118667777595,2.22507385851e-308
898,3402,1350.88671684,75.2790797424,27.0351733281,-3.11842474196,10.147314159,0.0649912815066,0.117353888582,2.22507385851e-308
898.5,3402,1341.036231,64.1336349556,27.0902463086,-3.00213451396,10.147314159,0.0750226011158,0.115962430897,2.22507385851e-308
899,3402,1327.17259867,58.7435784259,27.1511271312,-2.84119505856,10.147314159,0.0882385621743,0.11515653096,2.22507385851e-308
899.5,3402,1312.38054345,60.3082231611,27.1759435498,-2.76444130305,10.147314159,0.0930999106354,0.114570201401,2.22507385851e-308
900,3402,1299.95136741,68.4794283256,27.1838973558,-2.83732038041,10.147314159,0.0877882995204,0.115217869247,2.22507385851e-308
900.5,3402,1292.65062087,81.4390622195,27.1994130522,-2.96626832772,10.147314159,0.0788293570754,0.116217507364,2.22507385851e-308
901,3402,1292.10275437,96.3035451592,27.2150031502,-3.09794565231,10.147314159,0.0712184907268,0.117692737038,2.22507385851e-308
901.5,3402,1298.42967079,109.765459562,27.2258224163,-3.17978100978,10.147314159,0.0679480442637,0.119133958982,2.22507385851e-308
902,3402,1310.22360138,118.82946596,27.2224368889,-3.1913505182,10.147314159,0.0673372975519,0.119632389894,2.22507385851e-308
902.5,3402,1324.86034094,121.478780168,27.192756602,-3.18822042304,10.147314159,0.0697184135935,0.1202509323,2.22507385851e-308
903,3402,1339.08314587,117.123917275,27.1416790433,-3.09537925692,10.147314159,0.0741002356052,0.119390841342,2.22507385851e-308
903.5,3402,1349.72737496,106.73385482,27.0759279971,-3.01403017676,10.147314159,0.0770424454223,0.118478768081,2.22507385851e-308
904,3402,1354.42463702,92.6204307197,27.0106874302,-3.03506763345,10.147314159,0.0725015841429,0.117995868278,2.22507385851e-308
904.5,3402,1352.1297691,77.923948421,26.9879847409,-3.1318781706,10.147314159,0.0624528891129,0.117322232177,2.22507385851e-308
905,3402,1343.35339011,65.9144445722,27.0352541118,-3.1592792355,10.147314159,0.0629216417902,0.117427554663,2.22507385851e-308
905.5,3402,1330.0482858,59.2640904392,27.1090999714,-3.05233317857,10.147314159,0.074541295981,0.117598889477,2.22507385851e-308
906,3402,1315.17490465,59.4526211924,27.1514918141,-2.9673501977,10.147314159,0.0807156277233,0.117045062109,2.22507385851e-308
906.5,3402,1302.04264413,66.4380878496,27.1713191642,-3.01469823053,10.147314159,0.0775886779995,0.117640445435,2.22507385851e-308
907,3402,1293.57349417,78.666191123,27.1981954832,-3.10302737238,10.147314159,0.0724830023574,0.118305763073,2.22507385851e-308
907.5,3402,1291.65188058,93.4161203432,27.22600823,-3.19423571587,10.147314159,0.0685757159668,0.119458803164,2.22507385851e-308
908,3402,1296.70537147,107.40594667,27.2453552559,-3.22673288936,10.147314159,0.0680336522463,0.120253234468,2.22507385851e-308
908.5,3402,1307.60954125,117.522867744,27.2454880443,-3.15778376113,10.147314159,0.0722388732954,0.119780759404,2.22507385851e-308
909,3402,1321.93816072,121.515820894,27.2130701042,-3.07389610648,10.147314159,0.0799996899846,0.119405443971,2.22507385851e-308
909.5,3402,1336.50304444,118.496355207,27.1549180786,-2.90832164573,10.147314159,0.0894785141751,0.117783741087,2.22507385851e-308
910,3402,1348.06343707,109.136316044,27.0774553929,-2.79970812754,10.147314159,0.093429556091,0.116539560548,2.22507385851e-308
910.5,3402,1354.0470967,95.5183562776,26.9947716238,-2.86993862717,10.147314159,0.0841297736914,0.116277499581,2.22507385851e-308
911,3402,1353.12263083,80.6725362045,26.9516823611,-3.11114712256,10.147314159,0.0622037001408,0.11690327997,2.22507385851e-308
911.5,3402,1345.4957375,67.902120832,26.9873284672,-3.29896670465,10.147314159,0.0515323798704,0.118670955014,2.22507385851e-308
912,3402,1332.86343643,60.0485878299,27.0689212069,-3.26094541986,10.147314159,0.0599221078975,0.119703970377,2.22507385851e-308
912.5,3402,1318.03647423,58.8593853433,27.1264011006,-3.18936680603,10.147314159,0.067119030412,0.119933374903,2.22507385851e-308
913,3402,1304.31391993,64.599116536,27.157495196,-3.19397511484,10.147314159,0.0666855521005,0.119979590623,2.22507385851e-308
913.5,3402,1294.7491066,75.9906641381,27.1909827281,-3.25856942123,10.147314159,0.0644496588223,0.120528592796,2.22507385851e-308
914,3402,1291.47025034,90.4993550642,27.2290277504,-3.29936164749,10.147314159,0.0633438590578,0.121013221809,2.22507385851e-308
914.5,3402,1295.20691213,104.896937133,27.258589308,-3.24389088398,10.147314159,0.0691787194075,0.120675865552,2.22507385851e-308
915,3402,1305.1276671,115.979880407,27.2634968954,-3.08482727929,10.147314159,0.0796385681117,0.119306648183,2.22507385851e-308
915.5,3402,1319.02510046,121.28217772,27.2327778575,-2.87749448608,10.147314159,0.0948945060297,0.117497001199,2.22507385851e-308
916,3402,1333.80696772,119.624042904,27.1709539845,-2.66486192632,10.147314159,0.108396185051,0.115538980361,2.22507385851e-308
916.5,3402,1346.18423368,111.37441878,27.0867053134,-2.53157349159,10.147314159,0.113174238906,0.113914930359,2.22507385851e-308
917,3402,1353.40289826,98.3688856339,26.9915302432,-2.63225040595,10.147314159,0.099779443443,0.113825989992,2.22507385851e-308
917.5,3402,1353.85677454,83.5012359512,26.9292615181,-3.05820711783,10.147314159,0.0660326585551,0.116366702606,2.22507385851e-308
918,3402,1347.44487291,70.0795919298,26.9524635194,-3.40156210714,10.147314159,0.0431303806494,0.119334975888,2.22507385851e-308
918.5,3402,1335.59387173,61.0903326865,27.0346789926,-3.4685333404,10.147314159,0.044512167816,0.121587031251,2.22507385851e-308
919,3402,1320.94067467,58.5336108132,27.103687891,-3.4292797154,10.147314159,0.0512988024951,0.122779494643,2.22507385851e-308
919.5,3402,1306.74568721,62.9783089892,27.1434269344,-3.38850911818,10.147314159,0.0543376166374,0.122530817483,2.22507385851e-308
920,3402,1296.16736104,73.4354609006,27.1812944928,-3.41297765259,10.147314159,0.0556734813816,0.122690519296,2.22507385851e-308
920.5,3402,1291.55942362,87.5783009114,27.2253198093,-3.38864508764,10.147314159,0.0594512332522,0.122467391636,2.22507385851e-308
921,3402,1293.94716279,102.259980395,27.2624700417,-3.23538604732,10.147314159,0.0708030101881,0.120748993594,2.22507385851e-308
921.5,3402,1302.7992953,114.213756399,27.2728636631,-2.97021118136,10.147314159,0.0882928453334,0.11804982479,2.22507385851e-308
922,3402,1316.14617991,120.779857366,27.2473247791,-2.63598580783,10.147314159,0.111358510724,0.114509341013,2.22507385851e-308
922.5,3402,1331.01807183,120.497294854,27.1877544552,-2.36099299423,10.147314159,0.129324439628,0.111866471388,2.22507385851e-308
923,3402,1344.10590494,113.428940353,27.102573552,-2.20595144696,10.147314159,0.137067501878,0.110115418115,2.22507385851e-308
923.5,3402,1352.49757462,101.147536088,26.9993710281,-2.37308694262,10.147314159,0.119663420015,0.111069669521,2.22507385851e-308
924,3402,1354.32589478,86.3857524511,26.9243060148,-2.94442331621,10.147314159,0.0745301247008,0.114973930879,2.22507385851e-308
924.5,3402,1349.18405556,72.4281559452,26.9333058928,-3.47999492733,10.147314159,0.0365259975616,0.119763228411,2.22507385851e-308
925,3402,1338.21614045,62.3803776436,27.010500118,-3.66236478423,10.147314159,0.0290807227551,0.123241851153,2.22507385851e-308
925.5,3402,1323.8625623,58.4780956229,27.088363317,-3.64207551953,10.147314159,0.0368919096021,0.125058986563,2.22507385851e-308
926,3402,1309.31705996,61.5895860432,27.1337372382,-3.57385092,10.147314159,0.0428147688277,0.124757616824,2.22507385851e-308
926.5,3402,1297.81607634,71.0225276062,27.1716598079,-3.55820378624,10.147314159,0.0473186959308,0.124627185728,2.22507385851e-308
927,3402,1291.91863455,84.6780463106,27.217908353,-3.45137762453,10.147314159,0.0563905647937,0.123136528637,2.22507385851e-308
927.5,3402,1292.93694321,99.5177248194,27.2570992476,-3.20519639698,10.147314159,0.0721618495801,0.120163255735,2.22507385851e-308
928,3402,1300.64442384,112.239664652,27.2733977098,-2.81076460326,10.147314159,0.0985703617872,0.115932282589,2.22507385851e-308
928.5,3402,1313.32612564,120.013174175,27.2560173763,-2.35546780536,10.147314159,0.128506324523,0.110504970812,2.22507385851e-308
929,3402,1328.16031012,121.108610846,27.2022672197,-2.01811106335,10.147314159,0.150302001503,0.10691642213,2.22507385851e-308
929.5,3402,1341.84630126,115.282234835,27.1229518691,-1.83929152866,10.147314159,0.159796155144,0.105126821064,2.22507385851e-308
930,3402,1351.33890145,103.830442295,27.0158905715,-2.08386492354,10.147314159,0.139679831477,0.107361032694,2.22507385851e-308
930.5,3402,1354.52596237,89.301311094,26.9334345917,-2.79495184459,10.147314159,0.0827787414019,0.112600925473,2.22507385851e-308
931,3402,1350.69834792,74.9276414706,26.931602735,-3.52584780821,10.147314159,0.0316710742416,0.119751668524,2.22507385851e-308
931.5,3402,1340.70772039,63.9076427298,26.9993994782,-3.83104984729,10.147314159,0.0159797409618,0.124717783632,2.22507385851e-308
932,3402,1326.77704152,58.6933165827,27.0804667185,-3.84857887552,10.147314159,0.0219588170548,0.12735709208,2.22507385851e-308
932.5,3402,1312.0059531,60.4448751976,27.1297307724,-3.75023622066,10.147314159,0.0319626945584,0.126952243482,2.22507385851e-308
933,3402,1299.68109198,68.772588519,27.1655834542,-3.66909301855,10.147314159,0.0398000839092,0.126011296659,2.22507385851e-308
933.5,3402,1292.54479791,81.8235010437,27.206893219,-3.49632988766,10.147314159,0.0525940308471,0.123726141838,2.22507385851e-308
934,3402,1292.18492999,96.6937231621,27.2453785465,-3.14368717793,10.147314159,0.0755664485984,0.119263919467,2.22507385851e-308
934.5,3402,1298.68156053,110.074560297,27.2669862947,-2.61422312308,10.147314159,0.110096913408,0.112980107487,2.22507385851e-308
935,3402,1310.58915858,118.988713055,27.2589095475,-2.05780393829,10.147314159,0.144769183996,0.10599186376,2.22507385851e-308
935.5,3402,1325.2582274,121.452740394,27.2142321808,-1.67212051779,10.147314159,0.170356730945,0.101937152344,2.22507385851e-308
936,3402,1339.42482997,116.918384603,27.1437002733,-1.47993925834,10.147314159,0.181908926837,0.100072779638,2.22507385851e-308
936.5,3402,1349.93683038,106.394561241,27.0397136329,-1.76910317649,10.147314159,0.157978611588,0.102698758,2.22507385851e-308
937,3402,1354.45525895,92.2228706544,26.9552835867,-2.61588167089,10.147314159,0.0928403253091,0.109417029126,2.22507385851e-308
937.5,3402,1351.97474399,77.5565808601,26.9463863462,-3.50626279712,10.147314159,0.0301469784455,0.118557098043,2.22507385851e-308
938,3402,1343.0472118,65.6590105311,27.0011242689,-3.97519184927,10.147314159,0.00486830107737,0.126031534394,2.22507385851e-308
938.5,3402,1329.6590804,59.1774251972,27.0810044807,-4.0358503305,10.147314159,0.0106973536105,0.129705883409,2.22507385851e-308
939,3402,1314.7892722,59.5540081747,27.1318396612,-3.91122681087,10.147314159,0.0222889979615,0.129210222238,2.22507385851e-308
939.5,3402,1301.74638967,66.7049679743,27.1636579498,-3.76363599318,10.147314159,0.0332777616185,0.1273803799,2.22507385851e-308
940,3402,1293.43253571,79.0391823032,27.1978133861,-3.49024539049,10.147314159,0.0512911552351,0.123428908595,2.22507385851e-308
940.5,3402,1291.69758205,93.8122302817,27.2323005093,-3.02244530763,10.147314159,0.0813255503918,0.117209420334,2.22507385851e-308
941,3402,1296.92756407,107.737039037,27.2562957362,-2.39902673493,10.147314159,0.120284636183,0.109482905651,2.22507385851e-308
941.5,3402,1307.95878609,117.715272925,27.257708019,-1.76226371292,10.147314159,0.158790364619,0.101523165716,2.22507385851e-308
942,3402,1322.33674916,121.526727829,27.2243407482,-1.34949456276,10.147314159,0.187616063613,0.0966491243069,2.22507385851e-308
942.5,3402,1336.86228868,118.323337052,27.1630591926,-1.14636331685,10.147314159,0.199684381544,0.0944907851686,2.22507385851e-308
943,3402,1348.30340357,108.817870154,27.0666149662,-1.47129322338,10.147314159,0.173467141906,0.097247332631,2.22507385851e-308
943.5,3402,1354.11439178,95.1253383657,26.9820877347,-2.41208053626,10.147314159,0.103106684254,0.10562719515,2.22507385851e-308
944,3402,1353.00228103,80.2923946106,26.9709005826,-3.46498996477,10.147314159,0.0287638651998,0.116905841013,2.22507385851e-308
944.5,3402,1345.2145212,67.6194388541,27.0142825838,-4.08973274944,10.147314159,-0.00324754417154,0.127168467737,2.22507385851e-308
945,3402,1332.4839256,59.9262635418,27.0890694375,-4.18908092018,10.147314159,0.000394827195639,0.131414628574,2.22507385851e-308
945.5,3402,1317.6431118,58.9246364762,27.1393956668,-4.05220522543,10.147314159,0.0144195214611,0.131295868368,2.22507385851e-308
946,3402,1303.99423091,64.837424405,27.1670047844,-3.81125729942,10.147314159,0.0286255610883,0.128033430493,2.22507385851e-308
946.5,3402,1294.57422331,76.3490041181,27.1915214491,-3.45551227091,10.147314159,0.0512919556814,0.122890339449,2.22507385851e-308
947,3402,1291.47908512,90.8979948189,27.2203253792,-2.88607634712,10.147314159,0.0844573047508,0.114748667289,2.22507385851e-308
947.5,3402,1295.39749922,105.247177436,27.2462705176,-2.16088997258,10.147314159,0.129789102783,0.105276972128,2.22507385851e-308
948,3402,1305.45759996,116.203791139,27.2542235405,-1.49490659852,10.147314159,0.170961745938,0.0970053842686,2.22507385851e-308
948.5,3402,1319.42096747,121.329937686,27.2316348709,-1.05607891035,10.147314159,0.201765666787,0.0918953657726,2.22507385851e-308
949,3402,1334.18068661,119.485025288,27.1781815915,-0.877767356161,10.147314159,0.210780615299,0.0897357145518,2.22507385851e-308
949.5,3402,1346.45265023,111.079555655,27.0893690263,-1.2375739486,10.147314159,0.181589521644,0.0923943387258,2.22507385851e-308
950,3402,1353.50628852,97.9837854378,27.0129100754,-2.21956451447,10.147314159,0.107737823681,0.101001298508,2.22507385851e-308
950.5,3402,1353.77213369,83.1115852942,27.0011042492,-3.40798448997,10.147314159,0.0276674302958,0.115083020916,2.22507385851e-308
951,3402,1347.19103394,69.7720899214,27.0357280365,-4.15341330752,10.147314159,-0.0102873502714,0.127507990507,2.22507385851e-308
951.5,3402,1335.227315,60.9333999743,27.1028766909,-4.30982883536,10.147314159,-0.00941102661873,0.132686477212,2.22507385851e-308
952,3402,1320.54296079,58.5621656661,27.1508655733,-4.17001234418,10.147314159,0.00659524290277,0.132926142319,2.22507385851e-308
952.5,3402,1306.4053094,63.1859978177,27.1737817114,-3.84030028294,10.147314159,0.0246909857248,0.128522467795,2.22507385851e-308
953,3402,1295.96005495,73.7760719605,27.1912646298,-3.38419661262,10.147314159,0.0522378415716,0.121664693367,2.22507385851e-308
953.5,3402,1291.53131585,87.9760466349,27.2135287104,-2.72117974823,10.147314159,0.0902566044475,0.111987346818,2.22507385851e-308
954,3402,1294.10450744,102.626360482,27.2383769693,-1.93902562294,10.147314159,0.137481458681,0.101343056352,2.22507385851e-308
954.5,3402,1303.10708245,114.467249552,27.2498842448,-1.27806721013,10.147314159,0.179361466554,0.0929841055058,2.22507385851e-308
955,3402,1316.53592547,120.864060162,27.2348401617,-0.836235038634,10.147314159,0.210037382451,0.087904976934,2.22507385851e-308
955.5,3402,1331.40305556,120.393471773,27.1876477648,-0.694161726415,10.147314159,0.217718080986,0.0859325018733,2.22507385851e-308
956,3402,1344.40046615,113.160192522,27.1067303037,-1.08767222846,10.147314159,0.184283338984,0.0885969313324,2.22507385851e-308
956.5,3402,1352.63617206,100.773661166,27.0398386332,-2.08106552545,10.147314159,0.109570838707,0.0973414455032,2.22507385851e-308
957,3402,1354.27768986,85.9899393727,27.0329330476,-3.33669248669,10.147314159,0.026098999719,0.112827008153,2.22507385851e-308
957.5,3402,1348.9597741,72.0984749875,27.0633160602,-4.17532468119,10.147314159,-0.0162780531749,0.127135643327,2.22507385851e-308
958,3402,1337.86568613,62.1901843751,27.1209594261,-4.38454777775,10.147314159,-0.017658477102,0.133222471506,2.22507385851e-308
958.5,3402,1323.46391286,58.4697089432,27.1665448379,-4.22254490098,10.147314159,0.000551557638666,0.133395261061,2.22507385851e-308
959,3402,1308.95891679,61.764872028,27.1848141197,-3.82092252492,10.147314159,0.0233058140729,0.128062686177,2.22507385851e-308
959.5,3402,1297.57812798,71.342484297,27.1957216169,-3.27887098944,10.147314159,0.0546813560547,0.119887750637,2.22507385851e-308
960,3402,1291.85382563,85.0714818341,27.2118540152,-2.5419723444,10.147314159,0.0973362665662,0.108970609897,2.22507385851e-308
960.5,3402,1293.05969402,99.8970979154,27.2319907621,-1.7693058346,10.147314159,0.142291814123,0.0980597404691,2.22507385851e-308
961,3402,1300.92742175,112.520563017,27.2448825345,-1.12615956049,10.147314159,0.184260250511,0.0899632238423,2.22507385851e-308
961.5,3402,1313.70640227,120.133096598,27.2345493814,-0.698323051628,10.147314159,0.213764426605,0.0848585936439,2.22507385851e-308
962,3402,1328.55325214,121.040874021,27.1913576055,-0.594488238692,10.147314159,0.21978723071,0.0831619806342,2.22507385851e-308
962.5,3402,1342.1644772,115.041910526,27.1186069619,-1.01767232379,10.147314159,0.182228805542,0.0857437956909,2.22507385851e-308
963,3402,1351.51151567,103.471003795,27.0594003421,-2.00716435717,10.147314159,0.107303997246,0.0945043236923,2.22507385851e-308
963.5,3402,1354.51460739,88.9027351639,27.0618347234,-3.23049814008,10.147314159,0.0261281726625,0.109863160677,2.22507385851e-308
964,3402,1350.50555028,74.578613136,27.0927949725,-4.15645168135,10.147314159,-0.0208785796014,0.126121225298,2.22507385851e-308
964.5,3402,1340.37637847,63.6858224419,27.1417055601,-4.42166671805,10.147314159,-0.0238917460274,0.133266818475,2.22507385851e-308
965,3402,1326.38088046,58.648060402,27.1845424942,-4.23123395819,10.147314159,-0.00413448472482,0.133106666972,2.22507385851e-308
965.5,3402,1311.63312061,60.5862528379,27.1971726289,-3.77560281906,10.147314159,0.0233410406543,0.127248736073,2.22507385851e-308
966,3402,1299.41454504,69.0691427884,27.2025029714,-3.14550115887,10.147314159,0.0582380107107,0.11763747208,2.22507385851e-308
966.5,3402,1292.44384448,82.209247218,27.2127859198,-2.38886592853,10.147314159,0.101293533619,0.106295253875,2.22507385851e-308
967,3402,1292.27203268,97.0828308977,27.2276100154,-1.64306474454,10.147314159,0.147641010366,0.0960020128857,2.22507385851e-308
967.5,3402,1298.93733858,110.380451286,27.2403420817,-1.03165135169,10.147314159,0.186205983726,0.0878862089422,2.22507385851e-308
968,3402,1310.95670017,119.143325111,27.2322353645,-0.637047923363,10.147314159,0.213766141907,0.0829115865735,2.22507385851e-308
968.5,3402,1325.6557528,121.421671604,27.1920131646,-0.578207214346,10.147314159,0.215731916206,0.0814872831424,2.22507385851e-308
969,3402,1339.76388789,116.70854792,27.1243413178,-1.02898258269,10.147314159,0.175454228656,0.0840356608911,2.22507385851e-308
969.5,3402,1350.14197884,106.052646316,27.0731871574,-1.99068088139,10.147314159,0.101363613436,0.0925064432333,2.22507385851e-308
970,3402,1354.48085145,91.8249551718,27.0859606407,-3.15432432947,10.147314159,0.0246600167067,0.107580829052,2.22507385851e-308
970.5,3402,1351.81508608,77.1912028921,27.1220068596,-4.09810646974,10.147314159,-0.0242598956915,0.124187210574,2.22507385851e-308
971,3402,1342.73782812,65.4074683995,27.1647102475,-4.42076729439,10.147314159,-0.0290646327108,0.132585680866,2.22507385851e-308
971.5,3402,1329.26881027,59.095688213,27.202550362,-4.2109840953,10.147314159,-0.00625403849625,0.132594007572,2.22507385851e-308
972,3402,1314.40495257,59.6602632025,27.2102205718,-3.71097913808,10.147314159,0.0243263054224,0.12614919534,2.22507385851e-308
972.5,3402,1301.45353347,66.9755727692,27.2093943871,-3.02403702169,10.147314159,0.0624258444515,0.115818684387,2.22507385851e-308
973,3402,1293.29630483,79.4139260215,27.2147873637,-2.25653945063,10.147314159,0.106179197714,0.104183133123,2.22507385851e-308
973.5,3402,1291.7482885,94.2077306781,27.2254656484,-1.55010207765,10.147314159,0.151164426433,0.0943747552897,2.22507385851e-308
974,3402,1297.15392542,108.065295407,27.2359238966,-0.999035058741,10.147314159,0.18473842964,0.0866668125041,2.22507385851e-308
974.5,3402,1308.31043588,117.903246678,27.2290550108,-0.639469533063,10.147314159,0.209959234371,0.0819588405223,2.22507385851e-308
975,3402,1322.73544366,121.532593918,27.1907352442,-0.633178952818,10.147314159,0.206931336484,0.0808664859195,2.22507385851e-308
975.5,3402,1337.21931647,118.145790244,27.1277209922,-1.10515204961,10.147314159,0.163916474805,0.0832386486253,2.22507385851e-308
976,3402,1348.53932428,108.496415452,27.083907236,-2.03602581505,10.147314159,0.0916843782808,0.0914374688699,2.22507385851e-308
976.5,3402,1354.17671195,94.7315009574,27.1072890375,-3.11573475853,10.147314159,0.0225452331305,0.105850585236,2.22507385851e-308
977,3402,1352.87713412,79.9138051771,27.1478005398,-4.04504748941,10.147314159,-0.0270819157916,0.122322641158,2.22507385851e-308
977.5,3402,1344.92975299,67.3403353306,27.1869471777,-4.39341955956,10.147314159,-0.0311206043963,0.131651332395,2.22507385851e-308
978,3402,1332.10289836,59.8087477789,27.2193444726,-4.17464863727,10.147314159,-0.00727605519953,0.131659388207,2.22507385851e-308
978.5,3402,1317.2506059,58.9948562856,27.2232238394,-3.63267089514,10.147314159,0.0267844954452,0.12491548873,2.22507385851e-308
979,3402,1303.67758075,65.0797555479,27.216727884,-2.90665094976,10.147314159,0.0673774719209,0.114035704126,2.22507385851e-308
979.5,3402,1294.40388504,76.7095267718,27.2178837889,-2.1618814718,10.147314159,0.110664093992,0.10290120397,2.22507385851e-308
980,3402,1291.49295983,91.2964909921,27.2249429708,-1.51425104393,10.147314159,0.149928079604,0.0933875589887,2.22507385851e-308
980.5,3402,1295.5924997,105.59497985,27.2329098596,-1.00719354059,10.147314159,0.181564147936,0.0860987047141,2.22507385851e-308
981,3402,1305.79033769,116.423512116,27.2254766381,-0.69829522806,10.147314159,0.202753396506,0.0819030900177,2.22507385851e-308
981.5,3402,1319.81740674,121.372688272,27.1895624981,-0.738979395528,10.147314159,0.195036315056,0.0811908978321,2.22507385851e-308
982,3402,1334.55261781,119.341293275,27.1305056716,-1.24200369372,10.147314159,0.148617032729,0.0834685610004,2.22507385851e-308
982.5,3402,1346.71731691,110.781322095,27.0919404203,-2.13623912463,10.147314159,0.0794785561644,0.0914540147027,2.22507385851e-308
983,3402,1353.6048011,97.5974087049,27.120877494,-3.12072639485,10.147314159,0.0177216682748,0.10513510139,2.22507385851e-308
983.5,3402,1353.68257265,82.7230360339,27.1659739229,-3.99790642935,10.147314159,-0.0286715048026,0.120860156024,2.22507385851e-308
984,3402,1346.93332704,69.4678221774,27.2049495921,-4.35619992459,10.147314159,-0.0332310060303,0.130515879636,2.22507385851e-308
984.5,3402,1334.85880324,60.7811147551,27.23317808,-4.12903713728,10.147314159,-0.00762740559526,0.130571424176,2.22507385851e-308
985,3402,1320.14563977,58.5957471515,27.2340653494,-3.5580662147,10.147314159,0.0293338781777,0.123685759028,2.22507385851e-308
985.5,3402,1306.06758492,63.3979739686,27.2236922411,-2.82182105252,10.147314159,0.0711022919969,0.112841134094,2.22507385851e-308
986,3402,1295.75707231,74.1192770834,27.2224722849,-2.09238672347,10.147314159,0.114213713813,0.101885134275,2.22507385851e-308
986.5,3402,1291.50823964,88.3741159707,27.2255860459,-1.50709385841,10.147314159,0.14863493202,0.0930279597762,2.22507385851e-308
987,3402,1294.26647223,102.990721725,27.2315254616,-1.05861429948,10.147314159,0.175780786657,0.0862504218353,2.22507385851e-308
987.5,3402,1303.4180503,114.716830607,27.223955388,-0.80194127172,10.147314159,0.192592734783,0.0825654667011,2.22507385851e-308
988,3402,1316.92670457,120.943328067,27.1902145717,-0.893405032036,10.147314159,0.179840215914,0.0821940648786,2.22507385851e-308
988.5,3402,1331.78669572,120.284789045,27.1351475228,-1.42939299584,10.147314159,0.130391175764,0.0847582741692,2.22507385851e-308
989,3402,1344.69160563,112.88774158,27.1000981605,-2.28273765338,10.147314159,0.064657326024,0.0925067146875,2.22507385851e-308
989.5,3402,1352.77003094,100.398063631,27.1300284346,-3.16067134945,10.147314159,0.0124519668227,0.105167427091,2.22507385851e-308
990,3402,1354.22448391,85.5947674676,27.179824894,-3.95875900465,10.147314159,-0.028336074574,0.119623279803,2.22507385851e-308
990.5,3402,1348.7313419,71.7716563257,27.2183423599,-4.31685457374,10.147314159,-0.0338059620949,0.129474713838,2.22507385851e-308
991,3402,1337.51285492,62.0044376509,27.2433715305,-4.07571556916,10.147314159,-0.00648938613661,0.129501811672,2.22507385851e-308
991.5,3402,1323.06518925,58.4663636789,27.2428864206,-3.47851816467,10.147314159,0.0329860457252,0.122273146518,2.22507385851e-308
992,3402,1308.60301867,61.9446725607,27.2303615373,-2.74988787077,10.147314159,0.0754893572443,0.111764458401,2.22507385851e-308
992.5,3402,1297.34424435,71.66542416,27.2270046468,-2.06363072943,10.147314159,0.115258231432,0.101383391726,2.22507385851e-308
993,3402,1291.79399671,85.4657053842,27.2289538041,-1.52849895416,10.147314159,0.146647262283,0.0931702413706,2.22507385851e-308
993.5,3402,1293.18723202,100.274888553,27.2316476587,-1.15238074138,10.147314159,0.166980844203,0.0869944926181,2.22507385851e-308
994,3402,1301.21394887,112.797860543,27.2248683637,-0.944916253385,10.147314159,0.180088000453,0.083897957516,2.22507385851e-308
994.5,3402,1314.08816487,120.248201004,27.1938880765,-1.08998733147,10.147314159,0.161975118249,0.0838132054761,2.22507385851e-308
995,3402,1328.94530624,120.968174034,27.1425223238,-1.65952533492,10.147314159,0.109587381465,0.0871686278879,2.22507385851e-308
995.5,3402,1342.47958892,114.797582236,27.1088206445,-2.46547471649,10.147314159,0.0483330251628,0.0944892590855,2.22507385851e-308
996,3402,1351.67957116,103.109411399,27.1359010766,-3.23323892556,10.147314159,0.00584201338665,0.105961771666,2.22507385851e-308
996.5,3402,1354.49821351,88.5043346767,27.1833410479,-3.9703194949,10.147314159,-0.0297206127973,0.119560848517,2.22507385851e-308
997,3402,1350.30835475,74.2320505452,27.2246138156,-4.2863584156,10.147314159,-0.0328639655756,0.128727704412,2.22507385851e-308
997.5,3402,1340.04225822,63.4682095589,27.2487466659,-4.03261892419,10.147314159,-0.00415380740799,0.128822467284,2.22507385851e-308
998,3402,1325.98417883,58.60781712,27.2501125381,-3.41393703387,10.147314159,0.0370369454189,0.121223870839,2.22507385851e-308
998.5,3402,1311.26210557,60.7323334769,27.2364464155,-2.70751119039,10.147314159,0.0789500151443,0.111189656568,2.22507385851e-308
999,3402,1299.1517692,69.3690437171,27.2317429416,-2.06380277565,10.147314159,0.115545053626,0.10133784146,2.22507385851e-308
999.5,3402,1292.3477767,82.596239065,27.2322200089,-1.59560033724,10.147314159,0.141430204376,0.0938019511978,2.22507385851e-308
1000,3402,1292.36404849,97.470806151,27.2358293754,-1.26649900123,10.147314159,0.158935191523,0.0884417281078,2.22507385851e-308
1000.5,3402,1299.19696403,110.683083622,27.2288340865,-1.11462350205,10.147314159,0.166037439016,0.0856914330238,2.22507385851e-308
1001,3402,1311.32616738,119.293277406,27.2008462328,-1.32675884795,10.147314159,0.142257939534,0.0863144087229,2.22507385851e-308
1001.5,3402,1326.05285356,121.385578765,27.1541013809,-1.92755822356,10.147314159,0.0885037556142,0.0904095005648,2.22507385851e-308
1002,3402,1340.10026542,116.494440775,27.1173275801,-2.67379042378,10.147314159,0.0324795973563,0.0973632065329,2.22507385851e-308
1002.5,3402,1350.34278754,105.708164714,27.1392300938,-3.35159120272,10.147314159,-0.00274763235228,0.107630843991,2.22507385851e-308
1003,3402,1354.50141044,91.426747895,27.1837099639,-4.00341875629,10.147314159,-0.0313891430564,0.119974234432,2.22507385851e-308
1003.5,3402,1351.65082089,76.8278729379,27.2240544722,-4.27138507038,10.147314159,-0.0314843045373,0.128221668635,2.22507385851e-308
1004,3402,1342.42528853,65.1598583969,27.2495490692,-4.00093537171,10.147314159,-0.00195683984398,0.128333761134,2.22507385851e-308
1004.5,3402,1328.87753782,59.0188925558,27.2533062569,-3.38248440569,10.147314159,0.0406292741027,0.121142193563,2.22507385851e-308
1005,3402,1314.02200721,59.7713692867,27.2427982998,-2.69660168079,10.147314159,0.0809716542701,0.111126733327,2.22507385851e-308
1005.5,3402,1301.16412236,67.2498589668,27.236559893,-2.10217414775,10.147314159,0.114268367321,0.101923240273,2.22507385851e-308
1006,3402,1293.1648233,79.7903623597,27.2361840412,-1.68502152289,10.147314159,0.136017532618,0.0949122195985,2.22507385851e-308
1006.5,3402,1291.80399182,94.6025582955,27.240007334,-1.40366100083,10.147314159,0.150987361457,0.0902345332243,2.22507385851e-308
1007,3402,1297.38441934,108.390663296,27.2343757689,-1.31792397209,10.147314159,0.150818908855,0.0881022636272,2.22507385851e-308
1007.5,3402,1308.6644344,118.086758948,27.2104415513,-1.59858389411,10.147314159,0.121605094953,0.0897585992478,2.22507385851e-308
1008,3402,1323.13418045,121.533418224,27.166890077,-2.21530658252,10.147314159,0.0670057136673,0.0946665392879,2.22507385851e-308
1008.5,3402,1337.57407071,117.963743173,27.1267878399,-2.9087635335,10.147314159,0.0165730556354,0.101074840682,2.22507385851e-308
1009,3402,1348.77116148,108.172003337,27.1396362533,-3.50347945824,10.147314159,-0.0117022790448,0.110142252101,2.22507385851e-308
1009.5,3402,1354.23404724,94.3369070239,27.1800936319,-4.03842968449,10.147314159,-0.0311779716556,0.120650135798,2.22507385851e-308
1010,3402,1352.74721012,79.5368284373,27.2168716484,-4.28480331993,10.147314159,-0.0311201637864,0.12848462686,2.22507385851e-308
1010.5,3402,1344.64147841,67.0648548875,27.2447984397,-3.98379040256,10.147314159,0.00160448001856,0.12815323002,2.22507385851e-308
1011,3402,1331.72041566,59.696059331,27.2539137739,-3.37131153765,10.147314159,0.0444406779258,0.121279693044,2.22507385851e-308
1011.5,3402,1316.85901927,59.0700335441,27.248549156,-2.71225933847,10.147314159,0.082062531522,0.111534769209,2.22507385851e-308
1012,3402,1303.36402007,65.3260712181,27.2413853494,-2.17408559654,10.147314159,0.111262709008,0.102991953133,2.22507385851e-308
1012.5,3402,1294.23811905,77.0721744551,27.2405546704,-1.80000812243,10.147314159,0.129702398716,0.0964802316506,2.22507385851e-308
1013,3402,1291.51187223,91.6947798679,27.2435326628,-1.57549910344,10.147314159,0.139982493972,0.092423026333,2.22507385851e-308
1013.5,3402,1295.7918824,105.940288764,27.2398767334,-1.55226749663,10.147314159,0.135105774589,0.0911856600236,2.22507385851e-308
1014,3402,1306.1258271,116.639008206,27.2192378061,-1.90254504069,10.147314159,0.10100552479,0.0939927654627,2.22507385851e-308
1014.5,3402,1320.21435488,121.410422642,27.1799275339,-2.52948816214,10.147314159,0.0486067362856,0.0998899447845,2.22507385851e-308
1015,3402,1334.92270184,119.192869849,27.1373953169,-3.17037465941,10.147314159,0.00129789960087,0.105951179335,2.22507385851e-308
1015.5,3402,1346.9781914,110.479765785,27.1377090805,-3.68741191831,10.147314159,-0.0214855295474,0.113458488799,2.22507385851e-308
1016,3402,1353.69842024,97.2098172132,27.1694031185,-4.13744220692,10.147314159,-0.0351504022935,0.122731802864,2.22507385851e-308
1016.5,3402,1353.58810574,82.335650296,27.2028676704,-4.31954612453,10.147314159,-0.0315729734462,0.128978009388,2.22507385851e-308
1017,3402,1346.67179341,69.1668373475,27.2350680641,-3.98747879825,10.147314159,0.00345208630619,0.128145461367,2.22507385851e-308
1017.5,3402,1334.48839536,60.6335013779,27.2520441566,-3.38268558099,10.147314159,0.0468922479617,0.121490972629,2.22507385851e-308
1018,3402,1319.74877514,58.6343498999,27.2532819571,-2.75811252716,10.147314159,0.0813014067111,0.112296810797,2.22507385851e-308
1018.5,3402,1305.7325678,63.6142035489,27.2461925157,-2.27496253841,10.147314159,0.106554931784,0.104439644564,2.22507385851e-308
1019,3402,1295.55844558,74.4650213938,27.2442059702,-1.93795578482,10.147314159,0.12182741704,0.0982968286181,2.22507385851e-308
1019.5,3402,1291.49019869,88.772445271,27.2450035001,-1.76660671,10.147314159,0.12868384819,0.09498634429,2.22507385851e-308
1020,3402,1294.43303125,103.353005867,27.2416468369,-1.82180910302,10.147314159,0.118561568857,0.0948841611635,2.22507385851e-308
1020.5,3402,1303.73214913,114.962459659,27.2253310235,-2.22905149317,10.147314159,0.0823424421169,0.0990556704987,2.22507385851e-308
1021,3402,1317.31845474,121.017648407,27.1908952354,-2.85326464118,10.147314159,0.032044345992,0.1058534323,2.22507385851e-308
1021.5,3402,1332.16893097,120.171264046,27.1464099051,-3.44782654447,10.147314159,-0.00999591333475,0.111638416559,2.22507385851e-308
1022,3402,1344.9792768,112.61163109,27.1345796695,-3.89534072313,10.147314159,-0.0313354852716,0.117639708656,2.22507385851e-308
1022.5,3402,1352.89912985,100.020803537,27.1552930254,-4.2446874376,10.147314159,-0.0380775977719,0.124877865952,2.22507385851e-308
1023,3402,1354.16628544,85.2002999203,27.1860785105,-4.34810701357,10.147314159,-0.0304107000771,0.129289275802,2.22507385851e-308
1023.5,3402,1348.49879549,71.4477522154,27.2200873772,-4.00669029442,10.147314159,0.00483089580966,0.12831051103,2.22507385851e-308
1024,3402,1337.15770324,61.8231671701,27.2465162644,-3.41564605699,10.147314159,0.0473081600725,0.121886911935,2.22507385851e-308
1024.5,3402,1322.66645522,58.4680603649,27.2565661331,-2.83390174607,10.147314159,0.0788198293518,0.113305519511,2.22507385851e-308
1025,3402,1308.24942249,62.1289588929,27.2505722743,-2.39669900047,10.147314159,0.10081224905,0.106141506962,2.22507385851e-308
1025.5,3402,1297.11446285,71.9912955599,27.2463444004,-2.10091530931,10.147314159,0.113192600958,0.100549416912,2.22507385851e-308
1026,3402,1291.73915735,85.860653928,27.243688548,-1.97481497488,10.147314159,0.117143490003,0.0979398106958,2.22507385851e-308
1026.5,3402,1293.31953682,100.651036326,27.2395665135,-2.12100848949,10.147314159,0.102059952868,0.0992934206535,2.22507385851e-308
1027,3402,1301.50395938,113.071512891,27.2268608725,-2.58181237391,10.147314159,0.0648810646868,0.104862398118,2.22507385851e-308
1027.5,3402,1314.4713524,120.358468989,27.19790658,-3.18929816941,10.147314159,0.0194814537301,0.11232696442,2.22507385851e-308
1028,3402,1329.33640974,120.890522509,27.1520774712,-3.73880753089,10.147314159,-0.0203203806211,0.118220108565,2.22507385851e-308
1028.5,3402,1342.79158602,114.549289032,27.1295206501,-4.11867046556,10.147314159,-0.0391677114271,0.122632453017,2.22507385851e-308
1029,3402,1351.84304104,102.745722924,27.1395630527,-4.38028090411,10.147314159,-0.0422743228113,0.127631034328,2.22507385851e-308
1029.5,3402,1354.47678335,88.1061733332,27.1643921078,-4.44223084708,10.147314159,-0.0321539364814,0.131248697607,2.22507385851e-308
1030,3402,1350.10679285,73.8880091103,27.2005486416,-4.05465796406,10.147314159,0.00455174684061,0.128941505888,2.22507385851e-308
1030.5,3402,1339.70541307,63.2548388751,27.2368608877,-3.47568505618,10.147314159,0.0461445350171,0.122604863961,2.22507385851e-308
1031,3402,1325.58700005,58.5725931711,27.2580581698,-2.92769762945,10.147314159,0.0757312575348,0.114650861741,2.22507385851e-308
1031.5,3402,1310.89296733,60.8830937577,27.2547313723,-2.53707681777,10.147314159,0.0944303083813,0.108174438716,2.22507385851e-308
1032,3402,1298.89280649,69.6722433538,27.2475524577,-2.2842720986,10.147314159,0.104784788237,0.103314676192,2.22507385851e-308
1032.5,3402,1292.25660994,82.984414708,27.2410471909,-2.21766366417,10.147314159,0.104876379633,0.101561129909,2.22507385851e-308
1033,3402,1292.46096273,97.8575868884,27.2350961309,-2.44617974975,10.147314159,0.0863922071554,0.104382449614,2.22507385851e-308
1033.5,3402,1299.46039539,110.982408915,27.223987315,-2.93135171938,10.147314159,0.0504835356534,0.111057940075,2.22507385851e-308
1034,3402,1311.69750113,119.438545965,27.2002823558,-3.51802440081,10.147314159,0.00979585596115,0.119229617203,2.22507385851e-308
1034.5,3402,1326.44946619,121.34446765,27.1544884412,-4.0423839581,10.147314159,-0.0269826436997,0.125051407176,2.22507385851e-308
1035,3402,1340.43390876,116.276097403,27.1217244536,-4.34885124022,10.147314159,-0.0440986154542,0.128050561926,2.22507385851e-308
1035.5,3402,1350.53922437,105.361171515,27.1227810141,-4.55305593808,10.147314159,-0.0474166733009,0.131506384843,2.22507385851e-308
1036,3402,1354.51693263,91.0283124937,27.1403102972,-4.54315650289,10.147314159,-0.0342031428054,0.133127723477,2.22507385851e-308
1036.5,3402,1351.48197469,76.4666490906,27.1783852957,-4.13151674975,10.147314159,0.00296516306114,0.129798017932,2.22507385851e-308
1037,3402,1342.10964301,64.9162201138,27.2239154021,-3.55492890305,10.147314159,0.0431083212449,0.123258740617,2.22507385851e-308
1037.5,3402,1328.4853256,58.9470505044,27.2553353714,-3.05299027515,10.147314159,0.0711572396657,0.116572229167,2.22507385851e-308
1038,3402,1313.64049736,59.8873086623,27.2580397526,-2.69035508309,10.147314159,0.0877766745289,0.110489838391,2.22507385851e-308
1038.5,3402,1300.87820262,67.5277827114,27.2481457675,-2.49241815958,10.147314159,0.0954348430864,0.106583386002,2.22507385851e-308
1039,3402,1293.03811216,80.1684311289,27.237336302,-2.49199697679,10.147314159,0.0926310435085,0.106033881912,2.22507385851e-308
1039.5,3402,1291.86468311,94.9966500045,27.2265105151,-2.77569449946,10.147314159,0.0717007629686,0.109705502691,2.22507385851e-308
1040,3402,1297.61900895,108.71309068,27.2182682646,-3.28834957494,10.147314159,0.0377155304262,0.117543617622,2.22507385851e-308
1040.5,3402,1309.02072505,118.265780393,27.1986825422,-3.8280339289,10.147314159,0.00416496033125,0.125893345653,2.22507385851e-308
1041,3402,1323.53289578,121.529200614,27.1520589162,-4.31837627636,10.147314159,-0.0290666524787,0.131955676798,2.22507385851e-308
1041.5,3402,1337.92649468,117.777224946,27.1103313433,-4.58408054936,10.147314159,-0.0481123302057,0.133866309215,2.22507385851e-308
1042,3402,1348.9988781,107.844685678,27.1025414374,-4.72055928871,10.147314159,-0.0501889648015,0.135603037026,2.22507385851e-308
1042.5,3402,1354.28638847,93.9416196572,27.1146421515,-4.63561318256,10.147314159,-0.034417289687,0.13507823551,2.22507385851e-308
1043,3402,1352.61252981,79.1615246663,27.1527667941,-4.22898450224,10.147314159,-0.000827184276762,0.131161139407,2.22507385851e-308
1043.5,3402,1344.34974355,66.7930415719,27.207294333,-3.67207364565,10.147314159,0.0379580113976,0.124690366431,2.22507385851e-308
1044,3402,1331.33653863,59.5882162159,27.2498887691,-3.19507974708,10.147314159,0.0662163293304,0.118636392038,2.22507385851e-308
1044.5,3402,1316.46841453,59.1501562314,27.2605438947,-2.86172498865,10.147314159,0.0806644994165,0.113171960253,2.22507385851e-308
1045,3402,1303.05359901,65.5763320319,27.247885487,-2.72046841722,10.147314159,0.0855824528817,0.110273596983,2.22507385851e-308
1045.5,3402,1294.07695182,77.4368891836,27.2318953696,-2.77418430882,10.147314159,0.0808467479141,0.110792962543,2.22507385851e-308
1046,3402,1291.53581931,92.0927977634,27.218609927,-3.13057486013,10.147314159,0.0571443016706,0.115910437081,2.22507385851e-308
1046.5,3402,1295.99561544,106.283048967,27.2101909486,-3.62750734257,10.147314159,0.0267941868868,0.123848169515,2.22507385851e-308
1047,3402,1306.46401454,116.850244954,27.1937261718,-4.10908157507,10.147314159,0.000886730402322,0.132059169276,2.22507385851e-308
1047.5,3402,1320.61174842,121.443134762,27.1471474268,-4.56264298822,10.147314159,-0.0284104896779,0.138298152143,2.22507385851e-308
1048,3402,1335.29087955,119.03977874,27.0958631651,-4.8014013922,10.147314159,-0.0484648496164,0.139494432686,2.22507385851e-308
1048.5,3402,1347.23523199,110.174934942,27.0778555264,-4.88400613164,10.147314159,-0.0513178998053,0.13970298143,2.22507385851e-308
1049,3402,1353.78713097,96.8210729354,27.0853272088,-4.77592429028,10.147314159,-0.0392501402224,0.138016316346,2.22507385851e-308
1049.5,3402,1353.48874806,81.94949002,27.1246417418,-4.35494526223,10.147314159,-0.00670780406149,0.132790631543,2.22507385851e-308
1050,3402,1346.40647487,68.8691835567,27.1866732993,-3.81299313678,10.147314159,0.030991771973,0.126323605268,2.22507385851e-308
1050.5,3402,1334.11615059,60.4905834449,27.2406222312,-3.36111872996,10.147314159,0.0596476917706,0.120899481519,2.22507385851e-308
1051,3402,1319.35243035,58.6779677391,27.261318692,-3.05890783426,10.147314159,0.0731588872399,0.116348722439,2.22507385851e-308
1051.5,3402,1305.40031158,63.8346519854,27.2467413878,-2.96399070053,10.147314159,0.0752328772448,0.114307755751,2.22507385851e-308
1052,3402,1295.36420651,74.8132496103,27.2254905633,-3.07477354796,10.147314159,0.0685396526063,0.115736762795,2.22507385851e-308
1052.5,3402,1291.47719587,89.1709708465,27.2099452617,-3.46730246541,10.147314159,0.0451233784226,0.1217967276,2.22507385851e-308
1053,3402,1294.60415788,103.713154981,27.2002890352,-3.94549442737,10.147314159,0.0198797037933,0.129943292754,2.22507385851e-308
1053.5,3402,1304.04932872,115.204097434,27.1854402541,-4.35249989569,10.147314159,-0.000293515995656,0.137400489791,2.22507385851e-308
1054,3402,1317.71111334,121.087009299,27.1398048895,-4.7447690132,10.147314159,-0.0237231307075,0.143301456217,2.22507385851e-308
1054.5,3402,1332.54970018,120.052914929,27.0805315285,-4.98687690735,10.147314159,-0.0448566602439,0.144797234122,2.22507385851e-308
1055,3402,1345.26343368,112.3319052,27.0491858272,-5.05618533233,10.147314159,-0.0526818313445,0.143912015199,2.22507385851e-308
1055.5,3402,1353.02344815,99.6419412056,27.0538552793,-4.89963734355,10.147314159,-0.0409380707306,0.140707349566,2.22507385851e-308
1056,3402,1354.10310376,84.8065998028,27.0952293964,-4.50587424167,10.147314159,-0.0124282409404,0.135010965625,2.22507385851e-308
1056.5,3402,1348.26217204,71.1268144459,27.1615748757,-3.98710574331,10.147314159,0.0227577464817,0.128621929259,2.22507385851e-308
1057,3402,1336.80028786,61.6464019164,27.2267479174,-3.5556643153,10.147314159,0.0511590298769,0.123643945413,2.22507385851e-308
1057.5,3402,1322.26777452,58.47479873,27.2585089773,-3.29035291725,10.147314159,0.0645549698735,0.120112047139,2.22507385851e-308
1058,3402,1307.8981848,62.3177015587,27.2439408744,-3.22271761135,10.147314159,0.0660762759618,0.118836900045,2.22507385851e-308
1058.5,3402,1296.88882022,72.3200463928,27.2181707053,-3.38571421977,10.147314159,0.0574053503219,0.121336988505,2.22507385851e-308
1059,3402,1291.68931632,86.2562643168,27.197820439,-3.76904396473,10.147314159,0.037209522886,0.127361040275,2.22507385851e-308
1059.5,3402,1293.45658727,101.025481093,27.1882482755,-4.22535804759,10.147314159,0.0144706793368,0.135414435274,2.22507385851e-308
1060,3402,1301.79740693,113.341476309,27.1737574797,-4.57485598185,10.147314159,-0.000404523064121,0.142317910475,2.22507385851e-308
1060.5,3402,1314.85590358,120.463882923,27.1310098689,-4.8924740748,10.147314159,-0.0183614622871,0.147305915988,2.22507385851e-308
1061,3402,1329.72650011,120.807931862,27.0650684376,-5.13940881915,10.147314159,-0.0395106611832,0.149525585921,2.22507385851e-308
1061.5,3402,1343.10041863,114.297070612,27.0200749531,-5.21673858533,10.147314159,-0.0520670717536,0.148158158652,2.22507385851e-308
1062,3402,1352.00189917,102.379996521,27.0215078131,-5.0573132683,10.147314159,-0.0440801906685,0.14404221444,2.22507385851e-308
1062.5,3402,1354.45032032,87.7083147959,27.0626497138,-4.69735316976,10.147314159,-0.0198332158592,0.138401489416,2.22507385851e-308
1063,3402,1349.90089682,73.5465438408,27.1328319746,-4.20011264197,10.147314159,0.0133386016137,0.131821654661,2.22507385851e-308
1063.5,3402,1339.36589686,63.0457445067,27.2079801351,-3.78173328752,10.147314159,0.0415034342164,0.127011861639,2.22507385851e-308
1064,3402,1325.18940764,58.5423941874,27.2493040579,-3.52907786369,10.147314159,0.0567759062217,0.12422926223,2.22507385851e-308
1064.5,3402,1310.52576489,61.038509575,27.2393377499,-3.49187813765,10.147314159,0.0576069750759,0.123691626568,2.22507385851e-308
1065,3402,1298.6376983,69.9786932196,27.2096695792,-3.69224857576,10.147314159,0.0471193615897,0.126810163025,2.22507385851e-308
1065.5,3402,1292.17035878,83.3737120812,27.1860904358,-4.07956808155,10.147314159,0.0268759566106,0.133022964321,2.22507385851e-308
1066,3402,1292.56275988,98.2431112669,27.1736452816,-4.4623169447,10.147314159,0.010317476191,0.139876694809,2.22507385851e-308
1066.5,3402,1299.72759051,111.278379306,27.1580905846,-4.74167167609,10.147314159,0.000995371292089,0.145980819236,2.22507385851e-308
1067,3402,1312.07064205,119.57910756,27.1188294901,-4.99539507096,10.147314159,-0.0118649074089,0.150275876414,2.22507385851e-308
1067.5,3402,1326.84552729,121.29834483,27.0510954637,-5.25562505642,10.147314159,-0.0328451832565,0.153111175836,2.22507385851e-308
1068,3402,1340.76476457,116.053552714,26.9945954489,-5.35034361933,10.147314159,-0.0481425337276,0.152115137232,2.22507385851e-308
1068.5,3402,1350.73125792,105.011722201,26.9879036831,-5.23900980985,10.147314159,-0.047427986445,0.148230605449,2.22507385851e-308
1069,3402,1354.52741555,90.6297126743,27.0266317662,-4.90594571217,10.147314159,-0.0278332054918,0.141926439464,2.22507385851e-308
1069.5,3402,1351.30857448,76.1075891068,27.1008712174,-4.44086050251,10.147314159,0.00346487452791,0.135482428506,2.22507385851e-308
1070,3402,1341.79094202,64.6765925059,27.183993521,-4.03426344756,10.147314159,0.0305472794723,0.130792333817,2.22507385851e-308
1070.5,3402,1328.09223632,58.8801735457,27.2344959309,-3.79828915184,10.147314159,0.0471786742243,0.128848589929,2.22507385851e-308
1071,3402,1313.26048401,60.0080627917,27.2321785325,-3.76840375266,10.147314159,0.0492704731522,0.128734308057,2.22507385851e-308
1071.5,3402,1300.59581995,67.8092995654,27.1996212968,-3.98661934406,10.147314159,0.0377050204815,0.132183495731,2.22507385851e-308
1072,3402,1292.91619166,80.5480718792,27.1737174405,-4.34706569575,10.147314159,0.0207161511424,0.138147398531,2.22507385851e-308
1072.5,3402,1291.93035266,95.3899427931,27.1557463464,-4.66332892462,10.147314159,0.007578000928,0.14366666913,2.22507385851e-308
1073,3402,1297.85765677,109.032526006,27.1398268415,-4.88350503609,10.147314159,0.00264536121322,0.148880879017,2.22507385851e-308
1073.5,3402,1309.37925087,118.44028239,27.1041681789,-5.05041431824,10.147314159,-0.00527295139941,0.152159922548,2.22507385851e-308
1074,3402,1323.93152591,121.519941763,27.0390705004,-5.3209216863,10.147314159,-0.0231538654436,0.155695919931,2.22507385851e-308
1074.5,3402,1338.27653204,117.586265386,26.974686079,-5.45723701282,10.147314159,-0.0432385918415,0.155421857941,2.22507385851e-308
1075,3402,1349.22243772,107.514514812,26.956008644,-5.41228072361,10.147314159,-0.0498093058847,0.152117453469,2.22507385851e-308
1075.5,3402,1354.33372729,93.5457020602,26.9910038079,-5.11666461783,10.147314159,-0.0342208784511,0.145786471019,2.22507385851e-308
1076,3402,1352.47311471,78.7879538719,27.0656835808,-4.69714208007,10.147314159,-0.00695589547729,0.139687967566,2.22507385851e-308
1076.5,3402,1344.05459506,66.5249388443,27.1556801602,-4.31570610307,10.147314159,0.0195656483368,0.135450065809,2.22507385851e-308
1077,3402,1330.95132867,59.4852356768,27.215213921,-4.0800246047,10.147314159,0.0377887258415,0.133753154891,2.22507385851e-308
1077.5,3402,1316.07885414,59.2352115367,27.2214153146,-4.05410297103,10.147314159,0.0409815128965,0.134072773961,2.22507385851e-308
1078,3402,1302.74636721,65.8304979748,27.1881164318,-4.25855490507,10.147314159,0.0303871583532,0.137416427848,2.22507385851e-308
1078.5,3402,1293.92040914,77.8036126427,27.1581652483,-4.56467199918,10.147314159,0.0172679037162,0.14254720394,2.22507385851e-308
1079,3402,1291.56479723,92.4904810389,27.1372596063,-4.8434189042,10.147314159,0.00601604987428,0.147425448355,2.22507385851e-308
1079.5,3402,1296.20366624,106.623205654,27.1186813186,-4.97229320854,10.147314159,0.00495046555351,0.150647214229,2.22507385851e-308
1080,3402,1306.80484594,117.057188585,27.0873564179,-5.06974193167,10.147314159,0.000983281235595,0.153108703963,2.22507385851e-308
1080.5,3402,1321.00952382,121.470819402,27.0279004109,-5.33685529555,10.147314159,-0.0138288850859,0.156998323876,2.22507385851e-308
1081,3402,1335.65709204,118.882044427,26.9609640763,-5.51744615891,10.147314159,-0.0357619594884,0.157650906697,2.22507385851e-308
1081.5,3402,1347.48839757,109.866878304,26.9300061403,-5.56062368894,10.147314159,-0.0497821054698,0.155690292823,2.22507385851e-308
1082,3402,1353.87091911,96.4312380282,26.9564284493,-5.35504875706,10.147314159,-0.0426118857799,0.150299698574,2.22507385851e-308
1082.5,3402,1353.3845155,81.5646169496,27.0292151863,-4.97091909165,10.147314159,-0.0185059809296,0.144181599849,2.22507385851e-308
1083,3402,1346.13741384,68.574908397,27.123470625,-4.61165672977,10.147314159,0.00842014467542,0.14040016786,2.22507385851e-308
1083.5,3402,1333.74212844,60.3523838073,27.1919926155,-4.37024754051,10.147314159,0.0284344906497,0.138814980834,2.22507385851e-308
1084,3402,1318.95666878,58.726593695,27.2069868415,-4.34469813847,10.147314159,0.0336169308776,0.139616773783,2.22507385851e-308
1084.5,3402,1305.0708694,64.0592840302,27.1754171211,-4.4978771981,10.147314159,0.0244782753387,0.142185834452,2.22507385851e-308
1085,3402,1295.17438616,75.1639060543,27.1413513369,-4.76245400239,10.147314159,0.0132513874427,0.146424028359,2.22507385851e-308
1085.5,3402,1291.46923328,89.5696289764,27.118222805,-4.95624860113,10.147314159,0.00582734728163,0.149685679282,2.22507385851e-308
1086,3402,1294.77982475,104.071111482,27.0973198643,-5.0095856842,10.147314159,0.0071080640594,0.151190707628,2.22507385851e-308
1086.5,3402,1304.36953836,115.441705296,27.0696681616,-5.05362186949,10.147314159,0.00669767330475,0.152900573265,2.22507385851e-308
1087,3402,1318.10461758,121.151399651,27.0177085581,-5.27475513753,10.147314159,-0.00481583644961,0.156200696061,2.22507385851e-308
1087.5,3402,1332.92894248,119.929760615,26.9524314806,-5.53478399753,10.147314159,-0.0271699885192,0.158942230755,2.22507385851e-308
1088,3402,1345.54403084,112.048608636,26.9107647859,-5.68305678257,10.147314159,-0.0476785279574,0.158788481146,2.22507385851e-308
1088.5,3402,1353.14296597,99.2615372123,26.9261325445,-5.5530324722,10.147314159,-0.0476646709756,0.154254644693,2.22507385851e-308
1089,3402,1354.03494897,84.4137300642,26.9943615305,-5.24899808798,10.147314159,-0.0294751848462,0.148922692066,2.22507385851e-308
1089.5,3402,1348.0215094,70.8088943322,27.0888937026,-4.9126343363,10.147314159,-0.00295862377472,0.145463617955,2.22507385851e-308
1090,3402,1336.44066594,61.474170153,27.1657938785,-4.66012802749,10.147314159,0.018332965941,0.143908405846,2.22507385851e-308
1090.5,3402,1321.86921089,58.4865776967,27.1898551351,-4.62810247573,10.147314159,0.0251412861113,0.144864567551,2.22507385851e-308
1091,3402,1307.54936176,62.5108703799,27.1611317366,-4.70562975582,10.147314159,0.0199539438669,0.146344950766,2.22507385851e-308
1091.5,3402,1296.66735253,72.6516240944,27.1235509537,-4.9181716019,10.147314159,0.0124243332373,0.149845895605,2.22507385851e-308
1092,3402,1291.6444816,86.6524732958,27.0978791441,-5.02411134746,10.147314159,0.00776229752459,0.151271609151,2.22507385851e-308
1092.5,3402,1293.59836144,101.398162982,27.0763213568,-5.01417202085,10.147314159,0.00891105069612,0.150986857487,2.22507385851e-308
1093,3402,1302.09424458,113.60770763,27.0519688283,-5.03794942418,10.147314159,0.0112071986136,0.152464369038,2.22507385851e-308
1093.5,3402,1315.24175693,120.564425951,27.0086835099,-5.19028815689,10.147314159,0.00168341395442,0.154643605599,2.22507385851e-308
1094,3402,1330.11551496,120.720415298,26.9473163767,-5.51181184409,10.147314159,-0.0198544387143,0.159078244955,2.22507385851e-308
1094.5,3402,1343.40603735,114.040967306,26.8984554966,-5.75569404009,10.147314159,-0.044207441958,0.160875152992,2.22507385851e-308
1095,3402,1352.15612015,102.012290665,26.9003193456,-5.74342425435,10.147314159,-0.0522494546082,0.158109893519,2.22507385851e-308
1095.5,3402,1354.41882866,87.3108226788,26.9598137649,-5.51800002573,10.147314159,-0.038549141455,0.153867484487,2.22507385851e-308
1096,3402,1349.69069957,73.2077093337,27.0535491029,-5.21040021174,10.147314159,-0.0150796783086,0.15052709936,2.22507385851e-308
1096.5,3402,1339.0237639,62.8409598861,27.1378217658,-4.94180169972,10.147314159,0.00808931583233,0.148806603861,2.22507385851e-308
1097,3402,1324.79146516,58.5172249974,27.1688140911,-4.84751127366,10.147314159,0.0193791099409,0.149110427645,2.22507385851e-308
1097.5,3402,1310.16055697,61.1985560792,27.1461594526,-4.87092112228,10.147314159,0.01699730634,0.149658996735,2.22507385851e-308
1098,3402,1298.38648543,70.2883443157,27.1069626902,-5.00856643991,10.147314159,0.0115047432722,0.151791564108,2.22507385851e-308
1098.5,3402,1292.08903701,83.7640689394,27.0795718458,-5.06632186933,10.147314159,0.00830214389377,0.152187335595,2.22507385851e-308
1099,3402,1292.66942369,98.6273176446,27.0565846334,-5.0138128877,10.147314159,0.0102094894096,0.150724413524,2.22507385851e-308
1099.5,3402,1299.99850669,111.570947471,27.0350393679,-4.99864717452,10.147314159,0.0140193844026,0.151234537736,2.22507385851e-308
1100,3402,1312.44553047,119.714939716,26.9997248235,-5.10504058845,10.147314159,0.00694386357421,0.152888025569,2.22507385851e-308
1100.5,3402,1327.24097352,121.247217682,26.9448088865,-5.44654055324,10.147314159,-0.0141365779009,0.157739031362,2.22507385851e-308
1101,3402,1341.09277995,115.826842292,26.8919218196,-5.78261889332,10.147314159,-0.0400095745751,0.161863810696,2.22507385851e-308
1101.5,3402,1350.91885749,104.659872644,26.8791616164,-5.91232809467,10.147314159,-0.0548455986111,0.161864023919,2.22507385851e-308
1102,3402,1354.53285751,90.2310121695,26.927280246,-5.76823013553,10.147314159,-0.0475646781065,0.158348191204,2.22507385851e-308
1102.5,3402,1351.13064797,75.7507503969,27.0183985617,-5.49428173353,10.147314159,-0.0265901686925,0.155303651644,2.22507385851e-308
1103,3402,1341.46923653,64.4410138875,27.1087896911,-5.20430483816,10.147314159,-0.00228304449137,0.153209795732,2.22507385851e-308
1103.5,3402,1327.69833284,58.8182723728,27.1487404021,-5.04272476034,10.147314159,0.0130577801575,0.152666351163,2.22507385851e-308
1104,3402,1312.88202792,60.1336123673,27.131691053,-5.00320436022,10.147314159,0.0153163231086,0.152354121249,2.22507385851e-308
1104.5,3402,1300.31701952,68.0943645166,27.0914981625,-5.06185008468,10.147314159,0.0116151978279,0.153078589949,2.22507385851e-308
1105,3402,1292.7990813,80.9292239095,27.0648255438,-5.05166841585,10.147314159,0.010136398852,0.151902980772,2.22507385851e-308
1105.5,3402,1292.00098997,95.7823737775,27.0397866004,-5.02202261242,10.147314159,0.0121573164086,0.150969038031,2.22507385851e-308
1106,3402,1298.10032462,109.348918199,27.0201633743,-4.96976658644,10.147314159,0.015707174497,0.150230283284,2.22507385851e-308
1106.5,3402,1309.73995452,118.610237036,26.9911422107,-5.02496629554,10.147314159,0.010593317309,0.151185284197,2.22507385851e-308
1107,3402,1324.3300071,121.505643151,26.9434558874,-5.36264013461,10.147314159,-0.00811757100413,0.156182471326,2.22507385851e-308
1107.5,3402,1338.62412682,117.390895026,26.8896884605,-5.7638919094,10.147314159,-0.0345561265406,0.161811231567,2.22507385851e-308
1108,3402,1349.44180461,107.181543529,26.8638369814,-6.02879915152,10.147314159,-0.055555586598,0.164404528683,2.22507385851e-308
1108.5,3402,1354.37605613,93.1492175368,26.8971613344,-5.99140835829,10.147314159,-0.0547376959584,0.162564391779,2.22507385851e-308
1109,3402,1352.32898713,78.4161757847,26.9846930941,-5.74619558365,10.147314159,-0.0367195388465,0.159479378341,2.22507385851e-308
1109.5,3402,1343.75608012,66.2605895719,27.0781940173,-5.45338668678,10.147314159,-0.0111237852916,0.1573259359,2.22507385851e-308
1110,3402,1330.56484736,59.3871341794,27.1282032174,-5.22041119149,10.147314159,0.00793238881158,0.155923240012,2.22507385851e-308
1110.5,3402,1315.69040037,59.3251858603,27.1177238521,-5.11667835626,10.147314159,0.0141279008553,0.154747023985,2.22507385851e-308
1111,3402,1302.44237379,66.0885284079,27.0783848249,-5.10389667491,10.147314159,0.0120561749279,0.154189218205,2.22507385851e-308
1111.5,3402,1293.76851602,78.1722861966,27.0508838581,-5.04608742633,10.147314159,0.01255825363,0.152122810611,2.22507385851e-308
1112,3402,1291.59880136,92.8877661084,27.0275877812,-5.00169549908,10.147314159,0.0132874779779,0.15057452226,2.22507385851e-308
1112.5,3402,1296.41600154,106.960704437,27.0079801701,-4.93209127166,10.147314159,0.0169019511389,0.149152720857,2.22507385851e-308
1113,3402,1307.1482668,117.25980601,26.9834994797,-4.96101011377,10.147314159,0.0128667982562,0.149743363235,2.22507385851e-308
1113.5,3402,1321.40761748,121.493472136,26.9421948253,-5.27391813359,10.147314159,-0.003311415436,0.154462284785,2.22507385851e-308
1114,3402,1336.02128078,118.719692129,26.8906044739,-5.71035847261,10.147314159,-0.0292729522686,0.160857035312,2.22507385851e-308
1114.5,3402,1347.73764768,109.555645127,26.8547557622,-6.09127213822,10.147314159,-0.0546330520996,0.165882170059,2.22507385851e-308
1115,3402,1353.94977126,96.0403748228,26.8729915294,-6.18455593956,10.147314159,-0.06211629885,0.166116926796,2.22507385851e-308
1115.5,3402,1353.27542472,81.1810926225,26.9524125072,-5.98944103023,10.147314159,-0.0472020069908,0.163444294949,2.22507385851e-308
1116,3402,1345.86465334,68.2840589204,27.0475928367,-5.6826978878,10.147314159,-0.0202868524453,0.161089254063,2.22507385851e-308
1116.5,3402,1333.36638872,60.2189245621,27.1074320134,-5.3764266704,10.147314159,0.00252937731368,0.158466297122,2.22507385851e-308
1117,3402,1318.5615537,58.7802199927,27.1045364951,-5.21372968257,10.147314159,0.0129430216427,0.156758124547,2.22507385851e-308
1117.5,3402,1304.74429392,64.2880637667,27.0691421094,-5.11026193687,10.147314159,0.0130058515856,0.154519109857,2.22507385851e-308
1118,3402,1294.98901488,75.5169346588,27.0392989473,-5.05398668331,10.147314159,0.0138432028116,0.152477417065,2.22507385851e-308
1118.5,3402,1291.46631217,89.9683559189,27.0175128963,-4.96560393317,10.147314159,0.0149691014704,0.14986622751,2.22507385851e-308
1119,3402,1294.96000379,104.426818136,26.9992289686,-4.88105463281,10.147314159,0.0171129653091,0.147848641813,2.22507385851e-308
1119.5,3402,1304.69272684,115.675245254,26.977402014,-4.90882167958,10.147314159,0.0143713950196,0.148413124599,2.22507385851e-308
1120,3402,1318.49890455,121.21080917,26.9421937422,-5.17707746321,10.147314159,0.000938409551362,0.152587308309,2.22507385851e-308
1120.5,3402,1333.30659723,119.801820796,26.8930403797,-5.63815233036,10.147314159,-0.024106132419,0.159645614592,2.22507385851e-308
1121,3402,1345.8210234,111.761786693,26.8509737692,-6.10816812098,10.147314159,-0.0523901456597,0.166428562263,2.22507385851e-308
1121.5,3402,1353.2576642,98.8796523809,26.8545871875,-6.32014628007,10.147314159,-0.0668756297463,0.168630399561,2.22507385851e-308
1122,3402,1353.96183196,84.0217535208,26.9203739865,-6.23092385871,10.147314159,-0.0565414059606,0.16771247826,2.22507385851e-308
1122.5,3402,1347.77684603,70.4940427071,27.017346862,-5.88456575539,10.147314159,-0.0293337597456,0.164283180382,2.22507385851e-308
1123,3402,1336.07889497,61.3064994182,27.0861512054,-5.51668180427,10.147314159,-0.00332010989858,0.160523215907,2.22507385851e-308
1123.5,3402,1321.47082807,58.5033953817,27.0926126701,-5.29797466521,10.147314159,0.0101663982205,0.158155078233,2.22507385851e-308
1124,3402,1307.20300914,62.7084344705,27.0626810922,-5.11680845641,10.147314159,0.013956066815,0.154791439427,2.22507385851e-308
1124.5,3402,1296.4500952,72.9859756483,27.0308158534,-5.05047338718,10.147314159,0.0158231643721,0.152658762338,2.22507385851e-308
1125,3402,1291.60466035,87.0492175149,27.0105070757,-4.94169207347,10.147314159,0.0161800829939,0.149535376388,2.22507385851e-308
1125.5,3402,1293.74483668,101.769022406,26.9929169538,-4.84431165267,10.147314159,0.0173004904393,0.146880440647,2.22507385851e-308
1126,3402,1302.39442488,113.870164286,26.9728293511,-4.87877810758,10.147314159,0.0148852204081,0.147537005014,2.22507385851e-308
1126.5,3402,1315.62885075,120.660081996,26.9421188953,-5.10412430361,10.147314159,0.00302631811603,0.151005867526,2.22507385851e-308
1127,3402,1330.50339211,120.627986811,26.8961699084,-5.5668564049,10.147314159,-0.0203792890862,0.158471216053,2.22507385851e-308
1127.5,3402,1343.70839333,113.781020061,26.8510869635,-6.08250088158,10.147314159,-0.0492975061908,0.166157966849,2.22507385851e-308
1128,3402,1352.30567933,101.64266415,26.8399876509,-6.42299009843,10.147314159,-0.0690314003303,0.170812975067,2.22507385851e-308
1128.5,3402,1354.38231341,86.9137605375,26.891470786,-6.42897506813,10.147314159,-0.0643464505507,0.171252525386,2.22507385851e-308
1129,3402,1349.47623471,72.8715597658,26.988037414,-6.06800546204,10.147314159,-0.0380909338178,0.16713228254,2.22507385851e-308
1129.5,3402,1338.67906887,62.6405177564,27.0642463891,-5.64301868061,10.147314159,-0.00925671052572,0.162323835562,2.22507385851e-308
1130,3402,1324.39323623,58.4970896254,27.0832882393,-5.33440616461,10.147314159,0.00889449317155,0.158675107876,2.22507385851e-308
1130.5,3402,1309.79740196,61.3632076803,27.0589100727,-5.11043223174,10.147314159,0.0153619291329,0.154664168942,2.22507385851e-308
1131,3402,1298.13920804,70.6011471317,27.0263324969,-5.02185246071,10.147314159,0.0173946175748,0.152221905501,2.22507385851e-308
1131.5,3402,1292.01265763,84.155422868,27.005854985,-4.91420567835,10.147314159,0.0173022517876,0.149057277193,2.22507385851e-308
1132,3402,1292.78093708,99.0101445904,26.9877876835,-4.83479226545,10.147314159,0.0167573371687,0.146590132206,2.22507385851e-308
1132.5,3402,1300.27310061,111.860066632,26.9695224747,-4.85992878557,10.147314159,0.0145907338891,0.146874207105,2.22507385851e-308
1133,3402,1312.82210647,119.846020715,26.9419286916,-5.05555431778,10.147314159,0.00411513242242,0.14995450379,2.22507385851e-308
1133.5,3402,1327.63574166,121.191094378,26.8996522482,-5.49667638216,10.147314159,-0.0180427339553,0.157035466572,2.22507385851e-308
1134,3402,1341.41790246,115.596002386,26.853460849,-6.03611106913,10.147314159,-0.0464354027559,0.165454111414,2.22507385851e-308
1134.5,3402,1351.10199307,104.305679104,26.8300525488,-6.49733411407,10.147314159,-0.0700535620972,0.172537039829,2.22507385851e-308
1135,3402,1354.53325764,89.8322747278,26.8684089807,-6.58655283503,10.147314159,-0.0716005230385,0.173858690589,2.22507385851e-308
1135.5,3402,1350.94822362,75.3961900164,26.9593983235,-6.23616547827,10.147314159,-0.0468623820445,0.169663563617,2.22507385851e-308
1136,3402,1341.14457798,64.2095219256,27.0427799598,-5.75502929431,10.147314159,-0.0154117764751,0.163809047542,2.22507385851e-308
1136.5,3402,1327.30367813,58.7613568831,27.075209478,-5.36604377214,10.147314159,0.00669857225231,0.158892769051,2.22507385851e-308
1137,3402,1312.5051896,60.2639373149,27.0573500743,-5.10047748374,10.147314159,0.0171014174929,0.154453617198,2.22507385851e-308
1137.5,3402,1300.0418459,68.3829319857,27.024892655,-4.98240937221,10.147314159,0.0188703673027,0.151592612634,2.22507385851e-308
1138,3402,1292.6867998,81.3118262769,27.0039251483,-4.86661836753,10.147314159,0.0183493115814,0.148059078155,2.22507385851e-308
1138.5,3402,1292.07658375,96.1738802113,26.9851566279,-4.83308609789,10.147314159,0.017287114086,0.146675690832,2.22507385851e-308
1139,3402,1298.34697372,109.662216671,26.9672004806,-4.85443691589,10.147314159,0.0141990624987,0.146592424065,2.22507385851e-308
1139.5,3402,1310.10277834,118.775617157,26.9417684193,-5.02494016214,10.147314159,0.00469750778452,0.149356648538,2.22507385851e-308
1140,3402,1324.72827563,121.486307065,26.9027063745,-5.43474074557,10.147314159,-0.0148921787285,0.155930564992,2.22507385851e-308
1140.5,3402,1338.96922344,117.191145102,26.8564352817,-5.98289945648,10.147314159,-0.042261174293,0.164752434093,2.22507385851e-308
1141,3402,1349.65694369,106.845825069,26.8247732253,-6.51356309078,10.147314159,-0.0691534047603,0.173017619783,2.22507385851e-308
1141.5,3402,1354.41336821,92.7522294812,26.8474727599,-6.71294885821,10.147314159,-0.0764020699856,0.176152963458,2.22507385851e-308
1142,3402,1352.18017009,78.046249849,26.933854457,-6.36859635513,10.147314159,-0.0544926952219,0.171384391034,2.22507385851e-308
1142.5,3402,1343.45424646,66.0000360218,27.0208160842,-5.86378927824,10.147314159,-0.0212894350949,0.165137469571,2.22507385851e-308
1143,3402,1330.17715649,59.2939274092,27.0654479757,-5.40754380932,10.147314159,0.00482569731301,0.15938743215,2.22507385851e-308
1143.5,3402,1315.30311534,59.4200648161,27.0568363313,-5.09596907317,10.147314159,0.0181060958741,0.154349631174,2.22507385851e-308
1144,3402,1302.14166734,66.3503820744,27.0250514413,-4.95916846554,10.147314159,0.0199158023375,0.151295499288,2.22507385851e-308
1144.5,3402,1293.62129677,78.5428508976,27.0027115723,-4.84796275497,10.147314159,0.0194415814115,0.147869638399,2.22507385851e-308
1145,3402,1291.63782626,93.2845894497,26.9840297344,-4.81605856999,10.147314159,0.0175178622422,0.146345686998,2.22507385851e-308
1145.5,3402,1296.63258738,107.295491353,26.9657580151,-4.8518741955,10.147314159,0.0140905887108,0.146455146219,2.22507385851e-308
1146,3402,1307.49422221,117.458064832,26.9416997953,-5.00717710395,10.147314159,0.00500352832997,0.149023360383,2.22507385851e-308
1146.5,3402,1321.80596574,121.511089341,26.9048281746,-5.38704927041,10.147314159,-0.0128964074799,0.15510895987,2.22507385851e-308
1147,3402,1336.38338754,118.552747806,26.8602157949,-5.91707414821,10.147314159,-0.038251820179,0.163681461845,2.22507385851e-308
1147.5,3402,1347.98294246,109.241285175,26.8226692231,-6.49108035856,10.147314159,-0.0674574957889,0.172726861993,2.22507385851e-308
1148,3402,1354.02367482,95.6485458147,26.8322710286,-6.79284797714,10.147314159,-0.0803556941081,0.177502849725,2.22507385851e-308
1148.5,3402,1353.16149317,80.798978361,26.9090644705,-6.50445085305,10.147314159,-0.0627815430921,0.173221532389,2.22507385851e-308
1149,3402,1345.58823698,67.9966816314,26.9987983451,-5.97395234211,10.147314159,-0.0276723411052,0.166483053014,2.22507385851e-308
1149.5,3402,1332.9889915,60.0902270482,27.0549823252,-5.44996688187,10.147314159,0.001778514989,0.159577108173,2.22507385851e-308
1150,3402,1318.16714829,58.838838058,27.0562066554,-5.1030347584,10.147314159,0.0182612767892,0.154428851379,2.22507385851e-308
1150.5,3402,1304.42063738,64.520954615,27.0282369891,-4.91864870919,10.147314159,0.0209585500463,0.150535936711,2.22507385851e-308
1151,3402,1294.8081223,75.8722789777,27.0022528169,-4.84168253787,10.147314159,0.0199817217408,0.147834329438,2.22507385851e-308
1151.5,3402,1291.46843303,90.367087921,26.9836273513,-4.80253485494,10.147314159,0.0175791939591,0.146067032512,2.22507385851e-308
1152,3402,1295.14466616,104.78021807,26.9653864209,-4.84192587431,10.147314159,0.0134889000597,0.146179843538,2.22507385851e-308
1152.5,3402,1305.0188425,115.904679967,26.9418945485,-4.99515293752,10.147314159,0.00540041061009,0.148769198668,2.22507385851e-308
1153,3402,1318.89391121,121.265228355,26.9078793527,-5.33102975255,10.147314159,-0.00979359051456,0.154261679267,2.22507385851e-308
1153.5,3402,1333.68260405,119.669115929,26.8639336612,-5.85269657721,10.147314159,-0.034143135991,0.162774723344,2.22507385851e-308
1154,3402,1346.09436709,111.471485232,26.8226246943,-6.45015036479,10.147314159,-0.0650577779292,0.17215318223,2.22507385851e-308
1154.5,3402,1353.36752449,98.4963477714,26.8217793713,-6.8122326954,10.147314159,-0.0825040899568,0.177635146176,2.22507385851e-308
1155,3402,1353.88376443,83.6307328463,26.8839589944,-6.65232116086,10.147314159,-0.0693938265242,0.175576037211,2.22507385851e-308
1155.5,3402,1347.52822107,70.1823099125,26.9772265536,-6.07450612705,10.147314159,-0.0344745417398,0.167620819647,2.22507385851e-308
1156,3402,1335.7150328,61.143416521,27.0433980591,-5.50680173037,10.147314159,-0.00271449616891,0.159922064954,2.22507385851e-308
1156.5,3402,1321.07268975,58.5252490959,27.0549546724,-5.12652396459,10.147314159,0.0164510316021,0.154568221892,2.22507385851e-308
1157,3402,1306.85918232,62.9103622416,27.0321679937,-4.89412287776,10.147314159,0.0216337547954,0.150117338884,2.22507385851e-308
1157.5,3402,1296.23708297,73.3230475947,27.0033665303,-4.83244989742,10.147314159,0.020838831078,0.147820221673,2.22507385851e-308
1158,3402,1291.56985893,87.446433538,26.9837759804,-4.79644240437,10.147314159,0.0177868962991,0.146074768737,2.22507385851e-308
1158.5,3402,1293.89598956,102.138000067,26.9652390984,-4.83589528632,10.147314159,0.0134607738475,0.146054168093,2.22507385851e-308
1159,3402,1302.69789982,114.128804315,26.942299773,-4.9878950598,10.147314159,0.00579262255775,0.148609233917,2.22507385851e-308
1159.5,3402,1316.01712316,120.750835765,26.9101225264,-5.28922455549,10.147314159,-0.00815006396738,0.153513756658,2.22507385851e-308
1160,3402,1330.89006953,120.530661179,26.8674864893,-5.79073804957,10.147314159,-0.0307387817655,0.161967212238,2.22507385851e-308
1160.5,3402,1344.00743821,113.51727044,26.823959121,-6.39013811231,10.147314159,-0.0613541537184,0.171359383968,2.22507385851e-308
1161,3402,1352.45055278,101.271176076,26.8121552148,-6.82247572386,10.147314159,-0.0819358494662,0.177998145458,2.22507385851e-308
1161.5,3402,1354.34078041,86.5171918587,26.8609478279,-6.77098934583,10.147314159,-0.0748219160984,0.177528172093,2.22507385851e-308
1162,3402,1349.25753654,72.5381488845,26.9551860221,-6.18378725796,10.147314159,-0.0416746953938,0.168989066351,2.22507385851e-308
1162.5,3402,1338.3318669,62.4444501667,27.0303897867,-5.57510181703,10.147314159,-0.00788921234437,0.160409475089,2.22507385851e-308
1163,3402,1323.99478455,58.481991291,27.0544655365,-5.13529832396,10.147314159,0.0148580082661,0.154375260774,2.22507385851e-308
1163.5,3402,1309.43635794,61.5324380518,27.0371297665,-4.87116616936,10.147314159,0.0224997258103,0.149589725102,2.22507385851e-308
1164,3402,1297.89590568,70.9170516531,27.0062280584,-4.81419362089,10.147314159,0.0218447406749,0.147564096822,2.22507385851e-308
1164.5,3402,1291.94123285,84.547711293,26.9846793561,-4.79065015889,10.147314159,0.0180333684952,0.145989551092,2.22507385851e-308
1165,3402,1292.89728224,99.3915308935,26.9647249034,-4.84141415557,10.147314159,0.012857659903,0.146128925224,2.22507385851e-308
1165.5,3402,1300.55132835,112.145690562,26.9425125872,-4.98474813147,10.147314159,0.00583478514505,0.148495816409,2.22507385851e-308
1166,3402,1313.20030982,119.972329599,26.9119415582,-5.25653601297,10.147314159,-0.00688919391469,0.152964636175,2.22507385851e-308
1166.5,3402,1328.02976858,121.129983894,26.8708400102,-5.73154408292,10.147314159,-0.0284190953661,0.160963905792,2.22507385851e-308
1167,3402,1341.74008011,115.361069905,26.8265951161,-6.31728070428,10.147314159,-0.0578004806924,0.170285205064,2.22507385851e-308
1167.5,3402,1351.2806354,103.949198211,26.8046224239,-6.82991686376,10.147314159,-0.0816967771791,0.178464381357,2.22507385851e-308
1168,3402,1354.52861589,89.4335641039,26.8426034489,-6.85875690294,10.147314159,-0.0802749994917,0.178891089712,2.22507385851e-308
1168.5,3402,1350.76133059,75.0439646562,26.9327890907,-6.29884387873,10.147314159,-0.0491620009053,0.170504845324,2.22507385851e-308
1169,3402,1340.81701826,63.9821536336,27.0162460785,-5.64954559392,10.147314159,-0.013345324311,0.161150783314,2.22507385851e-308
1169.5,3402,1326.90833531,58.709436177,27.0529314535,-5.15526568537,10.147314159,0.0123231078594,0.154297034515,2.22507385851e-308
1170,3402,1312.13002932,60.3990167966,27.042254318,-4.85571775896,10.147314159,0.0236299908325,0.149242480219,2.22507385851e-308
1170.5,3402,1299.77034308,68.6749558334,27.0108641327,-4.78516796048,10.147314159,0.0228531770376,0.147126253913,2.22507385851e-308
1171,3402,1292.57936511,81.6958178066,26.9865481035,-4.77324756806,10.147314159,0.0186520134986,0.145691043219,2.22507385851e-308
1171.5,3402,1292.15712192,96.5643994961,26.9649138192,-4.85135271396,10.147314159,0.0132339197025,0.146475798407,2.22507385851e-308
1172,3402,1298.59756461,109.972371328,26.9429336537,-4.98254007113,10.147314159,0.006144862725,0.14846837855,2.22507385851e-308
1172.5,3402,1310.46766431,118.936396311,26.9135455541,-5.23084844119,10.147314159,-0.00583254532452,0.152614022816,2.22507385851e-308
1173,3402,1325.12626783,121.461936596,26.8738214902,-5.6741703574,10.147314159,-0.0252834034301,0.159990849876,2.22507385851e-308
1173.5,3402,1339.31176672,116.987047555,26.8291749111,-6.24963958724,10.147314159,-0.0527311976637,0.169457745548,2.22507385851e-308
1174,3402,1349.86782056,106.50741311,26.7999371617,-6.80143149634,10.147314159,-0.0792589380859,0.178208245978,2.22507385851e-308
1174.5,3402,1354.44565757,92.3548013685,26.8256447558,-6.92458928431,10.147314159,-0.084072973505,0.179992198567,2.22507385851e-308
1175,3402,1352.02668741,77.6782352124,26.912149064,-6.38806459854,10.147314159,-0.0560433044214,0.171333452742,2.22507385851e-308
1175.5,3402,1343.14914235,65.7433198544,27.0002850323,-5.73600170619,10.147314159,-0.0193109953782,0.161990164284,2.22507385851e-308
1176,3402,1329.78831807,59.2056302692,27.0487019462,-5.1954716453,10.147314159,0.0100236605132,0.154740316523,2.22507385851e-308
1176.5,3402,1314.91706098,59.5198332339,27.0465915309,-4.856062076,10.147314159,0.0240236339741,0.149213467311,2.22507385851e-308
1177,3402,1301.84429596,66.6160171062,27.0156719872,-4.77111673943,10.147314159,0.0236285039489,0.147026888758,2.22507385851e-308
1177.5,3402,1293.4787749,78.9152474957,26.9889409775,-4.7628556764,10.147314159,0.0192465213748,0.145600831151,2.22507385851e-308
1178,3402,1291.68186571,93.680887614,26.966163843,-4.84047540695,10.147314159,0.0138459039655,0.14632248024,2.22507385851e-308
1178.5,3402,1296.85338914,107.627512872,26.9433164701,-4.98142358078,10.147314159,0.0067448658196,0.148496589003,2.22507385851e-308
1179,3402,1307.84265686,117.651933352,26.9151617239,-5.2074624932,10.147314159,-0.00473998540415,0.152307907014,2.22507385851e-308
1179.5,3402,1322.20450493,121.523668201,26.8762676585,-5.62423470962,10.147314159,-0.02290420811,0.15919959711,2.22507385851e-308
1180,3402,1336.74335441,118.381238151,26.8327428467,-6.16821102102,10.147314159,-0.0479294990571,0.168159450674,2.22507385851e-308
1180.5,3402,1348.22424269,108.923848712,26.7983969224,-6.73695836771,10.147314159,-0.0763303896884,0.177068872648,2.22507385851e-308
1181,3402,1354.09261797,95.255813654,26.8122453004,-6.95488852341,10.147314159,-0.0865375119369,0.180381985094,2.22507385851e-308
1181.5,3402,1353.04273906,80.4183352616,26.8910842597,-6.49358891857,10.147314159,-0.0635109872069,0.172623414262,2.22507385851e-308
1182,3402,1345.30820897,67.7128224789,26.9824782489,-5.83806546923,10.147314159,-0.0255386307759,0.163212950015,2.22507385851e-308
1182.5,3402,1332.60999714,59.9663118431,27.0421319175,-5.24632765154,10.147314159,0.0064332545534,0.155130122912,2.22507385851e-308
1183,3402,1317.7735156,58.9024385182,27.0491694832,-4.87659468044,10.147314159,0.0236443170819,0.149567823214,2.22507385851e-308
1183.5,3402,1304.0999515,64.757919338,27.0218457187,-4.74508152391,10.147314159,0.024527918316,0.146621392007,2.22507385851e-308
1184,3402,1294.63173737,76.2298821946,26.9912666511,-4.76238850452,10.147314159,0.0199482240052,0.145743348196,2.22507385851e-308
1184.5,3402,1291.4755955,90.7657612289,26.9674714305,-4.83375438829,10.147314159,0.0138804007754,0.146243212122,2.22507385851e-308
1185,3402,1295.33378237,105.131254777,26.9445732495,-4.96658610251,10.147314159,0.00687046934091,0.148216774595,2.22507385851e-308
1185.5,3402,1305.34783318,116.12997275,26.9169439354,-5.18341839002,10.147314159,-0.00336369557946,0.151976646224,2.22507385851e-308
1186,3402,1319.2895744,121.314648507,26.8800181594,-5.5580259988,10.147314159,-0.0193710985031,0.158226102038,2.22507385851e-308
1186.5,3402,1334.05690281,119.531667232,26.8365327702,-6.08829388092,10.147314159,-0.0431918876416,0.166987968847,2.22507385851e-308
1187,3402,1346.36401819,111.177750671,26.7986518973,-6.66447981209,10.147314159,-0.0729297766665,0.175981820728,2.22507385851e-308
1187.5,3402,1353.47252929,98.1116846708,26.8032171038,-6.93350816927,10.147314159,-0.0874028744192,0.179747984976,2.22507385851e-308
1188,3402,1353.80075885,83.2407305615,26.8695428216,-6.61613453268,10.147314159,-0.0697538935188,0.174502545916,2.22507385851e-308
1188.5,3402,1347.27567426,69.8737457918,26.9639758802,-5.93935122532,10.147314159,-0.0324543424934,0.164411327349,2.22507385851e-308
1189,3402,1335.34913762,60.9849475371,27.032954017,-5.31930230438,10.147314159,0.00134189332392,0.155843760939,2.22507385851e-308
1189.5,3402,1320.67485959,58.5521353453,27.0496760778,-4.91945267376,10.147314159,0.0215091400293,0.150166139266,2.22507385851e-308
1190,3402,1306.51793627,63.116621407,27.0272843121,-4.73744458541,10.147314159,0.0248989326092,0.146618752633,2.22507385851e-308
1190.5,3402,1296.0283499,73.6627860386,26.9941549255,-4.76229875675,10.147314159,0.0205260649276,0.145962323717,2.22507385851e-308
1191,3402,1291.54008292,87.8440578539,26.969029514,-4.82537123014,10.147314159,0.0144855965811,0.14624656954,2.22507385851e-308
1191.5,3402,1294.05179592,102.505036968,26.9460735377,-4.94730360395,10.147314159,0.0078223373995,0.147922356591,2.22507385851e-308
1192,3402,1303.0046209,114.38358636,26.9189678691,-5.15827632515,10.147314159,-0.00198119364255,0.151543147635,2.22507385851e-308
1192.5,3402,1316.40651206,120.836672747,26.883574076,-5.49738388587,10.147314159,-0.0168450725976,0.157127416199,2.22507385851e-308
1193,3402,1331.2754854,120.428453964,26.8405753311,-6.00687901811,10.147314159,-0.0390592198421,0.165839141198,2.22507385851e-308
1193.5,3402,1344.3031242,113.249760615,26.8005276125,-6.57723035119,10.147314159,-0.0683346888578,0.174651507636,2.22507385851e-308
1194,3402,1352.59071735,100.89788584,26.7952005011,-6.9124397359,10.147314159,-0.0861496207286,0.179488965682,2.22507385851e-308
1194.5,3402,1354.29423629,86.1211800501,26.8495097267,-6.71873579244,10.147314159,-0.0748692828753,0.176105592305,2.22507385851e-308
1195,3402,1349.03464001,72.2075299991,26.9443735192,-6.05272925409,10.147314159,-0.0397288966601,0.165906225282,2.22507385851e-308
1195.5,3402,1337.9822135,62.2527884663,27.0215191637,-5.40500864609,10.147314159,-0.00478547918888,0.156719980445,2.22507385851e-308
1196,3402,1323.5961738,58.4719324082,27.0492255883,-4.9583723977,10.147314159,0.0189824092635,0.150584733847,2.22507385851e-308
1196.5,3402,1309.07748262,61.7062201355,27.032795435,-4.7316425053,10.147314159,0.0254150565146,0.146524300044,2.22507385851e-308
1197,3402,1297.65661724,71.2360073697,26.9983466811,-4.75152313407,10.147314159,0.021833814299,0.145952888905,2.22507385851e-308
1197.5,3402,1291.87477409,84.9408714908,26.9712491251,-4.81506480712,10.147314159,0.0152308696557,0.146099128993,2.22507385851e-308
1198,3402,1293.01844055,99.7714155736,26.9472225464,-4.93593299576,10.147314159,0.00788976139647,0.147655745141,2.22507385851e-308
1198.5,3402,1300.83314544,112.427773591,26.920758487,-5.13548990958,10.147314159,-0.000891323009191,0.151130648687,2.22507385851e-308
1199,3402,1313.58008005,120.093846172,26.887023963,-5.44294631056,10.147314159,-0.0147765555695,0.156180270162,2.22507385851e-308
1199.5,3402,1328.42299129,121.063896,26.844713046,-5.9283076658,10.147314159,-0.0361254932799,0.164518195859,2.22507385851e-308
1200,3402,1342.05926138,115.122082412,26.8039019641,-6.47703766481,10.147314159,-0.0642611175719,0.17307889893,2.22507385851e-308
